CaseID,CaseName,TruthModel,Solver,StructuralMismatch,ObservationNoise,ProcessNoise,Scenario,ScenarioName,Model,ExoMode,ForecastArtifact,ResultSource,WindowDay,WindowDayIdx,WindowWIS,WindowRawScaleWIS,WindowRMSE,WindowMAE,MeanWISMedianComponent,MeanWISDispersionComponent,MeanWISUnderpredictionComponent,MeanWISOverpredictionComponent,MeanCoverage,MeanCalibrationBias,MeanAbsoluteCalibrationError,MeanIntervalWidth,IsValid,IntervalMethod,IntervalStatus,RecordedStatus,AICC
observation_noise,SIRS with observation noise,SIRS,uds,0,1,0,A1,Seasonal Forcing,AR,None,/home/kaahin/degree_project/hybrid-epidemic-forecasting/results/partB/forecasts/partB_observation_noise_forecast_A1_AR_None.mat,forecast_results,49,50,0.0599849138094735,0.0599849138094735,0.118371875972305,0.116237661691697,0.0129152957435219,0.0461713492155231,0,0.000898268850428535,0.946428571428571,0.158928571428571,0.2125,0.669530218139282,1,closed_loop_monte_carlo,ok,ok,-87.0817575919285
observation_noise,SIRS with observation noise,SIRS,uds,0,1,0,A1,Seasonal Forcing,AR,None,/home/kaahin/degree_project/hybrid-epidemic-forecasting/results/partB/forecasts/partB_observation_noise_forecast_A1_AR_None.mat,forecast_results,56,57,0.0539262723273975,0.0539262723273975,0.0378691499905533,0.029368155448328,0.00326312838314756,0.0506631439442499,0,0,1,0.2125,0.2125,0.721436281561112,1,closed_loop_monte_carlo,ok,ok,-99.1257326305276
observation_noise,SIRS with observation noise,SIRS,uds,0,1,0,A1,Seasonal Forcing,AR,None,/home/kaahin/degree_project/hybrid-epidemic-forecasting/results/partB/forecasts/partB_observation_noise_forecast_A1_AR_None.mat,forecast_results,63,64,0.0547042702911065,0.0547042702911065,0.0678288168962206,0.0634682404492091,0.00705202671657878,0.0476522435745277,0,0,1,0.2125,0.2125,0.707023443457574,1,closed_loop_monte_carlo,ok,ok,-113.452862917462
observation_noise,SIRS with observation noise,SIRS,uds,0,1,0,A1,Seasonal Forcing,AR,None,/home/kaahin/degree_project/hybrid-epidemic-forecasting/results/partB/forecasts/partB_observation_noise_forecast_A1_AR_None.mat,forecast_results,70,71,0.0512305274353744,0.0512305274353744,0.0538592640917823,0.0398131169635298,0.00442367966261442,0.0465964751184361,0.000210372654323831,0,0.982142857142857,0.194642857142857,0.2125,0.695249127190884,1,closed_loop_monte_carlo,ok,ok,-125.346178296969
observation_noise,SIRS with observation noise,SIRS,uds,0,1,0,A1,Seasonal Forcing,AR,None,/home/kaahin/degree_project/hybrid-epidemic-forecasting/results/partB/forecasts/partB_observation_noise_forecast_A1_AR_None.mat,forecast_results,77,78,0.059962171358778,0.059962171358778,0.136675725987874,0.131661351347591,0.0146290390386212,0.0442712222977128,0.00106191002244389,0,0.946428571428571,0.158928571428571,0.2125,0.634691364578111,1,closed_loop_monte_carlo,ok,ok,-138.936233062521
observation_noise,SIRS with observation noise,SIRS,uds,0,1,0,A1,Seasonal Forcing,AR,None,/home/kaahin/degree_project/hybrid-epidemic-forecasting/results/partB/forecasts/partB_observation_noise_forecast_A1_AR_None.mat,forecast_results,84,85,0.0529349230383302,0.0529349230383302,0.0936539189456276,0.0854910337003593,0.00949900374448437,0.0434359192938458,0,0,1,0.2125,0.2125,0.627380017411119,1,closed_loop_monte_carlo,ok,ok,-151.866131504979
observation_noise,SIRS with observation noise,SIRS,uds,0,1,0,A1,Seasonal Forcing,AR,None,/home/kaahin/degree_project/hybrid-epidemic-forecasting/results/partB/forecasts/partB_observation_noise_forecast_A1_AR_None.mat,forecast_results,91,92,0.0429087823547553,0.0429087823547553,0.0697955664020052,0.0552145609946688,0.00613495122162987,0.0364580797233743,0.000315751409751206,0,0.982142857142857,0.194642857142857,0.2125,0.529093187733857,1,closed_loop_monte_carlo,ok,ok,-167.582625702046
observation_noise,SIRS with observation noise,SIRS,uds,0,1,0,A1,Seasonal Forcing,AR,None,/home/kaahin/degree_project/hybrid-epidemic-forecasting/results/partB/forecasts/partB_observation_noise_forecast_A1_AR_None.mat,forecast_results,98,99,0.0428924807587646,0.0428924807587646,0.0662375947466948,0.0576924387665916,0.00641027097406573,0.0364822097846989,0,0,1,0.2125,0.2125,0.507569453791403,1,closed_loop_monte_carlo,ok,ok,-182.820314042569
observation_noise,SIRS with observation noise,SIRS,uds,0,1,0,A1,Seasonal Forcing,AR,None,/home/kaahin/degree_project/hybrid-epidemic-forecasting/results/partB/forecasts/partB_observation_noise_forecast_A1_AR_None.mat,forecast_results,105,106,0.034809226671891,0.034809226671891,0.0482549520734833,0.039634941532878,0.00440388239254201,0.030405344279349,0,0,1,0.2125,0.2125,0.455542288776209,1,closed_loop_monte_carlo,ok,ok,-201.353092083419
observation_noise,SIRS with observation noise,SIRS,uds,0,1,0,A1,Seasonal Forcing,AR,None,/home/kaahin/degree_project/hybrid-epidemic-forecasting/results/partB/forecasts/partB_observation_noise_forecast_A1_AR_None.mat,forecast_results,112,113,0.0374708549319923,0.0374708549319923,0.0719725900895672,0.0600994473649135,0.00667771637387928,0.030793138558113,0,0,1,0.2125,0.2125,0.451209831981731,1,closed_loop_monte_carlo,ok,ok,-219.885061894323
observation_noise,SIRS with observation noise,SIRS,uds,0,1,0,A1,Seasonal Forcing,AR,None,/home/kaahin/degree_project/hybrid-epidemic-forecasting/results/partB/forecasts/partB_observation_noise_forecast_A1_AR_None.mat,forecast_results,119,120,0.0338615324452136,0.0338615324452136,0.0446291157796757,0.0411428383381195,0.00457142648201328,0.0292901059632003,0,0,1,0.2125,0.2125,0.423453119428791,1,closed_loop_monte_carlo,ok,ok,-229.406241824007
observation_noise,SIRS with observation noise,SIRS,uds,0,1,0,A1,Seasonal Forcing,AR,None,/home/kaahin/degree_project/hybrid-epidemic-forecasting/results/partB/forecasts/partB_observation_noise_forecast_A1_AR_None.mat,forecast_results,126,127,0.0327781375101118,0.0327781375101118,0.0363952652861902,0.0306314551953702,0.0034034950217078,0.0290687405071887,0,0.000305901981215335,0.964285714285714,0.176785714285714,0.2125,0.411524213719038,1,closed_loop_monte_carlo,ok,ok,-244.533986810514
observation_noise,SIRS with observation noise,SIRS,uds,0,1,0,A1,Seasonal Forcing,AR,None,/home/kaahin/degree_project/hybrid-epidemic-forecasting/results/partB/forecasts/partB_observation_noise_forecast_A1_AR_None.mat,forecast_results,133,134,0.0281873744353724,0.0281873744353724,0.0351973175666039,0.0316768575520749,0.00351965083911943,0.024667723596253,0,0,1,0.2125,0.2125,0.37255640831499,1,closed_loop_monte_carlo,ok,ok,-256.691012909049
observation_noise,SIRS with observation noise,SIRS,uds,0,1,0,A1,Seasonal Forcing,AR,None,/home/kaahin/degree_project/hybrid-epidemic-forecasting/results/partB/forecasts/partB_observation_noise_forecast_A1_AR_None.mat,forecast_results,140,141,0.0314064438925085,0.0314064438925085,0.0476805908644556,0.0422194342953188,0.00469104825503543,0.0264481941223321,0,0.000267201515141007,0.964285714285714,0.176785714285714,0.2125,0.385784609939003,1,closed_loop_monte_carlo,ok,ok,-264.015502964828
observation_noise,SIRS with observation noise,SIRS,uds,0,1,0,A1,Seasonal Forcing,AR,None,/home/kaahin/degree_project/hybrid-epidemic-forecasting/results/partB/forecasts/partB_observation_noise_forecast_A1_AR_None.mat,forecast_results,147,148,0.0320857007124231,0.0320857007124231,0.0629657148756134,0.054858081197549,0.00609534235528322,0.0259903583571399,0,0,1,0.2125,0.2125,0.375451499901873,1,closed_loop_monte_carlo,ok,ok,-281.020141705252
observation_noise,SIRS with observation noise,SIRS,uds,0,1,0,A1,Seasonal Forcing,AR,None,/home/kaahin/degree_project/hybrid-epidemic-forecasting/results/partB/forecasts/partB_observation_noise_forecast_A1_AR_None.mat,forecast_results,154,155,0.0380290764427606,0.0380290764427606,0.0912046236630882,0.0850659080685177,0.00945176756316864,0.028577308879592,0,0,1,0.2125,0.2125,0.421377833590437,1,closed_loop_monte_carlo,ok,ok,-290.354525848588
observation_noise,SIRS with observation noise,SIRS,uds,0,1,0,A1,Seasonal Forcing,AR,None,/home/kaahin/degree_project/hybrid-epidemic-forecasting/results/partB/forecasts/partB_observation_noise_forecast_A1_AR_None.mat,forecast_results,161,162,0.0425768403367431,0.0425768403367431,0.0530596089264128,0.0440879937596248,0.00489866597329164,0.0372925264956307,0.000385647867820737,0,0.964285714285714,0.176785714285714,0.2125,0.558923201844918,1,closed_loop_monte_carlo,ok,ok,-305.910077920025
observation_noise,SIRS with observation noise,SIRS,uds,0,1,0,A1,Seasonal Forcing,AR,None,/home/kaahin/degree_project/hybrid-epidemic-forecasting/results/partB/forecasts/partB_observation_noise_forecast_A1_AR_None.mat,forecast_results,168,169,0.0448664015394429,0.0448664015394429,0.115370912426696,0.108350694947254,0.0120389661052504,0.0316139109347793,0,0.00121352449941319,0.910714285714286,0.123214285714286,0.2125,0.453035953251699,1,closed_loop_monte_carlo,ok,ok,-313.634474766005
observation_noise,SIRS with observation noise,SIRS,uds,0,1,0,A1,Seasonal Forcing,AR,None,/home/kaahin/degree_project/hybrid-epidemic-forecasting/results/partB/forecasts/partB_observation_noise_forecast_A1_AR_None.mat,forecast_results,175,176,0.0405407558841183,0.0405407558841183,0.0838308109914034,0.0709779949138305,0.0078864438793145,0.0326543120048038,0,0,1,0.2125,0.2125,0.481228338491132,1,closed_loop_monte_carlo,ok,ok,-323.304665098442
observation_noise,SIRS with observation noise,SIRS,uds,0,1,0,A1,Seasonal Forcing,AR,None,/home/kaahin/degree_project/hybrid-epidemic-forecasting/results/partB/forecasts/partB_observation_noise_forecast_A1_AR_None.mat,forecast_results,182,183,0.0503654591518512,0.0503654591518512,0.107472527955184,0.089219898070088,0.00991332200778756,0.039026177469373,0,0.00142595967469065,0.964285714285714,0.176785714285714,0.2125,0.5678686444195,1,closed_loop_monte_carlo,ok,ok,-334.561684067849
observation_noise,SIRS with observation noise,SIRS,uds,0,1,0,A1,Seasonal Forcing,AR,None,/home/kaahin/degree_project/hybrid-epidemic-forecasting/results/partB/forecasts/partB_observation_noise_forecast_A1_AR_None.mat,forecast_results,189,190,0.0781621083426429,0.0781621083426429,0.224147945954225,0.21535935088776,0.0239288167653067,0.0364335375666734,0,0.0177997540106629,0.732142857142857,-0.0553571428571429,0.223214285714286,0.530894216490379,1,closed_loop_monte_carlo,ok,ok,-346.742590834593
observation_noise,SIRS with observation noise,SIRS,uds,0,1,0,A1,Seasonal Forcing,AR,None,/home/kaahin/degree_project/hybrid-epidemic-forecasting/results/partB/forecasts/partB_observation_noise_forecast_A1_AR_None.mat,forecast_results,196,197,0.0617072486811184,0.0617072486811184,0.170461261530238,0.160778608559204,0.0178642898399115,0.0382386323302188,0,0.00560432651098806,0.803571428571429,0.0160714285714286,0.2125,0.547226844921582,1,closed_loop_monte_carlo,ok,ok,-357.957766352271
observation_noise,SIRS with observation noise,SIRS,uds,0,1,0,A1,Seasonal Forcing,AR,None,/home/kaahin/degree_project/hybrid-epidemic-forecasting/results/partB/forecasts/partB_observation_noise_forecast_A1_AR_None.mat,forecast_results,203,204,0.0738473965238269,0.0738473965238269,0.226837676114048,0.216342727653113,0.0240380808503459,0.0388249476485012,0,0.0109843680249798,0.75,-0.0375,0.2125,0.535575977752971,1,closed_loop_monte_carlo,ok,ok,-374.04532470739
observation_noise,SIRS with observation noise,SIRS,uds,0,1,0,A1,Seasonal Forcing,AR,None,/home/kaahin/degree_project/hybrid-epidemic-forecasting/results/partB/forecasts/partB_observation_noise_forecast_A1_AR_None.mat,forecast_results,210,211,0.0727520625312385,0.0727520625312385,0.21101150690287,0.203998251692049,0.0226664724102277,0.0414395811402407,0,0.00864600898077008,0.785714285714286,-0.00178571428571429,0.2125,0.591168752513718,1,closed_loop_monte_carlo,ok,ok,-389.189516448914
observation_noise,SIRS with observation noise,SIRS,uds,0,1,0,A1,Seasonal Forcing,AR,None,/home/kaahin/degree_project/hybrid-epidemic-forecasting/results/partB/forecasts/partB_observation_noise_forecast_A1_AR_None.mat,forecast_results,217,218,0.0633740817405477,0.0633740817405477,0.167158254501514,0.162048544726053,0.0180053938584504,0.0342441684257074,0,0.0111245194563899,0.767857142857143,-0.0196428571428571,0.2125,0.511213932014252,1,closed_loop_monte_carlo,ok,ok,-392.656604458973
observation_noise,SIRS with observation noise,SIRS,uds,0,1,0,A1,Seasonal Forcing,AR,None,/home/kaahin/degree_project/hybrid-epidemic-forecasting/results/partB/forecasts/partB_observation_noise_forecast_A1_AR_None.mat,forecast_results,224,225,0.0623109178282854,0.0623109178282854,0.16096950036097,0.151924236003177,0.0168804706670197,0.0440196857275799,0,0.00141076143368589,0.910714285714286,0.123214285714286,0.2125,0.620596513279695,1,closed_loop_monte_carlo,ok,ok,-406.205671675109
observation_noise,SIRS with observation noise,SIRS,uds,0,1,0,A1,Seasonal Forcing,AR,None,/home/kaahin/degree_project/hybrid-epidemic-forecasting/results/partB/forecasts/partB_observation_noise_forecast_A1_AR_None.mat,forecast_results,231,232,0.0540819631561008,0.0540819631561008,0.0562000345011755,0.0402747897179216,0.00447497663532462,0.0496069865207762,0,0,1,0.2125,0.2125,0.740076219709128,1,closed_loop_monte_carlo,ok,ok,-417.325968432852
observation_noise,SIRS with observation noise,SIRS,uds,0,1,0,A1,Seasonal Forcing,AR,None,/home/kaahin/degree_project/hybrid-epidemic-forecasting/results/partB/forecasts/partB_observation_noise_forecast_A1_AR_None.mat,forecast_results,238,239,0.0484816001812731,0.0484816001812731,0.0267040655218706,0.0208434022007323,0.00231593357785914,0.0461656666034139,0,0,1,0.2125,0.2125,0.697641336882299,1,closed_loop_monte_carlo,ok,ok,-435.147239266084
observation_noise,SIRS with observation noise,SIRS,uds,0,1,0,A1,Seasonal Forcing,AR,None,/home/kaahin/degree_project/hybrid-epidemic-forecasting/results/partB/forecasts/partB_observation_noise_forecast_A1_AR_None.mat,forecast_results,245,246,0.0547513301736318,0.0547513301736318,0.0877757053797261,0.0838262210968783,0.00931402456631981,0.0454285473702857,0,8.75823702633091e-06,0.982142857142857,0.194642857142857,0.2125,0.663785426357318,1,closed_loop_monte_carlo,ok,ok,-449.8664413366
observation_noise,SIRS with observation noise,SIRS,uds,0,1,0,A1,Seasonal Forcing,AR,None,/home/kaahin/degree_project/hybrid-epidemic-forecasting/results/partB/forecasts/partB_observation_noise_forecast_A1_AR_None.mat,forecast_results,252,253,0.0431038361446313,0.0431038361446313,0.0509681793501015,0.0450379159575223,0.00500421288416914,0.0380996232604622,0,0,1,0.2125,0.2125,0.538648668250095,1,closed_loop_monte_carlo,ok,ok,-461.899710451969
observation_noise,SIRS with observation noise,SIRS,uds,0,1,0,A1,Seasonal Forcing,AR,None,/home/kaahin/degree_project/hybrid-epidemic-forecasting/results/partB/forecasts/partB_observation_noise_forecast_A1_AR_None.mat,forecast_results,259,260,0.0537972581743368,0.0537972581743368,0.100429606478433,0.0951562062665899,0.0105729118073989,0.0432243463669379,0,0,1,0.2125,0.2125,0.632993128885813,1,closed_loop_monte_carlo,ok,ok,-474.532547515421
observation_noise,SIRS with observation noise,SIRS,uds,0,1,0,A1,Seasonal Forcing,AR,None,/home/kaahin/degree_project/hybrid-epidemic-forecasting/results/partB/forecasts/partB_observation_noise_forecast_A1_AR_None.mat,forecast_results,266,267,0.0419752720203462,0.0419752720203462,0.0322388236022878,0.0266798119333635,0.0029644235481515,0.0390108484721947,0,0,1,0.2125,0.2125,0.570829106480914,1,closed_loop_monte_carlo,ok,ok,-484.649212840625
observation_noise,SIRS with observation noise,SIRS,uds,0,1,0,A1,Seasonal Forcing,AR,None,/home/kaahin/degree_project/hybrid-epidemic-forecasting/results/partB/forecasts/partB_observation_noise_forecast_A1_AR_None.mat,forecast_results,273,274,0.0515065362429293,0.0515065362429293,0.0950911484140532,0.0923161693874717,0.0102573521541635,0.0412491840887658,0,0,1,0.2125,0.2125,0.611622509032152,1,closed_loop_monte_carlo,ok,ok,-497.152209130851
observation_noise,SIRS with observation noise,SIRS,uds,0,1,0,A1,Seasonal Forcing,AR,None,/home/kaahin/degree_project/hybrid-epidemic-forecasting/results/partB/forecasts/partB_observation_noise_forecast_A1_AR_None.mat,forecast_results,280,281,0.0406595748721958,0.0406595748721958,0.0564432130094399,0.050849220357886,0.00564991337309844,0.0350096614990974,0,0,1,0.2125,0.2125,0.513501044026417,1,closed_loop_monte_carlo,ok,ok,-512.601827919253
observation_noise,SIRS with observation noise,SIRS,uds,0,1,0,A1,Seasonal Forcing,AR,None,/home/kaahin/degree_project/hybrid-epidemic-forecasting/results/partB/forecasts/partB_observation_noise_forecast_A1_AR_None.mat,forecast_results,287,288,0.06123188428189,0.06123188428189,0.156464993129682,0.154947216881144,0.0172163574312382,0.0380743017780233,0.00594122507262847,0,0.785714285714286,-0.00178571428571429,0.2125,0.550900927242785,1,closed_loop_monte_carlo,ok,ok,-524.801730554343
observation_noise,SIRS with observation noise,SIRS,uds,0,1,0,A1,Seasonal Forcing,AR,None,/home/kaahin/degree_project/hybrid-epidemic-forecasting/results/partB/forecasts/partB_observation_noise_forecast_A1_AR_None.mat,forecast_results,294,295,0.0367533897262865,0.0367533897262865,0.0462010702940354,0.0391815633695771,0.00435350704106413,0.032381175556502,0,1.87071287203894e-05,0.982142857142857,0.194642857142857,0.2125,0.471498373989809,1,closed_loop_monte_carlo,ok,ok,-541.165657264061
observation_noise,SIRS with observation noise,SIRS,uds,0,1,0,A1,Seasonal Forcing,AR,None,/home/kaahin/degree_project/hybrid-epidemic-forecasting/results/partB/forecasts/partB_observation_noise_forecast_A1_AR_None.mat,forecast_results,301,302,0.0397571635265558,0.0397571635265558,0.0551807750160156,0.0450712878817857,0.00500792087575397,0.0347492426508019,0,0,1,0.2125,0.2125,0.509402402179122,1,closed_loop_monte_carlo,ok,ok,-543.389766866841
observation_noise,SIRS with observation noise,SIRS,uds,0,1,0,A1,Seasonal Forcing,AR,None,/home/kaahin/degree_project/hybrid-epidemic-forecasting/results/partB/forecasts/partB_observation_noise_forecast_A1_AR_None.mat,forecast_results,308,309,0.0740093098799538,0.0740093098799538,0.194420741627106,0.19328316707287,0.0214759074525411,0.0378825721632749,0.0146508302641378,0,0.660714285714286,-0.126785714285714,0.269642857142857,0.552361490851497,1,closed_loop_monte_carlo,ok,ok,-546.680963616993
observation_noise,SIRS with observation noise,SIRS,uds,0,1,0,A1,Seasonal Forcing,AR,None,/home/kaahin/degree_project/hybrid-epidemic-forecasting/results/partB/forecasts/partB_observation_noise_forecast_A1_AR_None.mat,forecast_results,315,316,0.0353734716509537,0.0353734716509537,0.0337329319338785,0.0290331800355611,0.00322590889284012,0.0321475627581136,0,0,1,0.2125,0.2125,0.471183492893175,1,closed_loop_monte_carlo,ok,ok,-558.09560841028
observation_noise,SIRS with observation noise,SIRS,uds,0,1,0,A1,Seasonal Forcing,AR,None,/home/kaahin/degree_project/hybrid-epidemic-forecasting/results/partB/forecasts/partB_observation_noise_forecast_A1_AR_None.mat,forecast_results,322,323,0.0339945903744539,0.0339945903744539,0.0297982495343767,0.0241048533282231,0.00267831703646924,0.0313162733379846,0,0,1,0.2125,0.2125,0.452059465075587,1,closed_loop_monte_carlo,ok,ok,-575.106228427798
observation_noise,SIRS with observation noise,SIRS,uds,0,1,0,A1,Seasonal Forcing,AR,None,/home/kaahin/degree_project/hybrid-epidemic-forecasting/results/partB/forecasts/partB_observation_noise_forecast_A1_AR_None.mat,forecast_results,329,330,0.0345625235886715,0.0345625235886715,0.0283395811266696,0.0239904742698571,0.00266560825220634,0.0318969153364651,0,0,1,0.2125,0.2125,0.453342653597993,1,closed_loop_monte_carlo,ok,ok,-589.592946606973
observation_noise,SIRS with observation noise,SIRS,uds,0,1,0,A1,Seasonal Forcing,AR,None,/home/kaahin/degree_project/hybrid-epidemic-forecasting/results/partB/forecasts/partB_observation_noise_forecast_A1_AR_None.mat,forecast_results,336,337,0.0453935083691239,0.0453935083691239,0.0932085262408781,0.0814941016750733,0.00905490018611926,0.0311876084255939,0.0051509997574107,0,0.857142857142857,0.0696428571428571,0.233928571428571,0.463747724456341,1,closed_loop_monte_carlo,ok,ok,-598.325357149742
observation_noise,SIRS with observation noise,SIRS,uds,0,1,0,A1,Seasonal Forcing,AR,None,/home/kaahin/degree_project/hybrid-epidemic-forecasting/results/partB/forecasts/partB_observation_noise_forecast_A1_AR_None.mat,forecast_results,343,344,0.0410359787157372,0.0410359787157372,0.0491707713821416,0.0422106706959219,0.0046900745217691,0.0363459041939681,0,0,1,0.2125,0.2125,0.517073712958743,1,closed_loop_monte_carlo,ok,ok,-614.294749686568
observation_noise,SIRS with observation noise,SIRS,uds,0,1,0,A1,Seasonal Forcing,AR,None,/home/kaahin/degree_project/hybrid-epidemic-forecasting/results/partB/forecasts/partB_observation_noise_forecast_A1_AR_None.mat,forecast_results,350,351,0.045203335409051,0.045203335409051,0.0982876869901827,0.0824013673645692,0.00915570748495214,0.035527781871345,0,0.000519846052753764,0.964285714285714,0.176785714285714,0.2125,0.531803966991025,1,closed_loop_monte_carlo,ok,ok,-626.742383707381
observation_noise,SIRS with observation noise,SIRS,uds,0,1,0,A1,Seasonal Forcing,ARX,I,/home/kaahin/degree_project/hybrid-epidemic-forecasting/results/partB/forecasts/partB_observation_noise_forecast_A1_ARX_I.mat,forecast_results,49,50,0.0586994188882144,0.0586994188882144,0.0809659926087567,0.0744124118901759,0.0082680457655751,0.0504313731226393,0,0,1,0.2125,0.2125,0.747354886813093,1,closed_loop_monte_carlo,ok,ok,-80.1684349518736
observation_noise,SIRS with observation noise,SIRS,uds,0,1,0,A1,Seasonal Forcing,ARX,I,/home/kaahin/degree_project/hybrid-epidemic-forecasting/results/partB/forecasts/partB_observation_noise_forecast_A1_ARX_I.mat,forecast_results,56,57,0.115428267240425,0.115428267240425,0.372504671526488,0.293928160276021,0.0326586844751134,0.0662886029329126,0.0164809798323992,0,0.857142857142857,0.0696428571428571,0.223214285714286,1.00074783748531,1,closed_loop_monte_carlo,ok,ok,-92.4812307143597
observation_noise,SIRS with observation noise,SIRS,uds,0,1,0,A1,Seasonal Forcing,ARX,I,/home/kaahin/degree_project/hybrid-epidemic-forecasting/results/partB/forecasts/partB_observation_noise_forecast_A1_ARX_I.mat,forecast_results,63,64,0.108884373043229,0.108884373043229,0.296104527749404,0.264546878291806,0.0293940975879784,0.0625504585662648,0.0169398168889854,0,0.803571428571429,0.0160714285714286,0.223214285714286,0.936578499926843,1,closed_loop_monte_carlo,ok,ok,-107.042281609016
observation_noise,SIRS with observation noise,SIRS,uds,0,1,0,A1,Seasonal Forcing,ARX,I,/home/kaahin/degree_project/hybrid-epidemic-forecasting/results/partB/forecasts/partB_observation_noise_forecast_A1_ARX_I.mat,forecast_results,70,71,0.0859408488200684,0.0859408488200684,0.219778106163314,0.216429942925262,0.0240477714361402,0.0485360156589717,0.0133570617249564,0,0.732142857142857,-0.0553571428571429,0.223214285714286,0.711080022270714,1,closed_loop_monte_carlo,ok,ok,-118.894064508614
observation_noise,SIRS with observation noise,SIRS,uds,0,1,0,A1,Seasonal Forcing,ARX,I,/home/kaahin/degree_project/hybrid-epidemic-forecasting/results/partB/forecasts/partB_observation_noise_forecast_A1_ARX_I.mat,forecast_results,77,78,0.070354738128942,0.070354738128942,0.155235403632219,0.154602453057645,0.0171780503397383,0.0505042232286071,0.00267246456059651,0,0.875,0.0875,0.2125,0.720404130283243,1,closed_loop_monte_carlo,ok,ok,-132.474240452564
observation_noise,SIRS with observation noise,SIRS,uds,0,1,0,A1,Seasonal Forcing,ARX,I,/home/kaahin/degree_project/hybrid-epidemic-forecasting/results/partB/forecasts/partB_observation_noise_forecast_A1_ARX_I.mat,forecast_results,84,85,0.0487187082308777,0.0487187082308777,0.0549606506442907,0.0489863250855476,0.00544292500950528,0.0432757832213725,0,0,1,0.2125,0.2125,0.635739419575611,1,closed_loop_monte_carlo,ok,ok,-145.339868457865
observation_noise,SIRS with observation noise,SIRS,uds,0,1,0,A1,Seasonal Forcing,ARX,I,/home/kaahin/degree_project/hybrid-epidemic-forecasting/results/partB/forecasts/partB_observation_noise_forecast_A1_ARX_I.mat,forecast_results,91,92,0.0407011918770391,0.0407011918770391,0.0389768359718484,0.0342286389534215,0.00380318210593572,0.0368980097711034,0,0,1,0.2125,0.2125,0.532409769845214,1,closed_loop_monte_carlo,ok,ok,-161.122743563428
observation_noise,SIRS with observation noise,SIRS,uds,0,1,0,A1,Seasonal Forcing,ARX,I,/home/kaahin/degree_project/hybrid-epidemic-forecasting/results/partB/forecasts/partB_observation_noise_forecast_A1_ARX_I.mat,forecast_results,98,99,0.0474123833238448,0.0474123833238448,0.090579591792471,0.0789410069963632,0.00877122299959591,0.0386411603242489,0,0,1,0.2125,0.2125,0.553764459837709,1,closed_loop_monte_carlo,ok,ok,-176.455560130505
observation_noise,SIRS with observation noise,SIRS,uds,0,1,0,A1,Seasonal Forcing,ARX,I,/home/kaahin/degree_project/hybrid-epidemic-forecasting/results/partB/forecasts/partB_observation_noise_forecast_A1_ARX_I.mat,forecast_results,105,106,0.0345796043076262,0.0345796043076262,0.0329435614561321,0.0295127407809408,0.00327919342010453,0.0313004108875217,0,0,1,0.2125,0.2125,0.453572447229055,1,closed_loop_monte_carlo,ok,ok,-194.949272638649
observation_noise,SIRS with observation noise,SIRS,uds,0,1,0,A1,Seasonal Forcing,ARX,I,/home/kaahin/degree_project/hybrid-epidemic-forecasting/results/partB/forecasts/partB_observation_noise_forecast_A1_ARX_I.mat,forecast_results,112,113,0.0328436183916733,0.0328436183916733,0.0330217533151777,0.0275981188273183,0.00306645764747981,0.0297771607441935,0,0,1,0.2125,0.2125,0.443324081852502,1,closed_loop_monte_carlo,ok,ok,-213.498344857895
observation_noise,SIRS with observation noise,SIRS,uds,0,1,0,A1,Seasonal Forcing,ARX,I,/home/kaahin/degree_project/hybrid-epidemic-forecasting/results/partB/forecasts/partB_observation_noise_forecast_A1_ARX_I.mat,forecast_results,119,120,0.0344804792283322,0.0344804792283322,0.0603032711124895,0.0519679683308624,0.00577421870342916,0.0280334187005748,0,0.000672841824328278,0.946428571428571,0.158928571428571,0.2125,0.409403792998042,1,closed_loop_monte_carlo,ok,ok,-223.004014948147
observation_noise,SIRS with observation noise,SIRS,uds,0,1,0,A1,Seasonal Forcing,ARX,I,/home/kaahin/degree_project/hybrid-epidemic-forecasting/results/partB/forecasts/partB_observation_noise_forecast_A1_ARX_I.mat,forecast_results,126,127,0.0258284412087672,0.0258284412087672,0.0315645205301417,0.0253419032091871,0.00281576702324301,0.0225198968152435,0,0.000492777370280682,0.964285714285714,0.176785714285714,0.2125,0.328330194962574,1,closed_loop_monte_carlo,ok,ok,-238.139115993424
observation_noise,SIRS with observation noise,SIRS,uds,0,1,0,A1,Seasonal Forcing,ARX,I,/home/kaahin/degree_project/hybrid-epidemic-forecasting/results/partB/forecasts/partB_observation_noise_forecast_A1_ARX_I.mat,forecast_results,133,134,0.0335785674847073,0.0335785674847073,0.0255454347528087,0.0209694408727802,0.00232993787475335,0.0312486296099539,0,0,1,0.2125,0.2125,0.437677909708873,1,closed_loop_monte_carlo,ok,ok,-250.321275414597
observation_noise,SIRS with observation noise,SIRS,uds,0,1,0,A1,Seasonal Forcing,ARX,I,/home/kaahin/degree_project/hybrid-epidemic-forecasting/results/partB/forecasts/partB_observation_noise_forecast_A1_ARX_I.mat,forecast_results,140,141,0.0324867668899546,0.0324867668899546,0.0534937193131892,0.0509971771214252,0.00566635301349169,0.0266586555830993,0,0.000161758293363607,0.982142857142857,0.194642857142857,0.2125,0.391929837223499,1,closed_loop_monte_carlo,ok,ok,-257.682186758697
observation_noise,SIRS with observation noise,SIRS,uds,0,1,0,A1,Seasonal Forcing,ARX,I,/home/kaahin/degree_project/hybrid-epidemic-forecasting/results/partB/forecasts/partB_observation_noise_forecast_A1_ARX_I.mat,forecast_results,147,148,0.0356395881460868,0.0356395881460868,0.0769069495257345,0.071944426521496,0.00799382516905512,0.0274921268612648,0,0.000153636115766808,0.982142857142857,0.194642857142857,0.2125,0.396176108074202,1,closed_loop_monte_carlo,ok,ok,-274.716580396544
observation_noise,SIRS with observation noise,SIRS,uds,0,1,0,A1,Seasonal Forcing,ARX,I,/home/kaahin/degree_project/hybrid-epidemic-forecasting/results/partB/forecasts/partB_observation_noise_forecast_A1_ARX_I.mat,forecast_results,154,155,0.0440463671268414,0.0440463671268414,0.121918403319997,0.11328973015293,0.01258774779477,0.0272934756691305,0,0.00416514366294092,0.839285714285714,0.0517857142857143,0.2125,0.404309980300031,1,closed_loop_monte_carlo,ok,ok,-284.14287284418
observation_noise,SIRS with observation noise,SIRS,uds,0,1,0,A1,Seasonal Forcing,ARX,I,/home/kaahin/degree_project/hybrid-epidemic-forecasting/results/partB/forecasts/partB_observation_noise_forecast_A1_ARX_I.mat,forecast_results,161,162,0.0417494990698027,0.0417494990698027,0.0497718397604014,0.0402553684139233,0.00447281871265814,0.037113529956614,0.000163150400530532,0,0.982142857142857,0.194642857142857,0.2125,0.532162188400604,1,closed_loop_monte_carlo,ok,ok,-299.937027761817
observation_noise,SIRS with observation noise,SIRS,uds,0,1,0,A1,Seasonal Forcing,ARX,I,/home/kaahin/degree_project/hybrid-epidemic-forecasting/results/partB/forecasts/partB_observation_noise_forecast_A1_ARX_I.mat,forecast_results,168,169,0.0388722804718283,0.0388722804718283,0.072470288747389,0.0646852615393109,0.00718725128214565,0.0316850291896827,0,0,1,0.2125,0.2125,0.452830543757673,1,closed_loop_monte_carlo,ok,ok,-307.701702209191
observation_noise,SIRS with observation noise,SIRS,uds,0,1,0,A1,Seasonal Forcing,ARX,I,/home/kaahin/degree_project/hybrid-epidemic-forecasting/results/partB/forecasts/partB_observation_noise_forecast_A1_ARX_I.mat,forecast_results,175,176,0.043220108819872,0.043220108819872,0.0725456628243144,0.0621096212064589,0.00690106902293987,0.0363190397969321,0,0,1,0.2125,0.2125,0.520172753555929,1,closed_loop_monte_carlo,ok,ok,-317.522704030655
observation_noise,SIRS with observation noise,SIRS,uds,0,1,0,A1,Seasonal Forcing,ARX,I,/home/kaahin/degree_project/hybrid-epidemic-forecasting/results/partB/forecasts/partB_observation_noise_forecast_A1_ARX_I.mat,forecast_results,182,183,0.0475118252641966,0.0475118252641966,0.0782564449990302,0.0662279687547588,0.0073586631949732,0.0401531620692234,0,0,1,0.2125,0.2125,0.570358996761183,1,closed_loop_monte_carlo,ok,ok,-328.95518087917
observation_noise,SIRS with observation noise,SIRS,uds,0,1,0,A1,Seasonal Forcing,ARX,I,/home/kaahin/degree_project/hybrid-epidemic-forecasting/results/partB/forecasts/partB_observation_noise_forecast_A1_ARX_I.mat,forecast_results,189,190,0.0870048030971782,0.0870048030971782,0.240094965044977,0.235882391916543,0.0262091546573937,0.0329810107447157,0,0.0278146376950688,0.642857142857143,-0.144642857142857,0.285714285714286,0.494592476052082,1,closed_loop_monte_carlo,ok,ok,-341.25011847838
observation_noise,SIRS with observation noise,SIRS,uds,0,1,0,A1,Seasonal Forcing,ARX,I,/home/kaahin/degree_project/hybrid-epidemic-forecasting/results/partB/forecasts/partB_observation_noise_forecast_A1_ARX_I.mat,forecast_results,196,197,0.0645508223983515,0.0645508223983515,0.186191329798313,0.174750032068704,0.019416670229856,0.0397450711540796,0,0.00538908101441589,0.857142857142857,0.0696428571428571,0.2125,0.588993061743827,1,closed_loop_monte_carlo,ok,ok,-352.627634492198
observation_noise,SIRS with observation noise,SIRS,uds,0,1,0,A1,Seasonal Forcing,ARX,I,/home/kaahin/degree_project/hybrid-epidemic-forecasting/results/partB/forecasts/partB_observation_noise_forecast_A1_ARX_I.mat,forecast_results,203,204,0.0646449849035005,0.0646449849035005,0.176151395746349,0.172603401405297,0.0191781557116997,0.0359721173024957,0,0.00949471188930513,0.785714285714286,-0.00178571428571429,0.2125,0.533720849824116,1,closed_loop_monte_carlo,ok,ok,-368.78785361399
observation_noise,SIRS with observation noise,SIRS,uds,0,1,0,A1,Seasonal Forcing,ARX,I,/home/kaahin/degree_project/hybrid-epidemic-forecasting/results/partB/forecasts/partB_observation_noise_forecast_A1_ARX_I.mat,forecast_results,210,211,0.0751474260171445,0.0751474260171445,0.214849083989209,0.206698452549338,0.0229664947277042,0.0352682518813887,0,0.0169126794080516,0.75,-0.0375,0.2125,0.517922796524047,1,closed_loop_monte_carlo,ok,ok,-383.982675444482
observation_noise,SIRS with observation noise,SIRS,uds,0,1,0,A1,Seasonal Forcing,ARX,I,/home/kaahin/degree_project/hybrid-epidemic-forecasting/results/partB/forecasts/partB_observation_noise_forecast_A1_ARX_I.mat,forecast_results,217,218,0.0750425202206642,0.0750425202206642,0.212142483410477,0.204633684529092,0.022737076058788,0.0411478224035331,0,0.0111576217583431,0.803571428571429,0.0160714285714286,0.2125,0.58908063709013,1,closed_loop_monte_carlo,ok,ok,-387.614574080611
observation_noise,SIRS with observation noise,SIRS,uds,0,1,0,A1,Seasonal Forcing,ARX,I,/home/kaahin/degree_project/hybrid-epidemic-forecasting/results/partB/forecasts/partB_observation_noise_forecast_A1_ARX_I.mat,forecast_results,224,225,0.0519979182725833,0.0519979182725833,0.082892809794,0.0671577854209834,0.00746197615788704,0.0445359421146963,0,0,1,0.2125,0.2125,0.62138107300646,1,closed_loop_monte_carlo,ok,ok,-401.219642343477
observation_noise,SIRS with observation noise,SIRS,uds,0,1,0,A1,Seasonal Forcing,ARX,I,/home/kaahin/degree_project/hybrid-epidemic-forecasting/results/partB/forecasts/partB_observation_noise_forecast_A1_ARX_I.mat,forecast_results,231,232,0.0547745663112598,0.0547745663112598,0.0445289521973287,0.0374749513148535,0.00416388347942816,0.0506106828318316,0,0,1,0.2125,0.2125,0.703227944840027,1,closed_loop_monte_carlo,ok,ok,-412.459128932644
observation_noise,SIRS with observation noise,SIRS,uds,0,1,0,A1,Seasonal Forcing,ARX,I,/home/kaahin/degree_project/hybrid-epidemic-forecasting/results/partB/forecasts/partB_observation_noise_forecast_A1_ARX_I.mat,forecast_results,238,239,0.0493259529773052,0.0493259529773052,0.04327177017934,0.0345099755352614,0.00383444172614016,0.045491511251165,0,0,1,0.2125,0.2125,0.667334271042416,1,closed_loop_monte_carlo,ok,ok,-430.255576391809
observation_noise,SIRS with observation noise,SIRS,uds,0,1,0,A1,Seasonal Forcing,ARX,I,/home/kaahin/degree_project/hybrid-epidemic-forecasting/results/partB/forecasts/partB_observation_noise_forecast_A1_ARX_I.mat,forecast_results,245,246,0.0446260907640578,0.0446260907640578,0.055303231355,0.0471451146370635,0.00523834607078483,0.0393877446932729,0,0,1,0.2125,0.2125,0.554905080290754,1,closed_loop_monte_carlo,ok,ok,-444.948661831966
observation_noise,SIRS with observation noise,SIRS,uds,0,1,0,A1,Seasonal Forcing,ARX,I,/home/kaahin/degree_project/hybrid-epidemic-forecasting/results/partB/forecasts/partB_observation_noise_forecast_A1_ARX_I.mat,forecast_results,252,253,0.0420807096719676,0.0420807096719676,0.033082732564755,0.0295781981646358,0.00328646646273731,0.0387942432092303,0,0,1,0.2125,0.2125,0.551608572936956,1,closed_loop_monte_carlo,ok,ok,-457.059354529305
observation_noise,SIRS with observation noise,SIRS,uds,0,1,0,A1,Seasonal Forcing,ARX,I,/home/kaahin/degree_project/hybrid-epidemic-forecasting/results/partB/forecasts/partB_observation_noise_forecast_A1_ARX_I.mat,forecast_results,259,260,0.0530374522108496,0.0530374522108496,0.0894087339912497,0.0838901815199359,0.00932113127999287,0.0436365624860331,7.97584448236016e-05,0,0.982142857142857,0.194642857142857,0.2125,0.62059757197816,1,closed_loop_monte_carlo,ok,ok,-469.782591614492
observation_noise,SIRS with observation noise,SIRS,uds,0,1,0,A1,Seasonal Forcing,ARX,I,/home/kaahin/degree_project/hybrid-epidemic-forecasting/results/partB/forecasts/partB_observation_noise_forecast_A1_ARX_I.mat,forecast_results,266,267,0.0449010082600739,0.0449010082600739,0.0321938181833863,0.0265222381815862,0.00294691535350957,0.0419540929065643,0,0,1,0.2125,0.2125,0.584724654402126,1,closed_loop_monte_carlo,ok,ok,-479.946440170423
observation_noise,SIRS with observation noise,SIRS,uds,0,1,0,A1,Seasonal Forcing,ARX,I,/home/kaahin/degree_project/hybrid-epidemic-forecasting/results/partB/forecasts/partB_observation_noise_forecast_A1_ARX_I.mat,forecast_results,273,274,0.0545516321647029,0.0545516321647029,0.128357285203918,0.121974879540651,0.0135527643934057,0.0401085529460777,0.000890314825219518,0,0.946428571428571,0.158928571428571,0.2125,0.572939704248203,1,closed_loop_monte_carlo,ok,ok,-492.541671498222
observation_noise,SIRS with observation noise,SIRS,uds,0,1,0,A1,Seasonal Forcing,ARX,I,/home/kaahin/degree_project/hybrid-epidemic-forecasting/results/partB/forecasts/partB_observation_noise_forecast_A1_ARX_I.mat,forecast_results,280,281,0.0463266767314123,0.0463266767314123,0.087631372594539,0.0835638405815577,0.00928487117572863,0.0370418055556837,0,0,1,0.2125,0.2125,0.523622568108411,1,closed_loop_monte_carlo,ok,ok,-508.057234154273
observation_noise,SIRS with observation noise,SIRS,uds,0,1,0,A1,Seasonal Forcing,ARX,I,/home/kaahin/degree_project/hybrid-epidemic-forecasting/results/partB/forecasts/partB_observation_noise_forecast_A1_ARX_I.mat,forecast_results,287,288,0.0565427453125305,0.0565427453125305,0.138124378916809,0.13506768870996,0.0150075209677734,0.0368840016950778,0.00465122264967937,0,0.767857142857143,-0.0196428571428571,0.2125,0.542602197891796,1,closed_loop_monte_carlo,ok,ok,-520.44571087049
observation_noise,SIRS with observation noise,SIRS,uds,0,1,0,A1,Seasonal Forcing,ARX,I,/home/kaahin/degree_project/hybrid-epidemic-forecasting/results/partB/forecasts/partB_observation_noise_forecast_A1_ARX_I.mat,forecast_results,294,295,0.0384589298109685,0.0384589298109685,0.0795573695367495,0.0693742145996613,0.00770824606662903,0.0302172433195695,0.000533440424769937,0,0.964285714285714,0.176785714285714,0.2125,0.427718430199564,1,closed_loop_monte_carlo,ok,ok,-536.517616765746
observation_noise,SIRS with observation noise,SIRS,uds,0,1,0,A1,Seasonal Forcing,ARX,I,/home/kaahin/degree_project/hybrid-epidemic-forecasting/results/partB/forecasts/partB_observation_noise_forecast_A1_ARX_I.mat,forecast_results,301,302,0.0445663656308527,0.0445663656308527,0.114009063910752,0.105396153791117,0.0117106837545686,0.0291709688850793,0.00368471299120475,0,0.839285714285714,0.0517857142857143,0.2125,0.425296320095355,1,closed_loop_monte_carlo,ok,ok,-539.072892090955
observation_noise,SIRS with observation noise,SIRS,uds,0,1,0,A1,Seasonal Forcing,ARX,I,/home/kaahin/degree_project/hybrid-epidemic-forecasting/results/partB/forecasts/partB_observation_noise_forecast_A1_ARX_I.mat,forecast_results,308,309,0.0660866271752437,0.0660866271752437,0.176359005350914,0.175397887174259,0.0194886541304732,0.0328925743039219,0.0137053987408486,0,0.696428571428571,-0.0910714285714286,0.244642857142857,0.468122374724584,1,closed_loop_monte_carlo,ok,ok,-542.696028812647
observation_noise,SIRS with observation noise,SIRS,uds,0,1,0,A1,Seasonal Forcing,ARX,I,/home/kaahin/degree_project/hybrid-epidemic-forecasting/results/partB/forecasts/partB_observation_noise_forecast_A1_ARX_I.mat,forecast_results,315,316,0.0358537275405145,0.0358537275405145,0.0677809134127391,0.0619487546598822,0.00688319496220913,0.0289705325783054,0,0,1,0.2125,0.2125,0.429197990060217,1,closed_loop_monte_carlo,ok,ok,-553.749447125448
observation_noise,SIRS with observation noise,SIRS,uds,0,1,0,A1,Seasonal Forcing,ARX,I,/home/kaahin/degree_project/hybrid-epidemic-forecasting/results/partB/forecasts/partB_observation_noise_forecast_A1_ARX_I.mat,forecast_results,322,323,0.0347406756592543,0.0347406756592543,0.0443774860429824,0.0363473910599761,0.00403859900666402,0.0307020766525902,0,0,1,0.2125,0.2125,0.43000854409375,1,closed_loop_monte_carlo,ok,ok,-570.666667940545
observation_noise,SIRS with observation noise,SIRS,uds,0,1,0,A1,Seasonal Forcing,ARX,I,/home/kaahin/degree_project/hybrid-epidemic-forecasting/results/partB/forecasts/partB_observation_noise_forecast_A1_ARX_I.mat,forecast_results,329,330,0.0327539789266318,0.0327539789266318,0.0404479395461069,0.0331299967259357,0.00368111074732619,0.0290728681793056,0,0,1,0.2125,0.2125,0.421667028609882,1,closed_loop_monte_carlo,ok,ok,-585.393427139013
observation_noise,SIRS with observation noise,SIRS,uds,0,1,0,A1,Seasonal Forcing,ARX,I,/home/kaahin/degree_project/hybrid-epidemic-forecasting/results/partB/forecasts/partB_observation_noise_forecast_A1_ARX_I.mat,forecast_results,336,337,0.0491673271730666,0.0491673271730666,0.109776636555285,0.104804340497789,0.0116449267219765,0.0338268491533907,0.00369555129769934,0,0.857142857142857,0.0696428571428571,0.233928571428571,0.495850705137846,1,closed_loop_monte_carlo,ok,ok,-594.398241392842
observation_noise,SIRS with observation noise,SIRS,uds,0,1,0,A1,Seasonal Forcing,ARX,I,/home/kaahin/degree_project/hybrid-epidemic-forecasting/results/partB/forecasts/partB_observation_noise_forecast_A1_ARX_I.mat,forecast_results,343,344,0.0356628198254834,0.0356628198254834,0.0290755625209953,0.0205855548392733,0.00228728387103037,0.033375535954453,0,0,1,0.2125,0.2125,0.495953663532386,1,closed_loop_monte_carlo,ok,ok,-610.364260309668
observation_noise,SIRS with observation noise,SIRS,uds,0,1,0,A1,Seasonal Forcing,ARX,I,/home/kaahin/degree_project/hybrid-epidemic-forecasting/results/partB/forecasts/partB_observation_noise_forecast_A1_ARX_I.mat,forecast_results,350,351,0.0372340654064395,0.0372340654064395,0.0360064257362265,0.0298649159788507,0.00331832399765008,0.0339157414087894,0,0,1,0.2125,0.2125,0.51251189332563,1,closed_loop_monte_carlo,ok,ok,-622.777480707908
observation_noise,SIRS with observation noise,SIRS,uds,0,1,0,A2,Policy Intervention,AR,None,/home/kaahin/degree_project/hybrid-epidemic-forecasting/results/partB/forecasts/partB_observation_noise_forecast_A2_AR_None.mat,forecast_results,49,50,0.0751222796176724,0.0751222796176724,0.0652131508489719,0.0563618954910895,0.00626243283234328,0.0688598467853291,0,0,1,0.2125,0.2125,1.00502924469899,1,closed_loop_monte_carlo,ok,ok,-97.7719675128717
observation_noise,SIRS with observation noise,SIRS,uds,0,1,0,A2,Policy Intervention,AR,None,/home/kaahin/degree_project/hybrid-epidemic-forecasting/results/partB/forecasts/partB_observation_noise_forecast_A2_AR_None.mat,forecast_results,56,57,0.064595714693218,0.064595714693218,0.0502378114042454,0.0425716818169647,0.00473018686855163,0.0598655278246664,0,0,1,0.2125,0.2125,0.84961814677831,1,closed_loop_monte_carlo,ok,ok,-110.924032210145
observation_noise,SIRS with observation noise,SIRS,uds,0,1,0,A2,Policy Intervention,AR,None,/home/kaahin/degree_project/hybrid-epidemic-forecasting/results/partB/forecasts/partB_observation_noise_forecast_A2_AR_None.mat,forecast_results,63,64,0.0728638617626052,0.0728638617626052,0.130326296912324,0.112387721696695,0.0124875246329662,0.0582548406972169,0.00212149643242215,0,0.892857142857143,0.105357142857143,0.2125,0.830541577053465,1,closed_loop_monte_carlo,ok,ok,-120.017405803889
observation_noise,SIRS with observation noise,SIRS,uds,0,1,0,A2,Policy Intervention,AR,None,/home/kaahin/degree_project/hybrid-epidemic-forecasting/results/partB/forecasts/partB_observation_noise_forecast_A2_AR_None.mat,forecast_results,70,71,0.0717597602103846,0.0717597602103846,0.0872764196690462,0.0804119293089664,0.00893465881210738,0.0628251013982772,0,0,1,0.2125,0.2125,0.915316689634754,1,closed_loop_monte_carlo,ok,ok,-133.241845604385
observation_noise,SIRS with observation noise,SIRS,uds,0,1,0,A2,Policy Intervention,AR,None,/home/kaahin/degree_project/hybrid-epidemic-forecasting/results/partB/forecasts/partB_observation_noise_forecast_A2_AR_None.mat,forecast_results,77,78,0.0676576715691469,0.0676576715691469,0.136592146758282,0.133413736045082,0.0148237484494536,0.0519572518785592,0,0.000876671241134133,0.964285714285714,0.176785714285714,0.2125,0.760023428497317,1,closed_loop_monte_carlo,ok,ok,-147.079023702421
observation_noise,SIRS with observation noise,SIRS,uds,0,1,0,A2,Policy Intervention,AR,None,/home/kaahin/degree_project/hybrid-epidemic-forecasting/results/partB/forecasts/partB_observation_noise_forecast_A2_AR_None.mat,forecast_results,84,85,0.0660433583021158,0.0660433583021158,0.127441318311896,0.123072755777856,0.0136747506419841,0.0514153239489379,0,0.000953283711193899,0.928571428571429,0.141071428571429,0.2125,0.75494489351818,1,closed_loop_monte_carlo,ok,ok,-160.531838876647
observation_noise,SIRS with observation noise,SIRS,uds,0,1,0,A2,Policy Intervention,AR,None,/home/kaahin/degree_project/hybrid-epidemic-forecasting/results/partB/forecasts/partB_observation_noise_forecast_A2_AR_None.mat,forecast_results,91,92,0.080301464425801,0.080301464425801,0.127068179289723,0.117697291359271,0.0130774768176968,0.0663311213511358,0.000892866256968424,0,0.964285714285714,0.176785714285714,0.2125,0.938757150088292,1,closed_loop_monte_carlo,ok,ok,-175.322265315568
observation_noise,SIRS with observation noise,SIRS,uds,0,1,0,A2,Policy Intervention,AR,None,/home/kaahin/degree_project/hybrid-epidemic-forecasting/results/partB/forecasts/partB_observation_noise_forecast_A2_AR_None.mat,forecast_results,98,99,0.055413758426671,0.055413758426671,0.0318420059866041,0.0194722011401306,0.00216357790445896,0.053250180522212,0,0,1,0.2125,0.2125,0.768415459328168,1,closed_loop_monte_carlo,ok,ok,-188.219592316893
observation_noise,SIRS with observation noise,SIRS,uds,0,1,0,A2,Policy Intervention,AR,None,/home/kaahin/degree_project/hybrid-epidemic-forecasting/results/partB/forecasts/partB_observation_noise_forecast_A2_AR_None.mat,forecast_results,105,106,0.0756547398405081,0.0756547398405081,0.166617777936675,0.12445066663226,0.0138278518480289,0.0610076733141107,0.000819214678368495,0,0.982142857142857,0.194642857142857,0.2125,0.913961574384395,1,closed_loop_monte_carlo,ok,ok,-198.70721219324
observation_noise,SIRS with observation noise,SIRS,uds,0,1,0,A2,Policy Intervention,AR,None,/home/kaahin/degree_project/hybrid-epidemic-forecasting/results/partB/forecasts/partB_observation_noise_forecast_A2_AR_None.mat,forecast_results,112,113,0.154298053427671,0.154298053427671,0.420744702768762,0.300259512095995,0.0333621680106662,0.0530436294575378,0.0678339724217448,5.82835377225607e-05,0.642857142857143,-0.144642857142857,0.3875,0.769573612243971,1,closed_loop_monte_carlo,ok,ok,-214.623153301448
observation_noise,SIRS with observation noise,SIRS,uds,0,1,0,A2,Policy Intervention,AR,None,/home/kaahin/degree_project/hybrid-epidemic-forecasting/results/partB/forecasts/partB_observation_noise_forecast_A2_AR_None.mat,forecast_results,119,120,0.484548337693514,0.484548337693514,0.756236514893982,0.720102403419837,0.0800113781577596,0.0522157982573389,0.352321161278415,0,0.0535714285714286,-0.733928571428571,0.741071428571429,0.785344088341659,1,closed_loop_monte_carlo,ok,ok,-229.322256308613
observation_noise,SIRS with observation noise,SIRS,uds,0,1,0,A2,Policy Intervention,AR,None,/home/kaahin/degree_project/hybrid-epidemic-forecasting/results/partB/forecasts/partB_observation_noise_forecast_A2_AR_None.mat,forecast_results,126,127,0.0758402366251259,0.0758402366251259,0.191375648314354,0.190334157433512,0.0211482397148347,0.0337363907732168,0.0209556061370744,0,0.535714285714286,-0.251785714285714,0.360714285714286,0.486036505353432,1,closed_loop_monte_carlo,ok,ok,-232.857047464484
observation_noise,SIRS with observation noise,SIRS,uds,0,1,0,A2,Policy Intervention,AR,None,/home/kaahin/degree_project/hybrid-epidemic-forecasting/results/partB/forecasts/partB_observation_noise_forecast_A2_AR_None.mat,forecast_results,133,134,0.0319245956447578,0.0319245956447578,0.0501345501818334,0.0473382344075686,0.00525980382306318,0.0266613975941692,3.39422752541081e-06,0,0.982142857142857,0.194642857142857,0.2125,0.372208372285713,1,closed_loop_monte_carlo,ok,ok,-244.823719528919
observation_noise,SIRS with observation noise,SIRS,uds,0,1,0,A2,Policy Intervention,AR,None,/home/kaahin/degree_project/hybrid-epidemic-forecasting/results/partB/forecasts/partB_observation_noise_forecast_A2_AR_None.mat,forecast_results,140,141,0.0239348170626888,0.0239348170626888,0.0260492416198249,0.0229792058630988,0.00255324509589986,0.021381571966789,0,0,1,0.2125,0.2125,0.325576541950941,1,closed_loop_monte_carlo,ok,ok,-262.174199569714
observation_noise,SIRS with observation noise,SIRS,uds,0,1,0,A2,Policy Intervention,AR,None,/home/kaahin/degree_project/hybrid-epidemic-forecasting/results/partB/forecasts/partB_observation_noise_forecast_A2_AR_None.mat,forecast_results,147,148,0.0283076323648562,0.0283076323648562,0.0221453905657862,0.0182816975162632,0.00203129972402924,0.0262763326408269,0,0,1,0.2125,0.2125,0.379828613867303,1,closed_loop_monte_carlo,ok,ok,-279.168112316729
observation_noise,SIRS with observation noise,SIRS,uds,0,1,0,A2,Policy Intervention,AR,None,/home/kaahin/degree_project/hybrid-epidemic-forecasting/results/partB/forecasts/partB_observation_noise_forecast_A2_AR_None.mat,forecast_results,154,155,0.0270264644882559,0.0270264644882559,0.0198947562684186,0.0182444872862857,0.00202716525403175,0.0249992992342241,0,0,1,0.2125,0.2125,0.364355312430639,1,closed_loop_monte_carlo,ok,ok,-295.215678191726
observation_noise,SIRS with observation noise,SIRS,uds,0,1,0,A2,Policy Intervention,AR,None,/home/kaahin/degree_project/hybrid-epidemic-forecasting/results/partB/forecasts/partB_observation_noise_forecast_A2_AR_None.mat,forecast_results,161,162,0.0235981883376208,0.0235981883376208,0.0163658243102175,0.011572325622273,0.00128581395803033,0.0223123743795905,0,0,1,0.2125,0.2125,0.32618084964592,1,closed_loop_monte_carlo,ok,ok,-308.927919003867
observation_noise,SIRS with observation noise,SIRS,uds,0,1,0,A2,Policy Intervention,AR,None,/home/kaahin/degree_project/hybrid-epidemic-forecasting/results/partB/forecasts/partB_observation_noise_forecast_A2_AR_None.mat,forecast_results,168,169,0.035955119486349,0.035955119486349,0.0770299601190027,0.0724137181141585,0.00804596867935094,0.0274765219410405,0.000432628865957495,0,0.964285714285714,0.176785714285714,0.2125,0.399502300345338,1,closed_loop_monte_carlo,ok,ok,-324.903361048239
observation_noise,SIRS with observation noise,SIRS,uds,0,1,0,A2,Policy Intervention,AR,None,/home/kaahin/degree_project/hybrid-epidemic-forecasting/results/partB/forecasts/partB_observation_noise_forecast_A2_AR_None.mat,forecast_results,175,176,0.0259048423878136,0.0259048423878136,0.0371533052903406,0.0329200554994131,0.00365778394437924,0.0222470584434343,0,0,1,0.2125,0.2125,0.32284489757243,1,closed_loop_monte_carlo,ok,ok,-343.352181061594
observation_noise,SIRS with observation noise,SIRS,uds,0,1,0,A2,Policy Intervention,AR,None,/home/kaahin/degree_project/hybrid-epidemic-forecasting/results/partB/forecasts/partB_observation_noise_forecast_A2_AR_None.mat,forecast_results,182,183,0.0246868102143786,0.0246868102143786,0.0141078667751591,0.0119869314082085,0.00133188126757872,0.0233549289467999,0,0,1,0.2125,0.2125,0.33805478157448,1,closed_loop_monte_carlo,ok,ok,-359.007965381035
observation_noise,SIRS with observation noise,SIRS,uds,0,1,0,A2,Policy Intervention,AR,None,/home/kaahin/degree_project/hybrid-epidemic-forecasting/results/partB/forecasts/partB_observation_noise_forecast_A2_AR_None.mat,forecast_results,189,190,0.0218287063457278,0.0218287063457278,0.0175133488012211,0.0134157907751541,0.00149064341946157,0.0203380629262662,0,0,1,0.2125,0.2125,0.292884962637366,1,closed_loop_monte_carlo,ok,ok,-367.615322961985
observation_noise,SIRS with observation noise,SIRS,uds,0,1,0,A2,Policy Intervention,AR,None,/home/kaahin/degree_project/hybrid-epidemic-forecasting/results/partB/forecasts/partB_observation_noise_forecast_A2_AR_None.mat,forecast_results,196,197,0.0247563736925788,0.0247563736925788,0.0248663635185278,0.0206588354839346,0.00229542616488163,0.0224609475276972,0,0,1,0.2125,0.2125,0.324350893482786,1,closed_loop_monte_carlo,ok,ok,-383.06300123366
observation_noise,SIRS with observation noise,SIRS,uds,0,1,0,A2,Policy Intervention,AR,None,/home/kaahin/degree_project/hybrid-epidemic-forecasting/results/partB/forecasts/partB_observation_noise_forecast_A2_AR_None.mat,forecast_results,203,204,0.0264959930551088,0.0264959930551088,0.0217532833965612,0.0153540219352623,0.00170600243725137,0.0247899906178575,0,0,1,0.2125,0.2125,0.355439880811368,1,closed_loop_monte_carlo,ok,ok,-393.591062096079
observation_noise,SIRS with observation noise,SIRS,uds,0,1,0,A2,Policy Intervention,AR,None,/home/kaahin/degree_project/hybrid-epidemic-forecasting/results/partB/forecasts/partB_observation_noise_forecast_A2_AR_None.mat,forecast_results,210,211,0.0253932101497045,0.0253932101497045,0.0325006695515349,0.0305543909101069,0.00339493232334521,0.0219780370510571,0,2.02407753021711e-05,0.982142857142857,0.194642857142857,0.2125,0.324716941084007,1,closed_loop_monte_carlo,ok,ok,-411.34778198135
observation_noise,SIRS with observation noise,SIRS,uds,0,1,0,A2,Policy Intervention,AR,None,/home/kaahin/degree_project/hybrid-epidemic-forecasting/results/partB/forecasts/partB_observation_noise_forecast_A2_AR_None.mat,forecast_results,217,218,0.0286832021615359,0.0286832021615359,0.03485397377526,0.026475151292141,0.00294168347690455,0.0254088887988946,0.000332629885736704,0,0.982142857142857,0.194642857142857,0.2125,0.360373316856345,1,closed_loop_monte_carlo,ok,ok,-412.057550213203
observation_noise,SIRS with observation noise,SIRS,uds,0,1,0,A2,Policy Intervention,AR,None,/home/kaahin/degree_project/hybrid-epidemic-forecasting/results/partB/forecasts/partB_observation_noise_forecast_A2_AR_None.mat,forecast_results,224,225,0.048344566661844,0.048344566661844,0.133517916486872,0.130878699745349,0.0145420777494832,0.027434834812434,0.00636765409992676,0,0.75,-0.0375,0.233928571428571,0.399753617402014,1,closed_loop_monte_carlo,ok,ok,-427.446123210084
observation_noise,SIRS with observation noise,SIRS,uds,0,1,0,A2,Policy Intervention,AR,None,/home/kaahin/degree_project/hybrid-epidemic-forecasting/results/partB/forecasts/partB_observation_noise_forecast_A2_AR_None.mat,forecast_results,231,232,0.0321867580418057,0.0321867580418057,0.0401124057948574,0.0377037068636692,0.00418930076262991,0.0279974572791758,0,0,1,0.2125,0.2125,0.406053222528567,1,closed_loop_monte_carlo,ok,ok,-442.993002294435
observation_noise,SIRS with observation noise,SIRS,uds,0,1,0,A2,Policy Intervention,AR,None,/home/kaahin/degree_project/hybrid-epidemic-forecasting/results/partB/forecasts/partB_observation_noise_forecast_A2_AR_None.mat,forecast_results,238,239,0.033308236770831,0.033308236770831,0.0667997160355096,0.0654709496656594,0.00727454996285104,0.0249656227920349,0.00106806401594507,0,0.928571428571429,0.141071428571429,0.2125,0.359790110411272,1,closed_loop_monte_carlo,ok,ok,-451.892282702065
observation_noise,SIRS with observation noise,SIRS,uds,0,1,0,A2,Policy Intervention,AR,None,/home/kaahin/degree_project/hybrid-epidemic-forecasting/results/partB/forecasts/partB_observation_noise_forecast_A2_AR_None.mat,forecast_results,245,246,0.024455315263888,0.024455315263888,0.0285126084179616,0.0245316823424926,0.00272574248249917,0.0217295727813888,0,0,1,0.2125,0.2125,0.3392127443664,1,closed_loop_monte_carlo,ok,ok,-463.177843648599
observation_noise,SIRS with observation noise,SIRS,uds,0,1,0,A2,Policy Intervention,AR,None,/home/kaahin/degree_project/hybrid-epidemic-forecasting/results/partB/forecasts/partB_observation_noise_forecast_A2_AR_None.mat,forecast_results,252,253,0.024974139947517,0.024974139947517,0.0143833413260032,0.0119531477030596,0.00132812752256218,0.0236460124249548,0,0,1,0.2125,0.2125,0.33994832663869,1,closed_loop_monte_carlo,ok,ok,-476.612382315521
observation_noise,SIRS with observation noise,SIRS,uds,0,1,0,A2,Policy Intervention,AR,None,/home/kaahin/degree_project/hybrid-epidemic-forecasting/results/partB/forecasts/partB_observation_noise_forecast_A2_AR_None.mat,forecast_results,259,260,0.0310807941148794,0.0310807941148794,0.051700348607631,0.0475882691305062,0.00528758545894514,0.0257932086559343,0,0,1,0.2125,0.2125,0.3657286463411,1,closed_loop_monte_carlo,ok,ok,-491.384376267448
observation_noise,SIRS with observation noise,SIRS,uds,0,1,0,A2,Policy Intervention,AR,None,/home/kaahin/degree_project/hybrid-epidemic-forecasting/results/partB/forecasts/partB_observation_noise_forecast_A2_AR_None.mat,forecast_results,266,267,0.0254403694949452,0.0254403694949452,0.0204496845836411,0.0183312670529789,0.00203680745033099,0.0234035620446142,0,0,1,0.2125,0.2125,0.355557963995961,1,closed_loop_monte_carlo,ok,ok,-505.806302749288
observation_noise,SIRS with observation noise,SIRS,uds,0,1,0,A2,Policy Intervention,AR,None,/home/kaahin/degree_project/hybrid-epidemic-forecasting/results/partB/forecasts/partB_observation_noise_forecast_A2_AR_None.mat,forecast_results,273,274,0.0279078099127708,0.0279078099127708,0.0357619720271155,0.0297841263334873,0.00330934737038748,0.0245984625423833,0,0,1,0.2125,0.2125,0.367858077557852,1,closed_loop_monte_carlo,ok,ok,-524.468130867856
observation_noise,SIRS with observation noise,SIRS,uds,0,1,0,A2,Policy Intervention,AR,None,/home/kaahin/degree_project/hybrid-epidemic-forecasting/results/partB/forecasts/partB_observation_noise_forecast_A2_AR_None.mat,forecast_results,280,281,0.0249947031573787,0.0249947031573787,0.0146028754147833,0.0132754088926381,0.00147504543251535,0.0235196577248633,0,0,1,0.2125,0.2125,0.347940395174899,1,closed_loop_monte_carlo,ok,ok,-541.31700273997
observation_noise,SIRS with observation noise,SIRS,uds,0,1,0,A2,Policy Intervention,AR,None,/home/kaahin/degree_project/hybrid-epidemic-forecasting/results/partB/forecasts/partB_observation_noise_forecast_A2_AR_None.mat,forecast_results,287,288,0.0275879536006828,0.0275879536006828,0.0215592345982716,0.0173308438274669,0.00192564931416299,0.0256623042865199,0,0,1,0.2125,0.2125,0.352458496851528,1,closed_loop_monte_carlo,ok,ok,-554.444015356576
observation_noise,SIRS with observation noise,SIRS,uds,0,1,0,A2,Policy Intervention,AR,None,/home/kaahin/degree_project/hybrid-epidemic-forecasting/results/partB/forecasts/partB_observation_noise_forecast_A2_AR_None.mat,forecast_results,294,295,0.026305435388467,0.026305435388467,0.0284132110286061,0.0204660576545099,0.00227400640605665,0.0240314289824104,0,0,1,0.2125,0.2125,0.355534598488525,1,closed_loop_monte_carlo,ok,ok,-562.211584395882
observation_noise,SIRS with observation noise,SIRS,uds,0,1,0,A2,Policy Intervention,AR,None,/home/kaahin/degree_project/hybrid-epidemic-forecasting/results/partB/forecasts/partB_observation_noise_forecast_A2_AR_None.mat,forecast_results,301,302,0.029753783893696,0.029753783893696,0.0469272527162091,0.0451060510842403,0.00501178345380448,0.0247420004398916,0,0,1,0.2125,0.2125,0.356041882271727,1,closed_loop_monte_carlo,ok,ok,-571.23159971517
observation_noise,SIRS with observation noise,SIRS,uds,0,1,0,A2,Policy Intervention,AR,None,/home/kaahin/degree_project/hybrid-epidemic-forecasting/results/partB/forecasts/partB_observation_noise_forecast_A2_AR_None.mat,forecast_results,308,309,0.0342604022359936,0.0342604022359936,0.0784439098662387,0.0744311220241799,0.00827012466935332,0.0255380506135433,0.000452226953096992,0,0.964285714285714,0.176785714285714,0.2125,0.370460690782108,1,closed_loop_monte_carlo,ok,ok,-583.805512640473
observation_noise,SIRS with observation noise,SIRS,uds,0,1,0,A2,Policy Intervention,AR,None,/home/kaahin/degree_project/hybrid-epidemic-forecasting/results/partB/forecasts/partB_observation_noise_forecast_A2_AR_None.mat,forecast_results,315,316,0.0294776933757665,0.0294776933757665,0.0221715756004833,0.0184933479832826,0.00205481644258696,0.0274228769331796,0,0,1,0.2125,0.2125,0.403412083319556,1,closed_loop_monte_carlo,ok,ok,-592.835739217725
observation_noise,SIRS with observation noise,SIRS,uds,0,1,0,A2,Policy Intervention,AR,None,/home/kaahin/degree_project/hybrid-epidemic-forecasting/results/partB/forecasts/partB_observation_noise_forecast_A2_AR_None.mat,forecast_results,322,323,0.0286794474899491,0.0286794474899491,0.0409646010577549,0.037273301399112,0.00414147793323466,0.0238185483251483,0,0.000719421231566061,0.964285714285714,0.176785714285714,0.2125,0.345586194386898,1,closed_loop_monte_carlo,ok,ok,-609.684062337589
observation_noise,SIRS with observation noise,SIRS,uds,0,1,0,A2,Policy Intervention,AR,None,/home/kaahin/degree_project/hybrid-epidemic-forecasting/results/partB/forecasts/partB_observation_noise_forecast_A2_AR_None.mat,forecast_results,329,330,0.026497216515322,0.026497216515322,0.0214277258182121,0.0168364263202394,0.00187071403558215,0.0246265024797398,0,0,1,0.2125,0.2125,0.367633725424225,1,closed_loop_monte_carlo,ok,ok,-626.921402328342
observation_noise,SIRS with observation noise,SIRS,uds,0,1,0,A2,Policy Intervention,AR,None,/home/kaahin/degree_project/hybrid-epidemic-forecasting/results/partB/forecasts/partB_observation_noise_forecast_A2_AR_None.mat,forecast_results,336,337,0.0242908160059886,0.0242908160059886,0.0255381599173101,0.0195892320255813,0.0021765813361757,0.0219515177098239,0,0.000162716959988999,0.982142857142857,0.194642857142857,0.2125,0.330107634497982,1,closed_loop_monte_carlo,ok,ok,-645.268626553653
observation_noise,SIRS with observation noise,SIRS,uds,0,1,0,A2,Policy Intervention,AR,None,/home/kaahin/degree_project/hybrid-epidemic-forecasting/results/partB/forecasts/partB_observation_noise_forecast_A2_AR_None.mat,forecast_results,343,344,0.0313207241216325,0.0313207241216325,0.0688147810408484,0.0674420929316299,0.00749356588129221,0.0217602129296345,0,0.00206694531070579,0.910714285714286,0.123214285714286,0.233928571428571,0.302264873312209,1,closed_loop_monte_carlo,ok,ok,-658.122190672837
observation_noise,SIRS with observation noise,SIRS,uds,0,1,0,A2,Policy Intervention,AR,None,/home/kaahin/degree_project/hybrid-epidemic-forecasting/results/partB/forecasts/partB_observation_noise_forecast_A2_AR_None.mat,forecast_results,350,351,0.0242204424904033,0.0242204424904033,0.0251270486717383,0.0227552356520083,0.00252835951688981,0.0216920829735134,0,0,1,0.2125,0.2125,0.321719945379132,1,closed_loop_monte_carlo,ok,ok,-677.197845198092
observation_noise,SIRS with observation noise,SIRS,uds,0,1,0,A2,Policy Intervention,ARX,I,/home/kaahin/degree_project/hybrid-epidemic-forecasting/results/partB/forecasts/partB_observation_noise_forecast_A2_ARX_I.mat,forecast_results,49,50,0.0741392621373003,0.0741392621373003,0.118213218512245,0.107880579266249,0.0119867310295833,0.0621525311077171,0,0,1,0.2125,0.2125,0.865982105065309,1,closed_loop_monte_carlo,ok,ok,-90.9886983657095
observation_noise,SIRS with observation noise,SIRS,uds,0,1,0,A2,Policy Intervention,ARX,I,/home/kaahin/degree_project/hybrid-epidemic-forecasting/results/partB/forecasts/partB_observation_noise_forecast_A2_ARX_I.mat,forecast_results,56,57,0.050927911435669,0.050927911435669,0.0883824596166179,0.067607669031359,0.00751196322570656,0.0434159482099624,0,0,1,0.2125,0.2125,0.627908295933209,1,closed_loop_monte_carlo,ok,ok,-104.383687747006
observation_noise,SIRS with observation noise,SIRS,uds,0,1,0,A2,Policy Intervention,ARX,I,/home/kaahin/degree_project/hybrid-epidemic-forecasting/results/partB/forecasts/partB_observation_noise_forecast_A2_ARX_I.mat,forecast_results,63,64,0.0878802463695258,0.0878802463695258,0.152999124956506,0.145994762959157,0.0162216403287953,0.0714384640704124,0.000220141970318083,0,0.982142857142857,0.194642857142857,0.2125,0.983243035326271,1,closed_loop_monte_carlo,ok,ok,-113.615447711389
observation_noise,SIRS with observation noise,SIRS,uds,0,1,0,A2,Policy Intervention,ARX,I,/home/kaahin/degree_project/hybrid-epidemic-forecasting/results/partB/forecasts/partB_observation_noise_forecast_A2_ARX_I.mat,forecast_results,70,71,0.0604230665685396,0.0604230665685396,0.0669776052027325,0.059608391434856,0.00662315460387289,0.0537999119646667,0,0,1,0.2125,0.2125,0.780419804295645,1,closed_loop_monte_carlo,ok,ok,-126.997603285725
observation_noise,SIRS with observation noise,SIRS,uds,0,1,0,A2,Policy Intervention,ARX,I,/home/kaahin/degree_project/hybrid-epidemic-forecasting/results/partB/forecasts/partB_observation_noise_forecast_A2_ARX_I.mat,forecast_results,77,78,0.0846571024794588,0.0846571024794588,0.226035551561319,0.223557647297092,0.0248397385885658,0.054177575512869,0,0.00563978837802394,0.803571428571429,0.0160714285714286,0.223214285714286,0.801043263068805,1,closed_loop_monte_carlo,ok,ok,-141.104972528838
observation_noise,SIRS with observation noise,SIRS,uds,0,1,0,A2,Policy Intervention,ARX,I,/home/kaahin/degree_project/hybrid-epidemic-forecasting/results/partB/forecasts/partB_observation_noise_forecast_A2_ARX_I.mat,forecast_results,84,85,0.0888581061777387,0.0888581061777387,0.250139377026647,0.245309312743487,0.0272565903048319,0.0479930044229599,0,0.0136085114499469,0.767857142857143,-0.0196428571428571,0.2125,0.683590552122732,1,closed_loop_monte_carlo,ok,ok,-154.689175220046
observation_noise,SIRS with observation noise,SIRS,uds,0,1,0,A2,Policy Intervention,ARX,I,/home/kaahin/degree_project/hybrid-epidemic-forecasting/results/partB/forecasts/partB_observation_noise_forecast_A2_ARX_I.mat,forecast_results,91,92,0.0785439181151316,0.0785439181151316,0.167935787970279,0.158995938026266,0.0176662153362518,0.0583542191941577,0.0025234835847221,0,0.928571428571429,0.141071428571429,0.2125,0.841773021749593,1,closed_loop_monte_carlo,ok,ok,-169.376859552844
observation_noise,SIRS with observation noise,SIRS,uds,0,1,0,A2,Policy Intervention,ARX,I,/home/kaahin/degree_project/hybrid-epidemic-forecasting/results/partB/forecasts/partB_observation_noise_forecast_A2_ARX_I.mat,forecast_results,98,99,0.0624789336840721,0.0624789336840721,0.0791067404000832,0.0593656351122876,0.00659618167914307,0.055882752004929,0,0,1,0.2125,0.2125,0.816646501798038,1,closed_loop_monte_carlo,ok,ok,-182.4784627711
observation_noise,SIRS with observation noise,SIRS,uds,0,1,0,A2,Policy Intervention,ARX,I,/home/kaahin/degree_project/hybrid-epidemic-forecasting/results/partB/forecasts/partB_observation_noise_forecast_A2_ARX_I.mat,forecast_results,105,106,0.0600255688100746,0.0600255688100746,0.0482818620416422,0.0388413777009639,0.00431570863344043,0.0557098601766341,0,0,1,0.2125,0.2125,0.796647143297702,1,closed_loop_monte_carlo,ok,ok,-193.048621046079
observation_noise,SIRS with observation noise,SIRS,uds,0,1,0,A2,Policy Intervention,ARX,I,/home/kaahin/degree_project/hybrid-epidemic-forecasting/results/partB/forecasts/partB_observation_noise_forecast_A2_ARX_I.mat,forecast_results,112,113,0.166371938005986,0.166371938005986,0.403673200336525,0.295915251638152,0.0328794724042391,0.0546950603682074,0.0783251125074258,0.000472292726113927,0.625,-0.1625,0.401785714285714,0.777649849339652,1,closed_loop_monte_carlo,ok,ok,-209.15632934643
observation_noise,SIRS with observation noise,SIRS,uds,0,1,0,A2,Policy Intervention,ARX,I,/home/kaahin/degree_project/hybrid-epidemic-forecasting/results/partB/forecasts/partB_observation_noise_forecast_A2_ARX_I.mat,forecast_results,119,120,0.392990398878498,0.392990398878498,0.667749048027,0.631532655451888,0.0701702950502098,0.0524356856362845,0.270384418192004,0,0.0892857142857143,-0.698214285714286,0.714285714285714,0.757750067419558,1,closed_loop_monte_carlo,ok,ok,-224.022267828332
observation_noise,SIRS with observation noise,SIRS,uds,0,1,0,A2,Policy Intervention,ARX,I,/home/kaahin/degree_project/hybrid-epidemic-forecasting/results/partB/forecasts/partB_observation_noise_forecast_A2_ARX_I.mat,forecast_results,126,127,0.101330817785295,0.101330817785295,0.247823783115212,0.244908079630744,0.0272120088478605,0.033875857484292,0.0402429514531422,0,0.375,-0.4125,0.473214285714286,0.486425169064513,1,closed_loop_monte_carlo,ok,ok,-227.178027422805
observation_noise,SIRS with observation noise,SIRS,uds,0,1,0,A2,Policy Intervention,ARX,I,/home/kaahin/degree_project/hybrid-epidemic-forecasting/results/partB/forecasts/partB_observation_noise_forecast_A2_ARX_I.mat,forecast_results,133,134,0.0423498323116728,0.0423498323116728,0.102381424188742,0.0985717720439672,0.0109524191159964,0.0302201029597702,0.00117731023590627,0,0.892857142857143,0.105357142857143,0.2125,0.430323868082811,1,closed_loop_monte_carlo,ok,ok,-238.751487544494
observation_noise,SIRS with observation noise,SIRS,uds,0,1,0,A2,Policy Intervention,ARX,I,/home/kaahin/degree_project/hybrid-epidemic-forecasting/results/partB/forecasts/partB_observation_noise_forecast_A2_ARX_I.mat,forecast_results,140,141,0.0251376707840647,0.0251376707840647,0.0326922048327326,0.0276547413836451,0.00307274904262724,0.0220649217414375,0,0,1,0.2125,0.2125,0.32475645092481,1,closed_loop_monte_carlo,ok,ok,-255.897308592276
observation_noise,SIRS with observation noise,SIRS,uds,0,1,0,A2,Policy Intervention,ARX,I,/home/kaahin/degree_project/hybrid-epidemic-forecasting/results/partB/forecasts/partB_observation_noise_forecast_A2_ARX_I.mat,forecast_results,147,148,0.031666642636734,0.031666642636734,0.0512872045115926,0.0476852366052599,0.00529835962280666,0.0263682830139273,0,0,1,0.2125,0.2125,0.394172172546628,1,closed_loop_monte_carlo,ok,ok,-272.951162963895
observation_noise,SIRS with observation noise,SIRS,uds,0,1,0,A2,Policy Intervention,ARX,I,/home/kaahin/degree_project/hybrid-epidemic-forecasting/results/partB/forecasts/partB_observation_noise_forecast_A2_ARX_I.mat,forecast_results,154,155,0.0252959703234382,0.0252959703234382,0.0190193449533251,0.0154013095118178,0.00171125661242421,0.023584713711014,0,0,1,0.2125,0.2125,0.346562764909028,1,closed_loop_monte_carlo,ok,ok,-288.971768967083
observation_noise,SIRS with observation noise,SIRS,uds,0,1,0,A2,Policy Intervention,ARX,I,/home/kaahin/degree_project/hybrid-epidemic-forecasting/results/partB/forecasts/partB_observation_noise_forecast_A2_ARX_I.mat,forecast_results,161,162,0.0300571280066117,0.0300571280066117,0.0543362979714045,0.0457927015292644,0.00508807794769605,0.0249690500589156,0,0,1,0.2125,0.2125,0.341418014884016,1,closed_loop_monte_carlo,ok,ok,-302.72730262348
observation_noise,SIRS with observation noise,SIRS,uds,0,1,0,A2,Policy Intervention,ARX,I,/home/kaahin/degree_project/hybrid-epidemic-forecasting/results/partB/forecasts/partB_observation_noise_forecast_A2_ARX_I.mat,forecast_results,168,169,0.0322858138322572,0.0322858138322572,0.0711488513117259,0.069601606177027,0.00773351179744744,0.0234496980418383,0.00110260399297144,0,0.910714285714286,0.123214285714286,0.2125,0.342221887999037,1,closed_loop_monte_carlo,ok,ok,-318.784780676673
observation_noise,SIRS with observation noise,SIRS,uds,0,1,0,A2,Policy Intervention,ARX,I,/home/kaahin/degree_project/hybrid-epidemic-forecasting/results/partB/forecasts/partB_observation_noise_forecast_A2_ARX_I.mat,forecast_results,175,176,0.0318007069931437,0.0318007069931437,0.0548600778949986,0.0524520267986952,0.0058280029776328,0.0259727040155109,0,0,1,0.2125,0.2125,0.38434121115228,1,closed_loop_monte_carlo,ok,ok,-337.212970215001
observation_noise,SIRS with observation noise,SIRS,uds,0,1,0,A2,Policy Intervention,ARX,I,/home/kaahin/degree_project/hybrid-epidemic-forecasting/results/partB/forecasts/partB_observation_noise_forecast_A2_ARX_I.mat,forecast_results,182,183,0.0236816599424265,0.0236816599424265,0.0203545244950153,0.0179473053763424,0.00199414504181582,0.0216875149006107,0,0,1,0.2125,0.2125,0.313094623392103,1,closed_loop_monte_carlo,ok,ok,-352.812110194793
observation_noise,SIRS with observation noise,SIRS,uds,0,1,0,A2,Policy Intervention,ARX,I,/home/kaahin/degree_project/hybrid-epidemic-forecasting/results/partB/forecasts/partB_observation_noise_forecast_A2_ARX_I.mat,forecast_results,189,190,0.0234047834504206,0.0234047834504206,0.0242539594594169,0.019443108846914,0.00216034542743489,0.020977302840408,0,0.000267135182577645,0.982142857142857,0.194642857142857,0.2125,0.30772057162772,1,closed_loop_monte_carlo,ok,ok,-361.422087865037
observation_noise,SIRS with observation noise,SIRS,uds,0,1,0,A2,Policy Intervention,ARX,I,/home/kaahin/degree_project/hybrid-epidemic-forecasting/results/partB/forecasts/partB_observation_noise_forecast_A2_ARX_I.mat,forecast_results,196,197,0.0255273974211907,0.0255273974211907,0.0185252682830512,0.0156266351703123,0.00173629279670137,0.0237911046244893,0,0,1,0.2125,0.2125,0.35385127844919,1,closed_loop_monte_carlo,ok,ok,-376.890906062142
observation_noise,SIRS with observation noise,SIRS,uds,0,1,0,A2,Policy Intervention,ARX,I,/home/kaahin/degree_project/hybrid-epidemic-forecasting/results/partB/forecasts/partB_observation_noise_forecast_A2_ARX_I.mat,forecast_results,203,204,0.025547027322527,0.025547027322527,0.0290748036955622,0.0243587225084784,0.00270652472316427,0.0228405025993627,0,0,1,0.2125,0.2125,0.33123327200459,1,closed_loop_monte_carlo,ok,ok,-387.452150298257
observation_noise,SIRS with observation noise,SIRS,uds,0,1,0,A2,Policy Intervention,ARX,I,/home/kaahin/degree_project/hybrid-epidemic-forecasting/results/partB/forecasts/partB_observation_noise_forecast_A2_ARX_I.mat,forecast_results,210,211,0.0256077338118083,0.0256077338118083,0.0247116609336214,0.0219555249566656,0.00243950277296284,0.0231682310388454,0,0,1,0.2125,0.2125,0.338548667099907,1,closed_loop_monte_carlo,ok,ok,-405.194526696663
observation_noise,SIRS with observation noise,SIRS,uds,0,1,0,A2,Policy Intervention,ARX,I,/home/kaahin/degree_project/hybrid-epidemic-forecasting/results/partB/forecasts/partB_observation_noise_forecast_A2_ARX_I.mat,forecast_results,217,218,0.0337782761602696,0.0337782761602696,0.0562828645275681,0.0548450772324431,0.00609389747027145,0.0274117702374254,0.000272608452572665,0,0.982142857142857,0.194642857142857,0.2125,0.395737266065823,1,closed_loop_monte_carlo,ok,ok,-405.978879507287
observation_noise,SIRS with observation noise,SIRS,uds,0,1,0,A2,Policy Intervention,ARX,I,/home/kaahin/degree_project/hybrid-epidemic-forecasting/results/partB/forecasts/partB_observation_noise_forecast_A2_ARX_I.mat,forecast_results,224,225,0.0417527654042105,0.0417527654042105,0.0995660184122411,0.0984111985658207,0.0109345776184245,0.0273427852998162,0.00347540248596982,0,0.875,0.0875,0.2125,0.396947019347281,1,closed_loop_monte_carlo,ok,ok,-421.424624995395
observation_noise,SIRS with observation noise,SIRS,uds,0,1,0,A2,Policy Intervention,ARX,I,/home/kaahin/degree_project/hybrid-epidemic-forecasting/results/partB/forecasts/partB_observation_noise_forecast_A2_ARX_I.mat,forecast_results,231,232,0.0320752448656128,0.0320752448656128,0.0580947784295878,0.0510248579972981,0.00566942866636645,0.0264058161992463,0,0,1,0.2125,0.2125,0.392918110599529,1,closed_loop_monte_carlo,ok,ok,-436.929142165327
observation_noise,SIRS with observation noise,SIRS,uds,0,1,0,A2,Policy Intervention,ARX,I,/home/kaahin/degree_project/hybrid-epidemic-forecasting/results/partB/forecasts/partB_observation_noise_forecast_A2_ARX_I.mat,forecast_results,238,239,0.0353098436598735,0.0353098436598735,0.0831289754091312,0.079600815307337,0.00884453503414855,0.0256708791262272,0.00079442949949771,0,0.910714285714286,0.123214285714286,0.2125,0.371383501405579,1,closed_loop_monte_carlo,ok,ok,-445.85802138658
observation_noise,SIRS with observation noise,SIRS,uds,0,1,0,A2,Policy Intervention,ARX,I,/home/kaahin/degree_project/hybrid-epidemic-forecasting/results/partB/forecasts/partB_observation_noise_forecast_A2_ARX_I.mat,forecast_results,245,246,0.0225973171121361,0.0225973171121361,0.0246452514869091,0.019833791177433,0.00220375457527033,0.0202706324696947,0,0.000122930067171072,0.982142857142857,0.194642857142857,0.2125,0.298135353133469,1,closed_loop_monte_carlo,ok,ok,-457.075543999377
observation_noise,SIRS with observation noise,SIRS,uds,0,1,0,A2,Policy Intervention,ARX,I,/home/kaahin/degree_project/hybrid-epidemic-forecasting/results/partB/forecasts/partB_observation_noise_forecast_A2_ARX_I.mat,forecast_results,252,253,0.0284957573000897,0.0284957573000897,0.0284410379661203,0.0220325484462411,0.00244806093847123,0.0260476963616185,0,0,1,0.2125,0.2125,0.381387686224334,1,closed_loop_monte_carlo,ok,ok,-470.543396836485
observation_noise,SIRS with observation noise,SIRS,uds,0,1,0,A2,Policy Intervention,ARX,I,/home/kaahin/degree_project/hybrid-epidemic-forecasting/results/partB/forecasts/partB_observation_noise_forecast_A2_ARX_I.mat,forecast_results,259,260,0.0338319742760384,0.0338319742760384,0.0765442816311232,0.0728616438075469,0.00809573820083855,0.0253406165824193,0.000395619492780563,0,0.946428571428571,0.158928571428571,0.2125,0.373976965239453,1,closed_loop_monte_carlo,ok,ok,-485.342242253259
observation_noise,SIRS with observation noise,SIRS,uds,0,1,0,A2,Policy Intervention,ARX,I,/home/kaahin/degree_project/hybrid-epidemic-forecasting/results/partB/forecasts/partB_observation_noise_forecast_A2_ARX_I.mat,forecast_results,266,267,0.0268665240356061,0.0268665240356061,0.0152824472191038,0.0122689400932893,0.00136321556592103,0.0255033084696851,0,0,1,0.2125,0.2125,0.35429593347085,1,closed_loop_monte_carlo,ok,ok,-499.73931439838
observation_noise,SIRS with observation noise,SIRS,uds,0,1,0,A2,Policy Intervention,ARX,I,/home/kaahin/degree_project/hybrid-epidemic-forecasting/results/partB/forecasts/partB_observation_noise_forecast_A2_ARX_I.mat,forecast_results,273,274,0.0246332514674251,0.0246332514674251,0.0253941455574377,0.0207403696289496,0.00230448551432773,0.0223287659530974,0,0,1,0.2125,0.2125,0.31567592638349,1,closed_loop_monte_carlo,ok,ok,-518.419679557657
observation_noise,SIRS with observation noise,SIRS,uds,0,1,0,A2,Policy Intervention,ARX,I,/home/kaahin/degree_project/hybrid-epidemic-forecasting/results/partB/forecasts/partB_observation_noise_forecast_A2_ARX_I.mat,forecast_results,280,281,0.0236800501243755,0.0236800501243755,0.0121212985702209,0.0094595185820408,0.00105105762022676,0.0226289925041487,0,0,1,0.2125,0.2125,0.330702699605077,1,closed_loop_monte_carlo,ok,ok,-535.266204955442
observation_noise,SIRS with observation noise,SIRS,uds,0,1,0,A2,Policy Intervention,ARX,I,/home/kaahin/degree_project/hybrid-epidemic-forecasting/results/partB/forecasts/partB_observation_noise_forecast_A2_ARX_I.mat,forecast_results,287,288,0.0251460318497052,0.0251460318497052,0.0216321347709931,0.019776320355089,0.00219736892834322,0.022948662921362,0,0,1,0.2125,0.2125,0.342129164643438,1,closed_loop_monte_carlo,ok,ok,-548.358833529088
observation_noise,SIRS with observation noise,SIRS,uds,0,1,0,A2,Policy Intervention,ARX,I,/home/kaahin/degree_project/hybrid-epidemic-forecasting/results/partB/forecasts/partB_observation_noise_forecast_A2_ARX_I.mat,forecast_results,294,295,0.0277325245824988,0.0277325245824988,0.0491585550483803,0.0461623313358502,0.00512914792620558,0.0226033766562933,0,0,1,0.2125,0.2125,0.327782218194503,1,closed_loop_monte_carlo,ok,ok,-556.188159965469
observation_noise,SIRS with observation noise,SIRS,uds,0,1,0,A2,Policy Intervention,ARX,I,/home/kaahin/degree_project/hybrid-epidemic-forecasting/results/partB/forecasts/partB_observation_noise_forecast_A2_ARX_I.mat,forecast_results,301,302,0.0268521090020141,0.0268521090020141,0.0411986813759595,0.0382658468608413,0.0042517607623157,0.0226003482396984,0,0,1,0.2125,0.2125,0.333405489079922,1,closed_loop_monte_carlo,ok,ok,-565.215009523175
observation_noise,SIRS with observation noise,SIRS,uds,0,1,0,A2,Policy Intervention,ARX,I,/home/kaahin/degree_project/hybrid-epidemic-forecasting/results/partB/forecasts/partB_observation_noise_forecast_A2_ARX_I.mat,forecast_results,308,309,0.0457415602660643,0.0457415602660643,0.115022801196556,0.113407235977578,0.0126008039975087,0.0262436037661247,0.00689715250243091,0,0.75,-0.0375,0.2125,0.39071500204524,1,closed_loop_monte_carlo,ok,ok,-577.833389644971
observation_noise,SIRS with observation noise,SIRS,uds,0,1,0,A2,Policy Intervention,ARX,I,/home/kaahin/degree_project/hybrid-epidemic-forecasting/results/partB/forecasts/partB_observation_noise_forecast_A2_ARX_I.mat,forecast_results,315,316,0.0263700635053266,0.0263700635053266,0.0269316885584908,0.0209388567333078,0.0023265396370342,0.0240435238682924,0,0,1,0.2125,0.2125,0.346768506774639,1,closed_loop_monte_carlo,ok,ok,-586.79139068594
observation_noise,SIRS with observation noise,SIRS,uds,0,1,0,A2,Policy Intervention,ARX,I,/home/kaahin/degree_project/hybrid-epidemic-forecasting/results/partB/forecasts/partB_observation_noise_forecast_A2_ARX_I.mat,forecast_results,322,323,0.026504902775062,0.026504902775062,0.0442477822266988,0.0419031536278553,0.00465590595865059,0.0211593516319165,0,0.00068964518449496,0.928571428571429,0.141071428571429,0.2125,0.305272102996036,1,closed_loop_monte_carlo,ok,ok,-603.633516425401
observation_noise,SIRS with observation noise,SIRS,uds,0,1,0,A2,Policy Intervention,ARX,I,/home/kaahin/degree_project/hybrid-epidemic-forecasting/results/partB/forecasts/partB_observation_noise_forecast_A2_ARX_I.mat,forecast_results,329,330,0.0262521059812815,0.0262521059812815,0.0231878380613919,0.0185636687093238,0.00206262985659153,0.0241894761246899,0,0,1,0.2125,0.2125,0.363842426337345,1,closed_loop_monte_carlo,ok,ok,-620.927322347871
observation_noise,SIRS with observation noise,SIRS,uds,0,1,0,A2,Policy Intervention,ARX,I,/home/kaahin/degree_project/hybrid-epidemic-forecasting/results/partB/forecasts/partB_observation_noise_forecast_A2_ARX_I.mat,forecast_results,336,337,0.0241804175775921,0.0241804175775921,0.0157160966231242,0.014217801250704,0.00157975569452267,0.0226006618830694,0,0,1,0.2125,0.2125,0.324632716061151,1,closed_loop_monte_carlo,ok,ok,-639.233766997204
observation_noise,SIRS with observation noise,SIRS,uds,0,1,0,A2,Policy Intervention,ARX,I,/home/kaahin/degree_project/hybrid-epidemic-forecasting/results/partB/forecasts/partB_observation_noise_forecast_A2_ARX_I.mat,forecast_results,343,344,0.0318835340404476,0.0318835340404476,0.0813203455095289,0.0806302319357182,0.00895891465952424,0.02034886940285,0,0.00257574997807336,0.875,0.0875,0.223214285714286,0.297050276098132,1,closed_loop_monte_carlo,ok,ok,-652.056963108367
observation_noise,SIRS with observation noise,SIRS,uds,0,1,0,A2,Policy Intervention,ARX,I,/home/kaahin/degree_project/hybrid-epidemic-forecasting/results/partB/forecasts/partB_observation_noise_forecast_A2_ARX_I.mat,forecast_results,350,351,0.0269438225112826,0.0269438225112826,0.0468199321246972,0.0423464424265408,0.00470516026961564,0.022238662241667,0,0,1,0.2125,0.2125,0.327077895698529,1,closed_loop_monte_carlo,ok,ok,-671.208526479013
observation_noise,SIRS with observation noise,SIRS,uds,0,1,0,A3,Damping Resurgence,AR,None,/home/kaahin/degree_project/hybrid-epidemic-forecasting/results/partB/forecasts/partB_observation_noise_forecast_A3_AR_None.mat,forecast_results,49,50,0.143227704906094,0.143227704906094,0.380864901911149,0.349648889300986,0.0388498765889985,0.0422478978243023,0,0.0621299304927932,0.517857142857143,-0.269642857142857,0.385714285714286,0.600235998036245,1,closed_loop_monte_carlo,ok,ok,-65.255491120871
observation_noise,SIRS with observation noise,SIRS,uds,0,1,0,A3,Damping Resurgence,AR,None,/home/kaahin/degree_project/hybrid-epidemic-forecasting/results/partB/forecasts/partB_observation_noise_forecast_A3_AR_None.mat,forecast_results,56,57,0.106544927870128,0.106544927870128,0.298246659041623,0.276141115559728,0.0306823461733031,0.0484260301005511,0,0.0274365515962734,0.767857142857143,-0.0196428571428571,0.233928571428571,0.731944486995757,1,closed_loop_monte_carlo,ok,ok,-78.9952397543778
observation_noise,SIRS with observation noise,SIRS,uds,0,1,0,A3,Damping Resurgence,AR,None,/home/kaahin/degree_project/hybrid-epidemic-forecasting/results/partB/forecasts/partB_observation_noise_forecast_A3_AR_None.mat,forecast_results,63,64,0.0825702393878444,0.0825702393878444,0.136235440175538,0.122696504024465,0.0136329448916072,0.0689372944962371,0,0,1,0.2125,0.2125,0.957619990496267,1,closed_loop_monte_carlo,ok,ok,-86.2307833063635
observation_noise,SIRS with observation noise,SIRS,uds,0,1,0,A3,Damping Resurgence,AR,None,/home/kaahin/degree_project/hybrid-epidemic-forecasting/results/partB/forecasts/partB_observation_noise_forecast_A3_AR_None.mat,forecast_results,70,71,0.0715500271419041,0.0715500271419041,0.134667007105109,0.128640526377786,0.014293391819754,0.05725663532215,0,0,1,0.2125,0.2125,0.853619897856806,1,closed_loop_monte_carlo,ok,ok,-101.310937202791
observation_noise,SIRS with observation noise,SIRS,uds,0,1,0,A3,Damping Resurgence,AR,None,/home/kaahin/degree_project/hybrid-epidemic-forecasting/results/partB/forecasts/partB_observation_noise_forecast_A3_AR_None.mat,forecast_results,77,78,0.0768932441548595,0.0768932441548595,0.17616908740393,0.155297867753691,0.017255318639299,0.0562256325656244,0.00341229294993612,0,0.946428571428571,0.158928571428571,0.2125,0.828652489187658,1,closed_loop_monte_carlo,ok,ok,-116.830622370735
observation_noise,SIRS with observation noise,SIRS,uds,0,1,0,A3,Damping Resurgence,AR,None,/home/kaahin/degree_project/hybrid-epidemic-forecasting/results/partB/forecasts/partB_observation_noise_forecast_A3_AR_None.mat,forecast_results,84,85,0.180665124778984,0.180665124778984,0.428407330199812,0.424856468291167,0.0472062742545741,0.0587513775690106,0.0747074729553996,0,0.357142857142857,-0.430357142857143,0.480357142857143,0.903894523262262,1,closed_loop_monte_carlo,ok,ok,-129.558883871094
observation_noise,SIRS with observation noise,SIRS,uds,0,1,0,A3,Damping Resurgence,AR,None,/home/kaahin/degree_project/hybrid-epidemic-forecasting/results/partB/forecasts/partB_observation_noise_forecast_A3_AR_None.mat,forecast_results,91,92,0.0622194985162034,0.0622194985162034,0.135781046172534,0.122955833955555,0.013661759328395,0.0470405354496426,0.00151720373816569,0,0.910714285714286,0.123214285714286,0.2125,0.695135067437275,1,closed_loop_monte_carlo,ok,ok,-139.741001935774
observation_noise,SIRS with observation noise,SIRS,uds,0,1,0,A3,Damping Resurgence,AR,None,/home/kaahin/degree_project/hybrid-epidemic-forecasting/results/partB/forecasts/partB_observation_noise_forecast_A3_AR_None.mat,forecast_results,98,99,0.0502233899057236,0.0502233899057236,0.10018658997093,0.09081991033543,0.0100911011483811,0.0394343065393572,0.000697982217985296,0,0.946428571428571,0.158928571428571,0.2125,0.553218473643154,1,closed_loop_monte_carlo,ok,ok,-148.464599611892
observation_noise,SIRS with observation noise,SIRS,uds,0,1,0,A3,Damping Resurgence,AR,None,/home/kaahin/degree_project/hybrid-epidemic-forecasting/results/partB/forecasts/partB_observation_noise_forecast_A3_AR_None.mat,forecast_results,105,106,0.0378934554469512,0.0378934554469512,0.0636062483723934,0.0515969847214108,0.00573299830237898,0.0321604571445723,0,0,1,0.2125,0.2125,0.474798410455124,1,closed_loop_monte_carlo,ok,ok,-160.283960095789
observation_noise,SIRS with observation noise,SIRS,uds,0,1,0,A3,Damping Resurgence,AR,None,/home/kaahin/degree_project/hybrid-epidemic-forecasting/results/partB/forecasts/partB_observation_noise_forecast_A3_AR_None.mat,forecast_results,112,113,0.0487846680903001,0.0487846680903001,0.0974459418651268,0.0772727643866501,0.00858586270962779,0.0397405528895367,0,0.000458252491135663,0.964285714285714,0.176785714285714,0.2125,0.604135259373356,1,closed_loop_monte_carlo,ok,ok,-172.279426830016
observation_noise,SIRS with observation noise,SIRS,uds,0,1,0,A3,Damping Resurgence,AR,None,/home/kaahin/degree_project/hybrid-epidemic-forecasting/results/partB/forecasts/partB_observation_noise_forecast_A3_AR_None.mat,forecast_results,119,120,0.07212363910674,0.07212363910674,0.219234166388795,0.187672696066682,0.0208525217851869,0.0373084653295264,0,0.0139626519920268,0.839285714285714,0.0517857142857143,0.2125,0.55621969446133,1,closed_loop_monte_carlo,ok,ok,-172.282939697253
observation_noise,SIRS with observation noise,SIRS,uds,0,1,0,A3,Damping Resurgence,AR,None,/home/kaahin/degree_project/hybrid-epidemic-forecasting/results/partB/forecasts/partB_observation_noise_forecast_A3_AR_None.mat,forecast_results,126,127,0.12614267643706,0.12614267643706,0.357710923413003,0.332579552339734,0.0369532835933037,0.0442523647214354,0,0.0449370281223206,0.642857142857143,-0.144642857142857,0.291071428571429,0.674721484984086,1,closed_loop_monte_carlo,ok,ok,-177.489831439704
observation_noise,SIRS with observation noise,SIRS,uds,0,1,0,A3,Damping Resurgence,AR,None,/home/kaahin/degree_project/hybrid-epidemic-forecasting/results/partB/forecasts/partB_observation_noise_forecast_A3_AR_None.mat,forecast_results,133,134,0.082507123395206,0.082507123395206,0.214945523522132,0.195113902747684,0.0216793225275204,0.0504742003555257,0,0.01035360051216,0.839285714285714,0.0517857142857143,0.2125,0.793958653195994,1,closed_loop_monte_carlo,ok,ok,-189.878491498443
observation_noise,SIRS with observation noise,SIRS,uds,0,1,0,A3,Damping Resurgence,AR,None,/home/kaahin/degree_project/hybrid-epidemic-forecasting/results/partB/forecasts/partB_observation_noise_forecast_A3_AR_None.mat,forecast_results,140,141,0.102305073822349,0.102305073822349,0.29609006621859,0.284008467229752,0.0315564963588614,0.0456061839008349,0,0.0251423935626525,0.75,-0.0375,0.223214285714286,0.691514023758998,1,closed_loop_monte_carlo,ok,ok,-200.909716526912
observation_noise,SIRS with observation noise,SIRS,uds,0,1,0,A3,Damping Resurgence,AR,None,/home/kaahin/degree_project/hybrid-epidemic-forecasting/results/partB/forecasts/partB_observation_noise_forecast_A3_AR_None.mat,forecast_results,147,148,0.0669893678368186,0.0669893678368186,0.0673163496740913,0.0532136703471853,0.00591263003857614,0.0610767377982424,0,0,1,0.2125,0.2125,0.879812191940571,1,closed_loop_monte_carlo,ok,ok,-209.566141507668
observation_noise,SIRS with observation noise,SIRS,uds,0,1,0,A3,Damping Resurgence,AR,None,/home/kaahin/degree_project/hybrid-epidemic-forecasting/results/partB/forecasts/partB_observation_noise_forecast_A3_AR_None.mat,forecast_results,154,155,0.0760113753927355,0.0760113753927355,0.145830299247265,0.121740348919555,0.0135267054355062,0.0618901948870995,0.000594475070129786,0,0.982142857142857,0.194642857142857,0.2125,0.880182106045695,1,closed_loop_monte_carlo,ok,ok,-219.595991348021
observation_noise,SIRS with observation noise,SIRS,uds,0,1,0,A3,Damping Resurgence,AR,None,/home/kaahin/degree_project/hybrid-epidemic-forecasting/results/partB/forecasts/partB_observation_noise_forecast_A3_AR_None.mat,forecast_results,161,162,0.081138129892057,0.081138129892057,0.218136460676056,0.195161324244199,0.0216845915826888,0.0504404247790734,0.00901311353029477,0,0.857142857142857,0.0696428571428571,0.2125,0.733351588942491,1,closed_loop_monte_carlo,ok,ok,-235.395121265071
observation_noise,SIRS with observation noise,SIRS,uds,0,1,0,A3,Damping Resurgence,AR,None,/home/kaahin/degree_project/hybrid-epidemic-forecasting/results/partB/forecasts/partB_observation_noise_forecast_A3_AR_None.mat,forecast_results,168,169,0.0553470156195762,0.0553470156195762,0.119105554644052,0.106190204047844,0.0117989115608716,0.0435175124017256,3.05916569789576e-05,0,0.982142857142857,0.194642857142857,0.2125,0.641810128798485,1,closed_loop_monte_carlo,ok,ok,-249.852688831976
observation_noise,SIRS with observation noise,SIRS,uds,0,1,0,A3,Damping Resurgence,AR,None,/home/kaahin/degree_project/hybrid-epidemic-forecasting/results/partB/forecasts/partB_observation_noise_forecast_A3_AR_None.mat,forecast_results,175,176,0.0625185896216037,0.0625185896216037,0.150348789801153,0.147201132104127,0.016355681344903,0.0373043742573254,0.00885853401937529,0,0.767857142857143,-0.0196428571428571,0.233928571428571,0.544755487398551,1,closed_loop_monte_carlo,ok,ok,-266.044184408512
observation_noise,SIRS with observation noise,SIRS,uds,0,1,0,A3,Damping Resurgence,AR,None,/home/kaahin/degree_project/hybrid-epidemic-forecasting/results/partB/forecasts/partB_observation_noise_forecast_A3_AR_None.mat,forecast_results,182,183,0.0521719642617241,0.0521719642617241,0.1408020566483,0.127406481395372,0.0141562757105968,0.0373846980575944,0,0.000630990493532853,0.964285714285714,0.176785714285714,0.2125,0.534050340498487,1,closed_loop_monte_carlo,ok,ok,-277.506615465885
observation_noise,SIRS with observation noise,SIRS,uds,0,1,0,A3,Damping Resurgence,AR,None,/home/kaahin/degree_project/hybrid-epidemic-forecasting/results/partB/forecasts/partB_observation_noise_forecast_A3_AR_None.mat,forecast_results,189,190,0.0736584033413673,0.0736584033413673,0.238469896826724,0.210297181793917,0.0233663535326574,0.0326781124208868,0,0.0176139373878231,0.75,-0.0375,0.223214285714286,0.47615651448565,1,closed_loop_monte_carlo,ok,ok,-291.135332697297
observation_noise,SIRS with observation noise,SIRS,uds,0,1,0,A3,Damping Resurgence,AR,None,/home/kaahin/degree_project/hybrid-epidemic-forecasting/results/partB/forecasts/partB_observation_noise_forecast_A3_AR_None.mat,forecast_results,196,197,0.104753093548979,0.104753093548979,0.309972198883121,0.278847391400436,0.0309830434889373,0.0385688429316966,0,0.0352012071283447,0.678571428571429,-0.108928571428571,0.266071428571429,0.589770922137057,1,closed_loop_monte_carlo,ok,ok,-305.959756170409
observation_noise,SIRS with observation noise,SIRS,uds,0,1,0,A3,Damping Resurgence,AR,None,/home/kaahin/degree_project/hybrid-epidemic-forecasting/results/partB/forecasts/partB_observation_noise_forecast_A3_AR_None.mat,forecast_results,203,204,0.0837364520499297,0.0837364520499297,0.253224335469643,0.227029628094768,0.025225514232752,0.0464362273445387,0,0.012074710472639,0.857142857142857,0.0696428571428571,0.2125,0.670006516353689,1,closed_loop_monte_carlo,ok,ok,-322.626223534678
observation_noise,SIRS with observation noise,SIRS,uds,0,1,0,A3,Damping Resurgence,AR,None,/home/kaahin/degree_project/hybrid-epidemic-forecasting/results/partB/forecasts/partB_observation_noise_forecast_A3_AR_None.mat,forecast_results,210,211,0.0721262454156393,0.0721262454156393,0.166062377581017,0.146282137070999,0.0162535707856666,0.0558150123575449,0,5.76622724278067e-05,0.982142857142857,0.194642857142857,0.2125,0.809502246966752,1,closed_loop_monte_carlo,ok,ok,-332.098826967589
observation_noise,SIRS with observation noise,SIRS,uds,0,1,0,A3,Damping Resurgence,AR,None,/home/kaahin/degree_project/hybrid-epidemic-forecasting/results/partB/forecasts/partB_observation_noise_forecast_A3_AR_None.mat,forecast_results,217,218,0.0783028108923966,0.0783028108923966,0.200964589312802,0.197061031565333,0.0218956701739259,0.0475982390144698,0,0.00880890170400079,0.803571428571429,0.0160714285714286,0.2125,0.723105099738332,1,closed_loop_monte_carlo,ok,ok,-337.83568816954
observation_noise,SIRS with observation noise,SIRS,uds,0,1,0,A3,Damping Resurgence,AR,None,/home/kaahin/degree_project/hybrid-epidemic-forecasting/results/partB/forecasts/partB_observation_noise_forecast_A3_AR_None.mat,forecast_results,224,225,0.0535186673684381,0.0535186673684381,0.0916100444701395,0.0669371379631637,0.00743745977368486,0.0460812075947533,0,0,1,0.2125,0.2125,0.674985579403615,1,closed_loop_monte_carlo,ok,ok,-351.289762863973
observation_noise,SIRS with observation noise,SIRS,uds,0,1,0,A3,Damping Resurgence,AR,None,/home/kaahin/degree_project/hybrid-epidemic-forecasting/results/partB/forecasts/partB_observation_noise_forecast_A3_AR_None.mat,forecast_results,231,232,0.107233457806523,0.107233457806523,0.282150395565763,0.273704434484694,0.0304116038316326,0.0490956139665273,0.0277262400083633,0,0.678571428571429,-0.108928571428571,0.255357142857143,0.711195466574415,1,closed_loop_monte_carlo,ok,ok,-366.958651815009
observation_noise,SIRS with observation noise,SIRS,uds,0,1,0,A3,Damping Resurgence,AR,None,/home/kaahin/degree_project/hybrid-epidemic-forecasting/results/partB/forecasts/partB_observation_noise_forecast_A3_AR_None.mat,forecast_results,238,239,0.0496448336371259,0.0496448336371259,0.119247594113725,0.100537421171492,0.0111708245746103,0.0365874644065226,0.00188654465599304,0,0.928571428571429,0.141071428571429,0.2125,0.543072119871497,1,closed_loop_monte_carlo,ok,ok,-379.161032059935
observation_noise,SIRS with observation noise,SIRS,uds,0,1,0,A3,Damping Resurgence,AR,None,/home/kaahin/degree_project/hybrid-epidemic-forecasting/results/partB/forecasts/partB_observation_noise_forecast_A3_AR_None.mat,forecast_results,245,246,0.0688954070008023,0.0688954070008023,0.177268483420956,0.171070295075014,0.0190078105638904,0.0399961141545877,0.00989148228232414,0,0.75,-0.0375,0.2125,0.589921971278486,1,closed_loop_monte_carlo,ok,ok,-395.915990322212
observation_noise,SIRS with observation noise,SIRS,uds,0,1,0,A3,Damping Resurgence,AR,None,/home/kaahin/degree_project/hybrid-epidemic-forecasting/results/partB/forecasts/partB_observation_noise_forecast_A3_AR_None.mat,forecast_results,252,253,0.0372930951137482,0.0372930951137482,0.067633414197341,0.0541310408945094,0.00601456009938993,0.0312785350143583,0,0,1,0.2125,0.2125,0.446122603592688,1,closed_loop_monte_carlo,ok,ok,-410.814821629711
observation_noise,SIRS with observation noise,SIRS,uds,0,1,0,A3,Damping Resurgence,AR,None,/home/kaahin/degree_project/hybrid-epidemic-forecasting/results/partB/forecasts/partB_observation_noise_forecast_A3_AR_None.mat,forecast_results,259,260,0.0499770398716038,0.0499770398716038,0.132135413869358,0.10726656542563,0.0119185072695144,0.0332159754802247,0,0.00484255712186467,0.910714285714286,0.123214285714286,0.2125,0.501914618532707,1,closed_loop_monte_carlo,ok,ok,-426.116670547276
observation_noise,SIRS with observation noise,SIRS,uds,0,1,0,A3,Damping Resurgence,AR,None,/home/kaahin/degree_project/hybrid-epidemic-forecasting/results/partB/forecasts/partB_observation_noise_forecast_A3_AR_None.mat,forecast_results,266,267,0.0728742542551214,0.0728742542551214,0.231447110667159,0.187522947764438,0.0208358830849375,0.0406040764060137,0,0.0114342947641701,0.892857142857143,0.105357142857143,0.2125,0.581573851995306,1,closed_loop_monte_carlo,ok,ok,-441.980192843173
observation_noise,SIRS with observation noise,SIRS,uds,0,1,0,A3,Damping Resurgence,AR,None,/home/kaahin/degree_project/hybrid-epidemic-forecasting/results/partB/forecasts/partB_observation_noise_forecast_A3_AR_None.mat,forecast_results,273,274,0.108933892285946,0.108933892285946,0.302769452565481,0.280330642639527,0.0311478491821697,0.0363654568597441,0,0.0414205862440326,0.625,-0.1625,0.301785714285714,0.551322357293246,1,closed_loop_monte_carlo,ok,ok,-456.809507936432
observation_noise,SIRS with observation noise,SIRS,uds,0,1,0,A3,Damping Resurgence,AR,None,/home/kaahin/degree_project/hybrid-epidemic-forecasting/results/partB/forecasts/partB_observation_noise_forecast_A3_AR_None.mat,forecast_results,280,281,0.104994840357123,0.104994840357123,0.304363522735978,0.285255143632191,0.0316950159591323,0.0399483908876855,0,0.0333514335103056,0.714285714285714,-0.0732142857142857,0.244642857142857,0.609302970256723,1,closed_loop_monte_carlo,ok,ok,-463.738065562193
observation_noise,SIRS with observation noise,SIRS,uds,0,1,0,A3,Damping Resurgence,AR,None,/home/kaahin/degree_project/hybrid-epidemic-forecasting/results/partB/forecasts/partB_observation_noise_forecast_A3_AR_None.mat,forecast_results,287,288,0.0811889797859692,0.0811889797859692,0.225937153595914,0.220527687949638,0.0245030764388487,0.0447623980140848,0,0.0119235053330357,0.785714285714286,-0.00178571428571429,0.2125,0.67092736499376,1,closed_loop_monte_carlo,ok,ok,-468.71797567465
observation_noise,SIRS with observation noise,SIRS,uds,0,1,0,A3,Damping Resurgence,AR,None,/home/kaahin/degree_project/hybrid-epidemic-forecasting/results/partB/forecasts/partB_observation_noise_forecast_A3_AR_None.mat,forecast_results,294,295,0.0861156288873247,0.0861156288873247,0.190448061418382,0.186309525512313,0.020701058390257,0.0629178075240674,0.00249676297300035,0,0.892857142857143,0.105357142857143,0.2125,0.952704570418436,1,closed_loop_monte_carlo,ok,ok,-475.356969060304
observation_noise,SIRS with observation noise,SIRS,uds,0,1,0,A3,Damping Resurgence,AR,None,/home/kaahin/degree_project/hybrid-epidemic-forecasting/results/partB/forecasts/partB_observation_noise_forecast_A3_AR_None.mat,forecast_results,301,302,0.0750677064434442,0.0750677064434442,0.187079191801929,0.17671591343235,0.0196351014924833,0.0516318908737451,0.00380071407721578,0,0.892857142857143,0.105357142857143,0.2125,0.744611854936203,1,closed_loop_monte_carlo,ok,ok,-487.436404767439
observation_noise,SIRS with observation noise,SIRS,uds,0,1,0,A3,Damping Resurgence,AR,None,/home/kaahin/degree_project/hybrid-epidemic-forecasting/results/partB/forecasts/partB_observation_noise_forecast_A3_AR_None.mat,forecast_results,308,309,0.112467937617893,0.112467937617893,0.28663986532415,0.274782118427731,0.0305313464919701,0.0423107429153217,0.0396258482106012,0,0.517857142857143,-0.269642857142857,0.3625,0.622885032139414,1,closed_loop_monte_carlo,ok,ok,-498.933348771807
observation_noise,SIRS with observation noise,SIRS,uds,0,1,0,A3,Damping Resurgence,AR,None,/home/kaahin/degree_project/hybrid-epidemic-forecasting/results/partB/forecasts/partB_observation_noise_forecast_A3_AR_None.mat,forecast_results,315,316,0.0795671510497493,0.0795671510497493,0.221182498494986,0.206936723058966,0.022992969228774,0.0353284451275926,0.0212457366933827,0,0.607142857142857,-0.180357142857143,0.316071428571429,0.521052869023457,1,closed_loop_monte_carlo,ok,ok,-511.320327149846
observation_noise,SIRS with observation noise,SIRS,uds,0,1,0,A3,Damping Resurgence,AR,None,/home/kaahin/degree_project/hybrid-epidemic-forecasting/results/partB/forecasts/partB_observation_noise_forecast_A3_AR_None.mat,forecast_results,322,323,0.0529732153798689,0.0529732153798689,0.147226133357149,0.135022684748942,0.0150025205276602,0.0285478637069803,0.00942283114522843,0,0.821428571428571,0.0339285714285714,0.223214285714286,0.425405418167018,1,closed_loop_monte_carlo,ok,ok,-523.16930433153
observation_noise,SIRS with observation noise,SIRS,uds,0,1,0,A3,Damping Resurgence,AR,None,/home/kaahin/degree_project/hybrid-epidemic-forecasting/results/partB/forecasts/partB_observation_noise_forecast_A3_AR_None.mat,forecast_results,329,330,0.0702430119086765,0.0702430119086765,0.189365296299095,0.181262965346138,0.0201403294829042,0.0292275607715999,0.0208751216541723,0,0.589285714285714,-0.198214285714286,0.316071428571429,0.424380933792836,1,closed_loop_monte_carlo,ok,ok,-537.52755491904
observation_noise,SIRS with observation noise,SIRS,uds,0,1,0,A3,Damping Resurgence,AR,None,/home/kaahin/degree_project/hybrid-epidemic-forecasting/results/partB/forecasts/partB_observation_noise_forecast_A3_AR_None.mat,forecast_results,336,337,0.0384436792484865,0.0384436792484865,0.104947557105778,0.0936718339796212,0.0104079815532912,0.0262268105284207,0.00180888716677458,0,0.910714285714286,0.123214285714286,0.2125,0.376517412914711,1,closed_loop_monte_carlo,ok,ok,-550.279975791895
observation_noise,SIRS with observation noise,SIRS,uds,0,1,0,A3,Damping Resurgence,AR,None,/home/kaahin/degree_project/hybrid-epidemic-forecasting/results/partB/forecasts/partB_observation_noise_forecast_A3_AR_None.mat,forecast_results,343,344,0.0311416561701049,0.0311416561701049,0.07421784227133,0.0652987213833254,0.00725541348703615,0.022992878327648,0.000893364355420666,0,0.910714285714286,0.123214285714286,0.2125,0.353633416607968,1,closed_loop_monte_carlo,ok,ok,-564.392445969938
observation_noise,SIRS with observation noise,SIRS,uds,0,1,0,A3,Damping Resurgence,AR,None,/home/kaahin/degree_project/hybrid-epidemic-forecasting/results/partB/forecasts/partB_observation_noise_forecast_A3_AR_None.mat,forecast_results,350,351,0.0381970756091439,0.0381970756091439,0.0987817660322834,0.0959924723303081,0.0106658302589231,0.0223892081610538,0.00514203718916695,0,0.785714285714286,-0.00178571428571429,0.2125,0.331883963996041,1,closed_loop_monte_carlo,ok,ok,-570.217914876935
observation_noise,SIRS with observation noise,SIRS,uds,0,1,0,A3,Damping Resurgence,ARX,I,/home/kaahin/degree_project/hybrid-epidemic-forecasting/results/partB/forecasts/partB_observation_noise_forecast_A3_ARX_I.mat,forecast_results,49,50,0.268214228688963,0.268214228688963,0.449699862725192,0.416046420117776,0.0462273800130862,0.0257162502503434,0,0.196270598425533,0.160714285714286,-0.626785714285714,0.653571428571428,0.380677993969859,1,closed_loop_monte_carlo,ok,ok,-64.2408457683297
observation_noise,SIRS with observation noise,SIRS,uds,0,1,0,A3,Damping Resurgence,ARX,I,/home/kaahin/degree_project/hybrid-epidemic-forecasting/results/partB/forecasts/partB_observation_noise_forecast_A3_ARX_I.mat,forecast_results,56,57,0.277335684983441,0.277335684983441,0.505934585707258,0.477054704636198,0.0530060782929108,0.0332864243500935,0,0.191043182340437,0.160714285714286,-0.626785714285714,0.653571428571428,0.481550503148555,1,closed_loop_monte_carlo,ok,ok,-75.4699798761296
observation_noise,SIRS with observation noise,SIRS,uds,0,1,0,A3,Damping Resurgence,ARX,I,/home/kaahin/degree_project/hybrid-epidemic-forecasting/results/partB/forecasts/partB_observation_noise_forecast_A3_ARX_I.mat,forecast_results,63,64,0.0972044433579293,0.0972044433579293,0.268583245932817,0.232256876497454,0.0258063196108282,0.052407812513213,0,0.0189903112338881,0.821428571428571,0.0339285714285714,0.2125,0.76442162134375,1,closed_loop_monte_carlo,ok,ok,-79.5974787307399
observation_noise,SIRS with observation noise,SIRS,uds,0,1,0,A3,Damping Resurgence,ARX,I,/home/kaahin/degree_project/hybrid-epidemic-forecasting/results/partB/forecasts/partB_observation_noise_forecast_A3_ARX_I.mat,forecast_results,70,71,0.0748989794226981,0.0748989794226981,0.191217078943691,0.178710667187521,0.0198567407986134,0.054270233561585,0,0.000772005062499603,0.946428571428571,0.158928571428571,0.2125,0.803832068041809,1,closed_loop_monte_carlo,ok,ok,-94.666635299943
observation_noise,SIRS with observation noise,SIRS,uds,0,1,0,A3,Damping Resurgence,ARX,I,/home/kaahin/degree_project/hybrid-epidemic-forecasting/results/partB/forecasts/partB_observation_noise_forecast_A3_ARX_I.mat,forecast_results,77,78,0.0954018679044051,0.0954018679044051,0.222848813813374,0.202035070800671,0.0224483412000745,0.0672520692133036,0.00570145749102696,0,0.857142857142857,0.0696428571428571,0.2125,1.00561824935924,1,closed_loop_monte_carlo,ok,ok,-110.24457726706
observation_noise,SIRS with observation noise,SIRS,uds,0,1,0,A3,Damping Resurgence,ARX,I,/home/kaahin/degree_project/hybrid-epidemic-forecasting/results/partB/forecasts/partB_observation_noise_forecast_A3_ARX_I.mat,forecast_results,84,85,0.810398791693569,0.810398791693569,1.52339421442857,1.2402311614645,0.137803462384945,0.223049989890263,0.44954533941836,0,0.0357142857142857,-0.751785714285714,0.757142857142857,3.28394470156253,1,closed_loop_monte_carlo,ok_partial_draws,ok,-123.75789832363
observation_noise,SIRS with observation noise,SIRS,uds,0,1,0,A3,Damping Resurgence,ARX,I,/home/kaahin/degree_project/hybrid-epidemic-forecasting/results/partB/forecasts/partB_observation_noise_forecast_A3_ARX_I.mat,forecast_results,91,92,0.0394573951577979,0.0394573951577979,0.0351472850317686,0.0306578167048152,0.0034064240783128,0.0360509710794851,0,0,1,0.2125,0.2125,0.53562551326227,1,closed_loop_monte_carlo,ok,ok,-133.631362390049
observation_noise,SIRS with observation noise,SIRS,uds,0,1,0,A3,Damping Resurgence,ARX,I,/home/kaahin/degree_project/hybrid-epidemic-forecasting/results/partB/forecasts/partB_observation_noise_forecast_A3_ARX_I.mat,forecast_results,98,99,0.0424275495884279,0.0424275495884279,0.123469051699755,0.118712306686448,0.0131902562984942,0.0260392422163012,0,0.00319805107363238,0.839285714285714,0.0517857142857143,0.2125,0.383370138218551,1,closed_loop_monte_carlo,ok,ok,-143.566450612328
observation_noise,SIRS with observation noise,SIRS,uds,0,1,0,A3,Damping Resurgence,ARX,I,/home/kaahin/degree_project/hybrid-epidemic-forecasting/results/partB/forecasts/partB_observation_noise_forecast_A3_ARX_I.mat,forecast_results,105,106,0.0533752302567528,0.0533752302567528,0.147023421931699,0.127461533584061,0.0141623926204512,0.0299492209920976,0,0.009263616644204,0.839285714285714,0.0517857142857143,0.223214285714286,0.448597498439411,1,closed_loop_monte_carlo,ok,ok,-155.986401156186
observation_noise,SIRS with observation noise,SIRS,uds,0,1,0,A3,Damping Resurgence,ARX,I,/home/kaahin/degree_project/hybrid-epidemic-forecasting/results/partB/forecasts/partB_observation_noise_forecast_A3_ARX_I.mat,forecast_results,112,113,0.0720698728396962,0.0720698728396962,0.215117788067554,0.172760268939478,0.0191955854377198,0.0297584446460703,0,0.023115842755906,0.785714285714286,-0.00178571428571429,0.258928571428571,0.439217218140775,1,closed_loop_monte_carlo,ok,ok,-166.968874149433
observation_noise,SIRS with observation noise,SIRS,uds,0,1,0,A3,Damping Resurgence,ARX,I,/home/kaahin/degree_project/hybrid-epidemic-forecasting/results/partB/forecasts/partB_observation_noise_forecast_A3_ARX_I.mat,forecast_results,119,120,0.113587511385309,0.113587511385309,0.326459160415525,0.287421217306592,0.0319356908118436,0.0381342827969401,0,0.0435175377765249,0.660714285714286,-0.126785714285714,0.280357142857143,0.560549491525875,1,closed_loop_monte_carlo,ok,ok,-166.728703842294
observation_noise,SIRS with observation noise,SIRS,uds,0,1,0,A3,Damping Resurgence,ARX,I,/home/kaahin/degree_project/hybrid-epidemic-forecasting/results/partB/forecasts/partB_observation_noise_forecast_A3_ARX_I.mat,forecast_results,126,127,0.232743219185183,0.232743219185183,0.484937184734396,0.453205288208326,0.0503561431342584,0.0353025151789814,0,0.147084560871943,0.303571428571429,-0.483928571428571,0.541071428571429,0.529569649944864,1,closed_loop_monte_carlo,ok,ok,-171.569708402839
observation_noise,SIRS with observation noise,SIRS,uds,0,1,0,A3,Damping Resurgence,ARX,I,/home/kaahin/degree_project/hybrid-epidemic-forecasting/results/partB/forecasts/partB_observation_noise_forecast_A3_ARX_I.mat,forecast_results,133,134,0.0996798577448514,0.0996798577448514,0.283572023250893,0.25279393745371,0.0280882152726345,0.0594693314125865,0,0.0121223110596304,0.839285714285714,0.0517857142857143,0.2125,0.875759804632895,1,closed_loop_monte_carlo,ok,ok,-183.503291527897
observation_noise,SIRS with observation noise,SIRS,uds,0,1,0,A3,Damping Resurgence,ARX,I,/home/kaahin/degree_project/hybrid-epidemic-forecasting/results/partB/forecasts/partB_observation_noise_forecast_A3_ARX_I.mat,forecast_results,140,141,0.0758681164731588,0.0758681164731588,0.181847193882445,0.178953425641418,0.0198837139601575,0.0542125243820317,0,0.00177187813096963,0.946428571428571,0.158928571428571,0.2125,0.792142619763427,1,closed_loop_monte_carlo,ok,ok,-194.583680760234
observation_noise,SIRS with observation noise,SIRS,uds,0,1,0,A3,Damping Resurgence,ARX,I,/home/kaahin/degree_project/hybrid-epidemic-forecasting/results/partB/forecasts/partB_observation_noise_forecast_A3_ARX_I.mat,forecast_results,147,148,0.292953928041669,0.292953928041669,0.763377139466145,0.605508036356535,0.0672786707062817,0.135387035716935,0.0902882216184521,0,0.607142857142857,-0.180357142857143,0.366071428571429,2.17569573121873,1,closed_loop_monte_carlo,ok,ok,-203.688907653198
observation_noise,SIRS with observation noise,SIRS,uds,0,1,0,A3,Damping Resurgence,ARX,I,/home/kaahin/degree_project/hybrid-epidemic-forecasting/results/partB/forecasts/partB_observation_noise_forecast_A3_ARX_I.mat,forecast_results,154,155,0.136724586101905,0.136724586101905,0.378875896024981,0.320161851274913,0.0355735390305459,0.07315358491288,0.0279974621584794,0,0.803571428571429,0.0160714285714286,0.244642857142857,1.0489463228379,1,closed_loop_monte_carlo,ok,ok,-213.480929900396
observation_noise,SIRS with observation noise,SIRS,uds,0,1,0,A3,Damping Resurgence,ARX,I,/home/kaahin/degree_project/hybrid-epidemic-forecasting/results/partB/forecasts/partB_observation_noise_forecast_A3_ARX_I.mat,forecast_results,161,162,0.0721951620178386,0.0721951620178386,0.159716555958019,0.141648788198241,0.015738754244249,0.054201363700842,0.00225504407274764,0,0.946428571428571,0.158928571428571,0.2125,0.83184086076243,1,closed_loop_monte_carlo,ok,ok,-229.098881410829
observation_noise,SIRS with observation noise,SIRS,uds,0,1,0,A3,Damping Resurgence,ARX,I,/home/kaahin/degree_project/hybrid-epidemic-forecasting/results/partB/forecasts/partB_observation_noise_forecast_A3_ARX_I.mat,forecast_results,168,169,0.0356497735436305,0.0356497735436305,0.0272286376549405,0.0241057467269496,0.0026784163029944,0.0329713572406361,0,0,1,0.2125,0.2125,0.478829098477041,1,closed_loop_monte_carlo,ok,ok,-244.244457541679
observation_noise,SIRS with observation noise,SIRS,uds,0,1,0,A3,Damping Resurgence,ARX,I,/home/kaahin/degree_project/hybrid-epidemic-forecasting/results/partB/forecasts/partB_observation_noise_forecast_A3_ARX_I.mat,forecast_results,175,176,0.0374081036518191,0.0374081036518191,0.0686673676441796,0.0606080082232212,0.00673422313591347,0.0284963577000434,0.00217752281586216,0,0.928571428571429,0.141071428571429,0.2125,0.430034520311857,1,closed_loop_monte_carlo,ok,ok,-260.269238451225
observation_noise,SIRS with observation noise,SIRS,uds,0,1,0,A3,Damping Resurgence,ARX,I,/home/kaahin/degree_project/hybrid-epidemic-forecasting/results/partB/forecasts/partB_observation_noise_forecast_A3_ARX_I.mat,forecast_results,182,183,0.0752598809354689,0.0752598809354689,0.223681726537476,0.200670447719316,0.0222967164132574,0.0288439402756486,0,0.024119224246563,0.642857142857143,-0.144642857142857,0.280357142857143,0.415803524264018,1,closed_loop_monte_carlo,ok,ok,-272.742898453567
observation_noise,SIRS with observation noise,SIRS,uds,0,1,0,A3,Damping Resurgence,ARX,I,/home/kaahin/degree_project/hybrid-epidemic-forecasting/results/partB/forecasts/partB_observation_noise_forecast_A3_ARX_I.mat,forecast_results,189,190,0.0888195453545791,0.0888195453545791,0.257125988055722,0.228286107611324,0.0253651230679249,0.0317761730749378,0,0.0316782492117165,0.660714285714286,-0.126785714285714,0.285714285714286,0.457222239075498,1,closed_loop_monte_carlo,ok,ok,-285.941757570292
observation_noise,SIRS with observation noise,SIRS,uds,0,1,0,A3,Damping Resurgence,ARX,I,/home/kaahin/degree_project/hybrid-epidemic-forecasting/results/partB/forecasts/partB_observation_noise_forecast_A3_ARX_I.mat,forecast_results,196,197,0.117164683182323,0.117164683182323,0.33553792265554,0.30422390541848,0.0338026561576089,0.0404045207935878,0,0.042957506231126,0.625,-0.1625,0.298214285714286,0.593092368280336,1,closed_loop_monte_carlo,ok,ok,-300.158091475833
observation_noise,SIRS with observation noise,SIRS,uds,0,1,0,A3,Damping Resurgence,ARX,I,/home/kaahin/degree_project/hybrid-epidemic-forecasting/results/partB/forecasts/partB_observation_noise_forecast_A3_ARX_I.mat,forecast_results,203,204,0.097908076081162,0.097908076081162,0.27599471978287,0.255400920512206,0.0283778800569117,0.0375295507099065,0,0.0320006453143438,0.660714285714286,-0.126785714285714,0.291071428571429,0.545261135772478,1,closed_loop_monte_carlo,ok,ok,-316.478806100708
observation_noise,SIRS with observation noise,SIRS,uds,0,1,0,A3,Damping Resurgence,ARX,I,/home/kaahin/degree_project/hybrid-epidemic-forecasting/results/partB/forecasts/partB_observation_noise_forecast_A3_ARX_I.mat,forecast_results,210,211,0.0661388027959097,0.0661388027959097,0.116237225190956,0.0979131004209908,0.0108792333801101,0.0552595694157996,0,0,1,0.2125,0.2125,0.819466666183522,1,closed_loop_monte_carlo,ok,ok,-325.869921548793
observation_noise,SIRS with observation noise,SIRS,uds,0,1,0,A3,Damping Resurgence,ARX,I,/home/kaahin/degree_project/hybrid-epidemic-forecasting/results/partB/forecasts/partB_observation_noise_forecast_A3_ARX_I.mat,forecast_results,217,218,0.0673455223302448,0.0673455223302448,0.156590473201157,0.14448325550349,0.0160536950559433,0.0472963981196516,0,0.00399542915464983,0.875,0.0875,0.2125,0.703084594310552,1,closed_loop_monte_carlo,ok,ok,-331.614392182718
observation_noise,SIRS with observation noise,SIRS,uds,0,1,0,A3,Damping Resurgence,ARX,I,/home/kaahin/degree_project/hybrid-epidemic-forecasting/results/partB/forecasts/partB_observation_noise_forecast_A3_ARX_I.mat,forecast_results,224,225,0.061846955944381,0.061846955944381,0.0669844733791597,0.0554170391240162,0.00615744879155735,0.0556895071528236,0,0,1,0.2125,0.2125,0.794670025509643,1,closed_loop_monte_carlo,ok,ok,-345.086568956238
observation_noise,SIRS with observation noise,SIRS,uds,0,1,0,A3,Damping Resurgence,ARX,I,/home/kaahin/degree_project/hybrid-epidemic-forecasting/results/partB/forecasts/partB_observation_noise_forecast_A3_ARX_I.mat,forecast_results,231,232,0.111746683180748,0.111746683180748,0.295675853354753,0.276754054754436,0.0307504505282706,0.0497321120979896,0.0312641205544881,0,0.625,-0.1625,0.294642857142857,0.718262273781824,1,closed_loop_monte_carlo,ok,ok,-360.778562582506
observation_noise,SIRS with observation noise,SIRS,uds,0,1,0,A3,Damping Resurgence,ARX,I,/home/kaahin/degree_project/hybrid-epidemic-forecasting/results/partB/forecasts/partB_observation_noise_forecast_A3_ARX_I.mat,forecast_results,238,239,0.0447133095453049,0.0447133095453049,0.0690615810677372,0.0550315769645763,0.0061146196627307,0.0380086467626715,0.000135594986107217,0.000454448133795526,0.964285714285714,0.176785714285714,0.2125,0.574462315125168,1,closed_loop_monte_carlo,ok,ok,-372.989740539025
observation_noise,SIRS with observation noise,SIRS,uds,0,1,0,A3,Damping Resurgence,ARX,I,/home/kaahin/degree_project/hybrid-epidemic-forecasting/results/partB/forecasts/partB_observation_noise_forecast_A3_ARX_I.mat,forecast_results,245,246,0.0588725072791533,0.0588725072791533,0.14295542745562,0.139456616497766,0.0154951796108628,0.0331411973296435,0.0102361303386469,0,0.732142857142857,-0.0553571428571429,0.223214285714286,0.515680084472152,1,closed_loop_monte_carlo,ok,ok,-389.75358345997
observation_noise,SIRS with observation noise,SIRS,uds,0,1,0,A3,Damping Resurgence,ARX,I,/home/kaahin/degree_project/hybrid-epidemic-forecasting/results/partB/forecasts/partB_observation_noise_forecast_A3_ARX_I.mat,forecast_results,252,253,0.0318570623816193,0.0318570623816193,0.0336155066192089,0.0226611067778767,0.00251790075309741,0.0293391616285218,0,0,1,0.2125,0.2125,0.431563745140149,1,closed_loop_monte_carlo,ok,ok,-404.688663346969
observation_noise,SIRS with observation noise,SIRS,uds,0,1,0,A3,Damping Resurgence,ARX,I,/home/kaahin/degree_project/hybrid-epidemic-forecasting/results/partB/forecasts/partB_observation_noise_forecast_A3_ARX_I.mat,forecast_results,259,260,0.0525016522556657,0.0525016522556657,0.160718384051796,0.134698069548673,0.0149664521720748,0.0288534273866138,0,0.00868177269697705,0.875,0.0875,0.2125,0.439657734420447,1,closed_loop_monte_carlo,ok,ok,-419.999438931533
observation_noise,SIRS with observation noise,SIRS,uds,0,1,0,A3,Damping Resurgence,ARX,I,/home/kaahin/degree_project/hybrid-epidemic-forecasting/results/partB/forecasts/partB_observation_noise_forecast_A3_ARX_I.mat,forecast_results,266,267,0.0711783338838804,0.0711783338838804,0.205920398350094,0.168845453368467,0.0187606059298296,0.0377417836054787,0,0.014675944348572,0.803571428571429,0.0160714285714286,0.233928571428571,0.565773775692856,1,closed_loop_monte_carlo,ok,ok,-435.839808830134
observation_noise,SIRS with observation noise,SIRS,uds,0,1,0,A3,Damping Resurgence,ARX,I,/home/kaahin/degree_project/hybrid-epidemic-forecasting/results/partB/forecasts/partB_observation_noise_forecast_A3_ARX_I.mat,forecast_results,273,274,0.114756733110305,0.114756733110305,0.315748630381286,0.294456940187112,0.032717437798568,0.0355747100493724,0,0.0464645852623644,0.607142857142857,-0.180357142857143,0.298214285714286,0.546268579507274,1,closed_loop_monte_carlo,ok,ok,-450.668545753971
observation_noise,SIRS with observation noise,SIRS,uds,0,1,0,A3,Damping Resurgence,ARX,I,/home/kaahin/degree_project/hybrid-epidemic-forecasting/results/partB/forecasts/partB_observation_noise_forecast_A3_ARX_I.mat,forecast_results,280,281,0.0955415646290362,0.0955415646290362,0.285926482617999,0.271493758539443,0.0301659731710492,0.0410193916444538,0,0.0243561998135332,0.732142857142857,-0.0553571428571429,0.2375,0.580137313616971,1,closed_loop_monte_carlo,ok,ok,-457.612195363158
observation_noise,SIRS with observation noise,SIRS,uds,0,1,0,A3,Damping Resurgence,ARX,I,/home/kaahin/degree_project/hybrid-epidemic-forecasting/results/partB/forecasts/partB_observation_noise_forecast_A3_ARX_I.mat,forecast_results,287,288,0.0866482432414204,0.0866482432414204,0.237483381015476,0.230010167512706,0.0255566852791895,0.0497643853850624,0,0.0113271725771684,0.785714285714286,-0.00178571428571429,0.2125,0.771947611923372,1,closed_loop_monte_carlo,ok,ok,-462.650106199697
observation_noise,SIRS with observation noise,SIRS,uds,0,1,0,A3,Damping Resurgence,ARX,I,/home/kaahin/degree_project/hybrid-epidemic-forecasting/results/partB/forecasts/partB_observation_noise_forecast_A3_ARX_I.mat,forecast_results,294,295,0.093074370891815,0.093074370891815,0.229058820080662,0.227188642618315,0.0252431825131461,0.0592349134460494,0.00859627493261954,0,0.803571428571429,0.0160714285714286,0.244642857142857,0.836441629130253,1,closed_loop_monte_carlo,ok,ok,-469.45171231826
observation_noise,SIRS with observation noise,SIRS,uds,0,1,0,A3,Damping Resurgence,ARX,I,/home/kaahin/degree_project/hybrid-epidemic-forecasting/results/partB/forecasts/partB_observation_noise_forecast_A3_ARX_I.mat,forecast_results,301,302,0.0697161112854228,0.0697161112854228,0.159740250938899,0.139628696869064,0.0155142996521182,0.0507546037214621,0.00344720791184246,0,0.910714285714286,0.123214285714286,0.2125,0.722440028523638,1,closed_loop_monte_carlo,ok,ok,-481.461335165192
observation_noise,SIRS with observation noise,SIRS,uds,0,1,0,A3,Damping Resurgence,ARX,I,/home/kaahin/degree_project/hybrid-epidemic-forecasting/results/partB/forecasts/partB_observation_noise_forecast_A3_ARX_I.mat,forecast_results,308,309,0.132253986045062,0.132253986045062,0.322698270963419,0.311903357945977,0.0346559286606641,0.0438973074590552,0.0537007499253422,0,0.375,-0.4125,0.467857142857143,0.643163583988593,1,closed_loop_monte_carlo,ok,ok,-492.977868716385
observation_noise,SIRS with observation noise,SIRS,uds,0,1,0,A3,Damping Resurgence,ARX,I,/home/kaahin/degree_project/hybrid-epidemic-forecasting/results/partB/forecasts/partB_observation_noise_forecast_A3_ARX_I.mat,forecast_results,315,316,0.0850053977891907,0.0850053977891907,0.233742102438739,0.215715743406183,0.0239684159340204,0.0380037312262008,0.0230332506289695,0,0.696428571428571,-0.0910714285714286,0.244642857142857,0.557844615035985,1,closed_loop_monte_carlo,ok,ok,-505.281052809514
observation_noise,SIRS with observation noise,SIRS,uds,0,1,0,A3,Damping Resurgence,ARX,I,/home/kaahin/degree_project/hybrid-epidemic-forecasting/results/partB/forecasts/partB_observation_noise_forecast_A3_ARX_I.mat,forecast_results,322,323,0.0674113814797109,0.0674113814797109,0.185173955965526,0.168222599493396,0.0186913999437107,0.0338629189725248,0.0148570625634755,0,0.767857142857143,-0.0196428571428571,0.223214285714286,0.501412116610194,1,closed_loop_monte_carlo,ok,ok,-517.051126309189
observation_noise,SIRS with observation noise,SIRS,uds,0,1,0,A3,Damping Resurgence,ARX,I,/home/kaahin/degree_project/hybrid-epidemic-forecasting/results/partB/forecasts/partB_observation_noise_forecast_A3_ARX_I.mat,forecast_results,329,330,0.0755331445998026,0.0755331445998026,0.19022091969308,0.182504341983051,0.020278260220339,0.0324170028616778,0.0228378815177858,0,0.589285714285714,-0.198214285714286,0.317857142857143,0.474911759479216,1,closed_loop_monte_carlo,ok,ok,-531.392107831866
observation_noise,SIRS with observation noise,SIRS,uds,0,1,0,A3,Damping Resurgence,ARX,I,/home/kaahin/degree_project/hybrid-epidemic-forecasting/results/partB/forecasts/partB_observation_noise_forecast_A3_ARX_I.mat,forecast_results,336,337,0.0391125728392847,0.0391125728392847,0.108161681662813,0.0986821484364572,0.0109646831596063,0.0239653081625505,0.00418258151712787,0,0.821428571428571,0.0339285714285714,0.2125,0.350374172803127,1,closed_loop_monte_carlo,ok,ok,-544.198382627903
observation_noise,SIRS with observation noise,SIRS,uds,0,1,0,A3,Damping Resurgence,ARX,I,/home/kaahin/degree_project/hybrid-epidemic-forecasting/results/partB/forecasts/partB_observation_noise_forecast_A3_ARX_I.mat,forecast_results,343,344,0.0311797513313129,0.0311797513313129,0.0640368876264554,0.0575202204787353,0.00639113560874837,0.0247886157225645,0,0,1,0.2125,0.2125,0.360934928425855,1,closed_loop_monte_carlo,ok,ok,-558.428500774729
observation_noise,SIRS with observation noise,SIRS,uds,0,1,0,A3,Damping Resurgence,ARX,I,/home/kaahin/degree_project/hybrid-epidemic-forecasting/results/partB/forecasts/partB_observation_noise_forecast_A3_ARX_I.mat,forecast_results,350,351,0.0496412800952056,0.0496412800952056,0.132250151171583,0.127131368933238,0.0141257076592487,0.02887659950093,0.00663897293502696,0,0.75,-0.0375,0.2125,0.41375617890026,1,closed_loop_monte_carlo,ok,ok,-564.227998847063
observation_noise,SIRS with observation noise,SIRS,uds,0,1,0,A4,Amplifying Resurgence,AR,None,/home/kaahin/degree_project/hybrid-epidemic-forecasting/results/partB/forecasts/partB_observation_noise_forecast_A4_AR_None.mat,forecast_results,49,50,0.0723427846265899,0.0723427846265899,0.217411798252146,0.17580360791051,0.0195337342122789,0.0359168003725505,0,0.0168922500417605,0.839285714285714,0.0517857142857143,0.233928571428571,0.539166809678039,1,closed_loop_monte_carlo,ok,ok,-88.6772992821404
observation_noise,SIRS with observation noise,SIRS,uds,0,1,0,A4,Amplifying Resurgence,AR,None,/home/kaahin/degree_project/hybrid-epidemic-forecasting/results/partB/forecasts/partB_observation_noise_forecast_A4_AR_None.mat,forecast_results,56,57,0.0630351033636685,0.0630351033636685,0.181170730318166,0.146149760464656,0.0162388622738506,0.0404789167575379,0,0.00631732433227994,0.892857142857143,0.105357142857143,0.2125,0.615612818652015,1,closed_loop_monte_carlo,ok,ok,-102.511956651502
observation_noise,SIRS with observation noise,SIRS,uds,0,1,0,A4,Amplifying Resurgence,AR,None,/home/kaahin/degree_project/hybrid-epidemic-forecasting/results/partB/forecasts/partB_observation_noise_forecast_A4_AR_None.mat,forecast_results,63,64,0.0604957246983294,0.0604957246983294,0.13560824849129,0.126589666160486,0.0140655184622762,0.0464302062360532,0,0,1,0.2125,0.2125,0.684753832451221,1,closed_loop_monte_carlo,ok,ok,-117.215191312176
observation_noise,SIRS with observation noise,SIRS,uds,0,1,0,A4,Amplifying Resurgence,AR,None,/home/kaahin/degree_project/hybrid-epidemic-forecasting/results/partB/forecasts/partB_observation_noise_forecast_A4_AR_None.mat,forecast_results,70,71,0.0539628462369892,0.0539628462369892,0.0380651894182215,0.0324743672111092,0.00360826302345658,0.0503545832135326,0,0,1,0.2125,0.2125,0.739223545471281,1,closed_loop_monte_carlo,ok,ok,-125.812209153221
observation_noise,SIRS with observation noise,SIRS,uds,0,1,0,A4,Amplifying Resurgence,AR,None,/home/kaahin/degree_project/hybrid-epidemic-forecasting/results/partB/forecasts/partB_observation_noise_forecast_A4_AR_None.mat,forecast_results,77,78,0.0534753650676414,0.0534753650676414,0.101803919599097,0.0824994574294079,0.00916660638104532,0.0430977192058157,0.00121103948078043,0,0.946428571428571,0.158928571428571,0.2125,0.621166141568375,1,closed_loop_monte_carlo,ok,ok,-137.810880074239
observation_noise,SIRS with observation noise,SIRS,uds,0,1,0,A4,Amplifying Resurgence,AR,None,/home/kaahin/degree_project/hybrid-epidemic-forecasting/results/partB/forecasts/partB_observation_noise_forecast_A4_AR_None.mat,forecast_results,84,85,0.095187324083047,0.095187324083047,0.255840709041298,0.240373821326674,0.0267082023696304,0.0412954185071312,0.0271837032062854,0,0.732142857142857,-0.0553571428571429,0.233928571428571,0.613527507122842,1,closed_loop_monte_carlo,ok,ok,-151.664164856766
observation_noise,SIRS with observation noise,SIRS,uds,0,1,0,A4,Amplifying Resurgence,AR,None,/home/kaahin/degree_project/hybrid-epidemic-forecasting/results/partB/forecasts/partB_observation_noise_forecast_A4_AR_None.mat,forecast_results,91,92,0.0549961173560158,0.0549961173560158,0.142546703826521,0.124407949183724,0.0138231054648582,0.0353515130512976,0.00582149883985994,0,0.857142857142857,0.0696428571428571,0.2125,0.532917985678033,1,closed_loop_monte_carlo,ok,ok,-167.684876520653
observation_noise,SIRS with observation noise,SIRS,uds,0,1,0,A4,Amplifying Resurgence,AR,None,/home/kaahin/degree_project/hybrid-epidemic-forecasting/results/partB/forecasts/partB_observation_noise_forecast_A4_AR_None.mat,forecast_results,98,99,0.042098319535466,0.042098319535466,0.0888086134336005,0.0750127526931801,0.00833475029924224,0.0337635692362238,0,0,1,0.2125,0.2125,0.507277226562627,1,closed_loop_monte_carlo,ok,ok,-180.871521916728
observation_noise,SIRS with observation noise,SIRS,uds,0,1,0,A4,Amplifying Resurgence,AR,None,/home/kaahin/degree_project/hybrid-epidemic-forecasting/results/partB/forecasts/partB_observation_noise_forecast_A4_AR_None.mat,forecast_results,105,106,0.0373157909197193,0.0373157909197193,0.0472110025462523,0.0408407288746988,0.00453785876385542,0.0327779321558639,0,0,1,0.2125,0.2125,0.497356932067497,1,closed_loop_monte_carlo,ok,ok,-190.39175388714
observation_noise,SIRS with observation noise,SIRS,uds,0,1,0,A4,Amplifying Resurgence,AR,None,/home/kaahin/degree_project/hybrid-epidemic-forecasting/results/partB/forecasts/partB_observation_noise_forecast_A4_AR_None.mat,forecast_results,112,113,0.0594336424543255,0.0594336424543255,0.173328841331934,0.148242022620979,0.0164713358467755,0.024661829738259,0,0.0183004768692911,0.75,-0.0375,0.244642857142857,0.364313985323695,1,closed_loop_monte_carlo,ok,ok,-203.780513623944
observation_noise,SIRS with observation noise,SIRS,uds,0,1,0,A4,Amplifying Resurgence,AR,None,/home/kaahin/degree_project/hybrid-epidemic-forecasting/results/partB/forecasts/partB_observation_noise_forecast_A4_AR_None.mat,forecast_results,119,120,0.0882264264060909,0.0882264264060909,0.2448231291521,0.222620509736574,0.0247356121929527,0.03135796500745,0,0.0321328492056882,0.571428571428571,-0.216071428571429,0.342857142857143,0.450297795143286,1,closed_loop_monte_carlo,ok,ok,-222.001750422851
observation_noise,SIRS with observation noise,SIRS,uds,0,1,0,A4,Amplifying Resurgence,AR,None,/home/kaahin/degree_project/hybrid-epidemic-forecasting/results/partB/forecasts/partB_observation_noise_forecast_A4_AR_None.mat,forecast_results,126,127,0.0801771870984858,0.0801771870984858,0.253944028945853,0.210848545883848,0.0234276162093164,0.0353296278692071,0,0.0214199430199623,0.803571428571429,0.0160714285714286,0.233928571428571,0.518213218964115,1,closed_loop_monte_carlo,ok,ok,-235.78450009802
observation_noise,SIRS with observation noise,SIRS,uds,0,1,0,A4,Amplifying Resurgence,AR,None,/home/kaahin/degree_project/hybrid-epidemic-forecasting/results/partB/forecasts/partB_observation_noise_forecast_A4_AR_None.mat,forecast_results,133,134,0.0693495377899763,0.0693495377899763,0.188456744768913,0.174612362517439,0.0194013736130488,0.03781382196555,0,0.0121343422113775,0.767857142857143,-0.0196428571428571,0.223214285714286,0.56989114530915,1,closed_loop_monte_carlo,ok,ok,-247.656108934858
observation_noise,SIRS with observation noise,SIRS,uds,0,1,0,A4,Amplifying Resurgence,AR,None,/home/kaahin/degree_project/hybrid-epidemic-forecasting/results/partB/forecasts/partB_observation_noise_forecast_A4_AR_None.mat,forecast_results,140,141,0.0647962571687454,0.0647962571687454,0.0822701797918388,0.0630269751442008,0.00700299723824453,0.057269017134917,0.000524242795583861,0,0.964285714285714,0.176785714285714,0.2125,0.825624713706177,1,closed_loop_monte_carlo,ok,ok,-258.302218930305
observation_noise,SIRS with observation noise,SIRS,uds,0,1,0,A4,Amplifying Resurgence,AR,None,/home/kaahin/degree_project/hybrid-epidemic-forecasting/results/partB/forecasts/partB_observation_noise_forecast_A4_AR_None.mat,forecast_results,147,148,0.0555101515438856,0.0555101515438856,0.0764652435526144,0.0612445830104721,0.00680495366783023,0.0467613470184448,0,0.00194385085761059,0.946428571428571,0.158928571428571,0.2125,0.682124809510483,1,closed_loop_monte_carlo,ok,ok,-266.391417852805
observation_noise,SIRS with observation noise,SIRS,uds,0,1,0,A4,Amplifying Resurgence,AR,None,/home/kaahin/degree_project/hybrid-epidemic-forecasting/results/partB/forecasts/partB_observation_noise_forecast_A4_AR_None.mat,forecast_results,154,155,0.0525809109942348,0.0525809109942348,0.10606345881829,0.0942592354912628,0.0104732483879181,0.0409113866774492,0,0.00119627592886754,0.946428571428571,0.158928571428571,0.2125,0.582670932228524,1,closed_loop_monte_carlo,ok,ok,-281.634047576168
observation_noise,SIRS with observation noise,SIRS,uds,0,1,0,A4,Amplifying Resurgence,AR,None,/home/kaahin/degree_project/hybrid-epidemic-forecasting/results/partB/forecasts/partB_observation_noise_forecast_A4_AR_None.mat,forecast_results,161,162,0.0631458900428325,0.0631458900428325,0.144816084615962,0.121876872098299,0.0135418746775888,0.044695352275165,0.00490866309007864,0,0.892857142857143,0.105357142857143,0.2125,0.686992938333737,1,closed_loop_monte_carlo,ok,ok,-296.168538612341
observation_noise,SIRS with observation noise,SIRS,uds,0,1,0,A4,Amplifying Resurgence,AR,None,/home/kaahin/degree_project/hybrid-epidemic-forecasting/results/partB/forecasts/partB_observation_noise_forecast_A4_AR_None.mat,forecast_results,168,169,0.057924936635566,0.057924936635566,0.165017647000771,0.151505269153032,0.0168339187947813,0.0321406669959173,0.00895035084486747,0,0.803571428571429,0.0160714285714286,0.2125,0.469806657999331,1,closed_loop_monte_carlo,ok,ok,-305.709033135626
observation_noise,SIRS with observation noise,SIRS,uds,0,1,0,A4,Amplifying Resurgence,AR,None,/home/kaahin/degree_project/hybrid-epidemic-forecasting/results/partB/forecasts/partB_observation_noise_forecast_A4_AR_None.mat,forecast_results,175,176,0.035366087639256,0.035366087639256,0.0455126700512761,0.0383564228403723,0.00426182476004136,0.0311042628792147,0,0,1,0.2125,0.2125,0.449239047898534,1,closed_loop_monte_carlo,ok,ok,-320.110099362734
observation_noise,SIRS with observation noise,SIRS,uds,0,1,0,A4,Amplifying Resurgence,AR,None,/home/kaahin/degree_project/hybrid-epidemic-forecasting/results/partB/forecasts/partB_observation_noise_forecast_A4_AR_None.mat,forecast_results,182,183,0.0406181876123549,0.0406181876123549,0.107506782768739,0.0771935768099622,0.0085770640899958,0.0299757266109241,0,0.00206539691143505,0.928571428571429,0.141071428571429,0.2125,0.435252385033255,1,closed_loop_monte_carlo,ok,ok,-334.601455674994
observation_noise,SIRS with observation noise,SIRS,uds,0,1,0,A4,Amplifying Resurgence,AR,None,/home/kaahin/degree_project/hybrid-epidemic-forecasting/results/partB/forecasts/partB_observation_noise_forecast_A4_AR_None.mat,forecast_results,189,190,0.0873554377513409,0.0873554377513409,0.236245214735132,0.208789094965515,0.0231987883295017,0.0271550196527969,0,0.0370016297690423,0.517857142857143,-0.269642857142857,0.392857142857143,0.393366401195686,1,closed_loop_monte_carlo,ok,ok,-352.022927781844
observation_noise,SIRS with observation noise,SIRS,uds,0,1,0,A4,Amplifying Resurgence,AR,None,/home/kaahin/degree_project/hybrid-epidemic-forecasting/results/partB/forecasts/partB_observation_noise_forecast_A4_AR_None.mat,forecast_results,196,197,0.0931623226707714,0.0931623226707714,0.272333126706231,0.234130545673042,0.0260145050747824,0.0364048712430368,0,0.0307429463529521,0.714285714285714,-0.0732142857142857,0.280357142857143,0.532533436539799,1,closed_loop_monte_carlo,ok,ok,-365.492454839468
observation_noise,SIRS with observation noise,SIRS,uds,0,1,0,A4,Amplifying Resurgence,AR,None,/home/kaahin/degree_project/hybrid-epidemic-forecasting/results/partB/forecasts/partB_observation_noise_forecast_A4_AR_None.mat,forecast_results,203,204,0.117462339862233,0.117462339862233,0.337977015850572,0.322381005136999,0.0358201116818888,0.0418382493120415,0,0.0398039788683032,0.607142857142857,-0.180357142857143,0.305357142857143,0.607186551515971,1,closed_loop_monte_carlo,ok,ok,-376.557425053379
observation_noise,SIRS with observation noise,SIRS,uds,0,1,0,A4,Amplifying Resurgence,AR,None,/home/kaahin/degree_project/hybrid-epidemic-forecasting/results/partB/forecasts/partB_observation_noise_forecast_A4_AR_None.mat,forecast_results,210,211,0.0714176552167361,0.0714176552167361,0.196516619805436,0.184558888706171,0.0205065431895746,0.044780424505593,0,0.00613068752156858,0.803571428571429,0.0160714285714286,0.2125,0.654545148729505,1,closed_loop_monte_carlo,ok,ok,-390.559303364803
observation_noise,SIRS with observation noise,SIRS,uds,0,1,0,A4,Amplifying Resurgence,AR,None,/home/kaahin/degree_project/hybrid-epidemic-forecasting/results/partB/forecasts/partB_observation_noise_forecast_A4_AR_None.mat,forecast_results,217,218,0.0561259727391918,0.0561259727391918,0.0917303449676971,0.0823857831229916,0.00915397590255463,0.0468106436957624,0,0.000161353140874797,0.964285714285714,0.176785714285714,0.2125,0.661409595259737,1,closed_loop_monte_carlo,ok,ok,-409.127084054737
observation_noise,SIRS with observation noise,SIRS,uds,0,1,0,A4,Amplifying Resurgence,AR,None,/home/kaahin/degree_project/hybrid-epidemic-forecasting/results/partB/forecasts/partB_observation_noise_forecast_A4_AR_None.mat,forecast_results,224,225,0.0530247234118491,0.0530247234118491,0.0990243240094373,0.0851487491513502,0.0094609721279278,0.0434455527196882,0,0.000118198564233066,0.964285714285714,0.176785714285714,0.2125,0.623566495648976,1,closed_loop_monte_carlo,ok,ok,-417.697009572491
observation_noise,SIRS with observation noise,SIRS,uds,0,1,0,A4,Amplifying Resurgence,AR,None,/home/kaahin/degree_project/hybrid-epidemic-forecasting/results/partB/forecasts/partB_observation_noise_forecast_A4_AR_None.mat,forecast_results,231,232,0.0769525955145934,0.0769525955145934,0.212254808294594,0.193874776131673,0.0215416417924081,0.0395638958502869,0.0158470578718984,0,0.767857142857143,-0.0196428571428571,0.244642857142857,0.58639061030594,1,closed_loop_monte_carlo,ok,ok,-436.177434044408
observation_noise,SIRS with observation noise,SIRS,uds,0,1,0,A4,Amplifying Resurgence,AR,None,/home/kaahin/degree_project/hybrid-epidemic-forecasting/results/partB/forecasts/partB_observation_noise_forecast_A4_AR_None.mat,forecast_results,238,239,0.0966499974455195,0.0966499974455195,0.262659518548645,0.249224518019039,0.0276916131132266,0.0408852907567086,0.0280730935755844,0,0.625,-0.1625,0.301785714285714,0.599429855441345,1,closed_loop_monte_carlo,ok,ok,-447.060501801868
observation_noise,SIRS with observation noise,SIRS,uds,0,1,0,A4,Amplifying Resurgence,AR,None,/home/kaahin/degree_project/hybrid-epidemic-forecasting/results/partB/forecasts/partB_observation_noise_forecast_A4_AR_None.mat,forecast_results,245,246,0.0388431600099681,0.0388431600099681,0.0683467186592746,0.0581382046595722,0.00645980051773024,0.0323833594922379,0,0,1,0.2125,0.2125,0.47860194434978,1,closed_loop_monte_carlo,ok,ok,-460.057624258114
observation_noise,SIRS with observation noise,SIRS,uds,0,1,0,A4,Amplifying Resurgence,AR,None,/home/kaahin/degree_project/hybrid-epidemic-forecasting/results/partB/forecasts/partB_observation_noise_forecast_A4_AR_None.mat,forecast_results,252,253,0.03188719649792,0.03188719649792,0.0503901330881988,0.0391306752634573,0.00434785280705081,0.027178674030334,0,0.000360669660535222,0.982142857142857,0.194642857142857,0.2125,0.396666682056294,1,closed_loop_monte_carlo,ok,ok,-477.139967126491
observation_noise,SIRS with observation noise,SIRS,uds,0,1,0,A4,Amplifying Resurgence,AR,None,/home/kaahin/degree_project/hybrid-epidemic-forecasting/results/partB/forecasts/partB_observation_noise_forecast_A4_AR_None.mat,forecast_results,259,260,0.0711987219523286,0.0711987219523286,0.222260635688659,0.199570233264383,0.0221744703627092,0.029636707234174,0,0.0193875443554454,0.678571428571429,-0.108928571428571,0.266071428571429,0.421149275232103,1,closed_loop_monte_carlo,ok,ok,-493.104619155857
observation_noise,SIRS with observation noise,SIRS,uds,0,1,0,A4,Amplifying Resurgence,AR,None,/home/kaahin/degree_project/hybrid-epidemic-forecasting/results/partB/forecasts/partB_observation_noise_forecast_A4_AR_None.mat,forecast_results,266,267,0.118516075328807,0.118516075328807,0.295674935071967,0.257384962563438,0.0285983291737153,0.0304828829644513,0,0.0594348631906408,0.428571428571429,-0.358928571428571,0.4625,0.436152524119486,1,closed_loop_monte_carlo,ok,ok,-496.672557335107
observation_noise,SIRS with observation noise,SIRS,uds,0,1,0,A4,Amplifying Resurgence,AR,None,/home/kaahin/degree_project/hybrid-epidemic-forecasting/results/partB/forecasts/partB_observation_noise_forecast_A4_AR_None.mat,forecast_results,273,274,0.099082426615625,0.099082426615625,0.280134432317431,0.255025610088784,0.0283361788987537,0.0388722890181199,0,0.0318739586987514,0.75,-0.0375,0.244642857142857,0.567302129987787,1,closed_loop_monte_carlo,ok,ok,-503.243894843146
observation_noise,SIRS with observation noise,SIRS,uds,0,1,0,A4,Amplifying Resurgence,AR,None,/home/kaahin/degree_project/hybrid-epidemic-forecasting/results/partB/forecasts/partB_observation_noise_forecast_A4_AR_None.mat,forecast_results,280,281,0.092882160629715,0.092882160629715,0.251331739062236,0.230688385913525,0.0256320428792806,0.0470470646678229,0,0.0202030530826116,0.732142857142857,-0.0553571428571429,0.266071428571429,0.667693382529648,1,closed_loop_monte_carlo,ok,ok,-515.801681597688
observation_noise,SIRS with observation noise,SIRS,uds,0,1,0,A4,Amplifying Resurgence,AR,None,/home/kaahin/degree_project/hybrid-epidemic-forecasting/results/partB/forecasts/partB_observation_noise_forecast_A4_AR_None.mat,forecast_results,287,288,0.0630430793111339,0.0630430793111339,0.0809748487079953,0.0735894809308964,0.00817660899232183,0.0548664703188121,0,0,1,0.2125,0.2125,0.810761363188659,1,closed_loop_monte_carlo,ok,ok,-522.405997508882
observation_noise,SIRS with observation noise,SIRS,uds,0,1,0,A4,Amplifying Resurgence,AR,None,/home/kaahin/degree_project/hybrid-epidemic-forecasting/results/partB/forecasts/partB_observation_noise_forecast_A4_AR_None.mat,forecast_results,294,295,0.0733410929910935,0.0733410929910935,0.195168704741448,0.192261025018504,0.0213623361131671,0.0422730623022018,0,0.00970569457572459,0.839285714285714,0.0517857142857143,0.2125,0.637146355161282,1,closed_loop_monte_carlo,ok,ok,-538.142309964499
observation_noise,SIRS with observation noise,SIRS,uds,0,1,0,A4,Amplifying Resurgence,AR,None,/home/kaahin/degree_project/hybrid-epidemic-forecasting/results/partB/forecasts/partB_observation_noise_forecast_A4_AR_None.mat,forecast_results,301,302,0.0602024516742814,0.0602024516742814,0.0871447149430671,0.0758805413476092,0.00843117126084547,0.0513328588796408,0,0.000438421533795173,0.964285714285714,0.176785714285714,0.2125,0.742812085607894,1,closed_loop_monte_carlo,ok,ok,-549.266558607951
observation_noise,SIRS with observation noise,SIRS,uds,0,1,0,A4,Amplifying Resurgence,AR,None,/home/kaahin/degree_project/hybrid-epidemic-forecasting/results/partB/forecasts/partB_observation_noise_forecast_A4_AR_None.mat,forecast_results,308,309,0.0851813878519082,0.0851813878519082,0.213096322510936,0.179675924892653,0.0199639916547392,0.0440188653912469,0.0211985308059221,0,0.696428571428571,-0.0910714285714286,0.328571428571429,0.65618458672511,1,closed_loop_monte_carlo,ok,ok,-558.728368526264
observation_noise,SIRS with observation noise,SIRS,uds,0,1,0,A4,Amplifying Resurgence,AR,None,/home/kaahin/degree_project/hybrid-epidemic-forecasting/results/partB/forecasts/partB_observation_noise_forecast_A4_AR_None.mat,forecast_results,315,316,0.0752127233645531,0.0752127233645531,0.210642744776523,0.191120782440512,0.0212356424933902,0.0376699022558082,0.0163071786153546,0,0.714285714285714,-0.0732142857142857,0.255357142857143,0.562105201009975,1,closed_loop_monte_carlo,ok,ok,-575.465331773005
observation_noise,SIRS with observation noise,SIRS,uds,0,1,0,A4,Amplifying Resurgence,AR,None,/home/kaahin/degree_project/hybrid-epidemic-forecasting/results/partB/forecasts/partB_observation_noise_forecast_A4_AR_None.mat,forecast_results,322,323,0.0661261317288874,0.0661261317288874,0.178681073873357,0.166142517367918,0.0184602797075464,0.0328249085235977,0.0148409434977432,0,0.732142857142857,-0.0553571428571429,0.233928571428571,0.475794716097424,1,closed_loop_monte_carlo,ok,ok,-589.779651324531
observation_noise,SIRS with observation noise,SIRS,uds,0,1,0,A4,Amplifying Resurgence,AR,None,/home/kaahin/degree_project/hybrid-epidemic-forecasting/results/partB/forecasts/partB_observation_noise_forecast_A4_AR_None.mat,forecast_results,329,330,0.0465495924183834,0.0465495924183834,0.128485322036177,0.121334216021861,0.0134815795579845,0.0285897745176216,0.0044782383427773,0,0.785714285714286,-0.00178571428571429,0.2125,0.416417765182462,1,closed_loop_monte_carlo,ok,ok,-601.078256091443
observation_noise,SIRS with observation noise,SIRS,uds,0,1,0,A4,Amplifying Resurgence,AR,None,/home/kaahin/degree_project/hybrid-epidemic-forecasting/results/partB/forecasts/partB_observation_noise_forecast_A4_AR_None.mat,forecast_results,336,337,0.0378982908985154,0.0378982908985154,0.099802080758041,0.0919600649024513,0.0102177849891613,0.026443405031221,0.00123710087813312,0,0.857142857142857,0.0696428571428571,0.2125,0.369504717081813,1,closed_loop_monte_carlo,ok,ok,-612.631659632426
observation_noise,SIRS with observation noise,SIRS,uds,0,1,0,A4,Amplifying Resurgence,AR,None,/home/kaahin/degree_project/hybrid-epidemic-forecasting/results/partB/forecasts/partB_observation_noise_forecast_A4_AR_None.mat,forecast_results,343,344,0.0309590342852301,0.0309590342852301,0.0845508222965148,0.0777844821319078,0.00864272023687865,0.0195726170535197,0.00274369699483172,0,0.803571428571429,0.0160714285714286,0.2125,0.287291980409208,1,closed_loop_monte_carlo,ok,ok,-629.320088271539
observation_noise,SIRS with observation noise,SIRS,uds,0,1,0,A4,Amplifying Resurgence,AR,None,/home/kaahin/degree_project/hybrid-epidemic-forecasting/results/partB/forecasts/partB_observation_noise_forecast_A4_AR_None.mat,forecast_results,350,351,0.0325390887972361,0.0325390887972361,0.0846993030247569,0.0826254200687791,0.00918060222986435,0.0206755700460901,0.00268291652128163,0,0.785714285714286,-0.00178571428571429,0.223214285714286,0.305709973029134,1,closed_loop_monte_carlo,ok,ok,-646.424190458134
observation_noise,SIRS with observation noise,SIRS,uds,0,1,0,A4,Amplifying Resurgence,ARX,I,/home/kaahin/degree_project/hybrid-epidemic-forecasting/results/partB/forecasts/partB_observation_noise_forecast_A4_ARX_I.mat,forecast_results,49,50,0.128094283687395,0.128094283687395,0.272718774508989,0.238353648181544,0.0264837386868382,0.02467197861008,0,0.0769385663904773,0.410714285714286,-0.376785714285714,0.483928571428571,0.367165596892751,1,closed_loop_monte_carlo,ok,ok,-83.6923937275036
observation_noise,SIRS with observation noise,SIRS,uds,0,1,0,A4,Amplifying Resurgence,ARX,I,/home/kaahin/degree_project/hybrid-epidemic-forecasting/results/partB/forecasts/partB_observation_noise_forecast_A4_ARX_I.mat,forecast_results,56,57,0.106969924030648,0.106969924030648,0.28795028575474,0.254960861971158,0.028328984663462,0.0320758363197881,0,0.046565103047398,0.607142857142857,-0.180357142857143,0.344642857142857,0.489799819648668,1,closed_loop_monte_carlo,ok,ok,-96.3003442565361
observation_noise,SIRS with observation noise,SIRS,uds,0,1,0,A4,Amplifying Resurgence,ARX,I,/home/kaahin/degree_project/hybrid-epidemic-forecasting/results/partB/forecasts/partB_observation_noise_forecast_A4_ARX_I.mat,forecast_results,63,64,0.0822815149270588,0.0822815149270588,0.236122658474879,0.213277408357836,0.0236974898175373,0.0405911378874742,0,0.0179928872220473,0.785714285714286,-0.00178571428571429,0.233928571428571,0.614539539499377,1,closed_loop_monte_carlo,ok,ok,-110.523803619833
observation_noise,SIRS with observation noise,SIRS,uds,0,1,0,A4,Amplifying Resurgence,ARX,I,/home/kaahin/degree_project/hybrid-epidemic-forecasting/results/partB/forecasts/partB_observation_noise_forecast_A4_ARX_I.mat,forecast_results,70,71,0.0645466865219534,0.0645466865219534,0.0930305797460795,0.0841883932527902,0.00935426591697669,0.0551924206049767,0,0,1,0.2125,0.2125,0.81235718609318,1,closed_loop_monte_carlo,ok,ok,-119.087568598876
observation_noise,SIRS with observation noise,SIRS,uds,0,1,0,A4,Amplifying Resurgence,ARX,I,/home/kaahin/degree_project/hybrid-epidemic-forecasting/results/partB/forecasts/partB_observation_noise_forecast_A4_ARX_I.mat,forecast_results,77,78,0.0498934834177327,0.0498934834177327,0.0593188101431162,0.0493231420217085,0.00548034911352317,0.0442435321543168,0,0.000169602149892728,0.982142857142857,0.194642857142857,0.2125,0.628603955694078,1,closed_loop_monte_carlo,ok,ok,-131.228633335979
observation_noise,SIRS with observation noise,SIRS,uds,0,1,0,A4,Amplifying Resurgence,ARX,I,/home/kaahin/degree_project/hybrid-epidemic-forecasting/results/partB/forecasts/partB_observation_noise_forecast_A4_ARX_I.mat,forecast_results,84,85,0.080767314279074,0.080767314279074,0.229576538563944,0.205727066420518,0.0228585629356131,0.0482500435331017,0.00965870781035913,0,0.803571428571429,0.0160714285714286,0.2125,0.724471109471207,1,closed_loop_monte_carlo,ok,ok,-145.073790717604
observation_noise,SIRS with observation noise,SIRS,uds,0,1,0,A4,Amplifying Resurgence,ARX,I,/home/kaahin/degree_project/hybrid-epidemic-forecasting/results/partB/forecasts/partB_observation_noise_forecast_A4_ARX_I.mat,forecast_results,91,92,0.0321440310014239,0.0321440310014239,0.0364200692212952,0.0269224019886278,0.00299137799873642,0.0291169612575069,0,3.56917451806182e-05,0.982142857142857,0.194642857142857,0.2125,0.430915287478793,1,closed_loop_monte_carlo,ok,ok,-162.194980118533
observation_noise,SIRS with observation noise,SIRS,uds,0,1,0,A4,Amplifying Resurgence,ARX,I,/home/kaahin/degree_project/hybrid-epidemic-forecasting/results/partB/forecasts/partB_observation_noise_forecast_A4_ARX_I.mat,forecast_results,98,99,0.0295677226129493,0.0295677226129493,0.028308512409737,0.0215590522881338,0.00239545025423709,0.0271722723587122,0,0,1,0.2125,0.2125,0.406513469535213,1,closed_loop_monte_carlo,ok,ok,-175.908691133152
observation_noise,SIRS with observation noise,SIRS,uds,0,1,0,A4,Amplifying Resurgence,ARX,I,/home/kaahin/degree_project/hybrid-epidemic-forecasting/results/partB/forecasts/partB_observation_noise_forecast_A4_ARX_I.mat,forecast_results,105,106,0.0347441095605912,0.0347441095605912,0.0815156134915932,0.0622979859677524,0.00692199844086137,0.0269246641835413,0,0.000897446936188487,0.946428571428571,0.158928571428571,0.2125,0.397937277092172,1,closed_loop_monte_carlo,ok,ok,-185.5767661051
observation_noise,SIRS with observation noise,SIRS,uds,0,1,0,A4,Amplifying Resurgence,ARX,I,/home/kaahin/degree_project/hybrid-epidemic-forecasting/results/partB/forecasts/partB_observation_noise_forecast_A4_ARX_I.mat,forecast_results,112,113,0.0817994136577695,0.0817994136577695,0.219664627653272,0.192923331488144,0.0214359257209049,0.0234931539212339,0,0.0368703340156306,0.535714285714286,-0.251785714285714,0.391071428571429,0.341890435910896,1,closed_loop_monte_carlo,ok,ok,-199.435884640392
observation_noise,SIRS with observation noise,SIRS,uds,0,1,0,A4,Amplifying Resurgence,ARX,I,/home/kaahin/degree_project/hybrid-epidemic-forecasting/results/partB/forecasts/partB_observation_noise_forecast_A4_ARX_I.mat,forecast_results,119,120,0.152410013491071,0.152410013491071,0.342173977601614,0.31420191036641,0.0349113233740455,0.0270404453066744,0,0.0904582448103513,0.285714285714286,-0.501785714285714,0.55,0.394911252377459,1,closed_loop_monte_carlo,ok,ok,-217.196645495006
observation_noise,SIRS with observation noise,SIRS,uds,0,1,0,A4,Amplifying Resurgence,ARX,I,/home/kaahin/degree_project/hybrid-epidemic-forecasting/results/partB/forecasts/partB_observation_noise_forecast_A4_ARX_I.mat,forecast_results,126,127,0.087597104043277,0.087597104043277,0.267908957436949,0.2302197494725,0.0255799721636112,0.0344881017838462,0,0.0275290300958196,0.732142857142857,-0.0553571428571429,0.269642857142857,0.501563520382803,1,closed_loop_monte_carlo,ok,ok,-229.890352629797
observation_noise,SIRS with observation noise,SIRS,uds,0,1,0,A4,Amplifying Resurgence,ARX,I,/home/kaahin/degree_project/hybrid-epidemic-forecasting/results/partB/forecasts/partB_observation_noise_forecast_A4_ARX_I.mat,forecast_results,133,134,0.0906795472112191,0.0906795472112191,0.264830561503602,0.243432676868051,0.0270480752075612,0.040121876887862,0,0.0235095951157959,0.75,-0.0375,0.233928571428571,0.583871165691353,1,closed_loop_monte_carlo,ok,ok,-241.384978216698
observation_noise,SIRS with observation noise,SIRS,uds,0,1,0,A4,Amplifying Resurgence,ARX,I,/home/kaahin/degree_project/hybrid-epidemic-forecasting/results/partB/forecasts/partB_observation_noise_forecast_A4_ARX_I.mat,forecast_results,140,141,0.0899811486150164,0.0899811486150164,0.209295821850798,0.193024644382887,0.0214471827092097,0.065778333384803,0.00275563252100367,0,0.875,0.0875,0.2125,0.983504416144259,1,closed_loop_monte_carlo,ok,ok,-252.267008118634
observation_noise,SIRS with observation noise,SIRS,uds,0,1,0,A4,Amplifying Resurgence,ARX,I,/home/kaahin/degree_project/hybrid-epidemic-forecasting/results/partB/forecasts/partB_observation_noise_forecast_A4_ARX_I.mat,forecast_results,147,148,0.0603424554971048,0.0603424554971048,0.105456584223133,0.087042635577738,0.009671403953082,0.0489971496477346,0,0.0016739018962882,0.928571428571429,0.141071428571429,0.2125,0.709281512961481,1,closed_loop_monte_carlo,ok,ok,-260.06179315157
observation_noise,SIRS with observation noise,SIRS,uds,0,1,0,A4,Amplifying Resurgence,ARX,I,/home/kaahin/degree_project/hybrid-epidemic-forecasting/results/partB/forecasts/partB_observation_noise_forecast_A4_ARX_I.mat,forecast_results,154,155,0.0514926052360275,0.0514926052360275,0.0967211437209627,0.084675958129732,0.00940843979219244,0.0403689741675545,0,0.00171519127628055,0.928571428571429,0.141071428571429,0.223214285714286,0.59252712739799,1,closed_loop_monte_carlo,ok,ok,-275.385817190389
observation_noise,SIRS with observation noise,SIRS,uds,0,1,0,A4,Amplifying Resurgence,ARX,I,/home/kaahin/degree_project/hybrid-epidemic-forecasting/results/partB/forecasts/partB_observation_noise_forecast_A4_ARX_I.mat,forecast_results,161,162,0.0458936673121382,0.0458936673121382,0.113897556193857,0.0946830011641797,0.0105203334626866,0.033383141261247,0.00199019258820452,0,0.928571428571429,0.141071428571429,0.2125,0.485717579505969,1,closed_loop_monte_carlo,ok,ok,-289.981543744982
observation_noise,SIRS with observation noise,SIRS,uds,0,1,0,A4,Amplifying Resurgence,ARX,I,/home/kaahin/degree_project/hybrid-epidemic-forecasting/results/partB/forecasts/partB_observation_noise_forecast_A4_ARX_I.mat,forecast_results,168,169,0.0328286356038959,0.0328286356038959,0.043526833316136,0.0399830182466458,0.00444255758296064,0.0283860780209352,0,0,1,0.2125,0.2125,0.425591211870462,1,closed_loop_monte_carlo,ok,ok,-299.930462256682
observation_noise,SIRS with observation noise,SIRS,uds,0,1,0,A4,Amplifying Resurgence,ARX,I,/home/kaahin/degree_project/hybrid-epidemic-forecasting/results/partB/forecasts/partB_observation_noise_forecast_A4_ARX_I.mat,forecast_results,175,176,0.0362628547145207,0.0362628547145207,0.0947391154806732,0.0843492488138213,0.00937213875709126,0.0252280526167709,0,0.00166266334065863,0.892857142857143,0.105357142857143,0.2125,0.367330060265964,1,closed_loop_monte_carlo,ok,ok,-315.20707679426
observation_noise,SIRS with observation noise,SIRS,uds,0,1,0,A4,Amplifying Resurgence,ARX,I,/home/kaahin/degree_project/hybrid-epidemic-forecasting/results/partB/forecasts/partB_observation_noise_forecast_A4_ARX_I.mat,forecast_results,182,183,0.0707864153711741,0.0707864153711741,0.183923132706182,0.157198557854526,0.0174665064282807,0.0232386448343914,0,0.030081264108502,0.589285714285714,-0.198214285714286,0.382142857142857,0.3363808439752,1,closed_loop_monte_carlo,ok,ok,-329.794228237654
observation_noise,SIRS with observation noise,SIRS,uds,0,1,0,A4,Amplifying Resurgence,ARX,I,/home/kaahin/degree_project/hybrid-epidemic-forecasting/results/partB/forecasts/partB_observation_noise_forecast_A4_ARX_I.mat,forecast_results,189,190,0.132634583808192,0.132634583808192,0.305185599636208,0.274354321736773,0.0304838135263081,0.0231189167439144,0,0.0790318535379692,0.410714285714286,-0.376785714285714,0.473214285714286,0.354831103464276,1,closed_loop_monte_carlo,ok,ok,-346.977710060973
observation_noise,SIRS with observation noise,SIRS,uds,0,1,0,A4,Amplifying Resurgence,ARX,I,/home/kaahin/degree_project/hybrid-epidemic-forecasting/results/partB/forecasts/partB_observation_noise_forecast_A4_ARX_I.mat,forecast_results,196,197,0.131224128665316,0.131224128665316,0.330106295610305,0.293947084104245,0.0326607871226939,0.0316651160965741,0,0.0668982254460482,0.428571428571429,-0.358928571428571,0.442857142857143,0.474081361389361,1,closed_loop_monte_carlo,ok,ok,-359.652163172277
observation_noise,SIRS with observation noise,SIRS,uds,0,1,0,A4,Amplifying Resurgence,ARX,I,/home/kaahin/degree_project/hybrid-epidemic-forecasting/results/partB/forecasts/partB_observation_noise_forecast_A4_ARX_I.mat,forecast_results,203,204,0.132858175755996,0.132858175755996,0.352539222408087,0.331082201441293,0.0367869112712548,0.0375350069132318,0,0.0585362575715098,0.428571428571429,-0.358928571428571,0.448214285714286,0.538982160559842,1,closed_loop_monte_carlo,ok,ok,-370.388274544263
observation_noise,SIRS with observation noise,SIRS,uds,0,1,0,A4,Amplifying Resurgence,ARX,I,/home/kaahin/degree_project/hybrid-epidemic-forecasting/results/partB/forecasts/partB_observation_noise_forecast_A4_ARX_I.mat,forecast_results,210,211,0.0594320591560519,0.0594320591560519,0.0673760552669024,0.0555580253523879,0.00617311392804309,0.0532589452280088,0,0,1,0.2125,0.2125,0.809911872574102,1,closed_loop_monte_carlo,ok,ok,-384.674874708474
observation_noise,SIRS with observation noise,SIRS,uds,0,1,0,A4,Amplifying Resurgence,ARX,I,/home/kaahin/degree_project/hybrid-epidemic-forecasting/results/partB/forecasts/partB_observation_noise_forecast_A4_ARX_I.mat,forecast_results,217,218,0.0664489782844063,0.0664489782844063,0.150207992065951,0.10750874678073,0.01194541630897,0.0525256839088862,0.00197787806655016,0,0.964285714285714,0.176785714285714,0.2125,0.758283647731864,1,closed_loop_monte_carlo,ok,ok,-403.426201370232
observation_noise,SIRS with observation noise,SIRS,uds,0,1,0,A4,Amplifying Resurgence,ARX,I,/home/kaahin/degree_project/hybrid-epidemic-forecasting/results/partB/forecasts/partB_observation_noise_forecast_A4_ARX_I.mat,forecast_results,224,225,0.0518135256924577,0.0518135256924577,0.0924577285586624,0.0781356058377733,0.00868173398197482,0.0431317917104829,0,0,1,0.2125,0.2125,0.620678665588917,1,closed_loop_monte_carlo,ok,ok,-411.575478014631
observation_noise,SIRS with observation noise,SIRS,uds,0,1,0,A4,Amplifying Resurgence,ARX,I,/home/kaahin/degree_project/hybrid-epidemic-forecasting/results/partB/forecasts/partB_observation_noise_forecast_A4_ARX_I.mat,forecast_results,231,232,0.0978140084809348,0.0978140084809348,0.277212367501654,0.256074440491876,0.0284527156102085,0.0477427457458315,0.0216185471248948,0,0.75,-0.0375,0.244642857142857,0.700711404045092,1,closed_loop_monte_carlo,ok,ok,-430.118222215363
observation_noise,SIRS with observation noise,SIRS,uds,0,1,0,A4,Amplifying Resurgence,ARX,I,/home/kaahin/degree_project/hybrid-epidemic-forecasting/results/partB/forecasts/partB_observation_noise_forecast_A4_ARX_I.mat,forecast_results,238,239,0.0780611719829342,0.0780611719829342,0.19388495878379,0.186871925888986,0.0207635473209985,0.0413803930535652,0.0159172316083706,0,0.714285714285714,-0.0732142857142857,0.244642857142857,0.602099863454922,1,closed_loop_monte_carlo,ok,ok,-440.903312886596
observation_noise,SIRS with observation noise,SIRS,uds,0,1,0,A4,Amplifying Resurgence,ARX,I,/home/kaahin/degree_project/hybrid-epidemic-forecasting/results/partB/forecasts/partB_observation_noise_forecast_A4_ARX_I.mat,forecast_results,245,246,0.0319529179372661,0.0319529179372661,0.0306103287941464,0.0261365327469744,0.00290405919410827,0.0289669859026389,0,8.18728405189072e-05,0.982142857142857,0.194642857142857,0.2125,0.419836203925879,1,closed_loop_monte_carlo,ok,ok,-454.062215251055
observation_noise,SIRS with observation noise,SIRS,uds,0,1,0,A4,Amplifying Resurgence,ARX,I,/home/kaahin/degree_project/hybrid-epidemic-forecasting/results/partB/forecasts/partB_observation_noise_forecast_A4_ARX_I.mat,forecast_results,252,253,0.0346954420526891,0.0346954420526891,0.0713208812936109,0.0615380971373849,0.00683756634859832,0.0276080618812984,0,0.000249813822792371,0.964285714285714,0.176785714285714,0.2125,0.408569115993535,1,closed_loop_monte_carlo,ok,ok,-471.283951094457
observation_noise,SIRS with observation noise,SIRS,uds,0,1,0,A4,Amplifying Resurgence,ARX,I,/home/kaahin/degree_project/hybrid-epidemic-forecasting/results/partB/forecasts/partB_observation_noise_forecast_A4_ARX_I.mat,forecast_results,259,260,0.0890534273247436,0.0890534273247436,0.237947168932641,0.212928737356064,0.0236587485951182,0.0266341941842954,0,0.03876048454533,0.446428571428571,-0.341071428571429,0.425,0.377671777731017,1,closed_loop_monte_carlo,ok,ok,-487.29628723741
observation_noise,SIRS with observation noise,SIRS,uds,0,1,0,A4,Amplifying Resurgence,ARX,I,/home/kaahin/degree_project/hybrid-epidemic-forecasting/results/partB/forecasts/partB_observation_noise_forecast_A4_ARX_I.mat,forecast_results,266,267,0.104739678691606,0.104739678691606,0.266416066141228,0.230940974423475,0.025660108269275,0.0267697650822265,0,0.0523098053401046,0.553571428571429,-0.233928571428571,0.391071428571429,0.389045399413141,1,closed_loop_monte_carlo,ok,ok,-490.625024777505
observation_noise,SIRS with observation noise,SIRS,uds,0,1,0,A4,Amplifying Resurgence,ARX,I,/home/kaahin/degree_project/hybrid-epidemic-forecasting/results/partB/forecasts/partB_observation_noise_forecast_A4_ARX_I.mat,forecast_results,273,274,0.125961440855259,0.125961440855259,0.359798240979037,0.31902792044823,0.0354475467164699,0.0370563573636508,0,0.0534575367751382,0.571428571428571,-0.216071428571429,0.357142857142857,0.543458345976632,1,closed_loop_monte_carlo,ok,ok,-497.105695335889
observation_noise,SIRS with observation noise,SIRS,uds,0,1,0,A4,Amplifying Resurgence,ARX,I,/home/kaahin/degree_project/hybrid-epidemic-forecasting/results/partB/forecasts/partB_observation_noise_forecast_A4_ARX_I.mat,forecast_results,280,281,0.0847395099387512,0.0847395099387512,0.244663742963809,0.213821846599938,0.0237579829555487,0.0436717011818664,0,0.0173098258013361,0.803571428571429,0.0160714285714286,0.233928571428571,0.655576482722528,1,closed_loop_monte_carlo,ok,ok,-509.648663572132
observation_noise,SIRS with observation noise,SIRS,uds,0,1,0,A4,Amplifying Resurgence,ARX,I,/home/kaahin/degree_project/hybrid-epidemic-forecasting/results/partB/forecasts/partB_observation_noise_forecast_A4_ARX_I.mat,forecast_results,287,288,0.0557827083695215,0.0557827083695215,0.0865850303806746,0.0768873191264442,0.0085430354584938,0.0472396729110277,0,0,1,0.2125,0.2125,0.68252686275376,1,closed_loop_monte_carlo,ok,ok,-516.331260799817
observation_noise,SIRS with observation noise,SIRS,uds,0,1,0,A4,Amplifying Resurgence,ARX,I,/home/kaahin/degree_project/hybrid-epidemic-forecasting/results/partB/forecasts/partB_observation_noise_forecast_A4_ARX_I.mat,forecast_results,294,295,0.0613075677576581,0.0613075677576581,0.141136872358755,0.117826166709023,0.0130917963010026,0.0435220199507389,0,0.00469375150591657,0.892857142857143,0.105357142857143,0.2125,0.629724359490993,1,closed_loop_monte_carlo,ok,ok,-532.037657740263
observation_noise,SIRS with observation noise,SIRS,uds,0,1,0,A4,Amplifying Resurgence,ARX,I,/home/kaahin/degree_project/hybrid-epidemic-forecasting/results/partB/forecasts/partB_observation_noise_forecast_A4_ARX_I.mat,forecast_results,301,302,0.0593385762128314,0.0593385762128314,0.126982790721718,0.106323310514206,0.0118137011682451,0.0461181243829972,0.000564910601546317,0.000841840060042742,0.928571428571429,0.141071428571429,0.223214285714286,0.685155460271053,1,closed_loop_monte_carlo,ok,ok,-543.172039449409
observation_noise,SIRS with observation noise,SIRS,uds,0,1,0,A4,Amplifying Resurgence,ARX,I,/home/kaahin/degree_project/hybrid-epidemic-forecasting/results/partB/forecasts/partB_observation_noise_forecast_A4_ARX_I.mat,forecast_results,308,309,0.0790868023274587,0.0790868023274587,0.211379309381226,0.183491164054844,0.0203879071172049,0.0408523461093329,0.0178465491009209,0,0.75,-0.0375,0.269642857142857,0.589176141390871,1,closed_loop_monte_carlo,ok,ok,-552.648985434054
observation_noise,SIRS with observation noise,SIRS,uds,0,1,0,A4,Amplifying Resurgence,ARX,I,/home/kaahin/degree_project/hybrid-epidemic-forecasting/results/partB/forecasts/partB_observation_noise_forecast_A4_ARX_I.mat,forecast_results,315,316,0.0884711888193074,0.0884711888193074,0.231643801101397,0.212352570702654,0.0235947300780727,0.0356220945813673,0.0292543641598675,0,0.553571428571429,-0.233928571428571,0.367857142857143,0.524766320878017,1,closed_loop_monte_carlo,ok,ok,-569.385282831855
observation_noise,SIRS with observation noise,SIRS,uds,0,1,0,A4,Amplifying Resurgence,ARX,I,/home/kaahin/degree_project/hybrid-epidemic-forecasting/results/partB/forecasts/partB_observation_noise_forecast_A4_ARX_I.mat,forecast_results,322,323,0.0603497799738151,0.0603497799738151,0.164241903436093,0.152835418349861,0.0169817131499846,0.0299909476943311,0.0133771191294995,0,0.714285714285714,-0.0732142857142857,0.244642857142857,0.435212337558623,1,closed_loop_monte_carlo,ok,ok,-583.680918816083
observation_noise,SIRS with observation noise,SIRS,uds,0,1,0,A4,Amplifying Resurgence,ARX,I,/home/kaahin/degree_project/hybrid-epidemic-forecasting/results/partB/forecasts/partB_observation_noise_forecast_A4_ARX_I.mat,forecast_results,329,330,0.0445660536117436,0.0445660536117436,0.123698611920685,0.11430117535974,0.0127001305955267,0.0270576035836407,0.0048083194325762,0,0.821428571428571,0.0339285714285714,0.2125,0.385802548695081,1,closed_loop_monte_carlo,ok,ok,-595.013152162363
observation_noise,SIRS with observation noise,SIRS,uds,0,1,0,A4,Amplifying Resurgence,ARX,I,/home/kaahin/degree_project/hybrid-epidemic-forecasting/results/partB/forecasts/partB_observation_noise_forecast_A4_ARX_I.mat,forecast_results,336,337,0.0276640236456509,0.0276640236456509,0.0656114158542351,0.0601938638107163,0.00668820709007959,0.0201027591201084,0.000873057435462934,0,0.928571428571429,0.141071428571429,0.2125,0.291861817150195,1,closed_loop_monte_carlo,ok,ok,-606.698661249177
observation_noise,SIRS with observation noise,SIRS,uds,0,1,0,A4,Amplifying Resurgence,ARX,I,/home/kaahin/degree_project/hybrid-epidemic-forecasting/results/partB/forecasts/partB_observation_noise_forecast_A4_ARX_I.mat,forecast_results,343,344,0.0315218857550218,0.0315218857550218,0.0887729933413257,0.0774669897826936,0.00860744330918818,0.0219778470730803,0.000936595372753296,0,0.910714285714286,0.123214285714286,0.2125,0.319491623662664,1,closed_loop_monte_carlo,ok,ok,-623.526803195165
observation_noise,SIRS with observation noise,SIRS,uds,0,1,0,A4,Amplifying Resurgence,ARX,I,/home/kaahin/degree_project/hybrid-epidemic-forecasting/results/partB/forecasts/partB_observation_noise_forecast_A4_ARX_I.mat,forecast_results,350,351,0.0403265329031644,0.0403265329031644,0.103216692737859,0.100183020493529,0.0111314467215033,0.0242608612150969,0.00493422496656429,0,0.732142857142857,-0.0553571428571429,0.223214285714286,0.364497904540618,1,closed_loop_monte_carlo,ok,ok,-640.702824406407
process_noise,SIRS with stochastic process noise,SIRS,ssa,0,0,1,A1,Seasonal Forcing,AR,None,/home/kaahin/degree_project/hybrid-epidemic-forecasting/results/partB/forecasts/partB_process_noise_forecast_A1_AR_None.mat,forecast_results,49,50,0.0074334808914287,0.0074334808914287,0.0102079608147205,0.00791021499908183,0.000878912777675759,0.000119140673877362,0.00643542743987557,0,0,-0.7875,0.7875,0.00183143092511111,1,closed_loop_monte_carlo,ok,ok,-764.41977257406
process_noise,SIRS with stochastic process noise,SIRS,ssa,0,0,1,A1,Seasonal Forcing,AR,None,/home/kaahin/degree_project/hybrid-epidemic-forecasting/results/partB/forecasts/partB_process_noise_forecast_A1_AR_None.mat,forecast_results,56,57,0.00775408881106384,0.00775408881106384,0.0107546071285218,0.00835927126508029,0.000928807918342255,0.000142510376804084,0.0066827705159175,0,0,-0.7875,0.7875,0.00197154895421152,1,closed_loop_monte_carlo,ok,ok,-856.781829497351
process_noise,SIRS with stochastic process noise,SIRS,ssa,0,0,1,A1,Seasonal Forcing,AR,None,/home/kaahin/degree_project/hybrid-epidemic-forecasting/results/partB/forecasts/partB_process_noise_forecast_A1_AR_None.mat,forecast_results,63,64,0.00729688257140876,0.00729688257140876,0.0100407087502883,0.00782280563655938,0.000869200626284376,0.000118709606183788,0.0063089723389406,0,0,-0.7875,0.7875,0.00167623603923494,1,closed_loop_monte_carlo,ok,ok,-954.354337721345
process_noise,SIRS with stochastic process noise,SIRS,ssa,0,0,1,A1,Seasonal Forcing,AR,None,/home/kaahin/degree_project/hybrid-epidemic-forecasting/results/partB/forecasts/partB_process_noise_forecast_A1_AR_None.mat,forecast_results,70,71,0.0061232513865653,0.0061232513865653,0.00830150921276924,0.00649211198698739,0.000721345776331932,0.000111306508543266,0.00529059910169011,0,0,-0.7875,0.7875,0.00164335122236276,1,closed_loop_monte_carlo,ok,ok,-1057.84614908804
process_noise,SIRS with stochastic process noise,SIRS,ssa,0,0,1,A1,Seasonal Forcing,AR,None,/home/kaahin/degree_project/hybrid-epidemic-forecasting/results/partB/forecasts/partB_process_noise_forecast_A1_AR_None.mat,forecast_results,77,78,0.00447854778072487,0.00447854778072487,0.00624111609854332,0.00494043073984022,0.000548936748871135,8.35862378595797e-05,0.00384602479399415,0,0,-0.7875,0.7875,0.00117676648540064,1,closed_loop_monte_carlo,ok,ok,-1168.87680930209
process_noise,SIRS with stochastic process noise,SIRS,ssa,0,0,1,A1,Seasonal Forcing,AR,None,/home/kaahin/degree_project/hybrid-epidemic-forecasting/results/partB/forecasts/partB_process_noise_forecast_A1_AR_None.mat,forecast_results,84,85,0.00220791572258403,0.00220791572258403,0.00321673681138176,0.00260745589873279,0.000289717322081421,6.89804871590137e-05,0.0018492179133436,0,0,-0.7875,0.7875,0.0010452278382495,1,closed_loop_monte_carlo,ok,ok,-1289.84920261125
process_noise,SIRS with stochastic process noise,SIRS,ssa,0,0,1,A1,Seasonal Forcing,AR,None,/home/kaahin/degree_project/hybrid-epidemic-forecasting/results/partB/forecasts/partB_process_noise_forecast_A1_AR_None.mat,forecast_results,91,92,0.000130330966615367,0.000130330966615367,0.000330853631497149,0.000267248726277782,2.96943029197535e-05,9.40104519218374e-05,6.54732146242683e-06,7.88903113488117e-08,0.732142857142857,-0.0553571428571429,0.289285714285714,0.00133363851346866,1,closed_loop_monte_carlo,ok,ok,-1423.67951195298
process_noise,SIRS with stochastic process noise,SIRS,ssa,0,0,1,A1,Seasonal Forcing,AR,None,/home/kaahin/degree_project/hybrid-epidemic-forecasting/results/partB/forecasts/partB_process_noise_forecast_A1_AR_None.mat,forecast_results,98,99,0.00196029165625983,0.00196029165625983,0.00339232675088028,0.00247351024897221,0.000274834472108024,8.88151918381478e-05,0,0.00159664199231366,0.196428571428571,-0.591071428571429,0.644642857142857,0.00127772637766492,1,closed_loop_monte_carlo,ok,ok,-1572.20906545444
process_noise,SIRS with stochastic process noise,SIRS,ssa,0,0,1,A1,Seasonal Forcing,AR,None,/home/kaahin/degree_project/hybrid-epidemic-forecasting/results/partB/forecasts/partB_process_noise_forecast_A1_AR_None.mat,forecast_results,105,106,0.00444810284283714,0.00444810284283714,0.00698806816901567,0.00527334476661553,0.000585927196290614,0.000102754981489531,0,0.00375942066505699,0.0178571428571429,-0.769642857142857,0.771428571428572,0.00161246464753752,1,closed_loop_monte_carlo,ok,ok,-1728.62760796304
process_noise,SIRS with stochastic process noise,SIRS,ssa,0,0,1,A1,Seasonal Forcing,AR,None,/home/kaahin/degree_project/hybrid-epidemic-forecasting/results/partB/forecasts/partB_process_noise_forecast_A1_AR_None.mat,forecast_results,112,113,0.00668387032047301,0.00668387032047301,0.010024105283841,0.00764079982992029,0.000848977758880032,0.000146852925551207,0,0.00568803963604177,0,-0.7875,0.7875,0.00211095161883187,1,closed_loop_monte_carlo,ok,ok,-1861.01522493948
process_noise,SIRS with stochastic process noise,SIRS,ssa,0,0,1,A1,Seasonal Forcing,AR,None,/home/kaahin/degree_project/hybrid-epidemic-forecasting/results/partB/forecasts/partB_process_noise_forecast_A1_AR_None.mat,forecast_results,119,120,0.0086718793787417,0.0086718793787417,0.0127329233214982,0.00977268412283328,0.00108585379142592,0.000179480023459545,0,0.00740654556385624,0,-0.7875,0.7875,0.00251980346720094,1,closed_loop_monte_carlo,ok,ok,-1940.07255709802
process_noise,SIRS with stochastic process noise,SIRS,ssa,0,0,1,A1,Seasonal Forcing,AR,None,/home/kaahin/degree_project/hybrid-epidemic-forecasting/results/partB/forecasts/partB_process_noise_forecast_A1_AR_None.mat,forecast_results,126,127,0.0102153905504325,0.0102153905504325,0.0151128853992598,0.0116802158382608,0.00129780175980676,0.000232901664113159,0,0.00868468712651261,0,-0.7875,0.7875,0.00312192679169175,1,closed_loop_monte_carlo,ok,ok,-1991.19358321661
process_noise,SIRS with stochastic process noise,SIRS,ssa,0,0,1,A1,Seasonal Forcing,AR,None,/home/kaahin/degree_project/hybrid-epidemic-forecasting/results/partB/forecasts/partB_process_noise_forecast_A1_AR_None.mat,forecast_results,133,134,0.010759460432245,0.010759460432245,0.0158417068479521,0.0122981622371968,0.00136646247079965,0.000249718746099066,0,0.00914327921534625,0,-0.7875,0.7875,0.00374426818980457,1,closed_loop_monte_carlo,ok,ok,-2042.33351496902
process_noise,SIRS with stochastic process noise,SIRS,ssa,0,0,1,A1,Seasonal Forcing,AR,None,/home/kaahin/degree_project/hybrid-epidemic-forecasting/results/partB/forecasts/partB_process_noise_forecast_A1_AR_None.mat,forecast_results,140,141,0.0102297699745247,0.0102297699745247,0.0156702494297096,0.0121608321852577,0.00135120357613975,0.000300855910420693,0,0.0085777104879643,0,-0.7875,0.7875,0.00433877753098599,1,closed_loop_monte_carlo,ok,ok,-2103.64907303646
process_noise,SIRS with stochastic process noise,SIRS,ssa,0,0,1,A1,Seasonal Forcing,AR,None,/home/kaahin/degree_project/hybrid-epidemic-forecasting/results/partB/forecasts/partB_process_noise_forecast_A1_AR_None.mat,forecast_results,147,148,0.00880209063165198,0.00880209063165198,0.0141852022612071,0.0110297580991087,0.00122552867767874,0.000338785613758398,0,0.00723777634021484,0,-0.7875,0.7875,0.00499491070712827,1,closed_loop_monte_carlo,ok,ok,-2178.38419222254
process_noise,SIRS with stochastic process noise,SIRS,ssa,0,0,1,A1,Seasonal Forcing,AR,None,/home/kaahin/degree_project/hybrid-epidemic-forecasting/results/partB/forecasts/partB_process_noise_forecast_A1_AR_None.mat,forecast_results,154,155,0.00671936329615657,0.00671936329615657,0.011914779283991,0.00923052415644125,0.00102561379516014,0.000395140011820055,0,0.00529860948917638,0.0535714285714286,-0.733928571428571,0.741071428571429,0.00587177140740711,1,closed_loop_monte_carlo,ok,ok,-2266.84736611755
process_noise,SIRS with stochastic process noise,SIRS,ssa,0,0,1,A1,Seasonal Forcing,AR,None,/home/kaahin/degree_project/hybrid-epidemic-forecasting/results/partB/forecasts/partB_process_noise_forecast_A1_AR_None.mat,forecast_results,161,162,0.00450311896615982,0.00450311896615982,0.00795834792381271,0.00636718502275186,0.000707465002527985,0.000379184777196248,0,0.00341646918643558,0.160714285714286,-0.626785714285714,0.653571428571428,0.00543810785033693,1,closed_loop_monte_carlo,ok,ok,-2366.86005409617
process_noise,SIRS with stochastic process noise,SIRS,ssa,0,0,1,A1,Seasonal Forcing,AR,None,/home/kaahin/degree_project/hybrid-epidemic-forecasting/results/partB/forecasts/partB_process_noise_forecast_A1_AR_None.mat,forecast_results,168,169,0.00279725469772475,0.00279725469772475,0.00660187203377682,0.00519640140166254,0.00057737793351806,0.000364654797447921,0,0.00185522196675877,0.160714285714286,-0.626785714285714,0.667857142857143,0.00519613541011391,1,closed_loop_monte_carlo,ok,ok,-2474.22041675697
process_noise,SIRS with stochastic process noise,SIRS,ssa,0,0,1,A1,Seasonal Forcing,AR,None,/home/kaahin/degree_project/hybrid-epidemic-forecasting/results/partB/forecasts/partB_process_noise_forecast_A1_AR_None.mat,forecast_results,175,176,0.0015736107629274,0.0015736107629274,0.00393725839488729,0.00309731437073108,0.000344146041192342,0.00032466462640892,0,0.000904800095326142,0.267857142857143,-0.519642857142857,0.571428571428571,0.00448825714193477,1,closed_loop_monte_carlo,ok,ok,-2584.30232238705
process_noise,SIRS with stochastic process noise,SIRS,ssa,0,0,1,A1,Seasonal Forcing,AR,None,/home/kaahin/degree_project/hybrid-epidemic-forecasting/results/partB/forecasts/partB_process_noise_forecast_A1_AR_None.mat,forecast_results,182,183,0.00070328812425108,0.00070328812425108,0.00250590387906515,0.00200241102435123,0.000222490113816804,0.000377677586716937,0,0.00010312042371734,0.767857142857143,-0.0196428571428571,0.2125,0.00515331686558214,1,closed_loop_monte_carlo,ok,ok,-2694.23606861574
process_noise,SIRS with stochastic process noise,SIRS,ssa,0,0,1,A1,Seasonal Forcing,AR,None,/home/kaahin/degree_project/hybrid-epidemic-forecasting/results/partB/forecasts/partB_process_noise_forecast_A1_AR_None.mat,forecast_results,189,190,0.000644924162978836,0.000644924162978836,0.00232439874252285,0.00182441644510597,0.000202712938345108,0.000415807494330246,0,2.64037303034819e-05,0.857142857142857,0.0696428571428571,0.2125,0.00565368974153944,1,closed_loop_monte_carlo,ok,ok,-2803.73365569201
process_noise,SIRS with stochastic process noise,SIRS,ssa,0,0,1,A1,Seasonal Forcing,AR,None,/home/kaahin/degree_project/hybrid-epidemic-forecasting/results/partB/forecasts/partB_process_noise_forecast_A1_AR_None.mat,forecast_results,196,197,0.000705349692303746,0.000705349692303746,0.00243184487327765,0.00196808578339548,0.000218676198155054,0.000362356280623803,0,0.000124317213524889,0.857142857142857,0.0696428571428571,0.223214285714286,0.00513378697086228,1,closed_loop_monte_carlo,ok,ok,-2913.79014101312
process_noise,SIRS with stochastic process noise,SIRS,ssa,0,0,1,A1,Seasonal Forcing,AR,None,/home/kaahin/degree_project/hybrid-epidemic-forecasting/results/partB/forecasts/partB_process_noise_forecast_A1_AR_None.mat,forecast_results,203,204,0.000593894339135447,0.000593894339135447,0.00199883394340546,0.00152659327812434,0.000169621475347149,0.000401764466567541,0,2.25083972207576e-05,0.892857142857143,0.105357142857143,0.2125,0.00569762640499846,1,closed_loop_monte_carlo,ok,ok,-3024.87099672813
process_noise,SIRS with stochastic process noise,SIRS,ssa,0,0,1,A1,Seasonal Forcing,AR,None,/home/kaahin/degree_project/hybrid-epidemic-forecasting/results/partB/forecasts/partB_process_noise_forecast_A1_AR_None.mat,forecast_results,210,211,0.000578594212570765,0.000578594212570765,0.00178753830868788,0.0013217314276242,0.0001468590475138,0.000431735165056965,0,0,1,0.2125,0.2125,0.00621713645618219,1,closed_loop_monte_carlo,ok,ok,-3136.21641192859
process_noise,SIRS with stochastic process noise,SIRS,ssa,0,0,1,A1,Seasonal Forcing,AR,None,/home/kaahin/degree_project/hybrid-epidemic-forecasting/results/partB/forecasts/partB_process_noise_forecast_A1_AR_None.mat,forecast_results,217,218,0.000523283860135008,0.000523283860135008,0.000532302414884546,0.000446187976473952,4.95764418304391e-05,0.000473707418304569,0,0,1,0.2125,0.2125,0.00638101610252109,1,closed_loop_monte_carlo,ok,ok,-3246.37884917881
process_noise,SIRS with stochastic process noise,SIRS,ssa,0,0,1,A1,Seasonal Forcing,AR,None,/home/kaahin/degree_project/hybrid-epidemic-forecasting/results/partB/forecasts/partB_process_noise_forecast_A1_AR_None.mat,forecast_results,224,225,0.000572966498209094,0.000572966498209094,0.00103536809726943,0.000869020723915053,9.65578582127837e-05,0.000476408639996311,0,0,1,0.2125,0.2125,0.00678006913059396,1,closed_loop_monte_carlo,ok,ok,-3354.2342683917
process_noise,SIRS with stochastic process noise,SIRS,ssa,0,0,1,A1,Seasonal Forcing,AR,None,/home/kaahin/degree_project/hybrid-epidemic-forecasting/results/partB/forecasts/partB_process_noise_forecast_A1_AR_None.mat,forecast_results,231,232,0.000763240841270689,0.000763240841270689,0.0023312377838923,0.00187972895015343,0.000208858772239269,0.000500555612563291,5.38264564681289e-05,0,0.928571428571429,0.141071428571429,0.2125,0.00716172425961221,1,closed_loop_monte_carlo,ok,ok,-3459.68359649856
process_noise,SIRS with stochastic process noise,SIRS,ssa,0,0,1,A1,Seasonal Forcing,AR,None,/home/kaahin/degree_project/hybrid-epidemic-forecasting/results/partB/forecasts/partB_process_noise_forecast_A1_AR_None.mat,forecast_results,238,239,0.000894156821482523,0.000894156821482523,0.00263711253658699,0.00211383206610977,0.000234870229567753,0.000491336047076571,0.000167950544838199,0,0.857142857142857,0.0696428571428571,0.2125,0.00737228820577424,1,closed_loop_monte_carlo,ok,ok,-3563.70473194582
process_noise,SIRS with stochastic process noise,SIRS,ssa,0,0,1,A1,Seasonal Forcing,AR,None,/home/kaahin/degree_project/hybrid-epidemic-forecasting/results/partB/forecasts/partB_process_noise_forecast_A1_AR_None.mat,forecast_results,245,246,0.000926144105454894,0.000926144105454894,0.00307138876808075,0.00231261416688541,0.000256957129653934,0.000496707557078697,0.000172479418722264,0,0.821428571428571,0.0339285714285714,0.233928571428571,0.00682700100273865,1,closed_loop_monte_carlo,ok,ok,-3667.93443774745
process_noise,SIRS with stochastic process noise,SIRS,ssa,0,0,1,A1,Seasonal Forcing,AR,None,/home/kaahin/degree_project/hybrid-epidemic-forecasting/results/partB/forecasts/partB_process_noise_forecast_A1_AR_None.mat,forecast_results,252,253,0.000840572102326777,0.000840572102326777,0.00267850539419656,0.00200906268029176,0.000223229186699084,0.00048354709786678,0.000133795817760913,0,0.875,0.0875,0.2125,0.00700241816687695,1,closed_loop_monte_carlo,ok,ok,-3774.14223972939
process_noise,SIRS with stochastic process noise,SIRS,ssa,0,0,1,A1,Seasonal Forcing,AR,None,/home/kaahin/degree_project/hybrid-epidemic-forecasting/results/partB/forecasts/partB_process_noise_forecast_A1_AR_None.mat,forecast_results,259,260,0.000617951046419837,0.000617951046419837,0.0016645982701248,0.00118252799900793,0.00013139199988977,0.000486559046530068,0,0,1,0.2125,0.2125,0.00689451499587335,1,closed_loop_monte_carlo,ok,ok,-3883.78829335533
process_noise,SIRS with stochastic process noise,SIRS,ssa,0,0,1,A1,Seasonal Forcing,AR,None,/home/kaahin/degree_project/hybrid-epidemic-forecasting/results/partB/forecasts/partB_process_noise_forecast_A1_AR_None.mat,forecast_results,266,267,0.000431020949056282,0.000431020949056282,0.000372406892862663,0.000316400538293975,3.51556153659973e-05,0.000395865333690285,0,0,1,0.2125,0.2125,0.00541587858315215,1,closed_loop_monte_carlo,ok,ok,-3997.63732715145
process_noise,SIRS with stochastic process noise,SIRS,ssa,0,0,1,A1,Seasonal Forcing,AR,None,/home/kaahin/degree_project/hybrid-epidemic-forecasting/results/partB/forecasts/partB_process_noise_forecast_A1_AR_None.mat,forecast_results,273,274,0.000558006325124013,0.000558006325124013,0.00200713485877393,0.00145074240753656,0.000161193600837395,0.000353435721034966,0,4.33770032516517e-05,0.910714285714286,0.123214285714286,0.2125,0.00524581464364318,1,closed_loop_monte_carlo,ok,ok,-4115.33020665043
process_noise,SIRS with stochastic process noise,SIRS,ssa,0,0,1,A1,Seasonal Forcing,AR,None,/home/kaahin/degree_project/hybrid-epidemic-forecasting/results/partB/forecasts/partB_process_noise_forecast_A1_AR_None.mat,forecast_results,280,281,0.00120768073365305,0.00120768073365305,0.00420854265886342,0.00322974231074826,0.000358860256749807,0.000360078845118031,0,0.000488741631785216,0.642857142857143,-0.144642857142857,0.305357142857143,0.00513094794155142,1,closed_loop_monte_carlo,ok,ok,-4234.91718436493
process_noise,SIRS with stochastic process noise,SIRS,ssa,0,0,1,A1,Seasonal Forcing,AR,None,/home/kaahin/degree_project/hybrid-epidemic-forecasting/results/partB/forecasts/partB_process_noise_forecast_A1_AR_None.mat,forecast_results,287,288,0.00355157558052991,0.00355157558052991,0.0071856038136975,0.00551233081303618,0.000612481201448464,0.000276515343508233,0,0.00266257903557322,0.160714285714286,-0.626785714285714,0.658928571428571,0.00414454964074242,1,closed_loop_monte_carlo,ok,ok,-4352.60517619438
process_noise,SIRS with stochastic process noise,SIRS,ssa,0,0,1,A1,Seasonal Forcing,AR,None,/home/kaahin/degree_project/hybrid-epidemic-forecasting/results/partB/forecasts/partB_process_noise_forecast_A1_AR_None.mat,forecast_results,294,295,0.00596354958929151,0.00596354958929151,0.00981027984208606,0.00753902867895478,0.000837669853217198,0.000296318124482697,0,0.00482956161159162,0.0714285714285714,-0.716071428571429,0.730357142857143,0.00395626492841934,1,closed_loop_monte_carlo,ok,ok,-4463.24296369386
process_noise,SIRS with stochastic process noise,SIRS,ssa,0,0,1,A1,Seasonal Forcing,AR,None,/home/kaahin/degree_project/hybrid-epidemic-forecasting/results/partB/forecasts/partB_process_noise_forecast_A1_AR_None.mat,forecast_results,301,302,0.00732652810009907,0.00732652810009907,0.012071710283641,0.00924863821216454,0.00102762646801828,0.000305737604399909,0,0.00599316402768088,0.0357142857142857,-0.751785714285714,0.757142857142857,0.00441014399420765,1,closed_loop_monte_carlo,ok,ok,-4562.01991124767
process_noise,SIRS with stochastic process noise,SIRS,ssa,0,0,1,A1,Seasonal Forcing,AR,None,/home/kaahin/degree_project/hybrid-epidemic-forecasting/results/partB/forecasts/partB_process_noise_forecast_A1_AR_None.mat,forecast_results,308,309,0.0093336614641395,0.0093336614641395,0.0143055991362804,0.0110463917665316,0.00122737686294796,0.000233853202016695,0,0.00787243139917485,0,-0.7875,0.7875,0.0035824446447421,1,closed_loop_monte_carlo,ok,ok,-4647.11755133173
process_noise,SIRS with stochastic process noise,SIRS,ssa,0,0,1,A1,Seasonal Forcing,AR,None,/home/kaahin/degree_project/hybrid-epidemic-forecasting/results/partB/forecasts/partB_process_noise_forecast_A1_AR_None.mat,forecast_results,315,316,0.0102050767251636,0.0102050767251636,0.0153899635459885,0.0118989399591582,0.00132210443990647,0.000288970529442778,0,0.00859400175581435,0,-0.7875,0.7875,0.00420462297864801,1,closed_loop_monte_carlo,ok,ok,-4721.74441544405
process_noise,SIRS with stochastic process noise,SIRS,ssa,0,0,1,A1,Seasonal Forcing,AR,None,/home/kaahin/degree_project/hybrid-epidemic-forecasting/results/partB/forecasts/partB_process_noise_forecast_A1_AR_None.mat,forecast_results,322,323,0.0101696143447762,0.0101696143447762,0.0157287435551899,0.0122521438562578,0.00136134931736197,0.000316362204648428,0,0.00849190282276582,0,-0.7875,0.7875,0.00449934685141172,1,closed_loop_monte_carlo,ok,ok,-4793.3889230638
process_noise,SIRS with stochastic process noise,SIRS,ssa,0,0,1,A1,Seasonal Forcing,AR,None,/home/kaahin/degree_project/hybrid-epidemic-forecasting/results/partB/forecasts/partB_process_noise_forecast_A1_AR_None.mat,forecast_results,329,330,0.00859193842005061,0.00859193842005061,0.0135327288364417,0.0105442719506688,0.00117158577229653,0.000361496809564478,0,0.0070588558381896,0,-0.7875,0.7875,0.00516273669303632,1,closed_loop_monte_carlo,ok,ok,-4870.15687959013
process_noise,SIRS with stochastic process noise,SIRS,ssa,0,0,1,A1,Seasonal Forcing,AR,None,/home/kaahin/degree_project/hybrid-epidemic-forecasting/results/partB/forecasts/partB_process_noise_forecast_A1_AR_None.mat,forecast_results,336,337,0.00699283816339629,0.00699283816339629,0.0116510781549036,0.00903633999805452,0.00100403777756161,0.000356982532180295,0,0.00563181785365438,0,-0.7875,0.7875,0.00515985523230266,1,closed_loop_monte_carlo,ok,ok,-4956.98108051766
process_noise,SIRS with stochastic process noise,SIRS,ssa,0,0,1,A1,Seasonal Forcing,AR,None,/home/kaahin/degree_project/hybrid-epidemic-forecasting/results/partB/forecasts/partB_process_noise_forecast_A1_AR_None.mat,forecast_results,343,344,0.00480847952431045,0.00480847952431045,0.00873571714959841,0.00685742630539986,0.00076193625615554,0.000346720396492907,0,0.003699822871662,0.0535714285714286,-0.733928571428571,0.741071428571429,0.0047293385852146,1,closed_loop_monte_carlo,ok,ok,-5054.2430611393
process_noise,SIRS with stochastic process noise,SIRS,ssa,0,0,1,A1,Seasonal Forcing,AR,None,/home/kaahin/degree_project/hybrid-epidemic-forecasting/results/partB/forecasts/partB_process_noise_forecast_A1_AR_None.mat,forecast_results,350,351,0.00192595565461733,0.00192595565461733,0.00587849866360388,0.00459499277361346,0.000510554752623718,0.000460397847491126,0,0.000955003054502482,0.321428571428571,-0.466071428571429,0.539285714285714,0.0061422951981741,1,closed_loop_monte_carlo,ok,ok,-5158.97773231926
process_noise,SIRS with stochastic process noise,SIRS,ssa,0,0,1,A1,Seasonal Forcing,ARX,I,/home/kaahin/degree_project/hybrid-epidemic-forecasting/results/partB/forecasts/partB_process_noise_forecast_A1_ARX_I.mat,forecast_results,49,50,0.000961452421104969,0.000961452421104969,0.00144030692474184,0.00102559931168754,0.000113955479076393,1.54928851532847e-05,0.000832004056875291,0,0,-0.7875,0.7875,0.000220088926507168,1,closed_loop_monte_carlo,ok,ok,-1092.26018812909
process_noise,SIRS with stochastic process noise,SIRS,ssa,0,0,1,A1,Seasonal Forcing,ARX,I,/home/kaahin/degree_project/hybrid-epidemic-forecasting/results/partB/forecasts/partB_process_noise_forecast_A1_ARX_I.mat,forecast_results,56,57,0.000748284269195951,0.000748284269195951,0.00112083574265675,0.000815540806817339,9.06156452019265e-05,1.58951616532696e-05,0.000641773462340755,0,0,-0.7875,0.7875,0.000240436604086926,1,closed_loop_monte_carlo,ok,ok,-1230.9723137022
process_noise,SIRS with stochastic process noise,SIRS,ssa,0,0,1,A1,Seasonal Forcing,ARX,I,/home/kaahin/degree_project/hybrid-epidemic-forecasting/results/partB/forecasts/partB_process_noise_forecast_A1_ARX_I.mat,forecast_results,63,64,0.000453506220278603,0.000453506220278603,0.000723718304324061,0.000543063453320748,6.03403837023054e-05,1.99977233202627e-05,0.000373168113256035,0,0,-0.7875,0.7875,0.000301684118647446,1,closed_loop_monte_carlo,ok,ok,-1375.05249847431
process_noise,SIRS with stochastic process noise,SIRS,ssa,0,0,1,A1,Seasonal Forcing,ARX,I,/home/kaahin/degree_project/hybrid-epidemic-forecasting/results/partB/forecasts/partB_process_noise_forecast_A1_ARX_I.mat,forecast_results,70,71,4.35436502380989e-05,4.35436502380989e-05,9.39587849135386e-05,8.17892764168089e-05,9.08769737964543e-06,1.48137438941195e-05,1.9642208964334e-05,0,0.375,-0.4125,0.530357142857143,0.000219400515896505,1,closed_loop_monte_carlo,ok,ok,-1524.70587970898
process_noise,SIRS with stochastic process noise,SIRS,ssa,0,0,1,A1,Seasonal Forcing,ARX,I,/home/kaahin/degree_project/hybrid-epidemic-forecasting/results/partB/forecasts/partB_process_noise_forecast_A1_ARX_I.mat,forecast_results,77,78,0.000520994158383965,0.000520994158383965,0.000883842509170244,0.000635131737513918,7.0570193057102e-05,1.67462953967753e-05,0,0.000433677669930088,0.107142857142857,-0.680357142857143,0.696428571428571,0.000245674286735748,1,closed_loop_monte_carlo,ok,ok,-1681.08472989032
process_noise,SIRS with stochastic process noise,SIRS,ssa,0,0,1,A1,Seasonal Forcing,ARX,I,/home/kaahin/degree_project/hybrid-epidemic-forecasting/results/partB/forecasts/partB_process_noise_forecast_A1_ARX_I.mat,forecast_results,84,85,0.00114383822185971,0.00114383822185971,0.00168947721442434,0.00124819366983258,0.000138688185536953,1.66127230000838e-05,0,0.000988537313322674,0.0357142857142857,-0.751785714285714,0.757142857142857,0.000239470678880812,1,closed_loop_monte_carlo,ok,ok,-1804.7618783466
process_noise,SIRS with stochastic process noise,SIRS,ssa,0,0,1,A1,Seasonal Forcing,ARX,I,/home/kaahin/degree_project/hybrid-epidemic-forecasting/results/partB/forecasts/partB_process_noise_forecast_A1_ARX_I.mat,forecast_results,91,92,0.00186066341054929,0.00186066341054929,0.00266513494838508,0.00198446292288726,0.000220495880320807,2.36561248300973e-05,0,0.00161651140539839,0,-0.7875,0.7875,0.000311941448698418,1,closed_loop_monte_carlo,ok,ok,-1884.58645501773
process_noise,SIRS with stochastic process noise,SIRS,ssa,0,0,1,A1,Seasonal Forcing,ARX,I,/home/kaahin/degree_project/hybrid-epidemic-forecasting/results/partB/forecasts/partB_process_noise_forecast_A1_ARX_I.mat,forecast_results,98,99,0.00281115371325291,0.00281115371325291,0.00412175004317718,0.00308518267293355,0.000342798074770395,3.6203607047391e-05,0,0.00243215203143513,0,-0.7875,0.7875,0.000538225449957836,1,closed_loop_monte_carlo,ok,ok,-1938.22381271242
process_noise,SIRS with stochastic process noise,SIRS,ssa,0,0,1,A1,Seasonal Forcing,ARX,I,/home/kaahin/degree_project/hybrid-epidemic-forecasting/results/partB/forecasts/partB_process_noise_forecast_A1_ARX_I.mat,forecast_results,105,106,0.00424667866202686,0.00424667866202686,0.00605840110266121,0.00457889682494891,0.000508766313883212,4.91139393210318e-05,0,0.00368879840882262,0,-0.7875,0.7875,0.000704393904412089,1,closed_loop_monte_carlo,ok,ok,-1970.69572477788
process_noise,SIRS with stochastic process noise,SIRS,ssa,0,0,1,A1,Seasonal Forcing,ARX,I,/home/kaahin/degree_project/hybrid-epidemic-forecasting/results/partB/forecasts/partB_process_noise_forecast_A1_ARX_I.mat,forecast_results,112,113,0.00610729455060215,0.00610729455060215,0.00855017829891045,0.00651051504011022,0.000723390560012247,7.03397428895067e-05,0,0.0053135642477004,0,-0.7875,0.7875,0.00102832028672614,1,closed_loop_monte_carlo,ok,ok,-1992.39341832221
process_noise,SIRS with stochastic process noise,SIRS,ssa,0,0,1,A1,Seasonal Forcing,ARX,I,/home/kaahin/degree_project/hybrid-epidemic-forecasting/results/partB/forecasts/partB_process_noise_forecast_A1_ARX_I.mat,forecast_results,119,120,0.00766848529360131,0.00766848529360131,0.0111413879604543,0.00852763969624265,0.000947515521804739,0.000139024395203648,0,0.00658194537659292,0,-0.7875,0.7875,0.00192246782927978,1,closed_loop_monte_carlo,ok,ok,-2013.1235353922
process_noise,SIRS with stochastic process noise,SIRS,ssa,0,0,1,A1,Seasonal Forcing,ARX,I,/home/kaahin/degree_project/hybrid-epidemic-forecasting/results/partB/forecasts/partB_process_noise_forecast_A1_ARX_I.mat,forecast_results,126,127,0.00885395509416288,0.00885395509416288,0.0129892367905123,0.00999584202204964,0.00111064911356107,0.000180376393464938,0,0.00756292958713688,0,-0.7875,0.7875,0.00263852054462926,1,closed_loop_monte_carlo,ok,ok,-2042.23808009614
process_noise,SIRS with stochastic process noise,SIRS,ssa,0,0,1,A1,Seasonal Forcing,ARX,I,/home/kaahin/degree_project/hybrid-epidemic-forecasting/results/partB/forecasts/partB_process_noise_forecast_A1_ARX_I.mat,forecast_results,133,134,0.00914659233283783,0.00914659233283783,0.0132844599515734,0.0102527985351856,0.00113919983724284,0.00020280297757212,0,0.00780458951802286,0,-0.7875,0.7875,0.00292429261326158,1,closed_loop_monte_carlo,ok,ok,-2088.19837770216
process_noise,SIRS with stochastic process noise,SIRS,ssa,0,0,1,A1,Seasonal Forcing,ARX,I,/home/kaahin/degree_project/hybrid-epidemic-forecasting/results/partB/forecasts/partB_process_noise_forecast_A1_ARX_I.mat,forecast_results,140,141,0.00688824066719946,0.00688824066719946,0.0107773893568455,0.0083419959605507,0.000926888440061189,0.000258524995799762,0,0.00570282723133851,0,-0.7875,0.7875,0.00370081513281615,1,closed_loop_monte_carlo,ok,ok,-2157.27611568994
process_noise,SIRS with stochastic process noise,SIRS,ssa,0,0,1,A1,Seasonal Forcing,ARX,I,/home/kaahin/degree_project/hybrid-epidemic-forecasting/results/partB/forecasts/partB_process_noise_forecast_A1_ARX_I.mat,forecast_results,147,148,0.00394503604336956,0.00394503604336956,0.00652757601713797,0.00509932843102858,0.000566592047892064,0.000234055300393925,0,0.00314438869508357,0,-0.7875,0.7875,0.00368018086273868,1,closed_loop_monte_carlo,ok,ok,-2248.95116853529
process_noise,SIRS with stochastic process noise,SIRS,ssa,0,0,1,A1,Seasonal Forcing,ARX,I,/home/kaahin/degree_project/hybrid-epidemic-forecasting/results/partB/forecasts/partB_process_noise_forecast_A1_ARX_I.mat,forecast_results,154,155,0.000715452194798861,0.000715452194798861,0.00226279748994091,0.00187650539435193,0.000208500599372437,0.000283083198632283,0,0.000223868396794142,0.625,-0.1625,0.2875,0.00411821479412045,1,closed_loop_monte_carlo,ok,ok,-2355.54994903916
process_noise,SIRS with stochastic process noise,SIRS,ssa,0,0,1,A1,Seasonal Forcing,ARX,I,/home/kaahin/degree_project/hybrid-epidemic-forecasting/results/partB/forecasts/partB_process_noise_forecast_A1_ARX_I.mat,forecast_results,161,162,0.000358197650512049,0.000358197650512049,0.00122993609694037,0.000775563794441706,8.61737549379673e-05,0.000266194097648971,5.82979792511087e-06,0,0.982142857142857,0.194642857142857,0.2125,0.00389429642604324,1,closed_loop_monte_carlo,ok,ok,-2468.52161463644
process_noise,SIRS with stochastic process noise,SIRS,ssa,0,0,1,A1,Seasonal Forcing,ARX,I,/home/kaahin/degree_project/hybrid-epidemic-forecasting/results/partB/forecasts/partB_process_noise_forecast_A1_ARX_I.mat,forecast_results,168,169,0.000889751658974535,0.000889751658974535,0.00322321884487949,0.00237327938375046,0.000263697709305606,0.000312181653449844,0.000313872296219084,0,0.678571428571429,-0.108928571428571,0.269642857142857,0.00440892963498043,1,closed_loop_monte_carlo,ok,ok,-2582.60320094369
process_noise,SIRS with stochastic process noise,SIRS,ssa,0,0,1,A1,Seasonal Forcing,ARX,I,/home/kaahin/degree_project/hybrid-epidemic-forecasting/results/partB/forecasts/partB_process_noise_forecast_A1_ARX_I.mat,forecast_results,175,176,0.00120966595528095,0.00120966595528095,0.00415464578798122,0.00313103301039354,0.000347892556710393,0.000343129062487272,0.000518644336083287,0,0.589285714285714,-0.198214285714286,0.3125,0.00511212628506634,1,closed_loop_monte_carlo,ok,ok,-2695.95701330115
process_noise,SIRS with stochastic process noise,SIRS,ssa,0,0,1,A1,Seasonal Forcing,ARX,I,/home/kaahin/degree_project/hybrid-epidemic-forecasting/results/partB/forecasts/partB_process_noise_forecast_A1_ARX_I.mat,forecast_results,182,183,0.000911166203750143,0.000911166203750143,0.00331727628360279,0.00258713455355787,0.000287459394839764,0.000337184675303667,0.000286522133606712,0,0.696428571428571,-0.0910714285714286,0.244642857142857,0.00489262285494617,1,closed_loop_monte_carlo,ok,ok,-2808.98390950898
process_noise,SIRS with stochastic process noise,SIRS,ssa,0,0,1,A1,Seasonal Forcing,ARX,I,/home/kaahin/degree_project/hybrid-epidemic-forecasting/results/partB/forecasts/partB_process_noise_forecast_A1_ARX_I.mat,forecast_results,189,190,0.000874548366839106,0.000874548366839106,0.00253203804985037,0.00202065495128913,0.000224517216809903,0.000330912446729449,0.000319118703299754,0,0.625,-0.1625,0.298214285714286,0.00495271646397357,1,closed_loop_monte_carlo,ok,ok,-2922.55358742022
process_noise,SIRS with stochastic process noise,SIRS,ssa,0,0,1,A1,Seasonal Forcing,ARX,I,/home/kaahin/degree_project/hybrid-epidemic-forecasting/results/partB/forecasts/partB_process_noise_forecast_A1_ARX_I.mat,forecast_results,196,197,0.000379581869075667,0.000379581869075667,0.000646692855094589,0.000588046324306265,6.53384804784739e-05,0.000314243388597193,0,0,1,0.2125,0.2125,0.00468961058503058,1,closed_loop_monte_carlo,ok,ok,-3037.09186083964
process_noise,SIRS with stochastic process noise,SIRS,ssa,0,0,1,A1,Seasonal Forcing,ARX,I,/home/kaahin/degree_project/hybrid-epidemic-forecasting/results/partB/forecasts/partB_process_noise_forecast_A1_ARX_I.mat,forecast_results,203,204,0.000398487740335322,0.000398487740335322,0.00107420575725068,0.000665781242907361,7.39756936563735e-05,0.000320638959903913,0,3.87308677503593e-06,0.982142857142857,0.194642857142857,0.2125,0.00488241606671204,1,closed_loop_monte_carlo,ok,ok,-3152.42046065452
process_noise,SIRS with stochastic process noise,SIRS,ssa,0,0,1,A1,Seasonal Forcing,ARX,I,/home/kaahin/degree_project/hybrid-epidemic-forecasting/results/partB/forecasts/partB_process_noise_forecast_A1_ARX_I.mat,forecast_results,210,211,0.00080101067169702,0.00080101067169702,0.00276378930117963,0.00203298581193683,0.000225887312437426,0.000389031065970366,0,0.000186092293289228,0.75,-0.0375,0.244642857142857,0.00528794110111585,1,closed_loop_monte_carlo,ok,ok,-3267.89096335582
process_noise,SIRS with stochastic process noise,SIRS,ssa,0,0,1,A1,Seasonal Forcing,ARX,I,/home/kaahin/degree_project/hybrid-epidemic-forecasting/results/partB/forecasts/partB_process_noise_forecast_A1_ARX_I.mat,forecast_results,217,218,0.00150061245379913,0.00150061245379913,0.00413663885313152,0.00306091011619626,0.000340101124021807,0.000353884920278331,0,0.000806626409498995,0.392857142857143,-0.394642857142857,0.5,0.00545986846256109,1,closed_loop_monte_carlo,ok,ok,-3382.83938414825
process_noise,SIRS with stochastic process noise,SIRS,ssa,0,0,1,A1,Seasonal Forcing,ARX,I,/home/kaahin/degree_project/hybrid-epidemic-forecasting/results/partB/forecasts/partB_process_noise_forecast_A1_ARX_I.mat,forecast_results,224,225,0.00202501209649217,0.00202501209649217,0.00493199675123053,0.00376624261796123,0.000418471401995692,0.000322269349537095,0,0.00128427134495938,0.357142857142857,-0.430357142857143,0.5,0.00466474222322645,1,closed_loop_monte_carlo,ok,ok,-3496.88151039984
process_noise,SIRS with stochastic process noise,SIRS,ssa,0,0,1,A1,Seasonal Forcing,ARX,I,/home/kaahin/degree_project/hybrid-epidemic-forecasting/results/partB/forecasts/partB_process_noise_forecast_A1_ARX_I.mat,forecast_results,231,232,0.00221156486103643,0.00221156486103643,0.00544819326254768,0.00419645720397843,0.00046627302266427,0.000409754149807494,0,0.00133553768856467,0.321428571428571,-0.466071428571429,0.535714285714286,0.00584345179477749,1,closed_loop_monte_carlo,ok,ok,-3610.38715205223
process_noise,SIRS with stochastic process noise,SIRS,ssa,0,0,1,A1,Seasonal Forcing,ARX,I,/home/kaahin/degree_project/hybrid-epidemic-forecasting/results/partB/forecasts/partB_process_noise_forecast_A1_ARX_I.mat,forecast_results,238,239,0.00184083257687074,0.00184083257687074,0.00447836072561833,0.00351647311558166,0.000390719235064629,0.000339075831529771,0,0.00111103751027634,0.321428571428571,-0.466071428571429,0.523214285714286,0.00502546465316574,1,closed_loop_monte_carlo,ok,ok,-3723.57746385853
process_noise,SIRS with stochastic process noise,SIRS,ssa,0,0,1,A1,Seasonal Forcing,ARX,I,/home/kaahin/degree_project/hybrid-epidemic-forecasting/results/partB/forecasts/partB_process_noise_forecast_A1_ARX_I.mat,forecast_results,245,246,0.00150662829690524,0.00150662829690524,0.00412802598384834,0.00322589866908126,0.000358433185453474,0.000382506088812428,0,0.000765689022639339,0.303571428571429,-0.483928571428571,0.544642857142857,0.00542184986939065,1,closed_loop_monte_carlo,ok,ok,-3836.97798678302
process_noise,SIRS with stochastic process noise,SIRS,ssa,0,0,1,A1,Seasonal Forcing,ARX,I,/home/kaahin/degree_project/hybrid-epidemic-forecasting/results/partB/forecasts/partB_process_noise_forecast_A1_ARX_I.mat,forecast_results,252,253,0.00111511940658144,0.00111511940658144,0.00300600306339307,0.00231305186674854,0.00025700576297206,0.000315582284462977,0,0.000542531359146401,0.410714285714286,-0.376785714285714,0.457142857142857,0.0045181270356178,1,closed_loop_monte_carlo,ok,ok,-3951.02392993536
process_noise,SIRS with stochastic process noise,SIRS,ssa,0,0,1,A1,Seasonal Forcing,ARX,I,/home/kaahin/degree_project/hybrid-epidemic-forecasting/results/partB/forecasts/partB_process_noise_forecast_A1_ARX_I.mat,forecast_results,259,260,0.00103691823407879,0.00103691823407879,0.00292478322303849,0.00223379607309044,0.000248199563676716,0.000289749873398077,0,0.000498968797004002,0.428571428571429,-0.358928571428571,0.433928571428571,0.0043280296344377,1,closed_loop_monte_carlo,ok,ok,-4065.90958270764
process_noise,SIRS with stochastic process noise,SIRS,ssa,0,0,1,A1,Seasonal Forcing,ARX,I,/home/kaahin/degree_project/hybrid-epidemic-forecasting/results/partB/forecasts/partB_process_noise_forecast_A1_ARX_I.mat,forecast_results,266,267,0.000791983349774379,0.000791983349774379,0.00248120471469556,0.00191590052584186,0.000212877836204652,0.000249677905126013,0,0.000329427608443715,0.589285714285714,-0.198214285714286,0.321428571428571,0.00379324071583269,1,closed_loop_monte_carlo,ok,ok,-4181.40878694796
process_noise,SIRS with stochastic process noise,SIRS,ssa,0,0,1,A1,Seasonal Forcing,ARX,I,/home/kaahin/degree_project/hybrid-epidemic-forecasting/results/partB/forecasts/partB_process_noise_forecast_A1_ARX_I.mat,forecast_results,273,274,0.000679876784134637,0.000679876784134637,0.00252744998671008,0.00190840959732032,0.000212045510813369,0.000240508354856131,0,0.000227322918465137,0.642857142857143,-0.144642857142857,0.3,0.00341630873867574,1,closed_loop_monte_carlo,ok,ok,-4297.22267085361
process_noise,SIRS with stochastic process noise,SIRS,ssa,0,0,1,A1,Seasonal Forcing,ARX,I,/home/kaahin/degree_project/hybrid-epidemic-forecasting/results/partB/forecasts/partB_process_noise_forecast_A1_ARX_I.mat,forecast_results,280,281,0.00133931871628853,0.00133931871628853,0.0032387897790592,0.00246014487530658,0.00027334943058962,0.00021104746304085,0,0.000854921822658064,0.375,-0.4125,0.491071428571429,0.00312414919869287,1,closed_loop_monte_carlo,ok,ok,-4412.89003719435
process_noise,SIRS with stochastic process noise,SIRS,ssa,0,0,1,A1,Seasonal Forcing,ARX,I,/home/kaahin/degree_project/hybrid-epidemic-forecasting/results/partB/forecasts/partB_process_noise_forecast_A1_ARX_I.mat,forecast_results,287,288,0.00224402734710481,0.00224402734710481,0.00484628602127422,0.00370734465311165,0.000411927183679073,0.000231024193277668,0,0.00160107597014807,0.142857142857143,-0.644642857142857,0.669642857142857,0.00354112366500153,1,closed_loop_monte_carlo,ok,ok,-4527.34265173324
process_noise,SIRS with stochastic process noise,SIRS,ssa,0,0,1,A1,Seasonal Forcing,ARX,I,/home/kaahin/degree_project/hybrid-epidemic-forecasting/results/partB/forecasts/partB_process_noise_forecast_A1_ARX_I.mat,forecast_results,294,295,0.00349317405215247,0.00349317405215247,0.0061521557728531,0.00470634489098608,0.000522927210109565,0.00021547544202873,0,0.00275477140001417,0.107142857142857,-0.680357142857143,0.7,0.00330879544922586,1,closed_loop_monte_carlo,ok,ok,-4638.6655907814
process_noise,SIRS with stochastic process noise,SIRS,ssa,0,0,1,A1,Seasonal Forcing,ARX,I,/home/kaahin/degree_project/hybrid-epidemic-forecasting/results/partB/forecasts/partB_process_noise_forecast_A1_ARX_I.mat,forecast_results,301,302,0.00450465363917869,0.00450465363917869,0.00747381000077004,0.00573662440128773,0.000637402711254192,0.000224468913090075,0,0.00364278201483442,0.0357142857142857,-0.751785714285714,0.757142857142857,0.00329537832754665,1,closed_loop_monte_carlo,ok,ok,-4744.04188267327
process_noise,SIRS with stochastic process noise,SIRS,ssa,0,0,1,A1,Seasonal Forcing,ARX,I,/home/kaahin/degree_project/hybrid-epidemic-forecasting/results/partB/forecasts/partB_process_noise_forecast_A1_ARX_I.mat,forecast_results,308,309,0.00527227179577097,0.00527227179577097,0.00796560333127646,0.00613498289885712,0.00068166476653968,0.000219657939044515,0,0.00437094909018678,0,-0.7875,0.7875,0.00316229586992177,1,closed_loop_monte_carlo,ok,ok,-4841.33120922206
process_noise,SIRS with stochastic process noise,SIRS,ssa,0,0,1,A1,Seasonal Forcing,ARX,I,/home/kaahin/degree_project/hybrid-epidemic-forecasting/results/partB/forecasts/partB_process_noise_forecast_A1_ARX_I.mat,forecast_results,315,316,0.00547997567546563,0.00547997567546563,0.00855002412446092,0.00657744730136544,0.000730827477929493,0.000208654802454481,0,0.00454049339508166,0,-0.7875,0.7875,0.00313057106205218,1,closed_loop_monte_carlo,ok,ok,-4933.16373674251
process_noise,SIRS with stochastic process noise,SIRS,ssa,0,0,1,A1,Seasonal Forcing,ARX,I,/home/kaahin/degree_project/hybrid-epidemic-forecasting/results/partB/forecasts/partB_process_noise_forecast_A1_ARX_I.mat,forecast_results,322,323,0.00452631587264891,0.00452631587264891,0.00720690587459669,0.00558144380923235,0.000620160423248039,0.000225190992627674,0,0.0036809644567732,0,-0.7875,0.7875,0.00338065280283631,1,closed_loop_monte_carlo,ok,ok,-5026.18955917873
process_noise,SIRS with stochastic process noise,SIRS,ssa,0,0,1,A1,Seasonal Forcing,ARX,I,/home/kaahin/degree_project/hybrid-epidemic-forecasting/results/partB/forecasts/partB_process_noise_forecast_A1_ARX_I.mat,forecast_results,329,330,0.00278151488638604,0.00278151488638604,0.00511360086616725,0.00402063426753745,0.000446737140837495,0.000215344007302015,0,0.00211943373824653,0,-0.7875,0.7875,0.00340148137898626,1,closed_loop_monte_carlo,ok,ok,-5125.79691971145
process_noise,SIRS with stochastic process noise,SIRS,ssa,0,0,1,A1,Seasonal Forcing,ARX,I,/home/kaahin/degree_project/hybrid-epidemic-forecasting/results/partB/forecasts/partB_process_noise_forecast_A1_ARX_I.mat,forecast_results,336,337,0.000826030963682164,0.000826030963682164,0.0024463492980032,0.00193581042813606,0.000215090047570674,0.000294798451018735,0,0.000316142465092755,0.375,-0.4125,0.466071428571429,0.00433249869685556,1,closed_loop_monte_carlo,ok,ok,-5234.14464283126
process_noise,SIRS with stochastic process noise,SIRS,ssa,0,0,1,A1,Seasonal Forcing,ARX,I,/home/kaahin/degree_project/hybrid-epidemic-forecasting/results/partB/forecasts/partB_process_noise_forecast_A1_ARX_I.mat,forecast_results,343,344,0.000291195019662672,0.000291195019662672,0.000242109779832526,0.000137691025736226,1.52990028595807e-05,0.000275896016803091,0,0,1,0.2125,0.2125,0.00397129275079647,1,closed_loop_monte_carlo,ok,ok,-5348.18437589403
process_noise,SIRS with stochastic process noise,SIRS,ssa,0,0,1,A1,Seasonal Forcing,ARX,I,/home/kaahin/degree_project/hybrid-epidemic-forecasting/results/partB/forecasts/partB_process_noise_forecast_A1_ARX_I.mat,forecast_results,350,351,0.000640687879284947,0.000640687879284947,0.00227317318729017,0.00166792621064225,0.000185325134515806,0.000235655012130819,0.000219707732638322,0,0.732142857142857,-0.0553571428571429,0.233928571428571,0.00344488930446737,1,closed_loop_monte_carlo,ok,ok,-5464.18942764592
process_noise,SIRS with stochastic process noise,SIRS,ssa,0,0,1,A2,Policy Intervention,AR,None,/home/kaahin/degree_project/hybrid-epidemic-forecasting/results/partB/forecasts/partB_process_noise_forecast_A2_AR_None.mat,forecast_results,49,50,3.61298292870872e-14,3.61298292870872e-14,6.7279567636584e-14,3.61298292870872e-14,4.01442547634303e-15,0,3.21154038107442e-14,0,0.0714285714285714,-0.716071428571429,0.746428571428572,0,1,closed_loop_monte_carlo,persistence_fallback,ok,Inf
process_noise,SIRS with stochastic process noise,SIRS,ssa,0,0,1,A2,Policy Intervention,AR,None,/home/kaahin/degree_project/hybrid-epidemic-forecasting/results/partB/forecasts/partB_process_noise_forecast_A2_AR_None.mat,forecast_results,56,57,1.19816854850439e-12,1.19816854850439e-12,2.22856486924912e-12,1.19816854850439e-12,1.3312983872271e-13,0,1.06503870978168e-12,0,0,-0.7875,0.7875,0,1,closed_loop_monte_carlo,persistence_fallback,ok,Inf
process_noise,SIRS with stochastic process noise,SIRS,ssa,0,0,1,A2,Policy Intervention,AR,None,/home/kaahin/degree_project/hybrid-epidemic-forecasting/results/partB/forecasts/partB_process_noise_forecast_A2_AR_None.mat,forecast_results,63,64,3.96757388847797e-11,3.96757388847797e-11,7.37989075060521e-11,3.96757388847797e-11,4.40841543164219e-12,0,3.52673234531375e-11,0,0,-0.7875,0.7875,0,1,closed_loop_monte_carlo,persistence_fallback,ok,Inf
process_noise,SIRS with stochastic process noise,SIRS,ssa,0,0,1,A2,Policy Intervention,AR,None,/home/kaahin/degree_project/hybrid-epidemic-forecasting/results/partB/forecasts/partB_process_noise_forecast_A2_AR_None.mat,forecast_results,70,71,1.31388032200062e-09,1.31388032200062e-09,2.4438852668814e-09,1.31388032200062e-09,1.45986702444514e-10,0,1.16789361955611e-09,0,0,-0.7875,0.7875,0,1,closed_loop_monte_carlo,persistence_fallback,ok,Inf
process_noise,SIRS with stochastic process noise,SIRS,ssa,0,0,1,A2,Policy Intervention,AR,None,/home/kaahin/degree_project/hybrid-epidemic-forecasting/results/partB/forecasts/partB_process_noise_forecast_A2_AR_None.mat,forecast_results,77,78,4.35097311513033e-08,4.35097311513033e-08,8.09303501354723e-08,4.35097311513033e-08,4.83441457236703e-09,0,3.86753165789363e-08,0,0,-0.7875,0.7875,0,1,closed_loop_monte_carlo,persistence_fallback,ok,Inf
process_noise,SIRS with stochastic process noise,SIRS,ssa,0,0,1,A2,Policy Intervention,AR,None,/home/kaahin/degree_project/hybrid-epidemic-forecasting/results/partB/forecasts/partB_process_noise_forecast_A2_AR_None.mat,forecast_results,84,85,1.4408380575632e-06,1.4408380575632e-06,2.68002974126829e-06,1.4408380575632e-06,1.60093117507022e-07,0,1.28074494005618e-06,0,0,-0.7875,0.7875,0,1,closed_loop_monte_carlo,persistence_fallback,ok,Inf
process_noise,SIRS with stochastic process noise,SIRS,ssa,0,0,1,A2,Policy Intervention,AR,None,/home/kaahin/degree_project/hybrid-epidemic-forecasting/results/partB/forecasts/partB_process_noise_forecast_A2_AR_None.mat,forecast_results,91,92,4.72548469257023e-05,4.72548469257023e-05,8.8448289564103e-05,4.73280728641485e-05,5.25867476268317e-06,5.87745639705929e-09,4.19902947066221e-05,0,0,-0.7875,0.7875,9.822101256139e-08,1,closed_loop_monte_carlo,ok,ok,-3334.1987532038
process_noise,SIRS with stochastic process noise,SIRS,ssa,0,0,1,A2,Policy Intervention,AR,None,/home/kaahin/degree_project/hybrid-epidemic-forecasting/results/partB/forecasts/partB_process_noise_forecast_A2_AR_None.mat,forecast_results,98,99,0.00155627280629151,0.00155627280629151,0.00291043553971306,0.00155951787650616,0.00017327976405624,2.65980003368049e-07,0.00138272706223191,0,0,-0.7875,0.7875,4.35727028246156e-06,1,closed_loop_monte_carlo,ok,ok,-2902.47417498175
process_noise,SIRS with stochastic process noise,SIRS,ssa,0,0,1,A2,Policy Intervention,AR,None,/home/kaahin/degree_project/hybrid-epidemic-forecasting/results/partB/forecasts/partB_process_noise_forecast_A2_AR_None.mat,forecast_results,105,106,0.0446633689304243,0.0446633689304243,0.0802128543961179,0.0447738537408969,0.00497487263787743,8.38720841666435e-06,0.0396801090841302,0,0,-0.7875,0.7875,0.000138594673940728,1,closed_loop_monte_carlo,ok,ok,-2373.31786374303
process_noise,SIRS with stochastic process noise,SIRS,ssa,0,0,1,A2,Policy Intervention,AR,None,/home/kaahin/degree_project/hybrid-epidemic-forecasting/results/partB/forecasts/partB_process_noise_forecast_A2_AR_None.mat,forecast_results,112,113,0.366016970958661,0.366016970958661,0.503239851972297,0.369061205807531,0.0410068006452812,0.000223641559763812,0.324786528753616,0,0,-0.7875,0.7875,0.0039137790752281,1,closed_loop_monte_carlo,ok,ok,-1749.23308119176
process_noise,SIRS with stochastic process noise,SIRS,ssa,0,0,1,A2,Policy Intervention,AR,None,/home/kaahin/degree_project/hybrid-epidemic-forecasting/results/partB/forecasts/partB_process_noise_forecast_A2_AR_None.mat,forecast_results,119,120,0.286711154050617,0.286711154050617,0.361444728611672,0.337355110552908,0.0374839011725453,0.0043756584922951,0.244851594385777,0,0,-0.7875,0.7875,0.0674530637807605,1,closed_loop_monte_carlo,ok,ok,-1111.6544211622
process_noise,SIRS with stochastic process noise,SIRS,ssa,0,0,1,A2,Policy Intervention,AR,None,/home/kaahin/degree_project/hybrid-epidemic-forecasting/results/partB/forecasts/partB_process_noise_forecast_A2_AR_None.mat,forecast_results,126,127,0.169191263421293,0.169191263421293,0.208748905601354,0.183335017947735,0.0203705575497483,0.00333246371210615,0,0.145488242159439,0,-0.7875,0.7875,0.0556538417607042,1,closed_loop_monte_carlo,ok,ok,-1014.4822314745
process_noise,SIRS with stochastic process noise,SIRS,ssa,0,0,1,A2,Policy Intervention,AR,None,/home/kaahin/degree_project/hybrid-epidemic-forecasting/results/partB/forecasts/partB_process_noise_forecast_A2_AR_None.mat,forecast_results,133,134,0.00850170835656661,0.00850170835656661,0.012031354634983,0.00865921641575002,0.000962135157305557,0.00752143377743912,0,1.81394218219318e-05,0.928571428571429,0.141071428571429,0.223214285714286,0.124977194579793,1,closed_loop_monte_carlo,ok,ok,-1039.33235919883
process_noise,SIRS with stochastic process noise,SIRS,ssa,0,0,1,A2,Policy Intervention,AR,None,/home/kaahin/degree_project/hybrid-epidemic-forecasting/results/partB/forecasts/partB_process_noise_forecast_A2_AR_None.mat,forecast_results,140,141,0.00899796147795908,0.00899796147795908,0.0240614138375827,0.019096162238115,0.002121795804235,0.00674518205850809,0.00013098361521599,0,0.892857142857143,0.105357142857143,0.2125,0.114780174136167,1,closed_loop_monte_carlo,ok,ok,-1100.95943141239
process_noise,SIRS with stochastic process noise,SIRS,ssa,0,0,1,A2,Policy Intervention,AR,None,/home/kaahin/degree_project/hybrid-epidemic-forecasting/results/partB/forecasts/partB_process_noise_forecast_A2_AR_None.mat,forecast_results,147,148,0.0107143611481323,0.0107143611481323,0.0280697001560468,0.0224665760503214,0.00249628622781349,0.00631610190848469,0.00190197301183415,0,0.75,-0.0375,0.2125,0.119341339789668,1,closed_loop_monte_carlo,ok,ok,-1162.87894508557
process_noise,SIRS with stochastic process noise,SIRS,ssa,0,0,1,A2,Policy Intervention,AR,None,/home/kaahin/degree_project/hybrid-epidemic-forecasting/results/partB/forecasts/partB_process_noise_forecast_A2_AR_None.mat,forecast_results,154,155,0.00971728558766667,0.00971728558766667,0.0263150999662276,0.0203689292712799,0.00226321436347554,0.00726952072647102,0.000184550497720113,0,0.857142857142857,0.0696428571428571,0.2125,0.124041824139565,1,closed_loop_monte_carlo,ok,ok,-1225.11817477751
process_noise,SIRS with stochastic process noise,SIRS,ssa,0,0,1,A2,Policy Intervention,AR,None,/home/kaahin/degree_project/hybrid-epidemic-forecasting/results/partB/forecasts/partB_process_noise_forecast_A2_AR_None.mat,forecast_results,161,162,0.0115637844850902,0.0115637844850902,0.030617164565195,0.024067645681467,0.00267418285349634,0.00632225458068718,0.00256734705090664,0,0.714285714285714,-0.0732142857142857,0.233928571428571,0.104976839977345,1,closed_loop_monte_carlo,ok,ok,-1287.66724658387
process_noise,SIRS with stochastic process noise,SIRS,ssa,0,0,1,A2,Policy Intervention,AR,None,/home/kaahin/degree_project/hybrid-epidemic-forecasting/results/partB/forecasts/partB_process_noise_forecast_A2_AR_None.mat,forecast_results,168,169,0.00998650800098842,0.00998650800098842,0.0258109971822405,0.0197135629682573,0.00219039588536192,0.00594030238043609,0.00185580973519041,0,0.767857142857143,-0.0196428571428571,0.2125,0.109340801064871,1,closed_loop_monte_carlo,ok,ok,-1350.51302560831
process_noise,SIRS with stochastic process noise,SIRS,ssa,0,0,1,A2,Policy Intervention,AR,None,/home/kaahin/degree_project/hybrid-epidemic-forecasting/results/partB/forecasts/partB_process_noise_forecast_A2_AR_None.mat,forecast_results,175,176,0.0078382608451872,0.0078382608451872,0.0205672045180068,0.0162192925381258,0.00180214361534731,0.0056541749578455,0.000381942271994385,0,0.857142857142857,0.0696428571428571,0.2125,0.100291462235835,1,closed_loop_monte_carlo,ok,ok,-1413.64333352701
process_noise,SIRS with stochastic process noise,SIRS,ssa,0,0,1,A2,Policy Intervention,AR,None,/home/kaahin/degree_project/hybrid-epidemic-forecasting/results/partB/forecasts/partB_process_noise_forecast_A2_AR_None.mat,forecast_results,182,183,0.00759839146317195,0.00759839146317195,0.0216186606243507,0.0172029735488119,0.00191144150542355,0.00490817341804947,0.000778776539698933,0,0.767857142857143,-0.0196428571428571,0.2125,0.0905230137465787,1,closed_loop_monte_carlo,ok,ok,-1477.04695606164
process_noise,SIRS with stochastic process noise,SIRS,ssa,0,0,1,A2,Policy Intervention,AR,None,/home/kaahin/degree_project/hybrid-epidemic-forecasting/results/partB/forecasts/partB_process_noise_forecast_A2_AR_None.mat,forecast_results,189,190,0.00917537032856619,0.00917537032856619,0.0209018865142057,0.0164158711505298,0.0018239856833922,0.00578811271700493,0.00156327192816906,0,0.785714285714286,-0.00178571428571429,0.2125,0.0991274353333254,1,closed_loop_monte_carlo,ok,ok,-1540.71353589733
process_noise,SIRS with stochastic process noise,SIRS,ssa,0,0,1,A2,Policy Intervention,AR,None,/home/kaahin/degree_project/hybrid-epidemic-forecasting/results/partB/forecasts/partB_process_noise_forecast_A2_AR_None.mat,forecast_results,196,197,0.00902804547812039,0.00902804547812039,0.0220051916601696,0.0165466303719235,0.00183851448576928,0.00589389364313714,0.00129563734921397,0,0.767857142857143,-0.0196428571428571,0.2125,0.114091378229655,1,closed_loop_monte_carlo,ok,ok,-1604.63347787503
process_noise,SIRS with stochastic process noise,SIRS,ssa,0,0,1,A2,Policy Intervention,AR,None,/home/kaahin/degree_project/hybrid-epidemic-forecasting/results/partB/forecasts/partB_process_noise_forecast_A2_AR_None.mat,forecast_results,203,204,0.0065228419515292,0.0065228419515292,0.0171466464755365,0.0130628950224324,0.00145143278027027,0.00404714357872739,0.00102426559253154,0,0.785714285714286,-0.00178571428571429,0.2125,0.0706335060017295,1,closed_loop_monte_carlo,ok,ok,-1668.79786758018
process_noise,SIRS with stochastic process noise,SIRS,ssa,0,0,1,A2,Policy Intervention,AR,None,/home/kaahin/degree_project/hybrid-epidemic-forecasting/results/partB/forecasts/partB_process_noise_forecast_A2_AR_None.mat,forecast_results,210,211,0.00595939585625017,0.00595939585625017,0.018879998936971,0.0143895204756072,0.00159883560840081,0.00416155543119311,0.000199004816656256,0,0.857142857142857,0.0696428571428571,0.2125,0.0701916604995758,1,closed_loop_monte_carlo,ok,ok,-1733.19840112981
process_noise,SIRS with stochastic process noise,SIRS,ssa,0,0,1,A2,Policy Intervention,AR,None,/home/kaahin/degree_project/hybrid-epidemic-forecasting/results/partB/forecasts/partB_process_noise_forecast_A2_AR_None.mat,forecast_results,217,218,0.00739930464366925,0.00739930464366925,0.0186758311244234,0.0148795743267972,0.0016532860363108,0.00534959812544989,0.000396420481908565,0,0.857142857142857,0.0696428571428571,0.2125,0.0964805511168475,1,closed_loop_monte_carlo,ok,ok,-1797.82732430076
process_noise,SIRS with stochastic process noise,SIRS,ssa,0,0,1,A2,Policy Intervention,AR,None,/home/kaahin/degree_project/hybrid-epidemic-forecasting/results/partB/forecasts/partB_process_noise_forecast_A2_AR_None.mat,forecast_results,224,225,0.00778926241726091,0.00778926241726091,0.0211362849260248,0.0164063202066209,0.00182292446740232,0.00450392983050693,0.00146240811935166,0,0.767857142857143,-0.0196428571428571,0.2125,0.08540343718983,1,closed_loop_monte_carlo,ok,ok,-1862.67737949685
process_noise,SIRS with stochastic process noise,SIRS,ssa,0,0,1,A2,Policy Intervention,AR,None,/home/kaahin/degree_project/hybrid-epidemic-forecasting/results/partB/forecasts/partB_process_noise_forecast_A2_AR_None.mat,forecast_results,231,232,0.009384052533999,0.009384052533999,0.0238190775692067,0.0185235716445823,0.00205817462717581,0.00560383502410302,0.00172204288272017,0,0.767857142857143,-0.0196428571428571,0.2125,0.0985712907236389,1,closed_loop_monte_carlo,ok,ok,-1927.74175933326
process_noise,SIRS with stochastic process noise,SIRS,ssa,0,0,1,A2,Policy Intervention,AR,None,/home/kaahin/degree_project/hybrid-epidemic-forecasting/results/partB/forecasts/partB_process_noise_forecast_A2_AR_None.mat,forecast_results,238,239,0.00756931620405275,0.00756931620405275,0.0194744531511907,0.015110148325079,0.00167890536945322,0.00435724803745036,0.00153316279714916,0,0.75,-0.0375,0.223214285714286,0.0808081275154456,1,closed_loop_monte_carlo,ok,ok,-1993.01406583752
process_noise,SIRS with stochastic process noise,SIRS,ssa,0,0,1,A2,Policy Intervention,AR,None,/home/kaahin/degree_project/hybrid-epidemic-forecasting/results/partB/forecasts/partB_process_noise_forecast_A2_AR_None.mat,forecast_results,245,246,0.00681600841723254,0.00681600841723254,0.0157170081212809,0.0119825990154001,0.00133139989060001,0.00405750279153049,0.00142710573510204,0,0.785714285714286,-0.00178571428571429,0.2125,0.0774618716486596,1,closed_loop_monte_carlo,ok,ok,-2058.48827444275
process_noise,SIRS with stochastic process noise,SIRS,ssa,0,0,1,A2,Policy Intervention,AR,None,/home/kaahin/degree_project/hybrid-epidemic-forecasting/results/partB/forecasts/partB_process_noise_forecast_A2_AR_None.mat,forecast_results,252,253,0.00876453432869247,0.00876453432869247,0.0200892850557285,0.0156088134811229,0.00173431260901366,0.0053897335274469,0.00164048819223191,0,0.767857142857143,-0.0196428571428571,0.2125,0.105680356406154,1,closed_loop_monte_carlo,ok,ok,-2124.15870208966
process_noise,SIRS with stochastic process noise,SIRS,ssa,0,0,1,A2,Policy Intervention,AR,None,/home/kaahin/degree_project/hybrid-epidemic-forecasting/results/partB/forecasts/partB_process_noise_forecast_A2_AR_None.mat,forecast_results,259,260,0.00779111240818852,0.00779111240818852,0.0177980519168392,0.0136921771784499,0.00152135301982776,0.00483350389585684,0.00143625549250392,0,0.767857142857143,-0.0196428571428571,0.2125,0.0905659960429878,1,closed_loop_monte_carlo,ok,ok,-2190.01997886748
process_noise,SIRS with stochastic process noise,SIRS,ssa,0,0,1,A2,Policy Intervention,AR,None,/home/kaahin/degree_project/hybrid-epidemic-forecasting/results/partB/forecasts/partB_process_noise_forecast_A2_AR_None.mat,forecast_results,266,267,0.00702193616573891,0.00702193616573891,0.0175996467239089,0.0136249510530668,0.00151388345034076,0.00538460236912245,0.000123450346275701,0,0.839285714285714,0.0517857142857143,0.2125,0.095923851385325,1,closed_loop_monte_carlo,ok,ok,-2256.06702271607
process_noise,SIRS with stochastic process noise,SIRS,ssa,0,0,1,A2,Policy Intervention,AR,None,/home/kaahin/degree_project/hybrid-epidemic-forecasting/results/partB/forecasts/partB_process_noise_forecast_A2_AR_None.mat,forecast_results,273,274,0.00951384741393686,0.00951384741393686,0.0157192691813177,0.0126553409434787,0.00140614899371986,0.00808907222909389,1.8626191123116e-05,0,0.928571428571429,0.141071428571429,0.2125,0.129355538914088,1,closed_loop_monte_carlo,ok,ok,-2322.29501678698
process_noise,SIRS with stochastic process noise,SIRS,ssa,0,0,1,A2,Policy Intervention,AR,None,/home/kaahin/degree_project/hybrid-epidemic-forecasting/results/partB/forecasts/partB_process_noise_forecast_A2_AR_None.mat,forecast_results,280,281,0.00667281547314834,0.00667281547314834,0.0183068580633111,0.0138256563205156,0.00153618403561284,0.00397732162557154,0.00115930981196395,0,0.696428571428571,-0.0910714285714286,0.248214285714286,0.0752431446356022,1,closed_loop_monte_carlo,ok,ok,-2388.69938912293
process_noise,SIRS with stochastic process noise,SIRS,ssa,0,0,1,A2,Policy Intervention,AR,None,/home/kaahin/degree_project/hybrid-epidemic-forecasting/results/partB/forecasts/partB_process_noise_forecast_A2_AR_None.mat,forecast_results,287,288,0.00845239301913675,0.00845239301913675,0.0185179606914591,0.01424277596521,0.00158253066280111,0.00554295427162221,0.00132690808471343,0,0.732142857142857,-0.0553571428571429,0.223214285714286,0.102946425899223,1,closed_loop_monte_carlo,ok,ok,-2455.27579436599
process_noise,SIRS with stochastic process noise,SIRS,ssa,0,0,1,A2,Policy Intervention,AR,None,/home/kaahin/degree_project/hybrid-epidemic-forecasting/results/partB/forecasts/partB_process_noise_forecast_A2_AR_None.mat,forecast_results,294,295,0.00558399258850499,0.00558399258850499,0.0140313006985046,0.0108870895011473,0.00120967661123859,0.0031791761555625,0.0011951398217039,0,0.607142857142857,-0.180357142857143,0.307142857142857,0.0640483812184127,1,closed_loop_monte_carlo,ok,ok,-2522.02009724749
process_noise,SIRS with stochastic process noise,SIRS,ssa,0,0,1,A2,Policy Intervention,AR,None,/home/kaahin/degree_project/hybrid-epidemic-forecasting/results/partB/forecasts/partB_process_noise_forecast_A2_AR_None.mat,forecast_results,301,302,0.00619509827702644,0.00619509827702644,0.0124579894161026,0.00929719290249903,0.001033021433611,0.00475891561471671,0.000403161228698727,0,0.732142857142857,-0.0553571428571429,0.223214285714286,0.0919804662143101,1,closed_loop_monte_carlo,ok,ok,-2588.92835764753
process_noise,SIRS with stochastic process noise,SIRS,ssa,0,0,1,A2,Policy Intervention,AR,None,/home/kaahin/degree_project/hybrid-epidemic-forecasting/results/partB/forecasts/partB_process_noise_forecast_A2_AR_None.mat,forecast_results,308,309,0.00725845176281079,0.00725845176281079,0.0150937191890409,0.0120642551689181,0.00134047279654645,0.00490416356571588,0.00101381540054846,0,0.696428571428571,-0.0910714285714286,0.248214285714286,0.0951334456276417,1,closed_loop_monte_carlo,ok,ok,-2655.99681704183
process_noise,SIRS with stochastic process noise,SIRS,ssa,0,0,1,A2,Policy Intervention,AR,None,/home/kaahin/degree_project/hybrid-epidemic-forecasting/results/partB/forecasts/partB_process_noise_forecast_A2_AR_None.mat,forecast_results,315,316,0.00752080890012877,0.00752080890012877,0.0120876890158783,0.00944384699788485,0.00104931633309832,0.00602822655130135,0.000443266015729109,0,0.732142857142857,-0.0553571428571429,0.223214285714286,0.115654485527991,1,closed_loop_monte_carlo,ok,ok,-2723.22188617836
process_noise,SIRS with stochastic process noise,SIRS,ssa,0,0,1,A2,Policy Intervention,AR,None,/home/kaahin/degree_project/hybrid-epidemic-forecasting/results/partB/forecasts/partB_process_noise_forecast_A2_AR_None.mat,forecast_results,322,323,0.00562018447676258,0.00562018447676258,0.0133743064892846,0.0104985469911621,0.00116650522124023,0.00401175705024615,0.000441922205276202,0,0.732142857142857,-0.0553571428571429,0.223214285714286,0.0795704024432215,1,closed_loop_monte_carlo,ok,ok,-2790.60013384714
process_noise,SIRS with stochastic process noise,SIRS,ssa,0,0,1,A2,Policy Intervention,AR,None,/home/kaahin/degree_project/hybrid-epidemic-forecasting/results/partB/forecasts/partB_process_noise_forecast_A2_AR_None.mat,forecast_results,329,330,0.0067790917321564,0.0067790917321564,0.0157592227140969,0.0123878294423893,0.00137642549359882,0.00377116343949526,0.00163150279906233,0,0.607142857142857,-0.180357142857143,0.301785714285714,0.0709458339742997,1,closed_loop_monte_carlo,ok,ok,-2858.12827662456
process_noise,SIRS with stochastic process noise,SIRS,ssa,0,0,1,A2,Policy Intervention,AR,None,/home/kaahin/degree_project/hybrid-epidemic-forecasting/results/partB/forecasts/partB_process_noise_forecast_A2_AR_None.mat,forecast_results,336,337,0.00752632593842081,0.00752632593842081,0.0179678488704206,0.0138250301624427,0.00153611446249364,0.00437835190005313,0.00161185957587405,0,0.625,-0.1625,0.291071428571429,0.082224941005086,1,closed_loop_monte_carlo,ok,ok,-2925.8031694886
process_noise,SIRS with stochastic process noise,SIRS,ssa,0,0,1,A2,Policy Intervention,AR,None,/home/kaahin/degree_project/hybrid-epidemic-forecasting/results/partB/forecasts/partB_process_noise_forecast_A2_AR_None.mat,forecast_results,343,344,0.00622474938840357,0.00622474938840357,0.0131566898453985,0.0104465812177632,0.00116073124641813,0.00460585881692256,0.000458159325062883,0,0.767857142857143,-0.0196428571428571,0.223214285714286,0.0900224349125708,1,closed_loop_monte_carlo,ok,ok,-2993.62179721427
process_noise,SIRS with stochastic process noise,SIRS,ssa,0,0,1,A2,Policy Intervention,AR,None,/home/kaahin/degree_project/hybrid-epidemic-forecasting/results/partB/forecasts/partB_process_noise_forecast_A2_AR_None.mat,forecast_results,350,351,0.00584203727051295,0.00584203727051295,0.0130364200666562,0.0102167427895831,0.00113519364328701,0.00346795352867178,0.00123889009855416,0,0.607142857142857,-0.180357142857143,0.316071428571429,0.0743318498578943,1,closed_loop_monte_carlo,ok,ok,-3061.58126646982
process_noise,SIRS with stochastic process noise,SIRS,ssa,0,0,1,A2,Policy Intervention,ARX,I,/home/kaahin/degree_project/hybrid-epidemic-forecasting/results/partB/forecasts/partB_process_noise_forecast_A2_ARX_I.mat,forecast_results,49,50,3.61298292870872e-14,3.61298292870872e-14,6.7279567636584e-14,3.61298292870872e-14,4.01442547634303e-15,0,3.21154038107442e-14,0,0.0714285714285714,-0.716071428571429,0.746428571428572,0,1,closed_loop_monte_carlo,persistence_fallback,ok,Inf
process_noise,SIRS with stochastic process noise,SIRS,ssa,0,0,1,A2,Policy Intervention,ARX,I,/home/kaahin/degree_project/hybrid-epidemic-forecasting/results/partB/forecasts/partB_process_noise_forecast_A2_ARX_I.mat,forecast_results,56,57,1.19816854850439e-12,1.19816854850439e-12,2.22856486924912e-12,1.19816854850439e-12,1.3312983872271e-13,0,1.06503870978168e-12,0,0,-0.7875,0.7875,0,1,closed_loop_monte_carlo,persistence_fallback,ok,Inf
process_noise,SIRS with stochastic process noise,SIRS,ssa,0,0,1,A2,Policy Intervention,ARX,I,/home/kaahin/degree_project/hybrid-epidemic-forecasting/results/partB/forecasts/partB_process_noise_forecast_A2_ARX_I.mat,forecast_results,63,64,3.96757388847797e-11,3.96757388847797e-11,7.37989075060521e-11,3.96757388847797e-11,4.40841543164219e-12,0,3.52673234531375e-11,0,0,-0.7875,0.7875,0,1,closed_loop_monte_carlo,persistence_fallback,ok,Inf
process_noise,SIRS with stochastic process noise,SIRS,ssa,0,0,1,A2,Policy Intervention,ARX,I,/home/kaahin/degree_project/hybrid-epidemic-forecasting/results/partB/forecasts/partB_process_noise_forecast_A2_ARX_I.mat,forecast_results,70,71,1.31388032200062e-09,1.31388032200062e-09,2.4438852668814e-09,1.31388032200062e-09,1.45986702444514e-10,0,1.16789361955611e-09,0,0,-0.7875,0.7875,0,1,closed_loop_monte_carlo,persistence_fallback,ok,Inf
process_noise,SIRS with stochastic process noise,SIRS,ssa,0,0,1,A2,Policy Intervention,ARX,I,/home/kaahin/degree_project/hybrid-epidemic-forecasting/results/partB/forecasts/partB_process_noise_forecast_A2_ARX_I.mat,forecast_results,77,78,4.35097311513033e-08,4.35097311513033e-08,8.09303501354723e-08,4.35097311513033e-08,4.83441457236703e-09,0,3.86753165789363e-08,0,0,-0.7875,0.7875,0,1,closed_loop_monte_carlo,persistence_fallback,ok,Inf
process_noise,SIRS with stochastic process noise,SIRS,ssa,0,0,1,A2,Policy Intervention,ARX,I,/home/kaahin/degree_project/hybrid-epidemic-forecasting/results/partB/forecasts/partB_process_noise_forecast_A2_ARX_I.mat,forecast_results,84,85,1.4408380575632e-06,1.4408380575632e-06,2.68002974126829e-06,1.4408380575632e-06,1.60093117507022e-07,0,1.28074494005618e-06,0,0,-0.7875,0.7875,0,1,closed_loop_monte_carlo,persistence_fallback,ok,Inf
process_noise,SIRS with stochastic process noise,SIRS,ssa,0,0,1,A2,Policy Intervention,ARX,I,/home/kaahin/degree_project/hybrid-epidemic-forecasting/results/partB/forecasts/partB_process_noise_forecast_A2_ARX_I.mat,forecast_results,91,92,4.93591353997515e-09,4.93591353997515e-09,1.25857731855375e-08,4.93603071115091e-09,5.48447856794546e-10,2.28508570090627e-14,0,4.3874428323236e-09,0,-0.7875,0.7875,3.89664491150045e-13,1,closed_loop_monte_carlo,ok,ok,-6326.51538342657
process_noise,SIRS with stochastic process noise,SIRS,ssa,0,0,1,A2,Policy Intervention,ARX,I,/home/kaahin/degree_project/hybrid-epidemic-forecasting/results/partB/forecasts/partB_process_noise_forecast_A2_ARX_I.mat,forecast_results,98,99,5.36348767657164e-06,5.36348767657164e-06,1.3659787817143e-05,5.3634901375935e-06,5.959433486215e-07,1.48057164412172e-11,0,4.7675295222337e-06,0,-0.7875,0.7875,2.88209004281218e-10,1,closed_loop_monte_carlo,ok,ok,-5516.61305516865
process_noise,SIRS with stochastic process noise,SIRS,ssa,0,0,1,A2,Policy Intervention,ARX,I,/home/kaahin/degree_project/hybrid-epidemic-forecasting/results/partB/forecasts/partB_process_noise_forecast_A2_ARX_I.mat,forecast_results,105,106,0.00455077004653772,0.00455077004653772,0.0111379905217513,0.00455081029638644,0.000505645588487382,1.34765532686583e-08,0,0.00404511098149707,0,-0.7875,0.7875,2.57473869649408e-07,1,closed_loop_monte_carlo,ok,ok,-4430.51411772071
process_noise,SIRS with stochastic process noise,SIRS,ssa,0,0,1,A2,Policy Intervention,ARX,I,/home/kaahin/degree_project/hybrid-epidemic-forecasting/results/partB/forecasts/partB_process_noise_forecast_A2_ARX_I.mat,forecast_results,112,113,0.242002574948389,0.242002574948389,0.390043741547626,0.242003920839946,0.0268893245377718,1.59210432724557e-06,0,0.21511165830629,0,-0.7875,0.7875,2.81314120732944e-05,1,closed_loop_monte_carlo,ok,ok,-3151.35653322033
process_noise,SIRS with stochastic process noise,SIRS,ssa,0,0,1,A2,Policy Intervention,ARX,I,/home/kaahin/degree_project/hybrid-epidemic-forecasting/results/partB/forecasts/partB_process_noise_forecast_A2_ARX_I.mat,forecast_results,119,120,0.499061289403903,0.499061289403903,0.569961492431291,0.499051954953332,0.0554502172170368,6.09078485179494e-05,0,0.443550164338348,0,-0.7875,0.7875,0.0012028585817724,1,closed_loop_monte_carlo,ok,ok,-1754.40852644177
process_noise,SIRS with stochastic process noise,SIRS,ssa,0,0,1,A2,Policy Intervention,ARX,I,/home/kaahin/degree_project/hybrid-epidemic-forecasting/results/partB/forecasts/partB_process_noise_forecast_A2_ARX_I.mat,forecast_results,126,127,0.19868898639327,0.19868898639327,0.254868530352554,0.22237799244464,0.0247086658271823,0.00351470092297853,0,0.170465619643109,0,-0.7875,0.7875,0.0682336213657505,1,closed_loop_monte_carlo,ok,ok,-1014.60115829746
process_noise,SIRS with stochastic process noise,SIRS,ssa,0,0,1,A2,Policy Intervention,ARX,I,/home/kaahin/degree_project/hybrid-epidemic-forecasting/results/partB/forecasts/partB_process_noise_forecast_A2_ARX_I.mat,forecast_results,133,134,0.021385548641168,0.021385548641168,0.0750308885872921,0.0564789186844548,0.00627543540938386,0.00765930696157008,0.00745080627021408,0,0.625,-0.1625,0.2875,0.121068933320869,1,closed_loop_monte_carlo,ok,ok,-1037.93873076146
process_noise,SIRS with stochastic process noise,SIRS,ssa,0,0,1,A2,Policy Intervention,ARX,I,/home/kaahin/degree_project/hybrid-epidemic-forecasting/results/partB/forecasts/partB_process_noise_forecast_A2_ARX_I.mat,forecast_results,140,141,0.018864092981552,0.018864092981552,0.0626399660826889,0.049952157685223,0.00555023974280255,0.00734601912692193,0.0059678341118275,0,0.732142857142857,-0.0553571428571429,0.223214285714286,0.121955961675208,1,closed_loop_monte_carlo,ok,ok,-1099.12807725841
process_noise,SIRS with stochastic process noise,SIRS,ssa,0,0,1,A2,Policy Intervention,ARX,I,/home/kaahin/degree_project/hybrid-epidemic-forecasting/results/partB/forecasts/partB_process_noise_forecast_A2_ARX_I.mat,forecast_results,147,148,0.0141090672586456,0.0141090672586456,0.0547724689539773,0.0429083443203454,0.00476759381337171,0.00752546374058249,0.00181600970469137,0,0.75,-0.0375,0.2125,0.120105662619218,1,closed_loop_monte_carlo,ok,ok,-1160.41570298545
process_noise,SIRS with stochastic process noise,SIRS,ssa,0,0,1,A2,Policy Intervention,ARX,I,/home/kaahin/degree_project/hybrid-epidemic-forecasting/results/partB/forecasts/partB_process_noise_forecast_A2_ARX_I.mat,forecast_results,154,155,0.0142781767724822,0.0142781767724822,0.0498116736445598,0.0392975925690736,0.00436639917434151,0.00761402442386738,0.00229775317427329,0,0.75,-0.0375,0.2125,0.119729908482605,1,closed_loop_monte_carlo,ok,ok,-1222.22963026
process_noise,SIRS with stochastic process noise,SIRS,ssa,0,0,1,A2,Policy Intervention,ARX,I,/home/kaahin/degree_project/hybrid-epidemic-forecasting/results/partB/forecasts/partB_process_noise_forecast_A2_ARX_I.mat,forecast_results,161,162,0.0132689548103411,0.0132689548103411,0.0405888155078254,0.0325056352132013,0.00361173724591126,0.00582164442302961,0.00383557314140022,0,0.678571428571429,-0.108928571428571,0.255357142857143,0.0991724600465401,1,closed_loop_monte_carlo,ok,ok,-1284.49375765376
process_noise,SIRS with stochastic process noise,SIRS,ssa,0,0,1,A2,Policy Intervention,ARX,I,/home/kaahin/degree_project/hybrid-epidemic-forecasting/results/partB/forecasts/partB_process_noise_forecast_A2_ARX_I.mat,forecast_results,168,169,0.0140013658568167,0.0140013658568167,0.0405611268987974,0.0315067966812688,0.00350075518680764,0.00771851487171012,0.00278209579829889,0,0.75,-0.0375,0.2125,0.128914956213258,1,closed_loop_monte_carlo,ok,ok,-1347.13127004896
process_noise,SIRS with stochastic process noise,SIRS,ssa,0,0,1,A2,Policy Intervention,ARX,I,/home/kaahin/degree_project/hybrid-epidemic-forecasting/results/partB/forecasts/partB_process_noise_forecast_A2_ARX_I.mat,forecast_results,175,176,0.0127210614591896,0.0127210614591896,0.0373604736406845,0.0295333220777267,0.00328148023085852,0.00787566484043268,0.00156391638789836,0,0.767857142857143,-0.0196428571428571,0.2125,0.121488314255122,1,closed_loop_monte_carlo,ok,ok,-1410.10759187201
process_noise,SIRS with stochastic process noise,SIRS,ssa,0,0,1,A2,Policy Intervention,ARX,I,/home/kaahin/degree_project/hybrid-epidemic-forecasting/results/partB/forecasts/partB_process_noise_forecast_A2_ARX_I.mat,forecast_results,182,183,0.0103619186113078,0.0103619186113078,0.0361277776401308,0.0287727506695713,0.00319697229661903,0.00622123067179596,0.000943715642892809,0,0.821428571428571,0.0339285714285714,0.2125,0.102594072884948,1,closed_loop_monte_carlo,ok,ok,-1473.39668420229
process_noise,SIRS with stochastic process noise,SIRS,ssa,0,0,1,A2,Policy Intervention,ARX,I,/home/kaahin/degree_project/hybrid-epidemic-forecasting/results/partB/forecasts/partB_process_noise_forecast_A2_ARX_I.mat,forecast_results,189,190,0.0128217063340141,0.0128217063340141,0.0314755738371088,0.0239863905723899,0.00266515450804333,0.00854888722607897,0.00160766459989178,0,0.767857142857143,-0.0196428571428571,0.2125,0.15370137413225,1,closed_loop_monte_carlo,ok,ok,-1536.97509572491
process_noise,SIRS with stochastic process noise,SIRS,ssa,0,0,1,A2,Policy Intervention,ARX,I,/home/kaahin/degree_project/hybrid-epidemic-forecasting/results/partB/forecasts/partB_process_noise_forecast_A2_ARX_I.mat,forecast_results,196,197,0.00955368108502886,0.00955368108502886,0.0281376252638043,0.0226836889008644,0.00252040987787383,0.00483714757718304,0.00219612362997199,0,0.75,-0.0375,0.223214285714286,0.0778938352173273,1,closed_loop_monte_carlo,ok,ok,-1600.82386243096
process_noise,SIRS with stochastic process noise,SIRS,ssa,0,0,1,A2,Policy Intervention,ARX,I,/home/kaahin/degree_project/hybrid-epidemic-forecasting/results/partB/forecasts/partB_process_noise_forecast_A2_ARX_I.mat,forecast_results,203,204,0.0122608475929642,0.0122608475929642,0.0331458337165648,0.0252346783175562,0.00280385314639514,0.00655577315296806,0.00290122129360105,0,0.767857142857143,-0.0196428571428571,0.2125,0.119530453735747,1,closed_loop_monte_carlo,ok,ok,-1664.92778225284
process_noise,SIRS with stochastic process noise,SIRS,ssa,0,0,1,A2,Policy Intervention,ARX,I,/home/kaahin/degree_project/hybrid-epidemic-forecasting/results/partB/forecasts/partB_process_noise_forecast_A2_ARX_I.mat,forecast_results,210,211,0.00903329130350423,0.00903329130350423,0.0305111256074028,0.0234497061528174,0.0026055229058686,0.00401966657053751,0.00240810182709812,0,0.732142857142857,-0.0553571428571429,0.223214285714286,0.0674008099625351,1,closed_loop_monte_carlo,ok,ok,-1729.2749577518
process_noise,SIRS with stochastic process noise,SIRS,ssa,0,0,1,A2,Policy Intervention,ARX,I,/home/kaahin/degree_project/hybrid-epidemic-forecasting/results/partB/forecasts/partB_process_noise_forecast_A2_ARX_I.mat,forecast_results,217,218,0.00934292059485839,0.00934292059485839,0.025040984927344,0.0197196277654967,0.00219106975172185,0.00480766519062033,0.00234418565251621,0,0.767857142857143,-0.0196428571428571,0.2125,0.0819791296631591,1,closed_loop_monte_carlo,ok,ok,-1793.85556864043
process_noise,SIRS with stochastic process noise,SIRS,ssa,0,0,1,A2,Policy Intervention,ARX,I,/home/kaahin/degree_project/hybrid-epidemic-forecasting/results/partB/forecasts/partB_process_noise_forecast_A2_ARX_I.mat,forecast_results,224,225,0.00946498820502018,0.00946498820502018,0.0264905467562066,0.020019099604526,0.00222434440050289,0.00639669757231404,0.000843946232203247,0,0.75,-0.0375,0.2125,0.117212570055661,1,closed_loop_monte_carlo,ok,ok,-1858.662566547
process_noise,SIRS with stochastic process noise,SIRS,ssa,0,0,1,A2,Policy Intervention,ARX,I,/home/kaahin/degree_project/hybrid-epidemic-forecasting/results/partB/forecasts/partB_process_noise_forecast_A2_ARX_I.mat,forecast_results,231,232,0.007982187601742,0.007982187601742,0.0210942036031841,0.0165649823615803,0.00184055359573114,0.00597840167966679,0.000163232326344071,0,0.875,0.0875,0.2125,0.102097202266135,1,closed_loop_monte_carlo,ok,ok,-1923.68681364012
process_noise,SIRS with stochastic process noise,SIRS,ssa,0,0,1,A2,Policy Intervention,ARX,I,/home/kaahin/degree_project/hybrid-epidemic-forecasting/results/partB/forecasts/partB_process_noise_forecast_A2_ARX_I.mat,forecast_results,238,239,0.00916857248457056,0.00916857248457056,0.0268013006000897,0.0206841324548499,0.00229823693942777,0.00433562631311691,0.00253470923202589,0,0.75,-0.0375,0.2125,0.0804435448679382,1,closed_loop_monte_carlo,ok,ok,-1988.92179908243
process_noise,SIRS with stochastic process noise,SIRS,ssa,0,0,1,A2,Policy Intervention,ARX,I,/home/kaahin/degree_project/hybrid-epidemic-forecasting/results/partB/forecasts/partB_process_noise_forecast_A2_ARX_I.mat,forecast_results,245,246,0.00893132778307699,0.00893132778307699,0.022714844944216,0.0173563409235864,0.00192848232484293,0.00493707146406316,0.0020657739941709,0,0.714285714285714,-0.0732142857142857,0.233928571428571,0.0969958962396429,1,closed_loop_monte_carlo,ok,ok,-2054.3602360797
process_noise,SIRS with stochastic process noise,SIRS,ssa,0,0,1,A2,Policy Intervention,ARX,I,/home/kaahin/degree_project/hybrid-epidemic-forecasting/results/partB/forecasts/partB_process_noise_forecast_A2_ARX_I.mat,forecast_results,252,253,0.0117581012909713,0.0117581012909713,0.0309816804492611,0.0238879603447162,0.00265421781607958,0.00514269839220811,0.00396118508268365,0,0.517857142857143,-0.269642857142857,0.369642857142857,0.087807242166719,1,closed_loop_monte_carlo,ok,ok,-2119.99589747927
process_noise,SIRS with stochastic process noise,SIRS,ssa,0,0,1,A2,Policy Intervention,ARX,I,/home/kaahin/degree_project/hybrid-epidemic-forecasting/results/partB/forecasts/partB_process_noise_forecast_A2_ARX_I.mat,forecast_results,259,260,0.0101387760219402,0.0101387760219402,0.0236674729186872,0.0183086136655576,0.00203429040728418,0.00667391652075446,0.00143056909390154,0,0.732142857142857,-0.0553571428571429,0.223214285714286,0.117177900152064,1,closed_loop_monte_carlo,ok,ok,-2185.82336824757
process_noise,SIRS with stochastic process noise,SIRS,ssa,0,0,1,A2,Policy Intervention,ARX,I,/home/kaahin/degree_project/hybrid-epidemic-forecasting/results/partB/forecasts/partB_process_noise_forecast_A2_ARX_I.mat,forecast_results,266,267,0.00771551930254939,0.00771551930254939,0.0191888357563463,0.0146746243750365,0.0016305138194485,0.00494082223364122,0.00114418324945967,0,0.714285714285714,-0.0732142857142857,0.233928571428571,0.0914433285521436,1,closed_loop_monte_carlo,ok,ok,-2251.83768478636
process_noise,SIRS with stochastic process noise,SIRS,ssa,0,0,1,A2,Policy Intervention,ARX,I,/home/kaahin/degree_project/hybrid-epidemic-forecasting/results/partB/forecasts/partB_process_noise_forecast_A2_ARX_I.mat,forecast_results,273,274,0.0100855536495579,0.0100855536495579,0.0223670383113029,0.0171922832368963,0.00191025369298848,0.00683051727031034,0.00134478268625907,0,0.696428571428571,-0.0910714285714286,0.244642857142857,0.121299873752648,1,closed_loop_monte_carlo,ok,ok,-2318.03372986294
process_noise,SIRS with stochastic process noise,SIRS,ssa,0,0,1,A2,Policy Intervention,ARX,I,/home/kaahin/degree_project/hybrid-epidemic-forecasting/results/partB/forecasts/partB_process_noise_forecast_A2_ARX_I.mat,forecast_results,280,281,0.00799811962187393,0.00799811962187393,0.0197838187658749,0.0156322493017266,0.00173691658908073,0.00356241124420021,0.002698791788593,0,0.428571428571429,-0.358928571428571,0.432142857142857,0.0696041812436046,1,closed_loop_monte_carlo,ok,ok,-2384.4069454325
process_noise,SIRS with stochastic process noise,SIRS,ssa,0,0,1,A2,Policy Intervention,ARX,I,/home/kaahin/degree_project/hybrid-epidemic-forecasting/results/partB/forecasts/partB_process_noise_forecast_A2_ARX_I.mat,forecast_results,287,288,0.00853044588132471,0.00853044588132471,0.0224362291728255,0.0170159362840581,0.00189065958711757,0.00501540672206658,0.00162437957214056,0,0.732142857142857,-0.0553571428571429,0.223214285714286,0.0951361341666941,1,closed_loop_monte_carlo,ok,ok,-2450.95314559069
process_noise,SIRS with stochastic process noise,SIRS,ssa,0,0,1,A2,Policy Intervention,ARX,I,/home/kaahin/degree_project/hybrid-epidemic-forecasting/results/partB/forecasts/partB_process_noise_forecast_A2_ARX_I.mat,forecast_results,294,295,0.00712117320007674,0.00712117320007674,0.0189835081907656,0.0148497527272292,0.00164997252524769,0.00459019653396504,0.000881004140864011,0,0.696428571428571,-0.0910714285714286,0.244642857142857,0.0896584851598492,1,closed_loop_monte_carlo,ok,ok,-2517.66785713801
process_noise,SIRS with stochastic process noise,SIRS,ssa,0,0,1,A2,Policy Intervention,ARX,I,/home/kaahin/degree_project/hybrid-epidemic-forecasting/results/partB/forecasts/partB_process_noise_forecast_A2_ARX_I.mat,forecast_results,301,302,0.00558507133284093,0.00558507133284093,0.0159882010794279,0.0127308978334329,0.00141454420371476,0.00368014498622126,0.000490382142904907,0,0.767857142857143,-0.0196428571428571,0.2375,0.0667388732399028,1,closed_loop_monte_carlo,ok,ok,-2584.5470572255
process_noise,SIRS with stochastic process noise,SIRS,ssa,0,0,1,A2,Policy Intervention,ARX,I,/home/kaahin/degree_project/hybrid-epidemic-forecasting/results/partB/forecasts/partB_process_noise_forecast_A2_ARX_I.mat,forecast_results,308,309,0.0088145598220156,0.0088145598220156,0.0210955722931118,0.0160469879310674,0.00178299865900749,0.00272137285553586,0.00431018830747225,0,0.428571428571429,-0.358928571428571,0.419642857142857,0.0575695271010729,1,closed_loop_monte_carlo,ok,ok,-2651.58699091103
process_noise,SIRS with stochastic process noise,SIRS,ssa,0,0,1,A2,Policy Intervention,ARX,I,/home/kaahin/degree_project/hybrid-epidemic-forecasting/results/partB/forecasts/partB_process_noise_forecast_A2_ARX_I.mat,forecast_results,315,316,0.00646535268689309,0.00646535268689309,0.0174641999057278,0.0135647128956285,0.0015071903217365,0.00440733372068244,0.000550828644474148,0,0.714285714285714,-0.0732142857142857,0.248214285714286,0.0809318093419991,1,closed_loop_monte_carlo,ok,ok,-2718.78415070655
process_noise,SIRS with stochastic process noise,SIRS,ssa,0,0,1,A2,Policy Intervention,ARX,I,/home/kaahin/degree_project/hybrid-epidemic-forecasting/results/partB/forecasts/partB_process_noise_forecast_A2_ARX_I.mat,forecast_results,322,323,0.00812583120602214,0.00812583120602214,0.0196710070709622,0.015440260116999,0.00171558445744433,0.00517895902843165,0.00123128772014616,0,0.75,-0.0375,0.233928571428571,0.0987406660305592,1,closed_loop_monte_carlo,ok,ok,-2786.13487290242
process_noise,SIRS with stochastic process noise,SIRS,ssa,0,0,1,A2,Policy Intervention,ARX,I,/home/kaahin/degree_project/hybrid-epidemic-forecasting/results/partB/forecasts/partB_process_noise_forecast_A2_ARX_I.mat,forecast_results,329,330,0.00745161744395365,0.00745161744395365,0.0208647004692733,0.0159845959804199,0.00177606622004665,0.00377426490517303,0.00190128631873397,0,0.571428571428571,-0.216071428571429,0.339285714285714,0.0702966086831193,1,closed_loop_monte_carlo,ok,ok,-2853.63603210833
process_noise,SIRS with stochastic process noise,SIRS,ssa,0,0,1,A2,Policy Intervention,ARX,I,/home/kaahin/degree_project/hybrid-epidemic-forecasting/results/partB/forecasts/partB_process_noise_forecast_A2_ARX_I.mat,forecast_results,336,337,0.00744237929057555,0.00744237929057555,0.0198187672428676,0.0153051141908313,0.0017005682434257,0.00333721752437088,0.00240459352277897,0,0.517857142857143,-0.269642857142857,0.375,0.0649256073370463,1,closed_loop_monte_carlo,ok,ok,-2921.28447314762
process_noise,SIRS with stochastic process noise,SIRS,ssa,0,0,1,A2,Policy Intervention,ARX,I,/home/kaahin/degree_project/hybrid-epidemic-forecasting/results/partB/forecasts/partB_process_noise_forecast_A2_ARX_I.mat,forecast_results,343,344,0.00857106145745798,0.00857106145745798,0.0196485413205803,0.0150384854108996,0.00167094282343329,0.0048551272389155,0.00204499139510919,0,0.678571428571429,-0.108928571428571,0.255357142857143,0.0970637259491142,1,closed_loop_monte_carlo,ok,ok,-2989.07709839426
process_noise,SIRS with stochastic process noise,SIRS,ssa,0,0,1,A2,Policy Intervention,ARX,I,/home/kaahin/degree_project/hybrid-epidemic-forecasting/results/partB/forecasts/partB_process_noise_forecast_A2_ARX_I.mat,forecast_results,350,351,0.0066576666642675,0.0066576666642675,0.0159122164141383,0.0125957950647393,0.00139953278497104,0.00399250505752746,0.001265628821769,0,0.732142857142857,-0.0553571428571429,0.223214285714286,0.0808035777617328,1,closed_loop_monte_carlo,ok,ok,-3057.0110129691
process_noise,SIRS with stochastic process noise,SIRS,ssa,0,0,1,A3,Damping Resurgence,AR,None,/home/kaahin/degree_project/hybrid-epidemic-forecasting/results/partB/forecasts/partB_process_noise_forecast_A3_AR_None.mat,forecast_results,49,50,0.00468701748434224,0.00468701748434224,0.0193503831948548,0.0117775145075975,0.00130861272306639,0.00217292049123655,0.0012054842700393,0,0.875,0.0875,0.223214285714286,0.0316852905135578,1,closed_loop_monte_carlo,ok,ok,-598.317747138306
process_noise,SIRS with stochastic process noise,SIRS,ssa,0,0,1,A3,Damping Resurgence,AR,None,/home/kaahin/degree_project/hybrid-epidemic-forecasting/results/partB/forecasts/partB_process_noise_forecast_A3_AR_None.mat,forecast_results,56,57,0.0184987604373048,0.0184987604373048,0.045044138531712,0.034100777958483,0.00378897532872033,0.00260556972633195,0.0121042153822525,0,0.339285714285714,-0.448214285714286,0.514285714285714,0.0385958090302159,1,closed_loop_monte_carlo,ok,ok,-671.371137329103
process_noise,SIRS with stochastic process noise,SIRS,ssa,0,0,1,A3,Damping Resurgence,AR,None,/home/kaahin/degree_project/hybrid-epidemic-forecasting/results/partB/forecasts/partB_process_noise_forecast_A3_AR_None.mat,forecast_results,63,64,0.0220757124845698,0.0220757124845698,0.0505378791275769,0.0385721034496678,0.00428578927218532,0.00306772323026223,0.0147221999821223,0,0.25,-0.5375,0.596428571428571,0.0431283210139985,1,closed_loop_monte_carlo,ok,ok,-750.927344280281
process_noise,SIRS with stochastic process noise,SIRS,ssa,0,0,1,A3,Damping Resurgence,AR,None,/home/kaahin/degree_project/hybrid-epidemic-forecasting/results/partB/forecasts/partB_process_noise_forecast_A3_AR_None.mat,forecast_results,70,71,0.0327852627203152,0.0327852627203152,0.0621299084546706,0.0493060996143643,0.00547845551270714,0.00291944187274366,0.0243873653348644,0,0.0178571428571429,-0.769642857142857,0.771428571428572,0.0408672695840795,1,closed_loop_monte_carlo,ok,ok,-840.758817082201
process_noise,SIRS with stochastic process noise,SIRS,ssa,0,0,1,A3,Damping Resurgence,AR,None,/home/kaahin/degree_project/hybrid-epidemic-forecasting/results/partB/forecasts/partB_process_noise_forecast_A3_AR_None.mat,forecast_results,77,78,0.0339829333299842,0.0339829333299842,0.0548916076716552,0.0443214292958723,0.00492460325509692,0.00254036458361213,0.0265179654912751,0,0,-0.7875,0.7875,0.0362509853069182,1,closed_loop_monte_carlo,ok,ok,-918.022002760587
process_noise,SIRS with stochastic process noise,SIRS,ssa,0,0,1,A3,Damping Resurgence,AR,None,/home/kaahin/degree_project/hybrid-epidemic-forecasting/results/partB/forecasts/partB_process_noise_forecast_A3_AR_None.mat,forecast_results,84,85,0.0117914776347388,0.0117914776347388,0.0238568360785675,0.0206966557107669,0.00229962841230743,0.00243322280630815,0.00705862641612321,0,0,-0.7875,0.7875,0.0321550606850968,1,closed_loop_monte_carlo,ok,ok,-992.887637339905
process_noise,SIRS with stochastic process noise,SIRS,ssa,0,0,1,A3,Damping Resurgence,AR,None,/home/kaahin/degree_project/hybrid-epidemic-forecasting/results/partB/forecasts/partB_process_noise_forecast_A3_AR_None.mat,forecast_results,91,92,0.00936700367148676,0.00936700367148676,0.0236977114502343,0.0160183716620097,0.00177981907355664,0.00144367063679288,0,0.00614351396113724,0.571428571428571,-0.216071428571429,0.407142857142857,0.0217392327207124,1,closed_loop_monte_carlo,ok,ok,-1083.83195962368
process_noise,SIRS with stochastic process noise,SIRS,ssa,0,0,1,A3,Damping Resurgence,AR,None,/home/kaahin/degree_project/hybrid-epidemic-forecasting/results/partB/forecasts/partB_process_noise_forecast_A3_AR_None.mat,forecast_results,98,99,0.0478508443840475,0.0478508443840475,0.0728177338503359,0.0549656700271208,0.00610729666968009,0.00119092071417943,0,0.040552627000188,0,-0.7875,0.7875,0.0174054710282644,1,closed_loop_monte_carlo,ok,ok,-1176.82254299923
process_noise,SIRS with stochastic process noise,SIRS,ssa,0,0,1,A3,Damping Resurgence,AR,None,/home/kaahin/degree_project/hybrid-epidemic-forecasting/results/partB/forecasts/partB_process_noise_forecast_A3_AR_None.mat,forecast_results,105,106,0.0754577792429263,0.0754577792429263,0.11074753646367,0.0858592495840691,0.00953991662045212,0.00148829046143912,0,0.0644295721610351,0.0178571428571429,-0.769642857142857,0.771428571428572,0.0235812099972747,1,closed_loop_monte_carlo,ok,ok,-1224.18147442782
process_noise,SIRS with stochastic process noise,SIRS,ssa,0,0,1,A3,Damping Resurgence,AR,None,/home/kaahin/degree_project/hybrid-epidemic-forecasting/results/partB/forecasts/partB_process_noise_forecast_A3_AR_None.mat,forecast_results,112,113,0.0700574751175117,0.0700574751175117,0.108998309930545,0.0858182953785408,0.0095353661531712,0.00264791658175629,0,0.0578741923825842,0.0178571428571429,-0.769642857142857,0.771428571428572,0.0372200581148315,1,closed_loop_monte_carlo,ok,ok,-1247.36410027312
process_noise,SIRS with stochastic process noise,SIRS,ssa,0,0,1,A3,Damping Resurgence,AR,None,/home/kaahin/degree_project/hybrid-epidemic-forecasting/results/partB/forecasts/partB_process_noise_forecast_A3_AR_None.mat,forecast_results,119,120,0.0263968716671997,0.0263968716671997,0.0579235680899935,0.0466435087488877,0.00518261208320975,0.00361959715053507,0,0.0175946624334549,0.178571428571429,-0.608928571428571,0.639285714285714,0.0513202888886989,1,closed_loop_monte_carlo,ok,ok,-1298.12487499265
process_noise,SIRS with stochastic process noise,SIRS,ssa,0,0,1,A3,Damping Resurgence,AR,None,/home/kaahin/degree_project/hybrid-epidemic-forecasting/results/partB/forecasts/partB_process_noise_forecast_A3_AR_None.mat,forecast_results,126,127,0.00535380299499387,0.00535380299499387,0.00983041362661128,0.00873149488020404,0.000970166097800448,0.00438312449176402,0,5.12405429406228e-07,0.982142857142857,0.194642857142857,0.2125,0.0617807679458832,1,closed_loop_monte_carlo,ok,ok,-1373.23947428066
process_noise,SIRS with stochastic process noise,SIRS,ssa,0,0,1,A3,Damping Resurgence,AR,None,/home/kaahin/degree_project/hybrid-epidemic-forecasting/results/partB/forecasts/partB_process_noise_forecast_A3_AR_None.mat,forecast_results,133,134,0.00464853864852517,0.00464853864852517,0.0134286042041147,0.00860201481966196,0.000955779424406884,0.00369275922411829,0,0,1,0.2125,0.2125,0.0537068772957136,1,closed_loop_monte_carlo,ok,ok,-1454.18798763827
process_noise,SIRS with stochastic process noise,SIRS,ssa,0,0,1,A3,Damping Resurgence,AR,None,/home/kaahin/degree_project/hybrid-epidemic-forecasting/results/partB/forecasts/partB_process_noise_forecast_A3_AR_None.mat,forecast_results,140,141,0.00742159122374784,0.00742159122374784,0.0249919279402957,0.0184445750551236,0.00204939722834706,0.00381631940690569,0.00155587458849508,0,0.803571428571429,0.0160714285714286,0.233928571428571,0.0557329407266614,1,closed_loop_monte_carlo,ok,ok,-1538.09703275218
process_noise,SIRS with stochastic process noise,SIRS,ssa,0,0,1,A3,Damping Resurgence,AR,None,/home/kaahin/degree_project/hybrid-epidemic-forecasting/results/partB/forecasts/partB_process_noise_forecast_A3_AR_None.mat,forecast_results,147,148,0.0140617838251657,0.0140617838251657,0.040498228427186,0.0318671144339667,0.00354079049266296,0.00412872272009875,0.00639227061240394,0,0.446428571428571,-0.341071428571429,0.453571428571429,0.0613499321964847,1,closed_loop_monte_carlo,ok,ok,-1621.19121773854
process_noise,SIRS with stochastic process noise,SIRS,ssa,0,0,1,A3,Damping Resurgence,AR,None,/home/kaahin/degree_project/hybrid-epidemic-forecasting/results/partB/forecasts/partB_process_noise_forecast_A3_AR_None.mat,forecast_results,154,155,0.00722089547986712,0.00722089547986712,0.0214254022202352,0.0170663803405775,0.00189626448228639,0.0032334401472904,0.00209119085029034,0,0.660714285714286,-0.126785714285714,0.2875,0.0485263006715957,1,closed_loop_monte_carlo,ok,ok,-1701.34341517924
process_noise,SIRS with stochastic process noise,SIRS,ssa,0,0,1,A3,Damping Resurgence,AR,None,/home/kaahin/degree_project/hybrid-epidemic-forecasting/results/partB/forecasts/partB_process_noise_forecast_A3_AR_None.mat,forecast_results,161,162,0.00284515904338007,0.00284515904338007,0.00806876675251005,0.00480313286894058,0.000533681429882287,0.00218295114362475,0,0.000128526469873029,0.964285714285714,0.176785714285714,0.2125,0.0315938724059617,1,closed_loop_monte_carlo,ok,ok,-1784.00586787239
process_noise,SIRS with stochastic process noise,SIRS,ssa,0,0,1,A3,Damping Resurgence,AR,None,/home/kaahin/degree_project/hybrid-epidemic-forecasting/results/partB/forecasts/partB_process_noise_forecast_A3_AR_None.mat,forecast_results,168,169,0.0242528488480921,0.0242528488480921,0.0538474699970473,0.0409706300300368,0.00455229222555965,0.00213278596361078,0,0.0175677706589217,0.214285714285714,-0.573214285714286,0.617857142857143,0.0308704240933765,1,closed_loop_monte_carlo,ok,ok,-1870.34211824671
process_noise,SIRS with stochastic process noise,SIRS,ssa,0,0,1,A3,Damping Resurgence,AR,None,/home/kaahin/degree_project/hybrid-epidemic-forecasting/results/partB/forecasts/partB_process_noise_forecast_A3_AR_None.mat,forecast_results,175,176,0.0549422225581506,0.0549422225581506,0.087335968579205,0.0673713357227227,0.00748570396919141,0.00210974653659414,0,0.0453467720523651,0.0357142857142857,-0.751785714285714,0.757142857142857,0.0307662159294514,1,closed_loop_monte_carlo,ok,ok,-1946.55891675124
process_noise,SIRS with stochastic process noise,SIRS,ssa,0,0,1,A3,Damping Resurgence,AR,None,/home/kaahin/degree_project/hybrid-epidemic-forecasting/results/partB/forecasts/partB_process_noise_forecast_A3_AR_None.mat,forecast_results,182,183,0.0677065483918254,0.0677065483918254,0.10726513582244,0.0837519158626066,0.00930576842917851,0.0022395784548249,0,0.0561612015078219,0,-0.7875,0.7875,0.0324348864736366,1,closed_loop_monte_carlo,ok,ok,-1998.49426883956
process_noise,SIRS with stochastic process noise,SIRS,ssa,0,0,1,A3,Damping Resurgence,AR,None,/home/kaahin/degree_project/hybrid-epidemic-forecasting/results/partB/forecasts/partB_process_noise_forecast_A3_AR_None.mat,forecast_results,189,190,0.0433246418722999,0.0433246418722999,0.0804553283220491,0.0637277737625351,0.00708086375139278,0.0028674510758625,0,0.0333763270450447,0.0535714285714286,-0.733928571428571,0.746428571428572,0.0405072704990877,1,closed_loop_monte_carlo,ok,ok,-2047.97624392133
process_noise,SIRS with stochastic process noise,SIRS,ssa,0,0,1,A3,Damping Resurgence,AR,None,/home/kaahin/degree_project/hybrid-epidemic-forecasting/results/partB/forecasts/partB_process_noise_forecast_A3_AR_None.mat,forecast_results,196,197,0.0101926183169327,0.0101926183169327,0.0329844362541105,0.027545915067436,0.00306065722971511,0.00383533981396256,0,0.00329662127325503,0.714285714285714,-0.0732142857142857,0.233928571428571,0.0554356527683346,1,closed_loop_monte_carlo,ok,ok,-2118.03957963879
process_noise,SIRS with stochastic process noise,SIRS,ssa,0,0,1,A3,Damping Resurgence,AR,None,/home/kaahin/degree_project/hybrid-epidemic-forecasting/results/partB/forecasts/partB_process_noise_forecast_A3_AR_None.mat,forecast_results,203,204,0.00584275457804779,0.00584275457804779,0.0158465787011976,0.012128051968685,0.00134756132985389,0.0044951932481939,0,0,1,0.2125,0.2125,0.0635386207169416,1,closed_loop_monte_carlo,ok,ok,-2198.14079039516
process_noise,SIRS with stochastic process noise,SIRS,ssa,0,0,1,A3,Damping Resurgence,AR,None,/home/kaahin/degree_project/hybrid-epidemic-forecasting/results/partB/forecasts/partB_process_noise_forecast_A3_AR_None.mat,forecast_results,210,211,0.0066518110731919,0.0066518110731919,0.0237944797307742,0.0176915843606575,0.00196573159562861,0.00468607947756328,0,0,1,0.2125,0.2125,0.0643779987050275,1,closed_loop_monte_carlo,ok,ok,-2280.51127861522
process_noise,SIRS with stochastic process noise,SIRS,ssa,0,0,1,A3,Damping Resurgence,AR,None,/home/kaahin/degree_project/hybrid-epidemic-forecasting/results/partB/forecasts/partB_process_noise_forecast_A3_AR_None.mat,forecast_results,217,218,0.00734164781789801,0.00734164781789801,0.0229629317687365,0.0180699092409083,0.00200776769343426,0.00361375131023128,0.00172012881423247,0,0.821428571428571,0.0339285714285714,0.223214285714286,0.0520091649789433,1,closed_loop_monte_carlo,ok,ok,-2363.74885245967
process_noise,SIRS with stochastic process noise,SIRS,ssa,0,0,1,A3,Damping Resurgence,AR,None,/home/kaahin/degree_project/hybrid-epidemic-forecasting/results/partB/forecasts/partB_process_noise_forecast_A3_AR_None.mat,forecast_results,224,225,0.00736711317725237,0.00736711317725237,0.0250776914214672,0.0203676749973315,0.0022630749997035,0.00397728140393785,0.00112675677361103,0,0.785714285714286,-0.00178571428571429,0.2125,0.0571387340310216,1,closed_loop_monte_carlo,ok,ok,-2445.24236950791
process_noise,SIRS with stochastic process noise,SIRS,ssa,0,0,1,A3,Damping Resurgence,AR,None,/home/kaahin/degree_project/hybrid-epidemic-forecasting/results/partB/forecasts/partB_process_noise_forecast_A3_AR_None.mat,forecast_results,231,232,0.00281836350765785,0.00281836350765785,0.00249510687261235,0.00205329226347809,0.000228143584830899,0.00259021992282695,0,0,1,0.2125,0.2125,0.0368176857712828,1,closed_loop_monte_carlo,ok,ok,-2526.63140909069
process_noise,SIRS with stochastic process noise,SIRS,ssa,0,0,1,A3,Damping Resurgence,AR,None,/home/kaahin/degree_project/hybrid-epidemic-forecasting/results/partB/forecasts/partB_process_noise_forecast_A3_AR_None.mat,forecast_results,238,239,0.00964403732080972,0.00964403732080972,0.0301333785760171,0.0213464488131121,0.00237182764590135,0.00233785407843937,0,0.004934355596469,0.607142857142857,-0.180357142857143,0.385714285714286,0.0336566178456391,1,closed_loop_monte_carlo,ok,ok,-2610.87157532175
process_noise,SIRS with stochastic process noise,SIRS,ssa,0,0,1,A3,Damping Resurgence,AR,None,/home/kaahin/degree_project/hybrid-epidemic-forecasting/results/partB/forecasts/partB_process_noise_forecast_A3_AR_None.mat,forecast_results,245,246,0.0373996768664388,0.0373996768664388,0.066024741402982,0.0501777479618358,0.00557530532909286,0.00203794358646323,0,0.0297864279508828,0.0892857142857143,-0.698214285714286,0.716071428571429,0.0305804031158313,1,closed_loop_monte_carlo,ok,ok,-2692.97764005235
process_noise,SIRS with stochastic process noise,SIRS,ssa,0,0,1,A3,Damping Resurgence,AR,None,/home/kaahin/degree_project/hybrid-epidemic-forecasting/results/partB/forecasts/partB_process_noise_forecast_A3_AR_None.mat,forecast_results,252,253,0.0597620470984997,0.0597620470984997,0.093378418607042,0.0726463378619423,0.00807181531799359,0.00231812031949687,0,0.0493721114610092,0.0357142857142857,-0.751785714285714,0.757142857142857,0.0301672274218426,1,closed_loop_monte_carlo,ok,ok,-2759.64361078415
process_noise,SIRS with stochastic process noise,SIRS,ssa,0,0,1,A3,Damping Resurgence,AR,None,/home/kaahin/degree_project/hybrid-epidemic-forecasting/results/partB/forecasts/partB_process_noise_forecast_A3_AR_None.mat,forecast_results,259,260,0.0534925621230364,0.0534925621230364,0.083182618686638,0.0652545509627935,0.00725050566253261,0.00227650772680059,0,0.0439655487337032,0,-0.7875,0.7875,0.0325125391757754,1,closed_loop_monte_carlo,ok,ok,-2812.37986139021
process_noise,SIRS with stochastic process noise,SIRS,ssa,0,0,1,A3,Damping Resurgence,AR,None,/home/kaahin/degree_project/hybrid-epidemic-forecasting/results/partB/forecasts/partB_process_noise_forecast_A3_AR_None.mat,forecast_results,266,267,0.0157986460425246,0.0157986460425246,0.0383258688573013,0.0316792470983522,0.00351991634426135,0.00311917296367373,0,0.00915955673458956,0.410714285714286,-0.376785714285714,0.458928571428571,0.0451167797322906,1,closed_loop_monte_carlo,ok,ok,-2876.64288700806
process_noise,SIRS with stochastic process noise,SIRS,ssa,0,0,1,A3,Damping Resurgence,AR,None,/home/kaahin/degree_project/hybrid-epidemic-forecasting/results/partB/forecasts/partB_process_noise_forecast_A3_AR_None.mat,forecast_results,273,274,0.00401426814432416,0.00401426814432416,0.00307443781193973,0.00287954432539837,0.000319949369488708,0.00369431877483545,0,0,1,0.2125,0.2125,0.0550310520721691,1,closed_loop_monte_carlo,ok,ok,-2955.15693885425
process_noise,SIRS with stochastic process noise,SIRS,ssa,0,0,1,A3,Damping Resurgence,AR,None,/home/kaahin/degree_project/hybrid-epidemic-forecasting/results/partB/forecasts/partB_process_noise_forecast_A3_AR_None.mat,forecast_results,280,281,0.0047802998819465,0.0047802998819465,0.00964016877608868,0.00717320129269453,0.000797022365854948,0.00394553530268008,3.77422134114695e-05,0,0.982142857142857,0.194642857142857,0.2125,0.057649562413296,1,closed_loop_monte_carlo,ok,ok,-3037.07928273934
process_noise,SIRS with stochastic process noise,SIRS,ssa,0,0,1,A3,Damping Resurgence,AR,None,/home/kaahin/degree_project/hybrid-epidemic-forecasting/results/partB/forecasts/partB_process_noise_forecast_A3_AR_None.mat,forecast_results,287,288,0.00686018910712733,0.00686018910712733,0.0213480644679011,0.0162059436566656,0.00180066040629618,0.00385580891578928,0.00120371978504187,0,0.857142857142857,0.0696428571428571,0.223214285714286,0.0586852743640956,1,closed_loop_monte_carlo,ok,ok,-3120.0889103632
process_noise,SIRS with stochastic process noise,SIRS,ssa,0,0,1,A3,Damping Resurgence,AR,None,/home/kaahin/degree_project/hybrid-epidemic-forecasting/results/partB/forecasts/partB_process_noise_forecast_A3_AR_None.mat,forecast_results,294,295,0.00667793123321928,0.00667793123321928,0.0240582516099771,0.0188513164543121,0.00209459071714579,0.00304732533984071,0.00153601517623278,0,0.75,-0.0375,0.269642857142857,0.0446597094269777,1,closed_loop_monte_carlo,ok,ok,-3202.51702611881
process_noise,SIRS with stochastic process noise,SIRS,ssa,0,0,1,A3,Damping Resurgence,AR,None,/home/kaahin/degree_project/hybrid-epidemic-forecasting/results/partB/forecasts/partB_process_noise_forecast_A3_AR_None.mat,forecast_results,301,302,0.0059420102496257,0.0059420102496257,0.0181614414655375,0.0145007681512264,0.00161119646124738,0.00289589651207648,0.00143491727630185,0,0.75,-0.0375,0.233928571428571,0.0427158038940946,1,closed_loop_monte_carlo,ok,ok,-3283.84194256007
process_noise,SIRS with stochastic process noise,SIRS,ssa,0,0,1,A3,Damping Resurgence,AR,None,/home/kaahin/degree_project/hybrid-epidemic-forecasting/results/partB/forecasts/partB_process_noise_forecast_A3_AR_None.mat,forecast_results,308,309,0.00336077502417465,0.00336077502417465,0.00850893906901191,0.00738548745776835,0.000820609717529816,0.00253287670592919,7.28860071565042e-06,0,0.964285714285714,0.176785714285714,0.2125,0.0390401776502926,1,closed_loop_monte_carlo,ok,ok,-3366.46980759887
process_noise,SIRS with stochastic process noise,SIRS,ssa,0,0,1,A3,Damping Resurgence,AR,None,/home/kaahin/degree_project/hybrid-epidemic-forecasting/results/partB/forecasts/partB_process_noise_forecast_A3_AR_None.mat,forecast_results,315,316,0.00196538083651311,0.00196538083651311,0.00305628428728829,0.00211657457360313,0.00023517495262257,0.00173020588389054,0,0,1,0.2125,0.2125,0.0254940890713493,1,closed_loop_monte_carlo,ok,ok,-3450.60870179878
process_noise,SIRS with stochastic process noise,SIRS,ssa,0,0,1,A3,Damping Resurgence,AR,None,/home/kaahin/degree_project/hybrid-epidemic-forecasting/results/partB/forecasts/partB_process_noise_forecast_A3_AR_None.mat,forecast_results,322,323,0.00168575488118998,0.00168575488118998,0.00162406796995555,0.00141872295710344,0.000157635884122605,0.00152811899706738,0,0,1,0.2125,0.2125,0.0236416267081549,1,closed_loop_monte_carlo,ok,ok,-3533.74557236182
process_noise,SIRS with stochastic process noise,SIRS,ssa,0,0,1,A3,Damping Resurgence,AR,None,/home/kaahin/degree_project/hybrid-epidemic-forecasting/results/partB/forecasts/partB_process_noise_forecast_A3_AR_None.mat,forecast_results,329,330,0.00192276058444638,0.00192276058444638,0.00612937777827946,0.00369646596521008,0.000410718440578897,0.00134156690505077,0.000169873976576943,6.01262239770889e-07,0.928571428571429,0.141071428571429,0.2125,0.0215261456152001,1,closed_loop_monte_carlo,ok,ok,-3616.79066518497
process_noise,SIRS with stochastic process noise,SIRS,ssa,0,0,1,A3,Damping Resurgence,AR,None,/home/kaahin/degree_project/hybrid-epidemic-forecasting/results/partB/forecasts/partB_process_noise_forecast_A3_AR_None.mat,forecast_results,336,337,0.00856220136672603,0.00856220136672603,0.0206152979150087,0.0147370837740797,0.00163745375267552,0.00176179758409705,0.00516295002995346,0,0.392857142857143,-0.394642857142857,0.491071428571429,0.0257643384773083,1,closed_loop_monte_carlo,ok,ok,-3700.90027202422
process_noise,SIRS with stochastic process noise,SIRS,ssa,0,0,1,A3,Damping Resurgence,AR,None,/home/kaahin/degree_project/hybrid-epidemic-forecasting/results/partB/forecasts/partB_process_noise_forecast_A3_AR_None.mat,forecast_results,343,344,0.0241458973713713,0.0241458973713713,0.0400185035123016,0.0299797970863466,0.00333108856514962,0.00127736467024955,0.0195374441359721,0,0.0892857142857143,-0.698214285714286,0.710714285714286,0.0186964329607164,1,closed_loop_monte_carlo,ok,ok,-3781.61558944649
process_noise,SIRS with stochastic process noise,SIRS,ssa,0,0,1,A3,Damping Resurgence,AR,None,/home/kaahin/degree_project/hybrid-epidemic-forecasting/results/partB/forecasts/partB_process_noise_forecast_A3_AR_None.mat,forecast_results,350,351,0.0277915324549904,0.0277915324549904,0.0451429941907124,0.0341521872843637,0.00379468747604041,0.00177418934335826,0.0222226556355918,0,0.0357142857142857,-0.751785714285714,0.757142857142857,0.0243520324106017,1,closed_loop_monte_carlo,ok,ok,-3855.71337909595
process_noise,SIRS with stochastic process noise,SIRS,ssa,0,0,1,A3,Damping Resurgence,ARX,I,/home/kaahin/degree_project/hybrid-epidemic-forecasting/results/partB/forecasts/partB_process_noise_forecast_A3_ARX_I.mat,forecast_results,49,50,0.0362282490574025,0.0362282490574025,0.05575025705936,0.0405954517462559,0.00451060574958398,0.00079584947834011,0.0309217938294784,0,0,-0.7875,0.7875,0.0123670536332786,1,closed_loop_monte_carlo,ok,ok,-698.691739653777
process_noise,SIRS with stochastic process noise,SIRS,ssa,0,0,1,A3,Damping Resurgence,ARX,I,/home/kaahin/degree_project/hybrid-epidemic-forecasting/results/partB/forecasts/partB_process_noise_forecast_A3_ARX_I.mat,forecast_results,56,57,0.00813969205440772,0.00813969205440772,0.0163662628700384,0.0134208486076013,0.00149120540084458,0.00116726384808269,0.00548122280548044,0,0.0714285714285714,-0.716071428571429,0.730357142857143,0.0160732235593981,1,closed_loop_monte_carlo,ok,ok,-776.785208495121
process_noise,SIRS with stochastic process noise,SIRS,ssa,0,0,1,A3,Damping Resurgence,ARX,I,/home/kaahin/degree_project/hybrid-epidemic-forecasting/results/partB/forecasts/partB_process_noise_forecast_A3_ARX_I.mat,forecast_results,63,64,0.0113045646531711,0.0113045646531711,0.0268604828844483,0.0176578385965692,0.00196198206628547,0.0011092605823951,0,0.00823332200449056,0.535714285714286,-0.251785714285714,0.4375,0.0171622854164638,1,closed_loop_monte_carlo,ok,ok,-875.006128848801
process_noise,SIRS with stochastic process noise,SIRS,ssa,0,0,1,A3,Damping Resurgence,ARX,I,/home/kaahin/degree_project/hybrid-epidemic-forecasting/results/partB/forecasts/partB_process_noise_forecast_A3_ARX_I.mat,forecast_results,70,71,0.0445594007551403,0.0445594007551403,0.0679575780832813,0.049829366228143,0.00553659624757144,0.00102539340391738,0,0.0379974111036515,0.0357142857142857,-0.751785714285714,0.757142857142857,0.0136360278964631,1,closed_loop_monte_carlo,ok,ok,-973.95089074416
process_noise,SIRS with stochastic process noise,SIRS,ssa,0,0,1,A3,Damping Resurgence,ARX,I,/home/kaahin/degree_project/hybrid-epidemic-forecasting/results/partB/forecasts/partB_process_noise_forecast_A3_ARX_I.mat,forecast_results,77,78,0.0581469377697361,0.0581469377697361,0.083785095592991,0.0637462922817501,0.0070829213646389,0.000979086300128898,0,0.0500849301049683,0,-0.7875,0.7875,0.014197162890809,1,closed_loop_monte_carlo,ok,ok,-1050.74310209023
process_noise,SIRS with stochastic process noise,SIRS,ssa,0,0,1,A3,Damping Resurgence,ARX,I,/home/kaahin/degree_project/hybrid-epidemic-forecasting/results/partB/forecasts/partB_process_noise_forecast_A3_ARX_I.mat,forecast_results,84,85,0.0519583302712344,0.0519583302712344,0.0752393458674541,0.05769188807728,0.00641020978636444,0.00110581062891246,0,0.0444423098559575,0,-0.7875,0.7875,0.0156797139212802,1,closed_loop_monte_carlo,ok,ok,-1108.08734433464
process_noise,SIRS with stochastic process noise,SIRS,ssa,0,0,1,A3,Damping Resurgence,ARX,I,/home/kaahin/degree_project/hybrid-epidemic-forecasting/results/partB/forecasts/partB_process_noise_forecast_A3_ARX_I.mat,forecast_results,91,92,0.0598333806007888,0.0598333806007888,0.085184224055633,0.0658734659675662,0.00731927399639625,0.000967320036998634,0,0.051546786567394,0,-0.7875,0.7875,0.0154097597757199,1,closed_loop_monte_carlo,ok,ok,-1154.76691788205
process_noise,SIRS with stochastic process noise,SIRS,ssa,0,0,1,A3,Damping Resurgence,ARX,I,/home/kaahin/degree_project/hybrid-epidemic-forecasting/results/partB/forecasts/partB_process_noise_forecast_A3_ARX_I.mat,forecast_results,98,99,0.070504205166022,0.070504205166022,0.0972713568550078,0.0750702803489627,0.00834114226099585,0.000973023766749766,0,0.0611900391382764,0,-0.7875,0.7875,0.0140769686330484,1,closed_loop_monte_carlo,ok,ok,-1192.55943820739
process_noise,SIRS with stochastic process noise,SIRS,ssa,0,0,1,A3,Damping Resurgence,ARX,I,/home/kaahin/degree_project/hybrid-epidemic-forecasting/results/partB/forecasts/partB_process_noise_forecast_A3_ARX_I.mat,forecast_results,105,106,0.0729851444273429,0.0729851444273429,0.105786453397093,0.0818440631417542,0.00909378479352825,0.00167457447468641,0,0.0622167851591283,0,-0.7875,0.7875,0.0243686472620558,1,closed_loop_monte_carlo,ok,ok,-1219.68256522707
process_noise,SIRS with stochastic process noise,SIRS,ssa,0,0,1,A3,Damping Resurgence,ARX,I,/home/kaahin/degree_project/hybrid-epidemic-forecasting/results/partB/forecasts/partB_process_noise_forecast_A3_ARX_I.mat,forecast_results,112,113,0.0479991518481816,0.0479991518481816,0.0793825687507107,0.0622737897351564,0.00691930997057293,0.00219273553217974,0,0.0388871063454289,0.0178571428571429,-0.769642857142857,0.771428571428572,0.0330563501196623,1,closed_loop_monte_carlo,ok,ok,-1256.83918668539
process_noise,SIRS with stochastic process noise,SIRS,ssa,0,0,1,A3,Damping Resurgence,ARX,I,/home/kaahin/degree_project/hybrid-epidemic-forecasting/results/partB/forecasts/partB_process_noise_forecast_A3_ARX_I.mat,forecast_results,119,120,0.00413934198373264,0.00413934198373264,0.0124100393116124,0.00879172072697022,0.000976857858552247,0.00296658026833042,0.000177956707562528,1.79471492874489e-05,0.910714285714286,0.123214285714286,0.2125,0.0420769329185386,1,closed_loop_monte_carlo,ok,ok,-1324.98784818957
process_noise,SIRS with stochastic process noise,SIRS,ssa,0,0,1,A3,Damping Resurgence,ARX,I,/home/kaahin/degree_project/hybrid-epidemic-forecasting/results/partB/forecasts/partB_process_noise_forecast_A3_ARX_I.mat,forecast_results,126,127,0.0551619410676004,0.0551619410676004,0.102259556759549,0.0726982237906536,0.00807758042118374,0.00337114049780676,0.0437132201486099,0,0.142857142857143,-0.644642857142857,0.675,0.0488543479707216,1,closed_loop_monte_carlo,ok,ok,-1408.90065023354
process_noise,SIRS with stochastic process noise,SIRS,ssa,0,0,1,A3,Damping Resurgence,ARX,I,/home/kaahin/degree_project/hybrid-epidemic-forecasting/results/partB/forecasts/partB_process_noise_forecast_A3_ARX_I.mat,forecast_results,133,134,0.086225426444371,0.086225426444371,0.148529704513805,0.108707888637589,0.0120786542930654,0.00429645223585503,0.0698503199154506,0,0.0535714285714286,-0.733928571428571,0.746428571428572,0.0639623652209449,1,closed_loop_monte_carlo,ok,ok,-1486.42603373289
process_noise,SIRS with stochastic process noise,SIRS,ssa,0,0,1,A3,Damping Resurgence,ARX,I,/home/kaahin/degree_project/hybrid-epidemic-forecasting/results/partB/forecasts/partB_process_noise_forecast_A3_ARX_I.mat,forecast_results,140,141,0.112186209082747,0.112186209082747,0.178300408661223,0.131566665799454,0.0146185184221616,0.00481710844821898,0.0927505822123668,0,0.0178571428571429,-0.769642857142857,0.771428571428572,0.0673909301125183,1,closed_loop_monte_carlo,ok,ok,-1555.70642790381
process_noise,SIRS with stochastic process noise,SIRS,ssa,0,0,1,A3,Damping Resurgence,ARX,I,/home/kaahin/degree_project/hybrid-epidemic-forecasting/results/partB/forecasts/partB_process_noise_forecast_A3_ARX_I.mat,forecast_results,147,148,0.0914584666966109,0.0914584666966109,0.14702969519983,0.111050719246461,0.0123389688051624,0.0041722663425528,0.0749472315488957,0,0.0178571428571429,-0.769642857142857,0.771428571428572,0.0573554134094081,1,closed_loop_monte_carlo,ok,ok,-1622.66276003962
process_noise,SIRS with stochastic process noise,SIRS,ssa,0,0,1,A3,Damping Resurgence,ARX,I,/home/kaahin/degree_project/hybrid-epidemic-forecasting/results/partB/forecasts/partB_process_noise_forecast_A3_ARX_I.mat,forecast_results,154,155,0.0175841961073226,0.0175841961073226,0.0448798250070649,0.0358145972148039,0.00397939969053376,0.00355113278024984,0.010053663636539,0,0.232142857142857,-0.555357142857143,0.592857142857143,0.052001921191993,1,closed_loop_monte_carlo,ok,ok,-1697.66455173932
process_noise,SIRS with stochastic process noise,SIRS,ssa,0,0,1,A3,Damping Resurgence,ARX,I,/home/kaahin/degree_project/hybrid-epidemic-forecasting/results/partB/forecasts/partB_process_noise_forecast_A3_ARX_I.mat,forecast_results,161,162,0.00650430499838482,0.00650430499838482,0.0222175213842868,0.0163290938425817,0.00181434376028686,0.00258702873524865,0,0.00210293250284931,0.821428571428571,0.0339285714285714,0.233928571428571,0.0418103644889867,1,closed_loop_monte_carlo,ok,ok,-1780.64392770115
process_noise,SIRS with stochastic process noise,SIRS,ssa,0,0,1,A3,Damping Resurgence,ARX,I,/home/kaahin/degree_project/hybrid-epidemic-forecasting/results/partB/forecasts/partB_process_noise_forecast_A3_ARX_I.mat,forecast_results,168,169,0.0202051063728433,0.0202051063728433,0.0466284898824721,0.0348152141886644,0.00386835713207382,0.00242693033934192,0,0.0139098189014276,0.357142857142857,-0.430357142857143,0.535714285714286,0.0344507337927486,1,closed_loop_monte_carlo,ok,ok,-1864.7409227817
process_noise,SIRS with stochastic process noise,SIRS,ssa,0,0,1,A3,Damping Resurgence,ARX,I,/home/kaahin/degree_project/hybrid-epidemic-forecasting/results/partB/forecasts/partB_process_noise_forecast_A3_ARX_I.mat,forecast_results,175,176,0.0429146420405758,0.0429146420405758,0.0710264702789586,0.0546322975741658,0.00607025528601842,0.00206265978309262,0,0.0347817269714647,0.0535714285714286,-0.733928571428571,0.741071428571429,0.028927274667777,1,closed_loop_monte_carlo,ok,ok,-1944.41066587606
process_noise,SIRS with stochastic process noise,SIRS,ssa,0,0,1,A3,Damping Resurgence,ARX,I,/home/kaahin/degree_project/hybrid-epidemic-forecasting/results/partB/forecasts/partB_process_noise_forecast_A3_ARX_I.mat,forecast_results,182,183,0.0357706670690139,0.0357706670690139,0.067830010770112,0.0531977916352351,0.00591086573724835,0.00250004896663078,0,0.0273597523651348,0.0714285714285714,-0.716071428571429,0.730357142857143,0.0373273441668829,1,closed_loop_monte_carlo,ok,ok,-2014.62247536331
process_noise,SIRS with stochastic process noise,SIRS,ssa,0,0,1,A3,Damping Resurgence,ARX,I,/home/kaahin/degree_project/hybrid-epidemic-forecasting/results/partB/forecasts/partB_process_noise_forecast_A3_ARX_I.mat,forecast_results,189,190,0.00357406682273977,0.00357406682273977,0.00743523081877883,0.00654093029538132,0.000726770032820146,0.00266536411056453,0,0.000181932679355094,0.892857142857143,0.105357142857143,0.2125,0.0370598098842621,1,closed_loop_monte_carlo,ok,ok,-2087.65662852081
process_noise,SIRS with stochastic process noise,SIRS,ssa,0,0,1,A3,Damping Resurgence,ARX,I,/home/kaahin/degree_project/hybrid-epidemic-forecasting/results/partB/forecasts/partB_process_noise_forecast_A3_ARX_I.mat,forecast_results,196,197,0.0368589913040669,0.0368589913040669,0.0777364823733051,0.0539116997156673,0.00599018885729637,0.00384475033825541,0.0270240521085151,0,0.267857142857143,-0.519642857142857,0.607142857142857,0.0556020937629182,1,closed_loop_monte_carlo,ok,ok,-2170.97275769257
process_noise,SIRS with stochastic process noise,SIRS,ssa,0,0,1,A3,Damping Resurgence,ARX,I,/home/kaahin/degree_project/hybrid-epidemic-forecasting/results/partB/forecasts/partB_process_noise_forecast_A3_ARX_I.mat,forecast_results,203,204,0.0767628722573883,0.0767628722573883,0.130873300279693,0.0953191934122529,0.0105910214902503,0.00391799812982942,0.0622538526373086,0,0.0357142857142857,-0.751785714285714,0.757142857142857,0.0570555059439717,1,closed_loop_monte_carlo,ok,ok,-2250.22067418515
process_noise,SIRS with stochastic process noise,SIRS,ssa,0,0,1,A3,Damping Resurgence,ARX,I,/home/kaahin/degree_project/hybrid-epidemic-forecasting/results/partB/forecasts/partB_process_noise_forecast_A3_ARX_I.mat,forecast_results,210,211,0.104165517430054,0.104165517430054,0.1638535470959,0.121951481697426,0.0135501646330474,0.0046241650041865,0.0859911877928201,0,0.0357142857142857,-0.751785714285714,0.757142857142857,0.0648195005081607,1,closed_loop_monte_carlo,ok,ok,-2320.93540310719
process_noise,SIRS with stochastic process noise,SIRS,ssa,0,0,1,A3,Damping Resurgence,ARX,I,/home/kaahin/degree_project/hybrid-epidemic-forecasting/results/partB/forecasts/partB_process_noise_forecast_A3_ARX_I.mat,forecast_results,217,218,0.0679398217134411,0.0679398217134411,0.114841973375062,0.0911123368383178,0.0101235929820353,0.00427364955880104,0.0535425791726048,0,0.0357142857142857,-0.751785714285714,0.757142857142857,0.0625371813262359,1,closed_loop_monte_carlo,ok,ok,-2386.56996819882
process_noise,SIRS with stochastic process noise,SIRS,ssa,0,0,1,A3,Damping Resurgence,ARX,I,/home/kaahin/degree_project/hybrid-epidemic-forecasting/results/partB/forecasts/partB_process_noise_forecast_A3_ARX_I.mat,forecast_results,224,225,0.0225597643332843,0.0225597643332843,0.0470794778964734,0.0376757462075435,0.00418619402306039,0.00345412165251123,0.0149194486577127,0,0.160714285714286,-0.626785714285714,0.658928571428571,0.0492473520905865,1,closed_loop_monte_carlo,ok,ok,-2456.88739818286
process_noise,SIRS with stochastic process noise,SIRS,ssa,0,0,1,A3,Damping Resurgence,ARX,I,/home/kaahin/degree_project/hybrid-epidemic-forecasting/results/partB/forecasts/partB_process_noise_forecast_A3_ARX_I.mat,forecast_results,231,232,0.00668978981632906,0.00668978981632906,0.0209326127662502,0.0179225416273561,0.00199139351415068,0.00285302314658784,0.00184537315559055,0,0.660714285714286,-0.126785714285714,0.276785714285714,0.0413201958519986,1,closed_loop_monte_carlo,ok,ok,-2536.50050300854
process_noise,SIRS with stochastic process noise,SIRS,ssa,0,0,1,A3,Damping Resurgence,ARX,I,/home/kaahin/degree_project/hybrid-epidemic-forecasting/results/partB/forecasts/partB_process_noise_forecast_A3_ARX_I.mat,forecast_results,238,239,0.00494744910261184,0.00494744910261184,0.0198727146025819,0.013140405331957,0.00146004503688411,0.00287598931653698,0,0.000611414749190753,0.928571428571429,0.141071428571429,0.2125,0.0401158697287322,1,closed_loop_monte_carlo,ok,ok,-2619.38438080882
process_noise,SIRS with stochastic process noise,SIRS,ssa,0,0,1,A3,Damping Resurgence,ARX,I,/home/kaahin/degree_project/hybrid-epidemic-forecasting/results/partB/forecasts/partB_process_noise_forecast_A3_ARX_I.mat,forecast_results,245,246,0.0304064630666605,0.0304064630666605,0.0544224462572269,0.0413234910219161,0.00459149900243513,0.00185486739575224,0,0.0239600966684731,0.107142857142857,-0.680357142857143,0.7,0.0287690409862182,1,closed_loop_monte_carlo,ok,ok,-2702.54370376552
process_noise,SIRS with stochastic process noise,SIRS,ssa,0,0,1,A3,Damping Resurgence,ARX,I,/home/kaahin/degree_project/hybrid-epidemic-forecasting/results/partB/forecasts/partB_process_noise_forecast_A3_ARX_I.mat,forecast_results,252,253,0.04473879396415,0.04473879396415,0.074583942306681,0.0576042595501827,0.00640047328335363,0.00208437180680797,0,0.0362539488739884,0.0714285714285714,-0.716071428571429,0.730357142857143,0.0296586203563527,1,closed_loop_monte_carlo,ok,ok,-2775.81456940238
process_noise,SIRS with stochastic process noise,SIRS,ssa,0,0,1,A3,Damping Resurgence,ARX,I,/home/kaahin/degree_project/hybrid-epidemic-forecasting/results/partB/forecasts/partB_process_noise_forecast_A3_ARX_I.mat,forecast_results,259,260,0.0344871594265194,0.0344871594265194,0.0624259496859263,0.0496568307431235,0.00551742563812484,0.00245254915022786,0,0.0265171846381667,0,-0.7875,0.7875,0.0375326184759337,1,closed_loop_monte_carlo,ok,ok,-2838.26150228249
process_noise,SIRS with stochastic process noise,SIRS,ssa,0,0,1,A3,Damping Resurgence,ARX,I,/home/kaahin/degree_project/hybrid-epidemic-forecasting/results/partB/forecasts/partB_process_noise_forecast_A3_ARX_I.mat,forecast_results,266,267,0.00511135400061617,0.00511135400061617,0.0129451091494447,0.0114333577596227,0.00127037308440253,0.00317090817604565,0,0.000670072740167996,0.75,-0.0375,0.2125,0.0471847594019367,1,closed_loop_monte_carlo,ok,ok,-2910.64911676102
process_noise,SIRS with stochastic process noise,SIRS,ssa,0,0,1,A3,Damping Resurgence,ARX,I,/home/kaahin/degree_project/hybrid-epidemic-forecasting/results/partB/forecasts/partB_process_noise_forecast_A3_ARX_I.mat,forecast_results,273,274,0.00764783832801961,0.00764783832801961,0.0299983095421774,0.0208647702178702,0.00231830780198558,0.0033027934728727,0.00202673705316132,0,0.785714285714286,-0.00178571428571429,0.269642857142857,0.0457515361669467,1,closed_loop_monte_carlo,ok,ok,-2993.28820193877
process_noise,SIRS with stochastic process noise,SIRS,ssa,0,0,1,A3,Damping Resurgence,ARX,I,/home/kaahin/degree_project/hybrid-epidemic-forecasting/results/partB/forecasts/partB_process_noise_forecast_A3_ARX_I.mat,forecast_results,280,281,0.0123489105652966,0.0123489105652966,0.0379143182513671,0.0299184337713525,0.00332427041903917,0.00399910966844051,0.00502553047781691,0,0.535714285714286,-0.251785714285714,0.358928571428571,0.0553652969737318,1,closed_loop_monte_carlo,ok,ok,-3076.2954713048
process_noise,SIRS with stochastic process noise,SIRS,ssa,0,0,1,A3,Damping Resurgence,ARX,I,/home/kaahin/degree_project/hybrid-epidemic-forecasting/results/partB/forecasts/partB_process_noise_forecast_A3_ARX_I.mat,forecast_results,287,288,0.0149260420687995,0.0149260420687995,0.0427181262658427,0.0324860586990827,0.00360956207767586,0.00349574876571007,0.00782073122541359,0,0.553571428571429,-0.233928571428571,0.357142857142857,0.0535463413378867,1,closed_loop_monte_carlo,ok,ok,-3158.25761921076
process_noise,SIRS with stochastic process noise,SIRS,ssa,0,0,1,A3,Damping Resurgence,ARX,I,/home/kaahin/degree_project/hybrid-epidemic-forecasting/results/partB/forecasts/partB_process_noise_forecast_A3_ARX_I.mat,forecast_results,294,295,0.0172185730365169,0.0172185730365169,0.0425305656079053,0.034047748181253,0.00378308313125034,0.00299306011543019,0.0104424297898364,0,0.25,-0.5375,0.5875,0.0415969530748428,1,closed_loop_monte_carlo,ok,ok,-3240.04719445215
process_noise,SIRS with stochastic process noise,SIRS,ssa,0,0,1,A3,Damping Resurgence,ARX,I,/home/kaahin/degree_project/hybrid-epidemic-forecasting/results/partB/forecasts/partB_process_noise_forecast_A3_ARX_I.mat,forecast_results,301,302,0.00984188703928591,0.00984188703928591,0.031969578763233,0.0255661481361682,0.00284068312624091,0.00294187432582134,0.00405932958722366,0,0.589285714285714,-0.198214285714286,0.326785714285714,0.0414896309059231,1,closed_loop_monte_carlo,ok,ok,-3321.75809328683
process_noise,SIRS with stochastic process noise,SIRS,ssa,0,0,1,A3,Damping Resurgence,ARX,I,/home/kaahin/degree_project/hybrid-epidemic-forecasting/results/partB/forecasts/partB_process_noise_forecast_A3_ARX_I.mat,forecast_results,308,309,0.00825431376172912,0.00825431376172912,0.0220138999472688,0.0179560420165114,0.00199511577961238,0.00194427760814724,0.0043149203739695,0,0.392857142857143,-0.394642857142857,0.473214285714286,0.0291102355482484,1,closed_loop_monte_carlo,ok,ok,-3403.4198177608
process_noise,SIRS with stochastic process noise,SIRS,ssa,0,0,1,A3,Damping Resurgence,ARX,I,/home/kaahin/degree_project/hybrid-epidemic-forecasting/results/partB/forecasts/partB_process_noise_forecast_A3_ARX_I.mat,forecast_results,315,316,0.0042168090220668,0.0042168090220668,0.0135045039341623,0.0109180665753141,0.00121311850836824,0.00199475061830224,0.00100893989539633,0,0.821428571428571,0.0339285714285714,0.2125,0.0314615224366033,1,closed_loop_monte_carlo,ok,ok,-3485.87739473768
process_noise,SIRS with stochastic process noise,SIRS,ssa,0,0,1,A3,Damping Resurgence,ARX,I,/home/kaahin/degree_project/hybrid-epidemic-forecasting/results/partB/forecasts/partB_process_noise_forecast_A3_ARX_I.mat,forecast_results,322,323,0.00425090121344189,0.00425090121344189,0.0147968004308164,0.0110822080177851,0.00123135644642057,0.00162045480627847,0.00139908996074286,0,0.732142857142857,-0.0553571428571429,0.244642857142857,0.02482637115921,1,closed_loop_monte_carlo,ok,ok,-3569.44976530244
process_noise,SIRS with stochastic process noise,SIRS,ssa,0,0,1,A3,Damping Resurgence,ARX,I,/home/kaahin/degree_project/hybrid-epidemic-forecasting/results/partB/forecasts/partB_process_noise_forecast_A3_ARX_I.mat,forecast_results,329,330,0.00916270236814248,0.00916270236814248,0.0220988648776478,0.0163088539414319,0.00181209488238132,0.00169325654626772,0.00565735093949345,0,0.482142857142857,-0.305357142857143,0.448214285714286,0.0250165397926264,1,closed_loop_monte_carlo,ok,ok,-3653.23129011361
process_noise,SIRS with stochastic process noise,SIRS,ssa,0,0,1,A3,Damping Resurgence,ARX,I,/home/kaahin/degree_project/hybrid-epidemic-forecasting/results/partB/forecasts/partB_process_noise_forecast_A3_ARX_I.mat,forecast_results,336,337,0.0242006489710116,0.0242006489710116,0.0441364090862036,0.0336949607747339,0.00374388453052599,0.00158180216513142,0.0188749622753541,0,0.0535714285714286,-0.733928571428571,0.741071428571429,0.0227339821615268,1,closed_loop_monte_carlo,ok,ok,-3734.29015744684
process_noise,SIRS with stochastic process noise,SIRS,ssa,0,0,1,A3,Damping Resurgence,ARX,I,/home/kaahin/degree_project/hybrid-epidemic-forecasting/results/partB/forecasts/partB_process_noise_forecast_A3_ARX_I.mat,forecast_results,343,344,0.0299957409858452,0.0299957409858452,0.0527500001802706,0.0402573818245352,0.00447304242494835,0.00206266381604421,0.0234600347448527,0,0.0178571428571429,-0.769642857142857,0.771428571428572,0.0285347900404378,1,closed_loop_monte_carlo,ok,ok,-3807.61384801774
process_noise,SIRS with stochastic process noise,SIRS,ssa,0,0,1,A3,Damping Resurgence,ARX,I,/home/kaahin/degree_project/hybrid-epidemic-forecasting/results/partB/forecasts/partB_process_noise_forecast_A3_ARX_I.mat,forecast_results,350,351,0.0354500111053005,0.0354500111053005,0.0557208371631406,0.0427392328391121,0.00474880364879023,0.00138714198001464,0.0293140654764956,0,0,-0.7875,0.7875,0.0207154997009127,1,closed_loop_monte_carlo,ok,ok,-3873.7242544216
process_noise,SIRS with stochastic process noise,SIRS,ssa,0,0,1,A4,Amplifying Resurgence,AR,None,/home/kaahin/degree_project/hybrid-epidemic-forecasting/results/partB/forecasts/partB_process_noise_forecast_A4_AR_None.mat,forecast_results,49,50,0.00591087014349247,0.00591087014349247,0.0212464944560566,0.0135908493407865,0.0015100943711985,0.002140507661643,0.00226026811065097,0,0.75,-0.0375,0.319642857142857,0.0295677075657178,1,closed_loop_monte_carlo,ok,ok,-610.544134722312
process_noise,SIRS with stochastic process noise,SIRS,ssa,0,0,1,A4,Amplifying Resurgence,AR,None,/home/kaahin/degree_project/hybrid-epidemic-forecasting/results/partB/forecasts/partB_process_noise_forecast_A4_AR_None.mat,forecast_results,56,57,0.0293103992689394,0.0293103992689394,0.0526030328794797,0.0386189001261446,0.00429098890290496,0.00232821790521778,0.0226911924608167,0,0.107142857142857,-0.680357142857143,0.716071428571429,0.0337584636420592,1,closed_loop_monte_carlo,ok,ok,-691.741691745107
process_noise,SIRS with stochastic process noise,SIRS,ssa,0,0,1,A4,Amplifying Resurgence,AR,None,/home/kaahin/degree_project/hybrid-epidemic-forecasting/results/partB/forecasts/partB_process_noise_forecast_A4_AR_None.mat,forecast_results,63,64,0.0373654800795031,0.0373654800795031,0.0678648877887101,0.0511059910108647,0.00567844344565164,0.00221910073681227,0.0294679358970392,0,0,-0.7875,0.7875,0.0328421820132464,1,closed_loop_monte_carlo,ok,ok,-765.511201862365
process_noise,SIRS with stochastic process noise,SIRS,ssa,0,0,1,A4,Amplifying Resurgence,AR,None,/home/kaahin/degree_project/hybrid-epidemic-forecasting/results/partB/forecasts/partB_process_noise_forecast_A4_AR_None.mat,forecast_results,70,71,0.0455121497380709,0.0455121497380709,0.0724034869921909,0.0566366465334832,0.00629296072594258,0.00261949664637879,0.0365996923657496,0,0,-0.7875,0.7875,0.0373710112207965,1,closed_loop_monte_carlo,ok,ok,-844.318315679869
process_noise,SIRS with stochastic process noise,SIRS,ssa,0,0,1,A4,Amplifying Resurgence,AR,None,/home/kaahin/degree_project/hybrid-epidemic-forecasting/results/partB/forecasts/partB_process_noise_forecast_A4_AR_None.mat,forecast_results,77,78,0.0364405291008738,0.0364405291008738,0.0603529161946294,0.0479731407319767,0.00533034897021964,0.0020422319930979,0.0290679481375563,0,0,-0.7875,0.7875,0.0304419970210616,1,closed_loop_monte_carlo,ok,ok,-916.439285990811
process_noise,SIRS with stochastic process noise,SIRS,ssa,0,0,1,A4,Amplifying Resurgence,AR,None,/home/kaahin/degree_project/hybrid-epidemic-forecasting/results/partB/forecasts/partB_process_noise_forecast_A4_AR_None.mat,forecast_results,84,85,0.0130251053297742,0.0130251053297742,0.0277291575158941,0.0238531794579019,0.00265035327310022,0.00196351665827685,0.00841123539839716,0,0,-0.7875,0.7875,0.0284623221002709,1,closed_loop_monte_carlo,ok,ok,-990.772863705804
process_noise,SIRS with stochastic process noise,SIRS,ssa,0,0,1,A4,Amplifying Resurgence,AR,None,/home/kaahin/degree_project/hybrid-epidemic-forecasting/results/partB/forecasts/partB_process_noise_forecast_A4_AR_None.mat,forecast_results,91,92,0.00827284313172614,0.00827284313172614,0.0229428586944789,0.0154843289169749,0.00172048099077499,0.00130515477026346,0,0.00524720737068769,0.607142857142857,-0.180357142857143,0.382142857142857,0.0196433486920352,1,closed_loop_monte_carlo,ok,ok,-1079.82936827977
process_noise,SIRS with stochastic process noise,SIRS,ssa,0,0,1,A4,Amplifying Resurgence,AR,None,/home/kaahin/degree_project/hybrid-epidemic-forecasting/results/partB/forecasts/partB_process_noise_forecast_A4_AR_None.mat,forecast_results,98,99,0.0425507707531636,0.0425507707531636,0.0631657601801835,0.04752231246864,0.00528025694096,0.0010674811649111,0,0.0362030326472925,0,-0.7875,0.7875,0.0151073935298603,1,closed_loop_monte_carlo,ok,ok,-1170.1391377548
process_noise,SIRS with stochastic process noise,SIRS,ssa,0,0,1,A4,Amplifying Resurgence,AR,None,/home/kaahin/degree_project/hybrid-epidemic-forecasting/results/partB/forecasts/partB_process_noise_forecast_A4_AR_None.mat,forecast_results,105,106,0.067540541700569,0.067540541700569,0.0975754374164372,0.0755742012549387,0.00839713347277097,0.00135376832361079,0,0.0577896399041872,0,-0.7875,0.7875,0.0190746977461244,1,closed_loop_monte_carlo,ok,ok,-1224.72269480335
process_noise,SIRS with stochastic process noise,SIRS,ssa,0,0,1,A4,Amplifying Resurgence,AR,None,/home/kaahin/degree_project/hybrid-epidemic-forecasting/results/partB/forecasts/partB_process_noise_forecast_A4_AR_None.mat,forecast_results,112,113,0.0606503510074113,0.0606503510074113,0.0925206634812934,0.0731503107831508,0.00812781230923897,0.00230143472049148,0,0.0502211039776809,0.0178571428571429,-0.769642857142857,0.771428571428572,0.0312269893247374,1,closed_loop_monte_carlo,ok,ok,-1257.43238665609
process_noise,SIRS with stochastic process noise,SIRS,ssa,0,0,1,A4,Amplifying Resurgence,AR,None,/home/kaahin/degree_project/hybrid-epidemic-forecasting/results/partB/forecasts/partB_process_noise_forecast_A4_AR_None.mat,forecast_results,119,120,0.0237011126967035,0.0237011126967035,0.0494452681744543,0.0399743148155777,0.00444159053506419,0.0030127315151566,0,0.0162467906464827,0.0714285714285714,-0.716071428571429,0.730357142857143,0.043774852966918,1,closed_loop_monte_carlo,ok,ok,-1312.98026787443
process_noise,SIRS with stochastic process noise,SIRS,ssa,0,0,1,A4,Amplifying Resurgence,AR,None,/home/kaahin/degree_project/hybrid-epidemic-forecasting/results/partB/forecasts/partB_process_noise_forecast_A4_AR_None.mat,forecast_results,126,127,0.00431850112696125,0.00431850112696125,0.00410571674603423,0.00333849768224843,0.000370944186916492,0.00394755694004476,0,0,1,0.2125,0.2125,0.0578142263754848,1,closed_loop_monte_carlo,ok,ok,-1390.16126342504
process_noise,SIRS with stochastic process noise,SIRS,ssa,0,0,1,A4,Amplifying Resurgence,AR,None,/home/kaahin/degree_project/hybrid-epidemic-forecasting/results/partB/forecasts/partB_process_noise_forecast_A4_AR_None.mat,forecast_results,133,134,0.00579167736766079,0.00579167736766079,0.0197352607038318,0.0135570991898128,0.00150634435442365,0.00367693318317488,0.000608399830062264,0,0.910714285714286,0.123214285714286,0.2125,0.0552941220281811,1,closed_loop_monte_carlo,ok,ok,-1471.74414271364
process_noise,SIRS with stochastic process noise,SIRS,ssa,0,0,1,A4,Amplifying Resurgence,AR,None,/home/kaahin/degree_project/hybrid-epidemic-forecasting/results/partB/forecasts/partB_process_noise_forecast_A4_AR_None.mat,forecast_results,140,141,0.0107002658084499,0.0107002658084499,0.0296979344396688,0.0232881541304485,0.00258757268116094,0.00430740371992998,0.00380528940735899,0,0.607142857142857,-0.180357142857143,0.319642857142857,0.0637051953763335,1,closed_loop_monte_carlo,ok,ok,-1556.20858934551
process_noise,SIRS with stochastic process noise,SIRS,ssa,0,0,1,A4,Amplifying Resurgence,AR,None,/home/kaahin/degree_project/hybrid-epidemic-forecasting/results/partB/forecasts/partB_process_noise_forecast_A4_AR_None.mat,forecast_results,147,148,0.015539256606503,0.015539256606503,0.0352789863088774,0.0273201277263408,0.00303556974737121,0.00329560011540898,0.00920808674372285,0,0.25,-0.5375,0.6,0.0499643385889083,1,closed_loop_monte_carlo,ok,ok,-1639.78149113837
process_noise,SIRS with stochastic process noise,SIRS,ssa,0,0,1,A4,Amplifying Resurgence,AR,None,/home/kaahin/degree_project/hybrid-epidemic-forecasting/results/partB/forecasts/partB_process_noise_forecast_A4_AR_None.mat,forecast_results,154,155,0.00671601586783184,0.00671601586783184,0.0204934910603259,0.0166855598844039,0.0018539510982671,0.00321474241101901,0.00164732235854574,0,0.678571428571429,-0.108928571428571,0.276785714285714,0.0486587461451259,1,closed_loop_monte_carlo,ok,ok,-1720.1424524008
process_noise,SIRS with stochastic process noise,SIRS,ssa,0,0,1,A4,Amplifying Resurgence,AR,None,/home/kaahin/degree_project/hybrid-epidemic-forecasting/results/partB/forecasts/partB_process_noise_forecast_A4_AR_None.mat,forecast_results,161,162,0.00313335999015396,0.00313335999015396,0.00908673730055093,0.00592461415094964,0.000658290461216626,0.00243462482855478,0,4.04447003825563e-05,0.982142857142857,0.194642857142857,0.2125,0.03455677270933,1,closed_loop_monte_carlo,ok,ok,-1803.54485828753
process_noise,SIRS with stochastic process noise,SIRS,ssa,0,0,1,A4,Amplifying Resurgence,AR,None,/home/kaahin/degree_project/hybrid-epidemic-forecasting/results/partB/forecasts/partB_process_noise_forecast_A4_AR_None.mat,forecast_results,168,169,0.0256059891356022,0.0256059891356022,0.0504768891095225,0.0383292747678075,0.00425880830753416,0.00202193484213135,0,0.0193252459859367,0.267857142857143,-0.519642857142857,0.576785714285714,0.028913248266656,1,closed_loop_monte_carlo,ok,ok,-1890.89237565531
process_noise,SIRS with stochastic process noise,SIRS,ssa,0,0,1,A4,Amplifying Resurgence,AR,None,/home/kaahin/degree_project/hybrid-epidemic-forecasting/results/partB/forecasts/partB_process_noise_forecast_A4_AR_None.mat,forecast_results,175,176,0.0568365080271203,0.0568365080271203,0.090361628213994,0.0692729797492852,0.00769699774992058,0.00179682175434917,0,0.0473426885228505,0.0357142857142857,-0.751785714285714,0.757142857142857,0.0270491496288705,1,closed_loop_monte_carlo,ok,ok,-1966.38751896666
process_noise,SIRS with stochastic process noise,SIRS,ssa,0,0,1,A4,Amplifying Resurgence,AR,None,/home/kaahin/degree_project/hybrid-epidemic-forecasting/results/partB/forecasts/partB_process_noise_forecast_A4_AR_None.mat,forecast_results,182,183,0.0704059321673796,0.0704059321673796,0.105252431526692,0.0821520846320481,0.0091280094035609,0.00206435028047435,0,0.0592135724833444,0,-0.7875,0.7875,0.0300944188018112,1,closed_loop_monte_carlo,ok,ok,-2015.35589790153
process_noise,SIRS with stochastic process noise,SIRS,ssa,0,0,1,A4,Amplifying Resurgence,AR,None,/home/kaahin/degree_project/hybrid-epidemic-forecasting/results/partB/forecasts/partB_process_noise_forecast_A4_AR_None.mat,forecast_results,189,190,0.0433700622202729,0.0433700622202729,0.0766124235038849,0.0611041451727884,0.00678934946364316,0.00271417660571808,0,0.0338665361509117,0.0357142857142857,-0.751785714285714,0.757142857142857,0.041351740351088,1,closed_loop_monte_carlo,ok,ok,-2062.99904133841
process_noise,SIRS with stochastic process noise,SIRS,ssa,0,0,1,A4,Amplifying Resurgence,AR,None,/home/kaahin/degree_project/hybrid-epidemic-forecasting/results/partB/forecasts/partB_process_noise_forecast_A4_AR_None.mat,forecast_results,196,197,0.0071267557750546,0.0071267557750546,0.0209741017248486,0.0178082248122716,0.00197869164580795,0.00430910295062925,0,0.000838961178617396,0.767857142857143,-0.0196428571428571,0.2125,0.059815859042057,1,closed_loop_monte_carlo,ok,ok,-2132.77887593281
process_noise,SIRS with stochastic process noise,SIRS,ssa,0,0,1,A4,Amplifying Resurgence,AR,None,/home/kaahin/degree_project/hybrid-epidemic-forecasting/results/partB/forecasts/partB_process_noise_forecast_A4_AR_None.mat,forecast_results,203,204,0.00494863642192655,0.00494863642192655,0.00326156759524062,0.00243016824514154,0.000270018693904616,0.00467861772802194,0,0,1,0.2125,0.2125,0.0649307320934069,1,closed_loop_monte_carlo,ok,ok,-2212.5504686384
process_noise,SIRS with stochastic process noise,SIRS,ssa,0,0,1,A4,Amplifying Resurgence,AR,None,/home/kaahin/degree_project/hybrid-epidemic-forecasting/results/partB/forecasts/partB_process_noise_forecast_A4_AR_None.mat,forecast_results,210,211,0.0064224416425934,0.0064224416425934,0.0187194468579247,0.0144214159557789,0.0016023795506421,0.00482006209195129,0,0,1,0.2125,0.2125,0.0703723390803772,1,closed_loop_monte_carlo,ok,ok,-2295.66166550941
process_noise,SIRS with stochastic process noise,SIRS,ssa,0,0,1,A4,Amplifying Resurgence,AR,None,/home/kaahin/degree_project/hybrid-epidemic-forecasting/results/partB/forecasts/partB_process_noise_forecast_A4_AR_None.mat,forecast_results,217,218,0.00614342605317825,0.00614342605317825,0.0180169429118145,0.013423481112116,0.00149149790134622,0.00409054312120932,0.000561385030622706,0,0.857142857142857,0.0696428571428571,0.2125,0.0626834573260616,1,closed_loop_monte_carlo,ok,ok,-2380.3881913398
process_noise,SIRS with stochastic process noise,SIRS,ssa,0,0,1,A4,Amplifying Resurgence,AR,None,/home/kaahin/degree_project/hybrid-epidemic-forecasting/results/partB/forecasts/partB_process_noise_forecast_A4_AR_None.mat,forecast_results,224,225,0.00617135305089067,0.00617135305089067,0.0214766851491968,0.0166787611144511,0.00185319567938346,0.00356918616495329,0.00074897120655393,0,0.821428571428571,0.0339285714285714,0.2125,0.048200922500977,1,closed_loop_monte_carlo,ok,ok,-2462.60466976195
process_noise,SIRS with stochastic process noise,SIRS,ssa,0,0,1,A4,Amplifying Resurgence,AR,None,/home/kaahin/degree_project/hybrid-epidemic-forecasting/results/partB/forecasts/partB_process_noise_forecast_A4_AR_None.mat,forecast_results,231,232,0.0037305144841978,0.0037305144841978,0.00486822876603465,0.00403531668920481,0.000448368521022756,0.00328214596317505,0,0,1,0.2125,0.2125,0.0466502754610477,1,closed_loop_monte_carlo,ok,ok,-2544.37410266826
process_noise,SIRS with stochastic process noise,SIRS,ssa,0,0,1,A4,Amplifying Resurgence,AR,None,/home/kaahin/degree_project/hybrid-epidemic-forecasting/results/partB/forecasts/partB_process_noise_forecast_A4_AR_None.mat,forecast_results,238,239,0.0153774115828223,0.0153774115828223,0.036249812528282,0.0267198315185723,0.00296887016873026,0.00203273098497375,0,0.0103758104291183,0.446428571428571,-0.341071428571429,0.444642857142857,0.0311103455228413,1,closed_loop_monte_carlo,ok,ok,-2629.51259825531
process_noise,SIRS with stochastic process noise,SIRS,ssa,0,0,1,A4,Amplifying Resurgence,AR,None,/home/kaahin/degree_project/hybrid-epidemic-forecasting/results/partB/forecasts/partB_process_noise_forecast_A4_AR_None.mat,forecast_results,245,246,0.0468081293023821,0.0468081293023821,0.0816235049676637,0.0626993784497242,0.00696659760552491,0.00231050734728099,0,0.0375310243495762,0.0892857142857143,-0.698214285714286,0.716071428571429,0.0329607210656847,1,closed_loop_monte_carlo,ok,ok,-2711.17142351612
process_noise,SIRS with stochastic process noise,SIRS,ssa,0,0,1,A4,Amplifying Resurgence,AR,None,/home/kaahin/degree_project/hybrid-epidemic-forecasting/results/partB/forecasts/partB_process_noise_forecast_A4_AR_None.mat,forecast_results,252,253,0.0711814373685827,0.0711814373685827,0.113387845769187,0.0878337807806747,0.00975930897563052,0.0022745285309739,0,0.0591475998619783,0,-0.7875,0.7875,0.0322051290460922,1,closed_loop_monte_carlo,ok,ok,-2771.55541317716
process_noise,SIRS with stochastic process noise,SIRS,ssa,0,0,1,A4,Amplifying Resurgence,AR,None,/home/kaahin/degree_project/hybrid-epidemic-forecasting/results/partB/forecasts/partB_process_noise_forecast_A4_AR_None.mat,forecast_results,259,260,0.0673638574567072,0.0673638574567072,0.102835619678278,0.0809856516545855,0.00899840573939839,0.00241080803532317,0,0.0559546436819856,0,-0.7875,0.7875,0.0366279399214148,1,closed_loop_monte_carlo,ok,ok,-2814.72266809685
process_noise,SIRS with stochastic process noise,SIRS,ssa,0,0,1,A4,Amplifying Resurgence,AR,None,/home/kaahin/degree_project/hybrid-epidemic-forecasting/results/partB/forecasts/partB_process_noise_forecast_A4_AR_None.mat,forecast_results,266,267,0.0254452096218557,0.0254452096218557,0.059224125212677,0.0469318108797813,0.00521464565330903,0.00346449971811812,0,0.0167660642504285,0.107142857142857,-0.680357142857143,0.7,0.0495624336609515,1,closed_loop_monte_carlo,ok,ok,-2873.91023144479
process_noise,SIRS with stochastic process noise,SIRS,ssa,0,0,1,A4,Amplifying Resurgence,AR,None,/home/kaahin/degree_project/hybrid-epidemic-forecasting/results/partB/forecasts/partB_process_noise_forecast_A4_AR_None.mat,forecast_results,273,274,0.00768956730829272,0.00768956730829272,0.0275594107287847,0.0228347806548599,0.00253719785053999,0.00465936318562921,0,0.000493006272123518,0.75,-0.0375,0.2125,0.0670446752739177,1,closed_loop_monte_carlo,ok,ok,-2950.12078425115
process_noise,SIRS with stochastic process noise,SIRS,ssa,0,0,1,A4,Amplifying Resurgence,AR,None,/home/kaahin/degree_project/hybrid-epidemic-forecasting/results/partB/forecasts/partB_process_noise_forecast_A4_AR_None.mat,forecast_results,280,281,0.00665172792949979,0.00665172792949979,0.0130356287159551,0.00919822891170011,0.00102202543463335,0.00562970249486645,0,0,1,0.2125,0.2125,0.0818661605724258,1,closed_loop_monte_carlo,ok,ok,-3031.3990505293
process_noise,SIRS with stochastic process noise,SIRS,ssa,0,0,1,A4,Amplifying Resurgence,AR,None,/home/kaahin/degree_project/hybrid-epidemic-forecasting/results/partB/forecasts/partB_process_noise_forecast_A4_AR_None.mat,forecast_results,287,288,0.00457565253924377,0.00457565253924377,0.006611295108273,0.00452501066384514,0.00050277896264946,0.00407287357659431,0,0,1,0.2125,0.2125,0.057685801964042,1,closed_loop_monte_carlo,ok,ok,-3115.46392783396
process_noise,SIRS with stochastic process noise,SIRS,ssa,0,0,1,A4,Amplifying Resurgence,AR,None,/home/kaahin/degree_project/hybrid-epidemic-forecasting/results/partB/forecasts/partB_process_noise_forecast_A4_AR_None.mat,forecast_results,294,295,0.00402841854816743,0.00402841854816743,0.00876554884200104,0.00672832576105686,0.00074759175122854,0.00328082679693889,0,0,1,0.2125,0.2125,0.0502659112815263,1,closed_loop_monte_carlo,ok,ok,-3198.67901962895
process_noise,SIRS with stochastic process noise,SIRS,ssa,0,0,1,A4,Amplifying Resurgence,AR,None,/home/kaahin/degree_project/hybrid-epidemic-forecasting/results/partB/forecasts/partB_process_noise_forecast_A4_AR_None.mat,forecast_results,301,302,0.00458627111746573,0.00458627111746573,0.0112812206346101,0.00885434071896404,0.000983815635440449,0.00360245548202528,0,0,1,0.2125,0.2125,0.0517381508190908,1,closed_loop_monte_carlo,ok,ok,-3279.91486036169
process_noise,SIRS with stochastic process noise,SIRS,ssa,0,0,1,A4,Amplifying Resurgence,AR,None,/home/kaahin/degree_project/hybrid-epidemic-forecasting/results/partB/forecasts/partB_process_noise_forecast_A4_AR_None.mat,forecast_results,308,309,0.0026014895534882,0.0026014895534882,0.00288688081333159,0.00240676466615632,0.000267418296239591,0.00233407125724861,0,0,1,0.2125,0.2125,0.0339873760681871,1,closed_loop_monte_carlo,ok,ok,-3362.73662937034
process_noise,SIRS with stochastic process noise,SIRS,ssa,0,0,1,A4,Amplifying Resurgence,AR,None,/home/kaahin/degree_project/hybrid-epidemic-forecasting/results/partB/forecasts/partB_process_noise_forecast_A4_AR_None.mat,forecast_results,315,316,0.00312676062427624,0.00312676062427624,0.00959682827366891,0.00767106475126374,0.000852340527918193,0.00210377802538251,0,0.000170642070975542,0.910714285714286,0.123214285714286,0.2125,0.030268694035052,1,closed_loop_monte_carlo,ok,ok,-3447.78324000999
process_noise,SIRS with stochastic process noise,SIRS,ssa,0,0,1,A4,Amplifying Resurgence,AR,None,/home/kaahin/degree_project/hybrid-epidemic-forecasting/results/partB/forecasts/partB_process_noise_forecast_A4_AR_None.mat,forecast_results,322,323,0.00349571557961579,0.00349571557961579,0.0117512513427132,0.00978746462019217,0.00108749606891024,0.00169420992392489,0,0.000714009586780656,0.75,-0.0375,0.2125,0.0250379009995262,1,closed_loop_monte_carlo,ok,ok,-3531.08639342923
process_noise,SIRS with stochastic process noise,SIRS,ssa,0,0,1,A4,Amplifying Resurgence,AR,None,/home/kaahin/degree_project/hybrid-epidemic-forecasting/results/partB/forecasts/partB_process_noise_forecast_A4_AR_None.mat,forecast_results,329,330,0.00181190487862095,0.00181190487862095,0.00316486652629167,0.00212563593195442,0.000236181770217158,0.00157572310840379,0,0,1,0.2125,0.2125,0.0231220823947194,1,closed_loop_monte_carlo,ok,ok,-3613.12267535763
process_noise,SIRS with stochastic process noise,SIRS,ssa,0,0,1,A4,Amplifying Resurgence,AR,None,/home/kaahin/degree_project/hybrid-epidemic-forecasting/results/partB/forecasts/partB_process_noise_forecast_A4_AR_None.mat,forecast_results,336,337,0.00797605335945245,0.00797605335945245,0.0221277378259539,0.0158849738103106,0.00176499709003451,0.0015261125313738,0.00468494373804414,0,0.428571428571429,-0.358928571428571,0.492857142857143,0.0220548921352758,1,closed_loop_monte_carlo,ok,ok,-3697.16448727775
process_noise,SIRS with stochastic process noise,SIRS,ssa,0,0,1,A4,Amplifying Resurgence,AR,None,/home/kaahin/degree_project/hybrid-epidemic-forecasting/results/partB/forecasts/partB_process_noise_forecast_A4_AR_None.mat,forecast_results,343,344,0.0193027964739495,0.0193027964739495,0.0363948333232448,0.027120845582561,0.00301342728695122,0.0016411292092489,0.0146482399777494,0,0.0892857142857143,-0.698214285714286,0.714285714285714,0.0254967478253608,1,closed_loop_monte_carlo,ok,ok,-3779.28952864839
process_noise,SIRS with stochastic process noise,SIRS,ssa,0,0,1,A4,Amplifying Resurgence,AR,None,/home/kaahin/degree_project/hybrid-epidemic-forecasting/results/partB/forecasts/partB_process_noise_forecast_A4_AR_None.mat,forecast_results,350,351,0.0260080856704657,0.0260080856704657,0.0455673018375633,0.0347565352003725,0.00386183724448584,0.00146931150594035,0.0206769369200395,0,0.0535714285714286,-0.733928571428571,0.746428571428572,0.0229048075696185,1,closed_loop_monte_carlo,ok,ok,-3854.77760308365
process_noise,SIRS with stochastic process noise,SIRS,ssa,0,0,1,A4,Amplifying Resurgence,ARX,I,/home/kaahin/degree_project/hybrid-epidemic-forecasting/results/partB/forecasts/partB_process_noise_forecast_A4_ARX_I.mat,forecast_results,49,50,0.0376884817115323,0.0376884817115323,0.0586219943381076,0.0419360482772095,0.00465956091968994,0.000691525923216759,0.0323373948686257,0,0,-0.7875,0.7875,0.0102129416925889,1,closed_loop_monte_carlo,ok,ok,-705.285746904567
process_noise,SIRS with stochastic process noise,SIRS,ssa,0,0,1,A4,Amplifying Resurgence,ARX,I,/home/kaahin/degree_project/hybrid-epidemic-forecasting/results/partB/forecasts/partB_process_noise_forecast_A4_ARX_I.mat,forecast_results,56,57,0.025301009712275,0.025301009712275,0.0416240908934419,0.031454996950522,0.00349499966116911,0.00125661563088634,0.0205493944202196,0,0,-0.7875,0.7875,0.0166305779027216,1,closed_loop_monte_carlo,ok,ok,-774.213551624025
process_noise,SIRS with stochastic process noise,SIRS,ssa,0,0,1,A4,Amplifying Resurgence,ARX,I,/home/kaahin/degree_project/hybrid-epidemic-forecasting/results/partB/forecasts/partB_process_noise_forecast_A4_ARX_I.mat,forecast_results,63,64,0.00986049964488026,0.00986049964488026,0.0192143338180495,0.0155221253758563,0.00172468059731737,0.00116960208274409,0.0069662169648188,0,0,-0.7875,0.7875,0.0164359526296722,1,closed_loop_monte_carlo,ok,ok,-860.518987444982
process_noise,SIRS with stochastic process noise,SIRS,ssa,0,0,1,A4,Amplifying Resurgence,ARX,I,/home/kaahin/degree_project/hybrid-epidemic-forecasting/results/partB/forecasts/partB_process_noise_forecast_A4_ARX_I.mat,forecast_results,70,71,0.00322780604083889,0.00322780604083889,0.0105047813118212,0.00670001784163535,0.000744446426848372,0.000971739094507002,0,0.00151162051948351,0.767857142857143,-0.0196428571428571,0.3,0.0148273128314949,1,closed_loop_monte_carlo,ok,ok,-959.782296672597
process_noise,SIRS with stochastic process noise,SIRS,ssa,0,0,1,A4,Amplifying Resurgence,ARX,I,/home/kaahin/degree_project/hybrid-epidemic-forecasting/results/partB/forecasts/partB_process_noise_forecast_A4_ARX_I.mat,forecast_results,77,78,0.0215511684338789,0.0215511684338789,0.0356691614841706,0.0265581982221398,0.00295091091357109,0.000947085865994396,0,0.0176531716543134,0.0714285714285714,-0.716071428571429,0.730357142857143,0.0133611921968092,1,closed_loop_monte_carlo,ok,ok,-1060.81344292828
process_noise,SIRS with stochastic process noise,SIRS,ssa,0,0,1,A4,Amplifying Resurgence,ARX,I,/home/kaahin/degree_project/hybrid-epidemic-forecasting/results/partB/forecasts/partB_process_noise_forecast_A4_ARX_I.mat,forecast_results,84,85,0.0411544436884916,0.0411544436884916,0.0582188141466107,0.0446790910300299,0.00496434344778111,0.000680271840349317,0,0.0355098284003612,0,-0.7875,0.7875,0.0101848797613815,1,closed_loop_monte_carlo,ok,ok,-1139.57526709814
process_noise,SIRS with stochastic process noise,SIRS,ssa,0,0,1,A4,Amplifying Resurgence,ARX,I,/home/kaahin/degree_project/hybrid-epidemic-forecasting/results/partB/forecasts/partB_process_noise_forecast_A4_ARX_I.mat,forecast_results,91,92,0.0440862048963354,0.0440862048963354,0.0634687680195003,0.0485311000259883,0.00539234444733204,0.00090576809254953,0,0.0377880923564539,0,-0.7875,0.7875,0.012154546580903,1,closed_loop_monte_carlo,ok,ok,-1189.36205633442
process_noise,SIRS with stochastic process noise,SIRS,ssa,0,0,1,A4,Amplifying Resurgence,ARX,I,/home/kaahin/degree_project/hybrid-epidemic-forecasting/results/partB/forecasts/partB_process_noise_forecast_A4_ARX_I.mat,forecast_results,98,99,0.0580663120246823,0.0580663120246823,0.0856800658996191,0.0660369419931138,0.00733743799923487,0.00111373217327469,0,0.0496151418521727,0,-0.7875,0.7875,0.0164866920977944,1,closed_loop_monte_carlo,ok,ok,-1229.04675849346
process_noise,SIRS with stochastic process noise,SIRS,ssa,0,0,1,A4,Amplifying Resurgence,ARX,I,/home/kaahin/degree_project/hybrid-epidemic-forecasting/results/partB/forecasts/partB_process_noise_forecast_A4_ARX_I.mat,forecast_results,105,106,0.0755711737539764,0.0755711737539764,0.108748078015243,0.0845325937578137,0.00939251041753486,0.00129994536027787,0,0.0648787179761637,0,-0.7875,0.7875,0.018930537429498,1,closed_loop_monte_carlo,ok,ok,-1238.00156136457
process_noise,SIRS with stochastic process noise,SIRS,ssa,0,0,1,A4,Amplifying Resurgence,ARX,I,/home/kaahin/degree_project/hybrid-epidemic-forecasting/results/partB/forecasts/partB_process_noise_forecast_A4_ARX_I.mat,forecast_results,112,113,0.0659463714579237,0.0659463714579237,0.104300406799369,0.0814063875104124,0.0090451541678236,0.00226326088705,0,0.0546379564030501,0,-0.7875,0.7875,0.0309640277259951,1,closed_loop_monte_carlo,ok,ok,-1255.06600125838
process_noise,SIRS with stochastic process noise,SIRS,ssa,0,0,1,A4,Amplifying Resurgence,ARX,I,/home/kaahin/degree_project/hybrid-epidemic-forecasting/results/partB/forecasts/partB_process_noise_forecast_A4_ARX_I.mat,forecast_results,119,120,0.0196962316599105,0.0196962316599105,0.0462064371562614,0.0376390578334322,0.00418211753704802,0.00290664303959495,0,0.0126074710832676,0.142857142857143,-0.644642857142857,0.667857142857143,0.0407529594634124,1,closed_loop_monte_carlo,ok,ok,-1307.96465218364
process_noise,SIRS with stochastic process noise,SIRS,ssa,0,0,1,A4,Amplifying Resurgence,ARX,I,/home/kaahin/degree_project/hybrid-epidemic-forecasting/results/partB/forecasts/partB_process_noise_forecast_A4_ARX_I.mat,forecast_results,126,127,0.00931553643113101,0.00931553643113101,0.0335825078453532,0.0226284004771281,0.0025142667196809,0.00330066090689594,0.00350060880455416,0,0.732142857142857,-0.0553571428571429,0.314285714285714,0.0451361904131395,1,closed_loop_monte_carlo,ok,ok,-1387.87983343924
process_noise,SIRS with stochastic process noise,SIRS,ssa,0,0,1,A4,Amplifying Resurgence,ARX,I,/home/kaahin/degree_project/hybrid-epidemic-forecasting/results/partB/forecasts/partB_process_noise_forecast_A4_ARX_I.mat,forecast_results,133,134,0.0335658869973179,0.0335658869973179,0.0660687851375212,0.0497330361545862,0.00552589290606514,0.00426071054688192,0.0237792835443709,0,0.232142857142857,-0.555357142857143,0.614285714285714,0.0618129741327331,1,closed_loop_monte_carlo,ok,ok,-1471.23525962975
process_noise,SIRS with stochastic process noise,SIRS,ssa,0,0,1,A4,Amplifying Resurgence,ARX,I,/home/kaahin/degree_project/hybrid-epidemic-forecasting/results/partB/forecasts/partB_process_noise_forecast_A4_ARX_I.mat,forecast_results,140,141,0.0297493180391352,0.0297493180391352,0.0633794885854544,0.0482210457298269,0.00535789396998077,0.00365996097415942,0.020731463094995,0,0.142857142857143,-0.644642857142857,0.667857142857143,0.0529504361633645,1,closed_loop_monte_carlo,ok,ok,-1552.28596753495
process_noise,SIRS with stochastic process noise,SIRS,ssa,0,0,1,A4,Amplifying Resurgence,ARX,I,/home/kaahin/degree_project/hybrid-epidemic-forecasting/results/partB/forecasts/partB_process_noise_forecast_A4_ARX_I.mat,forecast_results,147,148,0.0122803324388063,0.0122803324388063,0.0346935368787033,0.0273896201971694,0.00304329113301883,0.00372477521623611,0.00551226608955136,0,0.517857142857143,-0.269642857142857,0.405357142857143,0.0527639028354246,1,closed_loop_monte_carlo,ok,ok,-1633.61174247474
process_noise,SIRS with stochastic process noise,SIRS,ssa,0,0,1,A4,Amplifying Resurgence,ARX,I,/home/kaahin/degree_project/hybrid-epidemic-forecasting/results/partB/forecasts/partB_process_noise_forecast_A4_ARX_I.mat,forecast_results,154,155,0.00389045661392421,0.00389045661392421,0.0112980155222707,0.00751589973989859,0.000835099971099843,0.00305535664282436,0,0,1,0.2125,0.2125,0.04239569711946,1,closed_loop_monte_carlo,ok,ok,-1717.27259716793
process_noise,SIRS with stochastic process noise,SIRS,ssa,0,0,1,A4,Amplifying Resurgence,ARX,I,/home/kaahin/degree_project/hybrid-epidemic-forecasting/results/partB/forecasts/partB_process_noise_forecast_A4_ARX_I.mat,forecast_results,161,162,0.0152700548258101,0.0152700548258101,0.0370971836472571,0.0280732913270735,0.00311925459189706,0.00220937860750176,0,0.00994142162641127,0.392857142857143,-0.394642857142857,0.498214285714286,0.0310568574370187,1,closed_loop_monte_carlo,ok,ok,-1802.33494512894
process_noise,SIRS with stochastic process noise,SIRS,ssa,0,0,1,A4,Amplifying Resurgence,ARX,I,/home/kaahin/degree_project/hybrid-epidemic-forecasting/results/partB/forecasts/partB_process_noise_forecast_A4_ARX_I.mat,forecast_results,168,169,0.0298201708697745,0.0298201708697745,0.0589774070569734,0.044158656366498,0.00490651737405534,0.00229856325634459,0,0.0226150902393745,0.214285714285714,-0.573214285714286,0.617857142857143,0.0318610174529966,1,closed_loop_monte_carlo,ok,ok,-1885.81871409217
process_noise,SIRS with stochastic process noise,SIRS,ssa,0,0,1,A4,Amplifying Resurgence,ARX,I,/home/kaahin/degree_project/hybrid-epidemic-forecasting/results/partB/forecasts/partB_process_noise_forecast_A4_ARX_I.mat,forecast_results,175,176,0.0481993208233601,0.0481993208233601,0.0781138934078717,0.05989300602457,0.00665477844717444,0.00207434187127917,0,0.0394702005049065,0.0714285714285714,-0.716071428571429,0.730357142857143,0.0286457250430598,1,closed_loop_monte_carlo,ok,ok,-1962.475778283
process_noise,SIRS with stochastic process noise,SIRS,ssa,0,0,1,A4,Amplifying Resurgence,ARX,I,/home/kaahin/degree_project/hybrid-epidemic-forecasting/results/partB/forecasts/partB_process_noise_forecast_A4_ARX_I.mat,forecast_results,182,183,0.0385970555660732,0.0385970555660732,0.0721672183231644,0.0564960310616776,0.00627733678463085,0.002489061539212,0,0.0298306572422304,0.0357142857142857,-0.751785714285714,0.757142857142857,0.035878220523506,1,closed_loop_monte_carlo,ok,ok,-2027.88199282386
process_noise,SIRS with stochastic process noise,SIRS,ssa,0,0,1,A4,Amplifying Resurgence,ARX,I,/home/kaahin/degree_project/hybrid-epidemic-forecasting/results/partB/forecasts/partB_process_noise_forecast_A4_ARX_I.mat,forecast_results,189,190,0.00411691148680111,0.00411691148680111,0.0100944230562413,0.00889015820776843,0.000987795356418715,0.0029350488561335,0,0.000194067274248898,0.892857142857143,0.105357142857143,0.2125,0.0442360470978528,1,closed_loop_monte_carlo,ok,ok,-2098.95422424658
process_noise,SIRS with stochastic process noise,SIRS,ssa,0,0,1,A4,Amplifying Resurgence,ARX,I,/home/kaahin/degree_project/hybrid-epidemic-forecasting/results/partB/forecasts/partB_process_noise_forecast_A4_ARX_I.mat,forecast_results,196,197,0.0323765288752284,0.0323765288752284,0.0808119121908631,0.0569955552986535,0.00633283947762817,0.0042078451508087,0.0218358442467916,0,0.303571428571429,-0.483928571428571,0.560714285714286,0.0622688109559614,1,closed_loop_monte_carlo,ok,ok,-2182.56211531866
process_noise,SIRS with stochastic process noise,SIRS,ssa,0,0,1,A4,Amplifying Resurgence,ARX,I,/home/kaahin/degree_project/hybrid-epidemic-forecasting/results/partB/forecasts/partB_process_noise_forecast_A4_ARX_I.mat,forecast_results,203,204,0.0864877498772989,0.0864877498772989,0.146529827816637,0.106477891062247,0.0118308767846941,0.00452387263124345,0.0701330004613613,0,0.0535714285714286,-0.733928571428571,0.746428571428572,0.0651531251905748,1,closed_loop_monte_carlo,ok,ok,-2262.16547601263
process_noise,SIRS with stochastic process noise,SIRS,ssa,0,0,1,A4,Amplifying Resurgence,ARX,I,/home/kaahin/degree_project/hybrid-epidemic-forecasting/results/partB/forecasts/partB_process_noise_forecast_A4_ARX_I.mat,forecast_results,210,211,0.114639057608173,0.114639057608173,0.182486717325155,0.13331557135858,0.0148128412620645,0.00419560259489303,0.0956306137512154,0,0.0357142857142857,-0.751785714285714,0.757142857142857,0.0675067549071765,1,closed_loop_monte_carlo,ok,ok,-2333.6546357981
process_noise,SIRS with stochastic process noise,SIRS,ssa,0,0,1,A4,Amplifying Resurgence,ARX,I,/home/kaahin/degree_project/hybrid-epidemic-forecasting/results/partB/forecasts/partB_process_noise_forecast_A4_ARX_I.mat,forecast_results,217,218,0.115928646633097,0.115928646633097,0.191358359375102,0.142390096289747,0.0158211218099718,0.00486016818474851,0.0952473566383763,0,0.0178571428571429,-0.769642857142857,0.771428571428572,0.069099044210284,1,closed_loop_monte_carlo,ok,ok,-2399.35287610283
process_noise,SIRS with stochastic process noise,SIRS,ssa,0,0,1,A4,Amplifying Resurgence,ARX,I,/home/kaahin/degree_project/hybrid-epidemic-forecasting/results/partB/forecasts/partB_process_noise_forecast_A4_ARX_I.mat,forecast_results,224,225,0.0725902450720817,0.0725902450720817,0.120181655026205,0.092658750356651,0.0102954167062946,0.00328125409236373,0.0590135742734234,0,0.0357142857142857,-0.751785714285714,0.757142857142857,0.0492884949770164,1,closed_loop_monte_carlo,ok,ok,-2466.07277949609
process_noise,SIRS with stochastic process noise,SIRS,ssa,0,0,1,A4,Amplifying Resurgence,ARX,I,/home/kaahin/degree_project/hybrid-epidemic-forecasting/results/partB/forecasts/partB_process_noise_forecast_A4_ARX_I.mat,forecast_results,231,232,0.00707802208598725,0.00707802208598725,0.0228610206046104,0.0185881121616734,0.00206534579574149,0.00247961014156344,0.00253306614868231,0,0.571428571428571,-0.216071428571429,0.319642857142857,0.0384285574099452,1,closed_loop_monte_carlo,ok,ok,-2542.55829406105
process_noise,SIRS with stochastic process noise,SIRS,ssa,0,0,1,A4,Amplifying Resurgence,ARX,I,/home/kaahin/degree_project/hybrid-epidemic-forecasting/results/partB/forecasts/partB_process_noise_forecast_A4_ARX_I.mat,forecast_results,238,239,0.0078878167169638,0.0078878167169638,0.0268900649265406,0.0192077701654154,0.00213419668504616,0.00238017037366381,0,0.00337344965825383,0.696428571428571,-0.0910714285714286,0.319642857142857,0.0340876185022058,1,closed_loop_monte_carlo,ok,ok,-2625.57314198
process_noise,SIRS with stochastic process noise,SIRS,ssa,0,0,1,A4,Amplifying Resurgence,ARX,I,/home/kaahin/degree_project/hybrid-epidemic-forecasting/results/partB/forecasts/partB_process_noise_forecast_A4_ARX_I.mat,forecast_results,245,246,0.0411592854624368,0.0411592854624368,0.0714745664450399,0.0545228255446035,0.00605809172717817,0.00207107688902168,0,0.033030116846237,0.125,-0.6625,0.685714285714286,0.0296778491632949,1,closed_loop_monte_carlo,ok,ok,-2707.79952824023
process_noise,SIRS with stochastic process noise,SIRS,ssa,0,0,1,A4,Amplifying Resurgence,ARX,I,/home/kaahin/degree_project/hybrid-epidemic-forecasting/results/partB/forecasts/partB_process_noise_forecast_A4_ARX_I.mat,forecast_results,252,253,0.0619551806107536,0.0619551806107536,0.0993096857728135,0.0769090408449331,0.00854544898277034,0.00224569563616068,0,0.0511640359918226,0,-0.7875,0.7875,0.0326844939668815,1,closed_loop_monte_carlo,ok,ok,-2774.24607204872
process_noise,SIRS with stochastic process noise,SIRS,ssa,0,0,1,A4,Amplifying Resurgence,ARX,I,/home/kaahin/degree_project/hybrid-epidemic-forecasting/results/partB/forecasts/partB_process_noise_forecast_A4_ARX_I.mat,forecast_results,259,260,0.0509093690804304,0.0509093690804304,0.0842892192494272,0.0661090506310615,0.00734545007011795,0.00286168191400903,0,0.0407022370963035,0,-0.7875,0.7875,0.0430900724300773,1,closed_loop_monte_carlo,ok,ok,-2826.08874831323
process_noise,SIRS with stochastic process noise,SIRS,ssa,0,0,1,A4,Amplifying Resurgence,ARX,I,/home/kaahin/degree_project/hybrid-epidemic-forecasting/results/partB/forecasts/partB_process_noise_forecast_A4_ARX_I.mat,forecast_results,266,267,0.00838253329671669,0.00838253329671669,0.0280432541311227,0.0230825446740979,0.00256472718601088,0.00367584346638404,0,0.00214196264432178,0.607142857142857,-0.180357142857143,0.301785714285714,0.0511732073833615,1,closed_loop_monte_carlo,ok,ok,-2893.21140099446
process_noise,SIRS with stochastic process noise,SIRS,ssa,0,0,1,A4,Amplifying Resurgence,ARX,I,/home/kaahin/degree_project/hybrid-epidemic-forecasting/results/partB/forecasts/partB_process_noise_forecast_A4_ARX_I.mat,forecast_results,273,274,0.00633171769210923,0.00633171769210923,0.0193076395297365,0.0140673768293608,0.00156304186992897,0.0043110360600827,0.00045763976209756,0,0.928571428571429,0.141071428571429,0.2125,0.0640073103793193,1,closed_loop_monte_carlo,ok,ok,-2974.69868079364
process_noise,SIRS with stochastic process noise,SIRS,ssa,0,0,1,A4,Amplifying Resurgence,ARX,I,/home/kaahin/degree_project/hybrid-epidemic-forecasting/results/partB/forecasts/partB_process_noise_forecast_A4_ARX_I.mat,forecast_results,280,281,0.00689959144140978,0.00689959144140978,0.0215019486495943,0.0152285261637059,0.00169205846263399,0.00476729587019541,0.000440237108580385,0,0.928571428571429,0.141071428571429,0.2125,0.0681736377896179,1,closed_loop_monte_carlo,ok,ok,-3057.75547345564
process_noise,SIRS with stochastic process noise,SIRS,ssa,0,0,1,A4,Amplifying Resurgence,ARX,I,/home/kaahin/degree_project/hybrid-epidemic-forecasting/results/partB/forecasts/partB_process_noise_forecast_A4_ARX_I.mat,forecast_results,287,288,0.00887806199868404,0.00887806199868404,0.0321904978568202,0.0249554145314399,0.00277282383682666,0.00446126610895718,0.0016439720529002,0,0.803571428571429,0.0160714285714286,0.223214285714286,0.0648143914507231,1,closed_loop_monte_carlo,ok,ok,-3140.52624563502
process_noise,SIRS with stochastic process noise,SIRS,ssa,0,0,1,A4,Amplifying Resurgence,ARX,I,/home/kaahin/degree_project/hybrid-epidemic-forecasting/results/partB/forecasts/partB_process_noise_forecast_A4_ARX_I.mat,forecast_results,294,295,0.0052828947386572,0.0052828947386572,0.016113605198551,0.0128043404318162,0.00142270449242403,0.00383432632308554,2.58639231476288e-05,0,0.982142857142857,0.194642857142857,0.2125,0.0581854244241279,1,closed_loop_monte_carlo,ok,ok,-3223.5721766885
process_noise,SIRS with stochastic process noise,SIRS,ssa,0,0,1,A4,Amplifying Resurgence,ARX,I,/home/kaahin/degree_project/hybrid-epidemic-forecasting/results/partB/forecasts/partB_process_noise_forecast_A4_ARX_I.mat,forecast_results,301,302,0.00470213200288977,0.00470213200288977,0.0124259611132495,0.00996082124433113,0.00110675791603679,0.00308235411545857,0.000513019971394407,0,0.875,0.0875,0.2125,0.0474441991351053,1,closed_loop_monte_carlo,ok,ok,-3306.86793674612
process_noise,SIRS with stochastic process noise,SIRS,ssa,0,0,1,A4,Amplifying Resurgence,ARX,I,/home/kaahin/degree_project/hybrid-epidemic-forecasting/results/partB/forecasts/partB_process_noise_forecast_A4_ARX_I.mat,forecast_results,308,309,0.00338034654027898,0.00338034654027898,0.00787395628794419,0.00634050713220827,0.000704500792467586,0.00267584574781139,0,0,1,0.2125,0.2125,0.0385017029120766,1,closed_loop_monte_carlo,ok,ok,-3390.34861608717
process_noise,SIRS with stochastic process noise,SIRS,ssa,0,0,1,A4,Amplifying Resurgence,ARX,I,/home/kaahin/degree_project/hybrid-epidemic-forecasting/results/partB/forecasts/partB_process_noise_forecast_A4_ARX_I.mat,forecast_results,315,316,0.00204217876613267,0.00204217876613267,0.00169254158790631,0.00120490824118838,0.000133878693465376,0.00190776245206157,0,5.37620605720002e-07,0.982142857142857,0.194642857142857,0.2125,0.0275231716645067,1,closed_loop_monte_carlo,ok,ok,-3474.23453142124
process_noise,SIRS with stochastic process noise,SIRS,ssa,0,0,1,A4,Amplifying Resurgence,ARX,I,/home/kaahin/degree_project/hybrid-epidemic-forecasting/results/partB/forecasts/partB_process_noise_forecast_A4_ARX_I.mat,forecast_results,322,323,0.00186271624810976,0.00186271624810976,0.00153010751801099,0.00132832642357692,0.00014759182484188,0.00171512442326788,0,0,1,0.2125,0.2125,0.02410888702025,1,closed_loop_monte_carlo,ok,ok,-3558.48668117432
process_noise,SIRS with stochastic process noise,SIRS,ssa,0,0,1,A4,Amplifying Resurgence,ARX,I,/home/kaahin/degree_project/hybrid-epidemic-forecasting/results/partB/forecasts/partB_process_noise_forecast_A4_ARX_I.mat,forecast_results,329,330,0.00454018316753746,0.00454018316753746,0.0147524195630922,0.0103328713934022,0.00114809682148913,0.0014939622427366,0.00189812410331173,0,0.678571428571429,-0.108928571428571,0.330357142857143,0.0217271613179986,1,closed_loop_monte_carlo,ok,ok,-3642.88390184864
process_noise,SIRS with stochastic process noise,SIRS,ssa,0,0,1,A4,Amplifying Resurgence,ARX,I,/home/kaahin/degree_project/hybrid-epidemic-forecasting/results/partB/forecasts/partB_process_noise_forecast_A4_ARX_I.mat,forecast_results,336,337,0.0158481157785619,0.0158481157785619,0.0316828038664502,0.023435810805241,0.00260397897836012,0.00165425079339796,0.0115898860068038,0,0.267857142857143,-0.519642857142857,0.576785714285714,0.0234258081498824,1,closed_loop_monte_carlo,ok,ok,-3726.30268991626
process_noise,SIRS with stochastic process noise,SIRS,ssa,0,0,1,A4,Amplifying Resurgence,ARX,I,/home/kaahin/degree_project/hybrid-epidemic-forecasting/results/partB/forecasts/partB_process_noise_forecast_A4_ARX_I.mat,forecast_results,343,344,0.0279598941115361,0.0279598941115361,0.0483792370717098,0.0363378822386645,0.00403754247096272,0.00177932349412876,0.0221430281464446,0,0.0357142857142857,-0.751785714285714,0.757142857142857,0.0240894735665,1,closed_loop_monte_carlo,ok,ok,-3803.294433658
process_noise,SIRS with stochastic process noise,SIRS,ssa,0,0,1,A4,Amplifying Resurgence,ARX,I,/home/kaahin/degree_project/hybrid-epidemic-forecasting/results/partB/forecasts/partB_process_noise_forecast_A4_ARX_I.mat,forecast_results,350,351,0.032792909391591,0.032792909391591,0.0557014841319112,0.0424798049989525,0.00471997833321695,0.00174225458327873,0.0263306764750953,0,0.0357142857142857,-0.751785714285714,0.757142857142857,0.0244137984641575,1,closed_loop_monte_carlo,ok,ok,-3871.85629303817
structural_mismatch,SEIR structural mismatch,SEIR,uds,1,0,0,A1,Seasonal Forcing,AR,None,/home/kaahin/degree_project/hybrid-epidemic-forecasting/results/partB/forecasts/partB_structural_mismatch_forecast_A1_AR_None.mat,forecast_results,49,50,0.0074334808914287,0.0074334808914287,0.0102079608147205,0.00791021499908183,0.000878912777675759,0.000119140673877362,0.00643542743987557,0,0,-0.7875,0.7875,0.00183143092511111,1,closed_loop_monte_carlo,ok,ok,-764.41977257406
structural_mismatch,SEIR structural mismatch,SEIR,uds,1,0,0,A1,Seasonal Forcing,AR,None,/home/kaahin/degree_project/hybrid-epidemic-forecasting/results/partB/forecasts/partB_structural_mismatch_forecast_A1_AR_None.mat,forecast_results,56,57,0.00775408881106384,0.00775408881106384,0.0107546071285218,0.00835927126508029,0.000928807918342255,0.000142510376804084,0.0066827705159175,0,0,-0.7875,0.7875,0.00197154895421152,1,closed_loop_monte_carlo,ok,ok,-856.781829497351
structural_mismatch,SEIR structural mismatch,SEIR,uds,1,0,0,A1,Seasonal Forcing,AR,None,/home/kaahin/degree_project/hybrid-epidemic-forecasting/results/partB/forecasts/partB_structural_mismatch_forecast_A1_AR_None.mat,forecast_results,63,64,0.00729688257140876,0.00729688257140876,0.0100407087502883,0.00782280563655938,0.000869200626284376,0.000118709606183788,0.0063089723389406,0,0,-0.7875,0.7875,0.00167623603923494,1,closed_loop_monte_carlo,ok,ok,-954.354337721345
structural_mismatch,SEIR structural mismatch,SEIR,uds,1,0,0,A1,Seasonal Forcing,AR,None,/home/kaahin/degree_project/hybrid-epidemic-forecasting/results/partB/forecasts/partB_structural_mismatch_forecast_A1_AR_None.mat,forecast_results,70,71,0.0061232513865653,0.0061232513865653,0.00830150921276924,0.00649211198698739,0.000721345776331932,0.000111306508543266,0.00529059910169011,0,0,-0.7875,0.7875,0.00164335122236276,1,closed_loop_monte_carlo,ok,ok,-1057.84614908804
structural_mismatch,SEIR structural mismatch,SEIR,uds,1,0,0,A1,Seasonal Forcing,AR,None,/home/kaahin/degree_project/hybrid-epidemic-forecasting/results/partB/forecasts/partB_structural_mismatch_forecast_A1_AR_None.mat,forecast_results,77,78,0.00447854778072487,0.00447854778072487,0.00624111609854332,0.00494043073984022,0.000548936748871135,8.35862378595797e-05,0.00384602479399415,0,0,-0.7875,0.7875,0.00117676648540064,1,closed_loop_monte_carlo,ok,ok,-1168.87680930209
structural_mismatch,SEIR structural mismatch,SEIR,uds,1,0,0,A1,Seasonal Forcing,AR,None,/home/kaahin/degree_project/hybrid-epidemic-forecasting/results/partB/forecasts/partB_structural_mismatch_forecast_A1_AR_None.mat,forecast_results,84,85,0.00220791572258403,0.00220791572258403,0.00321673681138176,0.00260745589873279,0.000289717322081421,6.89804871590137e-05,0.0018492179133436,0,0,-0.7875,0.7875,0.0010452278382495,1,closed_loop_monte_carlo,ok,ok,-1289.84920261125
structural_mismatch,SEIR structural mismatch,SEIR,uds,1,0,0,A1,Seasonal Forcing,AR,None,/home/kaahin/degree_project/hybrid-epidemic-forecasting/results/partB/forecasts/partB_structural_mismatch_forecast_A1_AR_None.mat,forecast_results,91,92,0.000130330966615367,0.000130330966615367,0.000330853631497149,0.000267248726277782,2.96943029197535e-05,9.40104519218374e-05,6.54732146242683e-06,7.88903113488117e-08,0.732142857142857,-0.0553571428571429,0.289285714285714,0.00133363851346866,1,closed_loop_monte_carlo,ok,ok,-1423.67951195298
structural_mismatch,SEIR structural mismatch,SEIR,uds,1,0,0,A1,Seasonal Forcing,AR,None,/home/kaahin/degree_project/hybrid-epidemic-forecasting/results/partB/forecasts/partB_structural_mismatch_forecast_A1_AR_None.mat,forecast_results,98,99,0.00196029165625983,0.00196029165625983,0.00339232675088028,0.00247351024897221,0.000274834472108024,8.88151918381478e-05,0,0.00159664199231366,0.196428571428571,-0.591071428571429,0.644642857142857,0.00127772637766492,1,closed_loop_monte_carlo,ok,ok,-1572.20906545444
structural_mismatch,SEIR structural mismatch,SEIR,uds,1,0,0,A1,Seasonal Forcing,AR,None,/home/kaahin/degree_project/hybrid-epidemic-forecasting/results/partB/forecasts/partB_structural_mismatch_forecast_A1_AR_None.mat,forecast_results,105,106,0.00444810284283714,0.00444810284283714,0.00698806816901567,0.00527334476661553,0.000585927196290614,0.000102754981489531,0,0.00375942066505699,0.0178571428571429,-0.769642857142857,0.771428571428572,0.00161246464753752,1,closed_loop_monte_carlo,ok,ok,-1728.62760796304
structural_mismatch,SEIR structural mismatch,SEIR,uds,1,0,0,A1,Seasonal Forcing,AR,None,/home/kaahin/degree_project/hybrid-epidemic-forecasting/results/partB/forecasts/partB_structural_mismatch_forecast_A1_AR_None.mat,forecast_results,112,113,0.00668387032047301,0.00668387032047301,0.010024105283841,0.00764079982992029,0.000848977758880032,0.000146852925551207,0,0.00568803963604177,0,-0.7875,0.7875,0.00211095161883187,1,closed_loop_monte_carlo,ok,ok,-1861.01522493948
structural_mismatch,SEIR structural mismatch,SEIR,uds,1,0,0,A1,Seasonal Forcing,AR,None,/home/kaahin/degree_project/hybrid-epidemic-forecasting/results/partB/forecasts/partB_structural_mismatch_forecast_A1_AR_None.mat,forecast_results,119,120,0.0086718793787417,0.0086718793787417,0.0127329233214982,0.00977268412283328,0.00108585379142592,0.000179480023459545,0,0.00740654556385624,0,-0.7875,0.7875,0.00251980346720094,1,closed_loop_monte_carlo,ok,ok,-1940.07255709802
structural_mismatch,SEIR structural mismatch,SEIR,uds,1,0,0,A1,Seasonal Forcing,AR,None,/home/kaahin/degree_project/hybrid-epidemic-forecasting/results/partB/forecasts/partB_structural_mismatch_forecast_A1_AR_None.mat,forecast_results,126,127,0.0102153905504325,0.0102153905504325,0.0151128853992598,0.0116802158382608,0.00129780175980676,0.000232901664113159,0,0.00868468712651261,0,-0.7875,0.7875,0.00312192679169175,1,closed_loop_monte_carlo,ok,ok,-1991.19358321661
structural_mismatch,SEIR structural mismatch,SEIR,uds,1,0,0,A1,Seasonal Forcing,AR,None,/home/kaahin/degree_project/hybrid-epidemic-forecasting/results/partB/forecasts/partB_structural_mismatch_forecast_A1_AR_None.mat,forecast_results,133,134,0.010759460432245,0.010759460432245,0.0158417068479521,0.0122981622371968,0.00136646247079965,0.000249718746099066,0,0.00914327921534625,0,-0.7875,0.7875,0.00374426818980457,1,closed_loop_monte_carlo,ok,ok,-2042.33351496902
structural_mismatch,SEIR structural mismatch,SEIR,uds,1,0,0,A1,Seasonal Forcing,AR,None,/home/kaahin/degree_project/hybrid-epidemic-forecasting/results/partB/forecasts/partB_structural_mismatch_forecast_A1_AR_None.mat,forecast_results,140,141,0.0102297699745247,0.0102297699745247,0.0156702494297096,0.0121608321852577,0.00135120357613975,0.000300855910420693,0,0.0085777104879643,0,-0.7875,0.7875,0.00433877753098599,1,closed_loop_monte_carlo,ok,ok,-2103.64907303646
structural_mismatch,SEIR structural mismatch,SEIR,uds,1,0,0,A1,Seasonal Forcing,AR,None,/home/kaahin/degree_project/hybrid-epidemic-forecasting/results/partB/forecasts/partB_structural_mismatch_forecast_A1_AR_None.mat,forecast_results,147,148,0.00880209063165198,0.00880209063165198,0.0141852022612071,0.0110297580991087,0.00122552867767874,0.000338785613758398,0,0.00723777634021484,0,-0.7875,0.7875,0.00499491070712827,1,closed_loop_monte_carlo,ok,ok,-2178.38419222254
structural_mismatch,SEIR structural mismatch,SEIR,uds,1,0,0,A1,Seasonal Forcing,AR,None,/home/kaahin/degree_project/hybrid-epidemic-forecasting/results/partB/forecasts/partB_structural_mismatch_forecast_A1_AR_None.mat,forecast_results,154,155,0.00671936329615657,0.00671936329615657,0.011914779283991,0.00923052415644125,0.00102561379516014,0.000395140011820055,0,0.00529860948917638,0.0535714285714286,-0.733928571428571,0.741071428571429,0.00587177140740711,1,closed_loop_monte_carlo,ok,ok,-2266.84736611755
structural_mismatch,SEIR structural mismatch,SEIR,uds,1,0,0,A1,Seasonal Forcing,AR,None,/home/kaahin/degree_project/hybrid-epidemic-forecasting/results/partB/forecasts/partB_structural_mismatch_forecast_A1_AR_None.mat,forecast_results,161,162,0.00450311896615982,0.00450311896615982,0.00795834792381271,0.00636718502275186,0.000707465002527985,0.000379184777196248,0,0.00341646918643558,0.160714285714286,-0.626785714285714,0.653571428571428,0.00543810785033693,1,closed_loop_monte_carlo,ok,ok,-2366.86005409617
structural_mismatch,SEIR structural mismatch,SEIR,uds,1,0,0,A1,Seasonal Forcing,AR,None,/home/kaahin/degree_project/hybrid-epidemic-forecasting/results/partB/forecasts/partB_structural_mismatch_forecast_A1_AR_None.mat,forecast_results,168,169,0.00279725469772475,0.00279725469772475,0.00660187203377682,0.00519640140166254,0.00057737793351806,0.000364654797447921,0,0.00185522196675877,0.160714285714286,-0.626785714285714,0.667857142857143,0.00519613541011391,1,closed_loop_monte_carlo,ok,ok,-2474.22041675697
structural_mismatch,SEIR structural mismatch,SEIR,uds,1,0,0,A1,Seasonal Forcing,AR,None,/home/kaahin/degree_project/hybrid-epidemic-forecasting/results/partB/forecasts/partB_structural_mismatch_forecast_A1_AR_None.mat,forecast_results,175,176,0.0015736107629274,0.0015736107629274,0.00393725839488729,0.00309731437073108,0.000344146041192342,0.00032466462640892,0,0.000904800095326142,0.267857142857143,-0.519642857142857,0.571428571428571,0.00448825714193477,1,closed_loop_monte_carlo,ok,ok,-2584.30232238705
structural_mismatch,SEIR structural mismatch,SEIR,uds,1,0,0,A1,Seasonal Forcing,AR,None,/home/kaahin/degree_project/hybrid-epidemic-forecasting/results/partB/forecasts/partB_structural_mismatch_forecast_A1_AR_None.mat,forecast_results,182,183,0.00070328812425108,0.00070328812425108,0.00250590387906515,0.00200241102435123,0.000222490113816804,0.000377677586716937,0,0.00010312042371734,0.767857142857143,-0.0196428571428571,0.2125,0.00515331686558214,1,closed_loop_monte_carlo,ok,ok,-2694.23606861574
structural_mismatch,SEIR structural mismatch,SEIR,uds,1,0,0,A1,Seasonal Forcing,AR,None,/home/kaahin/degree_project/hybrid-epidemic-forecasting/results/partB/forecasts/partB_structural_mismatch_forecast_A1_AR_None.mat,forecast_results,189,190,0.000644924162978836,0.000644924162978836,0.00232439874252285,0.00182441644510597,0.000202712938345108,0.000415807494330246,0,2.64037303034819e-05,0.857142857142857,0.0696428571428571,0.2125,0.00565368974153944,1,closed_loop_monte_carlo,ok,ok,-2803.73365569201
structural_mismatch,SEIR structural mismatch,SEIR,uds,1,0,0,A1,Seasonal Forcing,AR,None,/home/kaahin/degree_project/hybrid-epidemic-forecasting/results/partB/forecasts/partB_structural_mismatch_forecast_A1_AR_None.mat,forecast_results,196,197,0.000705349692303746,0.000705349692303746,0.00243184487327765,0.00196808578339548,0.000218676198155054,0.000362356280623803,0,0.000124317213524889,0.857142857142857,0.0696428571428571,0.223214285714286,0.00513378697086228,1,closed_loop_monte_carlo,ok,ok,-2913.79014101312
structural_mismatch,SEIR structural mismatch,SEIR,uds,1,0,0,A1,Seasonal Forcing,AR,None,/home/kaahin/degree_project/hybrid-epidemic-forecasting/results/partB/forecasts/partB_structural_mismatch_forecast_A1_AR_None.mat,forecast_results,203,204,0.000593894339135447,0.000593894339135447,0.00199883394340546,0.00152659327812434,0.000169621475347149,0.000401764466567541,0,2.25083972207576e-05,0.892857142857143,0.105357142857143,0.2125,0.00569762640499846,1,closed_loop_monte_carlo,ok,ok,-3024.87099672813
structural_mismatch,SEIR structural mismatch,SEIR,uds,1,0,0,A1,Seasonal Forcing,AR,None,/home/kaahin/degree_project/hybrid-epidemic-forecasting/results/partB/forecasts/partB_structural_mismatch_forecast_A1_AR_None.mat,forecast_results,210,211,0.000578594212570765,0.000578594212570765,0.00178753830868788,0.0013217314276242,0.0001468590475138,0.000431735165056965,0,0,1,0.2125,0.2125,0.00621713645618219,1,closed_loop_monte_carlo,ok,ok,-3136.21641192859
structural_mismatch,SEIR structural mismatch,SEIR,uds,1,0,0,A1,Seasonal Forcing,AR,None,/home/kaahin/degree_project/hybrid-epidemic-forecasting/results/partB/forecasts/partB_structural_mismatch_forecast_A1_AR_None.mat,forecast_results,217,218,0.000523283860135008,0.000523283860135008,0.000532302414884546,0.000446187976473952,4.95764418304391e-05,0.000473707418304569,0,0,1,0.2125,0.2125,0.00638101610252109,1,closed_loop_monte_carlo,ok,ok,-3246.37884917881
structural_mismatch,SEIR structural mismatch,SEIR,uds,1,0,0,A1,Seasonal Forcing,AR,None,/home/kaahin/degree_project/hybrid-epidemic-forecasting/results/partB/forecasts/partB_structural_mismatch_forecast_A1_AR_None.mat,forecast_results,224,225,0.000572966498209094,0.000572966498209094,0.00103536809726943,0.000869020723915053,9.65578582127837e-05,0.000476408639996311,0,0,1,0.2125,0.2125,0.00678006913059396,1,closed_loop_monte_carlo,ok,ok,-3354.2342683917
structural_mismatch,SEIR structural mismatch,SEIR,uds,1,0,0,A1,Seasonal Forcing,AR,None,/home/kaahin/degree_project/hybrid-epidemic-forecasting/results/partB/forecasts/partB_structural_mismatch_forecast_A1_AR_None.mat,forecast_results,231,232,0.000763240841270689,0.000763240841270689,0.0023312377838923,0.00187972895015343,0.000208858772239269,0.000500555612563291,5.38264564681289e-05,0,0.928571428571429,0.141071428571429,0.2125,0.00716172425961221,1,closed_loop_monte_carlo,ok,ok,-3459.68359649856
structural_mismatch,SEIR structural mismatch,SEIR,uds,1,0,0,A1,Seasonal Forcing,AR,None,/home/kaahin/degree_project/hybrid-epidemic-forecasting/results/partB/forecasts/partB_structural_mismatch_forecast_A1_AR_None.mat,forecast_results,238,239,0.000894156821482523,0.000894156821482523,0.00263711253658699,0.00211383206610977,0.000234870229567753,0.000491336047076571,0.000167950544838199,0,0.857142857142857,0.0696428571428571,0.2125,0.00737228820577424,1,closed_loop_monte_carlo,ok,ok,-3563.70473194582
structural_mismatch,SEIR structural mismatch,SEIR,uds,1,0,0,A1,Seasonal Forcing,AR,None,/home/kaahin/degree_project/hybrid-epidemic-forecasting/results/partB/forecasts/partB_structural_mismatch_forecast_A1_AR_None.mat,forecast_results,245,246,0.000926144105454894,0.000926144105454894,0.00307138876808075,0.00231261416688541,0.000256957129653934,0.000496707557078697,0.000172479418722264,0,0.821428571428571,0.0339285714285714,0.233928571428571,0.00682700100273865,1,closed_loop_monte_carlo,ok,ok,-3667.93443774745
structural_mismatch,SEIR structural mismatch,SEIR,uds,1,0,0,A1,Seasonal Forcing,AR,None,/home/kaahin/degree_project/hybrid-epidemic-forecasting/results/partB/forecasts/partB_structural_mismatch_forecast_A1_AR_None.mat,forecast_results,252,253,0.000840572102326777,0.000840572102326777,0.00267850539419656,0.00200906268029176,0.000223229186699084,0.00048354709786678,0.000133795817760913,0,0.875,0.0875,0.2125,0.00700241816687695,1,closed_loop_monte_carlo,ok,ok,-3774.14223972939
structural_mismatch,SEIR structural mismatch,SEIR,uds,1,0,0,A1,Seasonal Forcing,AR,None,/home/kaahin/degree_project/hybrid-epidemic-forecasting/results/partB/forecasts/partB_structural_mismatch_forecast_A1_AR_None.mat,forecast_results,259,260,0.000617951046419837,0.000617951046419837,0.0016645982701248,0.00118252799900793,0.00013139199988977,0.000486559046530068,0,0,1,0.2125,0.2125,0.00689451499587335,1,closed_loop_monte_carlo,ok,ok,-3883.78829335533
structural_mismatch,SEIR structural mismatch,SEIR,uds,1,0,0,A1,Seasonal Forcing,AR,None,/home/kaahin/degree_project/hybrid-epidemic-forecasting/results/partB/forecasts/partB_structural_mismatch_forecast_A1_AR_None.mat,forecast_results,266,267,0.000431020949056282,0.000431020949056282,0.000372406892862663,0.000316400538293975,3.51556153659973e-05,0.000395865333690285,0,0,1,0.2125,0.2125,0.00541587858315215,1,closed_loop_monte_carlo,ok,ok,-3997.63732715145
structural_mismatch,SEIR structural mismatch,SEIR,uds,1,0,0,A1,Seasonal Forcing,AR,None,/home/kaahin/degree_project/hybrid-epidemic-forecasting/results/partB/forecasts/partB_structural_mismatch_forecast_A1_AR_None.mat,forecast_results,273,274,0.000558006325124013,0.000558006325124013,0.00200713485877393,0.00145074240753656,0.000161193600837395,0.000353435721034966,0,4.33770032516517e-05,0.910714285714286,0.123214285714286,0.2125,0.00524581464364318,1,closed_loop_monte_carlo,ok,ok,-4115.33020665043
structural_mismatch,SEIR structural mismatch,SEIR,uds,1,0,0,A1,Seasonal Forcing,AR,None,/home/kaahin/degree_project/hybrid-epidemic-forecasting/results/partB/forecasts/partB_structural_mismatch_forecast_A1_AR_None.mat,forecast_results,280,281,0.00120768073365305,0.00120768073365305,0.00420854265886342,0.00322974231074826,0.000358860256749807,0.000360078845118031,0,0.000488741631785216,0.642857142857143,-0.144642857142857,0.305357142857143,0.00513094794155142,1,closed_loop_monte_carlo,ok,ok,-4234.91718436493
structural_mismatch,SEIR structural mismatch,SEIR,uds,1,0,0,A1,Seasonal Forcing,AR,None,/home/kaahin/degree_project/hybrid-epidemic-forecasting/results/partB/forecasts/partB_structural_mismatch_forecast_A1_AR_None.mat,forecast_results,287,288,0.00355157558052991,0.00355157558052991,0.0071856038136975,0.00551233081303618,0.000612481201448464,0.000276515343508233,0,0.00266257903557322,0.160714285714286,-0.626785714285714,0.658928571428571,0.00414454964074242,1,closed_loop_monte_carlo,ok,ok,-4352.60517619438
structural_mismatch,SEIR structural mismatch,SEIR,uds,1,0,0,A1,Seasonal Forcing,AR,None,/home/kaahin/degree_project/hybrid-epidemic-forecasting/results/partB/forecasts/partB_structural_mismatch_forecast_A1_AR_None.mat,forecast_results,294,295,0.00596354958929151,0.00596354958929151,0.00981027984208606,0.00753902867895478,0.000837669853217198,0.000296318124482697,0,0.00482956161159162,0.0714285714285714,-0.716071428571429,0.730357142857143,0.00395626492841934,1,closed_loop_monte_carlo,ok,ok,-4463.24296369386
structural_mismatch,SEIR structural mismatch,SEIR,uds,1,0,0,A1,Seasonal Forcing,AR,None,/home/kaahin/degree_project/hybrid-epidemic-forecasting/results/partB/forecasts/partB_structural_mismatch_forecast_A1_AR_None.mat,forecast_results,301,302,0.00732652810009907,0.00732652810009907,0.012071710283641,0.00924863821216454,0.00102762646801828,0.000305737604399909,0,0.00599316402768088,0.0357142857142857,-0.751785714285714,0.757142857142857,0.00441014399420765,1,closed_loop_monte_carlo,ok,ok,-4562.01991124767
structural_mismatch,SEIR structural mismatch,SEIR,uds,1,0,0,A1,Seasonal Forcing,AR,None,/home/kaahin/degree_project/hybrid-epidemic-forecasting/results/partB/forecasts/partB_structural_mismatch_forecast_A1_AR_None.mat,forecast_results,308,309,0.0093336614641395,0.0093336614641395,0.0143055991362804,0.0110463917665316,0.00122737686294796,0.000233853202016695,0,0.00787243139917485,0,-0.7875,0.7875,0.0035824446447421,1,closed_loop_monte_carlo,ok,ok,-4647.11755133173
structural_mismatch,SEIR structural mismatch,SEIR,uds,1,0,0,A1,Seasonal Forcing,AR,None,/home/kaahin/degree_project/hybrid-epidemic-forecasting/results/partB/forecasts/partB_structural_mismatch_forecast_A1_AR_None.mat,forecast_results,315,316,0.0102050767251636,0.0102050767251636,0.0153899635459885,0.0118989399591582,0.00132210443990647,0.000288970529442778,0,0.00859400175581435,0,-0.7875,0.7875,0.00420462297864801,1,closed_loop_monte_carlo,ok,ok,-4721.74441544405
structural_mismatch,SEIR structural mismatch,SEIR,uds,1,0,0,A1,Seasonal Forcing,AR,None,/home/kaahin/degree_project/hybrid-epidemic-forecasting/results/partB/forecasts/partB_structural_mismatch_forecast_A1_AR_None.mat,forecast_results,322,323,0.0101696143447762,0.0101696143447762,0.0157287435551899,0.0122521438562578,0.00136134931736197,0.000316362204648428,0,0.00849190282276582,0,-0.7875,0.7875,0.00449934685141172,1,closed_loop_monte_carlo,ok,ok,-4793.3889230638
structural_mismatch,SEIR structural mismatch,SEIR,uds,1,0,0,A1,Seasonal Forcing,AR,None,/home/kaahin/degree_project/hybrid-epidemic-forecasting/results/partB/forecasts/partB_structural_mismatch_forecast_A1_AR_None.mat,forecast_results,329,330,0.00859193842005061,0.00859193842005061,0.0135327288364417,0.0105442719506688,0.00117158577229653,0.000361496809564478,0,0.0070588558381896,0,-0.7875,0.7875,0.00516273669303632,1,closed_loop_monte_carlo,ok,ok,-4870.15687959013
structural_mismatch,SEIR structural mismatch,SEIR,uds,1,0,0,A1,Seasonal Forcing,AR,None,/home/kaahin/degree_project/hybrid-epidemic-forecasting/results/partB/forecasts/partB_structural_mismatch_forecast_A1_AR_None.mat,forecast_results,336,337,0.00699283816339629,0.00699283816339629,0.0116510781549036,0.00903633999805452,0.00100403777756161,0.000356982532180295,0,0.00563181785365438,0,-0.7875,0.7875,0.00515985523230266,1,closed_loop_monte_carlo,ok,ok,-4956.98108051766
structural_mismatch,SEIR structural mismatch,SEIR,uds,1,0,0,A1,Seasonal Forcing,AR,None,/home/kaahin/degree_project/hybrid-epidemic-forecasting/results/partB/forecasts/partB_structural_mismatch_forecast_A1_AR_None.mat,forecast_results,343,344,0.00480847952431045,0.00480847952431045,0.00873571714959841,0.00685742630539986,0.00076193625615554,0.000346720396492907,0,0.003699822871662,0.0535714285714286,-0.733928571428571,0.741071428571429,0.0047293385852146,1,closed_loop_monte_carlo,ok,ok,-5054.2430611393
structural_mismatch,SEIR structural mismatch,SEIR,uds,1,0,0,A1,Seasonal Forcing,AR,None,/home/kaahin/degree_project/hybrid-epidemic-forecasting/results/partB/forecasts/partB_structural_mismatch_forecast_A1_AR_None.mat,forecast_results,350,351,0.00192595565461733,0.00192595565461733,0.00587849866360388,0.00459499277361346,0.000510554752623718,0.000460397847491126,0,0.000955003054502482,0.321428571428571,-0.466071428571429,0.539285714285714,0.0061422951981741,1,closed_loop_monte_carlo,ok,ok,-5158.97773231926
structural_mismatch,SEIR structural mismatch,SEIR,uds,1,0,0,A1,Seasonal Forcing,ARX,I,/home/kaahin/degree_project/hybrid-epidemic-forecasting/results/partB/forecasts/partB_structural_mismatch_forecast_A1_ARX_I.mat,forecast_results,49,50,0.00122756118404627,0.00122756118404627,0.00184913565315188,0.00128758161654409,0.000143064624060455,1.31196653479697e-05,0.00107137689463785,0,0,-0.7875,0.7875,0.000188930951681202,1,closed_loop_monte_carlo,ok,ok,-1108.83951503642
structural_mismatch,SEIR structural mismatch,SEIR,uds,1,0,0,A1,Seasonal Forcing,ARX,I,/home/kaahin/degree_project/hybrid-epidemic-forecasting/results/partB/forecasts/partB_structural_mismatch_forecast_A1_ARX_I.mat,forecast_results,56,57,0.00100373805371982,0.00100373805371982,0.0014993337734039,0.00106572688359592,0.000118414098177324,1.40362033246895e-05,0.000871287752217802,0,0,-0.7875,0.7875,0.000211713443994768,1,closed_loop_monte_carlo,ok,ok,-1244.95542927797
structural_mismatch,SEIR structural mismatch,SEIR,uds,1,0,0,A1,Seasonal Forcing,ARX,I,/home/kaahin/degree_project/hybrid-epidemic-forecasting/results/partB/forecasts/partB_structural_mismatch_forecast_A1_ARX_I.mat,forecast_results,63,64,0.000691667060592025,0.000691667060592025,0.0010659614179989,0.000772949861329697,8.58833179255219e-05,1.81403111280107e-05,0.000587643431538493,0,0,-0.7875,0.7875,0.000274590781182312,1,closed_loop_monte_carlo,ok,ok,-1385.45353396029
structural_mismatch,SEIR structural mismatch,SEIR,uds,1,0,0,A1,Seasonal Forcing,ARX,I,/home/kaahin/degree_project/hybrid-epidemic-forecasting/results/partB/forecasts/partB_structural_mismatch_forecast_A1_ARX_I.mat,forecast_results,70,71,0.00035855469871704,0.00035855469871704,0.000565283055668735,0.000422248843594589,4.69165381771766e-05,1.44912681049295e-05,0.000297146892434934,0,0.0178571428571429,-0.769642857142857,0.771428571428572,0.000215762024288397,1,closed_loop_monte_carlo,ok,ok,-1532.12226008971
structural_mismatch,SEIR structural mismatch,SEIR,uds,1,0,0,A1,Seasonal Forcing,ARX,I,/home/kaahin/degree_project/hybrid-epidemic-forecasting/results/partB/forecasts/partB_structural_mismatch_forecast_A1_ARX_I.mat,forecast_results,77,78,2.09727929674036e-05,2.09727929674036e-05,4.54019336915214e-05,3.88614818562148e-05,4.31794242846831e-06,1.62361203988605e-05,4.18730140074769e-07,0,0.910714285714286,0.123214285714286,0.2125,0.000235002813721447,1,closed_loop_monte_carlo,ok,ok,-1686.45381962017
structural_mismatch,SEIR structural mismatch,SEIR,uds,1,0,0,A1,Seasonal Forcing,ARX,I,/home/kaahin/degree_project/hybrid-epidemic-forecasting/results/partB/forecasts/partB_structural_mismatch_forecast_A1_ARX_I.mat,forecast_results,84,85,0.000363563222405632,0.000363563222405632,0.000660951032262862,0.000465374625239117,5.17082916932352e-05,1.44877857331714e-05,0,0.000297367144979225,0.178571428571429,-0.608928571428571,0.639285714285714,0.000219447247823583,1,closed_loop_monte_carlo,ok,ok,-1845.20351125875
structural_mismatch,SEIR structural mismatch,SEIR,uds,1,0,0,A1,Seasonal Forcing,ARX,I,/home/kaahin/degree_project/hybrid-epidemic-forecasting/results/partB/forecasts/partB_structural_mismatch_forecast_A1_ARX_I.mat,forecast_results,91,92,0.00101472882168905,0.00101472882168905,0.00151462244292557,0.00110016665578259,0.000122240739531399,1.29772732311546e-05,0,0.000879510808926498,0,-0.7875,0.7875,0.00019083552120412,1,closed_loop_monte_carlo,ok,ok,-1984.0585488373
structural_mismatch,SEIR structural mismatch,SEIR,uds,1,0,0,A1,Seasonal Forcing,ARX,I,/home/kaahin/degree_project/hybrid-epidemic-forecasting/results/partB/forecasts/partB_structural_mismatch_forecast_A1_ARX_I.mat,forecast_results,98,99,0.00173508987814751,0.00173508987814751,0.00254069491368808,0.00187281649574811,0.00020809072174979,2.166965320408e-05,0,0.00150532950319364,0,-0.7875,0.7875,0.000312345596995264,1,closed_loop_monte_carlo,ok,ok,-2066.15656851329
structural_mismatch,SEIR structural mismatch,SEIR,uds,1,0,0,A1,Seasonal Forcing,ARX,I,/home/kaahin/degree_project/hybrid-epidemic-forecasting/results/partB/forecasts/partB_structural_mismatch_forecast_A1_ARX_I.mat,forecast_results,105,106,0.00260615305476515,0.00260615305476515,0.00372599222723022,0.00276646672130122,0.000307385191255692,2.89497809393499e-05,0,0.00226981808257011,0,-0.7875,0.7875,0.000408158497071267,1,closed_loop_monte_carlo,ok,ok,-2109.25915152154
structural_mismatch,SEIR structural mismatch,SEIR,uds,1,0,0,A1,Seasonal Forcing,ARX,I,/home/kaahin/degree_project/hybrid-epidemic-forecasting/results/partB/forecasts/partB_structural_mismatch_forecast_A1_ARX_I.mat,forecast_results,112,113,0.0034198985312235,0.0034198985312235,0.00487145485849076,0.00365092435715715,0.00040565826190635,3.65668246550526e-05,0,0.00297767344466209,0,-0.7875,0.7875,0.000553213717425774,1,closed_loop_monte_carlo,ok,ok,-2145.47991459691
structural_mismatch,SEIR structural mismatch,SEIR,uds,1,0,0,A1,Seasonal Forcing,ARX,I,/home/kaahin/degree_project/hybrid-epidemic-forecasting/results/partB/forecasts/partB_structural_mismatch_forecast_A1_ARX_I.mat,forecast_results,119,120,0.00411162263485589,0.00411162263485589,0.00586929778518873,0.00442522975551915,0.000491692195057683,5.68615660203238e-05,0,0.00356306887377789,0,-0.7875,0.7875,0.000830375601848625,1,closed_loop_monte_carlo,ok,ok,-2187.56799220373
structural_mismatch,SEIR structural mismatch,SEIR,uds,1,0,0,A1,Seasonal Forcing,ARX,I,/home/kaahin/degree_project/hybrid-epidemic-forecasting/results/partB/forecasts/partB_structural_mismatch_forecast_A1_ARX_I.mat,forecast_results,126,127,0.0050940822066558,0.0050940822066558,0.00731167166186647,0.00562824078368621,0.000625360087076246,8.58312933366975e-05,0,0.00438289082624285,0,-0.7875,0.7875,0.00126342096933,1,closed_loop_monte_carlo,ok,ok,-2231.28470240787
structural_mismatch,SEIR structural mismatch,SEIR,uds,1,0,0,A1,Seasonal Forcing,ARX,I,/home/kaahin/degree_project/hybrid-epidemic-forecasting/results/partB/forecasts/partB_structural_mismatch_forecast_A1_ARX_I.mat,forecast_results,133,134,0.00607383329315937,0.00607383329315937,0.00857563926615318,0.00677798078669561,0.000753108976299512,0.000113893179748362,0,0.00520683113711149,0,-0.7875,0.7875,0.00175501277060818,1,closed_loop_monte_carlo,ok,ok,-2240.38634978912
structural_mismatch,SEIR structural mismatch,SEIR,uds,1,0,0,A1,Seasonal Forcing,ARX,I,/home/kaahin/degree_project/hybrid-epidemic-forecasting/results/partB/forecasts/partB_structural_mismatch_forecast_A1_ARX_I.mat,forecast_results,140,141,0.00426692890754106,0.00426692890754106,0.00694976977925805,0.00564147542206411,0.000626830602451568,0.000212571543317902,0,0.00342752676177158,0,-0.7875,0.7875,0.0031885237790307,1,closed_loop_monte_carlo,ok,ok,-2268.7262640435
structural_mismatch,SEIR structural mismatch,SEIR,uds,1,0,0,A1,Seasonal Forcing,ARX,I,/home/kaahin/degree_project/hybrid-epidemic-forecasting/results/partB/forecasts/partB_structural_mismatch_forecast_A1_ARX_I.mat,forecast_results,147,148,0.00150815524629641,0.00150815524629641,0.00317224053880401,0.00276282630120354,0.000306980700133727,0.000216940282873335,0,0.000984234263289352,0.0714285714285714,-0.716071428571429,0.725,0.00322097167799202,1,closed_loop_monte_carlo,ok,ok,-2337.61323988713
structural_mismatch,SEIR structural mismatch,SEIR,uds,1,0,0,A1,Seasonal Forcing,ARX,I,/home/kaahin/degree_project/hybrid-epidemic-forecasting/results/partB/forecasts/partB_structural_mismatch_forecast_A1_ARX_I.mat,forecast_results,154,155,0.000906647742460083,0.000906647742460083,0.00300757773494838,0.00185081536622675,0.000205646151802972,0.000246851107558386,0.000445420218973449,8.73026412527545e-06,0.625,-0.1625,0.351785714285714,0.00363884771925936,1,closed_loop_monte_carlo,ok,ok,-2437.67530834196
structural_mismatch,SEIR structural mismatch,SEIR,uds,1,0,0,A1,Seasonal Forcing,ARX,I,/home/kaahin/degree_project/hybrid-epidemic-forecasting/results/partB/forecasts/partB_structural_mismatch_forecast_A1_ARX_I.mat,forecast_results,161,162,0.00361270819166,0.00361270819166,0.00734123380558272,0.00499717718063273,0.000555241908959193,0.000298721388042096,0.00275874489465872,0,0.375,-0.4125,0.551785714285714,0.00439255522557967,1,closed_loop_monte_carlo,ok,ok,-2553.06716458866
structural_mismatch,SEIR structural mismatch,SEIR,uds,1,0,0,A1,Seasonal Forcing,ARX,I,/home/kaahin/degree_project/hybrid-epidemic-forecasting/results/partB/forecasts/partB_structural_mismatch_forecast_A1_ARX_I.mat,forecast_results,168,169,0.00631507560721814,0.00631507560721814,0.0109256754783493,0.00770590494243262,0.000856211660270291,0.000310375863388072,0.00514848808355977,0,0.160714285714286,-0.626785714285714,0.675,0.0044657964542673,1,closed_loop_monte_carlo,ok,ok,-2669.96578581336
structural_mismatch,SEIR structural mismatch,SEIR,uds,1,0,0,A1,Seasonal Forcing,ARX,I,/home/kaahin/degree_project/hybrid-epidemic-forecasting/results/partB/forecasts/partB_structural_mismatch_forecast_A1_ARX_I.mat,forecast_results,175,176,0.00750421860154383,0.00750421860154383,0.0126181946382341,0.00907491702117875,0.00100832411346431,0.000276719797353857,0.00621917469072567,0,0.107142857142857,-0.680357142857143,0.716071428571429,0.00416464791850404,1,closed_loop_monte_carlo,ok,ok,-2783.56411619146
structural_mismatch,SEIR structural mismatch,SEIR,uds,1,0,0,A1,Seasonal Forcing,ARX,I,/home/kaahin/degree_project/hybrid-epidemic-forecasting/results/partB/forecasts/partB_structural_mismatch_forecast_A1_ARX_I.mat,forecast_results,182,183,0.00712279165327064,0.00712279165327064,0.0120486079943499,0.00870160013285266,0.000966844459205851,0.000310623559880479,0.00584532363418431,0,0.0714285714285714,-0.716071428571429,0.746428571428572,0.00442426788843412,1,closed_loop_monte_carlo,ok,ok,-2895.81174195551
structural_mismatch,SEIR structural mismatch,SEIR,uds,1,0,0,A1,Seasonal Forcing,ARX,I,/home/kaahin/degree_project/hybrid-epidemic-forecasting/results/partB/forecasts/partB_structural_mismatch_forecast_A1_ARX_I.mat,forecast_results,189,190,0.00594440440352246,0.00594440440352246,0.00996436580724705,0.00715830864533223,0.000795367627259136,0.000319119986819298,0.00482991678944402,0,0.142857142857143,-0.644642857142857,0.689285714285714,0.00455929537742247,1,closed_loop_monte_carlo,ok,ok,-3009.64356762737
structural_mismatch,SEIR structural mismatch,SEIR,uds,1,0,0,A1,Seasonal Forcing,ARX,I,/home/kaahin/degree_project/hybrid-epidemic-forecasting/results/partB/forecasts/partB_structural_mismatch_forecast_A1_ARX_I.mat,forecast_results,196,197,0.0037337255510473,0.0037337255510473,0.00713840106718209,0.00500471553252035,0.000556079503613373,0.000330027491284388,0.00284761855614954,0,0.303571428571429,-0.483928571428571,0.592857142857143,0.00477320861302453,1,closed_loop_monte_carlo,ok,ok,-3126.22669406158
structural_mismatch,SEIR structural mismatch,SEIR,uds,1,0,0,A1,Seasonal Forcing,ARX,I,/home/kaahin/degree_project/hybrid-epidemic-forecasting/results/partB/forecasts/partB_structural_mismatch_forecast_A1_ARX_I.mat,forecast_results,203,204,0.00174475321558305,0.00174475321558305,0.00470634058432472,0.00318279155346235,0.000353643505940261,0.000353655673874601,0.00103745403576819,0,0.553571428571429,-0.233928571428571,0.428571428571429,0.00496392373983337,1,closed_loop_monte_carlo,ok,ok,-3244.63719445248
structural_mismatch,SEIR structural mismatch,SEIR,uds,1,0,0,A1,Seasonal Forcing,ARX,I,/home/kaahin/degree_project/hybrid-epidemic-forecasting/results/partB/forecasts/partB_structural_mismatch_forecast_A1_ARX_I.mat,forecast_results,210,211,0.00262969346034308,0.00262969346034308,0.00547284658019193,0.00398667651282618,0.000442964056980687,0.000283627637396872,0,0.00190310176596552,0.214285714285714,-0.573214285714286,0.633928571428571,0.0041295367892058,1,closed_loop_monte_carlo,ok,ok,-3362.40902256152
structural_mismatch,SEIR structural mismatch,SEIR,uds,1,0,0,A1,Seasonal Forcing,ARX,I,/home/kaahin/degree_project/hybrid-epidemic-forecasting/results/partB/forecasts/partB_structural_mismatch_forecast_A1_ARX_I.mat,forecast_results,217,218,0.00486615755649866,0.00486615755649866,0.00920031752096823,0.00699404698038337,0.000777116331153708,0.000368424263168725,0,0.00372061696217623,0.107142857142857,-0.680357142857143,0.694642857142857,0.00515742988075534,1,closed_loop_monte_carlo,ok,ok,-3476.66561051742
structural_mismatch,SEIR structural mismatch,SEIR,uds,1,0,0,A1,Seasonal Forcing,ARX,I,/home/kaahin/degree_project/hybrid-epidemic-forecasting/results/partB/forecasts/partB_structural_mismatch_forecast_A1_ARX_I.mat,forecast_results,224,225,0.00556139793696286,0.00556139793696286,0.0102017471885234,0.00772846382113479,0.00085871820234831,0.000359214850215596,0,0.00434346488439896,0.0892857142857143,-0.698214285714286,0.716071428571429,0.00507356080607945,1,closed_loop_monte_carlo,ok,ok,-3585.61795893835
structural_mismatch,SEIR structural mismatch,SEIR,uds,1,0,0,A1,Seasonal Forcing,ARX,I,/home/kaahin/degree_project/hybrid-epidemic-forecasting/results/partB/forecasts/partB_structural_mismatch_forecast_A1_ARX_I.mat,forecast_results,231,232,0.00668225110459536,0.00668225110459536,0.0116826436917702,0.00899433185898419,0.000999370206553799,0.000339945590065611,0,0.00534293530797596,0.0535714285714286,-0.733928571428571,0.741071428571429,0.00505650585824414,1,closed_loop_monte_carlo,ok,ok,-3689.49055555676
structural_mismatch,SEIR structural mismatch,SEIR,uds,1,0,0,A1,Seasonal Forcing,ARX,I,/home/kaahin/degree_project/hybrid-epidemic-forecasting/results/partB/forecasts/partB_structural_mismatch_forecast_A1_ARX_I.mat,forecast_results,238,239,0.00682035708954739,0.00682035708954739,0.0119799497281066,0.00919234186882732,0.00102137131875859,0.000343026823698808,0,0.00545595894708999,0.0535714285714286,-0.733928571428571,0.746428571428572,0.00512340368669923,1,closed_loop_monte_carlo,ok,ok,-3790.11641652585
structural_mismatch,SEIR structural mismatch,SEIR,uds,1,0,0,A1,Seasonal Forcing,ARX,I,/home/kaahin/degree_project/hybrid-epidemic-forecasting/results/partB/forecasts/partB_structural_mismatch_forecast_A1_ARX_I.mat,forecast_results,245,246,0.00626051013263679,0.00626051013263679,0.010966346292166,0.00838644021133896,0.000931826690148773,0.000336346771314446,0,0.00499233667117357,0.0892857142857143,-0.698214285714286,0.714285714285714,0.00486942433895801,1,closed_loop_monte_carlo,ok,ok,-3889.71416014093
structural_mismatch,SEIR structural mismatch,SEIR,uds,1,0,0,A1,Seasonal Forcing,ARX,I,/home/kaahin/degree_project/hybrid-epidemic-forecasting/results/partB/forecasts/partB_structural_mismatch_forecast_A1_ARX_I.mat,forecast_results,252,253,0.00611646615852648,0.00611646615852648,0.0107814233209481,0.00832822351033134,0.000925358167814593,0.000309513360360668,0,0.00488159463035121,0.0714285714285714,-0.716071428571429,0.730357142857143,0.0045663123295317,1,closed_loop_monte_carlo,ok,ok,-3989.89720821398
structural_mismatch,SEIR structural mismatch,SEIR,uds,1,0,0,A1,Seasonal Forcing,ARX,I,/home/kaahin/degree_project/hybrid-epidemic-forecasting/results/partB/forecasts/partB_structural_mismatch_forecast_A1_ARX_I.mat,forecast_results,259,260,0.00616285062008937,0.00616285062008937,0.0097110483285868,0.00752302290127298,0.000835891433474776,0.000279963624765197,0,0.0050469955618494,0.0357142857142857,-0.751785714285714,0.757142857142857,0.00387463332846893,1,closed_loop_monte_carlo,ok,ok,-4091.32046374999
structural_mismatch,SEIR structural mismatch,SEIR,uds,1,0,0,A1,Seasonal Forcing,ARX,I,/home/kaahin/degree_project/hybrid-epidemic-forecasting/results/partB/forecasts/partB_structural_mismatch_forecast_A1_ARX_I.mat,forecast_results,266,267,0.00490469971813489,0.00490469971813489,0.00911773841658804,0.00710453671092294,0.000789392967880327,0.000327691629632276,0,0.00378761512062229,0.0535714285714286,-0.733928571428571,0.741071428571429,0.00464920630787535,1,closed_loop_monte_carlo,ok,ok,-4193.7446821017
structural_mismatch,SEIR structural mismatch,SEIR,uds,1,0,0,A1,Seasonal Forcing,ARX,I,/home/kaahin/degree_project/hybrid-epidemic-forecasting/results/partB/forecasts/partB_structural_mismatch_forecast_A1_ARX_I.mat,forecast_results,273,274,0.00543947245142499,0.00543947245142499,0.00899894144332544,0.00693592020984952,0.000770657801094391,0.00026995234993863,0,0.00439886230039197,0.0714285714285714,-0.716071428571429,0.726785714285714,0.00363581349944634,1,closed_loop_monte_carlo,ok,ok,-4296.19423144816
structural_mismatch,SEIR structural mismatch,SEIR,uds,1,0,0,A1,Seasonal Forcing,ARX,I,/home/kaahin/degree_project/hybrid-epidemic-forecasting/results/partB/forecasts/partB_structural_mismatch_forecast_A1_ARX_I.mat,forecast_results,280,281,0.00508913345810771,0.00508913345810771,0.00917794559673544,0.00708163627419201,0.000786848474910224,0.00025059110805978,0,0.0040516938751377,0.125,-0.6625,0.685714285714286,0.0041617718619588,1,closed_loop_monte_carlo,ok,ok,-4397.01679729896
structural_mismatch,SEIR structural mismatch,SEIR,uds,1,0,0,A1,Seasonal Forcing,ARX,I,/home/kaahin/degree_project/hybrid-epidemic-forecasting/results/partB/forecasts/partB_structural_mismatch_forecast_A1_ARX_I.mat,forecast_results,287,288,0.00659788709199575,0.00659788709199575,0.0106587527478899,0.00821860655509228,0.000913178506121365,0.000250603049121041,0,0.00543410553675334,0.0178571428571429,-0.769642857142857,0.771428571428572,0.00353252578386794,1,closed_loop_monte_carlo,ok,ok,-4493.84261074584
structural_mismatch,SEIR structural mismatch,SEIR,uds,1,0,0,A1,Seasonal Forcing,ARX,I,/home/kaahin/degree_project/hybrid-epidemic-forecasting/results/partB/forecasts/partB_structural_mismatch_forecast_A1_ARX_I.mat,forecast_results,294,295,0.00698187747043807,0.00698187747043807,0.0116633471528365,0.00901892519504743,0.00100210279944971,0.000291941750192101,0,0.00568783292079625,0.0357142857142857,-0.751785714285714,0.757142857142857,0.00434483460077997,1,closed_loop_monte_carlo,ok,ok,-4583.73948912342
structural_mismatch,SEIR structural mismatch,SEIR,uds,1,0,0,A1,Seasonal Forcing,ARX,I,/home/kaahin/degree_project/hybrid-epidemic-forecasting/results/partB/forecasts/partB_structural_mismatch_forecast_A1_ARX_I.mat,forecast_results,301,302,0.00838295786036681,0.00838295786036681,0.0132902533277827,0.010259989339579,0.00113999881550877,0.000248565521108891,0,0.00699439352374915,0,-0.7875,0.7875,0.00378671235465135,1,closed_loop_monte_carlo,ok,ok,-4664.16215220794
structural_mismatch,SEIR structural mismatch,SEIR,uds,1,0,0,A1,Seasonal Forcing,ARX,I,/home/kaahin/degree_project/hybrid-epidemic-forecasting/results/partB/forecasts/partB_structural_mismatch_forecast_A1_ARX_I.mat,forecast_results,308,309,0.00912043424183297,0.00912043424183297,0.0142268351849135,0.010953143979047,0.00121701599767189,0.000261119003729763,0,0.00764229924043131,0,-0.7875,0.7875,0.00369113371466103,1,closed_loop_monte_carlo,ok,ok,-4734.91262128153
structural_mismatch,SEIR structural mismatch,SEIR,uds,1,0,0,A1,Seasonal Forcing,ARX,I,/home/kaahin/degree_project/hybrid-epidemic-forecasting/results/partB/forecasts/partB_structural_mismatch_forecast_A1_ARX_I.mat,forecast_results,315,316,0.0100726332331706,0.0100726332331706,0.0147489727309184,0.0113708883656119,0.00126343204062355,0.000216230717570551,0,0.00859297047497652,0,-0.7875,0.7875,0.00327785135958833,1,closed_loop_monte_carlo,ok,ok,-4799.8084868
structural_mismatch,SEIR structural mismatch,SEIR,uds,1,0,0,A1,Seasonal Forcing,ARX,I,/home/kaahin/degree_project/hybrid-epidemic-forecasting/results/partB/forecasts/partB_structural_mismatch_forecast_A1_ARX_I.mat,forecast_results,322,323,0.00957103463490817,0.00957103463490817,0.0143443862552687,0.011117852518671,0.001235316946519,0.000292297766038629,0,0.00804341992235054,0,-0.7875,0.7875,0.00407063138997953,1,closed_loop_monte_carlo,ok,ok,-4865.9439802898
structural_mismatch,SEIR structural mismatch,SEIR,uds,1,0,0,A1,Seasonal Forcing,ARX,I,/home/kaahin/degree_project/hybrid-epidemic-forecasting/results/partB/forecasts/partB_structural_mismatch_forecast_A1_ARX_I.mat,forecast_results,329,330,0.00812281885888493,0.00812281885888493,0.0123600972818201,0.0096346174666054,0.00107051305184504,0.00027459655218776,0,0.00677770925485212,0,-0.7875,0.7875,0.00426331303505161,1,closed_loop_monte_carlo,ok,ok,-4940.43810273337
structural_mismatch,SEIR structural mismatch,SEIR,uds,1,0,0,A1,Seasonal Forcing,ARX,I,/home/kaahin/degree_project/hybrid-epidemic-forecasting/results/partB/forecasts/partB_structural_mismatch_forecast_A1_ARX_I.mat,forecast_results,336,337,0.00565888459540391,0.00565888459540391,0.00988391935690935,0.00765484567224331,0.000850538408027035,0.000348497928046686,0,0.00445984825933019,0.0178571428571429,-0.769642857142857,0.771428571428572,0.00488319171403879,1,closed_loop_monte_carlo,ok,ok,-5027.06892926642
structural_mismatch,SEIR structural mismatch,SEIR,uds,1,0,0,A1,Seasonal Forcing,ARX,I,/home/kaahin/degree_project/hybrid-epidemic-forecasting/results/partB/forecasts/partB_structural_mismatch_forecast_A1_ARX_I.mat,forecast_results,343,344,0.00356956263811888,0.00356956263811888,0.00664557326248531,0.00519129173168901,0.00057681019240989,0.000293775585913033,0,0.00269897685979595,0.0714285714285714,-0.716071428571429,0.730357142857143,0.00452585197244124,1,closed_loop_monte_carlo,ok,ok,-5125.15474658384
structural_mismatch,SEIR structural mismatch,SEIR,uds,1,0,0,A1,Seasonal Forcing,ARX,I,/home/kaahin/degree_project/hybrid-epidemic-forecasting/results/partB/forecasts/partB_structural_mismatch_forecast_A1_ARX_I.mat,forecast_results,350,351,0.00171225456723282,0.00171225456723282,0.00416707844536767,0.00333057553225075,0.000370063948027861,0.000322380435845293,0,0.00101981018335966,0.25,-0.5375,0.5875,0.00463109467926093,1,closed_loop_monte_carlo,ok,ok,-5231.10543107777
structural_mismatch,SEIR structural mismatch,SEIR,uds,1,0,0,A2,Policy Intervention,AR,None,/home/kaahin/degree_project/hybrid-epidemic-forecasting/results/partB/forecasts/partB_structural_mismatch_forecast_A2_AR_None.mat,forecast_results,49,50,3.61298292870872e-14,3.61298292870872e-14,6.7279567636584e-14,3.61298292870872e-14,4.01442547634303e-15,0,3.21154038107442e-14,0,0.0714285714285714,-0.716071428571429,0.746428571428572,0,1,closed_loop_monte_carlo,persistence_fallback,ok,Inf
structural_mismatch,SEIR structural mismatch,SEIR,uds,1,0,0,A2,Policy Intervention,AR,None,/home/kaahin/degree_project/hybrid-epidemic-forecasting/results/partB/forecasts/partB_structural_mismatch_forecast_A2_AR_None.mat,forecast_results,56,57,1.19816854850439e-12,1.19816854850439e-12,2.22856486924912e-12,1.19816854850439e-12,1.3312983872271e-13,0,1.06503870978168e-12,0,0,-0.7875,0.7875,0,1,closed_loop_monte_carlo,persistence_fallback,ok,Inf
structural_mismatch,SEIR structural mismatch,SEIR,uds,1,0,0,A2,Policy Intervention,AR,None,/home/kaahin/degree_project/hybrid-epidemic-forecasting/results/partB/forecasts/partB_structural_mismatch_forecast_A2_AR_None.mat,forecast_results,63,64,3.96757388847797e-11,3.96757388847797e-11,7.37989075060521e-11,3.96757388847797e-11,4.40841543164219e-12,0,3.52673234531375e-11,0,0,-0.7875,0.7875,0,1,closed_loop_monte_carlo,persistence_fallback,ok,Inf
structural_mismatch,SEIR structural mismatch,SEIR,uds,1,0,0,A2,Policy Intervention,AR,None,/home/kaahin/degree_project/hybrid-epidemic-forecasting/results/partB/forecasts/partB_structural_mismatch_forecast_A2_AR_None.mat,forecast_results,70,71,1.31388032200062e-09,1.31388032200062e-09,2.4438852668814e-09,1.31388032200062e-09,1.45986702444514e-10,0,1.16789361955611e-09,0,0,-0.7875,0.7875,0,1,closed_loop_monte_carlo,persistence_fallback,ok,Inf
structural_mismatch,SEIR structural mismatch,SEIR,uds,1,0,0,A2,Policy Intervention,AR,None,/home/kaahin/degree_project/hybrid-epidemic-forecasting/results/partB/forecasts/partB_structural_mismatch_forecast_A2_AR_None.mat,forecast_results,77,78,4.35097311513033e-08,4.35097311513033e-08,8.09303501354723e-08,4.35097311513033e-08,4.83441457236703e-09,0,3.86753165789363e-08,0,0,-0.7875,0.7875,0,1,closed_loop_monte_carlo,persistence_fallback,ok,Inf
structural_mismatch,SEIR structural mismatch,SEIR,uds,1,0,0,A2,Policy Intervention,AR,None,/home/kaahin/degree_project/hybrid-epidemic-forecasting/results/partB/forecasts/partB_structural_mismatch_forecast_A2_AR_None.mat,forecast_results,84,85,1.4408380575632e-06,1.4408380575632e-06,2.68002974126829e-06,1.4408380575632e-06,1.60093117507022e-07,0,1.28074494005618e-06,0,0,-0.7875,0.7875,0,1,closed_loop_monte_carlo,persistence_fallback,ok,Inf
structural_mismatch,SEIR structural mismatch,SEIR,uds,1,0,0,A2,Policy Intervention,AR,None,/home/kaahin/degree_project/hybrid-epidemic-forecasting/results/partB/forecasts/partB_structural_mismatch_forecast_A2_AR_None.mat,forecast_results,91,92,4.72548469257023e-05,4.72548469257023e-05,8.8448289564103e-05,4.73280728641485e-05,5.25867476268317e-06,5.87745639705929e-09,4.19902947066221e-05,0,0,-0.7875,0.7875,9.822101256139e-08,1,closed_loop_monte_carlo,ok,ok,-3334.1987532038
structural_mismatch,SEIR structural mismatch,SEIR,uds,1,0,0,A2,Policy Intervention,AR,None,/home/kaahin/degree_project/hybrid-epidemic-forecasting/results/partB/forecasts/partB_structural_mismatch_forecast_A2_AR_None.mat,forecast_results,98,99,0.00155627280629151,0.00155627280629151,0.00291043553971306,0.00155951787650616,0.00017327976405624,2.65980003368049e-07,0.00138272706223191,0,0,-0.7875,0.7875,4.35727028246156e-06,1,closed_loop_monte_carlo,ok,ok,-2902.47417498175
structural_mismatch,SEIR structural mismatch,SEIR,uds,1,0,0,A2,Policy Intervention,AR,None,/home/kaahin/degree_project/hybrid-epidemic-forecasting/results/partB/forecasts/partB_structural_mismatch_forecast_A2_AR_None.mat,forecast_results,105,106,0.0446633689304243,0.0446633689304243,0.0802128543961179,0.0447738537408969,0.00497487263787743,8.38720841666435e-06,0.0396801090841302,0,0,-0.7875,0.7875,0.000138594673940728,1,closed_loop_monte_carlo,ok,ok,-2373.31786374303
structural_mismatch,SEIR structural mismatch,SEIR,uds,1,0,0,A2,Policy Intervention,AR,None,/home/kaahin/degree_project/hybrid-epidemic-forecasting/results/partB/forecasts/partB_structural_mismatch_forecast_A2_AR_None.mat,forecast_results,112,113,0.366016970958661,0.366016970958661,0.503239851972297,0.369061205807531,0.0410068006452812,0.000223641559763812,0.324786528753616,0,0,-0.7875,0.7875,0.0039137790752281,1,closed_loop_monte_carlo,ok,ok,-1749.23308119176
structural_mismatch,SEIR structural mismatch,SEIR,uds,1,0,0,A2,Policy Intervention,AR,None,/home/kaahin/degree_project/hybrid-epidemic-forecasting/results/partB/forecasts/partB_structural_mismatch_forecast_A2_AR_None.mat,forecast_results,119,120,0.286711154050617,0.286711154050617,0.361444728611672,0.337355110552908,0.0374839011725453,0.0043756584922951,0.244851594385777,0,0,-0.7875,0.7875,0.0674530637807605,1,closed_loop_monte_carlo,ok,ok,-1111.6544211622
structural_mismatch,SEIR structural mismatch,SEIR,uds,1,0,0,A2,Policy Intervention,AR,None,/home/kaahin/degree_project/hybrid-epidemic-forecasting/results/partB/forecasts/partB_structural_mismatch_forecast_A2_AR_None.mat,forecast_results,126,127,0.169191263421293,0.169191263421293,0.208748905601354,0.183335017947735,0.0203705575497483,0.00333246371210615,0,0.145488242159439,0,-0.7875,0.7875,0.0556538417607042,1,closed_loop_monte_carlo,ok,ok,-1014.4822314745
structural_mismatch,SEIR structural mismatch,SEIR,uds,1,0,0,A2,Policy Intervention,AR,None,/home/kaahin/degree_project/hybrid-epidemic-forecasting/results/partB/forecasts/partB_structural_mismatch_forecast_A2_AR_None.mat,forecast_results,133,134,0.00850170835656661,0.00850170835656661,0.012031354634983,0.00865921641575002,0.000962135157305557,0.00752143377743912,0,1.81394218219318e-05,0.928571428571429,0.141071428571429,0.223214285714286,0.124977194579793,1,closed_loop_monte_carlo,ok,ok,-1039.33235919883
structural_mismatch,SEIR structural mismatch,SEIR,uds,1,0,0,A2,Policy Intervention,AR,None,/home/kaahin/degree_project/hybrid-epidemic-forecasting/results/partB/forecasts/partB_structural_mismatch_forecast_A2_AR_None.mat,forecast_results,140,141,0.00899796147795908,0.00899796147795908,0.0240614138375827,0.019096162238115,0.002121795804235,0.00674518205850809,0.00013098361521599,0,0.892857142857143,0.105357142857143,0.2125,0.114780174136167,1,closed_loop_monte_carlo,ok,ok,-1100.95943141239
structural_mismatch,SEIR structural mismatch,SEIR,uds,1,0,0,A2,Policy Intervention,AR,None,/home/kaahin/degree_project/hybrid-epidemic-forecasting/results/partB/forecasts/partB_structural_mismatch_forecast_A2_AR_None.mat,forecast_results,147,148,0.0107143611481323,0.0107143611481323,0.0280697001560468,0.0224665760503214,0.00249628622781349,0.00631610190848469,0.00190197301183415,0,0.75,-0.0375,0.2125,0.119341339789668,1,closed_loop_monte_carlo,ok,ok,-1162.87894508557
structural_mismatch,SEIR structural mismatch,SEIR,uds,1,0,0,A2,Policy Intervention,AR,None,/home/kaahin/degree_project/hybrid-epidemic-forecasting/results/partB/forecasts/partB_structural_mismatch_forecast_A2_AR_None.mat,forecast_results,154,155,0.00971728558766667,0.00971728558766667,0.0263150999662276,0.0203689292712799,0.00226321436347554,0.00726952072647102,0.000184550497720113,0,0.857142857142857,0.0696428571428571,0.2125,0.124041824139565,1,closed_loop_monte_carlo,ok,ok,-1225.11817477751
structural_mismatch,SEIR structural mismatch,SEIR,uds,1,0,0,A2,Policy Intervention,AR,None,/home/kaahin/degree_project/hybrid-epidemic-forecasting/results/partB/forecasts/partB_structural_mismatch_forecast_A2_AR_None.mat,forecast_results,161,162,0.0115637844850902,0.0115637844850902,0.030617164565195,0.024067645681467,0.00267418285349634,0.00632225458068718,0.00256734705090664,0,0.714285714285714,-0.0732142857142857,0.233928571428571,0.104976839977345,1,closed_loop_monte_carlo,ok,ok,-1287.66724658387
structural_mismatch,SEIR structural mismatch,SEIR,uds,1,0,0,A2,Policy Intervention,AR,None,/home/kaahin/degree_project/hybrid-epidemic-forecasting/results/partB/forecasts/partB_structural_mismatch_forecast_A2_AR_None.mat,forecast_results,168,169,0.00998650800098842,0.00998650800098842,0.0258109971822405,0.0197135629682573,0.00219039588536192,0.00594030238043609,0.00185580973519041,0,0.767857142857143,-0.0196428571428571,0.2125,0.109340801064871,1,closed_loop_monte_carlo,ok,ok,-1350.51302560831
structural_mismatch,SEIR structural mismatch,SEIR,uds,1,0,0,A2,Policy Intervention,AR,None,/home/kaahin/degree_project/hybrid-epidemic-forecasting/results/partB/forecasts/partB_structural_mismatch_forecast_A2_AR_None.mat,forecast_results,175,176,0.0078382608451872,0.0078382608451872,0.0205672045180068,0.0162192925381258,0.00180214361534731,0.0056541749578455,0.000381942271994385,0,0.857142857142857,0.0696428571428571,0.2125,0.100291462235835,1,closed_loop_monte_carlo,ok,ok,-1413.64333352701
structural_mismatch,SEIR structural mismatch,SEIR,uds,1,0,0,A2,Policy Intervention,AR,None,/home/kaahin/degree_project/hybrid-epidemic-forecasting/results/partB/forecasts/partB_structural_mismatch_forecast_A2_AR_None.mat,forecast_results,182,183,0.00759839146317195,0.00759839146317195,0.0216186606243507,0.0172029735488119,0.00191144150542355,0.00490817341804947,0.000778776539698933,0,0.767857142857143,-0.0196428571428571,0.2125,0.0905230137465787,1,closed_loop_monte_carlo,ok,ok,-1477.04695606164
structural_mismatch,SEIR structural mismatch,SEIR,uds,1,0,0,A2,Policy Intervention,AR,None,/home/kaahin/degree_project/hybrid-epidemic-forecasting/results/partB/forecasts/partB_structural_mismatch_forecast_A2_AR_None.mat,forecast_results,189,190,0.00917537032856619,0.00917537032856619,0.0209018865142057,0.0164158711505298,0.0018239856833922,0.00578811271700493,0.00156327192816906,0,0.785714285714286,-0.00178571428571429,0.2125,0.0991274353333254,1,closed_loop_monte_carlo,ok,ok,-1540.71353589733
structural_mismatch,SEIR structural mismatch,SEIR,uds,1,0,0,A2,Policy Intervention,AR,None,/home/kaahin/degree_project/hybrid-epidemic-forecasting/results/partB/forecasts/partB_structural_mismatch_forecast_A2_AR_None.mat,forecast_results,196,197,0.00902804547812039,0.00902804547812039,0.0220051916601696,0.0165466303719235,0.00183851448576928,0.00589389364313714,0.00129563734921397,0,0.767857142857143,-0.0196428571428571,0.2125,0.114091378229655,1,closed_loop_monte_carlo,ok,ok,-1604.63347787503
structural_mismatch,SEIR structural mismatch,SEIR,uds,1,0,0,A2,Policy Intervention,AR,None,/home/kaahin/degree_project/hybrid-epidemic-forecasting/results/partB/forecasts/partB_structural_mismatch_forecast_A2_AR_None.mat,forecast_results,203,204,0.0065228419515292,0.0065228419515292,0.0171466464755365,0.0130628950224324,0.00145143278027027,0.00404714357872739,0.00102426559253154,0,0.785714285714286,-0.00178571428571429,0.2125,0.0706335060017295,1,closed_loop_monte_carlo,ok,ok,-1668.79786758018
structural_mismatch,SEIR structural mismatch,SEIR,uds,1,0,0,A2,Policy Intervention,AR,None,/home/kaahin/degree_project/hybrid-epidemic-forecasting/results/partB/forecasts/partB_structural_mismatch_forecast_A2_AR_None.mat,forecast_results,210,211,0.00595939585625017,0.00595939585625017,0.018879998936971,0.0143895204756072,0.00159883560840081,0.00416155543119311,0.000199004816656256,0,0.857142857142857,0.0696428571428571,0.2125,0.0701916604995758,1,closed_loop_monte_carlo,ok,ok,-1733.19840112981
structural_mismatch,SEIR structural mismatch,SEIR,uds,1,0,0,A2,Policy Intervention,AR,None,/home/kaahin/degree_project/hybrid-epidemic-forecasting/results/partB/forecasts/partB_structural_mismatch_forecast_A2_AR_None.mat,forecast_results,217,218,0.00739930464366925,0.00739930464366925,0.0186758311244234,0.0148795743267972,0.0016532860363108,0.00534959812544989,0.000396420481908565,0,0.857142857142857,0.0696428571428571,0.2125,0.0964805511168475,1,closed_loop_monte_carlo,ok,ok,-1797.82732430076
structural_mismatch,SEIR structural mismatch,SEIR,uds,1,0,0,A2,Policy Intervention,AR,None,/home/kaahin/degree_project/hybrid-epidemic-forecasting/results/partB/forecasts/partB_structural_mismatch_forecast_A2_AR_None.mat,forecast_results,224,225,0.00778926241726091,0.00778926241726091,0.0211362849260248,0.0164063202066209,0.00182292446740232,0.00450392983050693,0.00146240811935166,0,0.767857142857143,-0.0196428571428571,0.2125,0.08540343718983,1,closed_loop_monte_carlo,ok,ok,-1862.67737949685
structural_mismatch,SEIR structural mismatch,SEIR,uds,1,0,0,A2,Policy Intervention,AR,None,/home/kaahin/degree_project/hybrid-epidemic-forecasting/results/partB/forecasts/partB_structural_mismatch_forecast_A2_AR_None.mat,forecast_results,231,232,0.009384052533999,0.009384052533999,0.0238190775692067,0.0185235716445823,0.00205817462717581,0.00560383502410302,0.00172204288272017,0,0.767857142857143,-0.0196428571428571,0.2125,0.0985712907236389,1,closed_loop_monte_carlo,ok,ok,-1927.74175933326
structural_mismatch,SEIR structural mismatch,SEIR,uds,1,0,0,A2,Policy Intervention,AR,None,/home/kaahin/degree_project/hybrid-epidemic-forecasting/results/partB/forecasts/partB_structural_mismatch_forecast_A2_AR_None.mat,forecast_results,238,239,0.00756931620405275,0.00756931620405275,0.0194744531511907,0.015110148325079,0.00167890536945322,0.00435724803745036,0.00153316279714916,0,0.75,-0.0375,0.223214285714286,0.0808081275154456,1,closed_loop_monte_carlo,ok,ok,-1993.01406583752
structural_mismatch,SEIR structural mismatch,SEIR,uds,1,0,0,A2,Policy Intervention,AR,None,/home/kaahin/degree_project/hybrid-epidemic-forecasting/results/partB/forecasts/partB_structural_mismatch_forecast_A2_AR_None.mat,forecast_results,245,246,0.00681600841723254,0.00681600841723254,0.0157170081212809,0.0119825990154001,0.00133139989060001,0.00405750279153049,0.00142710573510204,0,0.785714285714286,-0.00178571428571429,0.2125,0.0774618716486596,1,closed_loop_monte_carlo,ok,ok,-2058.48827444275
structural_mismatch,SEIR structural mismatch,SEIR,uds,1,0,0,A2,Policy Intervention,AR,None,/home/kaahin/degree_project/hybrid-epidemic-forecasting/results/partB/forecasts/partB_structural_mismatch_forecast_A2_AR_None.mat,forecast_results,252,253,0.00876453432869247,0.00876453432869247,0.0200892850557285,0.0156088134811229,0.00173431260901366,0.0053897335274469,0.00164048819223191,0,0.767857142857143,-0.0196428571428571,0.2125,0.105680356406154,1,closed_loop_monte_carlo,ok,ok,-2124.15870208966
structural_mismatch,SEIR structural mismatch,SEIR,uds,1,0,0,A2,Policy Intervention,AR,None,/home/kaahin/degree_project/hybrid-epidemic-forecasting/results/partB/forecasts/partB_structural_mismatch_forecast_A2_AR_None.mat,forecast_results,259,260,0.00779111240818852,0.00779111240818852,0.0177980519168392,0.0136921771784499,0.00152135301982776,0.00483350389585684,0.00143625549250392,0,0.767857142857143,-0.0196428571428571,0.2125,0.0905659960429878,1,closed_loop_monte_carlo,ok,ok,-2190.01997886748
structural_mismatch,SEIR structural mismatch,SEIR,uds,1,0,0,A2,Policy Intervention,AR,None,/home/kaahin/degree_project/hybrid-epidemic-forecasting/results/partB/forecasts/partB_structural_mismatch_forecast_A2_AR_None.mat,forecast_results,266,267,0.00702193616573891,0.00702193616573891,0.0175996467239089,0.0136249510530668,0.00151388345034076,0.00538460236912245,0.000123450346275701,0,0.839285714285714,0.0517857142857143,0.2125,0.095923851385325,1,closed_loop_monte_carlo,ok,ok,-2256.06702271607
structural_mismatch,SEIR structural mismatch,SEIR,uds,1,0,0,A2,Policy Intervention,AR,None,/home/kaahin/degree_project/hybrid-epidemic-forecasting/results/partB/forecasts/partB_structural_mismatch_forecast_A2_AR_None.mat,forecast_results,273,274,0.00951384741393686,0.00951384741393686,0.0157192691813177,0.0126553409434787,0.00140614899371986,0.00808907222909389,1.8626191123116e-05,0,0.928571428571429,0.141071428571429,0.2125,0.129355538914088,1,closed_loop_monte_carlo,ok,ok,-2322.29501678698
structural_mismatch,SEIR structural mismatch,SEIR,uds,1,0,0,A2,Policy Intervention,AR,None,/home/kaahin/degree_project/hybrid-epidemic-forecasting/results/partB/forecasts/partB_structural_mismatch_forecast_A2_AR_None.mat,forecast_results,280,281,0.00667281547314834,0.00667281547314834,0.0183068580633111,0.0138256563205156,0.00153618403561284,0.00397732162557154,0.00115930981196395,0,0.696428571428571,-0.0910714285714286,0.248214285714286,0.0752431446356022,1,closed_loop_monte_carlo,ok,ok,-2388.69938912293
structural_mismatch,SEIR structural mismatch,SEIR,uds,1,0,0,A2,Policy Intervention,AR,None,/home/kaahin/degree_project/hybrid-epidemic-forecasting/results/partB/forecasts/partB_structural_mismatch_forecast_A2_AR_None.mat,forecast_results,287,288,0.00845239301913675,0.00845239301913675,0.0185179606914591,0.01424277596521,0.00158253066280111,0.00554295427162221,0.00132690808471343,0,0.732142857142857,-0.0553571428571429,0.223214285714286,0.102946425899223,1,closed_loop_monte_carlo,ok,ok,-2455.27579436599
structural_mismatch,SEIR structural mismatch,SEIR,uds,1,0,0,A2,Policy Intervention,AR,None,/home/kaahin/degree_project/hybrid-epidemic-forecasting/results/partB/forecasts/partB_structural_mismatch_forecast_A2_AR_None.mat,forecast_results,294,295,0.00558399258850499,0.00558399258850499,0.0140313006985046,0.0108870895011473,0.00120967661123859,0.0031791761555625,0.0011951398217039,0,0.607142857142857,-0.180357142857143,0.307142857142857,0.0640483812184127,1,closed_loop_monte_carlo,ok,ok,-2522.02009724749
structural_mismatch,SEIR structural mismatch,SEIR,uds,1,0,0,A2,Policy Intervention,AR,None,/home/kaahin/degree_project/hybrid-epidemic-forecasting/results/partB/forecasts/partB_structural_mismatch_forecast_A2_AR_None.mat,forecast_results,301,302,0.00619509827702644,0.00619509827702644,0.0124579894161026,0.00929719290249903,0.001033021433611,0.00475891561471671,0.000403161228698727,0,0.732142857142857,-0.0553571428571429,0.223214285714286,0.0919804662143101,1,closed_loop_monte_carlo,ok,ok,-2588.92835764753
structural_mismatch,SEIR structural mismatch,SEIR,uds,1,0,0,A2,Policy Intervention,AR,None,/home/kaahin/degree_project/hybrid-epidemic-forecasting/results/partB/forecasts/partB_structural_mismatch_forecast_A2_AR_None.mat,forecast_results,308,309,0.00725845176281079,0.00725845176281079,0.0150937191890409,0.0120642551689181,0.00134047279654645,0.00490416356571588,0.00101381540054846,0,0.696428571428571,-0.0910714285714286,0.248214285714286,0.0951334456276417,1,closed_loop_monte_carlo,ok,ok,-2655.99681704183
structural_mismatch,SEIR structural mismatch,SEIR,uds,1,0,0,A2,Policy Intervention,AR,None,/home/kaahin/degree_project/hybrid-epidemic-forecasting/results/partB/forecasts/partB_structural_mismatch_forecast_A2_AR_None.mat,forecast_results,315,316,0.00752080890012877,0.00752080890012877,0.0120876890158783,0.00944384699788485,0.00104931633309832,0.00602822655130135,0.000443266015729109,0,0.732142857142857,-0.0553571428571429,0.223214285714286,0.115654485527991,1,closed_loop_monte_carlo,ok,ok,-2723.22188617836
structural_mismatch,SEIR structural mismatch,SEIR,uds,1,0,0,A2,Policy Intervention,AR,None,/home/kaahin/degree_project/hybrid-epidemic-forecasting/results/partB/forecasts/partB_structural_mismatch_forecast_A2_AR_None.mat,forecast_results,322,323,0.00562018447676258,0.00562018447676258,0.0133743064892846,0.0104985469911621,0.00116650522124023,0.00401175705024615,0.000441922205276202,0,0.732142857142857,-0.0553571428571429,0.223214285714286,0.0795704024432215,1,closed_loop_monte_carlo,ok,ok,-2790.60013384714
structural_mismatch,SEIR structural mismatch,SEIR,uds,1,0,0,A2,Policy Intervention,AR,None,/home/kaahin/degree_project/hybrid-epidemic-forecasting/results/partB/forecasts/partB_structural_mismatch_forecast_A2_AR_None.mat,forecast_results,329,330,0.0067790917321564,0.0067790917321564,0.0157592227140969,0.0123878294423893,0.00137642549359882,0.00377116343949526,0.00163150279906233,0,0.607142857142857,-0.180357142857143,0.301785714285714,0.0709458339742997,1,closed_loop_monte_carlo,ok,ok,-2858.12827662456
structural_mismatch,SEIR structural mismatch,SEIR,uds,1,0,0,A2,Policy Intervention,AR,None,/home/kaahin/degree_project/hybrid-epidemic-forecasting/results/partB/forecasts/partB_structural_mismatch_forecast_A2_AR_None.mat,forecast_results,336,337,0.00752632593842081,0.00752632593842081,0.0179678488704206,0.0138250301624427,0.00153611446249364,0.00437835190005313,0.00161185957587405,0,0.625,-0.1625,0.291071428571429,0.082224941005086,1,closed_loop_monte_carlo,ok,ok,-2925.8031694886
structural_mismatch,SEIR structural mismatch,SEIR,uds,1,0,0,A2,Policy Intervention,AR,None,/home/kaahin/degree_project/hybrid-epidemic-forecasting/results/partB/forecasts/partB_structural_mismatch_forecast_A2_AR_None.mat,forecast_results,343,344,0.00622474938840357,0.00622474938840357,0.0131566898453985,0.0104465812177632,0.00116073124641813,0.00460585881692256,0.000458159325062883,0,0.767857142857143,-0.0196428571428571,0.223214285714286,0.0900224349125708,1,closed_loop_monte_carlo,ok,ok,-2993.62179721427
structural_mismatch,SEIR structural mismatch,SEIR,uds,1,0,0,A2,Policy Intervention,AR,None,/home/kaahin/degree_project/hybrid-epidemic-forecasting/results/partB/forecasts/partB_structural_mismatch_forecast_A2_AR_None.mat,forecast_results,350,351,0.00584203727051295,0.00584203727051295,0.0130364200666562,0.0102167427895831,0.00113519364328701,0.00346795352867178,0.00123889009855416,0,0.607142857142857,-0.180357142857143,0.316071428571429,0.0743318498578943,1,closed_loop_monte_carlo,ok,ok,-3061.58126646982
structural_mismatch,SEIR structural mismatch,SEIR,uds,1,0,0,A2,Policy Intervention,ARX,I,/home/kaahin/degree_project/hybrid-epidemic-forecasting/results/partB/forecasts/partB_structural_mismatch_forecast_A2_ARX_I.mat,forecast_results,49,50,3.61298292870872e-14,3.61298292870872e-14,6.7279567636584e-14,3.61298292870872e-14,4.01442547634303e-15,0,3.21154038107442e-14,0,0.0714285714285714,-0.716071428571429,0.746428571428572,0,1,closed_loop_monte_carlo,persistence_fallback,ok,Inf
structural_mismatch,SEIR structural mismatch,SEIR,uds,1,0,0,A2,Policy Intervention,ARX,I,/home/kaahin/degree_project/hybrid-epidemic-forecasting/results/partB/forecasts/partB_structural_mismatch_forecast_A2_ARX_I.mat,forecast_results,56,57,1.19816854850439e-12,1.19816854850439e-12,2.22856486924912e-12,1.19816854850439e-12,1.3312983872271e-13,0,1.06503870978168e-12,0,0,-0.7875,0.7875,0,1,closed_loop_monte_carlo,persistence_fallback,ok,Inf
structural_mismatch,SEIR structural mismatch,SEIR,uds,1,0,0,A2,Policy Intervention,ARX,I,/home/kaahin/degree_project/hybrid-epidemic-forecasting/results/partB/forecasts/partB_structural_mismatch_forecast_A2_ARX_I.mat,forecast_results,63,64,3.96757388847797e-11,3.96757388847797e-11,7.37989075060521e-11,3.96757388847797e-11,4.40841543164219e-12,0,3.52673234531375e-11,0,0,-0.7875,0.7875,0,1,closed_loop_monte_carlo,persistence_fallback,ok,Inf
structural_mismatch,SEIR structural mismatch,SEIR,uds,1,0,0,A2,Policy Intervention,ARX,I,/home/kaahin/degree_project/hybrid-epidemic-forecasting/results/partB/forecasts/partB_structural_mismatch_forecast_A2_ARX_I.mat,forecast_results,70,71,1.31388032200062e-09,1.31388032200062e-09,2.4438852668814e-09,1.31388032200062e-09,1.45986702444514e-10,0,1.16789361955611e-09,0,0,-0.7875,0.7875,0,1,closed_loop_monte_carlo,persistence_fallback,ok,Inf
structural_mismatch,SEIR structural mismatch,SEIR,uds,1,0,0,A2,Policy Intervention,ARX,I,/home/kaahin/degree_project/hybrid-epidemic-forecasting/results/partB/forecasts/partB_structural_mismatch_forecast_A2_ARX_I.mat,forecast_results,77,78,4.35097311513033e-08,4.35097311513033e-08,8.09303501354723e-08,4.35097311513033e-08,4.83441457236703e-09,0,3.86753165789363e-08,0,0,-0.7875,0.7875,0,1,closed_loop_monte_carlo,persistence_fallback,ok,Inf
structural_mismatch,SEIR structural mismatch,SEIR,uds,1,0,0,A2,Policy Intervention,ARX,I,/home/kaahin/degree_project/hybrid-epidemic-forecasting/results/partB/forecasts/partB_structural_mismatch_forecast_A2_ARX_I.mat,forecast_results,84,85,1.4408380575632e-06,1.4408380575632e-06,2.68002974126829e-06,1.4408380575632e-06,1.60093117507022e-07,0,1.28074494005618e-06,0,0,-0.7875,0.7875,0,1,closed_loop_monte_carlo,persistence_fallback,ok,Inf
structural_mismatch,SEIR structural mismatch,SEIR,uds,1,0,0,A2,Policy Intervention,ARX,I,/home/kaahin/degree_project/hybrid-epidemic-forecasting/results/partB/forecasts/partB_structural_mismatch_forecast_A2_ARX_I.mat,forecast_results,91,92,4.93628637392581e-09,4.93628637392581e-09,1.25866002972954e-08,4.93648185820713e-09,5.48497984245237e-10,2.91015007506408e-14,0,4.38775928817983e-09,0,-0.7875,0.7875,4.64005817895392e-13,1,closed_loop_monte_carlo,ok,ok,-6300.43929152211
structural_mismatch,SEIR structural mismatch,SEIR,uds,1,0,0,A2,Policy Intervention,ARX,I,/home/kaahin/degree_project/hybrid-epidemic-forecasting/results/partB/forecasts/partB_structural_mismatch_forecast_A2_ARX_I.mat,forecast_results,98,99,5.36322646341436e-06,5.36322646341436e-06,1.36593097075596e-05,5.36324903133156e-06,5.9591655903684e-07,1.48136762116261e-11,0,4.76729509070131e-06,0,-0.7875,0.7875,2.90294367909029e-10,1,closed_loop_monte_carlo,ok,ok,-5517.87812811729
structural_mismatch,SEIR structural mismatch,SEIR,uds,1,0,0,A2,Policy Intervention,ARX,I,/home/kaahin/degree_project/hybrid-epidemic-forecasting/results/partB/forecasts/partB_structural_mismatch_forecast_A2_ARX_I.mat,forecast_results,105,106,0.00455049604429747,0.00455049604429747,0.0111374679577245,0.00455054001532535,0.000505615557258372,1.30739675664935e-08,0,0.00404486741307153,0,-0.7875,0.7875,2.45162978271659e-07,1,closed_loop_monte_carlo,ok,ok,-4432.12183948134
structural_mismatch,SEIR structural mismatch,SEIR,uds,1,0,0,A2,Policy Intervention,ARX,I,/home/kaahin/degree_project/hybrid-epidemic-forecasting/results/partB/forecasts/partB_structural_mismatch_forecast_A2_ARX_I.mat,forecast_results,112,113,0.241969077777935,0.241969077777935,0.390009873305448,0.241972700849526,0.0268858556499474,1.70592799418155e-06,0,0.215081516199994,0,-0.7875,0.7875,2.88065326425157e-05,1,closed_loop_monte_carlo,ok,ok,-3152.92900678413
structural_mismatch,SEIR structural mismatch,SEIR,uds,1,0,0,A2,Policy Intervention,ARX,I,/home/kaahin/degree_project/hybrid-epidemic-forecasting/results/partB/forecasts/partB_structural_mismatch_forecast_A2_ARX_I.mat,forecast_results,119,120,0.4987719847255,0.4987719847255,0.569747909524963,0.498782820457266,0.0554203133841407,6.36103046393067e-05,0,0.44328806103672,0,-0.7875,0.7875,0.00122309480738644,1,closed_loop_monte_carlo,ok,ok,-1755.89166030376
structural_mismatch,SEIR structural mismatch,SEIR,uds,1,0,0,A2,Policy Intervention,ARX,I,/home/kaahin/degree_project/hybrid-epidemic-forecasting/results/partB/forecasts/partB_structural_mismatch_forecast_A2_ARX_I.mat,forecast_results,126,127,0.198604651967237,0.198604651967237,0.25585570493529,0.223420809806744,0.0248245344229716,0.00352962501336869,0,0.170250492530897,0,-0.7875,0.7875,0.0678654148245688,1,closed_loop_monte_carlo,ok,ok,-1015.66970816671
structural_mismatch,SEIR structural mismatch,SEIR,uds,1,0,0,A2,Policy Intervention,ARX,I,/home/kaahin/degree_project/hybrid-epidemic-forecasting/results/partB/forecasts/partB_structural_mismatch_forecast_A2_ARX_I.mat,forecast_results,133,134,0.0133937034991288,0.0133937034991288,0.0445916451657241,0.0332552563700381,0.00369502848555979,0.00703563751773232,0.0026630374958367,0,0.785714285714286,-0.00178571428571429,0.2125,0.110339659251995,1,closed_loop_monte_carlo,ok,ok,-1036.82069328653
structural_mismatch,SEIR structural mismatch,SEIR,uds,1,0,0,A2,Policy Intervention,ARX,I,/home/kaahin/degree_project/hybrid-epidemic-forecasting/results/partB/forecasts/partB_structural_mismatch_forecast_A2_ARX_I.mat,forecast_results,140,141,0.0138110145266999,0.0138110145266999,0.0451960931456239,0.035481753485648,0.00394241705396089,0.00706467999922396,0.00280391747351502,0,0.75,-0.0375,0.2125,0.119783694373668,1,closed_loop_monte_carlo,ok,ok,-1098.56437090227
structural_mismatch,SEIR structural mismatch,SEIR,uds,1,0,0,A2,Policy Intervention,ARX,I,/home/kaahin/degree_project/hybrid-epidemic-forecasting/results/partB/forecasts/partB_structural_mismatch_forecast_A2_ARX_I.mat,forecast_results,147,148,0.0112133188626768,0.0112133188626768,0.0428171223880295,0.0329905078002266,0.00366561197780296,0.00750681710134909,4.0889783524789e-05,0,0.928571428571429,0.141071428571429,0.2125,0.117089180888016,1,closed_loop_monte_carlo,ok,ok,-1160.47085679086
structural_mismatch,SEIR structural mismatch,SEIR,uds,1,0,0,A2,Policy Intervention,ARX,I,/home/kaahin/degree_project/hybrid-epidemic-forecasting/results/partB/forecasts/partB_structural_mismatch_forecast_A2_ARX_I.mat,forecast_results,154,155,0.0137246190393472,0.0137246190393472,0.046699692059655,0.0359260075141704,0.0039917786126856,0.00722033558356415,0.00251250484309746,0,0.767857142857143,-0.0196428571428571,0.2125,0.116965257231698,1,closed_loop_monte_carlo,ok,ok,-1222.68963951934
structural_mismatch,SEIR structural mismatch,SEIR,uds,1,0,0,A2,Policy Intervention,ARX,I,/home/kaahin/degree_project/hybrid-epidemic-forecasting/results/partB/forecasts/partB_structural_mismatch_forecast_A2_ARX_I.mat,forecast_results,161,162,0.0109243958680214,0.0109243958680214,0.0327056579156218,0.0260554972987346,0.00289505525541495,0.00558333557022256,0.00244600504238391,0,0.732142857142857,-0.0553571428571429,0.223214285714286,0.0957350653756698,1,closed_loop_monte_carlo,ok,ok,-1285.21530742958
structural_mismatch,SEIR structural mismatch,SEIR,uds,1,0,0,A2,Policy Intervention,ARX,I,/home/kaahin/degree_project/hybrid-epidemic-forecasting/results/partB/forecasts/partB_structural_mismatch_forecast_A2_ARX_I.mat,forecast_results,168,169,0.0124015640335825,0.0124015640335825,0.0386241601680327,0.0298056448009723,0.00331173831121914,0.00771433862280615,0.00137548709955725,0,0.75,-0.0375,0.2125,0.127102445944273,1,closed_loop_monte_carlo,ok,ok,-1348.0353681095
structural_mismatch,SEIR structural mismatch,SEIR,uds,1,0,0,A2,Policy Intervention,ARX,I,/home/kaahin/degree_project/hybrid-epidemic-forecasting/results/partB/forecasts/partB_structural_mismatch_forecast_A2_ARX_I.mat,forecast_results,175,176,0.0115527199324672,0.0115527199324672,0.0328978066423179,0.0260992188628127,0.00289991320697919,0.00759867372642709,0.0010541329990609,0,0.767857142857143,-0.0196428571428571,0.2125,0.120830456497741,1,closed_loop_monte_carlo,ok,ok,-1411.13809158543
structural_mismatch,SEIR structural mismatch,SEIR,uds,1,0,0,A2,Policy Intervention,ARX,I,/home/kaahin/degree_project/hybrid-epidemic-forecasting/results/partB/forecasts/partB_structural_mismatch_forecast_A2_ARX_I.mat,forecast_results,182,183,0.0099486046603553,0.0099486046603553,0.0327046190249721,0.0259807066192759,0.00288674517991955,0.00629621939557299,0.00076564008486276,0,0.785714285714286,-0.00178571428571429,0.2125,0.102740293514594,1,closed_loop_monte_carlo,ok,ok,-1474.51263734416
structural_mismatch,SEIR structural mismatch,SEIR,uds,1,0,0,A2,Policy Intervention,ARX,I,/home/kaahin/degree_project/hybrid-epidemic-forecasting/results/partB/forecasts/partB_structural_mismatch_forecast_A2_ARX_I.mat,forecast_results,189,190,0.0123714654630641,0.0123714654630641,0.0302424126512035,0.0230373242344073,0.00255970269271192,0.00833258406499249,0.00147917870535973,0,0.767857142857143,-0.0196428571428571,0.2125,0.150904691884692,1,closed_loop_monte_carlo,ok,ok,-1538.14896172697
structural_mismatch,SEIR structural mismatch,SEIR,uds,1,0,0,A2,Policy Intervention,ARX,I,/home/kaahin/degree_project/hybrid-epidemic-forecasting/results/partB/forecasts/partB_structural_mismatch_forecast_A2_ARX_I.mat,forecast_results,196,197,0.00948751592406366,0.00948751592406366,0.0283435377618891,0.0224621688871517,0.00249579654301686,0.00459588235935226,0.00239583702169454,0,0.75,-0.0375,0.223214285714286,0.0756612887977042,1,closed_loop_monte_carlo,ok,ok,-1602.03773311743
structural_mismatch,SEIR structural mismatch,SEIR,uds,1,0,0,A2,Policy Intervention,ARX,I,/home/kaahin/degree_project/hybrid-epidemic-forecasting/results/partB/forecasts/partB_structural_mismatch_forecast_A2_ARX_I.mat,forecast_results,203,204,0.0123798599843482,0.0123798599843482,0.0329166124464284,0.0250276490169497,0.00278084989077219,0.0064036884661261,0.00319532162744994,0,0.767857142857143,-0.0196428571428571,0.2125,0.116934880891676,1,closed_loop_monte_carlo,ok,ok,-1666.17025884927
structural_mismatch,SEIR structural mismatch,SEIR,uds,1,0,0,A2,Policy Intervention,ARX,I,/home/kaahin/degree_project/hybrid-epidemic-forecasting/results/partB/forecasts/partB_structural_mismatch_forecast_A2_ARX_I.mat,forecast_results,210,211,0.00963776746990836,0.00963776746990836,0.0306869043644705,0.0238873304816391,0.00265414783129324,0.00412754791130191,0.00285607172731321,0,0.75,-0.0375,0.223214285714286,0.0685186994323148,1,closed_loop_monte_carlo,ok,ok,-1730.53842186786
structural_mismatch,SEIR structural mismatch,SEIR,uds,1,0,0,A2,Policy Intervention,ARX,I,/home/kaahin/degree_project/hybrid-epidemic-forecasting/results/partB/forecasts/partB_structural_mismatch_forecast_A2_ARX_I.mat,forecast_results,217,218,0.00959945491831141,0.00959945491831141,0.0270890084599191,0.0213215765767434,0.0023690640640826,0.00473690219604522,0.00249348865818359,0,0.660714285714286,-0.126785714285714,0.269642857142857,0.0804076386467652,1,closed_loop_monte_carlo,ok,ok,-1795.134625519
structural_mismatch,SEIR structural mismatch,SEIR,uds,1,0,0,A2,Policy Intervention,ARX,I,/home/kaahin/degree_project/hybrid-epidemic-forecasting/results/partB/forecasts/partB_structural_mismatch_forecast_A2_ARX_I.mat,forecast_results,224,225,0.00946694668342189,0.00946694668342189,0.0264530455488481,0.0202275053690011,0.00224750059655568,0.00640461928736133,0.000814826799504886,0,0.732142857142857,-0.0553571428571429,0.223214285714286,0.116985060898066,1,closed_loop_monte_carlo,ok,ok,-1859.95174518202
structural_mismatch,SEIR structural mismatch,SEIR,uds,1,0,0,A2,Policy Intervention,ARX,I,/home/kaahin/degree_project/hybrid-epidemic-forecasting/results/partB/forecasts/partB_structural_mismatch_forecast_A2_ARX_I.mat,forecast_results,231,232,0.00839655067621098,0.00839655067621098,0.0243393323099968,0.018725433678878,0.00208060374209755,0.00569410439866878,0.000621842535444647,0,0.785714285714286,-0.00178571428571429,0.2125,0.0996027775451601,1,closed_loop_monte_carlo,ok,ok,-1924.98308571233
structural_mismatch,SEIR structural mismatch,SEIR,uds,1,0,0,A2,Policy Intervention,ARX,I,/home/kaahin/degree_project/hybrid-epidemic-forecasting/results/partB/forecasts/partB_structural_mismatch_forecast_A2_ARX_I.mat,forecast_results,238,239,0.00943568852185195,0.00943568852185195,0.0279111795761795,0.0214336241351514,0.0023815137927946,0.00456502747818644,0.00248914725087092,0,0.732142857142857,-0.0553571428571429,0.223214285714286,0.0818243216916858,1,closed_loop_monte_carlo,ok,ok,-1990.22234384461
structural_mismatch,SEIR structural mismatch,SEIR,uds,1,0,0,A2,Policy Intervention,ARX,I,/home/kaahin/degree_project/hybrid-epidemic-forecasting/results/partB/forecasts/partB_structural_mismatch_forecast_A2_ARX_I.mat,forecast_results,245,246,0.00940738239659892,0.00940738239659892,0.0258334429709324,0.0197369388849845,0.00219299320944273,0.00493724682318037,0.00227714236397582,0,0.678571428571429,-0.108928571428571,0.255357142857143,0.095023225426039,1,closed_loop_monte_carlo,ok,ok,-2055.66357485412
structural_mismatch,SEIR structural mismatch,SEIR,uds,1,0,0,A2,Policy Intervention,ARX,I,/home/kaahin/degree_project/hybrid-epidemic-forecasting/results/partB/forecasts/partB_structural_mismatch_forecast_A2_ARX_I.mat,forecast_results,252,253,0.0122862981919599,0.0122862981919599,0.0330686945858356,0.0251747514798861,0.00279719460887623,0.00487386574562763,0.00461523783745608,0,0.375,-0.4125,0.4625,0.0821867945193616,1,closed_loop_monte_carlo,ok,ok,-2121.30116289026
structural_mismatch,SEIR structural mismatch,SEIR,uds,1,0,0,A2,Policy Intervention,ARX,I,/home/kaahin/degree_project/hybrid-epidemic-forecasting/results/partB/forecasts/partB_structural_mismatch_forecast_A2_ARX_I.mat,forecast_results,259,260,0.0106419735662396,0.0106419735662396,0.0248073381196171,0.0192788889010653,0.00214209876678503,0.00653692937306866,0.00196294542638594,0,0.714285714285714,-0.0732142857142857,0.233928571428571,0.116346966509206,1,closed_loop_monte_carlo,ok,ok,-2187.12979449054
structural_mismatch,SEIR structural mismatch,SEIR,uds,1,0,0,A2,Policy Intervention,ARX,I,/home/kaahin/degree_project/hybrid-epidemic-forecasting/results/partB/forecasts/partB_structural_mismatch_forecast_A2_ARX_I.mat,forecast_results,266,267,0.00776715798240399,0.00776715798240399,0.0202544797031737,0.0154314310346593,0.00171460344829547,0.00478948263649245,0.00126307189761607,0,0.696428571428571,-0.0910714285714286,0.248214285714286,0.0906266579759544,1,closed_loop_monte_carlo,ok,ok,-2253.14443486035
structural_mismatch,SEIR structural mismatch,SEIR,uds,1,0,0,A2,Policy Intervention,ARX,I,/home/kaahin/degree_project/hybrid-epidemic-forecasting/results/partB/forecasts/partB_structural_mismatch_forecast_A2_ARX_I.mat,forecast_results,273,274,0.0104594648458913,0.0104594648458913,0.0249273691917679,0.0192629800928517,0.00214033112142796,0.00668878489921975,0.00163034882524357,0,0.678571428571429,-0.108928571428571,0.258928571428571,0.118544018528926,1,closed_loop_monte_carlo,ok,ok,-2319.34030656689
structural_mismatch,SEIR structural mismatch,SEIR,uds,1,0,0,A2,Policy Intervention,ARX,I,/home/kaahin/degree_project/hybrid-epidemic-forecasting/results/partB/forecasts/partB_structural_mismatch_forecast_A2_ARX_I.mat,forecast_results,280,281,0.00881141966902417,0.00881141966902417,0.0217621073423185,0.0172867957971153,0.00192075508856836,0.00360912163744087,0.00328154294301494,0,0.339285714285714,-0.448214285714286,0.496428571428571,0.0677998325658387,1,closed_loop_monte_carlo,ok,ok,-2385.71287034807
structural_mismatch,SEIR structural mismatch,SEIR,uds,1,0,0,A2,Policy Intervention,ARX,I,/home/kaahin/degree_project/hybrid-epidemic-forecasting/results/partB/forecasts/partB_structural_mismatch_forecast_A2_ARX_I.mat,forecast_results,287,288,0.00872108812437975,0.00872108812437975,0.0214595012234419,0.0162219648627138,0.00180244054030153,0.00495792533574368,0.00196072224833455,0,0.732142857142857,-0.0553571428571429,0.223214285714286,0.0929499924895636,1,closed_loop_monte_carlo,ok,ok,-2452.25780778054
structural_mismatch,SEIR structural mismatch,SEIR,uds,1,0,0,A2,Policy Intervention,ARX,I,/home/kaahin/degree_project/hybrid-epidemic-forecasting/results/partB/forecasts/partB_structural_mismatch_forecast_A2_ARX_I.mat,forecast_results,294,295,0.00709268851360707,0.00709268851360707,0.0192626470748916,0.0150162806476508,0.00166847562751676,0.00448979928748713,0.000934413598603184,0,0.696428571428571,-0.0910714285714286,0.244642857142857,0.0867604184198922,1,closed_loop_monte_carlo,ok,ok,-2518.97100558712
structural_mismatch,SEIR structural mismatch,SEIR,uds,1,0,0,A2,Policy Intervention,ARX,I,/home/kaahin/degree_project/hybrid-epidemic-forecasting/results/partB/forecasts/partB_structural_mismatch_forecast_A2_ARX_I.mat,forecast_results,301,302,0.00571968828676392,0.00571968828676392,0.0165223617174509,0.0128251419158996,0.00142501576843328,0.00378922368124517,0.000505448837085463,0,0.714285714285714,-0.0732142857142857,0.248214285714286,0.0672672786019487,1,closed_loop_monte_carlo,ok,ok,-2585.84854139462
structural_mismatch,SEIR structural mismatch,SEIR,uds,1,0,0,A2,Policy Intervention,ARX,I,/home/kaahin/degree_project/hybrid-epidemic-forecasting/results/partB/forecasts/partB_structural_mismatch_forecast_A2_ARX_I.mat,forecast_results,308,309,0.00898128330447425,0.00898128330447425,0.0222046048948852,0.0168866824406441,0.00187629804896045,0.00269881379247127,0.00440617146304252,0,0.410714285714286,-0.376785714285714,0.435714285714286,0.0559900903083751,1,closed_loop_monte_carlo,ok,ok,-2652.88667077817
structural_mismatch,SEIR structural mismatch,SEIR,uds,1,0,0,A2,Policy Intervention,ARX,I,/home/kaahin/degree_project/hybrid-epidemic-forecasting/results/partB/forecasts/partB_structural_mismatch_forecast_A2_ARX_I.mat,forecast_results,315,316,0.00684700799662921,0.00684700799662921,0.0184452100775313,0.0141845326884658,0.00157605918760731,0.00425590350292827,0.00101504530609363,0,0.678571428571429,-0.108928571428571,0.264285714285714,0.0797110577087258,1,closed_loop_monte_carlo,ok,ok,-2720.08181545037
structural_mismatch,SEIR structural mismatch,SEIR,uds,1,0,0,A2,Policy Intervention,ARX,I,/home/kaahin/degree_project/hybrid-epidemic-forecasting/results/partB/forecasts/partB_structural_mismatch_forecast_A2_ARX_I.mat,forecast_results,322,323,0.00833852787243368,0.00833852787243368,0.0207987225989394,0.0162807735858063,0.00180897484286737,0.00508473893335875,0.00144481409620756,0,0.714285714285714,-0.0732142857142857,0.233928571428571,0.0978553895442287,1,closed_loop_monte_carlo,ok,ok,-2787.43055247139
structural_mismatch,SEIR structural mismatch,SEIR,uds,1,0,0,A2,Policy Intervention,ARX,I,/home/kaahin/degree_project/hybrid-epidemic-forecasting/results/partB/forecasts/partB_structural_mismatch_forecast_A2_ARX_I.mat,forecast_results,329,330,0.0075463308629975,0.0075463308629975,0.0215437451678452,0.0165994661512931,0.00184438512792146,0.00379468086401758,0.00190726487105847,0,0.571428571428571,-0.216071428571429,0.339285714285714,0.0690366063241808,1,closed_loop_monte_carlo,ok,ok,-2854.92960437239
structural_mismatch,SEIR structural mismatch,SEIR,uds,1,0,0,A2,Policy Intervention,ARX,I,/home/kaahin/degree_project/hybrid-epidemic-forecasting/results/partB/forecasts/partB_structural_mismatch_forecast_A2_ARX_I.mat,forecast_results,336,337,0.00777794545414739,0.00777794545414739,0.0199060064686315,0.01545701663146,0.00171744629238445,0.00336026848039282,0.00270023068137012,0,0.517857142857143,-0.269642857142857,0.375,0.0634319699947782,1,closed_loop_monte_carlo,ok,ok,-2922.57583009747
structural_mismatch,SEIR structural mismatch,SEIR,uds,1,0,0,A2,Policy Intervention,ARX,I,/home/kaahin/degree_project/hybrid-epidemic-forecasting/results/partB/forecasts/partB_structural_mismatch_forecast_A2_ARX_I.mat,forecast_results,343,344,0.00864644788672758,0.00864644788672758,0.0194955537500668,0.0149492963018412,0.0016610329224268,0.00479735663578992,0.00218805832851087,0,0.678571428571429,-0.108928571428571,0.255357142857143,0.0957976480282909,1,closed_loop_monte_carlo,ok,ok,-2990.36621668133
structural_mismatch,SEIR structural mismatch,SEIR,uds,1,0,0,A2,Policy Intervention,ARX,I,/home/kaahin/degree_project/hybrid-epidemic-forecasting/results/partB/forecasts/partB_structural_mismatch_forecast_A2_ARX_I.mat,forecast_results,350,351,0.00695997457697415,0.00695997457697415,0.0177055822697805,0.0135381871581356,0.00150424301757062,0.00392989278070707,0.00152583877869646,0,0.714285714285714,-0.0732142857142857,0.233928571428571,0.0793309193086781,1,closed_loop_monte_carlo,ok,ok,-3058.29787158937
structural_mismatch,SEIR structural mismatch,SEIR,uds,1,0,0,A3,Damping Resurgence,AR,None,/home/kaahin/degree_project/hybrid-epidemic-forecasting/results/partB/forecasts/partB_structural_mismatch_forecast_A3_AR_None.mat,forecast_results,49,50,0.00468701748434224,0.00468701748434224,0.0193503831948548,0.0117775145075975,0.00130861272306639,0.00217292049123655,0.0012054842700393,0,0.875,0.0875,0.223214285714286,0.0316852905135578,1,closed_loop_monte_carlo,ok,ok,-598.317747138306
structural_mismatch,SEIR structural mismatch,SEIR,uds,1,0,0,A3,Damping Resurgence,AR,None,/home/kaahin/degree_project/hybrid-epidemic-forecasting/results/partB/forecasts/partB_structural_mismatch_forecast_A3_AR_None.mat,forecast_results,56,57,0.0184987604373048,0.0184987604373048,0.045044138531712,0.034100777958483,0.00378897532872033,0.00260556972633195,0.0121042153822525,0,0.339285714285714,-0.448214285714286,0.514285714285714,0.0385958090302159,1,closed_loop_monte_carlo,ok,ok,-671.371137329103
structural_mismatch,SEIR structural mismatch,SEIR,uds,1,0,0,A3,Damping Resurgence,AR,None,/home/kaahin/degree_project/hybrid-epidemic-forecasting/results/partB/forecasts/partB_structural_mismatch_forecast_A3_AR_None.mat,forecast_results,63,64,0.0220757124845698,0.0220757124845698,0.0505378791275769,0.0385721034496678,0.00428578927218532,0.00306772323026223,0.0147221999821223,0,0.25,-0.5375,0.596428571428571,0.0431283210139985,1,closed_loop_monte_carlo,ok,ok,-750.927344280281
structural_mismatch,SEIR structural mismatch,SEIR,uds,1,0,0,A3,Damping Resurgence,AR,None,/home/kaahin/degree_project/hybrid-epidemic-forecasting/results/partB/forecasts/partB_structural_mismatch_forecast_A3_AR_None.mat,forecast_results,70,71,0.0327852627203152,0.0327852627203152,0.0621299084546706,0.0493060996143643,0.00547845551270714,0.00291944187274366,0.0243873653348644,0,0.0178571428571429,-0.769642857142857,0.771428571428572,0.0408672695840795,1,closed_loop_monte_carlo,ok,ok,-840.758817082201
structural_mismatch,SEIR structural mismatch,SEIR,uds,1,0,0,A3,Damping Resurgence,AR,None,/home/kaahin/degree_project/hybrid-epidemic-forecasting/results/partB/forecasts/partB_structural_mismatch_forecast_A3_AR_None.mat,forecast_results,77,78,0.0339829333299842,0.0339829333299842,0.0548916076716552,0.0443214292958723,0.00492460325509692,0.00254036458361213,0.0265179654912751,0,0,-0.7875,0.7875,0.0362509853069182,1,closed_loop_monte_carlo,ok,ok,-918.022002760587
structural_mismatch,SEIR structural mismatch,SEIR,uds,1,0,0,A3,Damping Resurgence,AR,None,/home/kaahin/degree_project/hybrid-epidemic-forecasting/results/partB/forecasts/partB_structural_mismatch_forecast_A3_AR_None.mat,forecast_results,84,85,0.0117914776347388,0.0117914776347388,0.0238568360785675,0.0206966557107669,0.00229962841230743,0.00243322280630815,0.00705862641612321,0,0,-0.7875,0.7875,0.0321550606850968,1,closed_loop_monte_carlo,ok,ok,-992.887637339905
structural_mismatch,SEIR structural mismatch,SEIR,uds,1,0,0,A3,Damping Resurgence,AR,None,/home/kaahin/degree_project/hybrid-epidemic-forecasting/results/partB/forecasts/partB_structural_mismatch_forecast_A3_AR_None.mat,forecast_results,91,92,0.00936700367148676,0.00936700367148676,0.0236977114502343,0.0160183716620097,0.00177981907355664,0.00144367063679288,0,0.00614351396113724,0.571428571428571,-0.216071428571429,0.407142857142857,0.0217392327207124,1,closed_loop_monte_carlo,ok,ok,-1083.83195962368
structural_mismatch,SEIR structural mismatch,SEIR,uds,1,0,0,A3,Damping Resurgence,AR,None,/home/kaahin/degree_project/hybrid-epidemic-forecasting/results/partB/forecasts/partB_structural_mismatch_forecast_A3_AR_None.mat,forecast_results,98,99,0.0478508443840475,0.0478508443840475,0.0728177338503359,0.0549656700271208,0.00610729666968009,0.00119092071417943,0,0.040552627000188,0,-0.7875,0.7875,0.0174054710282644,1,closed_loop_monte_carlo,ok,ok,-1176.82254299923
structural_mismatch,SEIR structural mismatch,SEIR,uds,1,0,0,A3,Damping Resurgence,AR,None,/home/kaahin/degree_project/hybrid-epidemic-forecasting/results/partB/forecasts/partB_structural_mismatch_forecast_A3_AR_None.mat,forecast_results,105,106,0.0754577792429263,0.0754577792429263,0.11074753646367,0.0858592495840691,0.00953991662045212,0.00148829046143912,0,0.0644295721610351,0.0178571428571429,-0.769642857142857,0.771428571428572,0.0235812099972747,1,closed_loop_monte_carlo,ok,ok,-1224.18147442782
structural_mismatch,SEIR structural mismatch,SEIR,uds,1,0,0,A3,Damping Resurgence,AR,None,/home/kaahin/degree_project/hybrid-epidemic-forecasting/results/partB/forecasts/partB_structural_mismatch_forecast_A3_AR_None.mat,forecast_results,112,113,0.0700574751175117,0.0700574751175117,0.108998309930545,0.0858182953785408,0.0095353661531712,0.00264791658175629,0,0.0578741923825842,0.0178571428571429,-0.769642857142857,0.771428571428572,0.0372200581148315,1,closed_loop_monte_carlo,ok,ok,-1247.36410027312
structural_mismatch,SEIR structural mismatch,SEIR,uds,1,0,0,A3,Damping Resurgence,AR,None,/home/kaahin/degree_project/hybrid-epidemic-forecasting/results/partB/forecasts/partB_structural_mismatch_forecast_A3_AR_None.mat,forecast_results,119,120,0.0263968716671997,0.0263968716671997,0.0579235680899935,0.0466435087488877,0.00518261208320975,0.00361959715053507,0,0.0175946624334549,0.178571428571429,-0.608928571428571,0.639285714285714,0.0513202888886989,1,closed_loop_monte_carlo,ok,ok,-1298.12487499265
structural_mismatch,SEIR structural mismatch,SEIR,uds,1,0,0,A3,Damping Resurgence,AR,None,/home/kaahin/degree_project/hybrid-epidemic-forecasting/results/partB/forecasts/partB_structural_mismatch_forecast_A3_AR_None.mat,forecast_results,126,127,0.00535380299499387,0.00535380299499387,0.00983041362661128,0.00873149488020404,0.000970166097800448,0.00438312449176402,0,5.12405429406228e-07,0.982142857142857,0.194642857142857,0.2125,0.0617807679458832,1,closed_loop_monte_carlo,ok,ok,-1373.23947428066
structural_mismatch,SEIR structural mismatch,SEIR,uds,1,0,0,A3,Damping Resurgence,AR,None,/home/kaahin/degree_project/hybrid-epidemic-forecasting/results/partB/forecasts/partB_structural_mismatch_forecast_A3_AR_None.mat,forecast_results,133,134,0.00464853864852517,0.00464853864852517,0.0134286042041147,0.00860201481966196,0.000955779424406884,0.00369275922411829,0,0,1,0.2125,0.2125,0.0537068772957136,1,closed_loop_monte_carlo,ok,ok,-1454.18798763827
structural_mismatch,SEIR structural mismatch,SEIR,uds,1,0,0,A3,Damping Resurgence,AR,None,/home/kaahin/degree_project/hybrid-epidemic-forecasting/results/partB/forecasts/partB_structural_mismatch_forecast_A3_AR_None.mat,forecast_results,140,141,0.00742159122374784,0.00742159122374784,0.0249919279402957,0.0184445750551236,0.00204939722834706,0.00381631940690569,0.00155587458849508,0,0.803571428571429,0.0160714285714286,0.233928571428571,0.0557329407266614,1,closed_loop_monte_carlo,ok,ok,-1538.09703275218
structural_mismatch,SEIR structural mismatch,SEIR,uds,1,0,0,A3,Damping Resurgence,AR,None,/home/kaahin/degree_project/hybrid-epidemic-forecasting/results/partB/forecasts/partB_structural_mismatch_forecast_A3_AR_None.mat,forecast_results,147,148,0.0140617838251657,0.0140617838251657,0.040498228427186,0.0318671144339667,0.00354079049266296,0.00412872272009875,0.00639227061240394,0,0.446428571428571,-0.341071428571429,0.453571428571429,0.0613499321964847,1,closed_loop_monte_carlo,ok,ok,-1621.19121773854
structural_mismatch,SEIR structural mismatch,SEIR,uds,1,0,0,A3,Damping Resurgence,AR,None,/home/kaahin/degree_project/hybrid-epidemic-forecasting/results/partB/forecasts/partB_structural_mismatch_forecast_A3_AR_None.mat,forecast_results,154,155,0.00722089547986712,0.00722089547986712,0.0214254022202352,0.0170663803405775,0.00189626448228639,0.0032334401472904,0.00209119085029034,0,0.660714285714286,-0.126785714285714,0.2875,0.0485263006715957,1,closed_loop_monte_carlo,ok,ok,-1701.34341517924
structural_mismatch,SEIR structural mismatch,SEIR,uds,1,0,0,A3,Damping Resurgence,AR,None,/home/kaahin/degree_project/hybrid-epidemic-forecasting/results/partB/forecasts/partB_structural_mismatch_forecast_A3_AR_None.mat,forecast_results,161,162,0.00284515904338007,0.00284515904338007,0.00806876675251005,0.00480313286894058,0.000533681429882287,0.00218295114362475,0,0.000128526469873029,0.964285714285714,0.176785714285714,0.2125,0.0315938724059617,1,closed_loop_monte_carlo,ok,ok,-1784.00586787239
structural_mismatch,SEIR structural mismatch,SEIR,uds,1,0,0,A3,Damping Resurgence,AR,None,/home/kaahin/degree_project/hybrid-epidemic-forecasting/results/partB/forecasts/partB_structural_mismatch_forecast_A3_AR_None.mat,forecast_results,168,169,0.0242528488480921,0.0242528488480921,0.0538474699970473,0.0409706300300368,0.00455229222555965,0.00213278596361078,0,0.0175677706589217,0.214285714285714,-0.573214285714286,0.617857142857143,0.0308704240933765,1,closed_loop_monte_carlo,ok,ok,-1870.34211824671
structural_mismatch,SEIR structural mismatch,SEIR,uds,1,0,0,A3,Damping Resurgence,AR,None,/home/kaahin/degree_project/hybrid-epidemic-forecasting/results/partB/forecasts/partB_structural_mismatch_forecast_A3_AR_None.mat,forecast_results,175,176,0.0549422225581506,0.0549422225581506,0.087335968579205,0.0673713357227227,0.00748570396919141,0.00210974653659414,0,0.0453467720523651,0.0357142857142857,-0.751785714285714,0.757142857142857,0.0307662159294514,1,closed_loop_monte_carlo,ok,ok,-1946.55891675124
structural_mismatch,SEIR structural mismatch,SEIR,uds,1,0,0,A3,Damping Resurgence,AR,None,/home/kaahin/degree_project/hybrid-epidemic-forecasting/results/partB/forecasts/partB_structural_mismatch_forecast_A3_AR_None.mat,forecast_results,182,183,0.0677065483918254,0.0677065483918254,0.10726513582244,0.0837519158626066,0.00930576842917851,0.0022395784548249,0,0.0561612015078219,0,-0.7875,0.7875,0.0324348864736366,1,closed_loop_monte_carlo,ok,ok,-1998.49426883956
structural_mismatch,SEIR structural mismatch,SEIR,uds,1,0,0,A3,Damping Resurgence,AR,None,/home/kaahin/degree_project/hybrid-epidemic-forecasting/results/partB/forecasts/partB_structural_mismatch_forecast_A3_AR_None.mat,forecast_results,189,190,0.0433246418722999,0.0433246418722999,0.0804553283220491,0.0637277737625351,0.00708086375139278,0.0028674510758625,0,0.0333763270450447,0.0535714285714286,-0.733928571428571,0.746428571428572,0.0405072704990877,1,closed_loop_monte_carlo,ok,ok,-2047.97624392133
structural_mismatch,SEIR structural mismatch,SEIR,uds,1,0,0,A3,Damping Resurgence,AR,None,/home/kaahin/degree_project/hybrid-epidemic-forecasting/results/partB/forecasts/partB_structural_mismatch_forecast_A3_AR_None.mat,forecast_results,196,197,0.0101926183169327,0.0101926183169327,0.0329844362541105,0.027545915067436,0.00306065722971511,0.00383533981396256,0,0.00329662127325503,0.714285714285714,-0.0732142857142857,0.233928571428571,0.0554356527683346,1,closed_loop_monte_carlo,ok,ok,-2118.03957963879
structural_mismatch,SEIR structural mismatch,SEIR,uds,1,0,0,A3,Damping Resurgence,AR,None,/home/kaahin/degree_project/hybrid-epidemic-forecasting/results/partB/forecasts/partB_structural_mismatch_forecast_A3_AR_None.mat,forecast_results,203,204,0.00584275457804779,0.00584275457804779,0.0158465787011976,0.012128051968685,0.00134756132985389,0.0044951932481939,0,0,1,0.2125,0.2125,0.0635386207169416,1,closed_loop_monte_carlo,ok,ok,-2198.14079039516
structural_mismatch,SEIR structural mismatch,SEIR,uds,1,0,0,A3,Damping Resurgence,AR,None,/home/kaahin/degree_project/hybrid-epidemic-forecasting/results/partB/forecasts/partB_structural_mismatch_forecast_A3_AR_None.mat,forecast_results,210,211,0.0066518110731919,0.0066518110731919,0.0237944797307742,0.0176915843606575,0.00196573159562861,0.00468607947756328,0,0,1,0.2125,0.2125,0.0643779987050275,1,closed_loop_monte_carlo,ok,ok,-2280.51127861522
structural_mismatch,SEIR structural mismatch,SEIR,uds,1,0,0,A3,Damping Resurgence,AR,None,/home/kaahin/degree_project/hybrid-epidemic-forecasting/results/partB/forecasts/partB_structural_mismatch_forecast_A3_AR_None.mat,forecast_results,217,218,0.00734164781789801,0.00734164781789801,0.0229629317687365,0.0180699092409083,0.00200776769343426,0.00361375131023128,0.00172012881423247,0,0.821428571428571,0.0339285714285714,0.223214285714286,0.0520091649789433,1,closed_loop_monte_carlo,ok,ok,-2363.74885245967
structural_mismatch,SEIR structural mismatch,SEIR,uds,1,0,0,A3,Damping Resurgence,AR,None,/home/kaahin/degree_project/hybrid-epidemic-forecasting/results/partB/forecasts/partB_structural_mismatch_forecast_A3_AR_None.mat,forecast_results,224,225,0.00736711317725237,0.00736711317725237,0.0250776914214672,0.0203676749973315,0.0022630749997035,0.00397728140393785,0.00112675677361103,0,0.785714285714286,-0.00178571428571429,0.2125,0.0571387340310216,1,closed_loop_monte_carlo,ok,ok,-2445.24236950791
structural_mismatch,SEIR structural mismatch,SEIR,uds,1,0,0,A3,Damping Resurgence,AR,None,/home/kaahin/degree_project/hybrid-epidemic-forecasting/results/partB/forecasts/partB_structural_mismatch_forecast_A3_AR_None.mat,forecast_results,231,232,0.00281836350765785,0.00281836350765785,0.00249510687261235,0.00205329226347809,0.000228143584830899,0.00259021992282695,0,0,1,0.2125,0.2125,0.0368176857712828,1,closed_loop_monte_carlo,ok,ok,-2526.63140909069
structural_mismatch,SEIR structural mismatch,SEIR,uds,1,0,0,A3,Damping Resurgence,AR,None,/home/kaahin/degree_project/hybrid-epidemic-forecasting/results/partB/forecasts/partB_structural_mismatch_forecast_A3_AR_None.mat,forecast_results,238,239,0.00964403732080972,0.00964403732080972,0.0301333785760171,0.0213464488131121,0.00237182764590135,0.00233785407843937,0,0.004934355596469,0.607142857142857,-0.180357142857143,0.385714285714286,0.0336566178456391,1,closed_loop_monte_carlo,ok,ok,-2610.87157532175
structural_mismatch,SEIR structural mismatch,SEIR,uds,1,0,0,A3,Damping Resurgence,AR,None,/home/kaahin/degree_project/hybrid-epidemic-forecasting/results/partB/forecasts/partB_structural_mismatch_forecast_A3_AR_None.mat,forecast_results,245,246,0.0373996768664388,0.0373996768664388,0.066024741402982,0.0501777479618358,0.00557530532909286,0.00203794358646323,0,0.0297864279508828,0.0892857142857143,-0.698214285714286,0.716071428571429,0.0305804031158313,1,closed_loop_monte_carlo,ok,ok,-2692.97764005235
structural_mismatch,SEIR structural mismatch,SEIR,uds,1,0,0,A3,Damping Resurgence,AR,None,/home/kaahin/degree_project/hybrid-epidemic-forecasting/results/partB/forecasts/partB_structural_mismatch_forecast_A3_AR_None.mat,forecast_results,252,253,0.0597620470984997,0.0597620470984997,0.093378418607042,0.0726463378619423,0.00807181531799359,0.00231812031949687,0,0.0493721114610092,0.0357142857142857,-0.751785714285714,0.757142857142857,0.0301672274218426,1,closed_loop_monte_carlo,ok,ok,-2759.64361078415
structural_mismatch,SEIR structural mismatch,SEIR,uds,1,0,0,A3,Damping Resurgence,AR,None,/home/kaahin/degree_project/hybrid-epidemic-forecasting/results/partB/forecasts/partB_structural_mismatch_forecast_A3_AR_None.mat,forecast_results,259,260,0.0534925621230364,0.0534925621230364,0.083182618686638,0.0652545509627935,0.00725050566253261,0.00227650772680059,0,0.0439655487337032,0,-0.7875,0.7875,0.0325125391757754,1,closed_loop_monte_carlo,ok,ok,-2812.37986139021
structural_mismatch,SEIR structural mismatch,SEIR,uds,1,0,0,A3,Damping Resurgence,AR,None,/home/kaahin/degree_project/hybrid-epidemic-forecasting/results/partB/forecasts/partB_structural_mismatch_forecast_A3_AR_None.mat,forecast_results,266,267,0.0157986460425246,0.0157986460425246,0.0383258688573013,0.0316792470983522,0.00351991634426135,0.00311917296367373,0,0.00915955673458956,0.410714285714286,-0.376785714285714,0.458928571428571,0.0451167797322906,1,closed_loop_monte_carlo,ok,ok,-2876.64288700806
structural_mismatch,SEIR structural mismatch,SEIR,uds,1,0,0,A3,Damping Resurgence,AR,None,/home/kaahin/degree_project/hybrid-epidemic-forecasting/results/partB/forecasts/partB_structural_mismatch_forecast_A3_AR_None.mat,forecast_results,273,274,0.00401426814432416,0.00401426814432416,0.00307443781193973,0.00287954432539837,0.000319949369488708,0.00369431877483545,0,0,1,0.2125,0.2125,0.0550310520721691,1,closed_loop_monte_carlo,ok,ok,-2955.15693885425
structural_mismatch,SEIR structural mismatch,SEIR,uds,1,0,0,A3,Damping Resurgence,AR,None,/home/kaahin/degree_project/hybrid-epidemic-forecasting/results/partB/forecasts/partB_structural_mismatch_forecast_A3_AR_None.mat,forecast_results,280,281,0.0047802998819465,0.0047802998819465,0.00964016877608868,0.00717320129269453,0.000797022365854948,0.00394553530268008,3.77422134114695e-05,0,0.982142857142857,0.194642857142857,0.2125,0.057649562413296,1,closed_loop_monte_carlo,ok,ok,-3037.07928273934
structural_mismatch,SEIR structural mismatch,SEIR,uds,1,0,0,A3,Damping Resurgence,AR,None,/home/kaahin/degree_project/hybrid-epidemic-forecasting/results/partB/forecasts/partB_structural_mismatch_forecast_A3_AR_None.mat,forecast_results,287,288,0.00686018910712733,0.00686018910712733,0.0213480644679011,0.0162059436566656,0.00180066040629618,0.00385580891578928,0.00120371978504187,0,0.857142857142857,0.0696428571428571,0.223214285714286,0.0586852743640956,1,closed_loop_monte_carlo,ok,ok,-3120.0889103632
structural_mismatch,SEIR structural mismatch,SEIR,uds,1,0,0,A3,Damping Resurgence,AR,None,/home/kaahin/degree_project/hybrid-epidemic-forecasting/results/partB/forecasts/partB_structural_mismatch_forecast_A3_AR_None.mat,forecast_results,294,295,0.00667793123321928,0.00667793123321928,0.0240582516099771,0.0188513164543121,0.00209459071714579,0.00304732533984071,0.00153601517623278,0,0.75,-0.0375,0.269642857142857,0.0446597094269777,1,closed_loop_monte_carlo,ok,ok,-3202.51702611881
structural_mismatch,SEIR structural mismatch,SEIR,uds,1,0,0,A3,Damping Resurgence,AR,None,/home/kaahin/degree_project/hybrid-epidemic-forecasting/results/partB/forecasts/partB_structural_mismatch_forecast_A3_AR_None.mat,forecast_results,301,302,0.0059420102496257,0.0059420102496257,0.0181614414655375,0.0145007681512264,0.00161119646124738,0.00289589651207648,0.00143491727630185,0,0.75,-0.0375,0.233928571428571,0.0427158038940946,1,closed_loop_monte_carlo,ok,ok,-3283.84194256007
structural_mismatch,SEIR structural mismatch,SEIR,uds,1,0,0,A3,Damping Resurgence,AR,None,/home/kaahin/degree_project/hybrid-epidemic-forecasting/results/partB/forecasts/partB_structural_mismatch_forecast_A3_AR_None.mat,forecast_results,308,309,0.00336077502417465,0.00336077502417465,0.00850893906901191,0.00738548745776835,0.000820609717529816,0.00253287670592919,7.28860071565042e-06,0,0.964285714285714,0.176785714285714,0.2125,0.0390401776502926,1,closed_loop_monte_carlo,ok,ok,-3366.46980759887
structural_mismatch,SEIR structural mismatch,SEIR,uds,1,0,0,A3,Damping Resurgence,AR,None,/home/kaahin/degree_project/hybrid-epidemic-forecasting/results/partB/forecasts/partB_structural_mismatch_forecast_A3_AR_None.mat,forecast_results,315,316,0.00196538083651311,0.00196538083651311,0.00305628428728829,0.00211657457360313,0.00023517495262257,0.00173020588389054,0,0,1,0.2125,0.2125,0.0254940890713493,1,closed_loop_monte_carlo,ok,ok,-3450.60870179878
structural_mismatch,SEIR structural mismatch,SEIR,uds,1,0,0,A3,Damping Resurgence,AR,None,/home/kaahin/degree_project/hybrid-epidemic-forecasting/results/partB/forecasts/partB_structural_mismatch_forecast_A3_AR_None.mat,forecast_results,322,323,0.00168575488118998,0.00168575488118998,0.00162406796995555,0.00141872295710344,0.000157635884122605,0.00152811899706738,0,0,1,0.2125,0.2125,0.0236416267081549,1,closed_loop_monte_carlo,ok,ok,-3533.74557236182
structural_mismatch,SEIR structural mismatch,SEIR,uds,1,0,0,A3,Damping Resurgence,AR,None,/home/kaahin/degree_project/hybrid-epidemic-forecasting/results/partB/forecasts/partB_structural_mismatch_forecast_A3_AR_None.mat,forecast_results,329,330,0.00192276058444638,0.00192276058444638,0.00612937777827946,0.00369646596521008,0.000410718440578897,0.00134156690505077,0.000169873976576943,6.01262239770889e-07,0.928571428571429,0.141071428571429,0.2125,0.0215261456152001,1,closed_loop_monte_carlo,ok,ok,-3616.79066518497
structural_mismatch,SEIR structural mismatch,SEIR,uds,1,0,0,A3,Damping Resurgence,AR,None,/home/kaahin/degree_project/hybrid-epidemic-forecasting/results/partB/forecasts/partB_structural_mismatch_forecast_A3_AR_None.mat,forecast_results,336,337,0.00856220136672603,0.00856220136672603,0.0206152979150087,0.0147370837740797,0.00163745375267552,0.00176179758409705,0.00516295002995346,0,0.392857142857143,-0.394642857142857,0.491071428571429,0.0257643384773083,1,closed_loop_monte_carlo,ok,ok,-3700.90027202422
structural_mismatch,SEIR structural mismatch,SEIR,uds,1,0,0,A3,Damping Resurgence,AR,None,/home/kaahin/degree_project/hybrid-epidemic-forecasting/results/partB/forecasts/partB_structural_mismatch_forecast_A3_AR_None.mat,forecast_results,343,344,0.0241458973713713,0.0241458973713713,0.0400185035123016,0.0299797970863466,0.00333108856514962,0.00127736467024955,0.0195374441359721,0,0.0892857142857143,-0.698214285714286,0.710714285714286,0.0186964329607164,1,closed_loop_monte_carlo,ok,ok,-3781.61558944649
structural_mismatch,SEIR structural mismatch,SEIR,uds,1,0,0,A3,Damping Resurgence,AR,None,/home/kaahin/degree_project/hybrid-epidemic-forecasting/results/partB/forecasts/partB_structural_mismatch_forecast_A3_AR_None.mat,forecast_results,350,351,0.0277915324549904,0.0277915324549904,0.0451429941907124,0.0341521872843637,0.00379468747604041,0.00177418934335826,0.0222226556355918,0,0.0357142857142857,-0.751785714285714,0.757142857142857,0.0243520324106017,1,closed_loop_monte_carlo,ok,ok,-3855.71337909595
structural_mismatch,SEIR structural mismatch,SEIR,uds,1,0,0,A3,Damping Resurgence,ARX,I,/home/kaahin/degree_project/hybrid-epidemic-forecasting/results/partB/forecasts/partB_structural_mismatch_forecast_A3_ARX_I.mat,forecast_results,49,50,0.0219013134395727,0.0219013134395727,0.0343838494663113,0.0257806192733,0.00286451325258889,0.000666981407185105,0.0183698187797987,0,0,-0.7875,0.7875,0.0104566459234266,1,closed_loop_monte_carlo,ok,ok,-715.918743212444
structural_mismatch,SEIR structural mismatch,SEIR,uds,1,0,0,A3,Damping Resurgence,ARX,I,/home/kaahin/degree_project/hybrid-epidemic-forecasting/results/partB/forecasts/partB_structural_mismatch_forecast_A3_ARX_I.mat,forecast_results,56,57,0.00677865963724674,0.00677865963724674,0.0172546403218899,0.0101195551257852,0.00112439501397614,0.000848405470376888,0,0.00480585915289372,0.660714285714286,-0.126785714285714,0.3875,0.011264792110805,1,closed_loop_monte_carlo,ok,ok,-807.737702416188
structural_mismatch,SEIR structural mismatch,SEIR,uds,1,0,0,A3,Damping Resurgence,ARX,I,/home/kaahin/degree_project/hybrid-epidemic-forecasting/results/partB/forecasts/partB_structural_mismatch_forecast_A3_ARX_I.mat,forecast_results,63,64,0.041708677426597,0.041708677426597,0.0669347253428836,0.0470697646681401,0.00522997385201557,0.000902825257829394,0,0.035575878316752,0.0357142857142857,-0.751785714285714,0.757142857142857,0.0130513435955813,1,closed_loop_monte_carlo,ok,ok,-913.283271118667
structural_mismatch,SEIR structural mismatch,SEIR,uds,1,0,0,A3,Damping Resurgence,ARX,I,/home/kaahin/degree_project/hybrid-epidemic-forecasting/results/partB/forecasts/partB_structural_mismatch_forecast_A3_ARX_I.mat,forecast_results,70,71,0.0634728091542098,0.0634728091542098,0.0935310832003798,0.0691340067299404,0.00768155630332672,0.000875508243970165,0,0.0549157446069129,0,-0.7875,0.7875,0.012466199526905,1,closed_loop_monte_carlo,ok,ok,-992.880123665699
structural_mismatch,SEIR structural mismatch,SEIR,uds,1,0,0,A3,Damping Resurgence,ARX,I,/home/kaahin/degree_project/hybrid-epidemic-forecasting/results/partB/forecasts/partB_structural_mismatch_forecast_A3_ARX_I.mat,forecast_results,77,78,0.0628839692974259,0.0628839692974259,0.0905400965290484,0.0689557137947975,0.00766174597719972,0.00103246180117132,0,0.0541897615190549,0,-0.7875,0.7875,0.0147487987410184,1,closed_loop_monte_carlo,ok,ok,-1049.90367937991
structural_mismatch,SEIR structural mismatch,SEIR,uds,1,0,0,A3,Damping Resurgence,ARX,I,/home/kaahin/degree_project/hybrid-epidemic-forecasting/results/partB/forecasts/partB_structural_mismatch_forecast_A3_ARX_I.mat,forecast_results,84,85,0.0536098626869631,0.0536098626869631,0.077766139693314,0.0597508810375064,0.00663898678194515,0.00114235442376806,0,0.0458285214812499,0,-0.7875,0.7875,0.016337486509866,1,closed_loop_monte_carlo,ok,ok,-1105.46970079005
structural_mismatch,SEIR structural mismatch,SEIR,uds,1,0,0,A3,Damping Resurgence,ARX,I,/home/kaahin/degree_project/hybrid-epidemic-forecasting/results/partB/forecasts/partB_structural_mismatch_forecast_A3_ARX_I.mat,forecast_results,91,92,0.0549091043829987,0.0549091043829987,0.0789184548630338,0.0606812237756969,0.00674235819729965,0.000943370598205157,0,0.0472233755874939,0,-0.7875,0.7875,0.0150485898788283,1,closed_loop_monte_carlo,ok,ok,-1159.0345539552
structural_mismatch,SEIR structural mismatch,SEIR,uds,1,0,0,A3,Damping Resurgence,ARX,I,/home/kaahin/degree_project/hybrid-epidemic-forecasting/results/partB/forecasts/partB_structural_mismatch_forecast_A3_ARX_I.mat,forecast_results,98,99,0.0701912922246791,0.0701912922246791,0.0967618491921109,0.074661879464335,0.00829576438492611,0.000940737753553204,0,0.0609547900861998,0,-0.7875,0.7875,0.0137179819854669,1,closed_loop_monte_carlo,ok,ok,-1199.37552745896
structural_mismatch,SEIR structural mismatch,SEIR,uds,1,0,0,A3,Damping Resurgence,ARX,I,/home/kaahin/degree_project/hybrid-epidemic-forecasting/results/partB/forecasts/partB_structural_mismatch_forecast_A3_ARX_I.mat,forecast_results,105,106,0.077062908083296,0.077062908083296,0.111155405119365,0.0860910247171278,0.0095656694130142,0.001651497438011,0,0.0658457412322708,0,-0.7875,0.7875,0.0241196570326701,1,closed_loop_monte_carlo,ok,ok,-1220.99113986226
structural_mismatch,SEIR structural mismatch,SEIR,uds,1,0,0,A3,Damping Resurgence,ARX,I,/home/kaahin/degree_project/hybrid-epidemic-forecasting/results/partB/forecasts/partB_structural_mismatch_forecast_A3_ARX_I.mat,forecast_results,112,113,0.0583888749469611,0.0583888749469611,0.094237663660346,0.0736181901985424,0.00817979891094916,0.00227851354329746,0,0.0479305624927145,0.0178571428571429,-0.769642857142857,0.771428571428572,0.0341678661035134,1,closed_loop_monte_carlo,ok,ok,-1248.72157579111
structural_mismatch,SEIR structural mismatch,SEIR,uds,1,0,0,A3,Damping Resurgence,ARX,I,/home/kaahin/degree_project/hybrid-epidemic-forecasting/results/partB/forecasts/partB_structural_mismatch_forecast_A3_ARX_I.mat,forecast_results,119,120,0.0059046198671546,0.0059046198671546,0.0170183094775717,0.0151951880905427,0.00168835423228252,0.0031008385975572,0,0.00111542703731488,0.678571428571429,-0.108928571428571,0.280357142857143,0.0438929264712234,1,closed_loop_monte_carlo,ok,ok,-1310.85246298946
structural_mismatch,SEIR structural mismatch,SEIR,uds,1,0,0,A3,Damping Resurgence,ARX,I,/home/kaahin/degree_project/hybrid-epidemic-forecasting/results/partB/forecasts/partB_structural_mismatch_forecast_A3_ARX_I.mat,forecast_results,126,127,0.0338185601011105,0.0338185601011105,0.0737160130834273,0.0516371617036911,0.00573746241152123,0.00350805829795738,0.0245730393916318,0,0.285714285714286,-0.501785714285714,0.592857142857143,0.0508129433158479,1,closed_loop_monte_carlo,ok,ok,-1393.64680886152
structural_mismatch,SEIR structural mismatch,SEIR,uds,1,0,0,A3,Damping Resurgence,ARX,I,/home/kaahin/degree_project/hybrid-epidemic-forecasting/results/partB/forecasts/partB_structural_mismatch_forecast_A3_ARX_I.mat,forecast_results,133,134,0.0605652864857516,0.0605652864857516,0.11378383747937,0.0835193789344545,0.00927993099271717,0.00438627279849064,0.0468990826945438,0,0.125,-0.6625,0.689285714285714,0.0651619178028945,1,closed_loop_monte_carlo,ok,ok,-1474.28018909006
structural_mismatch,SEIR structural mismatch,SEIR,uds,1,0,0,A3,Damping Resurgence,ARX,I,/home/kaahin/degree_project/hybrid-epidemic-forecasting/results/partB/forecasts/partB_structural_mismatch_forecast_A3_ARX_I.mat,forecast_results,140,141,0.0721743655404774,0.0721743655404774,0.121305403411982,0.090293667653526,0.0100326297392807,0.00454944371247495,0.0575922920887218,0,0.0714285714285714,-0.716071428571429,0.730357142857143,0.0647189883399298,1,closed_loop_monte_carlo,ok,ok,-1550.35963075034
structural_mismatch,SEIR structural mismatch,SEIR,uds,1,0,0,A3,Damping Resurgence,ARX,I,/home/kaahin/degree_project/hybrid-epidemic-forecasting/results/partB/forecasts/partB_structural_mismatch_forecast_A3_ARX_I.mat,forecast_results,147,148,0.0609632060511917,0.0609632060511917,0.10499138587006,0.0798568168502737,0.00887297965003042,0.00395341607666804,0.0481368103244932,0,0.0535714285714286,-0.733928571428571,0.746428571428572,0.0544295377179977,1,closed_loop_monte_carlo,ok,ok,-1625.13924648915
structural_mismatch,SEIR structural mismatch,SEIR,uds,1,0,0,A3,Damping Resurgence,ARX,I,/home/kaahin/degree_project/hybrid-epidemic-forecasting/results/partB/forecasts/partB_structural_mismatch_forecast_A3_ARX_I.mat,forecast_results,154,155,0.0304366692816802,0.0304366692816802,0.0623345872346903,0.0492925512145762,0.00547695013495291,0.00359332476128182,0.0213663943854454,0,0.0892857142857143,-0.698214285714286,0.708928571428571,0.0525447660439144,1,closed_loop_monte_carlo,ok,ok,-1701.47253617235
structural_mismatch,SEIR structural mismatch,SEIR,uds,1,0,0,A3,Damping Resurgence,ARX,I,/home/kaahin/degree_project/hybrid-epidemic-forecasting/results/partB/forecasts/partB_structural_mismatch_forecast_A3_ARX_I.mat,forecast_results,161,162,0.0029475703215589,0.0029475703215589,0.00334669213662544,0.00289839812153921,0.000322044235726579,0.00262552608583233,0,0,1,0.2125,0.2125,0.0429348698750508,1,closed_loop_monte_carlo,ok,ok,-1781.99459060649
structural_mismatch,SEIR structural mismatch,SEIR,uds,1,0,0,A3,Damping Resurgence,ARX,I,/home/kaahin/degree_project/hybrid-epidemic-forecasting/results/partB/forecasts/partB_structural_mismatch_forecast_A3_ARX_I.mat,forecast_results,168,169,0.012565633034803,0.012565633034803,0.0351508101748303,0.0256301458652041,0.00284779398502268,0.00246766423005152,0,0.00725017481972881,0.535714285714286,-0.251785714285714,0.428571428571429,0.0349572659636424,1,closed_loop_monte_carlo,ok,ok,-1866.16140868672
structural_mismatch,SEIR structural mismatch,SEIR,uds,1,0,0,A3,Damping Resurgence,ARX,I,/home/kaahin/degree_project/hybrid-epidemic-forecasting/results/partB/forecasts/partB_structural_mismatch_forecast_A3_ARX_I.mat,forecast_results,175,176,0.0396557623891254,0.0396557623891254,0.0665658302843519,0.051145248731831,0.00568280541464789,0.0020628958510316,0,0.031910061123446,0.0714285714285714,-0.716071428571429,0.726785714285714,0.0290126136136758,1,closed_loop_monte_carlo,ok,ok,-1947.51230056015
structural_mismatch,SEIR structural mismatch,SEIR,uds,1,0,0,A3,Damping Resurgence,ARX,I,/home/kaahin/degree_project/hybrid-epidemic-forecasting/results/partB/forecasts/partB_structural_mismatch_forecast_A3_ARX_I.mat,forecast_results,182,183,0.0331329663138953,0.0331329663138953,0.0631685384764511,0.0495121133932794,0.0055013459325866,0.0024424837674335,0,0.0251891366138752,0.0714285714285714,-0.716071428571429,0.730357142857143,0.0367072111339312,1,closed_loop_monte_carlo,ok,ok,-2019.32455298312
structural_mismatch,SEIR structural mismatch,SEIR,uds,1,0,0,A3,Damping Resurgence,ARX,I,/home/kaahin/degree_project/hybrid-epidemic-forecasting/results/partB/forecasts/partB_structural_mismatch_forecast_A3_ARX_I.mat,forecast_results,189,190,0.00334098810340647,0.00334098810340647,0.00838943884751801,0.00637476792161174,0.000708307546845749,0.00258610057750227,0,4.65799790584559e-05,0.928571428571429,0.141071428571429,0.2125,0.0364987792005534,1,closed_loop_monte_carlo,ok,ok,-2093.98061531524
structural_mismatch,SEIR structural mismatch,SEIR,uds,1,0,0,A3,Damping Resurgence,ARX,I,/home/kaahin/degree_project/hybrid-epidemic-forecasting/results/partB/forecasts/partB_structural_mismatch_forecast_A3_ARX_I.mat,forecast_results,196,197,0.0377670081998163,0.0377670081998163,0.0797176974808509,0.0554082008714442,0.0061564667634938,0.00380396116759268,0.0278065802687298,0,0.267857142857143,-0.519642857142857,0.607142857142857,0.0551751839962708,1,closed_loop_monte_carlo,ok,ok,-2177.7372219159
structural_mismatch,SEIR structural mismatch,SEIR,uds,1,0,0,A3,Damping Resurgence,ARX,I,/home/kaahin/degree_project/hybrid-epidemic-forecasting/results/partB/forecasts/partB_structural_mismatch_forecast_A3_ARX_I.mat,forecast_results,203,204,0.0733165262253759,0.0733165262253759,0.126106100038439,0.0916000693524488,0.0101777854836054,0.00371386370055306,0.0594248770412174,0,0.0535714285714286,-0.733928571428571,0.741071428571429,0.0547230917226634,1,closed_loop_monte_carlo,ok,ok,-2257.23631402243
structural_mismatch,SEIR structural mismatch,SEIR,uds,1,0,0,A3,Damping Resurgence,ARX,I,/home/kaahin/degree_project/hybrid-epidemic-forecasting/results/partB/forecasts/partB_structural_mismatch_forecast_A3_ARX_I.mat,forecast_results,210,211,0.0979191582453172,0.0979191582453172,0.158169578946842,0.115886643549663,0.0128762937277403,0.00453916379602369,0.0805037007215532,0,0.0357142857142857,-0.751785714285714,0.757142857142857,0.0634841389196379,1,closed_loop_monte_carlo,ok,ok,-2330.22881927492
structural_mismatch,SEIR structural mismatch,SEIR,uds,1,0,0,A3,Damping Resurgence,ARX,I,/home/kaahin/degree_project/hybrid-epidemic-forecasting/results/partB/forecasts/partB_structural_mismatch_forecast_A3_ARX_I.mat,forecast_results,217,218,0.0910766063823006,0.0910766063823006,0.151663284628732,0.113647848080389,0.0126275386755988,0.00431204553100176,0.0741370221757001,0,0.0535714285714286,-0.733928571428571,0.746428571428572,0.0627030620265722,1,closed_loop_monte_carlo,ok,ok,-2399.90164687591
structural_mismatch,SEIR structural mismatch,SEIR,uds,1,0,0,A3,Damping Resurgence,ARX,I,/home/kaahin/degree_project/hybrid-epidemic-forecasting/results/partB/forecasts/partB_structural_mismatch_forecast_A3_ARX_I.mat,forecast_results,224,225,0.0765649674480541,0.0765649674480541,0.121953605454253,0.0930885213148752,0.0103431690349861,0.00363705361054718,0.0625847448025208,0,0.0535714285714286,-0.733928571428571,0.741071428571429,0.0526467407041599,1,closed_loop_monte_carlo,ok,ok,-2468.02922659721
structural_mismatch,SEIR structural mismatch,SEIR,uds,1,0,0,A3,Damping Resurgence,ARX,I,/home/kaahin/degree_project/hybrid-epidemic-forecasting/results/partB/forecasts/partB_structural_mismatch_forecast_A3_ARX_I.mat,forecast_results,231,232,0.0402944849548546,0.0402944849548546,0.0703961834819509,0.0565578239549952,0.00628420266166613,0.00311386299299242,0.030896419300196,0,0.0714285714285714,-0.716071428571429,0.726785714285714,0.0448320747745893,1,closed_loop_monte_carlo,ok,ok,-2538.33742482684
structural_mismatch,SEIR structural mismatch,SEIR,uds,1,0,0,A3,Damping Resurgence,ARX,I,/home/kaahin/degree_project/hybrid-epidemic-forecasting/results/partB/forecasts/partB_structural_mismatch_forecast_A3_ARX_I.mat,forecast_results,238,239,0.00385965648065144,0.00385965648065144,0.00740554416627348,0.00639161824197745,0.000710179804664161,0.00295603210361794,0.000193444572369345,0,0.821428571428571,0.0339285714285714,0.2125,0.0405606067672615,1,closed_loop_monte_carlo,ok,ok,-2615.55014828427
structural_mismatch,SEIR structural mismatch,SEIR,uds,1,0,0,A3,Damping Resurgence,ARX,I,/home/kaahin/degree_project/hybrid-epidemic-forecasting/results/partB/forecasts/partB_structural_mismatch_forecast_A3_ARX_I.mat,forecast_results,245,246,0.0155782420577332,0.0155782420577332,0.037206151733233,0.0273619631914578,0.0030402181323842,0.00192559683669365,0,0.0106124270886554,0.303571428571429,-0.483928571428571,0.544642857142857,0.0300947599751822,1,closed_loop_monte_carlo,ok,ok,-2698.7798185834
structural_mismatch,SEIR structural mismatch,SEIR,uds,1,0,0,A3,Damping Resurgence,ARX,I,/home/kaahin/degree_project/hybrid-epidemic-forecasting/results/partB/forecasts/partB_structural_mismatch_forecast_A3_ARX_I.mat,forecast_results,252,253,0.027011612562262,0.027011612562262,0.0545427350262618,0.0418057104335177,0.00464507893705752,0.00212023885751293,0,0.0202462947676915,0.125,-0.6625,0.685714285714286,0.0305797208045946,1,closed_loop_monte_carlo,ok,ok,-2779.46744844194
structural_mismatch,SEIR structural mismatch,SEIR,uds,1,0,0,A3,Damping Resurgence,ARX,I,/home/kaahin/degree_project/hybrid-epidemic-forecasting/results/partB/forecasts/partB_structural_mismatch_forecast_A3_ARX_I.mat,forecast_results,259,260,0.0117401215806448,0.0117401215806448,0.0332272830129082,0.0274931275818068,0.00305479195353409,0.00236683874793554,0,0.00631849087917518,0.375,-0.4125,0.466071428571429,0.037427963753657,1,closed_loop_monte_carlo,ok,ok,-2855.01769451189
structural_mismatch,SEIR structural mismatch,SEIR,uds,1,0,0,A3,Damping Resurgence,ARX,I,/home/kaahin/degree_project/hybrid-epidemic-forecasting/results/partB/forecasts/partB_structural_mismatch_forecast_A3_ARX_I.mat,forecast_results,266,267,0.00389917934229506,0.00389917934229506,0.0111061620193542,0.00709405284885264,0.00078822809431696,0.00308389877636052,2.70524716175793e-05,0,0.982142857142857,0.194642857142857,0.2125,0.045475287580605,1,closed_loop_monte_carlo,ok,ok,-2934.0374163788
structural_mismatch,SEIR structural mismatch,SEIR,uds,1,0,0,A3,Damping Resurgence,ARX,I,/home/kaahin/degree_project/hybrid-epidemic-forecasting/results/partB/forecasts/partB_structural_mismatch_forecast_A3_ARX_I.mat,forecast_results,273,274,0.0155592805481122,0.0155592805481122,0.0424596109869211,0.0287743700711562,0.00319715223012846,0.00312151463589599,0.00924061368208773,0,0.535714285714286,-0.251785714285714,0.439285714285714,0.0461800012213377,1,closed_loop_monte_carlo,ok,ok,-3017.63457336454
structural_mismatch,SEIR structural mismatch,SEIR,uds,1,0,0,A3,Damping Resurgence,ARX,I,/home/kaahin/degree_project/hybrid-epidemic-forecasting/results/partB/forecasts/partB_structural_mismatch_forecast_A3_ARX_I.mat,forecast_results,280,281,0.0165659315428228,0.0165659315428228,0.0451032392916746,0.033488227757009,0.00372091419522322,0.00373479094832035,0.00911022639927927,0,0.464285714285714,-0.323214285714286,0.448214285714286,0.0522655249174513,1,closed_loop_monte_carlo,ok,ok,-3101.843014193
structural_mismatch,SEIR structural mismatch,SEIR,uds,1,0,0,A3,Damping Resurgence,ARX,I,/home/kaahin/degree_project/hybrid-epidemic-forecasting/results/partB/forecasts/partB_structural_mismatch_forecast_A3_ARX_I.mat,forecast_results,287,288,0.0167550903923626,0.0167550903923626,0.0473263501444545,0.0339877282633143,0.00377641425147937,0.00335452054652551,0.00962415559435776,0,0.482142857142857,-0.305357142857143,0.433928571428571,0.0507497001146631,1,closed_loop_monte_carlo,ok,ok,-3185.87365177311
structural_mismatch,SEIR structural mismatch,SEIR,uds,1,0,0,A3,Damping Resurgence,ARX,I,/home/kaahin/degree_project/hybrid-epidemic-forecasting/results/partB/forecasts/partB_structural_mismatch_forecast_A3_ARX_I.mat,forecast_results,294,295,0.0153657939735045,0.0153657939735045,0.0380164762319368,0.028546167337437,0.00317179637082633,0.00301107216381085,0.00918292543886732,0,0.392857142857143,-0.394642857142857,0.510714285714286,0.0418810231103784,1,closed_loop_monte_carlo,ok,ok,-3270.16883569983
structural_mismatch,SEIR structural mismatch,SEIR,uds,1,0,0,A3,Damping Resurgence,ARX,I,/home/kaahin/degree_project/hybrid-epidemic-forecasting/results/partB/forecasts/partB_structural_mismatch_forecast_A3_ARX_I.mat,forecast_results,301,302,0.00758835481226673,0.00758835481226673,0.0259773305755167,0.0191908334513455,0.00213231482792727,0.00288356704972995,0.0025724729346095,0,0.732142857142857,-0.0553571428571429,0.283928571428571,0.039640055100269,1,closed_loop_monte_carlo,ok,ok,-3354.76816342345
structural_mismatch,SEIR structural mismatch,SEIR,uds,1,0,0,A3,Damping Resurgence,ARX,I,/home/kaahin/degree_project/hybrid-epidemic-forecasting/results/partB/forecasts/partB_structural_mismatch_forecast_A3_ARX_I.mat,forecast_results,308,309,0.00426901981924824,0.00426901981924824,0.0143773677177297,0.010751773620874,0.00119464151343045,0.0016283206479743,0.00144605765784349,0,0.767857142857143,-0.0196428571428571,0.266071428571429,0.0255703950997774,1,closed_loop_monte_carlo,ok,ok,-3439.67067240911
structural_mismatch,SEIR structural mismatch,SEIR,uds,1,0,0,A3,Damping Resurgence,ARX,I,/home/kaahin/degree_project/hybrid-epidemic-forecasting/results/partB/forecasts/partB_structural_mismatch_forecast_A3_ARX_I.mat,forecast_results,315,316,0.00235711897705245,0.00235711897705245,0.00488784181454951,0.00323274197594286,0.00035919355288254,0.00199792542416991,0,0,1,0.2125,0.2125,0.0303982531090419,1,closed_loop_monte_carlo,ok,ok,-3524.88181369325
structural_mismatch,SEIR structural mismatch,SEIR,uds,1,0,0,A3,Damping Resurgence,ARX,I,/home/kaahin/degree_project/hybrid-epidemic-forecasting/results/partB/forecasts/partB_structural_mismatch_forecast_A3_ARX_I.mat,forecast_results,322,323,0.00203422018142672,0.00203422018142672,0.00601887038125215,0.00396259563411629,0.000440288403790699,0.00155997050439044,3.22417307372404e-05,1.71954250834039e-06,0.946428571428571,0.158928571428571,0.2125,0.0238054183994881,1,closed_loop_monte_carlo,ok,ok,-3609.99022146731
structural_mismatch,SEIR structural mismatch,SEIR,uds,1,0,0,A3,Damping Resurgence,ARX,I,/home/kaahin/degree_project/hybrid-epidemic-forecasting/results/partB/forecasts/partB_structural_mismatch_forecast_A3_ARX_I.mat,forecast_results,329,330,0.00484959189833707,0.00484959189833707,0.0148979215817726,0.0103759978755711,0.00115288865284123,0.00161685778837472,0.00207984545712113,0,0.678571428571429,-0.108928571428571,0.339285714285714,0.02321885783202,1,closed_loop_monte_carlo,ok,ok,-3695.19328154185
structural_mismatch,SEIR structural mismatch,SEIR,uds,1,0,0,A3,Damping Resurgence,ARX,I,/home/kaahin/degree_project/hybrid-epidemic-forecasting/results/partB/forecasts/partB_structural_mismatch_forecast_A3_ARX_I.mat,forecast_results,336,337,0.0205473035980036,0.0205473035980036,0.0377849192485537,0.0282029238028854,0.0031336582003206,0.00147506144672303,0.01593858395096,0,0.0714285714285714,-0.716071428571429,0.725,0.0213248873293011,1,closed_loop_monte_carlo,ok,ok,-3780.27945753053
structural_mismatch,SEIR structural mismatch,SEIR,uds,1,0,0,A3,Damping Resurgence,ARX,I,/home/kaahin/degree_project/hybrid-epidemic-forecasting/results/partB/forecasts/partB_structural_mismatch_forecast_A3_ARX_I.mat,forecast_results,343,344,0.024387287055761,0.024387287055761,0.0446935978763106,0.0337471487499042,0.0037496831944338,0.00183341182205782,0.0188041920392694,0,0.0535714285714286,-0.733928571428571,0.741071428571429,0.0248116110465231,1,closed_loop_monte_carlo,ok,ok,-3859.70232466729
structural_mismatch,SEIR structural mismatch,SEIR,uds,1,0,0,A3,Damping Resurgence,ARX,I,/home/kaahin/degree_project/hybrid-epidemic-forecasting/results/partB/forecasts/partB_structural_mismatch_forecast_A3_ARX_I.mat,forecast_results,350,351,0.0335310210640351,0.0335310210640351,0.0526267864121649,0.0401745887787869,0.00446384319764299,0.00135273242932564,0.0277144454370664,0,0.0178571428571429,-0.769642857142857,0.771428571428572,0.0198098834020453,1,closed_loop_monte_carlo,ok,ok,-3929.61269551747
structural_mismatch,SEIR structural mismatch,SEIR,uds,1,0,0,A4,Amplifying Resurgence,AR,None,/home/kaahin/degree_project/hybrid-epidemic-forecasting/results/partB/forecasts/partB_structural_mismatch_forecast_A4_AR_None.mat,forecast_results,49,50,0.00591087014349247,0.00591087014349247,0.0212464944560566,0.0135908493407865,0.0015100943711985,0.002140507661643,0.00226026811065097,0,0.75,-0.0375,0.319642857142857,0.0295677075657178,1,closed_loop_monte_carlo,ok,ok,-610.544134722312
structural_mismatch,SEIR structural mismatch,SEIR,uds,1,0,0,A4,Amplifying Resurgence,AR,None,/home/kaahin/degree_project/hybrid-epidemic-forecasting/results/partB/forecasts/partB_structural_mismatch_forecast_A4_AR_None.mat,forecast_results,56,57,0.0293103992689394,0.0293103992689394,0.0526030328794797,0.0386189001261446,0.00429098890290496,0.00232821790521778,0.0226911924608167,0,0.107142857142857,-0.680357142857143,0.716071428571429,0.0337584636420592,1,closed_loop_monte_carlo,ok,ok,-691.741691745107
structural_mismatch,SEIR structural mismatch,SEIR,uds,1,0,0,A4,Amplifying Resurgence,AR,None,/home/kaahin/degree_project/hybrid-epidemic-forecasting/results/partB/forecasts/partB_structural_mismatch_forecast_A4_AR_None.mat,forecast_results,63,64,0.0373654800795031,0.0373654800795031,0.0678648877887101,0.0511059910108647,0.00567844344565164,0.00221910073681227,0.0294679358970392,0,0,-0.7875,0.7875,0.0328421820132464,1,closed_loop_monte_carlo,ok,ok,-765.511201862365
structural_mismatch,SEIR structural mismatch,SEIR,uds,1,0,0,A4,Amplifying Resurgence,AR,None,/home/kaahin/degree_project/hybrid-epidemic-forecasting/results/partB/forecasts/partB_structural_mismatch_forecast_A4_AR_None.mat,forecast_results,70,71,0.0455121497380709,0.0455121497380709,0.0724034869921909,0.0566366465334832,0.00629296072594258,0.00261949664637879,0.0365996923657496,0,0,-0.7875,0.7875,0.0373710112207965,1,closed_loop_monte_carlo,ok,ok,-844.318315679869
structural_mismatch,SEIR structural mismatch,SEIR,uds,1,0,0,A4,Amplifying Resurgence,AR,None,/home/kaahin/degree_project/hybrid-epidemic-forecasting/results/partB/forecasts/partB_structural_mismatch_forecast_A4_AR_None.mat,forecast_results,77,78,0.0364405291008738,0.0364405291008738,0.0603529161946294,0.0479731407319767,0.00533034897021964,0.0020422319930979,0.0290679481375563,0,0,-0.7875,0.7875,0.0304419970210616,1,closed_loop_monte_carlo,ok,ok,-916.439285990811
structural_mismatch,SEIR structural mismatch,SEIR,uds,1,0,0,A4,Amplifying Resurgence,AR,None,/home/kaahin/degree_project/hybrid-epidemic-forecasting/results/partB/forecasts/partB_structural_mismatch_forecast_A4_AR_None.mat,forecast_results,84,85,0.0130251053297742,0.0130251053297742,0.0277291575158941,0.0238531794579019,0.00265035327310022,0.00196351665827685,0.00841123539839716,0,0,-0.7875,0.7875,0.0284623221002709,1,closed_loop_monte_carlo,ok,ok,-990.772863705804
structural_mismatch,SEIR structural mismatch,SEIR,uds,1,0,0,A4,Amplifying Resurgence,AR,None,/home/kaahin/degree_project/hybrid-epidemic-forecasting/results/partB/forecasts/partB_structural_mismatch_forecast_A4_AR_None.mat,forecast_results,91,92,0.00827284313172614,0.00827284313172614,0.0229428586944789,0.0154843289169749,0.00172048099077499,0.00130515477026346,0,0.00524720737068769,0.607142857142857,-0.180357142857143,0.382142857142857,0.0196433486920352,1,closed_loop_monte_carlo,ok,ok,-1079.82936827977
structural_mismatch,SEIR structural mismatch,SEIR,uds,1,0,0,A4,Amplifying Resurgence,AR,None,/home/kaahin/degree_project/hybrid-epidemic-forecasting/results/partB/forecasts/partB_structural_mismatch_forecast_A4_AR_None.mat,forecast_results,98,99,0.0425507707531636,0.0425507707531636,0.0631657601801835,0.04752231246864,0.00528025694096,0.0010674811649111,0,0.0362030326472925,0,-0.7875,0.7875,0.0151073935298603,1,closed_loop_monte_carlo,ok,ok,-1170.1391377548
structural_mismatch,SEIR structural mismatch,SEIR,uds,1,0,0,A4,Amplifying Resurgence,AR,None,/home/kaahin/degree_project/hybrid-epidemic-forecasting/results/partB/forecasts/partB_structural_mismatch_forecast_A4_AR_None.mat,forecast_results,105,106,0.067540541700569,0.067540541700569,0.0975754374164372,0.0755742012549387,0.00839713347277097,0.00135376832361079,0,0.0577896399041872,0,-0.7875,0.7875,0.0190746977461244,1,closed_loop_monte_carlo,ok,ok,-1224.72269480335
structural_mismatch,SEIR structural mismatch,SEIR,uds,1,0,0,A4,Amplifying Resurgence,AR,None,/home/kaahin/degree_project/hybrid-epidemic-forecasting/results/partB/forecasts/partB_structural_mismatch_forecast_A4_AR_None.mat,forecast_results,112,113,0.0606503510074113,0.0606503510074113,0.0925206634812934,0.0731503107831508,0.00812781230923897,0.00230143472049148,0,0.0502211039776809,0.0178571428571429,-0.769642857142857,0.771428571428572,0.0312269893247374,1,closed_loop_monte_carlo,ok,ok,-1257.43238665609
structural_mismatch,SEIR structural mismatch,SEIR,uds,1,0,0,A4,Amplifying Resurgence,AR,None,/home/kaahin/degree_project/hybrid-epidemic-forecasting/results/partB/forecasts/partB_structural_mismatch_forecast_A4_AR_None.mat,forecast_results,119,120,0.0237011126967035,0.0237011126967035,0.0494452681744543,0.0399743148155777,0.00444159053506419,0.0030127315151566,0,0.0162467906464827,0.0714285714285714,-0.716071428571429,0.730357142857143,0.043774852966918,1,closed_loop_monte_carlo,ok,ok,-1312.98026787443
structural_mismatch,SEIR structural mismatch,SEIR,uds,1,0,0,A4,Amplifying Resurgence,AR,None,/home/kaahin/degree_project/hybrid-epidemic-forecasting/results/partB/forecasts/partB_structural_mismatch_forecast_A4_AR_None.mat,forecast_results,126,127,0.00431850112696125,0.00431850112696125,0.00410571674603423,0.00333849768224843,0.000370944186916492,0.00394755694004476,0,0,1,0.2125,0.2125,0.0578142263754848,1,closed_loop_monte_carlo,ok,ok,-1390.16126342504
structural_mismatch,SEIR structural mismatch,SEIR,uds,1,0,0,A4,Amplifying Resurgence,AR,None,/home/kaahin/degree_project/hybrid-epidemic-forecasting/results/partB/forecasts/partB_structural_mismatch_forecast_A4_AR_None.mat,forecast_results,133,134,0.00579167736766079,0.00579167736766079,0.0197352607038318,0.0135570991898128,0.00150634435442365,0.00367693318317488,0.000608399830062264,0,0.910714285714286,0.123214285714286,0.2125,0.0552941220281811,1,closed_loop_monte_carlo,ok,ok,-1471.74414271364
structural_mismatch,SEIR structural mismatch,SEIR,uds,1,0,0,A4,Amplifying Resurgence,AR,None,/home/kaahin/degree_project/hybrid-epidemic-forecasting/results/partB/forecasts/partB_structural_mismatch_forecast_A4_AR_None.mat,forecast_results,140,141,0.0107002658084499,0.0107002658084499,0.0296979344396688,0.0232881541304485,0.00258757268116094,0.00430740371992998,0.00380528940735899,0,0.607142857142857,-0.180357142857143,0.319642857142857,0.0637051953763335,1,closed_loop_monte_carlo,ok,ok,-1556.20858934551
structural_mismatch,SEIR structural mismatch,SEIR,uds,1,0,0,A4,Amplifying Resurgence,AR,None,/home/kaahin/degree_project/hybrid-epidemic-forecasting/results/partB/forecasts/partB_structural_mismatch_forecast_A4_AR_None.mat,forecast_results,147,148,0.015539256606503,0.015539256606503,0.0352789863088774,0.0273201277263408,0.00303556974737121,0.00329560011540898,0.00920808674372285,0,0.25,-0.5375,0.6,0.0499643385889083,1,closed_loop_monte_carlo,ok,ok,-1639.78149113837
structural_mismatch,SEIR structural mismatch,SEIR,uds,1,0,0,A4,Amplifying Resurgence,AR,None,/home/kaahin/degree_project/hybrid-epidemic-forecasting/results/partB/forecasts/partB_structural_mismatch_forecast_A4_AR_None.mat,forecast_results,154,155,0.00671601586783184,0.00671601586783184,0.0204934910603259,0.0166855598844039,0.0018539510982671,0.00321474241101901,0.00164732235854574,0,0.678571428571429,-0.108928571428571,0.276785714285714,0.0486587461451259,1,closed_loop_monte_carlo,ok,ok,-1720.1424524008
structural_mismatch,SEIR structural mismatch,SEIR,uds,1,0,0,A4,Amplifying Resurgence,AR,None,/home/kaahin/degree_project/hybrid-epidemic-forecasting/results/partB/forecasts/partB_structural_mismatch_forecast_A4_AR_None.mat,forecast_results,161,162,0.00313335999015396,0.00313335999015396,0.00908673730055093,0.00592461415094964,0.000658290461216626,0.00243462482855478,0,4.04447003825563e-05,0.982142857142857,0.194642857142857,0.2125,0.03455677270933,1,closed_loop_monte_carlo,ok,ok,-1803.54485828753
structural_mismatch,SEIR structural mismatch,SEIR,uds,1,0,0,A4,Amplifying Resurgence,AR,None,/home/kaahin/degree_project/hybrid-epidemic-forecasting/results/partB/forecasts/partB_structural_mismatch_forecast_A4_AR_None.mat,forecast_results,168,169,0.0256059891356022,0.0256059891356022,0.0504768891095225,0.0383292747678075,0.00425880830753416,0.00202193484213135,0,0.0193252459859367,0.267857142857143,-0.519642857142857,0.576785714285714,0.028913248266656,1,closed_loop_monte_carlo,ok,ok,-1890.89237565531
structural_mismatch,SEIR structural mismatch,SEIR,uds,1,0,0,A4,Amplifying Resurgence,AR,None,/home/kaahin/degree_project/hybrid-epidemic-forecasting/results/partB/forecasts/partB_structural_mismatch_forecast_A4_AR_None.mat,forecast_results,175,176,0.0568365080271203,0.0568365080271203,0.090361628213994,0.0692729797492852,0.00769699774992058,0.00179682175434917,0,0.0473426885228505,0.0357142857142857,-0.751785714285714,0.757142857142857,0.0270491496288705,1,closed_loop_monte_carlo,ok,ok,-1966.38751896666
structural_mismatch,SEIR structural mismatch,SEIR,uds,1,0,0,A4,Amplifying Resurgence,AR,None,/home/kaahin/degree_project/hybrid-epidemic-forecasting/results/partB/forecasts/partB_structural_mismatch_forecast_A4_AR_None.mat,forecast_results,182,183,0.0704059321673796,0.0704059321673796,0.105252431526692,0.0821520846320481,0.0091280094035609,0.00206435028047435,0,0.0592135724833444,0,-0.7875,0.7875,0.0300944188018112,1,closed_loop_monte_carlo,ok,ok,-2015.35589790153
structural_mismatch,SEIR structural mismatch,SEIR,uds,1,0,0,A4,Amplifying Resurgence,AR,None,/home/kaahin/degree_project/hybrid-epidemic-forecasting/results/partB/forecasts/partB_structural_mismatch_forecast_A4_AR_None.mat,forecast_results,189,190,0.0433700622202729,0.0433700622202729,0.0766124235038849,0.0611041451727884,0.00678934946364316,0.00271417660571808,0,0.0338665361509117,0.0357142857142857,-0.751785714285714,0.757142857142857,0.041351740351088,1,closed_loop_monte_carlo,ok,ok,-2062.99904133841
structural_mismatch,SEIR structural mismatch,SEIR,uds,1,0,0,A4,Amplifying Resurgence,AR,None,/home/kaahin/degree_project/hybrid-epidemic-forecasting/results/partB/forecasts/partB_structural_mismatch_forecast_A4_AR_None.mat,forecast_results,196,197,0.0071267557750546,0.0071267557750546,0.0209741017248486,0.0178082248122716,0.00197869164580795,0.00430910295062925,0,0.000838961178617396,0.767857142857143,-0.0196428571428571,0.2125,0.059815859042057,1,closed_loop_monte_carlo,ok,ok,-2132.77887593281
structural_mismatch,SEIR structural mismatch,SEIR,uds,1,0,0,A4,Amplifying Resurgence,AR,None,/home/kaahin/degree_project/hybrid-epidemic-forecasting/results/partB/forecasts/partB_structural_mismatch_forecast_A4_AR_None.mat,forecast_results,203,204,0.00494863642192655,0.00494863642192655,0.00326156759524062,0.00243016824514154,0.000270018693904616,0.00467861772802194,0,0,1,0.2125,0.2125,0.0649307320934069,1,closed_loop_monte_carlo,ok,ok,-2212.5504686384
structural_mismatch,SEIR structural mismatch,SEIR,uds,1,0,0,A4,Amplifying Resurgence,AR,None,/home/kaahin/degree_project/hybrid-epidemic-forecasting/results/partB/forecasts/partB_structural_mismatch_forecast_A4_AR_None.mat,forecast_results,210,211,0.0064224416425934,0.0064224416425934,0.0187194468579247,0.0144214159557789,0.0016023795506421,0.00482006209195129,0,0,1,0.2125,0.2125,0.0703723390803772,1,closed_loop_monte_carlo,ok,ok,-2295.66166550941
structural_mismatch,SEIR structural mismatch,SEIR,uds,1,0,0,A4,Amplifying Resurgence,AR,None,/home/kaahin/degree_project/hybrid-epidemic-forecasting/results/partB/forecasts/partB_structural_mismatch_forecast_A4_AR_None.mat,forecast_results,217,218,0.00614342605317825,0.00614342605317825,0.0180169429118145,0.013423481112116,0.00149149790134622,0.00409054312120932,0.000561385030622706,0,0.857142857142857,0.0696428571428571,0.2125,0.0626834573260616,1,closed_loop_monte_carlo,ok,ok,-2380.3881913398
structural_mismatch,SEIR structural mismatch,SEIR,uds,1,0,0,A4,Amplifying Resurgence,AR,None,/home/kaahin/degree_project/hybrid-epidemic-forecasting/results/partB/forecasts/partB_structural_mismatch_forecast_A4_AR_None.mat,forecast_results,224,225,0.00617135305089067,0.00617135305089067,0.0214766851491968,0.0166787611144511,0.00185319567938346,0.00356918616495329,0.00074897120655393,0,0.821428571428571,0.0339285714285714,0.2125,0.048200922500977,1,closed_loop_monte_carlo,ok,ok,-2462.60466976195
structural_mismatch,SEIR structural mismatch,SEIR,uds,1,0,0,A4,Amplifying Resurgence,AR,None,/home/kaahin/degree_project/hybrid-epidemic-forecasting/results/partB/forecasts/partB_structural_mismatch_forecast_A4_AR_None.mat,forecast_results,231,232,0.0037305144841978,0.0037305144841978,0.00486822876603465,0.00403531668920481,0.000448368521022756,0.00328214596317505,0,0,1,0.2125,0.2125,0.0466502754610477,1,closed_loop_monte_carlo,ok,ok,-2544.37410266826
structural_mismatch,SEIR structural mismatch,SEIR,uds,1,0,0,A4,Amplifying Resurgence,AR,None,/home/kaahin/degree_project/hybrid-epidemic-forecasting/results/partB/forecasts/partB_structural_mismatch_forecast_A4_AR_None.mat,forecast_results,238,239,0.0153774115828223,0.0153774115828223,0.036249812528282,0.0267198315185723,0.00296887016873026,0.00203273098497375,0,0.0103758104291183,0.446428571428571,-0.341071428571429,0.444642857142857,0.0311103455228413,1,closed_loop_monte_carlo,ok,ok,-2629.51259825531
structural_mismatch,SEIR structural mismatch,SEIR,uds,1,0,0,A4,Amplifying Resurgence,AR,None,/home/kaahin/degree_project/hybrid-epidemic-forecasting/results/partB/forecasts/partB_structural_mismatch_forecast_A4_AR_None.mat,forecast_results,245,246,0.0468081293023821,0.0468081293023821,0.0816235049676637,0.0626993784497242,0.00696659760552491,0.00231050734728099,0,0.0375310243495762,0.0892857142857143,-0.698214285714286,0.716071428571429,0.0329607210656847,1,closed_loop_monte_carlo,ok,ok,-2711.17142351612
structural_mismatch,SEIR structural mismatch,SEIR,uds,1,0,0,A4,Amplifying Resurgence,AR,None,/home/kaahin/degree_project/hybrid-epidemic-forecasting/results/partB/forecasts/partB_structural_mismatch_forecast_A4_AR_None.mat,forecast_results,252,253,0.0711814373685827,0.0711814373685827,0.113387845769187,0.0878337807806747,0.00975930897563052,0.0022745285309739,0,0.0591475998619783,0,-0.7875,0.7875,0.0322051290460922,1,closed_loop_monte_carlo,ok,ok,-2771.55541317716
structural_mismatch,SEIR structural mismatch,SEIR,uds,1,0,0,A4,Amplifying Resurgence,AR,None,/home/kaahin/degree_project/hybrid-epidemic-forecasting/results/partB/forecasts/partB_structural_mismatch_forecast_A4_AR_None.mat,forecast_results,259,260,0.0673638574567072,0.0673638574567072,0.102835619678278,0.0809856516545855,0.00899840573939839,0.00241080803532317,0,0.0559546436819856,0,-0.7875,0.7875,0.0366279399214148,1,closed_loop_monte_carlo,ok,ok,-2814.72266809685
structural_mismatch,SEIR structural mismatch,SEIR,uds,1,0,0,A4,Amplifying Resurgence,AR,None,/home/kaahin/degree_project/hybrid-epidemic-forecasting/results/partB/forecasts/partB_structural_mismatch_forecast_A4_AR_None.mat,forecast_results,266,267,0.0254452096218557,0.0254452096218557,0.059224125212677,0.0469318108797813,0.00521464565330903,0.00346449971811812,0,0.0167660642504285,0.107142857142857,-0.680357142857143,0.7,0.0495624336609515,1,closed_loop_monte_carlo,ok,ok,-2873.91023144479
structural_mismatch,SEIR structural mismatch,SEIR,uds,1,0,0,A4,Amplifying Resurgence,AR,None,/home/kaahin/degree_project/hybrid-epidemic-forecasting/results/partB/forecasts/partB_structural_mismatch_forecast_A4_AR_None.mat,forecast_results,273,274,0.00768956730829272,0.00768956730829272,0.0275594107287847,0.0228347806548599,0.00253719785053999,0.00465936318562921,0,0.000493006272123518,0.75,-0.0375,0.2125,0.0670446752739177,1,closed_loop_monte_carlo,ok,ok,-2950.12078425115
structural_mismatch,SEIR structural mismatch,SEIR,uds,1,0,0,A4,Amplifying Resurgence,AR,None,/home/kaahin/degree_project/hybrid-epidemic-forecasting/results/partB/forecasts/partB_structural_mismatch_forecast_A4_AR_None.mat,forecast_results,280,281,0.00665172792949979,0.00665172792949979,0.0130356287159551,0.00919822891170011,0.00102202543463335,0.00562970249486645,0,0,1,0.2125,0.2125,0.0818661605724258,1,closed_loop_monte_carlo,ok,ok,-3031.3990505293
structural_mismatch,SEIR structural mismatch,SEIR,uds,1,0,0,A4,Amplifying Resurgence,AR,None,/home/kaahin/degree_project/hybrid-epidemic-forecasting/results/partB/forecasts/partB_structural_mismatch_forecast_A4_AR_None.mat,forecast_results,287,288,0.00457565253924377,0.00457565253924377,0.006611295108273,0.00452501066384514,0.00050277896264946,0.00407287357659431,0,0,1,0.2125,0.2125,0.057685801964042,1,closed_loop_monte_carlo,ok,ok,-3115.46392783396
structural_mismatch,SEIR structural mismatch,SEIR,uds,1,0,0,A4,Amplifying Resurgence,AR,None,/home/kaahin/degree_project/hybrid-epidemic-forecasting/results/partB/forecasts/partB_structural_mismatch_forecast_A4_AR_None.mat,forecast_results,294,295,0.00402841854816743,0.00402841854816743,0.00876554884200104,0.00672832576105686,0.00074759175122854,0.00328082679693889,0,0,1,0.2125,0.2125,0.0502659112815263,1,closed_loop_monte_carlo,ok,ok,-3198.67901962895
structural_mismatch,SEIR structural mismatch,SEIR,uds,1,0,0,A4,Amplifying Resurgence,AR,None,/home/kaahin/degree_project/hybrid-epidemic-forecasting/results/partB/forecasts/partB_structural_mismatch_forecast_A4_AR_None.mat,forecast_results,301,302,0.00458627111746573,0.00458627111746573,0.0112812206346101,0.00885434071896404,0.000983815635440449,0.00360245548202528,0,0,1,0.2125,0.2125,0.0517381508190908,1,closed_loop_monte_carlo,ok,ok,-3279.91486036169
structural_mismatch,SEIR structural mismatch,SEIR,uds,1,0,0,A4,Amplifying Resurgence,AR,None,/home/kaahin/degree_project/hybrid-epidemic-forecasting/results/partB/forecasts/partB_structural_mismatch_forecast_A4_AR_None.mat,forecast_results,308,309,0.0026014895534882,0.0026014895534882,0.00288688081333159,0.00240676466615632,0.000267418296239591,0.00233407125724861,0,0,1,0.2125,0.2125,0.0339873760681871,1,closed_loop_monte_carlo,ok,ok,-3362.73662937034
structural_mismatch,SEIR structural mismatch,SEIR,uds,1,0,0,A4,Amplifying Resurgence,AR,None,/home/kaahin/degree_project/hybrid-epidemic-forecasting/results/partB/forecasts/partB_structural_mismatch_forecast_A4_AR_None.mat,forecast_results,315,316,0.00312676062427624,0.00312676062427624,0.00959682827366891,0.00767106475126374,0.000852340527918193,0.00210377802538251,0,0.000170642070975542,0.910714285714286,0.123214285714286,0.2125,0.030268694035052,1,closed_loop_monte_carlo,ok,ok,-3447.78324000999
structural_mismatch,SEIR structural mismatch,SEIR,uds,1,0,0,A4,Amplifying Resurgence,AR,None,/home/kaahin/degree_project/hybrid-epidemic-forecasting/results/partB/forecasts/partB_structural_mismatch_forecast_A4_AR_None.mat,forecast_results,322,323,0.00349571557961579,0.00349571557961579,0.0117512513427132,0.00978746462019217,0.00108749606891024,0.00169420992392489,0,0.000714009586780656,0.75,-0.0375,0.2125,0.0250379009995262,1,closed_loop_monte_carlo,ok,ok,-3531.08639342923
structural_mismatch,SEIR structural mismatch,SEIR,uds,1,0,0,A4,Amplifying Resurgence,AR,None,/home/kaahin/degree_project/hybrid-epidemic-forecasting/results/partB/forecasts/partB_structural_mismatch_forecast_A4_AR_None.mat,forecast_results,329,330,0.00181190487862095,0.00181190487862095,0.00316486652629167,0.00212563593195442,0.000236181770217158,0.00157572310840379,0,0,1,0.2125,0.2125,0.0231220823947194,1,closed_loop_monte_carlo,ok,ok,-3613.12267535763
structural_mismatch,SEIR structural mismatch,SEIR,uds,1,0,0,A4,Amplifying Resurgence,AR,None,/home/kaahin/degree_project/hybrid-epidemic-forecasting/results/partB/forecasts/partB_structural_mismatch_forecast_A4_AR_None.mat,forecast_results,336,337,0.00797605335945245,0.00797605335945245,0.0221277378259539,0.0158849738103106,0.00176499709003451,0.0015261125313738,0.00468494373804414,0,0.428571428571429,-0.358928571428571,0.492857142857143,0.0220548921352758,1,closed_loop_monte_carlo,ok,ok,-3697.16448727775
structural_mismatch,SEIR structural mismatch,SEIR,uds,1,0,0,A4,Amplifying Resurgence,AR,None,/home/kaahin/degree_project/hybrid-epidemic-forecasting/results/partB/forecasts/partB_structural_mismatch_forecast_A4_AR_None.mat,forecast_results,343,344,0.0193027964739495,0.0193027964739495,0.0363948333232448,0.027120845582561,0.00301342728695122,0.0016411292092489,0.0146482399777494,0,0.0892857142857143,-0.698214285714286,0.714285714285714,0.0254967478253608,1,closed_loop_monte_carlo,ok,ok,-3779.28952864839
structural_mismatch,SEIR structural mismatch,SEIR,uds,1,0,0,A4,Amplifying Resurgence,AR,None,/home/kaahin/degree_project/hybrid-epidemic-forecasting/results/partB/forecasts/partB_structural_mismatch_forecast_A4_AR_None.mat,forecast_results,350,351,0.0260080856704657,0.0260080856704657,0.0455673018375633,0.0347565352003725,0.00386183724448584,0.00146931150594035,0.0206769369200395,0,0.0535714285714286,-0.733928571428571,0.746428571428572,0.0229048075696185,1,closed_loop_monte_carlo,ok,ok,-3854.77760308365
structural_mismatch,SEIR structural mismatch,SEIR,uds,1,0,0,A4,Amplifying Resurgence,ARX,I,/home/kaahin/degree_project/hybrid-epidemic-forecasting/results/partB/forecasts/partB_structural_mismatch_forecast_A4_ARX_I.mat,forecast_results,49,50,0.0252074482695108,0.0252074482695108,0.0399383355058036,0.0290605165395946,0.00322894628217718,0.00060680550910158,0.0213716964782321,0,0,-0.7875,0.7875,0.00895921811525466,1,closed_loop_monte_carlo,ok,ok,-722.149438954551
structural_mismatch,SEIR structural mismatch,SEIR,uds,1,0,0,A4,Amplifying Resurgence,ARX,I,/home/kaahin/degree_project/hybrid-epidemic-forecasting/results/partB/forecasts/partB_structural_mismatch_forecast_A4_ARX_I.mat,forecast_results,56,57,0.00305733930741551,0.00305733930741551,0.00898100463922174,0.00773717596496101,0.000859686218329001,0.000944251924545963,0.00125340116454055,0,0.285714285714286,-0.501785714285714,0.569642857142857,0.0127476895366695,1,closed_loop_monte_carlo,ok,ok,-805.547372954865
structural_mismatch,SEIR structural mismatch,SEIR,uds,1,0,0,A4,Amplifying Resurgence,ARX,I,/home/kaahin/degree_project/hybrid-epidemic-forecasting/results/partB/forecasts/partB_structural_mismatch_forecast_A4_ARX_I.mat,forecast_results,63,64,0.0171448874442058,0.0171448874442058,0.0310976114917243,0.0210960679773208,0.00234400755303564,0.000788193865914569,0,0.0140126860252556,0.285714285714286,-0.501785714285714,0.592857142857143,0.0109736116758481,1,closed_loop_monte_carlo,ok,ok,-909.146747542838
structural_mismatch,SEIR structural mismatch,SEIR,uds,1,0,0,A4,Amplifying Resurgence,ARX,I,/home/kaahin/degree_project/hybrid-epidemic-forecasting/results/partB/forecasts/partB_structural_mismatch_forecast_A4_ARX_I.mat,forecast_results,70,71,0.0356990315066929,0.0356990315066929,0.0549014138215888,0.0400904570019741,0.00445449522244157,0.000732468582754892,0,0.0305120677014964,0,-0.7875,0.7875,0.0102963937040705,1,closed_loop_monte_carlo,ok,ok,-1008.93941613253
structural_mismatch,SEIR structural mismatch,SEIR,uds,1,0,0,A4,Amplifying Resurgence,ARX,I,/home/kaahin/degree_project/hybrid-epidemic-forecasting/results/partB/forecasts/partB_structural_mismatch_forecast_A4_ARX_I.mat,forecast_results,77,78,0.0408976699276666,0.0408976699276666,0.0604317295714309,0.0456383859041169,0.0050709317671241,0.000787460433861322,0,0.0350392777266812,0,-0.7875,0.7875,0.0115992094087048,1,closed_loop_monte_carlo,ok,ok,-1083.62973665393
structural_mismatch,SEIR structural mismatch,SEIR,uds,1,0,0,A4,Amplifying Resurgence,ARX,I,/home/kaahin/degree_project/hybrid-epidemic-forecasting/results/partB/forecasts/partB_structural_mismatch_forecast_A4_ARX_I.mat,forecast_results,84,85,0.0420684320903785,0.0420684320903785,0.0599874231379543,0.0457599280450599,0.00508443644945111,0.000691964285245273,0,0.0362920313556821,0,-0.7875,0.7875,0.00986926029710007,1,closed_loop_monte_carlo,ok,ok,-1144.03479540966
structural_mismatch,SEIR structural mismatch,SEIR,uds,1,0,0,A4,Amplifying Resurgence,ARX,I,/home/kaahin/degree_project/hybrid-epidemic-forecasting/results/partB/forecasts/partB_structural_mismatch_forecast_A4_ARX_I.mat,forecast_results,91,92,0.0473402524466798,0.0473402524466798,0.0675596458277637,0.0517717621513144,0.00575241801681271,0.000813157211038907,0,0.0407746772188282,0,-0.7875,0.7875,0.0109807590120018,1,closed_loop_monte_carlo,ok,ok,-1194.73297503688
structural_mismatch,SEIR structural mismatch,SEIR,uds,1,0,0,A4,Amplifying Resurgence,ARX,I,/home/kaahin/degree_project/hybrid-epidemic-forecasting/results/partB/forecasts/partB_structural_mismatch_forecast_A4_ARX_I.mat,forecast_results,98,99,0.0594727125941314,0.0594727125941314,0.0877654462597906,0.0676986818339217,0.00752207575932463,0.00114071252552172,0,0.050809924309285,0,-0.7875,0.7875,0.0167859191594602,1,closed_loop_monte_carlo,ok,ok,-1226.1469001406
structural_mismatch,SEIR structural mismatch,SEIR,uds,1,0,0,A4,Amplifying Resurgence,ARX,I,/home/kaahin/degree_project/hybrid-epidemic-forecasting/results/partB/forecasts/partB_structural_mismatch_forecast_A4_ARX_I.mat,forecast_results,105,106,0.0749822952007597,0.0749822952007597,0.108121434307669,0.0840457698662228,0.00933841887402476,0.00133671972632614,0,0.0643071566004089,0,-0.7875,0.7875,0.0191159280224311,1,closed_loop_monte_carlo,ok,ok,-1236.86645953504
structural_mismatch,SEIR structural mismatch,SEIR,uds,1,0,0,A4,Amplifying Resurgence,ARX,I,/home/kaahin/degree_project/hybrid-epidemic-forecasting/results/partB/forecasts/partB_structural_mismatch_forecast_A4_ARX_I.mat,forecast_results,112,113,0.0654693439457831,0.0654693439457831,0.10372351341053,0.0809602114245985,0.00899557904717761,0.00226934406032767,0,0.0542044208382778,0,-0.7875,0.7875,0.0310892866195365,1,closed_loop_monte_carlo,ok,ok,-1254.80147636397
structural_mismatch,SEIR structural mismatch,SEIR,uds,1,0,0,A4,Amplifying Resurgence,ARX,I,/home/kaahin/degree_project/hybrid-epidemic-forecasting/results/partB/forecasts/partB_structural_mismatch_forecast_A4_ARX_I.mat,forecast_results,119,120,0.0197067088180907,0.0197067088180907,0.0462234140958408,0.0376813914204419,0.00418682126893799,0.00289381815476481,0,0.0126260693943879,0.142857142857143,-0.644642857142857,0.667857142857143,0.0405687942126148,1,closed_loop_monte_carlo,ok,ok,-1308.24665282266
structural_mismatch,SEIR structural mismatch,SEIR,uds,1,0,0,A4,Amplifying Resurgence,ARX,I,/home/kaahin/degree_project/hybrid-epidemic-forecasting/results/partB/forecasts/partB_structural_mismatch_forecast_A4_ARX_I.mat,forecast_results,126,127,0.00841648483777913,0.00841648483777913,0.0316250541332235,0.0211104792681915,0.00234560880757683,0.00328626746184146,0.00278460856836084,0,0.75,-0.0375,0.314285714285714,0.0448047722766182,1,closed_loop_monte_carlo,ok,ok,-1388.01437205364
structural_mismatch,SEIR structural mismatch,SEIR,uds,1,0,0,A4,Amplifying Resurgence,ARX,I,/home/kaahin/degree_project/hybrid-epidemic-forecasting/results/partB/forecasts/partB_structural_mismatch_forecast_A4_ARX_I.mat,forecast_results,133,134,0.0305569506292503,0.0305569506292503,0.0619500324801852,0.0466433702095579,0.00518259668995088,0.00423811271840484,0.0211362412208946,0,0.25,-0.5375,0.598214285714286,0.0615063678640951,1,closed_loop_monte_carlo,ok,ok,-1471.5101006758
structural_mismatch,SEIR structural mismatch,SEIR,uds,1,0,0,A4,Amplifying Resurgence,ARX,I,/home/kaahin/degree_project/hybrid-epidemic-forecasting/results/partB/forecasts/partB_structural_mismatch_forecast_A4_ARX_I.mat,forecast_results,140,141,0.0292783670337808,0.0292783670337808,0.062762090211961,0.0477771919969268,0.00530857688854742,0.00366094757849526,0.0203088425667381,0,0.142857142857143,-0.644642857142857,0.667857142857143,0.0528471632375535,1,closed_loop_monte_carlo,ok,ok,-1552.88612320679
structural_mismatch,SEIR structural mismatch,SEIR,uds,1,0,0,A4,Amplifying Resurgence,ARX,I,/home/kaahin/degree_project/hybrid-epidemic-forecasting/results/partB/forecasts/partB_structural_mismatch_forecast_A4_ARX_I.mat,forecast_results,147,148,0.0177328505126483,0.0177328505126483,0.0433235401398169,0.0339822531427995,0.0037758059047555,0.00374800730844251,0.0102090372994502,0,0.339285714285714,-0.448214285714286,0.519642857142857,0.0531930779766899,1,closed_loop_monte_carlo,ok,ok,-1633.9124281393
structural_mismatch,SEIR structural mismatch,SEIR,uds,1,0,0,A4,Amplifying Resurgence,ARX,I,/home/kaahin/degree_project/hybrid-epidemic-forecasting/results/partB/forecasts/partB_structural_mismatch_forecast_A4_ARX_I.mat,forecast_results,154,155,0.00471119980142206,0.00471119980142206,0.0112185694746986,0.00965535190727072,0.00107281687858564,0.00317433353597698,0.000464049386859451,0,0.785714285714286,-0.00178571428571429,0.2125,0.0436807516757846,1,closed_loop_monte_carlo,ok,ok,-1716.29082214686
structural_mismatch,SEIR structural mismatch,SEIR,uds,1,0,0,A4,Amplifying Resurgence,ARX,I,/home/kaahin/degree_project/hybrid-epidemic-forecasting/results/partB/forecasts/partB_structural_mismatch_forecast_A4_ARX_I.mat,forecast_results,161,162,0.00610432261078542,0.00610432261078542,0.0207310692083855,0.0149722744973249,0.00166358605525833,0.00228358925602693,0,0.00215714729950016,0.785714285714286,-0.00178571428571429,0.269642857142857,0.0323233321074024,1,closed_loop_monte_carlo,ok,ok,-1800.75656623706
structural_mismatch,SEIR structural mismatch,SEIR,uds,1,0,0,A4,Amplifying Resurgence,ARX,I,/home/kaahin/degree_project/hybrid-epidemic-forecasting/results/partB/forecasts/partB_structural_mismatch_forecast_A4_ARX_I.mat,forecast_results,168,169,0.0259376459156666,0.0259376459156666,0.0542236763525849,0.0403191443817599,0.00447990493130666,0.00232014142042391,0,0.019137599563936,0.214285714285714,-0.573214285714286,0.617857142857143,0.0321345636779606,1,closed_loop_monte_carlo,ok,ok,-1885.4089194115
structural_mismatch,SEIR structural mismatch,SEIR,uds,1,0,0,A4,Amplifying Resurgence,ARX,I,/home/kaahin/degree_project/hybrid-epidemic-forecasting/results/partB/forecasts/partB_structural_mismatch_forecast_A4_ARX_I.mat,forecast_results,175,176,0.0497026855731455,0.0497026855731455,0.0801942942375908,0.0614341667933365,0.00682601853259295,0.00207983637677667,0,0.0407968306637758,0.0714285714285714,-0.716071428571429,0.730357142857143,0.028746915457509,1,closed_loop_monte_carlo,ok,ok,-1962.29040714142
structural_mismatch,SEIR structural mismatch,SEIR,uds,1,0,0,A4,Amplifying Resurgence,ARX,I,/home/kaahin/degree_project/hybrid-epidemic-forecasting/results/partB/forecasts/partB_structural_mismatch_forecast_A4_ARX_I.mat,forecast_results,182,183,0.0443896314844343,0.0443896314844343,0.0789200698246059,0.0617017611548244,0.00685575123942493,0.00239675508516325,0,0.0351371251598461,0.0357142857142857,-0.751785714285714,0.757142857142857,0.0346273809112426,1,closed_loop_monte_carlo,ok,ok,-2024.9488576142
structural_mismatch,SEIR structural mismatch,SEIR,uds,1,0,0,A4,Amplifying Resurgence,ARX,I,/home/kaahin/degree_project/hybrid-epidemic-forecasting/results/partB/forecasts/partB_structural_mismatch_forecast_A4_ARX_I.mat,forecast_results,189,190,0.00711901490417857,0.00711901490417857,0.0229459501527499,0.0194690812376101,0.00216323124862334,0.00282074891994848,0,0.00213503473560675,0.642857142857143,-0.144642857142857,0.2875,0.0438605894636145,1,closed_loop_monte_carlo,ok,ok,-2092.21200298785
structural_mismatch,SEIR structural mismatch,SEIR,uds,1,0,0,A4,Amplifying Resurgence,ARX,I,/home/kaahin/degree_project/hybrid-epidemic-forecasting/results/partB/forecasts/partB_structural_mismatch_forecast_A4_ARX_I.mat,forecast_results,196,197,0.0176023484726987,0.0176023484726987,0.0586910321567396,0.0410447286138435,0.00456052540153816,0.00422248798888449,0.00881933508227604,0,0.625,-0.1625,0.367857142857143,0.0626592130472896,1,closed_loop_monte_carlo,ok,ok,-2174.50235073259
structural_mismatch,SEIR structural mismatch,SEIR,uds,1,0,0,A4,Amplifying Resurgence,ARX,I,/home/kaahin/degree_project/hybrid-epidemic-forecasting/results/partB/forecasts/partB_structural_mismatch_forecast_A4_ARX_I.mat,forecast_results,203,204,0.0614696029628216,0.0614696029628216,0.111905788579862,0.081020511913601,0.00900227910151122,0.0045008219369425,0.0479665019243679,0,0.0714285714285714,-0.716071428571429,0.730357142857143,0.0649932308993578,1,closed_loop_monte_carlo,ok,ok,-2256.72832690552
structural_mismatch,SEIR structural mismatch,SEIR,uds,1,0,0,A4,Amplifying Resurgence,ARX,I,/home/kaahin/degree_project/hybrid-epidemic-forecasting/results/partB/forecasts/partB_structural_mismatch_forecast_A4_ARX_I.mat,forecast_results,210,211,0.079936856340097,0.079936856340097,0.132918654193081,0.0973684434159807,0.010818715935109,0.00400317225368572,0.0651149681513023,0,0.0892857142857143,-0.698214285714286,0.716071428571429,0.0643411344455956,1,closed_loop_monte_carlo,ok,ok,-2333.9082496211
structural_mismatch,SEIR structural mismatch,SEIR,uds,1,0,0,A4,Amplifying Resurgence,ARX,I,/home/kaahin/degree_project/hybrid-epidemic-forecasting/results/partB/forecasts/partB_structural_mismatch_forecast_A4_ARX_I.mat,forecast_results,217,218,0.0771129577405822,0.0771129577405822,0.13684127548931,0.102050530217175,0.0113389478019084,0.00459795230120742,0.0611760576374664,0,0.0714285714285714,-0.716071428571429,0.730357142857143,0.0646674688404065,1,closed_loop_monte_carlo,ok,ok,-2408.02680082023
structural_mismatch,SEIR structural mismatch,SEIR,uds,1,0,0,A4,Amplifying Resurgence,ARX,I,/home/kaahin/degree_project/hybrid-epidemic-forecasting/results/partB/forecasts/partB_structural_mismatch_forecast_A4_ARX_I.mat,forecast_results,224,225,0.07092238812053,0.07092238812053,0.118509105753132,0.0909205858710384,0.0101022873190043,0.00321163897093917,0.0576084618305865,0,0.0535714285714286,-0.733928571428571,0.741071428571429,0.0486522201223976,1,closed_loop_monte_carlo,ok,ok,-2480.32927855293
structural_mismatch,SEIR structural mismatch,SEIR,uds,1,0,0,A4,Amplifying Resurgence,ARX,I,/home/kaahin/degree_project/hybrid-epidemic-forecasting/results/partB/forecasts/partB_structural_mismatch_forecast_A4_ARX_I.mat,forecast_results,231,232,0.0299527989632367,0.0299527989632367,0.0552868817629338,0.0435578814226372,0.00483976460251524,0.00256314772238424,0.0225498866383372,0,0.0714285714285714,-0.716071428571429,0.725,0.0396570280413111,1,closed_loop_monte_carlo,ok,ok,-2553.9718966171
structural_mismatch,SEIR structural mismatch,SEIR,uds,1,0,0,A4,Amplifying Resurgence,ARX,I,/home/kaahin/degree_project/hybrid-epidemic-forecasting/results/partB/forecasts/partB_structural_mismatch_forecast_A4_ARX_I.mat,forecast_results,238,239,0.00295206448398043,0.00295206448398043,0.00505820018187583,0.00422906139197464,0.000469895710219404,0.0024696249249831,1.25438487779234e-05,0,0.946428571428571,0.158928571428571,0.2125,0.03523468499907,1,closed_loop_monte_carlo,ok,ok,-2633.36475177546
structural_mismatch,SEIR structural mismatch,SEIR,uds,1,0,0,A4,Amplifying Resurgence,ARX,I,/home/kaahin/degree_project/hybrid-epidemic-forecasting/results/partB/forecasts/partB_structural_mismatch_forecast_A4_ARX_I.mat,forecast_results,245,246,0.0211178746739666,0.0211178746739666,0.0455134765791447,0.0339756110371535,0.00377506789301705,0.00209151953611471,0,0.0152512872448348,0.303571428571429,-0.483928571428571,0.546428571428571,0.030125599920728,1,closed_loop_monte_carlo,ok,ok,-2717.3900612688
structural_mismatch,SEIR structural mismatch,SEIR,uds,1,0,0,A4,Amplifying Resurgence,ARX,I,/home/kaahin/degree_project/hybrid-epidemic-forecasting/results/partB/forecasts/partB_structural_mismatch_forecast_A4_ARX_I.mat,forecast_results,252,253,0.032529133952939,0.032529133952939,0.0607139828965037,0.0469257678865014,0.00521397420961127,0.00224682075603874,0,0.025068338987289,0.0892857142857143,-0.698214285714286,0.710714285714286,0.0331555418728789,1,closed_loop_monte_carlo,ok,ok,-2796.91283444959
structural_mismatch,SEIR structural mismatch,SEIR,uds,1,0,0,A4,Amplifying Resurgence,ARX,I,/home/kaahin/degree_project/hybrid-epidemic-forecasting/results/partB/forecasts/partB_structural_mismatch_forecast_A4_ARX_I.mat,forecast_results,259,260,0.00715676299493801,0.00715676299493801,0.0224637866873254,0.0187777530118279,0.00208641700131421,0.0029171111392288,0,0.002153234854395,0.589285714285714,-0.198214285714286,0.3125,0.0436012270168923,1,closed_loop_monte_carlo,ok,ok,-2871.77191433394
structural_mismatch,SEIR structural mismatch,SEIR,uds,1,0,0,A4,Amplifying Resurgence,ARX,I,/home/kaahin/degree_project/hybrid-epidemic-forecasting/results/partB/forecasts/partB_structural_mismatch_forecast_A4_ARX_I.mat,forecast_results,266,267,0.026468204632393,0.026468204632393,0.0613842310786509,0.0421359579789216,0.00468177310876907,0.00347905374350402,0.0183073777801199,0,0.410714285714286,-0.376785714285714,0.491071428571429,0.0488761802335464,1,closed_loop_monte_carlo,ok,ok,-2954.31351441717
structural_mismatch,SEIR structural mismatch,SEIR,uds,1,0,0,A4,Amplifying Resurgence,ARX,I,/home/kaahin/degree_project/hybrid-epidemic-forecasting/results/partB/forecasts/partB_structural_mismatch_forecast_A4_ARX_I.mat,forecast_results,273,274,0.0703296288562928,0.0703296288562928,0.133006224417049,0.0962328813319646,0.0106925423702183,0.00415046842396429,0.0554866180621102,0,0.0892857142857143,-0.698214285714286,0.714285714285714,0.0632934384535544,1,closed_loop_monte_carlo,ok,ok,-3036.14105658902
structural_mismatch,SEIR structural mismatch,SEIR,uds,1,0,0,A4,Amplifying Resurgence,ARX,I,/home/kaahin/degree_project/hybrid-epidemic-forecasting/results/partB/forecasts/partB_structural_mismatch_forecast_A4_ARX_I.mat,forecast_results,280,281,0.094962125682255,0.094962125682255,0.163281680314754,0.117672267680657,0.0130746964089619,0.00452501829700591,0.0773624109762873,0,0.107142857142857,-0.680357142857143,0.7,0.0692490242574862,1,closed_loop_monte_carlo,ok,ok,-3110.88772904991
structural_mismatch,SEIR structural mismatch,SEIR,uds,1,0,0,A4,Amplifying Resurgence,ARX,I,/home/kaahin/degree_project/hybrid-epidemic-forecasting/results/partB/forecasts/partB_structural_mismatch_forecast_A4_ARX_I.mat,forecast_results,287,288,0.0992473095189298,0.0992473095189298,0.167098340054543,0.127610037526503,0.0141788930585003,0.00436021660690409,0.0807081998535254,0,0.0535714285714286,-0.733928571428571,0.746428571428572,0.0663835134894489,1,closed_loop_monte_carlo,ok,ok,-3181.19882780008
structural_mismatch,SEIR structural mismatch,SEIR,uds,1,0,0,A4,Amplifying Resurgence,ARX,I,/home/kaahin/degree_project/hybrid-epidemic-forecasting/results/partB/forecasts/partB_structural_mismatch_forecast_A4_ARX_I.mat,forecast_results,294,295,0.0527782545228196,0.0527782545228196,0.0895650909632356,0.0719328741927099,0.00799254157696777,0.00360293470659252,0.0411827782392593,0,0.0535714285714286,-0.733928571428571,0.741071428571429,0.0564922657332763,1,closed_loop_monte_carlo,ok,ok,-3248.89714932034
structural_mismatch,SEIR structural mismatch,SEIR,uds,1,0,0,A4,Amplifying Resurgence,ARX,I,/home/kaahin/degree_project/hybrid-epidemic-forecasting/results/partB/forecasts/partB_structural_mismatch_forecast_A4_ARX_I.mat,forecast_results,301,302,0.0151942442802865,0.0151942442802865,0.0433319761874513,0.0341169468920565,0.00379077187689517,0.00304306319593508,0.0083604092074562,0,0.464285714285714,-0.323214285714286,0.414285714285714,0.04836751662111,1,closed_loop_monte_carlo,ok,ok,-3324.39934146273
structural_mismatch,SEIR structural mismatch,SEIR,uds,1,0,0,A4,Amplifying Resurgence,ARX,I,/home/kaahin/degree_project/hybrid-epidemic-forecasting/results/partB/forecasts/partB_structural_mismatch_forecast_A4_ARX_I.mat,forecast_results,308,309,0.0062228268526073,0.0062228268526073,0.0201692475263446,0.0153800747203393,0.00170889719114881,0.00244078742772526,0.00207314223373323,0,0.714285714285714,-0.0732142857142857,0.291071428571429,0.0356977747768846,1,closed_loop_monte_carlo,ok,ok,-3407.00055774576
structural_mismatch,SEIR structural mismatch,SEIR,uds,1,0,0,A4,Amplifying Resurgence,ARX,I,/home/kaahin/degree_project/hybrid-epidemic-forecasting/results/partB/forecasts/partB_structural_mismatch_forecast_A4_ARX_I.mat,forecast_results,315,316,0.00212812990699703,0.00212812990699703,0.00492046628132572,0.0032063182975111,0.000356257588612345,0.00174346139580377,2.63650018566409e-05,2.04592072426481e-06,0.964285714285714,0.176785714285714,0.2125,0.0249214302437135,1,closed_loop_monte_carlo,ok,ok,-3491.33239518956
structural_mismatch,SEIR structural mismatch,SEIR,uds,1,0,0,A4,Amplifying Resurgence,ARX,I,/home/kaahin/degree_project/hybrid-epidemic-forecasting/results/partB/forecasts/partB_structural_mismatch_forecast_A4_ARX_I.mat,forecast_results,322,323,0.00203505969180216,0.00203505969180216,0.00391419129814213,0.00248064453920118,0.000275627171022354,0.0017594325207798,0,0,1,0.2125,0.2125,0.0246892466873075,1,closed_loop_monte_carlo,ok,ok,-3575.80561404639
structural_mismatch,SEIR structural mismatch,SEIR,uds,1,0,0,A4,Amplifying Resurgence,ARX,I,/home/kaahin/degree_project/hybrid-epidemic-forecasting/results/partB/forecasts/partB_structural_mismatch_forecast_A4_ARX_I.mat,forecast_results,329,330,0.00552613860137179,0.00552613860137179,0.0159739732056965,0.0110848293348887,0.00123164770387652,0.00136895818197859,0.00292553271551667,0,0.625,-0.1625,0.371428571428571,0.0209432394521835,1,closed_loop_monte_carlo,ok,ok,-3660.27003239433
structural_mismatch,SEIR structural mismatch,SEIR,uds,1,0,0,A4,Amplifying Resurgence,ARX,I,/home/kaahin/degree_project/hybrid-epidemic-forecasting/results/partB/forecasts/partB_structural_mismatch_forecast_A4_ARX_I.mat,forecast_results,336,337,0.0171086021548245,0.0171086021548245,0.0334387112761602,0.0243475144644012,0.00270527938493346,0.00151094019475786,0.0128923825751332,0,0.267857142857143,-0.519642857142857,0.576785714285714,0.0217913435109676,1,closed_loop_monte_carlo,ok,ok,-3744.77275590153
structural_mismatch,SEIR structural mismatch,SEIR,uds,1,0,0,A4,Amplifying Resurgence,ARX,I,/home/kaahin/degree_project/hybrid-epidemic-forecasting/results/partB/forecasts/partB_structural_mismatch_forecast_A4_ARX_I.mat,forecast_results,343,344,0.0297451729049669,0.0297451729049669,0.0511132868668615,0.0383349906887396,0.00425944340985996,0.00163040341524116,0.0238553260798658,0,0.0714285714285714,-0.716071428571429,0.730357142857143,0.0241559989099795,1,closed_loop_monte_carlo,ok,ok,-3824.07075642877
structural_mismatch,SEIR structural mismatch,SEIR,uds,1,0,0,A4,Amplifying Resurgence,ARX,I,/home/kaahin/degree_project/hybrid-epidemic-forecasting/results/partB/forecasts/partB_structural_mismatch_forecast_A4_ARX_I.mat,forecast_results,350,351,0.0364616554116392,0.0364616554116392,0.0613608743728748,0.0464403151367353,0.00516003501519281,0.00167646359427725,0.0296251568021691,0,0.0357142857142857,-0.751785714285714,0.757142857142857,0.0238115634795134,1,closed_loop_monte_carlo,ok,ok,-3893.74563998392
combined_stress,SEIR with observation and process noise,SEIR,ssa,1,1,1,A1,Seasonal Forcing,AR,None,/home/kaahin/degree_project/hybrid-epidemic-forecasting/results/partB/forecasts/partB_combined_stress_forecast_A1_AR_None.mat,forecast_results,49,50,0.055679773727243,0.055679773727243,0.0494148511100163,0.034780667690871,0.003864518632319,0.051815255094924,0,0,1,0.2125,0.2125,0.753774256505171,1,closed_loop_monte_carlo,ok,ok,-84.1676640389955
combined_stress,SEIR with observation and process noise,SEIR,ssa,1,1,1,A1,Seasonal Forcing,AR,None,/home/kaahin/degree_project/hybrid-epidemic-forecasting/results/partB/forecasts/partB_combined_stress_forecast_A1_AR_None.mat,forecast_results,56,57,0.0643105062511059,0.0643105062511059,0.140608099868262,0.138641566834454,0.0154046185371616,0.0479457190048932,0,0.000960168709051207,0.946428571428571,0.158928571428571,0.2125,0.703862701958278,1,closed_loop_monte_carlo,ok,ok,-101.293744653876
combined_stress,SEIR with observation and process noise,SEIR,ssa,1,1,1,A1,Seasonal Forcing,AR,None,/home/kaahin/degree_project/hybrid-epidemic-forecasting/results/partB/forecasts/partB_combined_stress_forecast_A1_AR_None.mat,forecast_results,63,64,0.0461996320972763,0.0461996320972763,0.0393026039255253,0.0320046702967099,0.00355607447741221,0.0426435576198641,0,0,1,0.2125,0.2125,0.621660774425248,1,closed_loop_monte_carlo,ok,ok,-115.819536055755
combined_stress,SEIR with observation and process noise,SEIR,ssa,1,1,1,A1,Seasonal Forcing,AR,None,/home/kaahin/degree_project/hybrid-epidemic-forecasting/results/partB/forecasts/partB_combined_stress_forecast_A1_AR_None.mat,forecast_results,70,71,0.0543791508614149,0.0543791508614149,0.078724048414304,0.0766036770233501,0.00851151966926112,0.0458676311921538,0,0,1,0.2125,0.2125,0.663170554920572,1,closed_loop_monte_carlo,ok,ok,-119.629616756796
combined_stress,SEIR with observation and process noise,SEIR,ssa,1,1,1,A1,Seasonal Forcing,AR,None,/home/kaahin/degree_project/hybrid-epidemic-forecasting/results/partB/forecasts/partB_combined_stress_forecast_A1_AR_None.mat,forecast_results,77,78,0.051611662223866,0.051611662223866,0.0355537704306399,0.0298939915948523,0.00332155462165026,0.0482901076022158,0,0,1,0.2125,0.2125,0.693645640101546,1,closed_loop_monte_carlo,ok,ok,-135.591841755124
combined_stress,SEIR with observation and process noise,SEIR,ssa,1,1,1,A1,Seasonal Forcing,AR,None,/home/kaahin/degree_project/hybrid-epidemic-forecasting/results/partB/forecasts/partB_combined_stress_forecast_A1_AR_None.mat,forecast_results,84,85,0.0414112941478081,0.0414112941478081,0.0301700299359325,0.0237583727176985,0.00263981919085539,0.0387714749569527,0,0,1,0.2125,0.2125,0.563215992087833,1,closed_loop_monte_carlo,ok,ok,-147.180247581408
combined_stress,SEIR with observation and process noise,SEIR,ssa,1,1,1,A1,Seasonal Forcing,AR,None,/home/kaahin/degree_project/hybrid-epidemic-forecasting/results/partB/forecasts/partB_combined_stress_forecast_A1_AR_None.mat,forecast_results,91,92,0.0516262690638546,0.0516262690638546,0.101516222719169,0.097087562317403,0.0107875069241559,0.0382928884120213,0,0.00254587372767735,0.910714285714286,0.123214285714286,0.223214285714286,0.557295627569969,1,closed_loop_monte_carlo,ok,ok,-156.398005068045
combined_stress,SEIR with observation and process noise,SEIR,ssa,1,1,1,A1,Seasonal Forcing,AR,None,/home/kaahin/degree_project/hybrid-epidemic-forecasting/results/partB/forecasts/partB_combined_stress_forecast_A1_AR_None.mat,forecast_results,98,99,0.0414552823101544,0.0414552823101544,0.0339417741916377,0.0287516082442432,0.00319462313824924,0.0382001568472595,0,6.05023246456413e-05,0.982142857142857,0.194642857142857,0.2125,0.553309644101681,1,closed_loop_monte_carlo,ok,ok,-170.419551791461
combined_stress,SEIR with observation and process noise,SEIR,ssa,1,1,1,A1,Seasonal Forcing,AR,None,/home/kaahin/degree_project/hybrid-epidemic-forecasting/results/partB/forecasts/partB_combined_stress_forecast_A1_AR_None.mat,forecast_results,105,106,0.0448603488427769,0.0448603488427769,0.0633450136066274,0.0571057633117518,0.00634508481241687,0.03851526403036,0,0,1,0.2125,0.2125,0.570841987442497,1,closed_loop_monte_carlo,ok,ok,-179.931887285651
combined_stress,SEIR with observation and process noise,SEIR,ssa,1,1,1,A1,Seasonal Forcing,AR,None,/home/kaahin/degree_project/hybrid-epidemic-forecasting/results/partB/forecasts/partB_combined_stress_forecast_A1_AR_None.mat,forecast_results,112,113,0.0453625210128409,0.0453625210128409,0.0582833251659701,0.0552567298268474,0.00613963664742749,0.0392228843654134,0,0,1,0.2125,0.2125,0.579136929945798,1,closed_loop_monte_carlo,ok,ok,-198.16312961965
combined_stress,SEIR with observation and process noise,SEIR,ssa,1,1,1,A1,Seasonal Forcing,AR,None,/home/kaahin/degree_project/hybrid-epidemic-forecasting/results/partB/forecasts/partB_combined_stress_forecast_A1_AR_None.mat,forecast_results,119,120,0.0365964690629501,0.0365964690629501,0.0383419780241928,0.0362927790209095,0.00403253100232328,0.0325318393068826,3.20987537442635e-05,0,0.982142857142857,0.194642857142857,0.2125,0.475849029321008,1,closed_loop_monte_carlo,ok,ok,-196.736886858943
combined_stress,SEIR with observation and process noise,SEIR,ssa,1,1,1,A1,Seasonal Forcing,AR,None,/home/kaahin/degree_project/hybrid-epidemic-forecasting/results/partB/forecasts/partB_combined_stress_forecast_A1_AR_None.mat,forecast_results,126,127,0.0382773362729286,0.0382773362729286,0.0613902325389202,0.0560265832382049,0.0062251759153561,0.0320521603575725,0,0,1,0.2125,0.2125,0.46380931633599,1,closed_loop_monte_carlo,ok,ok,-202.429122585741
combined_stress,SEIR with observation and process noise,SEIR,ssa,1,1,1,A1,Seasonal Forcing,AR,None,/home/kaahin/degree_project/hybrid-epidemic-forecasting/results/partB/forecasts/partB_combined_stress_forecast_A1_AR_None.mat,forecast_results,133,134,0.0361798117801585,0.0361798117801585,0.0358288056163624,0.0309132010154632,0.00343480011282925,0.0327450116673293,0,0,1,0.2125,0.2125,0.483059751467905,1,closed_loop_monte_carlo,ok,ok,-219.993116476022
combined_stress,SEIR with observation and process noise,SEIR,ssa,1,1,1,A1,Seasonal Forcing,AR,None,/home/kaahin/degree_project/hybrid-epidemic-forecasting/results/partB/forecasts/partB_combined_stress_forecast_A1_AR_None.mat,forecast_results,140,141,0.0454021496907304,0.0454021496907304,0.0878253248062971,0.0847571424881086,0.00941746027645651,0.0345737626127232,0.00141092680155065,0,0.928571428571429,0.141071428571429,0.2125,0.509669695688405,1,closed_loop_monte_carlo,ok,ok,-232.872571119488
combined_stress,SEIR with observation and process noise,SEIR,ssa,1,1,1,A1,Seasonal Forcing,AR,None,/home/kaahin/degree_project/hybrid-epidemic-forecasting/results/partB/forecasts/partB_combined_stress_forecast_A1_AR_None.mat,forecast_results,147,148,0.0381864614360333,0.0381864614360333,0.0693183887445412,0.0663425808234418,0.00737139786927132,0.0296456780360064,0,0.00116938553075563,0.946428571428571,0.158928571428571,0.2125,0.430248888303209,1,closed_loop_monte_carlo,ok,ok,-242.514673714614
combined_stress,SEIR with observation and process noise,SEIR,ssa,1,1,1,A1,Seasonal Forcing,AR,None,/home/kaahin/degree_project/hybrid-epidemic-forecasting/results/partB/forecasts/partB_combined_stress_forecast_A1_AR_None.mat,forecast_results,154,155,0.038232924772901,0.038232924772901,0.0770515281330212,0.0695925644153732,0.00773250715726369,0.0301253683916903,0,0.00037504922394707,0.964285714285714,0.176785714285714,0.2125,0.447748813460291,1,closed_loop_monte_carlo,ok,ok,-255.3545860287
combined_stress,SEIR with observation and process noise,SEIR,ssa,1,1,1,A1,Seasonal Forcing,AR,None,/home/kaahin/degree_project/hybrid-epidemic-forecasting/results/partB/forecasts/partB_combined_stress_forecast_A1_AR_None.mat,forecast_results,161,162,0.0537491012902733,0.0537491012902733,0.141833094214744,0.134693705816887,0.0149659673129875,0.0303087691202795,0,0.00847436485700634,0.75,-0.0375,0.223214285714286,0.448366307666272,1,closed_loop_monte_carlo,ok,ok,-272.305345701599
combined_stress,SEIR with observation and process noise,SEIR,ssa,1,1,1,A1,Seasonal Forcing,AR,None,/home/kaahin/degree_project/hybrid-epidemic-forecasting/results/partB/forecasts/partB_combined_stress_forecast_A1_AR_None.mat,forecast_results,168,169,0.0666205075115401,0.0666205075115401,0.191760781070233,0.181420906511251,0.0201578785012501,0.0306567598493249,0,0.0158058691609651,0.732142857142857,-0.0553571428571429,0.233928571428571,0.449036797561588,1,closed_loop_monte_carlo,ok,ok,-284.683561370277
combined_stress,SEIR with observation and process noise,SEIR,ssa,1,1,1,A1,Seasonal Forcing,AR,None,/home/kaahin/degree_project/hybrid-epidemic-forecasting/results/partB/forecasts/partB_combined_stress_forecast_A1_AR_None.mat,forecast_results,175,176,0.0484724634807188,0.0484724634807188,0.12744829008318,0.108510930097615,0.0120567700108461,0.0331997185708744,0,0.00321597489899831,0.910714285714286,0.123214285714286,0.2125,0.480504621838222,1,closed_loop_monte_carlo,ok,ok,-296.743645417936
combined_stress,SEIR with observation and process noise,SEIR,ssa,1,1,1,A1,Seasonal Forcing,AR,None,/home/kaahin/degree_project/hybrid-epidemic-forecasting/results/partB/forecasts/partB_combined_stress_forecast_A1_AR_None.mat,forecast_results,182,183,0.0487662927611958,0.0487662927611958,0.116489986001599,0.0883377504155901,0.00981530560173224,0.035071317208008,0,0.00387966995145557,0.910714285714286,0.123214285714286,0.2125,0.521959440696376,1,closed_loop_monte_carlo,ok,ok,-313.621169130044
combined_stress,SEIR with observation and process noise,SEIR,ssa,1,1,1,A1,Seasonal Forcing,AR,None,/home/kaahin/degree_project/hybrid-epidemic-forecasting/results/partB/forecasts/partB_combined_stress_forecast_A1_AR_None.mat,forecast_results,189,190,0.0447766642135434,0.0447766642135434,0.0884888152725906,0.0693431602549671,0.00770479558388523,0.0366229454059206,0,0.000448923223737597,0.982142857142857,0.194642857142857,0.2125,0.540206991972272,1,closed_loop_monte_carlo,ok,ok,-318.198904814626
combined_stress,SEIR with observation and process noise,SEIR,ssa,1,1,1,A1,Seasonal Forcing,AR,None,/home/kaahin/degree_project/hybrid-epidemic-forecasting/results/partB/forecasts/partB_combined_stress_forecast_A1_AR_None.mat,forecast_results,196,197,0.054041992459336,0.054041992459336,0.125239723635802,0.109400890730631,0.0121556545256256,0.0392341423974337,0,0.00265219553627672,0.946428571428571,0.158928571428571,0.2125,0.582657464475389,1,closed_loop_monte_carlo,ok,ok,-333.178568301606
combined_stress,SEIR with observation and process noise,SEIR,ssa,1,1,1,A1,Seasonal Forcing,AR,None,/home/kaahin/degree_project/hybrid-epidemic-forecasting/results/partB/forecasts/partB_combined_stress_forecast_A1_AR_None.mat,forecast_results,203,204,0.0821174043676008,0.0821174043676008,0.224275079372491,0.21995056929382,0.0244389521437577,0.0387901660420326,0,0.0188882861818105,0.732142857142857,-0.0553571428571429,0.223214285714286,0.573793435864731,1,closed_loop_monte_carlo,ok,ok,-347.415463118791
combined_stress,SEIR with observation and process noise,SEIR,ssa,1,1,1,A1,Seasonal Forcing,AR,None,/home/kaahin/degree_project/hybrid-epidemic-forecasting/results/partB/forecasts/partB_combined_stress_forecast_A1_AR_None.mat,forecast_results,210,211,0.0787315867958013,0.0787315867958013,0.230466957824163,0.215096177370444,0.0238995752633827,0.0457559869522452,0,0.00907602458017341,0.821428571428571,0.0339285714285714,0.2125,0.674411724488578,1,closed_loop_monte_carlo,ok,ok,-357.506742252019
combined_stress,SEIR with observation and process noise,SEIR,ssa,1,1,1,A1,Seasonal Forcing,AR,None,/home/kaahin/degree_project/hybrid-epidemic-forecasting/results/partB/forecasts/partB_combined_stress_forecast_A1_AR_None.mat,forecast_results,217,218,0.0721623303604666,0.0721623303604666,0.199113211931578,0.189501727356626,0.0210557474840696,0.0415972701381429,0,0.00950931273825417,0.785714285714286,-0.00178571428571429,0.2125,0.622485295501253,1,closed_loop_monte_carlo,ok,ok,-367.682084056764
combined_stress,SEIR with observation and process noise,SEIR,ssa,1,1,1,A1,Seasonal Forcing,AR,None,/home/kaahin/degree_project/hybrid-epidemic-forecasting/results/partB/forecasts/partB_combined_stress_forecast_A1_AR_None.mat,forecast_results,224,225,0.0561280347614714,0.0561280347614714,0.112369989265197,0.0975482925961874,0.0108386991773542,0.0443443499580542,0,0.000944985626063086,0.964285714285714,0.176785714285714,0.2125,0.669429457007742,1,closed_loop_monte_carlo,ok,ok,-380.992683509986
combined_stress,SEIR with observation and process noise,SEIR,ssa,1,1,1,A1,Seasonal Forcing,AR,None,/home/kaahin/degree_project/hybrid-epidemic-forecasting/results/partB/forecasts/partB_combined_stress_forecast_A1_AR_None.mat,forecast_results,231,232,0.059150352421699,0.059150352421699,0.117630200021645,0.108496919333493,0.012055213259277,0.047017792917035,0,7.73462453870063e-05,0.982142857142857,0.194642857142857,0.2125,0.685879864476735,1,closed_loop_monte_carlo,ok,ok,-396.142972584271
combined_stress,SEIR with observation and process noise,SEIR,ssa,1,1,1,A1,Seasonal Forcing,AR,None,/home/kaahin/degree_project/hybrid-epidemic-forecasting/results/partB/forecasts/partB_combined_stress_forecast_A1_AR_None.mat,forecast_results,238,239,0.054215408988631,0.054215408988631,0.0797768313260743,0.0712004903407143,0.0079111655934127,0.0463042433952183,0,0,1,0.2125,0.2125,0.671291165780214,1,closed_loop_monte_carlo,ok,ok,-405.985886408125
combined_stress,SEIR with observation and process noise,SEIR,ssa,1,1,1,A1,Seasonal Forcing,AR,None,/home/kaahin/degree_project/hybrid-epidemic-forecasting/results/partB/forecasts/partB_combined_stress_forecast_A1_AR_None.mat,forecast_results,245,246,0.0562007757277976,0.0562007757277976,0.116495572391429,0.103105998721829,0.0114562220802033,0.0446236041385813,0,0.000120949509012974,0.982142857142857,0.194642857142857,0.2125,0.640199959805931,1,closed_loop_monte_carlo,ok,ok,-423.966942227159
combined_stress,SEIR with observation and process noise,SEIR,ssa,1,1,1,A1,Seasonal Forcing,AR,None,/home/kaahin/degree_project/hybrid-epidemic-forecasting/results/partB/forecasts/partB_combined_stress_forecast_A1_AR_None.mat,forecast_results,252,253,0.0654704225638453,0.0654704225638453,0.100549751498756,0.0921405528840958,0.010237839209344,0.0534451261951624,0.00178745715933896,0,0.946428571428571,0.158928571428571,0.2125,0.777092504129014,1,closed_loop_monte_carlo,ok,ok,-427.636861645488
combined_stress,SEIR with observation and process noise,SEIR,ssa,1,1,1,A1,Seasonal Forcing,AR,None,/home/kaahin/degree_project/hybrid-epidemic-forecasting/results/partB/forecasts/partB_combined_stress_forecast_A1_AR_None.mat,forecast_results,259,260,0.0446048974151205,0.0446048974151205,0.0199112783577448,0.0161470170731488,0.00179411300812765,0.0428107844069929,0,0,1,0.2125,0.2125,0.638165400108573,1,closed_loop_monte_carlo,ok,ok,-435.403293608645
combined_stress,SEIR with observation and process noise,SEIR,ssa,1,1,1,A1,Seasonal Forcing,AR,None,/home/kaahin/degree_project/hybrid-epidemic-forecasting/results/partB/forecasts/partB_combined_stress_forecast_A1_AR_None.mat,forecast_results,266,267,0.0486032231676292,0.0486032231676292,0.0183819568194621,0.0152121244822504,0.00169023605358337,0.0469129871140458,0,0,1,0.2125,0.2125,0.66353923697169,1,closed_loop_monte_carlo,ok,ok,-441.882636603453
combined_stress,SEIR with observation and process noise,SEIR,ssa,1,1,1,A1,Seasonal Forcing,AR,None,/home/kaahin/degree_project/hybrid-epidemic-forecasting/results/partB/forecasts/partB_combined_stress_forecast_A1_AR_None.mat,forecast_results,273,274,0.0497862780394858,0.0497862780394858,0.0760928881850072,0.0717297054960654,0.0079699672773406,0.0418163107621453,0,0,1,0.2125,0.2125,0.617743444284309,1,closed_loop_monte_carlo,ok,ok,-459.989648590144
combined_stress,SEIR with observation and process noise,SEIR,ssa,1,1,1,A1,Seasonal Forcing,AR,None,/home/kaahin/degree_project/hybrid-epidemic-forecasting/results/partB/forecasts/partB_combined_stress_forecast_A1_AR_None.mat,forecast_results,280,281,0.0402870821832173,0.0402870821832173,0.0281312715675917,0.0230767513516541,0.00256408348351712,0.0377229986997002,0,0,1,0.2125,0.2125,0.547414861711973,1,closed_loop_monte_carlo,ok,ok,-473.11420196033
combined_stress,SEIR with observation and process noise,SEIR,ssa,1,1,1,A1,Seasonal Forcing,AR,None,/home/kaahin/degree_project/hybrid-epidemic-forecasting/results/partB/forecasts/partB_combined_stress_forecast_A1_AR_None.mat,forecast_results,287,288,0.0378428133920452,0.0378428133920452,0.0397706396644004,0.0340426841277312,0.0037825204586368,0.0338517707865505,0,0.00020852214685785,0.982142857142857,0.194642857142857,0.2125,0.494767449444871,1,closed_loop_monte_carlo,ok,ok,-484.52732107845
combined_stress,SEIR with observation and process noise,SEIR,ssa,1,1,1,A1,Seasonal Forcing,AR,None,/home/kaahin/degree_project/hybrid-epidemic-forecasting/results/partB/forecasts/partB_combined_stress_forecast_A1_AR_None.mat,forecast_results,294,295,0.0570660912113046,0.0570660912113046,0.139005796027231,0.137783770007439,0.0153093077786043,0.0369039627620864,0.00485282067061399,0,0.803571428571429,0.0160714285714286,0.223214285714286,0.534186486138666,1,closed_loop_monte_carlo,ok,ok,-500.342478883003
combined_stress,SEIR with observation and process noise,SEIR,ssa,1,1,1,A1,Seasonal Forcing,AR,None,/home/kaahin/degree_project/hybrid-epidemic-forecasting/results/partB/forecasts/partB_combined_stress_forecast_A1_AR_None.mat,forecast_results,301,302,0.0421505099882565,0.0421505099882565,0.0428196425698914,0.0373856347142367,0.00415395941269297,0.0377483393034566,0,0.000248211272106946,0.982142857142857,0.194642857142857,0.2125,0.564814803792706,1,closed_loop_monte_carlo,ok,ok,-513.312185589616
combined_stress,SEIR with observation and process noise,SEIR,ssa,1,1,1,A1,Seasonal Forcing,AR,None,/home/kaahin/degree_project/hybrid-epidemic-forecasting/results/partB/forecasts/partB_combined_stress_forecast_A1_AR_None.mat,forecast_results,308,309,0.0351519103223946,0.0351519103223946,0.0481571851261206,0.0416746486052067,0.00463051651168963,0.030521393810705,0,0,1,0.2125,0.2125,0.434090281859989,1,closed_loop_monte_carlo,ok,ok,-529.741274318544
combined_stress,SEIR with observation and process noise,SEIR,ssa,1,1,1,A1,Seasonal Forcing,AR,None,/home/kaahin/degree_project/hybrid-epidemic-forecasting/results/partB/forecasts/partB_combined_stress_forecast_A1_AR_None.mat,forecast_results,315,316,0.0360225272031644,0.0360225272031644,0.0532295324138632,0.0491849997521919,0.00546499997246577,0.029827596235553,0.00072993099514564,0,0.964285714285714,0.176785714285714,0.2125,0.449333056714083,1,closed_loop_monte_carlo,ok,ok,-540.723052208064
combined_stress,SEIR with observation and process noise,SEIR,ssa,1,1,1,A1,Seasonal Forcing,AR,None,/home/kaahin/degree_project/hybrid-epidemic-forecasting/results/partB/forecasts/partB_combined_stress_forecast_A1_AR_None.mat,forecast_results,322,323,0.0309022951770659,0.0309022951770659,0.0414292768000546,0.0403959551292069,0.00448843945880077,0.0264138557182651,0,0,1,0.2125,0.2125,0.400294579116119,1,closed_loop_monte_carlo,ok,ok,-556.041507754034
combined_stress,SEIR with observation and process noise,SEIR,ssa,1,1,1,A1,Seasonal Forcing,AR,None,/home/kaahin/degree_project/hybrid-epidemic-forecasting/results/partB/forecasts/partB_combined_stress_forecast_A1_AR_None.mat,forecast_results,329,330,0.0464402456088663,0.0464402456088663,0.120084495648872,0.119083557740472,0.013231506415608,0.0289873115625086,0,0.00422142763074966,0.839285714285714,0.0517857142857143,0.223214285714286,0.424260158624538,1,closed_loop_monte_carlo,ok,ok,-567.24345733861
combined_stress,SEIR with observation and process noise,SEIR,ssa,1,1,1,A1,Seasonal Forcing,AR,None,/home/kaahin/degree_project/hybrid-epidemic-forecasting/results/partB/forecasts/partB_combined_stress_forecast_A1_AR_None.mat,forecast_results,336,337,0.0389687454489785,0.0389687454489785,0.0780042334883102,0.0722144317316648,0.00802382574796275,0.0309449197010158,0,0,1,0.2125,0.2125,0.456373778472159,1,closed_loop_monte_carlo,ok,ok,-582.629393600309
combined_stress,SEIR with observation and process noise,SEIR,ssa,1,1,1,A1,Seasonal Forcing,AR,None,/home/kaahin/degree_project/hybrid-epidemic-forecasting/results/partB/forecasts/partB_combined_stress_forecast_A1_AR_None.mat,forecast_results,343,344,0.0428973537101938,0.0428973537101938,0.0665166696374087,0.0502465005848402,0.00558294450942669,0.0369054386704633,0,0.00040897053030378,0.982142857142857,0.194642857142857,0.2125,0.543513978887911,1,closed_loop_monte_carlo,ok,ok,-595.877450415113
combined_stress,SEIR with observation and process noise,SEIR,ssa,1,1,1,A1,Seasonal Forcing,AR,None,/home/kaahin/degree_project/hybrid-epidemic-forecasting/results/partB/forecasts/partB_combined_stress_forecast_A1_AR_None.mat,forecast_results,350,351,0.0419055859824362,0.0419055859824362,0.0755022091887667,0.0693303068471565,0.00770336742746184,0.0342022185549743,0,0,1,0.2125,0.2125,0.495225438878389,1,closed_loop_monte_carlo,ok,ok,-613.295259532352
combined_stress,SEIR with observation and process noise,SEIR,ssa,1,1,1,A1,Seasonal Forcing,ARX,I,/home/kaahin/degree_project/hybrid-epidemic-forecasting/results/partB/forecasts/partB_combined_stress_forecast_A1_ARX_I.mat,forecast_results,49,50,Inf,Inf,Inf,Inf,NaN,NaN,NaN,NaN,NaN,NaN,NaN,NaN,0,closed_loop_monte_carlo,insufficient_valid_draws,invalid,-88.1108216096208
combined_stress,SEIR with observation and process noise,SEIR,ssa,1,1,1,A1,Seasonal Forcing,ARX,I,/home/kaahin/degree_project/hybrid-epidemic-forecasting/results/partB/forecasts/partB_combined_stress_forecast_A1_ARX_I.mat,forecast_results,56,57,0.494543847262572,0.494543847262572,1.32202987055808,0.834600119410906,0.0927333466012117,0.238687854974681,0.163122645686679,0,0.589285714285714,-0.198214285714286,0.396428571428571,4.5074825310784,1,closed_loop_monte_carlo,ok_partial_draws,ok,-96.0536039029023
combined_stress,SEIR with observation and process noise,SEIR,ssa,1,1,1,A1,Seasonal Forcing,ARX,I,/home/kaahin/degree_project/hybrid-epidemic-forecasting/results/partB/forecasts/partB_combined_stress_forecast_A1_ARX_I.mat,forecast_results,63,64,0.231056736779652,0.231056736779652,0.603521009726965,0.435392798830431,0.0483769776478257,0.118708320192867,0.063971438938959,0,0.678571428571429,-0.108928571428571,0.325,2.03419982184247,1,closed_loop_monte_carlo,ok,ok,-110.422541336571
combined_stress,SEIR with observation and process noise,SEIR,ssa,1,1,1,A1,Seasonal Forcing,ARX,I,/home/kaahin/degree_project/hybrid-epidemic-forecasting/results/partB/forecasts/partB_combined_stress_forecast_A1_ARX_I.mat,forecast_results,70,71,0.793308829697211,0.793308829697211,2.58623949072455,1.56890470238329,0.174322744709254,0.302119799145015,0.316866285842943,0,0.25,-0.5375,0.585714285714286,4.34351986073604,1,closed_loop_monte_carlo,ok,ok,-114.471116104424
combined_stress,SEIR with observation and process noise,SEIR,ssa,1,1,1,A1,Seasonal Forcing,ARX,I,/home/kaahin/degree_project/hybrid-epidemic-forecasting/results/partB/forecasts/partB_combined_stress_forecast_A1_ARX_I.mat,forecast_results,77,78,0.14210781939825,0.14210781939825,0.369725187544317,0.319870762461872,0.0355411958290969,0.0579722527969101,0.0485943707722432,0,0.625,-0.1625,0.310714285714286,0.883959514768196,1,closed_loop_monte_carlo,ok,ok,-129.478928890562
combined_stress,SEIR with observation and process noise,SEIR,ssa,1,1,1,A1,Seasonal Forcing,ARX,I,/home/kaahin/degree_project/hybrid-epidemic-forecasting/results/partB/forecasts/partB_combined_stress_forecast_A1_ARX_I.mat,forecast_results,84,85,0.0596985699071846,0.0596985699071846,0.118048870270282,0.0850253550374077,0.00944726167082308,0.0502513082363615,0,0,1,0.2125,0.2125,0.754642591435449,1,closed_loop_monte_carlo,ok,ok,-140.626539859855
combined_stress,SEIR with observation and process noise,SEIR,ssa,1,1,1,A1,Seasonal Forcing,ARX,I,/home/kaahin/degree_project/hybrid-epidemic-forecasting/results/partB/forecasts/partB_combined_stress_forecast_A1_ARX_I.mat,forecast_results,91,92,0.0502853675704534,0.0502853675704534,0.132522289105792,0.131496954492563,0.0146107727213958,0.0328857530309623,0,0.00278884181809526,0.857142857142857,0.0696428571428571,0.223214285714286,0.470474239718512,1,closed_loop_monte_carlo,ok,ok,-149.876732238089
combined_stress,SEIR with observation and process noise,SEIR,ssa,1,1,1,A1,Seasonal Forcing,ARX,I,/home/kaahin/degree_project/hybrid-epidemic-forecasting/results/partB/forecasts/partB_combined_stress_forecast_A1_ARX_I.mat,forecast_results,98,99,0.0461939454778057,0.0461939454778057,0.074441524814358,0.0717568524217049,0.00797298360241166,0.0382143566829252,0,6.60519246877011e-06,0.982142857142857,0.194642857142857,0.2125,0.555868438579921,1,closed_loop_monte_carlo,ok,ok,-163.999575427961
combined_stress,SEIR with observation and process noise,SEIR,ssa,1,1,1,A1,Seasonal Forcing,ARX,I,/home/kaahin/degree_project/hybrid-epidemic-forecasting/results/partB/forecasts/partB_combined_stress_forecast_A1_ARX_I.mat,forecast_results,105,106,0.0401340749875537,0.0401340749875537,0.047269013564031,0.0404217376622116,0.00449130418469018,0.0356427708028636,0,0,1,0.2125,0.2125,0.523376013685998,1,closed_loop_monte_carlo,ok,ok,-173.471051339099
combined_stress,SEIR with observation and process noise,SEIR,ssa,1,1,1,A1,Seasonal Forcing,ARX,I,/home/kaahin/degree_project/hybrid-epidemic-forecasting/results/partB/forecasts/partB_combined_stress_forecast_A1_ARX_I.mat,forecast_results,112,113,0.0442570955472248,0.0442570955472248,0.0665238582659648,0.0633839775497176,0.00704266417219084,0.037214431375034,0,0,1,0.2125,0.2125,0.532221249162679,1,closed_loop_monte_carlo,ok,ok,-191.722646993124
combined_stress,SEIR with observation and process noise,SEIR,ssa,1,1,1,A1,Seasonal Forcing,ARX,I,/home/kaahin/degree_project/hybrid-epidemic-forecasting/results/partB/forecasts/partB_combined_stress_forecast_A1_ARX_I.mat,forecast_results,119,120,0.0378527330929196,0.0378527330929196,0.0481472593311459,0.0473964511379835,0.00526627234866483,0.0325864607442548,0,0,1,0.2125,0.2125,0.476201400127919,1,closed_loop_monte_carlo,ok,ok,-190.349533372396
combined_stress,SEIR with observation and process noise,SEIR,ssa,1,1,1,A1,Seasonal Forcing,ARX,I,/home/kaahin/degree_project/hybrid-epidemic-forecasting/results/partB/forecasts/partB_combined_stress_forecast_A1_ARX_I.mat,forecast_results,126,127,0.0354934778132649,0.0354934778132649,0.0617316759118765,0.05811820731043,0.00645757859004777,0.0290358992232171,0,0,1,0.2125,0.2125,0.414185865920998,1,closed_loop_monte_carlo,ok,ok,-196.086753957242
combined_stress,SEIR with observation and process noise,SEIR,ssa,1,1,1,A1,Seasonal Forcing,ARX,I,/home/kaahin/degree_project/hybrid-epidemic-forecasting/results/partB/forecasts/partB_combined_stress_forecast_A1_ARX_I.mat,forecast_results,133,134,0.0319808572534607,0.0319808572534607,0.0247455875704734,0.0195364839460111,0.00217072043844568,0.029810136815015,0,0,1,0.2125,0.2125,0.430705454129573,1,closed_loop_monte_carlo,ok,ok,-213.700996570107
combined_stress,SEIR with observation and process noise,SEIR,ssa,1,1,1,A1,Seasonal Forcing,ARX,I,/home/kaahin/degree_project/hybrid-epidemic-forecasting/results/partB/forecasts/partB_combined_stress_forecast_A1_ARX_I.mat,forecast_results,140,141,0.0441018151015031,0.0441018151015031,0.0838217407808609,0.0762113020387404,0.00846792244874894,0.0334499374259121,0.00218395522684206,0,0.928571428571429,0.141071428571429,0.2125,0.490482987860871,1,closed_loop_monte_carlo,ok,ok,-226.566047535509
combined_stress,SEIR with observation and process noise,SEIR,ssa,1,1,1,A1,Seasonal Forcing,ARX,I,/home/kaahin/degree_project/hybrid-epidemic-forecasting/results/partB/forecasts/partB_combined_stress_forecast_A1_ARX_I.mat,forecast_results,147,148,0.0439641730270799,0.0439641730270799,0.117665482050141,0.115429395238566,0.0128254883598406,0.0284234027515813,0,0.00271528191565801,0.839285714285714,0.0517857142857143,0.2125,0.419796442593154,1,closed_loop_monte_carlo,ok,ok,-236.270693813958
combined_stress,SEIR with observation and process noise,SEIR,ssa,1,1,1,A1,Seasonal Forcing,ARX,I,/home/kaahin/degree_project/hybrid-epidemic-forecasting/results/partB/forecasts/partB_combined_stress_forecast_A1_ARX_I.mat,forecast_results,154,155,0.0370981694939372,0.0370981694939372,0.0280633932713099,0.0224434577220286,0.00249371752466985,0.0346044519692674,0,0,1,0.2125,0.2125,0.512650189391692,1,closed_loop_monte_carlo,ok,ok,-249.095731437161
combined_stress,SEIR with observation and process noise,SEIR,ssa,1,1,1,A1,Seasonal Forcing,ARX,I,/home/kaahin/degree_project/hybrid-epidemic-forecasting/results/partB/forecasts/partB_combined_stress_forecast_A1_ARX_I.mat,forecast_results,161,162,0.0438867632694638,0.0438867632694638,0.097313663039736,0.0947145550099798,0.0105238394455533,0.032121834388091,0,0.00124108943581953,0.928571428571429,0.141071428571429,0.2125,0.467005070370585,1,closed_loop_monte_carlo,ok,ok,-266.062752458996
combined_stress,SEIR with observation and process noise,SEIR,ssa,1,1,1,A1,Seasonal Forcing,ARX,I,/home/kaahin/degree_project/hybrid-epidemic-forecasting/results/partB/forecasts/partB_combined_stress_forecast_A1_ARX_I.mat,forecast_results,168,169,0.060485391905517,0.060485391905517,0.163987960258328,0.146784532544674,0.0163093925049638,0.0331712414840039,0,0.0110047579165494,0.803571428571429,0.0160714285714286,0.2125,0.504162160184129,1,closed_loop_monte_carlo,ok,ok,-278.445868877061
combined_stress,SEIR with observation and process noise,SEIR,ssa,1,1,1,A1,Seasonal Forcing,ARX,I,/home/kaahin/degree_project/hybrid-epidemic-forecasting/results/partB/forecasts/partB_combined_stress_forecast_A1_ARX_I.mat,forecast_results,175,176,0.0411111473329445,0.0411111473329445,0.0875467695182078,0.0738730345145433,0.00820811494606037,0.0323636644270671,0,0.000539367959817008,0.964285714285714,0.176785714285714,0.2125,0.46985548523044,1,closed_loop_monte_carlo,ok,ok,-290.509451633955
combined_stress,SEIR with observation and process noise,SEIR,ssa,1,1,1,A1,Seasonal Forcing,ARX,I,/home/kaahin/degree_project/hybrid-epidemic-forecasting/results/partB/forecasts/partB_combined_stress_forecast_A1_ARX_I.mat,forecast_results,182,183,0.0500834678036487,0.0500834678036487,0.13014256181904,0.111497126650062,0.0123885696277846,0.0346882857097464,0,0.00300661246611766,0.875,0.0875,0.2125,0.507051726148815,1,closed_loop_monte_carlo,ok,ok,-307.406352028165
combined_stress,SEIR with observation and process noise,SEIR,ssa,1,1,1,A1,Seasonal Forcing,ARX,I,/home/kaahin/degree_project/hybrid-epidemic-forecasting/results/partB/forecasts/partB_combined_stress_forecast_A1_ARX_I.mat,forecast_results,189,190,0.0501914057760321,0.0501914057760321,0.0994647870726506,0.0831759539925676,0.00924177266584084,0.0409496331101912,0,0,1,0.2125,0.2125,0.599492266295522,1,closed_loop_monte_carlo,ok,ok,-312.006525236655
combined_stress,SEIR with observation and process noise,SEIR,ssa,1,1,1,A1,Seasonal Forcing,ARX,I,/home/kaahin/degree_project/hybrid-epidemic-forecasting/results/partB/forecasts/partB_combined_stress_forecast_A1_ARX_I.mat,forecast_results,196,197,0.059695792057084,0.059695792057084,0.152513663493612,0.122489720878982,0.0136099689865535,0.0447597918525345,0,0.00132603121799589,0.946428571428571,0.158928571428571,0.2125,0.645352195740104,1,closed_loop_monte_carlo,ok,ok,-327.036655250104
combined_stress,SEIR with observation and process noise,SEIR,ssa,1,1,1,A1,Seasonal Forcing,ARX,I,/home/kaahin/degree_project/hybrid-epidemic-forecasting/results/partB/forecasts/partB_combined_stress_forecast_A1_ARX_I.mat,forecast_results,203,204,0.097970338443927,0.097970338443927,0.289973448339048,0.276672184959576,0.0307413538843974,0.0408475528214097,0,0.0263814317381199,0.714285714285714,-0.0732142857142857,0.233928571428571,0.608915973911507,1,closed_loop_monte_carlo,ok,ok,-341.248204368527
combined_stress,SEIR with observation and process noise,SEIR,ssa,1,1,1,A1,Seasonal Forcing,ARX,I,/home/kaahin/degree_project/hybrid-epidemic-forecasting/results/partB/forecasts/partB_combined_stress_forecast_A1_ARX_I.mat,forecast_results,210,211,0.0601925890466559,0.0601925890466559,0.157427480751401,0.149486444131166,0.0166096049034629,0.0411923970810301,0,0.00239058706216286,0.910714285714286,0.123214285714286,0.2125,0.589371903490358,1,closed_loop_monte_carlo,ok,ok,-351.37311115009
combined_stress,SEIR with observation and process noise,SEIR,ssa,1,1,1,A1,Seasonal Forcing,ARX,I,/home/kaahin/degree_project/hybrid-epidemic-forecasting/results/partB/forecasts/partB_combined_stress_forecast_A1_ARX_I.mat,forecast_results,217,218,0.0686831992455445,0.0686831992455445,0.190145903918264,0.179554275605796,0.0199504750673107,0.0435521022130307,0,0.00518062196520301,0.821428571428571,0.0339285714285714,0.2125,0.634185104708641,1,closed_loop_monte_carlo,ok,ok,-361.566515635146
combined_stress,SEIR with observation and process noise,SEIR,ssa,1,1,1,A1,Seasonal Forcing,ARX,I,/home/kaahin/degree_project/hybrid-epidemic-forecasting/results/partB/forecasts/partB_combined_stress_forecast_A1_ARX_I.mat,forecast_results,224,225,0.05635092274769,0.05635092274769,0.0405274117934249,0.0331210927408455,0.0036801214156495,0.0526708013320405,0,0,1,0.2125,0.2125,0.767877689797241,1,closed_loop_monte_carlo,ok,ok,-374.933370796791
combined_stress,SEIR with observation and process noise,SEIR,ssa,1,1,1,A1,Seasonal Forcing,ARX,I,/home/kaahin/degree_project/hybrid-epidemic-forecasting/results/partB/forecasts/partB_combined_stress_forecast_A1_ARX_I.mat,forecast_results,231,232,0.0527412021832789,0.0527412021832789,0.0580526838690606,0.0400028884016103,0.0044447653779567,0.0482964368053222,0,0,1,0.2125,0.2125,0.707101613728271,1,closed_loop_monte_carlo,ok,ok,-390.122341147844
combined_stress,SEIR with observation and process noise,SEIR,ssa,1,1,1,A1,Seasonal Forcing,ARX,I,/home/kaahin/degree_project/hybrid-epidemic-forecasting/results/partB/forecasts/partB_combined_stress_forecast_A1_ARX_I.mat,forecast_results,238,239,0.0572187953352753,0.0572187953352753,0.0643129972312832,0.0524480848204294,0.00582756498004771,0.0513912303552276,0,0,1,0.2125,0.2125,0.757924256730305,1,closed_loop_monte_carlo,ok,ok,-399.99910216084
combined_stress,SEIR with observation and process noise,SEIR,ssa,1,1,1,A1,Seasonal Forcing,ARX,I,/home/kaahin/degree_project/hybrid-epidemic-forecasting/results/partB/forecasts/partB_combined_stress_forecast_A1_ARX_I.mat,forecast_results,245,246,0.0529120278837999,0.0529120278837999,0.0589578975133821,0.0510442340359826,0.00567158155955362,0.0472404463242462,0,0,1,0.2125,0.2125,0.681466070362843,1,closed_loop_monte_carlo,ok,ok,-417.947952454175
combined_stress,SEIR with observation and process noise,SEIR,ssa,1,1,1,A1,Seasonal Forcing,ARX,I,/home/kaahin/degree_project/hybrid-epidemic-forecasting/results/partB/forecasts/partB_combined_stress_forecast_A1_ARX_I.mat,forecast_results,252,253,0.072389481278312,0.072389481278312,0.176134441721257,0.174347193603149,0.0193719104003499,0.0488521277220558,0.00416544315590634,0,0.875,0.0875,0.2125,0.713576997646917,1,closed_loop_monte_carlo,ok,ok,-421.691209167205
combined_stress,SEIR with observation and process noise,SEIR,ssa,1,1,1,A1,Seasonal Forcing,ARX,I,/home/kaahin/degree_project/hybrid-epidemic-forecasting/results/partB/forecasts/partB_combined_stress_forecast_A1_ARX_I.mat,forecast_results,259,260,0.0522131020250931,0.0522131020250931,0.0515693229452566,0.0462133585345008,0.00513481761494453,0.0470782844101486,0,0,1,0.2125,0.2125,0.70201978414408,1,closed_loop_monte_carlo,ok,ok,-429.364489219363
combined_stress,SEIR with observation and process noise,SEIR,ssa,1,1,1,A1,Seasonal Forcing,ARX,I,/home/kaahin/degree_project/hybrid-epidemic-forecasting/results/partB/forecasts/partB_combined_stress_forecast_A1_ARX_I.mat,forecast_results,266,267,0.0511242608644357,0.0511242608644357,0.0334305163274643,0.0259204070967241,0.00288004523296934,0.0482442156314663,0,0,1,0.2125,0.2125,0.679172394856929,1,closed_loop_monte_carlo,ok,ok,-435.823398886591
combined_stress,SEIR with observation and process noise,SEIR,ssa,1,1,1,A1,Seasonal Forcing,ARX,I,/home/kaahin/degree_project/hybrid-epidemic-forecasting/results/partB/forecasts/partB_combined_stress_forecast_A1_ARX_I.mat,forecast_results,273,274,0.049357870620624,0.049357870620624,0.0684020043199043,0.0581861969508495,0.00646513299453884,0.0428927376260851,0,0,1,0.2125,0.2125,0.619632822982128,1,closed_loop_monte_carlo,ok,ok,-453.936376090632
combined_stress,SEIR with observation and process noise,SEIR,ssa,1,1,1,A1,Seasonal Forcing,ARX,I,/home/kaahin/degree_project/hybrid-epidemic-forecasting/results/partB/forecasts/partB_combined_stress_forecast_A1_ARX_I.mat,forecast_results,280,281,0.035532189399607,0.035532189399607,0.0358917503230582,0.0269656427396284,0.00299618252662538,0.0325360068729816,0,0,1,0.2125,0.2125,0.480367096981813,1,closed_loop_monte_carlo,ok,ok,-467.052128323038
combined_stress,SEIR with observation and process noise,SEIR,ssa,1,1,1,A1,Seasonal Forcing,ARX,I,/home/kaahin/degree_project/hybrid-epidemic-forecasting/results/partB/forecasts/partB_combined_stress_forecast_A1_ARX_I.mat,forecast_results,287,288,0.039838057919616,0.039838057919616,0.0471623523833776,0.0418900620431474,0.00465445133812749,0.0348624993500985,0,0.000321107231390027,0.964285714285714,0.176785714285714,0.2125,0.517325022060227,1,closed_loop_monte_carlo,ok,ok,-478.458463186072
combined_stress,SEIR with observation and process noise,SEIR,ssa,1,1,1,A1,Seasonal Forcing,ARX,I,/home/kaahin/degree_project/hybrid-epidemic-forecasting/results/partB/forecasts/partB_combined_stress_forecast_A1_ARX_I.mat,forecast_results,294,295,0.0514405953284899,0.0514405953284899,0.121391699345006,0.119666121072642,0.013296235674738,0.036758337985393,0.00138602166835897,0,0.928571428571429,0.141071428571429,0.2125,0.535071404299235,1,closed_loop_monte_carlo,ok,ok,-494.275605793159
combined_stress,SEIR with observation and process noise,SEIR,ssa,1,1,1,A1,Seasonal Forcing,ARX,I,/home/kaahin/degree_project/hybrid-epidemic-forecasting/results/partB/forecasts/partB_combined_stress_forecast_A1_ARX_I.mat,forecast_results,301,302,0.0312636065514351,0.0312636065514351,0.0368033386403036,0.0308255755494413,0.00342506394993793,0.0275162381707489,0,0.000322304430748276,0.964285714285714,0.176785714285714,0.2125,0.419611454546518,1,closed_loop_monte_carlo,ok,ok,-507.24308395803
combined_stress,SEIR with observation and process noise,SEIR,ssa,1,1,1,A1,Seasonal Forcing,ARX,I,/home/kaahin/degree_project/hybrid-epidemic-forecasting/results/partB/forecasts/partB_combined_stress_forecast_A1_ARX_I.mat,forecast_results,308,309,0.032499995607193,0.032499995607193,0.0188933302378129,0.0161504977521931,0.00179449975024368,0.0307054958569493,0,0,1,0.2125,0.2125,0.477178924100108,1,closed_loop_monte_carlo,ok,ok,-523.675803562653
combined_stress,SEIR with observation and process noise,SEIR,ssa,1,1,1,A1,Seasonal Forcing,ARX,I,/home/kaahin/degree_project/hybrid-epidemic-forecasting/results/partB/forecasts/partB_combined_stress_forecast_A1_ARX_I.mat,forecast_results,315,316,0.0469601034696075,0.0469601034696075,0.107182496066427,0.104985337442164,0.0116650374935737,0.0338524932548731,0.0014425727211606,0,0.910714285714286,0.123214285714286,0.2125,0.496764863802561,1,closed_loop_monte_carlo,ok,ok,-534.650914585957
combined_stress,SEIR with observation and process noise,SEIR,ssa,1,1,1,A1,Seasonal Forcing,ARX,I,/home/kaahin/degree_project/hybrid-epidemic-forecasting/results/partB/forecasts/partB_combined_stress_forecast_A1_ARX_I.mat,forecast_results,322,323,0.0320625862542422,0.0320625862542422,0.0359103399222982,0.0307382762473078,0.00341536402747864,0.0286472222267636,0,0,1,0.2125,0.2125,0.409715141805279,1,closed_loop_monte_carlo,ok,ok,-549.973297152321
combined_stress,SEIR with observation and process noise,SEIR,ssa,1,1,1,A1,Seasonal Forcing,ARX,I,/home/kaahin/degree_project/hybrid-epidemic-forecasting/results/partB/forecasts/partB_combined_stress_forecast_A1_ARX_I.mat,forecast_results,329,330,0.0449875670269408,0.0449875670269408,0.101953523382669,0.0988852892257636,0.0109872543584182,0.0315740491570784,0,0.00242626351144424,0.910714285714286,0.123214285714286,0.223214285714286,0.447025415083588,1,closed_loop_monte_carlo,ok,ok,-561.18257446977
combined_stress,SEIR with observation and process noise,SEIR,ssa,1,1,1,A1,Seasonal Forcing,ARX,I,/home/kaahin/degree_project/hybrid-epidemic-forecasting/results/partB/forecasts/partB_combined_stress_forecast_A1_ARX_I.mat,forecast_results,336,337,0.0353691775329367,0.0353691775329367,0.0397368137499755,0.032241372119857,0.00358237467998411,0.0317868028529526,0,0,1,0.2125,0.2125,0.447050989878082,1,closed_loop_monte_carlo,ok,ok,-576.558012015806
combined_stress,SEIR with observation and process noise,SEIR,ssa,1,1,1,A1,Seasonal Forcing,ARX,I,/home/kaahin/degree_project/hybrid-epidemic-forecasting/results/partB/forecasts/partB_combined_stress_forecast_A1_ARX_I.mat,forecast_results,343,344,0.0371851432037668,0.0371851432037668,0.0387847923536167,0.0292977895823206,0.00325530995359118,0.0336955455718322,0.000234287678343415,0,0.982142857142857,0.194642857142857,0.2125,0.525446195762448,1,closed_loop_monte_carlo,ok,ok,-589.803779452809
combined_stress,SEIR with observation and process noise,SEIR,ssa,1,1,1,A1,Seasonal Forcing,ARX,I,/home/kaahin/degree_project/hybrid-epidemic-forecasting/results/partB/forecasts/partB_combined_stress_forecast_A1_ARX_I.mat,forecast_results,350,351,0.0474269730663819,0.0474269730663819,0.122305223009328,0.110454375396339,0.012272708377371,0.0331030140458669,0,0.00205125064314406,0.910714285714286,0.123214285714286,0.2125,0.480412951727465,1,closed_loop_monte_carlo,ok,ok,-607.224146387516
combined_stress,SEIR with observation and process noise,SEIR,ssa,1,1,1,A2,Policy Intervention,AR,None,/home/kaahin/degree_project/hybrid-epidemic-forecasting/results/partB/forecasts/partB_combined_stress_forecast_A2_AR_None.mat,forecast_results,49,50,0.0607949150316732,0.0607949150316732,0.06202232689727,0.0545903424650336,0.00606559360722595,0.0547293214244472,0,0,1,0.2125,0.2125,0.809885916655902,1,closed_loop_monte_carlo,ok,ok,-97.9491451500746
combined_stress,SEIR with observation and process noise,SEIR,ssa,1,1,1,A2,Policy Intervention,AR,None,/home/kaahin/degree_project/hybrid-epidemic-forecasting/results/partB/forecasts/partB_combined_stress_forecast_A2_AR_None.mat,forecast_results,56,57,0.0672587130746313,0.0672587130746313,0.0569652411931347,0.0415552807665488,0.00461725341850542,0.0626414596561259,0,0,1,0.2125,0.2125,0.92530787571122,1,closed_loop_monte_carlo,ok,ok,-113.770361905071
combined_stress,SEIR with observation and process noise,SEIR,ssa,1,1,1,A2,Policy Intervention,AR,None,/home/kaahin/degree_project/hybrid-epidemic-forecasting/results/partB/forecasts/partB_combined_stress_forecast_A2_AR_None.mat,forecast_results,63,64,0.0601695561478497,0.0601695561478497,0.0996175300980971,0.0846005198437996,0.00940005776042217,0.0507694983874276,0,0,1,0.2125,0.2125,0.743988281247728,1,closed_loop_monte_carlo,ok,ok,-127.828081390288
combined_stress,SEIR with observation and process noise,SEIR,ssa,1,1,1,A2,Policy Intervention,AR,None,/home/kaahin/degree_project/hybrid-epidemic-forecasting/results/partB/forecasts/partB_combined_stress_forecast_A2_AR_None.mat,forecast_results,70,71,0.0731126706137809,0.0731126706137809,0.189842176859291,0.186525041846675,0.0207250046496305,0.0441840059649645,0,0.00820365999918594,0.785714285714286,-0.00178571428571429,0.223214285714286,0.637397317652844,1,closed_loop_monte_carlo,ok,ok,-141.935751869479
combined_stress,SEIR with observation and process noise,SEIR,ssa,1,1,1,A2,Policy Intervention,AR,None,/home/kaahin/degree_project/hybrid-epidemic-forecasting/results/partB/forecasts/partB_combined_stress_forecast_A2_AR_None.mat,forecast_results,77,78,0.0840016896672428,0.0840016896672428,0.215493825821443,0.213644850621293,0.0237383167356992,0.0538328294663935,0,0.00643054346515006,0.803571428571429,0.0160714285714286,0.223214285714286,0.794970174151893,1,closed_loop_monte_carlo,ok,ok,-149.880920809281
combined_stress,SEIR with observation and process noise,SEIR,ssa,1,1,1,A2,Policy Intervention,AR,None,/home/kaahin/degree_project/hybrid-epidemic-forecasting/results/partB/forecasts/partB_combined_stress_forecast_A2_AR_None.mat,forecast_results,84,85,0.0692265853997401,0.0692265853997401,0.134851030630182,0.108135719310331,0.0120150799233701,0.0572115054763699,0,0,1,0.2125,0.2125,0.832553940055325,1,closed_loop_monte_carlo,ok,ok,-162.174860384525
combined_stress,SEIR with observation and process noise,SEIR,ssa,1,1,1,A2,Policy Intervention,AR,None,/home/kaahin/degree_project/hybrid-epidemic-forecasting/results/partB/forecasts/partB_combined_stress_forecast_A2_AR_None.mat,forecast_results,91,92,0.0670753226080356,0.0670753226080356,0.0714567278628318,0.0634239069174604,0.00704710076860671,0.0600282218394289,0,0,1,0.2125,0.2125,0.858867542012566,1,closed_loop_monte_carlo,ok,ok,-174.426480211268
combined_stress,SEIR with observation and process noise,SEIR,ssa,1,1,1,A2,Policy Intervention,AR,None,/home/kaahin/degree_project/hybrid-epidemic-forecasting/results/partB/forecasts/partB_combined_stress_forecast_A2_AR_None.mat,forecast_results,98,99,0.0779972582411781,0.0779972582411781,0.210834004001362,0.205839671867729,0.0228710746519699,0.0523389498760114,0,0.00278723371319685,0.821428571428571,0.0339285714285714,0.2125,0.734195354278096,1,closed_loop_monte_carlo,ok,ok,-182.183949586548
combined_stress,SEIR with observation and process noise,SEIR,ssa,1,1,1,A2,Policy Intervention,AR,None,/home/kaahin/degree_project/hybrid-epidemic-forecasting/results/partB/forecasts/partB_combined_stress_forecast_A2_AR_None.mat,forecast_results,105,106,0.0671159724554868,0.0671159724554868,0.114660106458293,0.0932428422270785,0.0103603158030087,0.0566637590043749,9.18976481031218e-05,0,0.982142857142857,0.194642857142857,0.2125,0.815181289106515,1,closed_loop_monte_carlo,ok,ok,-201.033013266257
combined_stress,SEIR with observation and process noise,SEIR,ssa,1,1,1,A2,Policy Intervention,AR,None,/home/kaahin/degree_project/hybrid-epidemic-forecasting/results/partB/forecasts/partB_combined_stress_forecast_A2_AR_None.mat,forecast_results,112,113,0.240329375090262,0.240329375090262,0.518935972343456,0.409125076784538,0.0454583418649486,0.0516023359137685,0.143268697311545,0,0.535714285714286,-0.251785714285714,0.439285714285714,0.769512239064987,1,closed_loop_monte_carlo,ok,ok,-217.712459948363
combined_stress,SEIR with observation and process noise,SEIR,ssa,1,1,1,A2,Policy Intervention,AR,None,/home/kaahin/degree_project/hybrid-epidemic-forecasting/results/partB/forecasts/partB_combined_stress_forecast_A2_AR_None.mat,forecast_results,119,120,0.444600945130152,0.444600945130152,0.690679467056676,0.652465562869974,0.0724961736522193,0.0529827400902034,0.319122031387729,0,0.0714285714285714,-0.716071428571429,0.726785714285714,0.797759206334356,1,closed_loop_monte_carlo,ok,ok,-235.402385516115
combined_stress,SEIR with observation and process noise,SEIR,ssa,1,1,1,A2,Policy Intervention,AR,None,/home/kaahin/degree_project/hybrid-epidemic-forecasting/results/partB/forecasts/partB_combined_stress_forecast_A2_AR_None.mat,forecast_results,126,127,0.042817396880329,0.042817396880329,0.113353713539119,0.109675937858285,0.0121862153175873,0.027597995715072,0.00303318584766976,0,0.785714285714286,-0.00178571428571429,0.2125,0.399802891696146,1,closed_loop_monte_carlo,ok,ok,-230.974117736124
combined_stress,SEIR with observation and process noise,SEIR,ssa,1,1,1,A2,Policy Intervention,AR,None,/home/kaahin/degree_project/hybrid-epidemic-forecasting/results/partB/forecasts/partB_combined_stress_forecast_A2_AR_None.mat,forecast_results,133,134,0.0551477948505455,0.0551477948505455,0.134336694884301,0.13314120706291,0.0147934674514344,0.0290580233624535,0.0112963040366576,0,0.678571428571429,-0.108928571428571,0.269642857142857,0.439292312949654,1,closed_loop_monte_carlo,ok,ok,-243.75467201588
combined_stress,SEIR with observation and process noise,SEIR,ssa,1,1,1,A2,Policy Intervention,AR,None,/home/kaahin/degree_project/hybrid-epidemic-forecasting/results/partB/forecasts/partB_combined_stress_forecast_A2_AR_None.mat,forecast_results,140,141,0.040922649425613,0.040922649425613,0.0870297423830994,0.0861109999414979,0.00956788888238866,0.0302353795092829,0.00111938103394142,0,0.928571428571429,0.141071428571429,0.2125,0.428939917663414,1,closed_loop_monte_carlo,ok,ok,-256.159740026326
combined_stress,SEIR with observation and process noise,SEIR,ssa,1,1,1,A2,Policy Intervention,AR,None,/home/kaahin/degree_project/hybrid-epidemic-forecasting/results/partB/forecasts/partB_combined_stress_forecast_A2_AR_None.mat,forecast_results,147,148,0.0281665500172907,0.0281665500172907,0.0527082271440837,0.0497905014071092,0.00553227793412325,0.020954875912883,0,0.00167939617028442,0.928571428571429,0.141071428571429,0.2125,0.313828672249902,1,closed_loop_monte_carlo,ok,ok,-270.250177676671
combined_stress,SEIR with observation and process noise,SEIR,ssa,1,1,1,A2,Policy Intervention,AR,None,/home/kaahin/degree_project/hybrid-epidemic-forecasting/results/partB/forecasts/partB_combined_stress_forecast_A2_AR_None.mat,forecast_results,154,155,0.0284457745515589,0.0284457745515589,0.0387433499932272,0.0374914384963369,0.00416571538848188,0.024280059163077,0,0,1,0.2125,0.2125,0.355025890408233,1,closed_loop_monte_carlo,ok,ok,-275.930290897889
combined_stress,SEIR with observation and process noise,SEIR,ssa,1,1,1,A2,Policy Intervention,AR,None,/home/kaahin/degree_project/hybrid-epidemic-forecasting/results/partB/forecasts/partB_combined_stress_forecast_A2_AR_None.mat,forecast_results,161,162,0.037360581736937,0.037360581736937,0.0833680823455874,0.0818663029587613,0.00909625588430681,0.0270956455888713,0.00116868026375887,0,0.910714285714286,0.123214285714286,0.2125,0.395158922145662,1,closed_loop_monte_carlo,ok,ok,-294.66580947203
combined_stress,SEIR with observation and process noise,SEIR,ssa,1,1,1,A2,Policy Intervention,AR,None,/home/kaahin/degree_project/hybrid-epidemic-forecasting/results/partB/forecasts/partB_combined_stress_forecast_A2_AR_None.mat,forecast_results,168,169,0.0257429994703811,0.0257429994703811,0.0238535556627135,0.01962572391911,0.00218063599101222,0.0235623634793689,0,0,1,0.2125,0.2125,0.346953616768779,1,closed_loop_monte_carlo,ok,ok,-306.774920167829
combined_stress,SEIR with observation and process noise,SEIR,ssa,1,1,1,A2,Policy Intervention,AR,None,/home/kaahin/degree_project/hybrid-epidemic-forecasting/results/partB/forecasts/partB_combined_stress_forecast_A2_AR_None.mat,forecast_results,175,176,0.0414201515694729,0.0414201515694729,0.102296336525145,0.101225225552957,0.0112472472836619,0.0265345737555098,0.00363833053030122,0,0.821428571428571,0.0339285714285714,0.2125,0.388217426925302,1,closed_loop_monte_carlo,ok,ok,-319.686315472751
combined_stress,SEIR with observation and process noise,SEIR,ssa,1,1,1,A2,Policy Intervention,AR,None,/home/kaahin/degree_project/hybrid-epidemic-forecasting/results/partB/forecasts/partB_combined_stress_forecast_A2_AR_None.mat,forecast_results,182,183,0.0314254801052941,0.0314254801052941,0.0699659458998515,0.0692143700534958,0.00769048556149953,0.0206184791801223,0,0.00311651536367225,0.857142857142857,0.0696428571428571,0.2125,0.301888823534623,1,closed_loop_monte_carlo,ok,ok,-331.326233158951
combined_stress,SEIR with observation and process noise,SEIR,ssa,1,1,1,A2,Policy Intervention,AR,None,/home/kaahin/degree_project/hybrid-epidemic-forecasting/results/partB/forecasts/partB_combined_stress_forecast_A2_AR_None.mat,forecast_results,189,190,0.0318355489093298,0.0318355489093298,0.0798830534732605,0.0791774517426542,0.00879749463807269,0.0204604996107782,0,0.00257755466047886,0.875,0.0875,0.2125,0.301312559169407,1,closed_loop_monte_carlo,ok,ok,-342.250314093509
combined_stress,SEIR with observation and process noise,SEIR,ssa,1,1,1,A2,Policy Intervention,AR,None,/home/kaahin/degree_project/hybrid-epidemic-forecasting/results/partB/forecasts/partB_combined_stress_forecast_A2_AR_None.mat,forecast_results,196,197,0.0261506108991147,0.0261506108991147,0.0231620043136708,0.0194869285806395,0.00216521428673772,0.0239853966123769,0,0,1,0.2125,0.2125,0.344228594625962,1,closed_loop_monte_carlo,ok,ok,-359.715668639144
combined_stress,SEIR with observation and process noise,SEIR,ssa,1,1,1,A2,Policy Intervention,AR,None,/home/kaahin/degree_project/hybrid-epidemic-forecasting/results/partB/forecasts/partB_combined_stress_forecast_A2_AR_None.mat,forecast_results,203,204,0.0271982808723201,0.0271982808723201,0.0433356451324807,0.0361613012893929,0.0040179223654881,0.023180358506832,0,0,1,0.2125,0.2125,0.327999776199754,1,closed_loop_monte_carlo,ok,ok,-368.702262808967
combined_stress,SEIR with observation and process noise,SEIR,ssa,1,1,1,A2,Policy Intervention,AR,None,/home/kaahin/degree_project/hybrid-epidemic-forecasting/results/partB/forecasts/partB_combined_stress_forecast_A2_AR_None.mat,forecast_results,210,211,0.0281628314966711,0.0281628314966711,0.0265157384702173,0.0231815275297827,0.00257572528108696,0.0255871062155842,0,0,1,0.2125,0.2125,0.386855619165781,1,closed_loop_monte_carlo,ok,ok,-379.248409269891
combined_stress,SEIR with observation and process noise,SEIR,ssa,1,1,1,A2,Policy Intervention,AR,None,/home/kaahin/degree_project/hybrid-epidemic-forecasting/results/partB/forecasts/partB_combined_stress_forecast_A2_AR_None.mat,forecast_results,217,218,0.0353322798654374,0.0353322798654374,0.0788623704570329,0.0761555253701616,0.00846172504112907,0.026798105207628,7.24496166803171e-05,0,0.964285714285714,0.176785714285714,0.2125,0.38075067217877,1,closed_loop_monte_carlo,ok,ok,-392.277127837472
combined_stress,SEIR with observation and process noise,SEIR,ssa,1,1,1,A2,Policy Intervention,AR,None,/home/kaahin/degree_project/hybrid-epidemic-forecasting/results/partB/forecasts/partB_combined_stress_forecast_A2_AR_None.mat,forecast_results,224,225,0.0286036219156734,0.0286036219156734,0.0324975782598871,0.0230981584090178,0.00256646204544642,0.026037159870227,0,0,1,0.2125,0.2125,0.395245031545408,1,closed_loop_monte_carlo,ok,ok,-408.633203992776
combined_stress,SEIR with observation and process noise,SEIR,ssa,1,1,1,A2,Policy Intervention,AR,None,/home/kaahin/degree_project/hybrid-epidemic-forecasting/results/partB/forecasts/partB_combined_stress_forecast_A2_AR_None.mat,forecast_results,231,232,0.0291235562322731,0.0291235562322731,0.0351351157749998,0.0294734027448173,0.00327482252720192,0.0258487337050711,0,0,1,0.2125,0.2125,0.37770575904975,1,closed_loop_monte_carlo,ok,ok,-424.15408438145
combined_stress,SEIR with observation and process noise,SEIR,ssa,1,1,1,A2,Policy Intervention,AR,None,/home/kaahin/degree_project/hybrid-epidemic-forecasting/results/partB/forecasts/partB_combined_stress_forecast_A2_AR_None.mat,forecast_results,238,239,0.0249384432933721,0.0249384432933721,0.016141191170449,0.0128783080098376,0.00143092311220418,0.0235075201811679,0,0,1,0.2125,0.2125,0.329584855288037,1,closed_loop_monte_carlo,ok,ok,-435.291173257052
combined_stress,SEIR with observation and process noise,SEIR,ssa,1,1,1,A2,Policy Intervention,AR,None,/home/kaahin/degree_project/hybrid-epidemic-forecasting/results/partB/forecasts/partB_combined_stress_forecast_A2_AR_None.mat,forecast_results,245,246,0.0315986879026721,0.0315986879026721,0.0498890077475143,0.0471571637360732,0.00523968485956369,0.0263590030431084,0,0,1,0.2125,0.2125,0.372084029381902,1,closed_loop_monte_carlo,ok,ok,-448.485859786167
combined_stress,SEIR with observation and process noise,SEIR,ssa,1,1,1,A2,Policy Intervention,AR,None,/home/kaahin/degree_project/hybrid-epidemic-forecasting/results/partB/forecasts/partB_combined_stress_forecast_A2_AR_None.mat,forecast_results,252,253,0.0243301643502941,0.0243301643502941,0.017653170988307,0.0140671207963574,0.00156301342181748,0.0227671509284766,0,0,1,0.2125,0.2125,0.341580790300943,1,closed_loop_monte_carlo,ok,ok,-458.49837017346
combined_stress,SEIR with observation and process noise,SEIR,ssa,1,1,1,A2,Policy Intervention,AR,None,/home/kaahin/degree_project/hybrid-epidemic-forecasting/results/partB/forecasts/partB_combined_stress_forecast_A2_AR_None.mat,forecast_results,259,260,0.0290602802660708,0.0290602802660708,0.048233515611262,0.0446172726200414,0.00495747473556016,0.0234359688831517,0,0.000666836647358873,0.946428571428571,0.158928571428571,0.2125,0.341389293776149,1,closed_loop_monte_carlo,ok,ok,-475.378722959443
combined_stress,SEIR with observation and process noise,SEIR,ssa,1,1,1,A2,Policy Intervention,AR,None,/home/kaahin/degree_project/hybrid-epidemic-forecasting/results/partB/forecasts/partB_combined_stress_forecast_A2_AR_None.mat,forecast_results,266,267,0.0231955849907905,0.0231955849907905,0.0205992722697603,0.0191339006559368,0.00212598896177076,0.0210695960290197,0,0,1,0.2125,0.2125,0.32019154976518,1,closed_loop_monte_carlo,ok,ok,-485.605011691172
combined_stress,SEIR with observation and process noise,SEIR,ssa,1,1,1,A2,Policy Intervention,AR,None,/home/kaahin/degree_project/hybrid-epidemic-forecasting/results/partB/forecasts/partB_combined_stress_forecast_A2_AR_None.mat,forecast_results,273,274,0.0275827551847018,0.0275827551847018,0.0472909946008488,0.0445317808112872,0.00494797564569858,0.0226347795390032,0,0,1,0.2125,0.2125,0.323953795975821,1,closed_loop_monte_carlo,ok,ok,-501.051732437135
combined_stress,SEIR with observation and process noise,SEIR,ssa,1,1,1,A2,Policy Intervention,AR,None,/home/kaahin/degree_project/hybrid-epidemic-forecasting/results/partB/forecasts/partB_combined_stress_forecast_A2_AR_None.mat,forecast_results,280,281,0.0393537984697657,0.0393537984697657,0.103074555009101,0.100589907565746,0.011176656396194,0.0260290900448868,0.00214805202868487,0,0.857142857142857,0.0696428571428571,0.2125,0.379100625340126,1,closed_loop_monte_carlo,ok,ok,-514.266999794747
combined_stress,SEIR with observation and process noise,SEIR,ssa,1,1,1,A2,Policy Intervention,AR,None,/home/kaahin/degree_project/hybrid-epidemic-forecasting/results/partB/forecasts/partB_combined_stress_forecast_A2_AR_None.mat,forecast_results,287,288,0.0348016653484601,0.0348016653484601,0.0845839785515131,0.0838706805688859,0.00931896450765399,0.0220686866935958,0,0.00341401414721024,0.839285714285714,0.0517857142857143,0.223214285714286,0.326001074007544,1,closed_loop_monte_carlo,ok,ok,-519.692772614603
combined_stress,SEIR with observation and process noise,SEIR,ssa,1,1,1,A2,Policy Intervention,AR,None,/home/kaahin/degree_project/hybrid-epidemic-forecasting/results/partB/forecasts/partB_combined_stress_forecast_A2_AR_None.mat,forecast_results,294,295,0.0287890070223257,0.0287890070223257,0.0339545374706166,0.0301194173094865,0.00334660192327628,0.0254424050990494,0,0,1,0.2125,0.2125,0.372660137480872,1,closed_loop_monte_carlo,ok,ok,-529.677523325821
combined_stress,SEIR with observation and process noise,SEIR,ssa,1,1,1,A2,Policy Intervention,AR,None,/home/kaahin/degree_project/hybrid-epidemic-forecasting/results/partB/forecasts/partB_combined_stress_forecast_A2_AR_None.mat,forecast_results,301,302,0.0245014363950619,0.0245014363950619,0.0213272485868702,0.0176392547190315,0.0019599171910035,0.0225415192040584,0,0,1,0.2125,0.2125,0.33058569503957,1,closed_loop_monte_carlo,ok,ok,-548.910295132634
combined_stress,SEIR with observation and process noise,SEIR,ssa,1,1,1,A2,Policy Intervention,AR,None,/home/kaahin/degree_project/hybrid-epidemic-forecasting/results/partB/forecasts/partB_combined_stress_forecast_A2_AR_None.mat,forecast_results,308,309,0.0291294977535623,0.0291294977535623,0.0462541097688079,0.0429118633922762,0.00476798482136402,0.0243615129321983,0,0,1,0.2125,0.2125,0.36442861556046,1,closed_loop_monte_carlo,ok,ok,-563.895797242356
combined_stress,SEIR with observation and process noise,SEIR,ssa,1,1,1,A2,Policy Intervention,AR,None,/home/kaahin/degree_project/hybrid-epidemic-forecasting/results/partB/forecasts/partB_combined_stress_forecast_A2_AR_None.mat,forecast_results,315,316,0.0274460003807946,0.0274460003807946,0.0202813226115609,0.0165109021275825,0.0018345446808425,0.0256114556999521,0,0,1,0.2125,0.2125,0.383051206011361,1,closed_loop_monte_carlo,ok,ok,-576.7864369292
combined_stress,SEIR with observation and process noise,SEIR,ssa,1,1,1,A2,Policy Intervention,AR,None,/home/kaahin/degree_project/hybrid-epidemic-forecasting/results/partB/forecasts/partB_combined_stress_forecast_A2_AR_None.mat,forecast_results,322,323,0.0356396537861985,0.0356396537861985,0.0761777838648572,0.0742120630296031,0.00824578478106701,0.0265600085877709,0.000833860417360535,0,0.946428571428571,0.158928571428571,0.2125,0.398207038602547,1,closed_loop_monte_carlo,ok,ok,-589.997895941621
combined_stress,SEIR with observation and process noise,SEIR,ssa,1,1,1,A2,Policy Intervention,AR,None,/home/kaahin/degree_project/hybrid-epidemic-forecasting/results/partB/forecasts/partB_combined_stress_forecast_A2_AR_None.mat,forecast_results,329,330,0.0251111700179884,0.0251111700179884,0.0336474224677637,0.0286612423327979,0.00318458248142199,0.0215968779036024,0,0.000329709632964097,0.982142857142857,0.194642857142857,0.2125,0.321830840608725,1,closed_loop_monte_carlo,ok,ok,-605.659709399325
combined_stress,SEIR with observation and process noise,SEIR,ssa,1,1,1,A2,Policy Intervention,AR,None,/home/kaahin/degree_project/hybrid-epidemic-forecasting/results/partB/forecasts/partB_combined_stress_forecast_A2_AR_None.mat,forecast_results,336,337,0.029634465534629,0.029634465534629,0.0350256046275379,0.0296164659871275,0.00329071844301417,0.0263437470916149,0,0,1,0.2125,0.2125,0.380511098059114,1,closed_loop_monte_carlo,ok,ok,-621.828047104139
combined_stress,SEIR with observation and process noise,SEIR,ssa,1,1,1,A2,Policy Intervention,AR,None,/home/kaahin/degree_project/hybrid-epidemic-forecasting/results/partB/forecasts/partB_combined_stress_forecast_A2_AR_None.mat,forecast_results,343,344,0.0243115371087993,0.0243115371087993,0.0164499111393736,0.0139866481859992,0.00155407202066658,0.0227574650881327,0,0,1,0.2125,0.2125,0.322286104842194,1,closed_loop_monte_carlo,ok,ok,-637.086259911615
combined_stress,SEIR with observation and process noise,SEIR,ssa,1,1,1,A2,Policy Intervention,AR,None,/home/kaahin/degree_project/hybrid-epidemic-forecasting/results/partB/forecasts/partB_combined_stress_forecast_A2_AR_None.mat,forecast_results,350,351,0.0274820493248932,0.0274820493248932,0.04732852322137,0.0422472433094806,0.00469413814549784,0.0220329161236307,0,0.000754995055764638,0.928571428571429,0.141071428571429,0.2125,0.32702416729435,1,closed_loop_monte_carlo,ok,ok,-652.353280927531
combined_stress,SEIR with observation and process noise,SEIR,ssa,1,1,1,A2,Policy Intervention,ARX,I,/home/kaahin/degree_project/hybrid-epidemic-forecasting/results/partB/forecasts/partB_combined_stress_forecast_A2_ARX_I.mat,forecast_results,49,50,0.0750496256240673,0.0750496256240673,0.121513106761705,0.105685081828677,0.011742786869853,0.0633068387542143,0,0,1,0.2125,0.2125,0.926108552626571,1,closed_loop_monte_carlo,ok,ok,-91.0923176599012
combined_stress,SEIR with observation and process noise,SEIR,ssa,1,1,1,A2,Policy Intervention,ARX,I,/home/kaahin/degree_project/hybrid-epidemic-forecasting/results/partB/forecasts/partB_combined_stress_forecast_A2_ARX_I.mat,forecast_results,56,57,0.201790367297709,0.201790367297709,0.596461431767917,0.524360432910978,0.058262270323442,0.0749522746443422,0.0685758223299245,0,0.607142857142857,-0.180357142857143,0.301785714285714,1.11016923324047,1,closed_loop_monte_carlo,ok,ok,-107.539186187772
combined_stress,SEIR with observation and process noise,SEIR,ssa,1,1,1,A2,Policy Intervention,ARX,I,/home/kaahin/degree_project/hybrid-epidemic-forecasting/results/partB/forecasts/partB_combined_stress_forecast_A2_ARX_I.mat,forecast_results,63,64,0.0642340460642225,0.0642340460642225,0.115260646467931,0.10482962291241,0.0116477358791567,0.0525863101850659,0,0,1,0.2125,0.2125,0.779722283290501,1,closed_loop_monte_carlo,ok,ok,-121.189458033519
combined_stress,SEIR with observation and process noise,SEIR,ssa,1,1,1,A2,Policy Intervention,ARX,I,/home/kaahin/degree_project/hybrid-epidemic-forecasting/results/partB/forecasts/partB_combined_stress_forecast_A2_ARX_I.mat,forecast_results,70,71,0.0766300784191684,0.0766300784191684,0.205838893418148,0.199826420728478,0.0222029356364976,0.0519904972837549,0,0.00243664549891593,0.928571428571429,0.141071428571429,0.2125,0.748822244140797,1,closed_loop_monte_carlo,ok,ok,-135.291841435261
combined_stress,SEIR with observation and process noise,SEIR,ssa,1,1,1,A2,Policy Intervention,ARX,I,/home/kaahin/degree_project/hybrid-epidemic-forecasting/results/partB/forecasts/partB_combined_stress_forecast_A2_ARX_I.mat,forecast_results,77,78,0.0833807477132475,0.0833807477132475,0.248412143215623,0.243125509984056,0.027013945553784,0.0461530582143036,0,0.01021374394516,0.75,-0.0375,0.2125,0.656757135456537,1,closed_loop_monte_carlo,ok,ok,-143.374177912885
combined_stress,SEIR with observation and process noise,SEIR,ssa,1,1,1,A2,Policy Intervention,ARX,I,/home/kaahin/degree_project/hybrid-epidemic-forecasting/results/partB/forecasts/partB_combined_stress_forecast_A2_ARX_I.mat,forecast_results,84,85,0.0653966238808743,0.0653966238808743,0.0985551522869713,0.0898253257755877,0.00998059175284308,0.0554160321280312,0,0,1,0.2125,0.2125,0.831331254340443,1,closed_loop_monte_carlo,ok,ok,-155.751137712933
combined_stress,SEIR with observation and process noise,SEIR,ssa,1,1,1,A2,Policy Intervention,ARX,I,/home/kaahin/degree_project/hybrid-epidemic-forecasting/results/partB/forecasts/partB_combined_stress_forecast_A2_ARX_I.mat,forecast_results,91,92,0.06336705162836,0.06336705162836,0.0883708832711481,0.0798760082656356,0.00887511202951506,0.0544919395988449,0,0,1,0.2125,0.2125,0.811708676694661,1,closed_loop_monte_carlo,ok,ok,-168.046673776841
combined_stress,SEIR with observation and process noise,SEIR,ssa,1,1,1,A2,Policy Intervention,ARX,I,/home/kaahin/degree_project/hybrid-epidemic-forecasting/results/partB/forecasts/partB_combined_stress_forecast_A2_ARX_I.mat,forecast_results,98,99,0.084869107922733,0.084869107922733,0.224416081571019,0.219388898532229,0.0243765442813588,0.0502163964115341,0,0.0102761672298401,0.785714285714286,-0.00178571428571429,0.2125,0.74144001920739,1,closed_loop_monte_carlo,ok,ok,-176.004596481299
combined_stress,SEIR with observation and process noise,SEIR,ssa,1,1,1,A2,Policy Intervention,ARX,I,/home/kaahin/degree_project/hybrid-epidemic-forecasting/results/partB/forecasts/partB_combined_stress_forecast_A2_ARX_I.mat,forecast_results,105,106,0.062726120895792,0.062726120895792,0.0705925608913957,0.05253224074095,0.00583691563788334,0.0566479443895855,0.00024126086832308,0,0.982142857142857,0.194642857142857,0.2125,0.846368812547845,1,closed_loop_monte_carlo,ok,ok,-194.6616195058
combined_stress,SEIR with observation and process noise,SEIR,ssa,1,1,1,A2,Policy Intervention,ARX,I,/home/kaahin/degree_project/hybrid-epidemic-forecasting/results/partB/forecasts/partB_combined_stress_forecast_A2_ARX_I.mat,forecast_results,112,113,0.232141782583055,0.232141782583055,0.52189863835839,0.409191590684969,0.0454657322983299,0.0584262530060407,0.128249797278685,0,0.535714285714286,-0.251785714285714,0.442857142857143,0.859385899208675,1,closed_loop_monte_carlo,ok,ok,-211.358246537513
combined_stress,SEIR with observation and process noise,SEIR,ssa,1,1,1,A2,Policy Intervention,ARX,I,/home/kaahin/degree_project/hybrid-epidemic-forecasting/results/partB/forecasts/partB_combined_stress_forecast_A2_ARX_I.mat,forecast_results,119,120,0.418835518419435,0.418835518419435,0.688163395630609,0.649178711918373,0.0721309679909304,0.0459793988938113,0.300725151534693,0,0.0892857142857143,-0.698214285714286,0.716071428571429,0.659136917452383,1,closed_loop_monte_carlo,ok,ok,-229.270429490263
combined_stress,SEIR with observation and process noise,SEIR,ssa,1,1,1,A2,Policy Intervention,ARX,I,/home/kaahin/degree_project/hybrid-epidemic-forecasting/results/partB/forecasts/partB_combined_stress_forecast_A2_ARX_I.mat,forecast_results,126,127,0.0422639672099665,0.0422639672099665,0.10069031034445,0.0965495151417988,0.0107277239046443,0.0287740682834861,0.00276217502183614,0,0.875,0.0875,0.2125,0.418849945038632,1,closed_loop_monte_carlo,ok,ok,-225.29505073844
combined_stress,SEIR with observation and process noise,SEIR,ssa,1,1,1,A2,Policy Intervention,ARX,I,/home/kaahin/degree_project/hybrid-epidemic-forecasting/results/partB/forecasts/partB_combined_stress_forecast_A2_ARX_I.mat,forecast_results,133,134,0.0575346091204958,0.0575346091204958,0.147736958496747,0.147432510177734,0.0163813900197482,0.0285089740850654,0.0126442450156822,0,0.696428571428571,-0.0910714285714286,0.244642857142857,0.41275045217166,1,closed_loop_monte_carlo,ok,ok,-238.159552521563
combined_stress,SEIR with observation and process noise,SEIR,ssa,1,1,1,A2,Policy Intervention,ARX,I,/home/kaahin/degree_project/hybrid-epidemic-forecasting/results/partB/forecasts/partB_combined_stress_forecast_A2_ARX_I.mat,forecast_results,140,141,0.0356805028366002,0.0356805028366002,0.0812836386498025,0.0796278585183685,0.00884753983537428,0.0265481995111159,0.00028476349011005,0,0.964285714285714,0.176785714285714,0.2125,0.38462555758422,1,closed_loop_monte_carlo,ok,ok,-250.488765731417
combined_stress,SEIR with observation and process noise,SEIR,ssa,1,1,1,A2,Policy Intervention,ARX,I,/home/kaahin/degree_project/hybrid-epidemic-forecasting/results/partB/forecasts/partB_combined_stress_forecast_A2_ARX_I.mat,forecast_results,147,148,0.0314166837281659,0.0314166837281659,0.0733262347924264,0.0714233642820284,0.00793592936466982,0.0209480030435364,0,0.00253275131995975,0.875,0.0875,0.2375,0.309105489931057,1,closed_loop_monte_carlo,ok,ok,-264.273741273127
combined_stress,SEIR with observation and process noise,SEIR,ssa,1,1,1,A2,Policy Intervention,ARX,I,/home/kaahin/degree_project/hybrid-epidemic-forecasting/results/partB/forecasts/partB_combined_stress_forecast_A2_ARX_I.mat,forecast_results,154,155,0.0355498489271615,0.0355498489271615,0.0689359985362361,0.0650685721394678,0.00722984134882976,0.0281703916884589,0.000149615889872883,0,0.982142857142857,0.194642857142857,0.2125,0.415821657591429,1,closed_loop_monte_carlo,ok,ok,-270.262466327669
combined_stress,SEIR with observation and process noise,SEIR,ssa,1,1,1,A2,Policy Intervention,ARX,I,/home/kaahin/degree_project/hybrid-epidemic-forecasting/results/partB/forecasts/partB_combined_stress_forecast_A2_ARX_I.mat,forecast_results,161,162,0.0382886815006239,0.0382886815006239,0.0960697318118318,0.0922442145454997,0.0102493571717222,0.0264164856720166,0.00162283865688509,0,0.821428571428571,0.0339285714285714,0.2125,0.376975191709232,1,closed_loop_monte_carlo,ok,ok,-289.05146196162
combined_stress,SEIR with observation and process noise,SEIR,ssa,1,1,1,A2,Policy Intervention,ARX,I,/home/kaahin/degree_project/hybrid-epidemic-forecasting/results/partB/forecasts/partB_combined_stress_forecast_A2_ARX_I.mat,forecast_results,168,169,0.0308184978754749,0.0308184978754749,0.054843219432664,0.049450498389789,0.00549449982108767,0.0253239980543873,0,0,1,0.2125,0.2125,0.377812261382229,1,closed_loop_monte_carlo,ok,ok,-301.063350445564
combined_stress,SEIR with observation and process noise,SEIR,ssa,1,1,1,A2,Policy Intervention,ARX,I,/home/kaahin/degree_project/hybrid-epidemic-forecasting/results/partB/forecasts/partB_combined_stress_forecast_A2_ARX_I.mat,forecast_results,175,176,0.0394232598634554,0.0394232598634554,0.084818154810152,0.0834058558257675,0.00926731731397416,0.0283843903250357,0.00177155222444558,0,0.928571428571429,0.141071428571429,0.2125,0.417336425309049,1,closed_loop_monte_carlo,ok,ok,-314.15316725182
combined_stress,SEIR with observation and process noise,SEIR,ssa,1,1,1,A2,Policy Intervention,ARX,I,/home/kaahin/degree_project/hybrid-epidemic-forecasting/results/partB/forecasts/partB_combined_stress_forecast_A2_ARX_I.mat,forecast_results,182,183,0.0255946130135876,0.0255946130135876,0.0376260514121451,0.0314137228491534,0.00349041364990594,0.0213386022518482,0,0.000765597111833523,0.946428571428571,0.158928571428571,0.2125,0.317313647963046,1,closed_loop_monte_carlo,ok,ok,-325.499281040333
combined_stress,SEIR with observation and process noise,SEIR,ssa,1,1,1,A2,Policy Intervention,ARX,I,/home/kaahin/degree_project/hybrid-epidemic-forecasting/results/partB/forecasts/partB_combined_stress_forecast_A2_ARX_I.mat,forecast_results,189,190,0.0285127760078487,0.0285127760078487,0.0455870552524379,0.0431434850349737,0.00479372055944152,0.0230526198801127,0,0.000666435568294525,0.946428571428571,0.158928571428571,0.2125,0.326778155843111,1,closed_loop_monte_carlo,ok,ok,-336.444605073711
combined_stress,SEIR with observation and process noise,SEIR,ssa,1,1,1,A2,Policy Intervention,ARX,I,/home/kaahin/degree_project/hybrid-epidemic-forecasting/results/partB/forecasts/partB_combined_stress_forecast_A2_ARX_I.mat,forecast_results,196,197,0.0260306884947004,0.0260306884947004,0.0132326884022894,0.0101612025864194,0.00112902250960215,0.0249016659850982,0,0,1,0.2125,0.2125,0.37063978314652,1,closed_loop_monte_carlo,ok,ok,-354.055049794005
combined_stress,SEIR with observation and process noise,SEIR,ssa,1,1,1,A2,Policy Intervention,ARX,I,/home/kaahin/degree_project/hybrid-epidemic-forecasting/results/partB/forecasts/partB_combined_stress_forecast_A2_ARX_I.mat,forecast_results,203,204,0.0277902089025301,0.0277902089025301,0.0377223394801133,0.0308571364495691,0.00342857071661878,0.0243616381859113,0,0,1,0.2125,0.2125,0.339966297117575,1,closed_loop_monte_carlo,ok,ok,-363.062999716957
combined_stress,SEIR with observation and process noise,SEIR,ssa,1,1,1,A2,Policy Intervention,ARX,I,/home/kaahin/degree_project/hybrid-epidemic-forecasting/results/partB/forecasts/partB_combined_stress_forecast_A2_ARX_I.mat,forecast_results,210,211,0.0282817697787209,0.0282817697787209,0.0505393874475674,0.0474707019614163,0.00527452244015736,0.0230072473385635,0,0,1,0.2125,0.2125,0.335783987610299,1,closed_loop_monte_carlo,ok,ok,-373.674811043764
combined_stress,SEIR with observation and process noise,SEIR,ssa,1,1,1,A2,Policy Intervention,ARX,I,/home/kaahin/degree_project/hybrid-epidemic-forecasting/results/partB/forecasts/partB_combined_stress_forecast_A2_ARX_I.mat,forecast_results,217,218,0.0378434660585249,0.0378434660585249,0.0937548693515592,0.092195724913269,0.0102439694348077,0.0266944876781271,0.000905008945590183,0,0.892857142857143,0.105357142857143,0.2125,0.377614803704497,1,closed_loop_monte_carlo,ok,ok,-386.774334426287
combined_stress,SEIR with observation and process noise,SEIR,ssa,1,1,1,A2,Policy Intervention,ARX,I,/home/kaahin/degree_project/hybrid-epidemic-forecasting/results/partB/forecasts/partB_combined_stress_forecast_A2_ARX_I.mat,forecast_results,224,225,0.0328638922261905,0.0328638922261905,0.0648919983348871,0.0540531916985087,0.00600591018872318,0.0268579820374674,0,0,1,0.2125,0.2125,0.379520875914067,1,closed_loop_monte_carlo,ok,ok,-403.050774037083
combined_stress,SEIR with observation and process noise,SEIR,ssa,1,1,1,A2,Policy Intervention,ARX,I,/home/kaahin/degree_project/hybrid-epidemic-forecasting/results/partB/forecasts/partB_combined_stress_forecast_A2_ARX_I.mat,forecast_results,231,232,0.0293713565057781,0.0293713565057781,0.0191585671549666,0.0155976130062064,0.00173306811180071,0.0276382883939773,0,0,1,0.2125,0.2125,0.40023129181899,1,closed_loop_monte_carlo,ok,ok,-418.519134517837
combined_stress,SEIR with observation and process noise,SEIR,ssa,1,1,1,A2,Policy Intervention,ARX,I,/home/kaahin/degree_project/hybrid-epidemic-forecasting/results/partB/forecasts/partB_combined_stress_forecast_A2_ARX_I.mat,forecast_results,238,239,0.0264923094201287,0.0264923094201287,0.0432219702968862,0.0348411227518706,0.00387123586131895,0.0226210735588097,0,0,1,0.2125,0.2125,0.328675940932788,1,closed_loop_monte_carlo,ok,ok,-429.71155703076
combined_stress,SEIR with observation and process noise,SEIR,ssa,1,1,1,A2,Policy Intervention,ARX,I,/home/kaahin/degree_project/hybrid-epidemic-forecasting/results/partB/forecasts/partB_combined_stress_forecast_A2_ARX_I.mat,forecast_results,245,246,0.0317179174442335,0.0317179174442335,0.053945660749392,0.048943838698297,0.00543820429981078,0.0262797131444227,0,0,1,0.2125,0.2125,0.382088904677315,1,closed_loop_monte_carlo,ok,ok,-442.973503088658
combined_stress,SEIR with observation and process noise,SEIR,ssa,1,1,1,A2,Policy Intervention,ARX,I,/home/kaahin/degree_project/hybrid-epidemic-forecasting/results/partB/forecasts/partB_combined_stress_forecast_A2_ARX_I.mat,forecast_results,252,253,0.0284088274350606,0.0284088274350606,0.0398814447828233,0.0355475242941567,0.00394972492157296,0.0244591025134877,0,0,1,0.2125,0.2125,0.36599905798105,1,closed_loop_monte_carlo,ok,ok,-452.92840578726
combined_stress,SEIR with observation and process noise,SEIR,ssa,1,1,1,A2,Policy Intervention,ARX,I,/home/kaahin/degree_project/hybrid-epidemic-forecasting/results/partB/forecasts/partB_combined_stress_forecast_A2_ARX_I.mat,forecast_results,259,260,0.0281651994919339,0.0281651994919339,0.0281944191592393,0.0248023299621154,0.00275581444023504,0.0250830971759653,0,0.000326287875733483,0.964285714285714,0.176785714285714,0.2125,0.368529231454868,1,closed_loop_monte_carlo,ok,ok,-469.75521372002
combined_stress,SEIR with observation and process noise,SEIR,ssa,1,1,1,A2,Policy Intervention,ARX,I,/home/kaahin/degree_project/hybrid-epidemic-forecasting/results/partB/forecasts/partB_combined_stress_forecast_A2_ARX_I.mat,forecast_results,266,267,0.0247638787532393,0.0247638787532393,0.0209359101179289,0.0165899464540893,0.0018433273837877,0.0229205513694516,0,0,1,0.2125,0.2125,0.337322277473426,1,closed_loop_monte_carlo,ok,ok,-480.025659199179
combined_stress,SEIR with observation and process noise,SEIR,ssa,1,1,1,A2,Policy Intervention,ARX,I,/home/kaahin/degree_project/hybrid-epidemic-forecasting/results/partB/forecasts/partB_combined_stress_forecast_A2_ARX_I.mat,forecast_results,273,274,0.034477374223162,0.034477374223162,0.0640239081362532,0.0620533695404224,0.00689481883782472,0.0274339413291753,0.00014861405616205,0,0.982142857142857,0.194642857142857,0.2125,0.387858667401636,1,closed_loop_monte_carlo,ok,ok,-495.557809950307
combined_stress,SEIR with observation and process noise,SEIR,ssa,1,1,1,A2,Policy Intervention,ARX,I,/home/kaahin/degree_project/hybrid-epidemic-forecasting/results/partB/forecasts/partB_combined_stress_forecast_A2_ARX_I.mat,forecast_results,280,281,0.0502394924491924,0.0502394924491924,0.131188271404525,0.129551637044221,0.0143946263382467,0.0282748450949116,0.00757002101603409,0,0.75,-0.0375,0.2125,0.403642442452801,1,closed_loop_monte_carlo,ok,ok,-508.848273642918
combined_stress,SEIR with observation and process noise,SEIR,ssa,1,1,1,A2,Policy Intervention,ARX,I,/home/kaahin/degree_project/hybrid-epidemic-forecasting/results/partB/forecasts/partB_combined_stress_forecast_A2_ARX_I.mat,forecast_results,287,288,0.0308398865935684,0.0308398865935684,0.0649255934395519,0.0583448470856652,0.00648276078729614,0.022080712794017,0,0.00227641301225527,0.875,0.0875,0.223214285714286,0.324129009435916,1,closed_loop_monte_carlo,ok,ok,-514.026445451645
combined_stress,SEIR with observation and process noise,SEIR,ssa,1,1,1,A2,Policy Intervention,ARX,I,/home/kaahin/degree_project/hybrid-epidemic-forecasting/results/partB/forecasts/partB_combined_stress_forecast_A2_ARX_I.mat,forecast_results,294,295,0.0306295180148122,0.0306295180148122,0.0457222161440569,0.0403014084950879,0.00447793427723199,0.0261515837375802,0,0,1,0.2125,0.2125,0.391840706541545,1,closed_loop_monte_carlo,ok,ok,-524.185266272369
combined_stress,SEIR with observation and process noise,SEIR,ssa,1,1,1,A2,Policy Intervention,ARX,I,/home/kaahin/degree_project/hybrid-epidemic-forecasting/results/partB/forecasts/partB_combined_stress_forecast_A2_ARX_I.mat,forecast_results,301,302,0.0244743267390245,0.0244743267390245,0.01989541572964,0.0138551307193812,0.00153945896882013,0.0229348677702043,0,0,1,0.2125,0.2125,0.34364705887029,1,closed_loop_monte_carlo,ok,ok,-543.384503185745
combined_stress,SEIR with observation and process noise,SEIR,ssa,1,1,1,A2,Policy Intervention,ARX,I,/home/kaahin/degree_project/hybrid-epidemic-forecasting/results/partB/forecasts/partB_combined_stress_forecast_A2_ARX_I.mat,forecast_results,308,309,0.0328139088392989,0.0328139088392989,0.0620942831101188,0.0543717887146704,0.00604130985718559,0.0267725989821133,0,0,1,0.2125,0.2125,0.407207266874996,1,closed_loop_monte_carlo,ok,ok,-558.424082534901
combined_stress,SEIR with observation and process noise,SEIR,ssa,1,1,1,A2,Policy Intervention,ARX,I,/home/kaahin/degree_project/hybrid-epidemic-forecasting/results/partB/forecasts/partB_combined_stress_forecast_A2_ARX_I.mat,forecast_results,315,316,0.0285260466397702,0.0285260466397702,0.0462408833835554,0.0418232697854829,0.00464702997616477,0.0238790166636055,0,0,1,0.2125,0.2125,0.358133779899778,1,closed_loop_monte_carlo,ok,ok,-571.29549124619
combined_stress,SEIR with observation and process noise,SEIR,ssa,1,1,1,A2,Policy Intervention,ARX,I,/home/kaahin/degree_project/hybrid-epidemic-forecasting/results/partB/forecasts/partB_combined_stress_forecast_A2_ARX_I.mat,forecast_results,322,323,0.0427037729315483,0.0427037729315483,0.117142135639209,0.114019887092599,0.0126688763436221,0.0243199533204696,0.0057149432674567,0,0.696428571428571,-0.0910714285714286,0.275,0.341112615921522,1,closed_loop_monte_carlo,ok,ok,-584.617264361255
combined_stress,SEIR with observation and process noise,SEIR,ssa,1,1,1,A2,Policy Intervention,ARX,I,/home/kaahin/degree_project/hybrid-epidemic-forecasting/results/partB/forecasts/partB_combined_stress_forecast_A2_ARX_I.mat,forecast_results,329,330,0.0254433626617695,0.0254433626617695,0.0269740720814026,0.0239927579652007,0.00266586199613342,0.0227775006656361,0,0,1,0.2125,0.2125,0.329545903984492,1,closed_loop_monte_carlo,ok,ok,-600.108155224307
combined_stress,SEIR with observation and process noise,SEIR,ssa,1,1,1,A2,Policy Intervention,ARX,I,/home/kaahin/degree_project/hybrid-epidemic-forecasting/results/partB/forecasts/partB_combined_stress_forecast_A2_ARX_I.mat,forecast_results,336,337,0.0277278898578557,0.0277278898578557,0.0365509249094441,0.0322543115679017,0.00358381239643352,0.0241440774614222,0,0,1,0.2125,0.2125,0.350742613402508,1,closed_loop_monte_carlo,ok,ok,-616.35097640756
combined_stress,SEIR with observation and process noise,SEIR,ssa,1,1,1,A2,Policy Intervention,ARX,I,/home/kaahin/degree_project/hybrid-epidemic-forecasting/results/partB/forecasts/partB_combined_stress_forecast_A2_ARX_I.mat,forecast_results,343,344,0.0262889783385167,0.0262889783385167,0.0165055837690596,0.0141150656608035,0.00156834062897817,0.0247206377095386,0,0,1,0.2125,0.2125,0.365443110468692,1,closed_loop_monte_carlo,ok,ok,-631.54553993581
combined_stress,SEIR with observation and process noise,SEIR,ssa,1,1,1,A2,Policy Intervention,ARX,I,/home/kaahin/degree_project/hybrid-epidemic-forecasting/results/partB/forecasts/partB_combined_stress_forecast_A2_ARX_I.mat,forecast_results,350,351,0.0253007379801542,0.0253007379801542,0.0408376270714851,0.0371726468515872,0.0041302940946208,0.0209469872585688,0,0.000223456626964582,0.982142857142857,0.194642857142857,0.2125,0.309009308276236,1,closed_loop_monte_carlo,ok,ok,-646.756384608029
combined_stress,SEIR with observation and process noise,SEIR,ssa,1,1,1,A3,Damping Resurgence,AR,None,/home/kaahin/degree_project/hybrid-epidemic-forecasting/results/partB/forecasts/partB_combined_stress_forecast_A3_AR_None.mat,forecast_results,49,50,0.141190930422171,0.141190930422171,0.351961315306374,0.315440875759913,0.0350489861955459,0.0285580567165966,0,0.077583887510029,0.357142857142857,-0.430357142857143,0.5,0.424217058520282,1,closed_loop_monte_carlo,ok,ok,-94.2560884558907
combined_stress,SEIR with observation and process noise,SEIR,ssa,1,1,1,A3,Damping Resurgence,AR,None,/home/kaahin/degree_project/hybrid-epidemic-forecasting/results/partB/forecasts/partB_combined_stress_forecast_A3_AR_None.mat,forecast_results,56,57,0.101974217837421,0.101974217837421,0.308306434120441,0.278749693510932,0.0309721881678813,0.0423702956782068,0,0.0286317339913333,0.75,-0.0375,0.233928571428571,0.641657107791984,1,closed_loop_monte_carlo,ok,ok,-97.6767086310924
combined_stress,SEIR with observation and process noise,SEIR,ssa,1,1,1,A3,Damping Resurgence,AR,None,/home/kaahin/degree_project/hybrid-epidemic-forecasting/results/partB/forecasts/partB_combined_stress_forecast_A3_AR_None.mat,forecast_results,63,64,0.0917730428866308,0.0917730428866308,0.269325080842217,0.247219737358263,0.0274688597064737,0.0515101377244141,0,0.012794045455743,0.803571428571429,0.0160714285714286,0.2125,0.771325476340041,1,closed_loop_monte_carlo,ok,ok,-107.351512483934
combined_stress,SEIR with observation and process noise,SEIR,ssa,1,1,1,A3,Damping Resurgence,AR,None,/home/kaahin/degree_project/hybrid-epidemic-forecasting/results/partB/forecasts/partB_combined_stress_forecast_A3_AR_None.mat,forecast_results,70,71,0.0641214265179391,0.0641214265179391,0.0567077436639104,0.0448359311521948,0.00498177012802165,0.0591396563899175,0,0,1,0.2125,0.2125,0.892259585674328,1,closed_loop_monte_carlo,ok,ok,-116.951944138829
combined_stress,SEIR with observation and process noise,SEIR,ssa,1,1,1,A3,Damping Resurgence,AR,None,/home/kaahin/degree_project/hybrid-epidemic-forecasting/results/partB/forecasts/partB_combined_stress_forecast_A3_AR_None.mat,forecast_results,77,78,0.0611178496972762,0.0611178496972762,0.0962561082518649,0.0773556290345493,0.0085950698927277,0.05245105593756,7.17238669885468e-05,0,0.982142857142857,0.194642857142857,0.2125,0.764302801012435,1,closed_loop_monte_carlo,ok,ok,-129.357200419478
combined_stress,SEIR with observation and process noise,SEIR,ssa,1,1,1,A3,Damping Resurgence,AR,None,/home/kaahin/degree_project/hybrid-epidemic-forecasting/results/partB/forecasts/partB_combined_stress_forecast_A3_AR_None.mat,forecast_results,84,85,0.114407851596298,0.114407851596298,0.295150055850537,0.272653075812835,0.0302947862014262,0.0543911987205416,0.0297218666743306,0,0.696428571428571,-0.0910714285714286,0.258928571428571,0.798694413554147,1,closed_loop_monte_carlo,ok,ok,-136.035573451358
combined_stress,SEIR with observation and process noise,SEIR,ssa,1,1,1,A3,Damping Resurgence,AR,None,/home/kaahin/degree_project/hybrid-epidemic-forecasting/results/partB/forecasts/partB_combined_stress_forecast_A3_AR_None.mat,forecast_results,91,92,0.072049247723515,0.072049247723515,0.187112150266318,0.161505551273864,0.0179450612526516,0.0496888903605289,0.00441529611033451,0,0.839285714285714,0.0517857142857143,0.2125,0.697587488526869,1,closed_loop_monte_carlo,ok,ok,-149.98414084791
combined_stress,SEIR with observation and process noise,SEIR,ssa,1,1,1,A3,Damping Resurgence,AR,None,/home/kaahin/degree_project/hybrid-epidemic-forecasting/results/partB/forecasts/partB_combined_stress_forecast_A3_AR_None.mat,forecast_results,98,99,0.0475152287745779,0.0475152287745779,0.101758942311388,0.0913369274455035,0.0101485474939448,0.0356343424144969,0.00173233886613616,0,0.910714285714286,0.123214285714286,0.2125,0.539254642805797,1,closed_loop_monte_carlo,ok,ok,-167.307304077556
combined_stress,SEIR with observation and process noise,SEIR,ssa,1,1,1,A3,Damping Resurgence,AR,None,/home/kaahin/degree_project/hybrid-epidemic-forecasting/results/partB/forecasts/partB_combined_stress_forecast_A3_AR_None.mat,forecast_results,105,106,0.0418209981040255,0.0418209981040255,0.0491174643196045,0.0416136031305781,0.00462373368117534,0.0371972644228502,0,0,1,0.2125,0.2125,0.559828559872614,1,closed_loop_monte_carlo,ok,ok,-182.507443503667
combined_stress,SEIR with observation and process noise,SEIR,ssa,1,1,1,A3,Damping Resurgence,AR,None,/home/kaahin/degree_project/hybrid-epidemic-forecasting/results/partB/forecasts/partB_combined_stress_forecast_A3_AR_None.mat,forecast_results,112,113,0.0472383852344636,0.0472383852344636,0.0990136162293164,0.0820400322345775,0.00911555913717528,0.0372023944002729,0.000920431697015419,0,0.964285714285714,0.176785714285714,0.2125,0.558295376476692,1,closed_loop_monte_carlo,ok,ok,-196.311022972328
combined_stress,SEIR with observation and process noise,SEIR,ssa,1,1,1,A3,Damping Resurgence,AR,None,/home/kaahin/degree_project/hybrid-epidemic-forecasting/results/partB/forecasts/partB_combined_stress_forecast_A3_AR_None.mat,forecast_results,119,120,0.0694600314506924,0.0694600314506924,0.196380669606211,0.165743635177258,0.0184159594641397,0.0415409660931748,0,0.00950310589337784,0.875,0.0875,0.2125,0.588126943239684,1,closed_loop_monte_carlo,ok,ok,-208.481973829407
combined_stress,SEIR with observation and process noise,SEIR,ssa,1,1,1,A3,Damping Resurgence,AR,None,/home/kaahin/degree_project/hybrid-epidemic-forecasting/results/partB/forecasts/partB_combined_stress_forecast_A3_AR_None.mat,forecast_results,126,127,0.125199066614803,0.125199066614803,0.350824421924064,0.326110607854404,0.0362345119838227,0.0375320947742662,0,0.0514324598567138,0.571428571428571,-0.216071428571429,0.330357142857143,0.550482280134824,1,closed_loop_monte_carlo,ok,ok,-223.378795710246
combined_stress,SEIR with observation and process noise,SEIR,ssa,1,1,1,A3,Damping Resurgence,AR,None,/home/kaahin/degree_project/hybrid-epidemic-forecasting/results/partB/forecasts/partB_combined_stress_forecast_A3_AR_None.mat,forecast_results,133,134,0.0954348346918927,0.0954348346918927,0.288687509082526,0.276837798740613,0.0307597554156237,0.052371953120347,0,0.012303126155922,0.785714285714286,-0.00178571428571429,0.2125,0.753574841337449,1,closed_loop_monte_carlo,ok,ok,-227.144730335405
combined_stress,SEIR with observation and process noise,SEIR,ssa,1,1,1,A3,Damping Resurgence,AR,None,/home/kaahin/degree_project/hybrid-epidemic-forecasting/results/partB/forecasts/partB_combined_stress_forecast_A3_AR_None.mat,forecast_results,140,141,0.0588983493017003,0.0588983493017003,0.0969831509328972,0.0887292843209701,0.00985880936899668,0.0490395399327036,0,0,1,0.2125,0.2125,0.730713530841886,1,closed_loop_monte_carlo,ok,ok,-241.001360256419
combined_stress,SEIR with observation and process noise,SEIR,ssa,1,1,1,A3,Damping Resurgence,AR,None,/home/kaahin/degree_project/hybrid-epidemic-forecasting/results/partB/forecasts/partB_combined_stress_forecast_A3_AR_None.mat,forecast_results,147,148,0.0611490429204593,0.0611490429204593,0.0707076165536651,0.055551303707285,0.00617236707858722,0.0549766758418721,0,0,1,0.2125,0.2125,0.788834042995192,1,closed_loop_monte_carlo,ok,ok,-254.919021628968
combined_stress,SEIR with observation and process noise,SEIR,ssa,1,1,1,A3,Damping Resurgence,AR,None,/home/kaahin/degree_project/hybrid-epidemic-forecasting/results/partB/forecasts/partB_combined_stress_forecast_A3_AR_None.mat,forecast_results,154,155,0.0684948369979936,0.0684948369979936,0.130163935847194,0.104819117448731,0.0116465686054145,0.0562754211530056,0.000572847239573404,0,0.982142857142857,0.194642857142857,0.2125,0.846986048975273,1,closed_loop_monte_carlo,ok,ok,-271.411366174795
combined_stress,SEIR with observation and process noise,SEIR,ssa,1,1,1,A3,Damping Resurgence,AR,None,/home/kaahin/degree_project/hybrid-epidemic-forecasting/results/partB/forecasts/partB_combined_stress_forecast_A3_AR_None.mat,forecast_results,161,162,0.0894859892965026,0.0894859892965026,0.232346854376916,0.207348157681413,0.0230386841868237,0.0492751240120004,0.0171721810976785,0,0.75,-0.0375,0.244642857142857,0.721872376963772,1,closed_loop_monte_carlo,ok,ok,-286.11116728046
combined_stress,SEIR with observation and process noise,SEIR,ssa,1,1,1,A3,Damping Resurgence,AR,None,/home/kaahin/degree_project/hybrid-epidemic-forecasting/results/partB/forecasts/partB_combined_stress_forecast_A3_AR_None.mat,forecast_results,168,169,0.0863594040918522,0.0863594040918522,0.220646477105885,0.213028444815139,0.0236698272016821,0.0407275857897085,0.0219619911004616,0,0.642857142857143,-0.144642857142857,0.276785714285714,0.598874819061011,1,closed_loop_monte_carlo,ok,ok,-301.137548452765
combined_stress,SEIR with observation and process noise,SEIR,ssa,1,1,1,A3,Damping Resurgence,AR,None,/home/kaahin/degree_project/hybrid-epidemic-forecasting/results/partB/forecasts/partB_combined_stress_forecast_A3_AR_None.mat,forecast_results,175,176,0.0719110306784341,0.0719110306784341,0.167652326607865,0.165631430288142,0.018403492254238,0.0346855315343011,0.0188220068898949,0,0.625,-0.1625,0.308928571428571,0.536134519850359,1,closed_loop_monte_carlo,ok,ok,-317.819526161317
combined_stress,SEIR with observation and process noise,SEIR,ssa,1,1,1,A3,Damping Resurgence,AR,None,/home/kaahin/degree_project/hybrid-epidemic-forecasting/results/partB/forecasts/partB_combined_stress_forecast_A3_AR_None.mat,forecast_results,182,183,0.0399624569654187,0.0399624569654187,0.081711949918127,0.0640707780131391,0.00711897533479324,0.0320246518552009,0,0.000818829775424508,0.964285714285714,0.176785714285714,0.2125,0.474412999396627,1,closed_loop_monte_carlo,ok,ok,-330.533027742579
combined_stress,SEIR with observation and process noise,SEIR,ssa,1,1,1,A3,Damping Resurgence,AR,None,/home/kaahin/degree_project/hybrid-epidemic-forecasting/results/partB/forecasts/partB_combined_stress_forecast_A3_AR_None.mat,forecast_results,189,190,0.0554130199929937,0.0554130199929937,0.161799272811781,0.132966559934676,0.0147740622149641,0.0340474076266764,0,0.00659155015135324,0.875,0.0875,0.2125,0.499914432552291,1,closed_loop_monte_carlo,ok,ok,-345.341221869309
combined_stress,SEIR with observation and process noise,SEIR,ssa,1,1,1,A3,Damping Resurgence,AR,None,/home/kaahin/degree_project/hybrid-epidemic-forecasting/results/partB/forecasts/partB_combined_stress_forecast_A3_AR_None.mat,forecast_results,196,197,0.100225188757067,0.100225188757067,0.309199023747445,0.278139283070168,0.0309043647855742,0.0364795130694835,0,0.0328413109020097,0.642857142857143,-0.144642857142857,0.2875,0.544753397430148,1,closed_loop_monte_carlo,ok,ok,-354.984791501768
combined_stress,SEIR with observation and process noise,SEIR,ssa,1,1,1,A3,Damping Resurgence,AR,None,/home/kaahin/degree_project/hybrid-epidemic-forecasting/results/partB/forecasts/partB_combined_stress_forecast_A3_AR_None.mat,forecast_results,203,204,0.0869418676944049,0.0869418676944049,0.240333923697417,0.217264174723799,0.0241404638581999,0.0387806206856697,0,0.0240207831505353,0.714285714285714,-0.0732142857142857,0.255357142857143,0.594041871580408,1,closed_loop_monte_carlo,ok,ok,-366.924357668611
combined_stress,SEIR with observation and process noise,SEIR,ssa,1,1,1,A3,Damping Resurgence,AR,None,/home/kaahin/degree_project/hybrid-epidemic-forecasting/results/partB/forecasts/partB_combined_stress_forecast_A3_AR_None.mat,forecast_results,210,211,0.0789695998676706,0.0789695998676706,0.238291257488095,0.221582870258496,0.0246203189176107,0.0480965463228819,0,0.00625273462717799,0.821428571428571,0.0339285714285714,0.2125,0.700382659245048,1,closed_loop_monte_carlo,ok,ok,-378.221896113091
combined_stress,SEIR with observation and process noise,SEIR,ssa,1,1,1,A3,Damping Resurgence,AR,None,/home/kaahin/degree_project/hybrid-epidemic-forecasting/results/partB/forecasts/partB_combined_stress_forecast_A3_AR_None.mat,forecast_results,217,218,0.059038738062332,0.059038738062332,0.0440971321449015,0.0365822399402702,0.00406469332669668,0.0549740447356353,0,0,1,0.2125,0.2125,0.835579265039952,1,closed_loop_monte_carlo,ok,ok,-387.309774489159
combined_stress,SEIR with observation and process noise,SEIR,ssa,1,1,1,A3,Damping Resurgence,AR,None,/home/kaahin/degree_project/hybrid-epidemic-forecasting/results/partB/forecasts/partB_combined_stress_forecast_A3_AR_None.mat,forecast_results,224,225,0.0537563560303783,0.0537563560303783,0.0830747836396541,0.0620053232977512,0.0068894803664168,0.0468668756639615,0,0,1,0.2125,0.2125,0.692860173610576,1,closed_loop_monte_carlo,ok,ok,-399.917862130551
combined_stress,SEIR with observation and process noise,SEIR,ssa,1,1,1,A3,Damping Resurgence,AR,None,/home/kaahin/degree_project/hybrid-epidemic-forecasting/results/partB/forecasts/partB_combined_stress_forecast_A3_AR_None.mat,forecast_results,231,232,0.0875386669774501,0.0875386669774501,0.245069151993117,0.230304590697702,0.0255893989664113,0.0452093370580104,0.0167399309530283,0,0.732142857142857,-0.0553571428571429,0.223214285714286,0.668563674500722,1,closed_loop_monte_carlo,ok,ok,-417.713156938616
combined_stress,SEIR with observation and process noise,SEIR,ssa,1,1,1,A3,Damping Resurgence,AR,None,/home/kaahin/degree_project/hybrid-epidemic-forecasting/results/partB/forecasts/partB_combined_stress_forecast_A3_AR_None.mat,forecast_results,238,239,0.0630962347296543,0.0630962347296543,0.177665880677695,0.155959344842381,0.0173288160935979,0.034331454698769,0.0114359639372874,0,0.785714285714286,-0.00178571428571429,0.233928571428571,0.516245512975563,1,closed_loop_monte_carlo,ok,ok,-434.37039653577
combined_stress,SEIR with observation and process noise,SEIR,ssa,1,1,1,A3,Damping Resurgence,AR,None,/home/kaahin/degree_project/hybrid-epidemic-forecasting/results/partB/forecasts/partB_combined_stress_forecast_A3_AR_None.mat,forecast_results,245,246,0.0532597385531918,0.0532597385531918,0.138804584419626,0.129541218428867,0.0143934687143185,0.0350986882617942,0.00376758157707914,0,0.803571428571429,0.0160714285714286,0.2125,0.502489736191384,1,closed_loop_monte_carlo,ok,ok,-443.787511165749
combined_stress,SEIR with observation and process noise,SEIR,ssa,1,1,1,A3,Damping Resurgence,AR,None,/home/kaahin/degree_project/hybrid-epidemic-forecasting/results/partB/forecasts/partB_combined_stress_forecast_A3_AR_None.mat,forecast_results,252,253,0.0323505183877871,0.0323505183877871,0.0334973782436176,0.0274270798747287,0.0030474533194143,0.0293030650683728,0,0,1,0.2125,0.2125,0.434010960733084,1,closed_loop_monte_carlo,ok,ok,-454.720384303215
combined_stress,SEIR with observation and process noise,SEIR,ssa,1,1,1,A3,Damping Resurgence,AR,None,/home/kaahin/degree_project/hybrid-epidemic-forecasting/results/partB/forecasts/partB_combined_stress_forecast_A3_AR_None.mat,forecast_results,259,260,0.0444546260279609,0.0444546260279609,0.131213377249077,0.105923239349343,0.0117692488165937,0.0277694938155707,0,0.00491588339579651,0.892857142857143,0.105357142857143,0.2125,0.395935774328435,1,closed_loop_monte_carlo,ok,ok,-468.907027324127
combined_stress,SEIR with observation and process noise,SEIR,ssa,1,1,1,A3,Damping Resurgence,AR,None,/home/kaahin/degree_project/hybrid-epidemic-forecasting/results/partB/forecasts/partB_combined_stress_forecast_A3_AR_None.mat,forecast_results,266,267,0.0853521239859777,0.0853521239859777,0.256798937929017,0.234842816080415,0.0260936462311572,0.0370858634465398,0,0.0221726143082807,0.767857142857143,-0.0196428571428571,0.2125,0.553379191082324,1,closed_loop_monte_carlo,ok,ok,-481.182240311325
combined_stress,SEIR with observation and process noise,SEIR,ssa,1,1,1,A3,Damping Resurgence,AR,None,/home/kaahin/degree_project/hybrid-epidemic-forecasting/results/partB/forecasts/partB_combined_stress_forecast_A3_AR_None.mat,forecast_results,273,274,0.0837639831305336,0.0837639831305336,0.265482881638922,0.227407453370336,0.0252674948189262,0.0399652991377518,0,0.0185311891738557,0.821428571428571,0.0339285714285714,0.223214285714286,0.576451472609045,1,closed_loop_monte_carlo,ok,ok,-492.14470448032
combined_stress,SEIR with observation and process noise,SEIR,ssa,1,1,1,A3,Damping Resurgence,AR,None,/home/kaahin/degree_project/hybrid-epidemic-forecasting/results/partB/forecasts/partB_combined_stress_forecast_A3_AR_None.mat,forecast_results,280,281,0.102976339033851,0.102976339033851,0.313196852423032,0.297917847041549,0.0331019830046166,0.0446993788109009,0,0.0251749772183339,0.732142857142857,-0.0553571428571429,0.223214285714286,0.638790510634372,1,closed_loop_monte_carlo,ok,ok,-508.687920370958
combined_stress,SEIR with observation and process noise,SEIR,ssa,1,1,1,A3,Damping Resurgence,AR,None,/home/kaahin/degree_project/hybrid-epidemic-forecasting/results/partB/forecasts/partB_combined_stress_forecast_A3_AR_None.mat,forecast_results,287,288,0.0638976461726888,0.0638976461726888,0.163165353718599,0.161236383519823,0.0179151537244247,0.0429446560487315,0,0.00303783639953256,0.857142857142857,0.0696428571428571,0.2125,0.636216511855831,1,closed_loop_monte_carlo,ok,ok,-515.194695768607
combined_stress,SEIR with observation and process noise,SEIR,ssa,1,1,1,A3,Damping Resurgence,AR,None,/home/kaahin/degree_project/hybrid-epidemic-forecasting/results/partB/forecasts/partB_combined_stress_forecast_A3_AR_None.mat,forecast_results,294,295,0.0518780534189796,0.0518780534189796,0.0634831361218688,0.0589853585887048,0.00655392873207831,0.0453241246869013,0,0,1,0.2125,0.2125,0.692867941175819,1,closed_loop_monte_carlo,ok,ok,-519.305594405296
combined_stress,SEIR with observation and process noise,SEIR,ssa,1,1,1,A3,Damping Resurgence,AR,None,/home/kaahin/degree_project/hybrid-epidemic-forecasting/results/partB/forecasts/partB_combined_stress_forecast_A3_AR_None.mat,forecast_results,301,302,0.0600518350321043,0.0600518350321043,0.13915472305107,0.124436005306948,0.0138262228118831,0.0449107614599177,0.00131485076030358,0,0.946428571428571,0.158928571428571,0.2125,0.631224713472542,1,closed_loop_monte_carlo,ok,ok,-519.700534464291
combined_stress,SEIR with observation and process noise,SEIR,ssa,1,1,1,A3,Damping Resurgence,AR,None,/home/kaahin/degree_project/hybrid-epidemic-forecasting/results/partB/forecasts/partB_combined_stress_forecast_A3_AR_None.mat,forecast_results,308,309,0.0903116236174993,0.0903116236174993,0.23847155471973,0.227958562576368,0.025328729175152,0.0435247843755204,0.0214581100668269,0,0.678571428571429,-0.108928571428571,0.266071428571429,0.637083402736378,1,closed_loop_monte_carlo,ok,ok,-533.279939466269
combined_stress,SEIR with observation and process noise,SEIR,ssa,1,1,1,A3,Damping Resurgence,AR,None,/home/kaahin/degree_project/hybrid-epidemic-forecasting/results/partB/forecasts/partB_combined_stress_forecast_A3_AR_None.mat,forecast_results,315,316,0.0966081610085436,0.0966081610085436,0.258417859550861,0.24800276644271,0.0275558629380789,0.0389554534395546,0.0300968446309101,0,0.589285714285714,-0.198214285714286,0.308928571428571,0.567348572663063,1,closed_loop_monte_carlo,ok,ok,-547.721608455597
combined_stress,SEIR with observation and process noise,SEIR,ssa,1,1,1,A3,Damping Resurgence,AR,None,/home/kaahin/degree_project/hybrid-epidemic-forecasting/results/partB/forecasts/partB_combined_stress_forecast_A3_AR_None.mat,forecast_results,322,323,0.0766745354921126,0.0766745354921126,0.192298276072203,0.183641743394616,0.0204046381549574,0.0287406569602758,0.0275292403768794,0,0.517857142857143,-0.269642857142857,0.373214285714286,0.442597427794575,1,closed_loop_monte_carlo,ok,ok,-562.836633785401
combined_stress,SEIR with observation and process noise,SEIR,ssa,1,1,1,A3,Damping Resurgence,AR,None,/home/kaahin/degree_project/hybrid-epidemic-forecasting/results/partB/forecasts/partB_combined_stress_forecast_A3_AR_None.mat,forecast_results,329,330,0.0401342195834074,0.0401342195834074,0.112824316963666,0.10337354020461,0.0114859489116234,0.0254780811042359,0.00317018956754804,0,0.839285714285714,0.0517857142857143,0.2125,0.372150069549483,1,closed_loop_monte_carlo,ok,ok,-578.33849055399
combined_stress,SEIR with observation and process noise,SEIR,ssa,1,1,1,A3,Damping Resurgence,AR,None,/home/kaahin/degree_project/hybrid-epidemic-forecasting/results/partB/forecasts/partB_combined_stress_forecast_A3_AR_None.mat,forecast_results,336,337,0.0467766923014014,0.0467766923014014,0.130381706640335,0.120632732914596,0.0134036369905106,0.0239996103288328,0.00937344498205796,0,0.714285714285714,-0.0732142857142857,0.255357142857143,0.351033554229872,1,closed_loop_monte_carlo,ok,ok,-580.612528461915
combined_stress,SEIR with observation and process noise,SEIR,ssa,1,1,1,A3,Damping Resurgence,AR,None,/home/kaahin/degree_project/hybrid-epidemic-forecasting/results/partB/forecasts/partB_combined_stress_forecast_A3_AR_None.mat,forecast_results,343,344,0.0359606979246746,0.0359606979246746,0.0945968824860371,0.0862541165191355,0.00958379072434839,0.0260479547282729,0.000328952472053345,0,0.964285714285714,0.176785714285714,0.2125,0.39685338866946,1,closed_loop_monte_carlo,ok,ok,-589.170048380595
combined_stress,SEIR with observation and process noise,SEIR,ssa,1,1,1,A3,Damping Resurgence,AR,None,/home/kaahin/degree_project/hybrid-epidemic-forecasting/results/partB/forecasts/partB_combined_stress_forecast_A3_AR_None.mat,forecast_results,350,351,0.0224230820570563,0.0224230820570563,0.032789160954201,0.0249717929369274,0.0027746436596586,0.018876214289814,0,0.000772224107583683,0.946428571428571,0.158928571428571,0.223214285714286,0.275523656521144,1,closed_loop_monte_carlo,ok,ok,-602.059000221095
combined_stress,SEIR with observation and process noise,SEIR,ssa,1,1,1,A3,Damping Resurgence,ARX,I,/home/kaahin/degree_project/hybrid-epidemic-forecasting/results/partB/forecasts/partB_combined_stress_forecast_A3_ARX_I.mat,forecast_results,49,50,0.247908314302721,0.247908314302721,0.421427508541834,0.385338685158378,0.042815409462042,0.0209664055817339,0,0.184126499258945,0.160714285714286,-0.626785714285714,0.655357142857143,0.320164203329043,1,closed_loop_monte_carlo,ok,ok,-89.3126087350519
combined_stress,SEIR with observation and process noise,SEIR,ssa,1,1,1,A3,Damping Resurgence,ARX,I,/home/kaahin/degree_project/hybrid-epidemic-forecasting/results/partB/forecasts/partB_combined_stress_forecast_A3_ARX_I.mat,forecast_results,56,57,0.222510637748753,0.222510637748753,0.45693335933829,0.41813218164221,0.0464591312935789,0.0358425677099191,0,0.140208938745255,0.232142857142857,-0.555357142857143,0.601785714285714,0.521548489397752,1,closed_loop_monte_carlo,ok,ok,-91.1531355808074
combined_stress,SEIR with observation and process noise,SEIR,ssa,1,1,1,A3,Damping Resurgence,ARX,I,/home/kaahin/degree_project/hybrid-epidemic-forecasting/results/partB/forecasts/partB_combined_stress_forecast_A3_ARX_I.mat,forecast_results,63,64,0.0824710323079671,0.0824710323079671,0.114975680077829,0.105285702702897,0.011698411411433,0.070772620896534,0,0,1,0.2125,0.2125,1.04043927213385,1,closed_loop_monte_carlo,ok,ok,-100.842758851145
combined_stress,SEIR with observation and process noise,SEIR,ssa,1,1,1,A3,Damping Resurgence,ARX,I,/home/kaahin/degree_project/hybrid-epidemic-forecasting/results/partB/forecasts/partB_combined_stress_forecast_A3_ARX_I.mat,forecast_results,70,71,0.388663528372615,0.388663528372615,0.965760460903711,0.71912659877127,0.07990295541903,0.171106341315491,0.137654231638094,0,0.482142857142857,-0.305357142857143,0.426785714285714,2.91133890720026,1,closed_loop_monte_carlo,ok_partial_draws,ok,-111.607481615764
combined_stress,SEIR with observation and process noise,SEIR,ssa,1,1,1,A3,Damping Resurgence,ARX,I,/home/kaahin/degree_project/hybrid-epidemic-forecasting/results/partB/forecasts/partB_combined_stress_forecast_A3_ARX_I.mat,forecast_results,77,78,0.107823180699067,0.107823180699067,0.322497417450454,0.24108066405246,0.0267867404502734,0.0651485439966856,0.0158878962521084,0,0.857142857142857,0.0696428571428571,0.223214285714286,0.969924326870596,1,closed_loop_monte_carlo,ok,ok,-123.1996026244
combined_stress,SEIR with observation and process noise,SEIR,ssa,1,1,1,A3,Damping Resurgence,ARX,I,/home/kaahin/degree_project/hybrid-epidemic-forecasting/results/partB/forecasts/partB_combined_stress_forecast_A3_ARX_I.mat,forecast_results,84,85,0.200182441945677,0.200182441945677,0.479493109274193,0.43640289376489,0.0484892104183211,0.0660186813588211,0.0856745501685349,0,0.321428571428571,-0.466071428571429,0.528571428571429,0.99280938450817,1,closed_loop_monte_carlo,ok,ok,-129.767348283496
combined_stress,SEIR with observation and process noise,SEIR,ssa,1,1,1,A3,Damping Resurgence,ARX,I,/home/kaahin/degree_project/hybrid-epidemic-forecasting/results/partB/forecasts/partB_combined_stress_forecast_A3_ARX_I.mat,forecast_results,91,92,0.0668235627334422,0.0668235627334422,0.178030218632756,0.152534837019952,0.0169483152244391,0.0433631270110599,0.00651212049794318,0,0.839285714285714,0.0517857142857143,0.2125,0.638128771872837,1,closed_loop_monte_carlo,ok,ok,-143.506464851012
combined_stress,SEIR with observation and process noise,SEIR,ssa,1,1,1,A3,Damping Resurgence,ARX,I,/home/kaahin/degree_project/hybrid-epidemic-forecasting/results/partB/forecasts/partB_combined_stress_forecast_A3_ARX_I.mat,forecast_results,98,99,0.0425354846598327,0.0425354846598327,0.0747979624778448,0.0679512940112468,0.00755014377902742,0.0349853408808053,0,0,1,0.2125,0.2125,0.517184270253116,1,closed_loop_monte_carlo,ok,ok,-161.164147099213
combined_stress,SEIR with observation and process noise,SEIR,ssa,1,1,1,A3,Damping Resurgence,ARX,I,/home/kaahin/degree_project/hybrid-epidemic-forecasting/results/partB/forecasts/partB_combined_stress_forecast_A3_ARX_I.mat,forecast_results,105,106,0.0320832874490166,0.0320832874490166,0.0606126141507927,0.0448916487852294,0.0049879609761366,0.02709532647288,0,0,1,0.2125,0.2125,0.404751888968567,1,closed_loop_monte_carlo,ok,ok,-176.636348855704
combined_stress,SEIR with observation and process noise,SEIR,ssa,1,1,1,A3,Damping Resurgence,ARX,I,/home/kaahin/degree_project/hybrid-epidemic-forecasting/results/partB/forecasts/partB_combined_stress_forecast_A3_ARX_I.mat,forecast_results,112,113,0.0535055240018275,0.0535055240018275,0.149400614728608,0.121522407380332,0.0135024897089258,0.0347512498677694,0.000329026088060616,0.00492275833707165,0.910714285714286,0.123214285714286,0.2125,0.522093741158278,1,closed_loop_monte_carlo,ok,ok,-190.266630736659
combined_stress,SEIR with observation and process noise,SEIR,ssa,1,1,1,A3,Damping Resurgence,ARX,I,/home/kaahin/degree_project/hybrid-epidemic-forecasting/results/partB/forecasts/partB_combined_stress_forecast_A3_ARX_I.mat,forecast_results,119,120,0.0830234121889567,0.0830234121889567,0.266136732411223,0.224407841421858,0.0249342046024286,0.0392401829441864,0,0.0188490246423416,0.803571428571429,0.0160714285714286,0.223214285714286,0.569121932085495,1,closed_loop_monte_carlo,ok,ok,-202.391497498977
combined_stress,SEIR with observation and process noise,SEIR,ssa,1,1,1,A3,Damping Resurgence,ARX,I,/home/kaahin/degree_project/hybrid-epidemic-forecasting/results/partB/forecasts/partB_combined_stress_forecast_A3_ARX_I.mat,forecast_results,126,127,0.130455072984253,0.130455072984253,0.359401514737616,0.330760306517831,0.0367511451686479,0.0399039884376329,0,0.0537999393779717,0.607142857142857,-0.180357142857143,0.298214285714286,0.598924462903558,1,closed_loop_monte_carlo,ok,ok,-217.166220715981
combined_stress,SEIR with observation and process noise,SEIR,ssa,1,1,1,A3,Damping Resurgence,ARX,I,/home/kaahin/degree_project/hybrid-epidemic-forecasting/results/partB/forecasts/partB_combined_stress_forecast_A3_ARX_I.mat,forecast_results,133,134,0.0799867304861289,0.0799867304861289,0.22714108990744,0.217728465535564,0.0241920517261738,0.0490946715528467,0,0.0067000072071083,0.803571428571429,0.0160714285714286,0.2125,0.717009912266042,1,closed_loop_monte_carlo,ok,ok,-220.967043155476
combined_stress,SEIR with observation and process noise,SEIR,ssa,1,1,1,A3,Damping Resurgence,ARX,I,/home/kaahin/degree_project/hybrid-epidemic-forecasting/results/partB/forecasts/partB_combined_stress_forecast_A3_ARX_I.mat,forecast_results,140,141,0.0937891954467146,0.0937891954467146,0.176508469557656,0.123424461297687,0.0137138290330763,0.0792757243711684,0.00079964204246984,0,0.964285714285714,0.176785714285714,0.2125,1.14179294747187,1,closed_loop_monte_carlo,ok,ok,-235.364953102718
combined_stress,SEIR with observation and process noise,SEIR,ssa,1,1,1,A3,Damping Resurgence,ARX,I,/home/kaahin/degree_project/hybrid-epidemic-forecasting/results/partB/forecasts/partB_combined_stress_forecast_A3_ARX_I.mat,forecast_results,147,148,0.0870829994144678,0.0870829994144678,0.206305469605313,0.149385145628872,0.0165983495143191,0.0694692421488802,0.00101540775126849,0,0.964285714285714,0.176785714285714,0.2125,1.00435203746198,1,closed_loop_monte_carlo,ok,ok,-249.301659455317
combined_stress,SEIR with observation and process noise,SEIR,ssa,1,1,1,A3,Damping Resurgence,ARX,I,/home/kaahin/degree_project/hybrid-epidemic-forecasting/results/partB/forecasts/partB_combined_stress_forecast_A3_ARX_I.mat,forecast_results,154,155,0.110495314643296,0.110495314643296,0.298537578258822,0.236219874529504,0.0262466527255005,0.0632673950579064,0.0209812668598889,0,0.803571428571429,0.0160714285714286,0.258928571428571,0.900333833531816,1,closed_loop_monte_carlo,ok,ok,-265.451023789557
combined_stress,SEIR with observation and process noise,SEIR,ssa,1,1,1,A3,Damping Resurgence,ARX,I,/home/kaahin/degree_project/hybrid-epidemic-forecasting/results/partB/forecasts/partB_combined_stress_forecast_A3_ARX_I.mat,forecast_results,161,162,0.15215483090161,0.15215483090161,0.354314961959107,0.305475320717777,0.0339417023019753,0.0486179841513042,0.0695951444483309,0,0.446428571428571,-0.341071428571429,0.471428571428571,0.773241372301418,1,closed_loop_monte_carlo,ok,ok,-280.093634373325
combined_stress,SEIR with observation and process noise,SEIR,ssa,1,1,1,A3,Damping Resurgence,ARX,I,/home/kaahin/degree_project/hybrid-epidemic-forecasting/results/partB/forecasts/partB_combined_stress_forecast_A3_ARX_I.mat,forecast_results,168,169,0.0877553564356945,0.0877553564356945,0.235203912021718,0.229499989941196,0.0254999988823551,0.0407970761555801,0.0214582813977593,0,0.589285714285714,-0.198214285714286,0.316071428571429,0.581609086717138,1,closed_loop_monte_carlo,ok,ok,-294.936371233638
combined_stress,SEIR with observation and process noise,SEIR,ssa,1,1,1,A3,Damping Resurgence,ARX,I,/home/kaahin/degree_project/hybrid-epidemic-forecasting/results/partB/forecasts/partB_combined_stress_forecast_A3_ARX_I.mat,forecast_results,175,176,0.0498723875052561,0.0498723875052561,0.121521633653839,0.115106784711378,0.0127896427457086,0.0332677835327915,0.00381496122675608,0,0.839285714285714,0.0517857142857143,0.2125,0.480816140505026,1,closed_loop_monte_carlo,ok,ok,-311.744811397458
combined_stress,SEIR with observation and process noise,SEIR,ssa,1,1,1,A3,Damping Resurgence,ARX,I,/home/kaahin/degree_project/hybrid-epidemic-forecasting/results/partB/forecasts/partB_combined_stress_forecast_A3_ARX_I.mat,forecast_results,182,183,0.0418680849764709,0.0418680849764709,0.111327758011092,0.0869690082861616,0.00966322314290685,0.0316971966284477,0,0.000507665205116373,0.964285714285714,0.176785714285714,0.2125,0.463308828600535,1,closed_loop_monte_carlo,ok,ok,-324.976985727944
combined_stress,SEIR with observation and process noise,SEIR,ssa,1,1,1,A3,Damping Resurgence,ARX,I,/home/kaahin/degree_project/hybrid-epidemic-forecasting/results/partB/forecasts/partB_combined_stress_forecast_A3_ARX_I.mat,forecast_results,189,190,0.0758323208125783,0.0758323208125783,0.22156574043831,0.188479852773255,0.020942205863695,0.029734793568191,0,0.0251553213806923,0.75,-0.0375,0.269642857142857,0.434082392875306,1,closed_loop_monte_carlo,ok,ok,-339.666978780931
combined_stress,SEIR with observation and process noise,SEIR,ssa,1,1,1,A3,Damping Resurgence,ARX,I,/home/kaahin/degree_project/hybrid-epidemic-forecasting/results/partB/forecasts/partB_combined_stress_forecast_A3_ARX_I.mat,forecast_results,196,197,0.155651336320497,0.155651336320497,0.378732903530027,0.339204740811391,0.0376894156457101,0.0315660603283522,0,0.0863958603464345,0.482142857142857,-0.305357142857143,0.410714285714286,0.469811391666524,1,closed_loop_monte_carlo,ok,ok,-348.987751329315
combined_stress,SEIR with observation and process noise,SEIR,ssa,1,1,1,A3,Damping Resurgence,ARX,I,/home/kaahin/degree_project/hybrid-epidemic-forecasting/results/partB/forecasts/partB_combined_stress_forecast_A3_ARX_I.mat,forecast_results,203,204,0.0737414242371374,0.0737414242371374,0.220633336668787,0.191402943183002,0.0212669936870002,0.0454161076207099,0,0.00705832292942731,0.892857142857143,0.105357142857143,0.2125,0.650825026207193,1,closed_loop_monte_carlo,ok,ok,-360.761715989446
combined_stress,SEIR with observation and process noise,SEIR,ssa,1,1,1,A3,Damping Resurgence,ARX,I,/home/kaahin/degree_project/hybrid-epidemic-forecasting/results/partB/forecasts/partB_combined_stress_forecast_A3_ARX_I.mat,forecast_results,210,211,0.0668236511403867,0.0668236511403867,0.143843166934212,0.127163578344497,0.0141292864827219,0.0526943646576648,0,0,1,0.2125,0.2125,0.771940826292916,1,closed_loop_monte_carlo,ok,ok,-372.159265528235
combined_stress,SEIR with observation and process noise,SEIR,ssa,1,1,1,A3,Damping Resurgence,ARX,I,/home/kaahin/degree_project/hybrid-epidemic-forecasting/results/partB/forecasts/partB_combined_stress_forecast_A3_ARX_I.mat,forecast_results,217,218,0.126367626182038,0.126367626182038,0.371808465205041,0.305495347446753,0.0339439274940837,0.0683701162688351,0.0240535824191189,0,0.857142857142857,0.0696428571428571,0.223214285714286,1.05281242485413,1,closed_loop_monte_carlo,ok,ok,-381.683133674247
combined_stress,SEIR with observation and process noise,SEIR,ssa,1,1,1,A3,Damping Resurgence,ARX,I,/home/kaahin/degree_project/hybrid-epidemic-forecasting/results/partB/forecasts/partB_combined_stress_forecast_A3_ARX_I.mat,forecast_results,224,225,0.0994375506419257,0.0994375506419257,0.269475869769152,0.210131197960771,0.0233479108845301,0.0492196330453102,0.0268700067120853,0,0.767857142857143,-0.0196428571428571,0.269642857142857,0.740211662731453,1,closed_loop_monte_carlo,ok,ok,-394.19586820698
combined_stress,SEIR with observation and process noise,SEIR,ssa,1,1,1,A3,Damping Resurgence,ARX,I,/home/kaahin/degree_project/hybrid-epidemic-forecasting/results/partB/forecasts/partB_combined_stress_forecast_A3_ARX_I.mat,forecast_results,231,232,0.13907236133499,0.13907236133499,0.379625432986136,0.334213202417633,0.0371348002686259,0.055187958210922,0.0467496028554421,0,0.517857142857143,-0.269642857142857,0.391071428571429,0.78139651277997,1,closed_loop_monte_carlo,ok,ok,-411.981293824849
combined_stress,SEIR with observation and process noise,SEIR,ssa,1,1,1,A3,Damping Resurgence,ARX,I,/home/kaahin/degree_project/hybrid-epidemic-forecasting/results/partB/forecasts/partB_combined_stress_forecast_A3_ARX_I.mat,forecast_results,238,239,0.0507308160634253,0.0507308160634253,0.119700673175504,0.0952261370968324,0.010580681899648,0.0357565667148284,0.00439356744894886,0,0.875,0.0875,0.2125,0.515423748742269,1,closed_loop_monte_carlo,ok,ok,-428.250612999509
combined_stress,SEIR with observation and process noise,SEIR,ssa,1,1,1,A3,Damping Resurgence,ARX,I,/home/kaahin/degree_project/hybrid-epidemic-forecasting/results/partB/forecasts/partB_combined_stress_forecast_A3_ARX_I.mat,forecast_results,245,246,0.0474243486217759,0.0474243486217759,0.10020757124738,0.0968221527209813,0.0107580169689979,0.0363069619576645,0.000359369695113441,0,0.946428571428571,0.158928571428571,0.2125,0.543677913272293,1,closed_loop_monte_carlo,ok,ok,-437.822164831619
combined_stress,SEIR with observation and process noise,SEIR,ssa,1,1,1,A3,Damping Resurgence,ARX,I,/home/kaahin/degree_project/hybrid-epidemic-forecasting/results/partB/forecasts/partB_combined_stress_forecast_A3_ARX_I.mat,forecast_results,252,253,0.0378829061281119,0.0378829061281119,0.0968915681359498,0.0803463643481559,0.00892737381646176,0.0281633701462554,0,0.000792162165394766,0.964285714285714,0.176785714285714,0.2125,0.395960424915592,1,closed_loop_monte_carlo,ok,ok,-449.329433848652
combined_stress,SEIR with observation and process noise,SEIR,ssa,1,1,1,A3,Damping Resurgence,ARX,I,/home/kaahin/degree_project/hybrid-epidemic-forecasting/results/partB/forecasts/partB_combined_stress_forecast_A3_ARX_I.mat,forecast_results,259,260,0.0608345967632268,0.0608345967632268,0.187778331408186,0.158221091817528,0.0175801213130587,0.0270160311199032,0,0.016238444330265,0.821428571428571,0.0339285714285714,0.223214285714286,0.416879907597692,1,closed_loop_monte_carlo,ok,ok,-463.396268708001
combined_stress,SEIR with observation and process noise,SEIR,ssa,1,1,1,A3,Damping Resurgence,ARX,I,/home/kaahin/degree_project/hybrid-epidemic-forecasting/results/partB/forecasts/partB_combined_stress_forecast_A3_ARX_I.mat,forecast_results,266,267,0.112406072812387,0.112406072812387,0.307072241203745,0.279798065505414,0.031088673945046,0.0300001316745968,0,0.0513172671927442,0.625,-0.1625,0.301785714285714,0.458506653797247,1,closed_loop_monte_carlo,ok,ok,-475.536444778732
combined_stress,SEIR with observation and process noise,SEIR,ssa,1,1,1,A3,Damping Resurgence,ARX,I,/home/kaahin/degree_project/hybrid-epidemic-forecasting/results/partB/forecasts/partB_combined_stress_forecast_A3_ARX_I.mat,forecast_results,273,274,0.0872747804987518,0.0872747804987518,0.27751041723824,0.241472965905626,0.0268303295450695,0.0395203016919232,0,0.0209241492617591,0.785714285714286,-0.00178571428571429,0.223214285714286,0.592221351203533,1,closed_loop_monte_carlo,ok,ok,-486.391176387733
combined_stress,SEIR with observation and process noise,SEIR,ssa,1,1,1,A3,Damping Resurgence,ARX,I,/home/kaahin/degree_project/hybrid-epidemic-forecasting/results/partB/forecasts/partB_combined_stress_forecast_A3_ARX_I.mat,forecast_results,280,281,0.123751145567863,0.123751145567863,0.344020607073071,0.32106838238128,0.0356742647090311,0.0382130932011398,0,0.0498637876576917,0.553571428571429,-0.233928571428571,0.344642857142857,0.552507145433588,1,closed_loop_monte_carlo,ok,ok,-502.910075988407
combined_stress,SEIR with observation and process noise,SEIR,ssa,1,1,1,A3,Damping Resurgence,ARX,I,/home/kaahin/degree_project/hybrid-epidemic-forecasting/results/partB/forecasts/partB_combined_stress_forecast_A3_ARX_I.mat,forecast_results,287,288,0.0675725176107116,0.0675725176107116,0.166935265207391,0.162456979005066,0.0180507754450073,0.0466452870121757,0,0.00287645515352858,0.910714285714286,0.123214285714286,0.2125,0.698454139680547,1,closed_loop_monte_carlo,ok,ok,-509.428875709777
combined_stress,SEIR with observation and process noise,SEIR,ssa,1,1,1,A3,Damping Resurgence,ARX,I,/home/kaahin/degree_project/hybrid-epidemic-forecasting/results/partB/forecasts/partB_combined_stress_forecast_A3_ARX_I.mat,forecast_results,294,295,0.0573396036838702,0.0573396036838702,0.041020731195369,0.0348134068379141,0.00386815631532379,0.0534714473685464,0,0,1,0.2125,0.2125,0.762232433053212,1,closed_loop_monte_carlo,ok,ok,-513.573969094881
combined_stress,SEIR with observation and process noise,SEIR,ssa,1,1,1,A3,Damping Resurgence,ARX,I,/home/kaahin/degree_project/hybrid-epidemic-forecasting/results/partB/forecasts/partB_combined_stress_forecast_A3_ARX_I.mat,forecast_results,301,302,0.0510571212365034,0.0510571212365034,0.11356916025206,0.0933380244756943,0.0103708916084105,0.0403349567471029,0.000351272880990059,0,0.982142857142857,0.194642857142857,0.2125,0.589915908409317,1,closed_loop_monte_carlo,ok,ok,-513.904125809599
combined_stress,SEIR with observation and process noise,SEIR,ssa,1,1,1,A3,Damping Resurgence,ARX,I,/home/kaahin/degree_project/hybrid-epidemic-forecasting/results/partB/forecasts/partB_combined_stress_forecast_A3_ARX_I.mat,forecast_results,308,309,0.0933572810956816,0.0933572810956816,0.259775826673378,0.243867352947028,0.0270963725496698,0.0398228349098488,0.026438073636163,0,0.625,-0.1625,0.291071428571429,0.566366930746332,1,closed_loop_monte_carlo,ok,ok,-527.492248444403
combined_stress,SEIR with observation and process noise,SEIR,ssa,1,1,1,A3,Damping Resurgence,ARX,I,/home/kaahin/degree_project/hybrid-epidemic-forecasting/results/partB/forecasts/partB_combined_stress_forecast_A3_ARX_I.mat,forecast_results,315,316,0.104336650653862,0.104336650653862,0.293003399114968,0.282237885776458,0.0313597650862731,0.0430468341250695,0.0299300514425191,0,0.607142857142857,-0.180357142857143,0.298214285714286,0.614065156285305,1,closed_loop_monte_carlo,ok,ok,-541.944325192427
combined_stress,SEIR with observation and process noise,SEIR,ssa,1,1,1,A3,Damping Resurgence,ARX,I,/home/kaahin/degree_project/hybrid-epidemic-forecasting/results/partB/forecasts/partB_combined_stress_forecast_A3_ARX_I.mat,forecast_results,322,323,0.0728212933909615,0.0728212933909615,0.196076793596122,0.182429469190695,0.0202699410211884,0.0315098272749075,0.0210415250948655,0,0.625,-0.1625,0.291071428571429,0.449907276465998,1,closed_loop_monte_carlo,ok,ok,-557.053172728363
combined_stress,SEIR with observation and process noise,SEIR,ssa,1,1,1,A3,Damping Resurgence,ARX,I,/home/kaahin/degree_project/hybrid-epidemic-forecasting/results/partB/forecasts/partB_combined_stress_forecast_A3_ARX_I.mat,forecast_results,329,330,0.0478806382176279,0.0478806382176279,0.122383536668303,0.111749536455822,0.012416615161758,0.0278512706234742,0.00761275243239577,0,0.821428571428571,0.0339285714285714,0.223214285714286,0.406838159176643,1,closed_loop_monte_carlo,ok,ok,-572.552066816509
combined_stress,SEIR with observation and process noise,SEIR,ssa,1,1,1,A3,Damping Resurgence,ARX,I,/home/kaahin/degree_project/hybrid-epidemic-forecasting/results/partB/forecasts/partB_combined_stress_forecast_A3_ARX_I.mat,forecast_results,336,337,0.0410134858960147,0.0410134858960147,0.117915622746696,0.1049609948455,0.0116623327606111,0.0230855623386002,0.00626559079680348,0,0.767857142857143,-0.0196428571428571,0.2125,0.339904058014303,1,closed_loop_monte_carlo,ok,ok,-574.85736089283
combined_stress,SEIR with observation and process noise,SEIR,ssa,1,1,1,A3,Damping Resurgence,ARX,I,/home/kaahin/degree_project/hybrid-epidemic-forecasting/results/partB/forecasts/partB_combined_stress_forecast_A3_ARX_I.mat,forecast_results,343,344,0.031985197942242,0.031985197942242,0.0727777064829312,0.0719354309934266,0.00799282566593629,0.0231255731000011,0.000866799176304587,0,0.928571428571429,0.141071428571429,0.2125,0.348584688368981,1,closed_loop_monte_carlo,ok,ok,-583.433596073752
combined_stress,SEIR with observation and process noise,SEIR,ssa,1,1,1,A3,Damping Resurgence,ARX,I,/home/kaahin/degree_project/hybrid-epidemic-forecasting/results/partB/forecasts/partB_combined_stress_forecast_A3_ARX_I.mat,forecast_results,350,351,0.023391524495395,0.023391524495395,0.0322082989569805,0.0268994352173499,0.0029888261352611,0.0199186948991693,0,0.000484003460964585,0.982142857142857,0.194642857142857,0.2125,0.298728892143989,1,closed_loop_monte_carlo,ok,ok,-596.456036748102
combined_stress,SEIR with observation and process noise,SEIR,ssa,1,1,1,A4,Amplifying Resurgence,AR,None,/home/kaahin/degree_project/hybrid-epidemic-forecasting/results/partB/forecasts/partB_combined_stress_forecast_A4_AR_None.mat,forecast_results,49,50,0.0968560478292852,0.0968560478292852,0.267355847433526,0.234121849202325,0.0260135388002584,0.0261856938217978,0,0.0446568152072291,0.535714285714286,-0.251785714285714,0.351785714285714,0.392648027821974,1,closed_loop_monte_carlo,ok,ok,-107.003585523596
combined_stress,SEIR with observation and process noise,SEIR,ssa,1,1,1,A4,Amplifying Resurgence,AR,None,/home/kaahin/degree_project/hybrid-epidemic-forecasting/results/partB/forecasts/partB_combined_stress_forecast_A4_AR_None.mat,forecast_results,56,57,0.0666952040117897,0.0666952040117897,0.196988525101504,0.163919787932414,0.0182133097702682,0.0459177659416259,0,0.00256412829989567,0.892857142857143,0.105357142857143,0.2125,0.677111182826224,1,closed_loop_monte_carlo,ok,ok,-108.081291492575
combined_stress,SEIR with observation and process noise,SEIR,ssa,1,1,1,A4,Amplifying Resurgence,AR,None,/home/kaahin/degree_project/hybrid-epidemic-forecasting/results/partB/forecasts/partB_combined_stress_forecast_A4_AR_None.mat,forecast_results,63,64,0.0757745319642028,0.0757745319642028,0.228273372581124,0.21115094040852,0.0234612156009467,0.0415786971451843,0,0.0107346192180718,0.821428571428571,0.0339285714285714,0.2125,0.602312662780872,1,closed_loop_monte_carlo,ok,ok,-117.674628525165
combined_stress,SEIR with observation and process noise,SEIR,ssa,1,1,1,A4,Amplifying Resurgence,AR,None,/home/kaahin/degree_project/hybrid-epidemic-forecasting/results/partB/forecasts/partB_combined_stress_forecast_A4_AR_None.mat,forecast_results,70,71,0.0670871957314683,0.0670871957314683,0.163299832570263,0.15524170217839,0.0172490780198211,0.0422036256576789,0,0.00763449205396829,0.839285714285714,0.0517857142857143,0.233928571428571,0.615072206045186,1,closed_loop_monte_carlo,ok,ok,-135.63895456395
combined_stress,SEIR with observation and process noise,SEIR,ssa,1,1,1,A4,Amplifying Resurgence,AR,None,/home/kaahin/degree_project/hybrid-epidemic-forecasting/results/partB/forecasts/partB_combined_stress_forecast_A4_AR_None.mat,forecast_results,77,78,0.0509377032186038,0.0509377032186038,0.073733906387866,0.0608798638556999,0.00676442931729999,0.044061068145826,0,0.000112205755477847,0.982142857142857,0.194642857142857,0.2125,0.669830587967576,1,closed_loop_monte_carlo,ok,ok,-150.632818639103
combined_stress,SEIR with observation and process noise,SEIR,ssa,1,1,1,A4,Amplifying Resurgence,AR,None,/home/kaahin/degree_project/hybrid-epidemic-forecasting/results/partB/forecasts/partB_combined_stress_forecast_A4_AR_None.mat,forecast_results,84,85,0.0500870478443278,0.0500870478443278,0.0889990471647691,0.0762121321755746,0.00846801468617495,0.0408574584163774,0.000761574741775457,0,0.964285714285714,0.176785714285714,0.2125,0.594028403045372,1,closed_loop_monte_carlo,ok,ok,-158.560612723791
combined_stress,SEIR with observation and process noise,SEIR,ssa,1,1,1,A4,Amplifying Resurgence,AR,None,/home/kaahin/degree_project/hybrid-epidemic-forecasting/results/partB/forecasts/partB_combined_stress_forecast_A4_AR_None.mat,forecast_results,91,92,0.109544952884775,0.109544952884775,0.31502185506662,0.305394048374946,0.0339326720416606,0.0488490657542119,0.026763215088902,0,0.607142857142857,-0.180357142857143,0.307142857142857,0.672439426325181,1,closed_loop_monte_carlo,ok,ok,-170.434791966138
combined_stress,SEIR with observation and process noise,SEIR,ssa,1,1,1,A4,Amplifying Resurgence,AR,None,/home/kaahin/degree_project/hybrid-epidemic-forecasting/results/partB/forecasts/partB_combined_stress_forecast_A4_AR_None.mat,forecast_results,98,99,0.0437311548229295,0.0437311548229295,0.0793160750578411,0.0750992205766424,0.00834435784184916,0.0353867969810804,0,0,1,0.2125,0.2125,0.523226632892911,1,closed_loop_monte_carlo,ok,ok,-185.442381636906
combined_stress,SEIR with observation and process noise,SEIR,ssa,1,1,1,A4,Amplifying Resurgence,AR,None,/home/kaahin/degree_project/hybrid-epidemic-forecasting/results/partB/forecasts/partB_combined_stress_forecast_A4_AR_None.mat,forecast_results,105,106,0.0359298648507593,0.0359298648507593,0.0310316091303498,0.0252920929891048,0.00281023255434497,0.0331196322964143,0,0,1,0.2125,0.2125,0.496476940972449,1,closed_loop_monte_carlo,ok,ok,-199.118296280279
combined_stress,SEIR with observation and process noise,SEIR,ssa,1,1,1,A4,Amplifying Resurgence,AR,None,/home/kaahin/degree_project/hybrid-epidemic-forecasting/results/partB/forecasts/partB_combined_stress_forecast_A4_AR_None.mat,forecast_results,112,113,0.0471631571776004,0.0471631571776004,0.13505816881949,0.107869254563025,0.011985472729225,0.0295499959429861,0,0.00562768850538924,0.875,0.0875,0.223214285714286,0.434260168758297,1,closed_loop_monte_carlo,ok,ok,-215.568016904791
combined_stress,SEIR with observation and process noise,SEIR,ssa,1,1,1,A4,Amplifying Resurgence,AR,None,/home/kaahin/degree_project/hybrid-epidemic-forecasting/results/partB/forecasts/partB_combined_stress_forecast_A4_AR_None.mat,forecast_results,119,120,0.120255624664038,0.120255624664038,0.282172759234627,0.259443013977069,0.0288270015530076,0.0267170941122719,0,0.064711528998759,0.392857142857143,-0.394642857142857,0.464285714285714,0.402246759465439,1,closed_loop_monte_carlo,ok,ok,-233.151232265099
combined_stress,SEIR with observation and process noise,SEIR,ssa,1,1,1,A4,Amplifying Resurgence,AR,None,/home/kaahin/degree_project/hybrid-epidemic-forecasting/results/partB/forecasts/partB_combined_stress_forecast_A4_AR_None.mat,forecast_results,126,127,0.0909366656428098,0.0909366656428098,0.28524080244288,0.248091383079043,0.0275657092310047,0.0415577508499561,0,0.021813205561849,0.803571428571429,0.0160714285714286,0.223214285714286,0.604763089282338,1,closed_loop_monte_carlo,ok,ok,-247.86188298343
combined_stress,SEIR with observation and process noise,SEIR,ssa,1,1,1,A4,Amplifying Resurgence,AR,None,/home/kaahin/degree_project/hybrid-epidemic-forecasting/results/partB/forecasts/partB_combined_stress_forecast_A4_AR_None.mat,forecast_results,133,134,0.0616886921101731,0.0616886921101731,0.120855205435338,0.103156353319992,0.0114618170355547,0.0498680697233241,0.000358805351294333,0,0.982142857142857,0.194642857142857,0.2125,0.706303723459174,1,closed_loop_monte_carlo,ok,ok,-256.379747081009
combined_stress,SEIR with observation and process noise,SEIR,ssa,1,1,1,A4,Amplifying Resurgence,AR,None,/home/kaahin/degree_project/hybrid-epidemic-forecasting/results/partB/forecasts/partB_combined_stress_forecast_A4_AR_None.mat,forecast_results,140,141,0.0672336125935898,0.0672336125935898,0.156294418383577,0.152017531229534,0.0168908368032816,0.0485653149241575,0,0.00177746086615066,0.928571428571429,0.141071428571429,0.2125,0.734753096460203,1,closed_loop_monte_carlo,ok,ok,-268.721892027528
combined_stress,SEIR with observation and process noise,SEIR,ssa,1,1,1,A4,Amplifying Resurgence,AR,None,/home/kaahin/degree_project/hybrid-epidemic-forecasting/results/partB/forecasts/partB_combined_stress_forecast_A4_AR_None.mat,forecast_results,147,148,0.0567318393466163,0.0567318393466163,0.0400459058092623,0.0333052525126961,0.00370058361252179,0.0530312557340945,0,0,1,0.2125,0.2125,0.77982280542753,1,closed_loop_monte_carlo,ok,ok,-285.595044832483
combined_stress,SEIR with observation and process noise,SEIR,ssa,1,1,1,A4,Amplifying Resurgence,AR,None,/home/kaahin/degree_project/hybrid-epidemic-forecasting/results/partB/forecasts/partB_combined_stress_forecast_A4_AR_None.mat,forecast_results,154,155,0.0854056708311555,0.0854056708311555,0.226945097934618,0.213725291817431,0.0237472546463813,0.0460519112464282,0.0156065049383461,0,0.75,-0.0375,0.2125,0.67481776977567,1,closed_loop_monte_carlo,ok,ok,-303.137454345638
combined_stress,SEIR with observation and process noise,SEIR,ssa,1,1,1,A4,Amplifying Resurgence,AR,None,/home/kaahin/degree_project/hybrid-epidemic-forecasting/results/partB/forecasts/partB_combined_stress_forecast_A4_AR_None.mat,forecast_results,161,162,0.0563918604440731,0.0563918604440731,0.144711478809984,0.120113238571276,0.0133459153968084,0.0404181125760107,0.00262783247125395,0,0.946428571428571,0.158928571428571,0.2125,0.578978389553295,1,closed_loop_monte_carlo,ok,ok,-315.718101123615
combined_stress,SEIR with observation and process noise,SEIR,ssa,1,1,1,A4,Amplifying Resurgence,AR,None,/home/kaahin/degree_project/hybrid-epidemic-forecasting/results/partB/forecasts/partB_combined_stress_forecast_A4_AR_None.mat,forecast_results,168,169,0.0370911582337556,0.0370911582337556,0.0546989671747781,0.0478753621195624,0.00531948467995137,0.0308813263696823,0,0.000890347184121872,0.946428571428571,0.158928571428571,0.223214285714286,0.444045050313193,1,closed_loop_monte_carlo,ok,ok,-329.39764537833
combined_stress,SEIR with observation and process noise,SEIR,ssa,1,1,1,A4,Amplifying Resurgence,AR,None,/home/kaahin/degree_project/hybrid-epidemic-forecasting/results/partB/forecasts/partB_combined_stress_forecast_A4_AR_None.mat,forecast_results,175,176,0.04384243130441,0.04384243130441,0.0885136841909791,0.083787816920316,0.00930975743559066,0.0336296689952049,0.000903004873614425,0,0.928571428571429,0.141071428571429,0.2125,0.500285207173851,1,closed_loop_monte_carlo,ok,ok,-338.75887934791
combined_stress,SEIR with observation and process noise,SEIR,ssa,1,1,1,A4,Amplifying Resurgence,AR,None,/home/kaahin/degree_project/hybrid-epidemic-forecasting/results/partB/forecasts/partB_combined_stress_forecast_A4_AR_None.mat,forecast_results,182,183,0.0488946143472859,0.0488946143472859,0.134084028746156,0.116077287815846,0.0128974764239829,0.0277840651210501,0,0.00821307280225298,0.821428571428571,0.0339285714285714,0.2125,0.445063346278838,1,closed_loop_monte_carlo,ok,ok,-345.725549310832
combined_stress,SEIR with observation and process noise,SEIR,ssa,1,1,1,A4,Amplifying Resurgence,AR,None,/home/kaahin/degree_project/hybrid-epidemic-forecasting/results/partB/forecasts/partB_combined_stress_forecast_A4_AR_None.mat,forecast_results,189,190,0.0915957957514974,0.0915957957514974,0.24525507401,0.221941729507698,0.0246601921675221,0.0266452366745372,0,0.0402903669094381,0.553571428571429,-0.233928571428571,0.351785714285714,0.385638555343433,1,closed_loop_monte_carlo,ok,ok,-364.339693729728
combined_stress,SEIR with observation and process noise,SEIR,ssa,1,1,1,A4,Amplifying Resurgence,AR,None,/home/kaahin/degree_project/hybrid-epidemic-forecasting/results/partB/forecasts/partB_combined_stress_forecast_A4_AR_None.mat,forecast_results,196,197,0.146702358872999,0.146702358872999,0.346297828950678,0.323241010974589,0.0359156678860654,0.0310471796159712,0,0.0797395113709629,0.375,-0.4125,0.478571428571429,0.458744046964448,1,closed_loop_monte_carlo,ok,ok,-376.300438027381
combined_stress,SEIR with observation and process noise,SEIR,ssa,1,1,1,A4,Amplifying Resurgence,AR,None,/home/kaahin/degree_project/hybrid-epidemic-forecasting/results/partB/forecasts/partB_combined_stress_forecast_A4_AR_None.mat,forecast_results,203,204,0.109788785170369,0.109788785170369,0.33610811115305,0.310795421532537,0.0345328246147264,0.0423428787308633,0,0.0329130818247793,0.714285714285714,-0.0732142857142857,0.244642857142857,0.612774856065271,1,closed_loop_monte_carlo,ok,ok,-388.661571451264
combined_stress,SEIR with observation and process noise,SEIR,ssa,1,1,1,A4,Amplifying Resurgence,AR,None,/home/kaahin/degree_project/hybrid-epidemic-forecasting/results/partB/forecasts/partB_combined_stress_forecast_A4_AR_None.mat,forecast_results,210,211,0.0694158100697265,0.0694158100697265,0.17714487111502,0.165609164321383,0.0184010182579314,0.0504486389722754,0,0.00056615283951971,0.964285714285714,0.176785714285714,0.2125,0.736721603355876,1,closed_loop_monte_carlo,ok,ok,-400.510245213471
combined_stress,SEIR with observation and process noise,SEIR,ssa,1,1,1,A4,Amplifying Resurgence,AR,None,/home/kaahin/degree_project/hybrid-epidemic-forecasting/results/partB/forecasts/partB_combined_stress_forecast_A4_AR_None.mat,forecast_results,217,218,0.0553492894475712,0.0553492894475712,0.0463940258836585,0.0387226298285739,0.0043025144253971,0.0510467750221741,0,0,1,0.2125,0.2125,0.751953211622431,1,closed_loop_monte_carlo,ok,ok,-405.657442558671
combined_stress,SEIR with observation and process noise,SEIR,ssa,1,1,1,A4,Amplifying Resurgence,AR,None,/home/kaahin/degree_project/hybrid-epidemic-forecasting/results/partB/forecasts/partB_combined_stress_forecast_A4_AR_None.mat,forecast_results,224,225,0.0662323796432961,0.0662323796432961,0.149925338518925,0.132556614823428,0.0147285127581587,0.0496921285240162,0.00181173836112122,0,0.928571428571429,0.141071428571429,0.2125,0.71756388194822,1,closed_loop_monte_carlo,ok,ok,-415.49701779536
combined_stress,SEIR with observation and process noise,SEIR,ssa,1,1,1,A4,Amplifying Resurgence,AR,None,/home/kaahin/degree_project/hybrid-epidemic-forecasting/results/partB/forecasts/partB_combined_stress_forecast_A4_AR_None.mat,forecast_results,231,232,0.0767902037409256,0.0767902037409256,0.203187434556496,0.182834931809467,0.0203149924232742,0.0439631172452531,0.0125120940723984,0,0.803571428571429,0.0160714285714286,0.223214285714286,0.659959243673799,1,closed_loop_monte_carlo,ok,ok,-425.056962010822
combined_stress,SEIR with observation and process noise,SEIR,ssa,1,1,1,A4,Amplifying Resurgence,AR,None,/home/kaahin/degree_project/hybrid-epidemic-forecasting/results/partB/forecasts/partB_combined_stress_forecast_A4_AR_None.mat,forecast_results,238,239,0.0768681371827949,0.0768681371827949,0.210909399134026,0.197329114766446,0.0219254571962718,0.0382250622078327,0.0167176177786904,0,0.678571428571429,-0.108928571428571,0.266071428571429,0.545909498716648,1,closed_loop_monte_carlo,ok,ok,-441.18350469847
combined_stress,SEIR with observation and process noise,SEIR,ssa,1,1,1,A4,Amplifying Resurgence,AR,None,/home/kaahin/degree_project/hybrid-epidemic-forecasting/results/partB/forecasts/partB_combined_stress_forecast_A4_AR_None.mat,forecast_results,245,246,0.103472406746839,0.103472406746839,0.263988221437416,0.261840359264077,0.0290933732515641,0.0402811812434484,0.0340978522518262,0,0.5,-0.2875,0.373214285714286,0.590823419491066,1,closed_loop_monte_carlo,ok,ok,-456.05523410415
combined_stress,SEIR with observation and process noise,SEIR,ssa,1,1,1,A4,Amplifying Resurgence,AR,None,/home/kaahin/degree_project/hybrid-epidemic-forecasting/results/partB/forecasts/partB_combined_stress_forecast_A4_AR_None.mat,forecast_results,252,253,0.0362713912449696,0.0362713912449696,0.0452473150254525,0.0356005978632605,0.00395562198480672,0.0323157692601629,0,0,1,0.2125,0.2125,0.475343464734153,1,closed_loop_monte_carlo,ok,ok,-463.444041118523
combined_stress,SEIR with observation and process noise,SEIR,ssa,1,1,1,A4,Amplifying Resurgence,AR,None,/home/kaahin/degree_project/hybrid-epidemic-forecasting/results/partB/forecasts/partB_combined_stress_forecast_A4_AR_None.mat,forecast_results,259,260,0.0590050855151764,0.0590050855151764,0.169110833554897,0.13837185536537,0.0153746505961523,0.0272905745889333,0,0.0163398603300908,0.785714285714286,-0.00178571428571429,0.2625,0.406154274252968,1,closed_loop_monte_carlo,ok,ok,-479.236877397475
combined_stress,SEIR with observation and process noise,SEIR,ssa,1,1,1,A4,Amplifying Resurgence,AR,None,/home/kaahin/degree_project/hybrid-epidemic-forecasting/results/partB/forecasts/partB_combined_stress_forecast_A4_AR_None.mat,forecast_results,266,267,0.0967574903468585,0.0967574903468585,0.282311019555082,0.240585430448057,0.0267317144942286,0.0331381574826412,0,0.0368876183699888,0.642857142857143,-0.144642857142857,0.305357142857143,0.482312395180611,1,closed_loop_monte_carlo,ok,ok,-487.711520580022
combined_stress,SEIR with observation and process noise,SEIR,ssa,1,1,1,A4,Amplifying Resurgence,AR,None,/home/kaahin/degree_project/hybrid-epidemic-forecasting/results/partB/forecasts/partB_combined_stress_forecast_A4_AR_None.mat,forecast_results,273,274,0.0869554930307246,0.0869554930307246,0.257925787382803,0.220855881599564,0.0245395423999515,0.0406038478648286,0,0.0218121027659445,0.803571428571429,0.0160714285714286,0.244642857142857,0.620063082090821,1,closed_loop_monte_carlo,ok,ok,-497.831178213947
combined_stress,SEIR with observation and process noise,SEIR,ssa,1,1,1,A4,Amplifying Resurgence,AR,None,/home/kaahin/degree_project/hybrid-epidemic-forecasting/results/partB/forecasts/partB_combined_stress_forecast_A4_AR_None.mat,forecast_results,280,281,0.101329048815996,0.101329048815996,0.278714092930694,0.263892674571767,0.0293214082857518,0.0468710034672417,0,0.0251366370630021,0.732142857142857,-0.0553571428571429,0.223214285714286,0.697895062622538,1,closed_loop_monte_carlo,ok,ok,-508.646614465736
combined_stress,SEIR with observation and process noise,SEIR,ssa,1,1,1,A4,Amplifying Resurgence,AR,None,/home/kaahin/degree_project/hybrid-epidemic-forecasting/results/partB/forecasts/partB_combined_stress_forecast_A4_AR_None.mat,forecast_results,287,288,0.0634424295523357,0.0634424295523357,0.132627065890309,0.122635471147539,0.0136261634608377,0.049473684163501,0,0.000342581927996969,0.982142857142857,0.194642857142857,0.2125,0.733116648001441,1,closed_loop_monte_carlo,ok,ok,-522.938276430669
combined_stress,SEIR with observation and process noise,SEIR,ssa,1,1,1,A4,Amplifying Resurgence,AR,None,/home/kaahin/degree_project/hybrid-epidemic-forecasting/results/partB/forecasts/partB_combined_stress_forecast_A4_AR_None.mat,forecast_results,294,295,0.0736717678589096,0.0736717678589096,0.159270763140906,0.147140899952357,0.0163489888835953,0.0565538496173501,0.000768929357964197,0,0.964285714285714,0.176785714285714,0.2125,0.81927563122846,1,closed_loop_monte_carlo,ok,ok,-536.079596740965
combined_stress,SEIR with observation and process noise,SEIR,ssa,1,1,1,A4,Amplifying Resurgence,AR,None,/home/kaahin/degree_project/hybrid-epidemic-forecasting/results/partB/forecasts/partB_combined_stress_forecast_A4_AR_None.mat,forecast_results,301,302,0.05874544634862,0.05874544634862,0.152145390270785,0.120919904215229,0.0134355449128033,0.0427792196285521,0.00253068180726457,0,0.946428571428571,0.158928571428571,0.2125,0.617277227364614,1,closed_loop_monte_carlo,ok,ok,-550.245122479879
combined_stress,SEIR with observation and process noise,SEIR,ssa,1,1,1,A4,Amplifying Resurgence,AR,None,/home/kaahin/degree_project/hybrid-epidemic-forecasting/results/partB/forecasts/partB_combined_stress_forecast_A4_AR_None.mat,forecast_results,308,309,0.0836640437864521,0.0836640437864521,0.240251781461041,0.218839008849961,0.0243154454277734,0.0423656734057418,0.0169829249529369,0,0.696428571428571,-0.0910714285714286,0.255357142857143,0.624624375874774,1,closed_loop_monte_carlo,ok,ok,-566.187170340178
combined_stress,SEIR with observation and process noise,SEIR,ssa,1,1,1,A4,Amplifying Resurgence,AR,None,/home/kaahin/degree_project/hybrid-epidemic-forecasting/results/partB/forecasts/partB_combined_stress_forecast_A4_AR_None.mat,forecast_results,315,316,0.104552141036699,0.104552141036699,0.250666551256138,0.232663282526763,0.025851475836307,0.0384417952738845,0.0402588699265079,0,0.446428571428571,-0.341071428571429,0.439285714285714,0.561183800229931,1,closed_loop_monte_carlo,ok,ok,-578.055691212658
combined_stress,SEIR with observation and process noise,SEIR,ssa,1,1,1,A4,Amplifying Resurgence,AR,None,/home/kaahin/degree_project/hybrid-epidemic-forecasting/results/partB/forecasts/partB_combined_stress_forecast_A4_AR_None.mat,forecast_results,322,323,0.0588397182403091,0.0588397182403091,0.166495848426772,0.151113479618897,0.0167903866243219,0.0245913994458803,0.0174579321701068,0,0.714285714285714,-0.0732142857142857,0.266071428571429,0.363845281576646,1,closed_loop_monte_carlo,ok,ok,-586.340292050979
combined_stress,SEIR with observation and process noise,SEIR,ssa,1,1,1,A4,Amplifying Resurgence,AR,None,/home/kaahin/degree_project/hybrid-epidemic-forecasting/results/partB/forecasts/partB_combined_stress_forecast_A4_AR_None.mat,forecast_results,329,330,0.0334007496897985,0.0334007496897985,0.093352903024755,0.0767199986433521,0.00852444429370578,0.0211755203430599,0.00370078505303283,0,0.892857142857143,0.105357142857143,0.2125,0.311294732751064,1,closed_loop_monte_carlo,ok,ok,-599.915952117602
combined_stress,SEIR with observation and process noise,SEIR,ssa,1,1,1,A4,Amplifying Resurgence,AR,None,/home/kaahin/degree_project/hybrid-epidemic-forecasting/results/partB/forecasts/partB_combined_stress_forecast_A4_AR_None.mat,forecast_results,336,337,0.0325832713629002,0.0325832713629002,0.093346397183502,0.0758464029215896,0.00842737810239884,0.0217694918460247,0.00238640141447671,0,0.875,0.0875,0.2125,0.317385649714054,1,closed_loop_monte_carlo,ok,ok,-613.988483772389
combined_stress,SEIR with observation and process noise,SEIR,ssa,1,1,1,A4,Amplifying Resurgence,AR,None,/home/kaahin/degree_project/hybrid-epidemic-forecasting/results/partB/forecasts/partB_combined_stress_forecast_A4_AR_None.mat,forecast_results,343,344,0.0396847405508463,0.0396847405508463,0.100238835256995,0.0931266913162081,0.0103474101462453,0.0259750812107102,0.00336224919389071,0,0.803571428571429,0.0160714285714286,0.2125,0.375814931981591,1,closed_loop_monte_carlo,ok,ok,-622.94377208147
combined_stress,SEIR with observation and process noise,SEIR,ssa,1,1,1,A4,Amplifying Resurgence,AR,None,/home/kaahin/degree_project/hybrid-epidemic-forecasting/results/partB/forecasts/partB_combined_stress_forecast_A4_AR_None.mat,forecast_results,350,351,0.038934864673086,0.038934864673086,0.10390173731957,0.1008776079838,0.0112086231093111,0.0223971999557428,0.00532904160803206,0,0.767857142857143,-0.0196428571428571,0.2125,0.325456294270571,1,closed_loop_monte_carlo,ok,ok,-635.665789155274
combined_stress,SEIR with observation and process noise,SEIR,ssa,1,1,1,A4,Amplifying Resurgence,ARX,I,/home/kaahin/degree_project/hybrid-epidemic-forecasting/results/partB/forecasts/partB_combined_stress_forecast_A4_ARX_I.mat,forecast_results,49,50,0.210123190262873,0.210123190262873,0.339336337508961,0.306369273518393,0.0340410303909325,0.0192756681810703,0,0.15680649169087,0.0892857142857143,-0.698214285714286,0.708928571428571,0.271747064322197,1,closed_loop_monte_carlo,ok,ok,-103.883126775245
combined_stress,SEIR with observation and process noise,SEIR,ssa,1,1,1,A4,Amplifying Resurgence,ARX,I,/home/kaahin/degree_project/hybrid-epidemic-forecasting/results/partB/forecasts/partB_combined_stress_forecast_A4_ARX_I.mat,forecast_results,56,57,0.178810125208423,0.178810125208423,0.37252482290323,0.327065464409317,0.0363406071565907,0.0265517535994884,0,0.115917764452344,0.321428571428571,-0.466071428571429,0.558928571428571,0.411454826438329,1,closed_loop_monte_carlo,ok,ok,-102.909503065804
combined_stress,SEIR with observation and process noise,SEIR,ssa,1,1,1,A4,Amplifying Resurgence,ARX,I,/home/kaahin/degree_project/hybrid-epidemic-forecasting/results/partB/forecasts/partB_combined_stress_forecast_A4_ARX_I.mat,forecast_results,63,64,0.108237318119295,0.108237318119295,0.294907429870506,0.276916731380062,0.0307685257088958,0.0364737173979311,0,0.0409950750124685,0.553571428571429,-0.233928571428571,0.348214285714286,0.532128684781319,1,closed_loop_monte_carlo,ok,ok,-111.353737940731
combined_stress,SEIR with observation and process noise,SEIR,ssa,1,1,1,A4,Amplifying Resurgence,ARX,I,/home/kaahin/degree_project/hybrid-epidemic-forecasting/results/partB/forecasts/partB_combined_stress_forecast_A4_ARX_I.mat,forecast_results,70,71,0.081206495751727,0.081206495751727,0.210547324398517,0.208743612495389,0.0231937347217099,0.0352205640875177,0,0.0227921969424995,0.678571428571429,-0.108928571428571,0.264285714285714,0.541550749305432,1,closed_loop_monte_carlo,ok,ok,-129.163402628998
combined_stress,SEIR with observation and process noise,SEIR,ssa,1,1,1,A4,Amplifying Resurgence,ARX,I,/home/kaahin/degree_project/hybrid-epidemic-forecasting/results/partB/forecasts/partB_combined_stress_forecast_A4_ARX_I.mat,forecast_results,77,78,0.0468505331924601,0.0468505331924601,0.0630726569402859,0.0543880032824619,0.0060431114758291,0.0400858132335641,0,0.000721608483066857,0.964285714285714,0.176785714285714,0.2125,0.590164983385034,1,closed_loop_monte_carlo,ok,ok,-144.1213862972
combined_stress,SEIR with observation and process noise,SEIR,ssa,1,1,1,A4,Amplifying Resurgence,ARX,I,/home/kaahin/degree_project/hybrid-epidemic-forecasting/results/partB/forecasts/partB_combined_stress_forecast_A4_ARX_I.mat,forecast_results,84,85,0.0474274163894976,0.0474274163894976,0.0836524974226192,0.0701200647226096,0.00779111830251217,0.0395095473679738,0.00012675071901159,0,0.982142857142857,0.194642857142857,0.2125,0.580995554751967,1,closed_loop_monte_carlo,ok,ok,-152.263564404199
combined_stress,SEIR with observation and process noise,SEIR,ssa,1,1,1,A4,Amplifying Resurgence,ARX,I,/home/kaahin/degree_project/hybrid-epidemic-forecasting/results/partB/forecasts/partB_combined_stress_forecast_A4_ARX_I.mat,forecast_results,91,92,0.0938501096673882,0.0938501096673882,0.249711171628306,0.245535075062597,0.0272816750069553,0.0403542699664137,0.0262141646940191,0,0.607142857142857,-0.180357142857143,0.298214285714286,0.596420207062527,1,closed_loop_monte_carlo,ok,ok,-164.077355848449
combined_stress,SEIR with observation and process noise,SEIR,ssa,1,1,1,A4,Amplifying Resurgence,ARX,I,/home/kaahin/degree_project/hybrid-epidemic-forecasting/results/partB/forecasts/partB_combined_stress_forecast_A4_ARX_I.mat,forecast_results,98,99,0.0362791760226682,0.0362791760226682,0.0548388698712636,0.0457335379499815,0.00508150421666461,0.0311976718060036,0,0,1,0.2125,0.2125,0.462891822938308,1,closed_loop_monte_carlo,ok,ok,-179.804068848091
combined_stress,SEIR with observation and process noise,SEIR,ssa,1,1,1,A4,Amplifying Resurgence,ARX,I,/home/kaahin/degree_project/hybrid-epidemic-forecasting/results/partB/forecasts/partB_combined_stress_forecast_A4_ARX_I.mat,forecast_results,105,106,0.0301400828241173,0.0301400828241173,0.0491902481737827,0.0385287387847511,0.00428097097608346,0.0258591118480338,0,0,1,0.2125,0.2125,0.388761441593935,1,closed_loop_monte_carlo,ok,ok,-193.75281364827
combined_stress,SEIR with observation and process noise,SEIR,ssa,1,1,1,A4,Amplifying Resurgence,ARX,I,/home/kaahin/degree_project/hybrid-epidemic-forecasting/results/partB/forecasts/partB_combined_stress_forecast_A4_ARX_I.mat,forecast_results,112,113,0.0569637145505506,0.0569637145505506,0.173497034789,0.143545227528405,0.0159494697253783,0.0266864699172195,0,0.0143277749079528,0.785714285714286,-0.00178571428571429,0.255357142857143,0.393571140334821,1,closed_loop_monte_carlo,ok,ok,-210.40680530336
combined_stress,SEIR with observation and process noise,SEIR,ssa,1,1,1,A4,Amplifying Resurgence,ARX,I,/home/kaahin/degree_project/hybrid-epidemic-forecasting/results/partB/forecasts/partB_combined_stress_forecast_A4_ARX_I.mat,forecast_results,119,120,0.139774769957507,0.139774769957507,0.319059229242508,0.294614222160613,0.0327349135734014,0.0267730861776801,0,0.0802667702064254,0.303571428571429,-0.483928571428571,0.544642857142857,0.390979725038142,1,closed_loop_monte_carlo,ok,ok,-228.002299532843
combined_stress,SEIR with observation and process noise,SEIR,ssa,1,1,1,A4,Amplifying Resurgence,ARX,I,/home/kaahin/degree_project/hybrid-epidemic-forecasting/results/partB/forecasts/partB_combined_stress_forecast_A4_ARX_I.mat,forecast_results,126,127,0.118693854633492,0.118693854633492,0.310746542219802,0.275667199355421,0.030629688817269,0.0332846211080331,0,0.0547795447081897,0.482142857142857,-0.305357142857143,0.416071428571429,0.481985229484895,1,closed_loop_monte_carlo,ok,ok,-242.033917733022
combined_stress,SEIR with observation and process noise,SEIR,ssa,1,1,1,A4,Amplifying Resurgence,ARX,I,/home/kaahin/degree_project/hybrid-epidemic-forecasting/results/partB/forecasts/partB_combined_stress_forecast_A4_ARX_I.mat,forecast_results,133,134,0.0579329934057643,0.0579329934057643,0.123979600074022,0.111313765627749,0.012368196180861,0.0450617627467724,0.00050303447813093,0,0.982142857142857,0.194642857142857,0.2125,0.669522946736391,1,closed_loop_monte_carlo,ok,ok,-250.075196963933
combined_stress,SEIR with observation and process noise,SEIR,ssa,1,1,1,A4,Amplifying Resurgence,ARX,I,/home/kaahin/degree_project/hybrid-epidemic-forecasting/results/partB/forecasts/partB_combined_stress_forecast_A4_ARX_I.mat,forecast_results,140,141,0.0640697617154664,0.0640697617154664,0.152054503047538,0.150581423562124,0.0167312692846804,0.0434854307986607,0,0.00385306163212534,0.857142857142857,0.0696428571428571,0.2125,0.652389973251329,1,closed_loop_monte_carlo,ok,ok,-262.489331533923
combined_stress,SEIR with observation and process noise,SEIR,ssa,1,1,1,A4,Amplifying Resurgence,ARX,I,/home/kaahin/degree_project/hybrid-epidemic-forecasting/results/partB/forecasts/partB_combined_stress_forecast_A4_ARX_I.mat,forecast_results,147,148,0.0601536883705871,0.0601536883705871,0.104539333906939,0.082057344278765,0.00911748269764055,0.0493490558183011,0.00168714985464536,0,0.964285714285714,0.176785714285714,0.2125,0.755216524165713,1,closed_loop_monte_carlo,ok,ok,-279.489842865395
combined_stress,SEIR with observation and process noise,SEIR,ssa,1,1,1,A4,Amplifying Resurgence,ARX,I,/home/kaahin/degree_project/hybrid-epidemic-forecasting/results/partB/forecasts/partB_combined_stress_forecast_A4_ARX_I.mat,forecast_results,154,155,0.140772528022035,0.140772528022035,0.399633014926961,0.358674476684957,0.0398527196316619,0.0590512076803093,0.041868600710064,0,0.678571428571429,-0.108928571428571,0.255357142857143,0.882869072450778,1,closed_loop_monte_carlo,ok,ok,-297.218817026556
combined_stress,SEIR with observation and process noise,SEIR,ssa,1,1,1,A4,Amplifying Resurgence,ARX,I,/home/kaahin/degree_project/hybrid-epidemic-forecasting/results/partB/forecasts/partB_combined_stress_forecast_A4_ARX_I.mat,forecast_results,161,162,0.0435724564810332,0.0435724564810332,0.0929132154075492,0.0723183639042986,0.00803537376714429,0.0350647036961411,0.000405390063115704,6.69889546321667e-05,0.964285714285714,0.176785714285714,0.2125,0.504580553481286,1,closed_loop_monte_carlo,ok,ok,-309.661872972042
combined_stress,SEIR with observation and process noise,SEIR,ssa,1,1,1,A4,Amplifying Resurgence,ARX,I,/home/kaahin/degree_project/hybrid-epidemic-forecasting/results/partB/forecasts/partB_combined_stress_forecast_A4_ARX_I.mat,forecast_results,168,169,0.0318144073313018,0.0318144073313018,0.0450144841560814,0.034755234850783,0.00386169276119812,0.0274952002994146,0,0.000457514270689103,0.982142857142857,0.194642857142857,0.2125,0.408682872866981,1,closed_loop_monte_carlo,ok,ok,-324.064781306386
combined_stress,SEIR with observation and process noise,SEIR,ssa,1,1,1,A4,Amplifying Resurgence,ARX,I,/home/kaahin/degree_project/hybrid-epidemic-forecasting/results/partB/forecasts/partB_combined_stress_forecast_A4_ARX_I.mat,forecast_results,175,176,0.0418199430376359,0.0418199430376359,0.0935014421579573,0.0886358467874534,0.00984842742082816,0.0302991156251286,0.00167239999167915,0,0.910714285714286,0.123214285714286,0.2125,0.431636294433609,1,closed_loop_monte_carlo,ok,ok,-333.050557601973
combined_stress,SEIR with observation and process noise,SEIR,ssa,1,1,1,A4,Amplifying Resurgence,ARX,I,/home/kaahin/degree_project/hybrid-epidemic-forecasting/results/partB/forecasts/partB_combined_stress_forecast_A4_ARX_I.mat,forecast_results,182,183,0.060852979251087,0.060852979251087,0.175002829343447,0.156991034836656,0.017443448315184,0.0229498579650574,0,0.0204596729708456,0.696428571428571,-0.0910714285714286,0.269642857142857,0.34284017348323,1,closed_loop_monte_carlo,ok,ok,-340.559331152301
combined_stress,SEIR with observation and process noise,SEIR,ssa,1,1,1,A4,Amplifying Resurgence,ARX,I,/home/kaahin/degree_project/hybrid-epidemic-forecasting/results/partB/forecasts/partB_combined_stress_forecast_A4_ARX_I.mat,forecast_results,189,190,0.134452639344676,0.134452639344676,0.30017131205976,0.264079486483707,0.0293421651648563,0.0253851577648007,0,0.0797253164150186,0.392857142857143,-0.394642857142857,0.473214285714286,0.369969685643015,1,closed_loop_monte_carlo,ok,ok,-358.984854505619
combined_stress,SEIR with observation and process noise,SEIR,ssa,1,1,1,A4,Amplifying Resurgence,ARX,I,/home/kaahin/degree_project/hybrid-epidemic-forecasting/results/partB/forecasts/partB_combined_stress_forecast_A4_ARX_I.mat,forecast_results,196,197,0.13388985617576,0.13388985617576,0.349238216506814,0.320762648722357,0.0356402943024841,0.0314881588034444,0,0.0667614030698312,0.410714285714286,-0.376785714285714,0.441071428571429,0.47485732495627,1,closed_loop_monte_carlo,ok,ok,-370.566351662055
combined_stress,SEIR with observation and process noise,SEIR,ssa,1,1,1,A4,Amplifying Resurgence,ARX,I,/home/kaahin/degree_project/hybrid-epidemic-forecasting/results/partB/forecasts/partB_combined_stress_forecast_A4_ARX_I.mat,forecast_results,203,204,0.108243778066633,0.108243778066633,0.317778832665429,0.293153634904579,0.0325726261005087,0.0396464908775349,0,0.0360246610885889,0.607142857142857,-0.180357142857143,0.301785714285714,0.586424280196847,1,closed_loop_monte_carlo,ok,ok,-382.591655560446
combined_stress,SEIR with observation and process noise,SEIR,ssa,1,1,1,A4,Amplifying Resurgence,ARX,I,/home/kaahin/degree_project/hybrid-epidemic-forecasting/results/partB/forecasts/partB_combined_stress_forecast_A4_ARX_I.mat,forecast_results,210,211,0.0726484635578297,0.0726484635578297,0.1436229363627,0.130813886770346,0.0145348763078162,0.0581135872500135,0,0,1,0.2125,0.2125,0.89503073040891,1,closed_loop_monte_carlo,ok,ok,-394.560250888015
combined_stress,SEIR with observation and process noise,SEIR,ssa,1,1,1,A4,Amplifying Resurgence,ARX,I,/home/kaahin/degree_project/hybrid-epidemic-forecasting/results/partB/forecasts/partB_combined_stress_forecast_A4_ARX_I.mat,forecast_results,217,218,0.103681272241046,0.103681272241046,0.282423392076874,0.2328505895995,0.0258722877332778,0.0593933083548238,0.0184156761529442,0,0.803571428571429,0.0160714285714286,0.258928571428571,0.893909759887901,1,closed_loop_monte_carlo,ok,ok,-400.194558298569
combined_stress,SEIR with observation and process noise,SEIR,ssa,1,1,1,A4,Amplifying Resurgence,ARX,I,/home/kaahin/degree_project/hybrid-epidemic-forecasting/results/partB/forecasts/partB_combined_stress_forecast_A4_ARX_I.mat,forecast_results,224,225,0.135179920204382,0.135179920204382,0.36378037629269,0.315416404546211,0.0350462671718012,0.0682662037889064,0.0318674492436748,0,0.714285714285714,-0.0732142857142857,0.266071428571429,1.02551660311561,1,closed_loop_monte_carlo,ok,ok,-409.957445713948
combined_stress,SEIR with observation and process noise,SEIR,ssa,1,1,1,A4,Amplifying Resurgence,ARX,I,/home/kaahin/degree_project/hybrid-epidemic-forecasting/results/partB/forecasts/partB_combined_stress_forecast_A4_ARX_I.mat,forecast_results,231,232,0.146785551108162,0.146785551108162,0.390406966469191,0.348242277835488,0.0386935864261653,0.0641565224919155,0.0439354421900811,0,0.571428571428571,-0.216071428571429,0.358928571428571,0.918747697863869,1,closed_loop_monte_carlo,ok,ok,-419.173463212232
combined_stress,SEIR with observation and process noise,SEIR,ssa,1,1,1,A4,Amplifying Resurgence,ARX,I,/home/kaahin/degree_project/hybrid-epidemic-forecasting/results/partB/forecasts/partB_combined_stress_forecast_A4_ARX_I.mat,forecast_results,238,239,0.0645571141847392,0.0645571141847392,0.17507660005366,0.155972075455566,0.017330230606174,0.0395913026368614,0.0076355809417037,0,0.857142857142857,0.0696428571428571,0.2125,0.57704265913614,1,closed_loop_monte_carlo,ok,ok,-435.118446055732
combined_stress,SEIR with observation and process noise,SEIR,ssa,1,1,1,A4,Amplifying Resurgence,ARX,I,/home/kaahin/degree_project/hybrid-epidemic-forecasting/results/partB/forecasts/partB_combined_stress_forecast_A4_ARX_I.mat,forecast_results,245,246,0.0965359120099843,0.0965359120099843,0.237319442674247,0.235927461194219,0.0262141623549132,0.0366329843849934,0.0336887652700778,0,0.464285714285714,-0.323214285714286,0.4,0.524203706415227,1,closed_loop_monte_carlo,ok,ok,-450.014109149851
combined_stress,SEIR with observation and process noise,SEIR,ssa,1,1,1,A4,Amplifying Resurgence,ARX,I,/home/kaahin/degree_project/hybrid-epidemic-forecasting/results/partB/forecasts/partB_combined_stress_forecast_A4_ARX_I.mat,forecast_results,252,253,0.036941535828423,0.036941535828423,0.0885278397859306,0.0643185532077922,0.00714650591197691,0.0286464729204621,0,0.00114855699598401,0.964285714285714,0.176785714285714,0.2125,0.408944474348061,1,closed_loop_monte_carlo,ok,ok,-457.970790507883
combined_stress,SEIR with observation and process noise,SEIR,ssa,1,1,1,A4,Amplifying Resurgence,ARX,I,/home/kaahin/degree_project/hybrid-epidemic-forecasting/results/partB/forecasts/partB_combined_stress_forecast_A4_ARX_I.mat,forecast_results,259,260,0.081034125035832,0.081034125035832,0.230923854228963,0.200155732758447,0.0222395258620496,0.0282467047569206,0,0.0305478944168617,0.678571428571429,-0.108928571428571,0.294642857142857,0.41564348774207,1,closed_loop_monte_carlo,ok,ok,-473.887275334714
combined_stress,SEIR with observation and process noise,SEIR,ssa,1,1,1,A4,Amplifying Resurgence,ARX,I,/home/kaahin/degree_project/hybrid-epidemic-forecasting/results/partB/forecasts/partB_combined_stress_forecast_A4_ARX_I.mat,forecast_results,266,267,0.108645700289969,0.108645700289969,0.313480482424081,0.274133192789263,0.0304592436432515,0.0320772234802401,0,0.0461092331664774,0.535714285714286,-0.251785714285714,0.385714285714286,0.461299325838467,1,closed_loop_monte_carlo,ok,ok,-481.895906382877
combined_stress,SEIR with observation and process noise,SEIR,ssa,1,1,1,A4,Amplifying Resurgence,ARX,I,/home/kaahin/degree_project/hybrid-epidemic-forecasting/results/partB/forecasts/partB_combined_stress_forecast_A4_ARX_I.mat,forecast_results,273,274,0.075517147637402,0.075517147637402,0.217350967938641,0.178322117415529,0.0198135686017255,0.046525234817562,0,0.00917834421811459,0.892857142857143,0.105357142857143,0.2125,0.670984638149853,1,closed_loop_monte_carlo,ok,ok,-491.74707581754
combined_stress,SEIR with observation and process noise,SEIR,ssa,1,1,1,A4,Amplifying Resurgence,ARX,I,/home/kaahin/degree_project/hybrid-epidemic-forecasting/results/partB/forecasts/partB_combined_stress_forecast_A4_ARX_I.mat,forecast_results,280,281,0.0910164395058499,0.0910164395058499,0.249969795140063,0.232823324213923,0.0258692582459915,0.0489200751845058,0,0.0162271060753526,0.785714285714286,-0.00178571428571429,0.2125,0.737799207647337,1,closed_loop_monte_carlo,ok,ok,-502.616093125881
combined_stress,SEIR with observation and process noise,SEIR,ssa,1,1,1,A4,Amplifying Resurgence,ARX,I,/home/kaahin/degree_project/hybrid-epidemic-forecasting/results/partB/forecasts/partB_combined_stress_forecast_A4_ARX_I.mat,forecast_results,287,288,0.0622845680583954,0.0622845680583954,0.0615268776565393,0.0539017657348244,0.00598908508164716,0.0562954829767482,0,0,1,0.2125,0.2125,0.835773412734724,1,closed_loop_monte_carlo,ok,ok,-517.228126178854
combined_stress,SEIR with observation and process noise,SEIR,ssa,1,1,1,A4,Amplifying Resurgence,ARX,I,/home/kaahin/degree_project/hybrid-epidemic-forecasting/results/partB/forecasts/partB_combined_stress_forecast_A4_ARX_I.mat,forecast_results,294,295,0.108751666982162,0.108751666982162,0.283939581527852,0.269351597803887,0.029927955311543,0.0626073406641981,0.0162163710064205,0,0.785714285714286,-0.00178571428571429,0.223214285714286,0.916441559982546,1,closed_loop_monte_carlo,ok,ok,-530.952668856256
combined_stress,SEIR with observation and process noise,SEIR,ssa,1,1,1,A4,Amplifying Resurgence,ARX,I,/home/kaahin/degree_project/hybrid-epidemic-forecasting/results/partB/forecasts/partB_combined_stress_forecast_A4_ARX_I.mat,forecast_results,301,302,0.0822106675372282,0.0822106675372282,0.214263017941455,0.1734599812555,0.0192733312506111,0.0535036138956258,0.0094337223909913,0,0.875,0.0875,0.2125,0.788750841638386,1,closed_loop_monte_carlo,ok,ok,-544.681199940326
combined_stress,SEIR with observation and process noise,SEIR,ssa,1,1,1,A4,Amplifying Resurgence,ARX,I,/home/kaahin/degree_project/hybrid-epidemic-forecasting/results/partB/forecasts/partB_combined_stress_forecast_A4_ARX_I.mat,forecast_results,308,309,0.141733941561832,0.141733941561832,0.34328797291683,0.320509439812465,0.0356121599791628,0.0446037759456729,0.0615180056369966,0,0.410714285714286,-0.376785714285714,0.448214285714286,0.648091806350144,1,closed_loop_monte_carlo,ok,ok,-560.765984079662
combined_stress,SEIR with observation and process noise,SEIR,ssa,1,1,1,A4,Amplifying Resurgence,ARX,I,/home/kaahin/degree_project/hybrid-epidemic-forecasting/results/partB/forecasts/partB_combined_stress_forecast_A4_ARX_I.mat,forecast_results,315,316,0.137175474830097,0.137175474830097,0.334580253546748,0.313218494270252,0.0348020549189168,0.0454980871204958,0.0568753327906841,0,0.428571428571429,-0.358928571428571,0.428571428571429,0.690234465966925,1,closed_loop_monte_carlo,ok,ok,-572.531088440161
combined_stress,SEIR with observation and process noise,SEIR,ssa,1,1,1,A4,Amplifying Resurgence,ARX,I,/home/kaahin/degree_project/hybrid-epidemic-forecasting/results/partB/forecasts/partB_combined_stress_forecast_A4_ARX_I.mat,forecast_results,322,323,0.0506891000859575,0.0506891000859575,0.146521967873034,0.121069059421732,0.0134521177135258,0.0300726731263491,0.0071643092460826,0,0.857142857142857,0.0696428571428571,0.2125,0.434747585140216,1,closed_loop_monte_carlo,ok,ok,-580.71339978028
combined_stress,SEIR with observation and process noise,SEIR,ssa,1,1,1,A4,Amplifying Resurgence,ARX,I,/home/kaahin/degree_project/hybrid-epidemic-forecasting/results/partB/forecasts/partB_combined_stress_forecast_A4_ARX_I.mat,forecast_results,329,330,0.0359667716347788,0.0359667716347788,0.0942497952964224,0.0794691138421194,0.00882990153801327,0.0245951358766846,0.00253529682113961,6.43739894129381e-06,0.857142857142857,0.0696428571428571,0.2125,0.362905809045149,1,closed_loop_monte_carlo,ok,ok,-594.087402258437
combined_stress,SEIR with observation and process noise,SEIR,ssa,1,1,1,A4,Amplifying Resurgence,ARX,I,/home/kaahin/degree_project/hybrid-epidemic-forecasting/results/partB/forecasts/partB_combined_stress_forecast_A4_ARX_I.mat,forecast_results,336,337,0.0318641102251113,0.0318641102251113,0.0752305097683237,0.063135256978923,0.00701502855321366,0.0245019493350343,0.000347132336863399,0,0.964285714285714,0.176785714285714,0.2125,0.353331606016297,1,closed_loop_monte_carlo,ok,ok,-608.073182730471
combined_stress,SEIR with observation and process noise,SEIR,ssa,1,1,1,A4,Amplifying Resurgence,ARX,I,/home/kaahin/degree_project/hybrid-epidemic-forecasting/results/partB/forecasts/partB_combined_stress_forecast_A4_ARX_I.mat,forecast_results,343,344,0.0317157196215367,0.0317157196215367,0.0754904953268996,0.0651261746930603,0.00723624163256226,0.022295255038744,0.00218422295023043,0,0.928571428571429,0.141071428571429,0.2125,0.320466815619856,1,closed_loop_monte_carlo,ok,ok,-617.006547124534
combined_stress,SEIR with observation and process noise,SEIR,ssa,1,1,1,A4,Amplifying Resurgence,ARX,I,/home/kaahin/degree_project/hybrid-epidemic-forecasting/results/partB/forecasts/partB_combined_stress_forecast_A4_ARX_I.mat,forecast_results,350,351,0.0386231909746199,0.0386231909746199,0.101410147886599,0.0916758941562732,0.0101862104618081,0.0244685776512345,0.00396840286157727,0,0.803571428571429,0.0160714285714286,0.223214285714286,0.370615683084546,1,closed_loop_monte_carlo,ok,ok,-629.720646566868
