CaseID,CaseName,TruthModel,Solver,StructuralMismatch,ObservationNoise,ProcessNoise,Scenario,ScenarioName,Model,ExoMode,ForecastArtifact,ResultSource,WindowDay,WindowDayIdx,WindowWIS,WindowRawScaleWIS,WindowRMSE,WindowMAE,MeanWISMedianComponent,MeanWISDispersionComponent,MeanWISUnderpredictionComponent,MeanWISOverpredictionComponent,MeanCoverage,MeanCalibrationBias,MeanAbsoluteCalibrationError,MeanIntervalWidth,IsValid,IntervalMethod,IntervalStatus,RecordedStatus,AICC
combined_stress,SEIR with observation and process noise,SEIR,ssa,1,1,1,A1,Seasonal Forcing,AR,None,/home/kaahin/degree_project/hybrid-epidemic-forecasting/results/partB/forecasts/partB_combined_stress_forecast_A1_AR_None.mat,forecast_results,49,50,0.0356512157509743,0.0356512157509743,0.0612868089777339,0.0562647091553179,0.00625163435059088,0.0293005540255141,9.90273748693245e-05,0,0.982142857142857,0.194642857142857,0.2125,0.418661803267354,1,closed_loop_monte_carlo,ok,ok,-90.7042881660056
combined_stress,SEIR with observation and process noise,SEIR,ssa,1,1,1,A1,Seasonal Forcing,AR,None,/home/kaahin/degree_project/hybrid-epidemic-forecasting/results/partB/forecasts/partB_combined_stress_forecast_A1_AR_None.mat,forecast_results,56,57,0.0316686373059265,0.0316686373059265,0.0283544990817027,0.0255402451655554,0.00283780501839505,0.0288308322875314,0,0,1,0.2125,0.2125,0.422784368648745,1,closed_loop_monte_carlo,ok,ok,-108.818499560418
combined_stress,SEIR with observation and process noise,SEIR,ssa,1,1,1,A1,Seasonal Forcing,AR,None,/home/kaahin/degree_project/hybrid-epidemic-forecasting/results/partB/forecasts/partB_combined_stress_forecast_A1_AR_None.mat,forecast_results,63,64,0.0291453768292268,0.0291453768292268,0.0469231215791313,0.0419674235178402,0.0046630470575378,0.0244524814284489,2.98483432401786e-05,0,0.982142857142857,0.194642857142857,0.2125,0.358274918367994,1,closed_loop_monte_carlo,ok,ok,-127.913824704669
combined_stress,SEIR with observation and process noise,SEIR,ssa,1,1,1,A1,Seasonal Forcing,AR,None,/home/kaahin/degree_project/hybrid-epidemic-forecasting/results/partB/forecasts/partB_combined_stress_forecast_A1_AR_None.mat,forecast_results,70,71,0.048531541441711,0.048531541441711,0.135676971966128,0.125583941466295,0.0139537712740328,0.0287467391609525,0.00583103100672563,0,0.839285714285714,0.0517857142857143,0.223214285714286,0.410917608737897,1,closed_loop_monte_carlo,ok,ok,-132.741957054638
combined_stress,SEIR with observation and process noise,SEIR,ssa,1,1,1,A1,Seasonal Forcing,AR,None,/home/kaahin/degree_project/hybrid-epidemic-forecasting/results/partB/forecasts/partB_combined_stress_forecast_A1_AR_None.mat,forecast_results,77,78,0.0434577627522352,0.0434577627522352,0.119208390554774,0.114020183432944,0.0126689092703271,0.0248052679137597,0.00598358556814836,0,0.839285714285714,0.0517857142857143,0.2125,0.361667722217048,1,closed_loop_monte_carlo,ok,ok,-151.895324715148
combined_stress,SEIR with observation and process noise,SEIR,ssa,1,1,1,A1,Seasonal Forcing,AR,None,/home/kaahin/degree_project/hybrid-epidemic-forecasting/results/partB/forecasts/partB_combined_stress_forecast_A1_AR_None.mat,forecast_results,84,85,0.033113376451086,0.033113376451086,0.0767740223603836,0.0674669753316701,0.00749633059240779,0.0247310960847097,0.00088594977396846,0,0.928571428571429,0.141071428571429,0.2125,0.358410690124499,1,closed_loop_monte_carlo,ok,ok,-167.042970662888
combined_stress,SEIR with observation and process noise,SEIR,ssa,1,1,1,A1,Seasonal Forcing,AR,None,/home/kaahin/degree_project/hybrid-epidemic-forecasting/results/partB/forecasts/partB_combined_stress_forecast_A1_AR_None.mat,forecast_results,91,92,0.0369222765624847,0.0369222765624847,0.0942850773266507,0.0857000111620173,0.00952222346244636,0.024189442534971,0.00321061056506741,0,0.839285714285714,0.0517857142857143,0.2125,0.352616676860076,1,closed_loop_monte_carlo,ok,ok,-182.281556516412
combined_stress,SEIR with observation and process noise,SEIR,ssa,1,1,1,A1,Seasonal Forcing,AR,None,/home/kaahin/degree_project/hybrid-epidemic-forecasting/results/partB/forecasts/partB_combined_stress_forecast_A1_AR_None.mat,forecast_results,98,99,0.0306180687441013,0.0306180687441013,0.0646458035801466,0.0526913477971386,0.00585459419968207,0.0242768942790658,0.00048658026535339,0,0.964285714285714,0.176785714285714,0.2125,0.352459298943216,1,closed_loop_monte_carlo,ok,ok,-194.537263804546
combined_stress,SEIR with observation and process noise,SEIR,ssa,1,1,1,A1,Seasonal Forcing,AR,None,/home/kaahin/degree_project/hybrid-epidemic-forecasting/results/partB/forecasts/partB_combined_stress_forecast_A1_AR_None.mat,forecast_results,105,106,0.0424013499335156,0.0424013499335156,0.114593944626616,0.109969960120863,0.0122188844578737,0.0234376894533984,0.00674477602224352,0,0.821428571428571,0.0339285714285714,0.2125,0.338447237368118,1,closed_loop_monte_carlo,ok,ok,-208.643969576007
combined_stress,SEIR with observation and process noise,SEIR,ssa,1,1,1,A1,Seasonal Forcing,AR,None,/home/kaahin/degree_project/hybrid-epidemic-forecasting/results/partB/forecasts/partB_combined_stress_forecast_A1_AR_None.mat,forecast_results,112,113,0.0325605611783874,0.0325605611783874,0.0852302592820058,0.0803247131986086,0.00892496813317873,0.0200611434639518,0.00357444958125691,0,0.839285714285714,0.0517857142857143,0.2125,0.290337758653304,1,closed_loop_monte_carlo,ok,ok,-225.875206383828
combined_stress,SEIR with observation and process noise,SEIR,ssa,1,1,1,A1,Seasonal Forcing,AR,None,/home/kaahin/degree_project/hybrid-epidemic-forecasting/results/partB/forecasts/partB_combined_stress_forecast_A1_AR_None.mat,forecast_results,119,120,0.0314209997381736,0.0314209997381736,0.0814681526621967,0.0748535332053332,0.00831705924503702,0.0212576976676466,0.00184624282548989,0,0.839285714285714,0.0517857142857143,0.2125,0.309463598947141,1,closed_loop_monte_carlo,ok,ok,-225.115691344802
combined_stress,SEIR with observation and process noise,SEIR,ssa,1,1,1,A1,Seasonal Forcing,AR,None,/home/kaahin/degree_project/hybrid-epidemic-forecasting/results/partB/forecasts/partB_combined_stress_forecast_A1_AR_None.mat,forecast_results,126,127,0.0225157840574101,0.0225157840574101,0.0294026147623865,0.0257911488646493,0.00286568320718325,0.0196501008502268,0,0,1,0.2125,0.2125,0.281193824400824,1,closed_loop_monte_carlo,ok,ok,-234.708002118646
combined_stress,SEIR with observation and process noise,SEIR,ssa,1,1,1,A1,Seasonal Forcing,AR,None,/home/kaahin/degree_project/hybrid-epidemic-forecasting/results/partB/forecasts/partB_combined_stress_forecast_A1_AR_None.mat,forecast_results,133,134,0.0188815807235266,0.0188815807235266,0.0192046003436145,0.0163769759691675,0.00181966399657416,0.0170619167269524,0,0,1,0.2125,0.2125,0.256618726789769,1,closed_loop_monte_carlo,ok,ok,-254.210343441106
combined_stress,SEIR with observation and process noise,SEIR,ssa,1,1,1,A1,Seasonal Forcing,AR,None,/home/kaahin/degree_project/hybrid-epidemic-forecasting/results/partB/forecasts/partB_combined_stress_forecast_A1_AR_None.mat,forecast_results,140,141,0.0212526065449441,0.0212526065449441,0.027335422166538,0.0236472511110345,0.0026274723456705,0.0186251341992736,0,0,1,0.2125,0.2125,0.275536497751559,1,closed_loop_monte_carlo,ok,ok,-269.304684485964
combined_stress,SEIR with observation and process noise,SEIR,ssa,1,1,1,A1,Seasonal Forcing,AR,None,/home/kaahin/degree_project/hybrid-epidemic-forecasting/results/partB/forecasts/partB_combined_stress_forecast_A1_AR_None.mat,forecast_results,147,148,0.026352935333218,0.026352935333218,0.070597810096207,0.0635971806661563,0.0070663534073507,0.0173740834246015,0,0.0019124985012658,0.875,0.0875,0.2125,0.254504193758722,1,closed_loop_monte_carlo,ok,ok,-280.906379155901
combined_stress,SEIR with observation and process noise,SEIR,ssa,1,1,1,A1,Seasonal Forcing,AR,None,/home/kaahin/degree_project/hybrid-epidemic-forecasting/results/partB/forecasts/partB_combined_stress_forecast_A1_AR_None.mat,forecast_results,154,155,0.0281068727402503,0.0281068727402503,0.0764588954018822,0.0684531670942393,0.00760590745491548,0.0179505554677002,0,0.00255040981763466,0.892857142857143,0.105357142857143,0.2125,0.263635381237603,1,closed_loop_monte_carlo,ok,ok,-294.33376600688
combined_stress,SEIR with observation and process noise,SEIR,ssa,1,1,1,A1,Seasonal Forcing,AR,None,/home/kaahin/degree_project/hybrid-epidemic-forecasting/results/partB/forecasts/partB_combined_stress_forecast_A1_AR_None.mat,forecast_results,161,162,0.0388460579310508,0.0388460579310508,0.102032593511509,0.0971446693806799,0.0107938521534089,0.0187857288237617,0,0.0092664769538803,0.767857142857143,-0.0196428571428571,0.233928571428571,0.278150733231182,1,closed_loop_monte_carlo,ok,ok,-313.602689188883
combined_stress,SEIR with observation and process noise,SEIR,ssa,1,1,1,A1,Seasonal Forcing,AR,None,/home/kaahin/degree_project/hybrid-epidemic-forecasting/results/partB/forecasts/partB_combined_stress_forecast_A1_AR_None.mat,forecast_results,168,169,0.0317764401221341,0.0317764401221341,0.0809174966273931,0.0693086250901268,0.00770095834334742,0.020164045877403,0,0.00391143590138363,0.839285714285714,0.0517857142857143,0.223214285714286,0.297749350313074,1,closed_loop_monte_carlo,ok,ok,-322.981422372438
combined_stress,SEIR with observation and process noise,SEIR,ssa,1,1,1,A1,Seasonal Forcing,AR,None,/home/kaahin/degree_project/hybrid-epidemic-forecasting/results/partB/forecasts/partB_combined_stress_forecast_A1_AR_None.mat,forecast_results,175,176,0.0620834282617504,0.0620834282617504,0.164253696182408,0.157153641427503,0.017461515714167,0.0198064289052279,0,0.0248154836423555,0.553571428571429,-0.233928571428571,0.351785714285714,0.288669908812032,1,closed_loop_monte_carlo,ok,ok,-335.642501906929
combined_stress,SEIR with observation and process noise,SEIR,ssa,1,1,1,A1,Seasonal Forcing,AR,None,/home/kaahin/degree_project/hybrid-epidemic-forecasting/results/partB/forecasts/partB_combined_stress_forecast_A1_AR_None.mat,forecast_results,182,183,0.0417631542528693,0.0417631542528693,0.110741463919023,0.102849704815863,0.0114277449795404,0.0212409514069802,0,0.00909445786634875,0.732142857142857,-0.0553571428571429,0.255357142857143,0.31276031720361,1,closed_loop_monte_carlo,ok,ok,-349.827894903964
combined_stress,SEIR with observation and process noise,SEIR,ssa,1,1,1,A1,Seasonal Forcing,AR,None,/home/kaahin/degree_project/hybrid-epidemic-forecasting/results/partB/forecasts/partB_combined_stress_forecast_A1_AR_None.mat,forecast_results,189,190,0.0372410028831545,0.0372410028831545,0.0894562291811262,0.076058025818565,0.00845089175761833,0.0262323103915982,0,0.00255780073393792,0.875,0.0875,0.2125,0.377689805922924,1,closed_loop_monte_carlo,ok,ok,-354.259901068856
combined_stress,SEIR with observation and process noise,SEIR,ssa,1,1,1,A1,Seasonal Forcing,AR,None,/home/kaahin/degree_project/hybrid-epidemic-forecasting/results/partB/forecasts/partB_combined_stress_forecast_A1_AR_None.mat,forecast_results,196,197,0.0352555629987272,0.0352555629987272,0.0729463936755269,0.0615485692348638,0.00683872991498487,0.0281150185725981,0,0.000301814511144208,0.964285714285714,0.176785714285714,0.2125,0.410553107806893,1,closed_loop_monte_carlo,ok,ok,-369.17243574384
combined_stress,SEIR with observation and process noise,SEIR,ssa,1,1,1,A1,Seasonal Forcing,AR,None,/home/kaahin/degree_project/hybrid-epidemic-forecasting/results/partB/forecasts/partB_combined_stress_forecast_A1_AR_None.mat,forecast_results,203,204,0.0524337998882777,0.0524337998882777,0.145171514006604,0.143107502900451,0.0159008336556057,0.0255432801906621,0,0.01098968604201,0.714285714285714,-0.0732142857142857,0.233928571428571,0.377017418068751,1,closed_loop_monte_carlo,ok,ok,-385.270150778609
combined_stress,SEIR with observation and process noise,SEIR,ssa,1,1,1,A1,Seasonal Forcing,AR,None,/home/kaahin/degree_project/hybrid-epidemic-forecasting/results/partB/forecasts/partB_combined_stress_forecast_A1_AR_None.mat,forecast_results,210,211,0.050515868347144,0.050515868347144,0.135002396916074,0.132079178328915,0.0146754642587683,0.0275134265127994,0,0.00832697757557624,0.75,-0.0375,0.2125,0.409503321221255,1,closed_loop_monte_carlo,ok,ok,-399.092841874325
combined_stress,SEIR with observation and process noise,SEIR,ssa,1,1,1,A1,Seasonal Forcing,AR,None,/home/kaahin/degree_project/hybrid-epidemic-forecasting/results/partB/forecasts/partB_combined_stress_forecast_A1_AR_None.mat,forecast_results,217,218,0.0371832067889519,0.0371832067889519,0.0638915406394206,0.0538187635940535,0.0059798626215615,0.0312033441673904,0,0,1,0.2125,0.2125,0.44756941142726,1,closed_loop_monte_carlo,ok,ok,-407.809338997589
combined_stress,SEIR with observation and process noise,SEIR,ssa,1,1,1,A1,Seasonal Forcing,AR,None,/home/kaahin/degree_project/hybrid-epidemic-forecasting/results/partB/forecasts/partB_combined_stress_forecast_A1_AR_None.mat,forecast_results,224,225,0.0342022275224657,0.0342022275224657,0.0253390891261533,0.0206993663769603,0.00229992959744004,0.0319022979250257,0,0,1,0.2125,0.2125,0.460268379391071,1,closed_loop_monte_carlo,ok,ok,-423.671108442084
combined_stress,SEIR with observation and process noise,SEIR,ssa,1,1,1,A1,Seasonal Forcing,AR,None,/home/kaahin/degree_project/hybrid-epidemic-forecasting/results/partB/forecasts/partB_combined_stress_forecast_A1_AR_None.mat,forecast_results,231,232,0.0331389528725464,0.0331389528725464,0.0483917711088163,0.0421486325921565,0.0046831813991285,0.0284557714734179,0,0,1,0.2125,0.2125,0.415895295886383,1,closed_loop_monte_carlo,ok,ok,-439.357059323789
combined_stress,SEIR with observation and process noise,SEIR,ssa,1,1,1,A1,Seasonal Forcing,AR,None,/home/kaahin/degree_project/hybrid-epidemic-forecasting/results/partB/forecasts/partB_combined_stress_forecast_A1_AR_None.mat,forecast_results,238,239,0.0406525044334489,0.0406525044334489,0.0837032903344939,0.0734852480013336,0.00816502755570373,0.0319401981094248,0.000547278768320408,0,0.964285714285714,0.176785714285714,0.2125,0.459110476055064,1,closed_loop_monte_carlo,ok,ok,-450.81272691898
combined_stress,SEIR with observation and process noise,SEIR,ssa,1,1,1,A1,Seasonal Forcing,AR,None,/home/kaahin/degree_project/hybrid-epidemic-forecasting/results/partB/forecasts/partB_combined_stress_forecast_A1_AR_None.mat,forecast_results,245,246,0.0323499814470144,0.0323499814470144,0.0396067208650507,0.0334105957690956,0.0037122884187884,0.028637693028226,0,0,1,0.2125,0.2125,0.413086241789532,1,closed_loop_monte_carlo,ok,ok,-469.658188364949
combined_stress,SEIR with observation and process noise,SEIR,ssa,1,1,1,A1,Seasonal Forcing,AR,None,/home/kaahin/degree_project/hybrid-epidemic-forecasting/results/partB/forecasts/partB_combined_stress_forecast_A1_AR_None.mat,forecast_results,252,253,0.065412515305396,0.065412515305396,0.174957321806705,0.170920448117462,0.0189911609019402,0.0319946221652205,0.0144267322382354,0,0.714285714285714,-0.0732142857142857,0.233928571428571,0.463043232816329,1,closed_loop_monte_carlo,ok,ok,-477.592749492549
combined_stress,SEIR with observation and process noise,SEIR,ssa,1,1,1,A1,Seasonal Forcing,AR,None,/home/kaahin/degree_project/hybrid-epidemic-forecasting/results/partB/forecasts/partB_combined_stress_forecast_A1_AR_None.mat,forecast_results,259,260,0.0354450701983041,0.0354450701983041,0.0716669221272144,0.0643071142160197,0.00714523491289108,0.0276611373982548,0.000638697887158265,0,0.946428571428571,0.158928571428571,0.2125,0.412695357966324,1,closed_loop_monte_carlo,ok,ok,-482.93696034222
combined_stress,SEIR with observation and process noise,SEIR,ssa,1,1,1,A1,Seasonal Forcing,AR,None,/home/kaahin/degree_project/hybrid-epidemic-forecasting/results/partB/forecasts/partB_combined_stress_forecast_A1_AR_None.mat,forecast_results,266,267,0.0364204137715066,0.0364204137715066,0.084705339704866,0.0757088093177568,0.0084120899241952,0.0264114153824648,0.00159690846484657,0,0.928571428571429,0.141071428571429,0.2125,0.385082449166287,1,closed_loop_monte_carlo,ok,ok,-493.495015220402
combined_stress,SEIR with observation and process noise,SEIR,ssa,1,1,1,A1,Seasonal Forcing,AR,None,/home/kaahin/degree_project/hybrid-epidemic-forecasting/results/partB/forecasts/partB_combined_stress_forecast_A1_AR_None.mat,forecast_results,273,274,0.0373847922389986,0.0373847922389986,0.093851223786293,0.0891594600925922,0.00990660667695469,0.0243437986914661,0.00313438687057778,0,0.857142857142857,0.0696428571428571,0.2125,0.349142480967476,1,closed_loop_monte_carlo,ok,ok,-511.988924114982
combined_stress,SEIR with observation and process noise,SEIR,ssa,1,1,1,A1,Seasonal Forcing,AR,None,/home/kaahin/degree_project/hybrid-epidemic-forecasting/results/partB/forecasts/partB_combined_stress_forecast_A1_AR_None.mat,forecast_results,280,281,0.0241292420751805,0.0241292420751805,0.0369729135960286,0.0284085925553456,0.00315651028392729,0.0209727317912532,0,0,1,0.2125,0.2125,0.308862103863647,1,closed_loop_monte_carlo,ok,ok,-524.453593669962
combined_stress,SEIR with observation and process noise,SEIR,ssa,1,1,1,A1,Seasonal Forcing,AR,None,/home/kaahin/degree_project/hybrid-epidemic-forecasting/results/partB/forecasts/partB_combined_stress_forecast_A1_AR_None.mat,forecast_results,287,288,0.0289939169688431,0.0289939169688431,0.067560187565173,0.0565994292417804,0.00628882547130894,0.0207538660549479,0.0019512254425862,0,0.892857142857143,0.105357142857143,0.2125,0.304683446220542,1,closed_loop_monte_carlo,ok,ok,-537.734852932177
combined_stress,SEIR with observation and process noise,SEIR,ssa,1,1,1,A1,Seasonal Forcing,AR,None,/home/kaahin/degree_project/hybrid-epidemic-forecasting/results/partB/forecasts/partB_combined_stress_forecast_A1_AR_None.mat,forecast_results,294,295,0.0438700373041235,0.0438700373041235,0.120815476965736,0.115961771332451,0.0128846412591613,0.0224051792171634,0.00858021682779893,0,0.75,-0.0375,0.223214285714286,0.32466451363501,1,closed_loop_monte_carlo,ok,ok,-554.04404134588
combined_stress,SEIR with observation and process noise,SEIR,ssa,1,1,1,A1,Seasonal Forcing,AR,None,/home/kaahin/degree_project/hybrid-epidemic-forecasting/results/partB/forecasts/partB_combined_stress_forecast_A1_AR_None.mat,forecast_results,301,302,0.0247778234981737,0.0247778234981737,0.0445199107287718,0.0384015410078523,0.00426683788976136,0.0205109856084124,0,0,1,0.2125,0.2125,0.291685361972637,1,closed_loop_monte_carlo,ok,ok,-563.605541990998
combined_stress,SEIR with observation and process noise,SEIR,ssa,1,1,1,A1,Seasonal Forcing,AR,None,/home/kaahin/degree_project/hybrid-epidemic-forecasting/results/partB/forecasts/partB_combined_stress_forecast_A1_AR_None.mat,forecast_results,308,309,0.0232026943553061,0.0232026943553061,0.0298525317393985,0.0274173409283108,0.00304637121425676,0.0201563231410493,0,0,1,0.2125,0.2125,0.291239058676755,1,closed_loop_monte_carlo,ok,ok,-581.002828910077
combined_stress,SEIR with observation and process noise,SEIR,ssa,1,1,1,A1,Seasonal Forcing,AR,None,/home/kaahin/degree_project/hybrid-epidemic-forecasting/results/partB/forecasts/partB_combined_stress_forecast_A1_AR_None.mat,forecast_results,315,316,0.0265065026635499,0.0265065026635499,0.0550202601052314,0.0536358134255882,0.00595953482506535,0.0202472851637197,0.000299682674764873,0,0.964285714285714,0.176785714285714,0.2125,0.289268692333858,1,closed_loop_monte_carlo,ok,ok,-594.03213938942
combined_stress,SEIR with observation and process noise,SEIR,ssa,1,1,1,A1,Seasonal Forcing,AR,None,/home/kaahin/degree_project/hybrid-epidemic-forecasting/results/partB/forecasts/partB_combined_stress_forecast_A1_AR_None.mat,forecast_results,322,323,0.0214779011649856,0.0214779011649856,0.0223749596702382,0.0191352298439,0.00212613664932222,0.0193517645156634,0,0,1,0.2125,0.2125,0.278641623859179,1,closed_loop_monte_carlo,ok,ok,-611.206593240546
combined_stress,SEIR with observation and process noise,SEIR,ssa,1,1,1,A1,Seasonal Forcing,AR,None,/home/kaahin/degree_project/hybrid-epidemic-forecasting/results/partB/forecasts/partB_combined_stress_forecast_A1_AR_None.mat,forecast_results,329,330,0.0401756280690203,0.0401756280690203,0.113576922615245,0.111396718575919,0.0123774131751021,0.017921354547296,0,0.00987686034662215,0.732142857142857,-0.0553571428571429,0.223214285714286,0.263318969245396,1,closed_loop_monte_carlo,ok,ok,-622.53568137261
combined_stress,SEIR with observation and process noise,SEIR,ssa,1,1,1,A1,Seasonal Forcing,AR,None,/home/kaahin/degree_project/hybrid-epidemic-forecasting/results/partB/forecasts/partB_combined_stress_forecast_A1_AR_None.mat,forecast_results,336,337,0.0271539433115841,0.0271539433115841,0.0630165839450472,0.0539567435612687,0.00599519372902985,0.0200595186575579,0,0.00109923092499639,0.946428571428571,0.158928571428571,0.2125,0.293890473148895,1,closed_loop_monte_carlo,ok,ok,-639.304161685424
combined_stress,SEIR with observation and process noise,SEIR,ssa,1,1,1,A1,Seasonal Forcing,AR,None,/home/kaahin/degree_project/hybrid-epidemic-forecasting/results/partB/forecasts/partB_combined_stress_forecast_A1_AR_None.mat,forecast_results,343,344,0.0246395003746642,0.0246395003746642,0.034714080818618,0.0285722218552061,0.00317469131724512,0.0211913254987118,0.000273483558707358,0,0.982142857142857,0.194642857142857,0.2125,0.307345993452469,1,closed_loop_monte_carlo,ok,ok,-652.774702352519
combined_stress,SEIR with observation and process noise,SEIR,ssa,1,1,1,A1,Seasonal Forcing,AR,None,/home/kaahin/degree_project/hybrid-epidemic-forecasting/results/partB/forecasts/partB_combined_stress_forecast_A1_AR_None.mat,forecast_results,350,351,0.0318818877764849,0.0318818877764849,0.0794581741425754,0.0719741756397836,0.00799713062664262,0.0210681132168061,0,0.00281664393303622,0.892857142857143,0.105357142857143,0.2125,0.309098093142758,1,closed_loop_monte_carlo,ok,ok,-672.024715546927
combined_stress,SEIR with observation and process noise,SEIR,ssa,1,1,1,A1,Seasonal Forcing,ARX,I,/home/kaahin/degree_project/hybrid-epidemic-forecasting/results/partB/forecasts/partB_combined_stress_forecast_A1_ARX_I.mat,forecast_results,49,50,0.17075723153138,0.17075723153138,0.364541080107886,0.295988532615289,0.0328876147350321,0.030482990245723,0.107386626550625,0,0.446428571428571,-0.341071428571429,0.475,0.45579095054351,1,closed_loop_monte_carlo,ok,ok,-52.8584585064318
combined_stress,SEIR with observation and process noise,SEIR,ssa,1,1,1,A1,Seasonal Forcing,ARX,I,/home/kaahin/degree_project/hybrid-epidemic-forecasting/results/partB/forecasts/partB_combined_stress_forecast_A1_ARX_I.mat,forecast_results,56,57,0.0292245538323333,0.0292245538323333,0.0575180488519034,0.0479408843394094,0.00532676492660105,0.0234928835199939,0,0.000404905385738332,0.910714285714286,0.123214285714286,0.2125,0.351507760819102,1,closed_loop_monte_carlo,ok,ok,-71.9810411283594
combined_stress,SEIR with observation and process noise,SEIR,ssa,1,1,1,A1,Seasonal Forcing,ARX,I,/home/kaahin/degree_project/hybrid-epidemic-forecasting/results/partB/forecasts/partB_combined_stress_forecast_A1_ARX_I.mat,forecast_results,63,64,0.0515811617119853,0.0515811617119853,0.122406034710472,0.108290763202881,0.0120323070225424,0.0209535839633653,0,0.0185952707260776,0.625,-0.1625,0.367857142857143,0.309404444989168,1,closed_loop_monte_carlo,ok,ok,-93.721285005355
combined_stress,SEIR with observation and process noise,SEIR,ssa,1,1,1,A1,Seasonal Forcing,ARX,I,/home/kaahin/degree_project/hybrid-epidemic-forecasting/results/partB/forecasts/partB_combined_stress_forecast_A1_ARX_I.mat,forecast_results,70,71,0.0305418878258488,0.0305418878258488,0.0696637835317231,0.0630791695475476,0.00700879661639418,0.0226267315280599,0,0.000906359681394657,0.910714285714286,0.123214285714286,0.2125,0.319992864954178,1,closed_loop_monte_carlo,ok,ok,-103.312236939999
combined_stress,SEIR with observation and process noise,SEIR,ssa,1,1,1,A1,Seasonal Forcing,ARX,I,/home/kaahin/degree_project/hybrid-epidemic-forecasting/results/partB/forecasts/partB_combined_stress_forecast_A1_ARX_I.mat,forecast_results,77,78,0.0284119140980908,0.0284119140980908,0.06771913825283,0.0582086269771996,0.00646762521968884,0.0200849377806414,0,0.0018593510977605,0.910714285714286,0.123214285714286,0.2125,0.295364557524956,1,closed_loop_monte_carlo,ok,ok,-123.851930627766
combined_stress,SEIR with observation and process noise,SEIR,ssa,1,1,1,A1,Seasonal Forcing,ARX,I,/home/kaahin/degree_project/hybrid-epidemic-forecasting/results/partB/forecasts/partB_combined_stress_forecast_A1_ARX_I.mat,forecast_results,84,85,0.0428722597165139,0.0428722597165139,0.110745104940615,0.101142102957724,0.0112380114397471,0.016661915380682,0,0.0149723328960848,0.642857142857143,-0.144642857142857,0.317857142857143,0.246653745010617,1,closed_loop_monte_carlo,ok,ok,-142.682053413121
combined_stress,SEIR with observation and process noise,SEIR,ssa,1,1,1,A1,Seasonal Forcing,ARX,I,/home/kaahin/degree_project/hybrid-epidemic-forecasting/results/partB/forecasts/partB_combined_stress_forecast_A1_ARX_I.mat,forecast_results,91,92,0.0299524318036478,0.0299524318036478,0.0762376023527363,0.064247173739462,0.00713857485994022,0.0175938803756991,0,0.00521997656800847,0.857142857142857,0.0696428571428571,0.223214285714286,0.263676738139292,1,closed_loop_monte_carlo,ok,ok,-158.195975073298
combined_stress,SEIR with observation and process noise,SEIR,ssa,1,1,1,A1,Seasonal Forcing,ARX,I,/home/kaahin/degree_project/hybrid-epidemic-forecasting/results/partB/forecasts/partB_combined_stress_forecast_A1_ARX_I.mat,forecast_results,98,99,0.0552347876355888,0.0552347876355888,0.134045806117699,0.127749756570592,0.0141944173967324,0.0157978337512636,0,0.0252425364875928,0.428571428571429,-0.358928571428571,0.439285714285714,0.229576087604216,1,closed_loop_monte_carlo,ok,ok,-174.77971403497
combined_stress,SEIR with observation and process noise,SEIR,ssa,1,1,1,A1,Seasonal Forcing,ARX,I,/home/kaahin/degree_project/hybrid-epidemic-forecasting/results/partB/forecasts/partB_combined_stress_forecast_A1_ARX_I.mat,forecast_results,105,106,0.0217472644250538,0.0217472644250538,0.0403303608603822,0.0331749206524003,0.00368610229471115,0.0174980621555018,0.000563099974840885,0,0.964285714285714,0.176785714285714,0.2125,0.257977632855912,1,closed_loop_monte_carlo,ok,ok,-185.367921001393
combined_stress,SEIR with observation and process noise,SEIR,ssa,1,1,1,A1,Seasonal Forcing,ARX,I,/home/kaahin/degree_project/hybrid-epidemic-forecasting/results/partB/forecasts/partB_combined_stress_forecast_A1_ARX_I.mat,forecast_results,112,113,0.0185720993787329,0.0185720993787329,0.0198199375022578,0.0166954980345366,0.00185505533717073,0.0167170440415622,0,0,1,0.2125,0.2125,0.242290617333318,1,closed_loop_monte_carlo,ok,ok,-203.765694766055
combined_stress,SEIR with observation and process noise,SEIR,ssa,1,1,1,A1,Seasonal Forcing,ARX,I,/home/kaahin/degree_project/hybrid-epidemic-forecasting/results/partB/forecasts/partB_combined_stress_forecast_A1_ARX_I.mat,forecast_results,119,120,0.0180856875262479,0.0180856875262479,0.0270100166715956,0.0213317799969669,0.00237019777744076,0.0157154897488071,0,0,1,0.2125,0.2125,0.229367043290448,1,closed_loop_monte_carlo,ok,ok,-205.713935612835
combined_stress,SEIR with observation and process noise,SEIR,ssa,1,1,1,A1,Seasonal Forcing,ARX,I,/home/kaahin/degree_project/hybrid-epidemic-forecasting/results/partB/forecasts/partB_combined_stress_forecast_A1_ARX_I.mat,forecast_results,126,127,0.0258130580550065,0.0258130580550065,0.067984999522812,0.0598400164137715,0.00664889071264128,0.0154009552658489,0,0.00376321207651633,0.821428571428571,0.0339285714285714,0.223214285714286,0.225003686740949,1,closed_loop_monte_carlo,ok,ok,-215.837358508738
combined_stress,SEIR with observation and process noise,SEIR,ssa,1,1,1,A1,Seasonal Forcing,ARX,I,/home/kaahin/degree_project/hybrid-epidemic-forecasting/results/partB/forecasts/partB_combined_stress_forecast_A1_ARX_I.mat,forecast_results,133,134,0.0282854484448563,0.0282854484448563,0.0751926615322169,0.0683348589243648,0.00759276210270721,0.014497983534034,0,0.0061947028081151,0.75,-0.0375,0.244642857142857,0.215638565602465,1,closed_loop_monte_carlo,ok,ok,-236.27700148575
combined_stress,SEIR with observation and process noise,SEIR,ssa,1,1,1,A1,Seasonal Forcing,ARX,I,/home/kaahin/degree_project/hybrid-epidemic-forecasting/results/partB/forecasts/partB_combined_stress_forecast_A1_ARX_I.mat,forecast_results,140,141,0.0253120858975556,0.0253120858975556,0.0684591779356958,0.0562388661650716,0.00624876290723018,0.0154857621133141,0,0.00357756087701129,0.892857142857143,0.105357142857143,0.223214285714286,0.228077657541129,1,closed_loop_monte_carlo,ok,ok,-250.360759803295
combined_stress,SEIR with observation and process noise,SEIR,ssa,1,1,1,A1,Seasonal Forcing,ARX,I,/home/kaahin/degree_project/hybrid-epidemic-forecasting/results/partB/forecasts/partB_combined_stress_forecast_A1_ARX_I.mat,forecast_results,147,148,0.0374989775503537,0.0374989775503537,0.0983952064201414,0.0852824414470236,0.00947582682744707,0.0156016146780269,0,0.0124215360448798,0.642857142857143,-0.144642857142857,0.339285714285714,0.225685168033297,1,closed_loop_monte_carlo,ok,ok,-262.266472125367
combined_stress,SEIR with observation and process noise,SEIR,ssa,1,1,1,A1,Seasonal Forcing,ARX,I,/home/kaahin/degree_project/hybrid-epidemic-forecasting/results/partB/forecasts/partB_combined_stress_forecast_A1_ARX_I.mat,forecast_results,154,155,0.046285358524518,0.046285358524518,0.121313685835704,0.11311829798885,0.0125686997765389,0.0163258398612815,0,0.0173908188866976,0.553571428571429,-0.233928571428571,0.35,0.240233732304248,1,closed_loop_monte_carlo,ok,ok,-275.709391683648
combined_stress,SEIR with observation and process noise,SEIR,ssa,1,1,1,A1,Seasonal Forcing,ARX,I,/home/kaahin/degree_project/hybrid-epidemic-forecasting/results/partB/forecasts/partB_combined_stress_forecast_A1_ARX_I.mat,forecast_results,161,162,0.0611004996470218,0.0611004996470218,0.14818177124502,0.139004790634474,0.0154449767371638,0.0164762528911934,0,0.0291792700186645,0.410714285714286,-0.376785714285714,0.457142857142857,0.244124869940388,1,closed_loop_monte_carlo,ok,ok,-294.920703030132
combined_stress,SEIR with observation and process noise,SEIR,ssa,1,1,1,A1,Seasonal Forcing,ARX,I,/home/kaahin/degree_project/hybrid-epidemic-forecasting/results/partB/forecasts/partB_combined_stress_forecast_A1_ARX_I.mat,forecast_results,168,169,0.0457024189592963,0.0457024189592963,0.11865045576337,0.104097012262912,0.0115663346958791,0.0180519548379113,0,0.0160841294255059,0.696428571428571,-0.0910714285714286,0.310714285714286,0.262671735569429,1,closed_loop_monte_carlo,ok,ok,-303.431439838282
combined_stress,SEIR with observation and process noise,SEIR,ssa,1,1,1,A1,Seasonal Forcing,ARX,I,/home/kaahin/degree_project/hybrid-epidemic-forecasting/results/partB/forecasts/partB_combined_stress_forecast_A1_ARX_I.mat,forecast_results,175,176,0.0905547692266998,0.0905547692266998,0.188637751739598,0.181156283004089,0.0201284758893432,0.018407146928662,0,0.0520191464086946,0.267857142857143,-0.519642857142857,0.566071428571429,0.271799439259902,1,closed_loop_monte_carlo,ok,ok,-317.099360584728
combined_stress,SEIR with observation and process noise,SEIR,ssa,1,1,1,A1,Seasonal Forcing,ARX,I,/home/kaahin/degree_project/hybrid-epidemic-forecasting/results/partB/forecasts/partB_combined_stress_forecast_A1_ARX_I.mat,forecast_results,182,183,0.0470588161165479,0.0470588161165479,0.126221414653498,0.11334182393723,0.0125935359930255,0.0217128310887667,0,0.0127524490347556,0.75,-0.0375,0.264285714285714,0.320229421167504,1,closed_loop_monte_carlo,ok,ok,-330.335829895483
combined_stress,SEIR with observation and process noise,SEIR,ssa,1,1,1,A1,Seasonal Forcing,ARX,I,/home/kaahin/degree_project/hybrid-epidemic-forecasting/results/partB/forecasts/partB_combined_stress_forecast_A1_ARX_I.mat,forecast_results,189,190,0.0304967074714979,0.0304967074714979,0.0555831123873626,0.0488076633707782,0.00542307370786425,0.0250736337636337,0,0,1,0.2125,0.2125,0.370143566260981,1,closed_loop_monte_carlo,ok,ok,-334.539258998456
combined_stress,SEIR with observation and process noise,SEIR,ssa,1,1,1,A1,Seasonal Forcing,ARX,I,/home/kaahin/degree_project/hybrid-epidemic-forecasting/results/partB/forecasts/partB_combined_stress_forecast_A1_ARX_I.mat,forecast_results,196,197,0.0391817797209815,0.0391817797209815,0.101867491141227,0.0819627722770249,0.00910697469744721,0.0244977979447536,0,0.00557700707878073,0.857142857142857,0.0696428571428571,0.2125,0.36004183647165,1,closed_loop_monte_carlo,ok,ok,-350.516300565541
combined_stress,SEIR with observation and process noise,SEIR,ssa,1,1,1,A1,Seasonal Forcing,ARX,I,/home/kaahin/degree_project/hybrid-epidemic-forecasting/results/partB/forecasts/partB_combined_stress_forecast_A1_ARX_I.mat,forecast_results,203,204,0.0712697644759635,0.0712697644759635,0.187319677122672,0.179409519192508,0.0199343910213898,0.0248579133175956,0,0.0264774601369781,0.517857142857143,-0.269642857142857,0.367857142857143,0.363621452375074,1,closed_loop_monte_carlo,ok,ok,-366.227888131798
combined_stress,SEIR with observation and process noise,SEIR,ssa,1,1,1,A1,Seasonal Forcing,ARX,I,/home/kaahin/degree_project/hybrid-epidemic-forecasting/results/partB/forecasts/partB_combined_stress_forecast_A1_ARX_I.mat,forecast_results,210,211,0.0383397533324767,0.0383397533324767,0.0971391011937344,0.0950867527918269,0.0105651947546474,0.0248641803508528,0,0.00291037822697654,0.857142857142857,0.0696428571428571,0.2125,0.36462901756462,1,closed_loop_monte_carlo,ok,ok,-380.516445610195
combined_stress,SEIR with observation and process noise,SEIR,ssa,1,1,1,A1,Seasonal Forcing,ARX,I,/home/kaahin/degree_project/hybrid-epidemic-forecasting/results/partB/forecasts/partB_combined_stress_forecast_A1_ARX_I.mat,forecast_results,217,218,0.0352363100996325,0.0352363100996325,0.0399088669415972,0.0353004317479678,0.00392227019421864,0.0313140399054139,0,0,1,0.2125,0.2125,0.455287452378643,1,closed_loop_monte_carlo,ok,ok,-388.876202925436
combined_stress,SEIR with observation and process noise,SEIR,ssa,1,1,1,A1,Seasonal Forcing,ARX,I,/home/kaahin/degree_project/hybrid-epidemic-forecasting/results/partB/forecasts/partB_combined_stress_forecast_A1_ARX_I.mat,forecast_results,224,225,0.0349140684517895,0.0349140684517895,0.0415953623713974,0.0383250440643081,0.00425833822936757,0.0306557302224219,0,0,1,0.2125,0.2125,0.445758023670392,1,closed_loop_monte_carlo,ok,ok,-405.970295513005
combined_stress,SEIR with observation and process noise,SEIR,ssa,1,1,1,A1,Seasonal Forcing,ARX,I,/home/kaahin/degree_project/hybrid-epidemic-forecasting/results/partB/forecasts/partB_combined_stress_forecast_A1_ARX_I.mat,forecast_results,231,232,0.0323331974616606,0.0323331974616606,0.047082412581524,0.044506044264578,0.00494511602939755,0.0273880814322631,0,0,1,0.2125,0.2125,0.404209157048876,1,closed_loop_monte_carlo,ok,ok,-422.491849199962
combined_stress,SEIR with observation and process noise,SEIR,ssa,1,1,1,A1,Seasonal Forcing,ARX,I,/home/kaahin/degree_project/hybrid-epidemic-forecasting/results/partB/forecasts/partB_combined_stress_forecast_A1_ARX_I.mat,forecast_results,238,239,0.0357243347271733,0.0357243347271733,0.0653515524365785,0.0631229043095724,0.00701365603439693,0.0285874181704764,0.000123260522299987,0,0.982142857142857,0.194642857142857,0.2125,0.409417938565202,1,closed_loop_monte_carlo,ok,ok,-434.22112672614
combined_stress,SEIR with observation and process noise,SEIR,ssa,1,1,1,A1,Seasonal Forcing,ARX,I,/home/kaahin/degree_project/hybrid-epidemic-forecasting/results/partB/forecasts/partB_combined_stress_forecast_A1_ARX_I.mat,forecast_results,245,246,0.0330375665859139,0.0330375665859139,0.0576288144086046,0.0504501010242752,0.00560556678047503,0.0272903939246176,0.000141605880821355,0,0.964285714285714,0.176785714285714,0.2125,0.392581126193219,1,closed_loop_monte_carlo,ok,ok,-452.660623877639
combined_stress,SEIR with observation and process noise,SEIR,ssa,1,1,1,A1,Seasonal Forcing,ARX,I,/home/kaahin/degree_project/hybrid-epidemic-forecasting/results/partB/forecasts/partB_combined_stress_forecast_A1_ARX_I.mat,forecast_results,252,253,0.0703937630540245,0.0703937630540245,0.185553176656995,0.183477940011172,0.0203864377790191,0.0276912184885967,0.0223161067864087,0,0.571428571428571,-0.216071428571429,0.323214285714286,0.401947375842727,1,closed_loop_monte_carlo,ok,ok,-461.336349845929
combined_stress,SEIR with observation and process noise,SEIR,ssa,1,1,1,A1,Seasonal Forcing,ARX,I,/home/kaahin/degree_project/hybrid-epidemic-forecasting/results/partB/forecasts/partB_combined_stress_forecast_A1_ARX_I.mat,forecast_results,259,260,0.039205837901608,0.039205837901608,0.0926262594526795,0.0835829018081016,0.00928698908978906,0.026791828020442,0.00312702079137701,0,0.857142857142857,0.0696428571428571,0.223214285714286,0.397432020266353,1,closed_loop_monte_carlo,ok,ok,-465.529908100178
combined_stress,SEIR with observation and process noise,SEIR,ssa,1,1,1,A1,Seasonal Forcing,ARX,I,/home/kaahin/degree_project/hybrid-epidemic-forecasting/results/partB/forecasts/partB_combined_stress_forecast_A1_ARX_I.mat,forecast_results,266,267,0.0301560203875785,0.0301560203875785,0.0534810031238514,0.0476066684702174,0.00528962983002415,0.0248663905575543,0,0,1,0.2125,0.2125,0.363590092976924,1,closed_loop_monte_carlo,ok,ok,-474.829679464797
combined_stress,SEIR with observation and process noise,SEIR,ssa,1,1,1,A1,Seasonal Forcing,ARX,I,/home/kaahin/degree_project/hybrid-epidemic-forecasting/results/partB/forecasts/partB_combined_stress_forecast_A1_ARX_I.mat,forecast_results,273,274,0.0459883930764313,0.0459883930764313,0.124673507609471,0.118688489238156,0.0131876099153506,0.0245095278568491,0.00829125530423161,0,0.767857142857143,-0.0196428571428571,0.233928571428571,0.356525865534761,1,closed_loop_monte_carlo,ok,ok,-493.301373965725
combined_stress,SEIR with observation and process noise,SEIR,ssa,1,1,1,A1,Seasonal Forcing,ARX,I,/home/kaahin/degree_project/hybrid-epidemic-forecasting/results/partB/forecasts/partB_combined_stress_forecast_A1_ARX_I.mat,forecast_results,280,281,0.0246250436633011,0.0246250436633011,0.0264018587199105,0.0226983272958751,0.00252203636620835,0.0221030072970927,0,0,1,0.2125,0.2125,0.324702163211581,1,closed_loop_monte_carlo,ok,ok,-505.025336021841
combined_stress,SEIR with observation and process noise,SEIR,ssa,1,1,1,A1,Seasonal Forcing,ARX,I,/home/kaahin/degree_project/hybrid-epidemic-forecasting/results/partB/forecasts/partB_combined_stress_forecast_A1_ARX_I.mat,forecast_results,287,288,0.0246807615722693,0.0246807615722693,0.0361067209117568,0.030517350862811,0.00339081676253455,0.0212899448097348,0,0,1,0.2125,0.2125,0.313834385364137,1,closed_loop_monte_carlo,ok,ok,-518.893023982384
combined_stress,SEIR with observation and process noise,SEIR,ssa,1,1,1,A1,Seasonal Forcing,ARX,I,/home/kaahin/degree_project/hybrid-epidemic-forecasting/results/partB/forecasts/partB_combined_stress_forecast_A1_ARX_I.mat,forecast_results,294,295,0.0350572076423011,0.0350572076423011,0.0904983687758932,0.0876252865780617,0.00973614295311796,0.021423670071315,0.00389739461786817,0,0.803571428571429,0.0160714285714286,0.2125,0.311802520245004,1,closed_loop_monte_carlo,ok,ok,-535.387169412857
combined_stress,SEIR with observation and process noise,SEIR,ssa,1,1,1,A1,Seasonal Forcing,ARX,I,/home/kaahin/degree_project/hybrid-epidemic-forecasting/results/partB/forecasts/partB_combined_stress_forecast_A1_ARX_I.mat,forecast_results,301,302,0.0218268364891874,0.0218268364891874,0.0352667565910432,0.0326821538696303,0.00363135042995892,0.0181954860592285,0,0,1,0.2125,0.2125,0.263099183688281,1,closed_loop_monte_carlo,ok,ok,-544.918297143381
combined_stress,SEIR with observation and process noise,SEIR,ssa,1,1,1,A1,Seasonal Forcing,ARX,I,/home/kaahin/degree_project/hybrid-epidemic-forecasting/results/partB/forecasts/partB_combined_stress_forecast_A1_ARX_I.mat,forecast_results,308,309,0.0195979340237035,0.0195979340237035,0.0130439062879372,0.0109488645074082,0.00121654050082313,0.0183813935228804,0,0,1,0.2125,0.2125,0.26916165901557,1,closed_loop_monte_carlo,ok,ok,-561.762436538813
combined_stress,SEIR with observation and process noise,SEIR,ssa,1,1,1,A1,Seasonal Forcing,ARX,I,/home/kaahin/degree_project/hybrid-epidemic-forecasting/results/partB/forecasts/partB_combined_stress_forecast_A1_ARX_I.mat,forecast_results,315,316,0.0252402218786527,0.0252402218786527,0.0473881007987026,0.0459725465104333,0.00510806072338148,0.0200815879036399,5.05732516313454e-05,0,0.982142857142857,0.194642857142857,0.2125,0.292724319478955,1,closed_loop_monte_carlo,ok,ok,-574.597303026542
combined_stress,SEIR with observation and process noise,SEIR,ssa,1,1,1,A1,Seasonal Forcing,ARX,I,/home/kaahin/degree_project/hybrid-epidemic-forecasting/results/partB/forecasts/partB_combined_stress_forecast_A1_ARX_I.mat,forecast_results,322,323,0.0233896623417119,0.0233896623417119,0.056510467067634,0.049450770774857,0.00549453008609522,0.0173398914878463,0,0.000555240767770354,0.946428571428571,0.158928571428571,0.2125,0.250976574513917,1,closed_loop_monte_carlo,ok,ok,-592.073353244204
combined_stress,SEIR with observation and process noise,SEIR,ssa,1,1,1,A1,Seasonal Forcing,ARX,I,/home/kaahin/degree_project/hybrid-epidemic-forecasting/results/partB/forecasts/partB_combined_stress_forecast_A1_ARX_I.mat,forecast_results,329,330,0.0427750836383844,0.0427750836383844,0.12059141574215,0.113831578673243,0.0126479531859159,0.0168252857163319,0,0.0133018447361366,0.678571428571429,-0.108928571428571,0.280357142857143,0.250286067376024,1,closed_loop_monte_carlo,ok,ok,-603.311158666296
combined_stress,SEIR with observation and process noise,SEIR,ssa,1,1,1,A1,Seasonal Forcing,ARX,I,/home/kaahin/degree_project/hybrid-epidemic-forecasting/results/partB/forecasts/partB_combined_stress_forecast_A1_ARX_I.mat,forecast_results,336,337,0.0279334508620744,0.0279334508620744,0.0696550612221575,0.0618704298612899,0.00687449220680999,0.0189591492793786,0,0.00209980937588581,0.892857142857143,0.105357142857143,0.2125,0.274131642481203,1,closed_loop_monte_carlo,ok,ok,-620.293727828558
combined_stress,SEIR with observation and process noise,SEIR,ssa,1,1,1,A1,Seasonal Forcing,ARX,I,/home/kaahin/degree_project/hybrid-epidemic-forecasting/results/partB/forecasts/partB_combined_stress_forecast_A1_ARX_I.mat,forecast_results,343,344,0.0244684173354533,0.0244684173354533,0.0369211902087975,0.0329122597752959,0.00365691775281066,0.0208098661429668,1.63343967588917e-06,0,0.982142857142857,0.194642857142857,0.2125,0.304358043125033,1,closed_loop_monte_carlo,ok,ok,-633.111739810091
combined_stress,SEIR with observation and process noise,SEIR,ssa,1,1,1,A1,Seasonal Forcing,ARX,I,/home/kaahin/degree_project/hybrid-epidemic-forecasting/results/partB/forecasts/partB_combined_stress_forecast_A1_ARX_I.mat,forecast_results,350,351,0.0432754444357043,0.0432754444357043,0.117842655921261,0.10244475878544,0.01138275097616,0.0208740286750851,0,0.0110186647844593,0.767857142857143,-0.0196428571428571,0.258928571428571,0.308441571789482,1,closed_loop_monte_carlo,ok,ok,-652.526337926362
combined_stress,SEIR with observation and process noise,SEIR,ssa,1,1,1,A2,Policy Intervention,AR,None,/home/kaahin/degree_project/hybrid-epidemic-forecasting/results/partB/forecasts/partB_combined_stress_forecast_A2_AR_None.mat,forecast_results,49,50,0.0282322507735858,0.0282322507735858,0.0315263938543089,0.0276607353796682,0.00307341504218535,0.0251588357314005,0,0,1,0.2125,0.2125,0.359030727778796,1,closed_loop_monte_carlo,ok,ok,-112.156648061137
combined_stress,SEIR with observation and process noise,SEIR,ssa,1,1,1,A2,Policy Intervention,AR,None,/home/kaahin/degree_project/hybrid-epidemic-forecasting/results/partB/forecasts/partB_combined_stress_forecast_A2_AR_None.mat,forecast_results,56,57,0.0307143086667524,0.0307143086667524,0.0507492634415821,0.0368318864539915,0.00409243182822128,0.0257841983589534,0.000837678479577784,0,0.982142857142857,0.194642857142857,0.2125,0.365304786029789,1,closed_loop_monte_carlo,ok,ok,-132.643115718956
combined_stress,SEIR with observation and process noise,SEIR,ssa,1,1,1,A2,Policy Intervention,AR,None,/home/kaahin/degree_project/hybrid-epidemic-forecasting/results/partB/forecasts/partB_combined_stress_forecast_A2_AR_None.mat,forecast_results,63,64,0.0322505902938287,0.0322505902938287,0.0588077488083178,0.0523042488969467,0.00581158321077185,0.0264390070830569,0,0,1,0.2125,0.2125,0.36940298785409,1,closed_loop_monte_carlo,ok,ok,-150.889636493198
combined_stress,SEIR with observation and process noise,SEIR,ssa,1,1,1,A2,Policy Intervention,AR,None,/home/kaahin/degree_project/hybrid-epidemic-forecasting/results/partB/forecasts/partB_combined_stress_forecast_A2_AR_None.mat,forecast_results,70,71,0.0308535918149718,0.0308535918149718,0.0485350672755481,0.0409132599239247,0.00454591776932496,0.0259887171397218,0,0.000318956905925001,0.982142857142857,0.194642857142857,0.2125,0.367552693285243,1,closed_loop_monte_carlo,ok,ok,-164.715783191032
combined_stress,SEIR with observation and process noise,SEIR,ssa,1,1,1,A2,Policy Intervention,AR,None,/home/kaahin/degree_project/hybrid-epidemic-forecasting/results/partB/forecasts/partB_combined_stress_forecast_A2_AR_None.mat,forecast_results,77,78,0.0329623239037642,0.0329623239037642,0.0628230760016072,0.0505682913513527,0.00561869903903918,0.0259548928606312,0,0.00138873200409386,0.946428571428571,0.158928571428571,0.2125,0.369252329367667,1,closed_loop_monte_carlo,ok,ok,-181.839892006764
combined_stress,SEIR with observation and process noise,SEIR,ssa,1,1,1,A2,Policy Intervention,AR,None,/home/kaahin/degree_project/hybrid-epidemic-forecasting/results/partB/forecasts/partB_combined_stress_forecast_A2_AR_None.mat,forecast_results,84,85,0.0317442816297846,0.0317442816297846,0.0533397560741763,0.0410258978249364,0.0045584330916596,0.0268214520865329,0.000364396451592165,0,0.982142857142857,0.194642857142857,0.2125,0.384561632771175,1,closed_loop_monte_carlo,ok,ok,-199.420142763352
combined_stress,SEIR with observation and process noise,SEIR,ssa,1,1,1,A2,Policy Intervention,AR,None,/home/kaahin/degree_project/hybrid-epidemic-forecasting/results/partB/forecasts/partB_combined_stress_forecast_A2_AR_None.mat,forecast_results,91,92,0.0314506611693303,0.0314506611693303,0.0452398327363437,0.0332817915310523,0.00369797683678359,0.0272501906358319,0.00050249369671488,0,0.982142857142857,0.194642857142857,0.2125,0.381455119798755,1,closed_loop_monte_carlo,ok,ok,-216.563718668922
combined_stress,SEIR with observation and process noise,SEIR,ssa,1,1,1,A2,Policy Intervention,AR,None,/home/kaahin/degree_project/hybrid-epidemic-forecasting/results/partB/forecasts/partB_combined_stress_forecast_A2_AR_None.mat,forecast_results,98,99,0.0312177579148015,0.0312177579148015,0.0527981286393294,0.0412497971568715,0.00458331079520794,0.0265869749284405,0,4.74721911530703e-05,0.982142857142857,0.194642857142857,0.2125,0.37685342872035,1,closed_loop_monte_carlo,ok,ok,-229.049866467923
combined_stress,SEIR with observation and process noise,SEIR,ssa,1,1,1,A2,Policy Intervention,AR,None,/home/kaahin/degree_project/hybrid-epidemic-forecasting/results/partB/forecasts/partB_combined_stress_forecast_A2_AR_None.mat,forecast_results,105,106,0.0422428737282332,0.0422428737282332,0.104458264433775,0.0771783491245581,0.00857537212495091,0.0278229692455197,0.00584453235776251,0,0.910714285714286,0.123214285714286,0.253571428571429,0.392301303169513,1,closed_loop_monte_carlo,ok,ok,-247.881079410049
combined_stress,SEIR with observation and process noise,SEIR,ssa,1,1,1,A2,Policy Intervention,AR,None,/home/kaahin/degree_project/hybrid-epidemic-forecasting/results/partB/forecasts/partB_combined_stress_forecast_A2_AR_None.mat,forecast_results,112,113,0.3109227040475,0.3109227040475,0.550634195888339,0.421445337144366,0.0468272596827074,0.0280458627556704,0.236049581609122,0,0.392857142857143,-0.394642857142857,0.535714285714286,0.397146132487523,1,closed_loop_monte_carlo,ok,ok,-269.55001394419
combined_stress,SEIR with observation and process noise,SEIR,ssa,1,1,1,A2,Policy Intervention,AR,None,/home/kaahin/degree_project/hybrid-epidemic-forecasting/results/partB/forecasts/partB_combined_stress_forecast_A2_AR_None.mat,forecast_results,119,120,0.674655786388174,0.674655786388174,0.846337863016918,0.812555761685861,0.0902839735206512,0.025443840691565,0.558927972175958,0,0,-0.7875,0.7875,0.366370689286189,1,closed_loop_monte_carlo,ok,ok,-285.907423057962
combined_stress,SEIR with observation and process noise,SEIR,ssa,1,1,1,A2,Policy Intervention,AR,None,/home/kaahin/degree_project/hybrid-epidemic-forecasting/results/partB/forecasts/partB_combined_stress_forecast_A2_AR_None.mat,forecast_results,126,127,0.0291029131143204,0.0291029131143204,0.0799584530804485,0.0703199443917674,0.00781332715464083,0.0208380031899413,0,0.000451582769738299,0.910714285714286,0.123214285714286,0.2125,0.304454845259391,1,closed_loop_monte_carlo,ok,ok,-244.239125266546
combined_stress,SEIR with observation and process noise,SEIR,ssa,1,1,1,A2,Policy Intervention,AR,None,/home/kaahin/degree_project/hybrid-epidemic-forecasting/results/partB/forecasts/partB_combined_stress_forecast_A2_AR_None.mat,forecast_results,133,134,0.0385102066100403,0.0385102066100403,0.0918319716294413,0.0907142724782534,0.0100793636086948,0.0263617292897989,0.00206911371154661,0,0.875,0.0875,0.2125,0.408982613215333,1,closed_loop_monte_carlo,ok,ok,-254.057788657887
combined_stress,SEIR with observation and process noise,SEIR,ssa,1,1,1,A2,Policy Intervention,AR,None,/home/kaahin/degree_project/hybrid-epidemic-forecasting/results/partB/forecasts/partB_combined_stress_forecast_A2_AR_None.mat,forecast_results,140,141,0.0281984229912023,0.0281984229912023,0.0610417242698922,0.0575652563188249,0.00639613959098054,0.0207464412302201,0.00105584217000167,0,0.928571428571429,0.141071428571429,0.2125,0.316407234718054,1,closed_loop_monte_carlo,ok,ok,-270.024869249624
combined_stress,SEIR with observation and process noise,SEIR,ssa,1,1,1,A2,Policy Intervention,AR,None,/home/kaahin/degree_project/hybrid-epidemic-forecasting/results/partB/forecasts/partB_combined_stress_forecast_A2_AR_None.mat,forecast_results,147,148,0.0358362936597314,0.0358362936597314,0.0892868916679483,0.0884535494189129,0.00982817215765699,0.0161612546124293,0,0.00984686688964508,0.660714285714286,-0.126785714285714,0.294642857142857,0.240955214930713,1,closed_loop_monte_carlo,ok,ok,-281.376872167581
combined_stress,SEIR with observation and process noise,SEIR,ssa,1,1,1,A2,Policy Intervention,AR,None,/home/kaahin/degree_project/hybrid-epidemic-forecasting/results/partB/forecasts/partB_combined_stress_forecast_A2_AR_None.mat,forecast_results,154,155,0.0330052221610136,0.0330052221610136,0.0724706538808019,0.0701292946879926,0.00779214385422141,0.0247965982487598,0.00041648005803237,0,0.964285714285714,0.176785714285714,0.2125,0.348414447190974,1,closed_loop_monte_carlo,ok,ok,-286.243990833764
combined_stress,SEIR with observation and process noise,SEIR,ssa,1,1,1,A2,Policy Intervention,AR,None,/home/kaahin/degree_project/hybrid-epidemic-forecasting/results/partB/forecasts/partB_combined_stress_forecast_A2_AR_None.mat,forecast_results,161,162,0.0263313237804839,0.0263313237804839,0.0485152587391932,0.0479497119170326,0.00532774576855918,0.0207338151820103,0.000269762829914431,0,0.964285714285714,0.176785714285714,0.2125,0.305106237124131,1,closed_loop_monte_carlo,ok,ok,-306.384013556916
combined_stress,SEIR with observation and process noise,SEIR,ssa,1,1,1,A2,Policy Intervention,AR,None,/home/kaahin/degree_project/hybrid-epidemic-forecasting/results/partB/forecasts/partB_combined_stress_forecast_A2_AR_None.mat,forecast_results,168,169,0.0209899514266634,0.0209899514266634,0.0318785006354427,0.029429055086893,0.00326989500965477,0.0177200564170086,0,0,1,0.2125,0.2125,0.270080607831886,1,closed_loop_monte_carlo,ok,ok,-319.155920490604
combined_stress,SEIR with observation and process noise,SEIR,ssa,1,1,1,A2,Policy Intervention,AR,None,/home/kaahin/degree_project/hybrid-epidemic-forecasting/results/partB/forecasts/partB_combined_stress_forecast_A2_AR_None.mat,forecast_results,175,176,0.0390698889609805,0.0390698889609805,0.0959439517121912,0.093509799751605,0.0103899777501783,0.0268728311762858,0.00180708003451636,0,0.892857142857143,0.105357142857143,0.2125,0.38115440184055,1,closed_loop_monte_carlo,ok,ok,-333.840638971128
combined_stress,SEIR with observation and process noise,SEIR,ssa,1,1,1,A2,Policy Intervention,AR,None,/home/kaahin/degree_project/hybrid-epidemic-forecasting/results/partB/forecasts/partB_combined_stress_forecast_A2_AR_None.mat,forecast_results,182,183,0.0284103788511119,0.0284103788511119,0.0663369763104352,0.0648548230787787,0.00720609145319763,0.0199742123105988,0,0.00123007508731546,0.910714285714286,0.123214285714286,0.2125,0.30688514425465,1,closed_loop_monte_carlo,ok,ok,-343.980089625633
combined_stress,SEIR with observation and process noise,SEIR,ssa,1,1,1,A2,Policy Intervention,AR,None,/home/kaahin/degree_project/hybrid-epidemic-forecasting/results/partB/forecasts/partB_combined_stress_forecast_A2_AR_None.mat,forecast_results,189,190,0.0242222372969362,0.0242222372969362,0.045251468495503,0.0415858360793609,0.00462064845326233,0.0193428840452469,0,0.00025870479842698,0.982142857142857,0.194642857142857,0.2125,0.286399173496218,1,closed_loop_monte_carlo,ok,ok,-354.384369935314
combined_stress,SEIR with observation and process noise,SEIR,ssa,1,1,1,A2,Policy Intervention,AR,None,/home/kaahin/degree_project/hybrid-epidemic-forecasting/results/partB/forecasts/partB_combined_stress_forecast_A2_AR_None.mat,forecast_results,196,197,0.0212093757169888,0.0212093757169888,0.0134965059346254,0.0098993659806874,0.00109992955340971,0.0201094461635791,0,0,1,0.2125,0.2125,0.300218457040913,1,closed_loop_monte_carlo,ok,ok,-373.927841287667
combined_stress,SEIR with observation and process noise,SEIR,ssa,1,1,1,A2,Policy Intervention,AR,None,/home/kaahin/degree_project/hybrid-epidemic-forecasting/results/partB/forecasts/partB_combined_stress_forecast_A2_AR_None.mat,forecast_results,203,204,0.0243307969983891,0.0243307969983891,0.0456560000983642,0.0431279788312489,0.00479199764791654,0.0190716566993694,0,0.000467142651103197,0.964285714285714,0.176785714285714,0.2125,0.280448440377341,1,closed_loop_monte_carlo,ok,ok,-383.835298317866
combined_stress,SEIR with observation and process noise,SEIR,ssa,1,1,1,A2,Policy Intervention,AR,None,/home/kaahin/degree_project/hybrid-epidemic-forecasting/results/partB/forecasts/partB_combined_stress_forecast_A2_AR_None.mat,forecast_results,210,211,0.0242920786818209,0.0242920786818209,0.0353908967553997,0.0336540867409287,0.0037393429712143,0.020491718511094,6.10171995126102e-05,0,0.982142857142857,0.194642857142857,0.2125,0.293050879136526,1,closed_loop_monte_carlo,ok,ok,-395.298777075527
combined_stress,SEIR with observation and process noise,SEIR,ssa,1,1,1,A2,Policy Intervention,AR,None,/home/kaahin/degree_project/hybrid-epidemic-forecasting/results/partB/forecasts/partB_combined_stress_forecast_A2_AR_None.mat,forecast_results,217,218,0.0256140302765209,0.0256140302765209,0.0508458130554556,0.04924767453795,0.00547196383755,0.0199592110326921,0.000182855406278806,0,0.964285714285714,0.176785714285714,0.2125,0.304725131682206,1,closed_loop_monte_carlo,ok,ok,-409.177089001427
combined_stress,SEIR with observation and process noise,SEIR,ssa,1,1,1,A2,Policy Intervention,AR,None,/home/kaahin/degree_project/hybrid-epidemic-forecasting/results/partB/forecasts/partB_combined_stress_forecast_A2_AR_None.mat,forecast_results,224,225,0.020239854408315,0.020239854408315,0.0281962615054906,0.0260432147463196,0.00289369052736885,0.0173461638809462,0,0,1,0.2125,0.2125,0.256126331560184,1,closed_loop_monte_carlo,ok,ok,-426.775530064141
combined_stress,SEIR with observation and process noise,SEIR,ssa,1,1,1,A2,Policy Intervention,AR,None,/home/kaahin/degree_project/hybrid-epidemic-forecasting/results/partB/forecasts/partB_combined_stress_forecast_A2_AR_None.mat,forecast_results,231,232,0.0195679440283605,0.0195679440283605,0.0107114003846554,0.00833719694409918,0.00092635521601102,0.0186415888123495,0,0,1,0.2125,0.2125,0.272031891887634,1,closed_loop_monte_carlo,ok,ok,-442.239923297025
combined_stress,SEIR with observation and process noise,SEIR,ssa,1,1,1,A2,Policy Intervention,AR,None,/home/kaahin/degree_project/hybrid-epidemic-forecasting/results/partB/forecasts/partB_combined_stress_forecast_A2_AR_None.mat,forecast_results,238,239,0.0190437046491558,0.0190437046491558,0.00985196883318185,0.00803365768682671,0.000892628631869635,0.0181510760172861,0,0,1,0.2125,0.2125,0.273355100739864,1,closed_loop_monte_carlo,ok,ok,-455.391671076701
combined_stress,SEIR with observation and process noise,SEIR,ssa,1,1,1,A2,Policy Intervention,AR,None,/home/kaahin/degree_project/hybrid-epidemic-forecasting/results/partB/forecasts/partB_combined_stress_forecast_A2_AR_None.mat,forecast_results,245,246,0.0205912212750044,0.0205912212750044,0.0257348795109198,0.0203446110529633,0.00226051233921815,0.0183076938004297,2.30151353565982e-05,0,0.982142857142857,0.194642857142857,0.2125,0.276306519394478,1,closed_loop_monte_carlo,ok,ok,-470.505594544147
combined_stress,SEIR with observation and process noise,SEIR,ssa,1,1,1,A2,Policy Intervention,AR,None,/home/kaahin/degree_project/hybrid-epidemic-forecasting/results/partB/forecasts/partB_combined_stress_forecast_A2_AR_None.mat,forecast_results,252,253,0.0211288334595718,0.0211288334595718,0.021201927482003,0.0179800233526844,0.00199778037252049,0.0190908775620577,0,4.01755249935851e-05,0.982142857142857,0.194642857142857,0.2125,0.282626855317781,1,closed_loop_monte_carlo,ok,ok,-484.836479962157
combined_stress,SEIR with observation and process noise,SEIR,ssa,1,1,1,A2,Policy Intervention,AR,None,/home/kaahin/degree_project/hybrid-epidemic-forecasting/results/partB/forecasts/partB_combined_stress_forecast_A2_AR_None.mat,forecast_results,259,260,0.0205642043473958,0.0205642043473958,0.0242052202009275,0.0202547221832967,0.00225052468703297,0.0183136796603629,0,0,1,0.2125,0.2125,0.264966863551357,1,closed_loop_monte_carlo,ok,ok,-500.535946407397
combined_stress,SEIR with observation and process noise,SEIR,ssa,1,1,1,A2,Policy Intervention,AR,None,/home/kaahin/degree_project/hybrid-epidemic-forecasting/results/partB/forecasts/partB_combined_stress_forecast_A2_AR_None.mat,forecast_results,266,267,0.0199667042695061,0.0199667042695061,0.0132256542260084,0.0106886446133985,0.0011876271792665,0.0187790770902396,0,0,1,0.2125,0.2125,0.286633677717307,1,closed_loop_monte_carlo,ok,ok,-512.389773672993
combined_stress,SEIR with observation and process noise,SEIR,ssa,1,1,1,A2,Policy Intervention,AR,None,/home/kaahin/degree_project/hybrid-epidemic-forecasting/results/partB/forecasts/partB_combined_stress_forecast_A2_AR_None.mat,forecast_results,273,274,0.023940290059687,0.023940290059687,0.0310378923272373,0.0288800148844093,0.00320889054271214,0.0207313995169749,0,0,1,0.2125,0.2125,0.316570069519742,1,closed_loop_monte_carlo,ok,ok,-529.663762335288
combined_stress,SEIR with observation and process noise,SEIR,ssa,1,1,1,A2,Policy Intervention,AR,None,/home/kaahin/degree_project/hybrid-epidemic-forecasting/results/partB/forecasts/partB_combined_stress_forecast_A2_AR_None.mat,forecast_results,280,281,0.028740816824887,0.028740816824887,0.0712116308034691,0.0677012787350111,0.00752236430389012,0.0200967351996918,0.00112171732130507,0,0.875,0.0875,0.2125,0.304603961686821,1,closed_loop_monte_carlo,ok,ok,-543.152949877533
combined_stress,SEIR with observation and process noise,SEIR,ssa,1,1,1,A2,Policy Intervention,AR,None,/home/kaahin/degree_project/hybrid-epidemic-forecasting/results/partB/forecasts/partB_combined_stress_forecast_A2_AR_None.mat,forecast_results,287,288,0.0246966494825129,0.0246966494825129,0.0526966386160482,0.0517599230053323,0.00575110255614803,0.0185965691998361,0,0.000348977726528768,0.928571428571429,0.141071428571429,0.2125,0.282298536067987,1,closed_loop_monte_carlo,ok,ok,-553.248084148649
combined_stress,SEIR with observation and process noise,SEIR,ssa,1,1,1,A2,Policy Intervention,AR,None,/home/kaahin/degree_project/hybrid-epidemic-forecasting/results/partB/forecasts/partB_combined_stress_forecast_A2_AR_None.mat,forecast_results,294,295,0.0241346102142822,0.0241346102142822,0.0428615677410609,0.0393846803739207,0.0043760755971023,0.0195842371836404,0.000174297433539521,0,0.982142857142857,0.194642857142857,0.2125,0.290398100856477,1,closed_loop_monte_carlo,ok,ok,-565.549945636607
combined_stress,SEIR with observation and process noise,SEIR,ssa,1,1,1,A2,Policy Intervention,AR,None,/home/kaahin/degree_project/hybrid-epidemic-forecasting/results/partB/forecasts/partB_combined_stress_forecast_A2_AR_None.mat,forecast_results,301,302,0.0188964997947065,0.0188964997947065,0.0183328534490015,0.0164529006304468,0.00182810007004965,0.0170683997246568,0,0,1,0.2125,0.2125,0.252690780774048,1,closed_loop_monte_carlo,ok,ok,-585.394683995249
combined_stress,SEIR with observation and process noise,SEIR,ssa,1,1,1,A2,Policy Intervention,AR,None,/home/kaahin/degree_project/hybrid-epidemic-forecasting/results/partB/forecasts/partB_combined_stress_forecast_A2_AR_None.mat,forecast_results,308,309,0.0226273518461344,0.0226273518461344,0.0309528567550902,0.0283279836788008,0.00314755374208898,0.0194797981040454,0,0,1,0.2125,0.2125,0.286621238938121,1,closed_loop_monte_carlo,ok,ok,-601.500402585987
combined_stress,SEIR with observation and process noise,SEIR,ssa,1,1,1,A2,Policy Intervention,AR,None,/home/kaahin/degree_project/hybrid-epidemic-forecasting/results/partB/forecasts/partB_combined_stress_forecast_A2_AR_None.mat,forecast_results,315,316,0.0196916373831145,0.0196916373831145,0.0181893683490752,0.0115657029125645,0.00128507810139606,0.0184065592817184,0,0,1,0.2125,0.2125,0.277878070294883,1,closed_loop_monte_carlo,ok,ok,-613.768798408339
combined_stress,SEIR with observation and process noise,SEIR,ssa,1,1,1,A2,Policy Intervention,AR,None,/home/kaahin/degree_project/hybrid-epidemic-forecasting/results/partB/forecasts/partB_combined_stress_forecast_A2_AR_None.mat,forecast_results,322,323,0.0313019678058082,0.0313019678058082,0.0779555768643645,0.0766713741181878,0.00851904156868754,0.0210213930607502,0.00176153317637051,0,0.857142857142857,0.0696428571428571,0.2125,0.305167778475192,1,closed_loop_monte_carlo,ok,ok,-628.245151344468
combined_stress,SEIR with observation and process noise,SEIR,ssa,1,1,1,A2,Policy Intervention,AR,None,/home/kaahin/degree_project/hybrid-epidemic-forecasting/results/partB/forecasts/partB_combined_stress_forecast_A2_AR_None.mat,forecast_results,329,330,0.0220150725784974,0.0220150725784974,0.0343438750803522,0.0327693065921889,0.00364103406579877,0.0182259414840061,0,0.000148097028692539,0.964285714285714,0.176785714285714,0.2125,0.264658541652318,1,closed_loop_monte_carlo,ok,ok,-643.246145880018
combined_stress,SEIR with observation and process noise,SEIR,ssa,1,1,1,A2,Policy Intervention,AR,None,/home/kaahin/degree_project/hybrid-epidemic-forecasting/results/partB/forecasts/partB_combined_stress_forecast_A2_AR_None.mat,forecast_results,336,337,0.0218511289772327,0.0218511289772327,0.021302202891121,0.0179679582618367,0.00199643980687074,0.019854689170362,0,0,1,0.2125,0.2125,0.290288508546724,1,closed_loop_monte_carlo,ok,ok,-660.217901226814
combined_stress,SEIR with observation and process noise,SEIR,ssa,1,1,1,A2,Policy Intervention,AR,None,/home/kaahin/degree_project/hybrid-epidemic-forecasting/results/partB/forecasts/partB_combined_stress_forecast_A2_AR_None.mat,forecast_results,343,344,0.020972671693573,0.020972671693573,0.0421332019372216,0.0407702293090983,0.0045300254787887,0.0162081805447356,0,0.000234465670048698,0.946428571428571,0.158928571428571,0.2125,0.231462620497805,1,closed_loop_monte_carlo,ok,ok,-675.915792724288
combined_stress,SEIR with observation and process noise,SEIR,ssa,1,1,1,A2,Policy Intervention,AR,None,/home/kaahin/degree_project/hybrid-epidemic-forecasting/results/partB/forecasts/partB_combined_stress_forecast_A2_AR_None.mat,forecast_results,350,351,0.0202960036632463,0.0202960036632463,0.0256490240768133,0.0233385672341678,0.00259317413712975,0.0177028295261166,0,0,1,0.2125,0.2125,0.262190484029165,1,closed_loop_monte_carlo,ok,ok,-691.143739706249
combined_stress,SEIR with observation and process noise,SEIR,ssa,1,1,1,A2,Policy Intervention,ARX,I,/home/kaahin/degree_project/hybrid-epidemic-forecasting/results/partB/forecasts/partB_combined_stress_forecast_A2_ARX_I.mat,forecast_results,49,50,0.0440526064948016,0.0440526064948016,0.114632707971841,0.0969551445960855,0.0107727938440095,0.0229016541665887,0,0.0103781584842035,0.767857142857143,-0.0196428571428571,0.258928571428571,0.333486622322037,1,closed_loop_monte_carlo,ok,ok,-62.0903655939659
combined_stress,SEIR with observation and process noise,SEIR,ssa,1,1,1,A2,Policy Intervention,ARX,I,/home/kaahin/degree_project/hybrid-epidemic-forecasting/results/partB/forecasts/partB_combined_stress_forecast_A2_ARX_I.mat,forecast_results,56,57,0.0476433106661025,0.0476433106661025,0.133696106306065,0.123294010115694,0.0136993344572993,0.0256467848694896,0.00829719133931352,0,0.803571428571429,0.0160714285714286,0.223214285714286,0.368385165768568,1,closed_loop_monte_carlo,ok,ok,-89.2328790101893
combined_stress,SEIR with observation and process noise,SEIR,ssa,1,1,1,A2,Policy Intervention,ARX,I,/home/kaahin/degree_project/hybrid-epidemic-forecasting/results/partB/forecasts/partB_combined_stress_forecast_A2_ARX_I.mat,forecast_results,63,64,0.0316839713240666,0.0316839713240666,0.0644215015232795,0.0546992371069758,0.0060776930118862,0.0248177605237487,0.000788517788431771,0,0.964285714285714,0.176785714285714,0.2125,0.346418873342969,1,closed_loop_monte_carlo,ok,ok,-111.312469759634
combined_stress,SEIR with observation and process noise,SEIR,ssa,1,1,1,A2,Policy Intervention,ARX,I,/home/kaahin/degree_project/hybrid-epidemic-forecasting/results/partB/forecasts/partB_combined_stress_forecast_A2_ARX_I.mat,forecast_results,70,71,0.0343628899743499,0.0343628899743499,0.0759423620335166,0.0649705316806402,0.00721894796451558,0.0247520996122517,0,0.00239184239758265,0.910714285714286,0.123214285714286,0.2375,0.340074383183704,1,closed_loop_monte_carlo,ok,ok,-131.230841852316
combined_stress,SEIR with observation and process noise,SEIR,ssa,1,1,1,A2,Policy Intervention,ARX,I,/home/kaahin/degree_project/hybrid-epidemic-forecasting/results/partB/forecasts/partB_combined_stress_forecast_A2_ARX_I.mat,forecast_results,77,78,0.0337363941458498,0.0337363941458498,0.0710675213253397,0.05721443987518,0.00635715998613111,0.0247096792854127,0,0.00266955487430606,0.910714285714286,0.123214285714286,0.2375,0.353739595938374,1,closed_loop_monte_carlo,ok,ok,-149.887526406896
combined_stress,SEIR with observation and process noise,SEIR,ssa,1,1,1,A2,Policy Intervention,ARX,I,/home/kaahin/degree_project/hybrid-epidemic-forecasting/results/partB/forecasts/partB_combined_stress_forecast_A2_ARX_I.mat,forecast_results,84,85,0.0311182507722182,0.0311182507722182,0.051173564837763,0.0451137177206427,0.00501263530229363,0.0257853546401877,0.000320260829736909,0,0.982142857142857,0.194642857142857,0.2125,0.372530324502035,1,closed_loop_monte_carlo,ok,ok,-168.669419312702
combined_stress,SEIR with observation and process noise,SEIR,ssa,1,1,1,A2,Policy Intervention,ARX,I,/home/kaahin/degree_project/hybrid-epidemic-forecasting/results/partB/forecasts/partB_combined_stress_forecast_A2_ARX_I.mat,forecast_results,91,92,0.0356676812603751,0.0356676812603751,0.0889633510087874,0.0735940475538521,0.00817711639487245,0.0252374394857935,0.00225312537970914,0,0.946428571428571,0.158928571428571,0.2125,0.35992304177101,1,closed_loop_monte_carlo,ok,ok,-189.127411569583
combined_stress,SEIR with observation and process noise,SEIR,ssa,1,1,1,A2,Policy Intervention,ARX,I,/home/kaahin/degree_project/hybrid-epidemic-forecasting/results/partB/forecasts/partB_combined_stress_forecast_A2_ARX_I.mat,forecast_results,98,99,0.0348667522207608,0.0348667522207608,0.0708905821832954,0.0645644321599286,0.00717382579554763,0.0266073665550233,0.000566242436661715,0.000519317433528165,0.946428571428571,0.158928571428571,0.2125,0.385561005676418,1,closed_loop_monte_carlo,ok,ok,-201.34311664927
combined_stress,SEIR with observation and process noise,SEIR,ssa,1,1,1,A2,Policy Intervention,ARX,I,/home/kaahin/degree_project/hybrid-epidemic-forecasting/results/partB/forecasts/partB_combined_stress_forecast_A2_ARX_I.mat,forecast_results,105,106,0.0374927552758871,0.0374927552758871,0.0900439968941179,0.064776431714969,0.00719738130166322,0.0264015653040104,0.00389380867021346,0,0.928571428571429,0.141071428571429,0.223214285714286,0.371800164705139,1,closed_loop_monte_carlo,ok,ok,-221.257825775219
combined_stress,SEIR with observation and process noise,SEIR,ssa,1,1,1,A2,Policy Intervention,ARX,I,/home/kaahin/degree_project/hybrid-epidemic-forecasting/results/partB/forecasts/partB_combined_stress_forecast_A2_ARX_I.mat,forecast_results,112,113,0.303963932047531,0.303963932047531,0.542577978219911,0.410772041030671,0.0456413378922968,0.0259863594860309,0.232336234669203,0,0.410714285714286,-0.376785714285714,0.521428571428571,0.366523746307919,1,closed_loop_monte_carlo,ok,ok,-243.512377679293
combined_stress,SEIR with observation and process noise,SEIR,ssa,1,1,1,A2,Policy Intervention,ARX,I,/home/kaahin/degree_project/hybrid-epidemic-forecasting/results/partB/forecasts/partB_combined_stress_forecast_A2_ARX_I.mat,forecast_results,119,120,0.709857478966865,0.709857478966865,0.8769632861706,0.84597760002539,0.0939975111139323,0.0240098232246854,0.591850144628247,0,0,-0.7875,0.7875,0.352297886996014,1,closed_loop_monte_carlo,ok,ok,-261.269148230081
combined_stress,SEIR with observation and process noise,SEIR,ssa,1,1,1,A2,Policy Intervention,ARX,I,/home/kaahin/degree_project/hybrid-epidemic-forecasting/results/partB/forecasts/partB_combined_stress_forecast_A2_ARX_I.mat,forecast_results,126,127,0.19559225709159,0.19559225709159,0.30518472932521,0.272170227899811,0.0302411364333124,0.0138829745006856,0,0.151468146157592,0.160714285714286,-0.626785714285714,0.658928571428571,0.204476619905781,1,closed_loop_monte_carlo,ok,ok,-218.713330961702
combined_stress,SEIR with observation and process noise,SEIR,ssa,1,1,1,A2,Policy Intervention,ARX,I,/home/kaahin/degree_project/hybrid-epidemic-forecasting/results/partB/forecasts/partB_combined_stress_forecast_A2_ARX_I.mat,forecast_results,133,134,0.0503561003355662,0.0503561003355662,0.139709496871483,0.137003146692416,0.0152225718547128,0.0231993192888929,0.0119342091919605,0,0.732142857142857,-0.0553571428571429,0.223214285714286,0.340028147038302,1,closed_loop_monte_carlo,ok,ok,-227.197080920315
combined_stress,SEIR with observation and process noise,SEIR,ssa,1,1,1,A2,Policy Intervention,ARX,I,/home/kaahin/degree_project/hybrid-epidemic-forecasting/results/partB/forecasts/partB_combined_stress_forecast_A2_ARX_I.mat,forecast_results,140,141,0.0343776715143341,0.0343776715143341,0.0832650267850963,0.0791057246927267,0.00878952496585853,0.0241358281228213,0.0014523184256543,0,0.892857142857143,0.105357142857143,0.2125,0.350042698462528,1,closed_loop_monte_carlo,ok,ok,-242.822639266352
combined_stress,SEIR with observation and process noise,SEIR,ssa,1,1,1,A2,Policy Intervention,ARX,I,/home/kaahin/degree_project/hybrid-epidemic-forecasting/results/partB/forecasts/partB_combined_stress_forecast_A2_ARX_I.mat,forecast_results,147,148,0.0365756689603258,0.0365756689603258,0.090503098765731,0.0899332015993585,0.00999257795548427,0.0178982580405931,0,0.0086848329642485,0.642857142857143,-0.144642857142857,0.310714285714286,0.258079689513849,1,closed_loop_monte_carlo,ok,ok,-254.466836666961
combined_stress,SEIR with observation and process noise,SEIR,ssa,1,1,1,A2,Policy Intervention,ARX,I,/home/kaahin/degree_project/hybrid-epidemic-forecasting/results/partB/forecasts/partB_combined_stress_forecast_A2_ARX_I.mat,forecast_results,154,155,0.0373942058783526,0.0373942058783526,0.0915045242820678,0.0881063034189483,0.00978958926877203,0.0235415986976206,0.0040630179119599,0,0.785714285714286,-0.00178571428571429,0.2125,0.343972992409426,1,closed_loop_monte_carlo,ok,ok,-259.633868138156
combined_stress,SEIR with observation and process noise,SEIR,ssa,1,1,1,A2,Policy Intervention,ARX,I,/home/kaahin/degree_project/hybrid-epidemic-forecasting/results/partB/forecasts/partB_combined_stress_forecast_A2_ARX_I.mat,forecast_results,161,162,0.0294578152535563,0.0294578152535563,0.0619576557095496,0.0587261469494791,0.00652512743883102,0.0225641139736797,0.000368573841045586,0,0.946428571428571,0.158928571428571,0.2125,0.331501360891512,1,closed_loop_monte_carlo,ok,ok,-280.141775685833
combined_stress,SEIR with observation and process noise,SEIR,ssa,1,1,1,A2,Policy Intervention,ARX,I,/home/kaahin/degree_project/hybrid-epidemic-forecasting/results/partB/forecasts/partB_combined_stress_forecast_A2_ARX_I.mat,forecast_results,168,169,0.0236319635974277,0.0236319635974277,0.0225029628948002,0.0185615495015943,0.00206239438906604,0.0215695692083617,0,0,1,0.2125,0.2125,0.305892615946683,1,closed_loop_monte_carlo,ok,ok,-293.081190089821
combined_stress,SEIR with observation and process noise,SEIR,ssa,1,1,1,A2,Policy Intervention,ARX,I,/home/kaahin/degree_project/hybrid-epidemic-forecasting/results/partB/forecasts/partB_combined_stress_forecast_A2_ARX_I.mat,forecast_results,175,176,0.0399375415545373,0.0399375415545373,0.10313495161798,0.100333632111561,0.011148181345729,0.0232044127096585,0.00558494749914978,0,0.75,-0.0375,0.2125,0.339877240269397,1,closed_loop_monte_carlo,ok,ok,-308.382376851014
combined_stress,SEIR with observation and process noise,SEIR,ssa,1,1,1,A2,Policy Intervention,ARX,I,/home/kaahin/degree_project/hybrid-epidemic-forecasting/results/partB/forecasts/partB_combined_stress_forecast_A2_ARX_I.mat,forecast_results,182,183,0.0237287747062298,0.0237287747062298,0.0424699468512313,0.0394814241012571,0.00438682490013968,0.0192597804651059,0,8.21693409841912e-05,0.982142857142857,0.194642857142857,0.2125,0.28170644187043,1,closed_loop_monte_carlo,ok,ok,-318.344948900802
combined_stress,SEIR with observation and process noise,SEIR,ssa,1,1,1,A2,Policy Intervention,ARX,I,/home/kaahin/degree_project/hybrid-epidemic-forecasting/results/partB/forecasts/partB_combined_stress_forecast_A2_ARX_I.mat,forecast_results,189,190,0.0228469608276495,0.0228469608276495,0.0230961052608158,0.018660867122016,0.002073429680224,0.0207735311474255,0,0,1,0.2125,0.2125,0.307628679690194,1,closed_loop_monte_carlo,ok,ok,-329.236207415545
combined_stress,SEIR with observation and process noise,SEIR,ssa,1,1,1,A2,Policy Intervention,ARX,I,/home/kaahin/degree_project/hybrid-epidemic-forecasting/results/partB/forecasts/partB_combined_stress_forecast_A2_ARX_I.mat,forecast_results,196,197,0.0271838022667606,0.0271838022667606,0.0488691337081372,0.0440952793815752,0.00489947548684169,0.022284326779919,0,0,1,0.2125,0.2125,0.325566123743588,1,closed_loop_monte_carlo,ok,ok,-349.252443058839
combined_stress,SEIR with observation and process noise,SEIR,ssa,1,1,1,A2,Policy Intervention,ARX,I,/home/kaahin/degree_project/hybrid-epidemic-forecasting/results/partB/forecasts/partB_combined_stress_forecast_A2_ARX_I.mat,forecast_results,203,204,0.0215395465383867,0.0215395465383867,0.031034937749809,0.0259687943375332,0.00288542159305924,0.0182713408286149,0,0.000382784116712545,0.964285714285714,0.176785714285714,0.2125,0.26938811105989,1,closed_loop_monte_carlo,ok,ok,-358.989017533488
combined_stress,SEIR with observation and process noise,SEIR,ssa,1,1,1,A2,Policy Intervention,ARX,I,/home/kaahin/degree_project/hybrid-epidemic-forecasting/results/partB/forecasts/partB_combined_stress_forecast_A2_ARX_I.mat,forecast_results,210,211,0.0298025060493766,0.0298025060493766,0.0727011958676214,0.0692553846590505,0.00769504273989451,0.0218831084607673,0.000224354848714869,0,0.946428571428571,0.158928571428571,0.2125,0.317097337175729,1,closed_loop_monte_carlo,ok,ok,-370.571997968925
combined_stress,SEIR with observation and process noise,SEIR,ssa,1,1,1,A2,Policy Intervention,ARX,I,/home/kaahin/degree_project/hybrid-epidemic-forecasting/results/partB/forecasts/partB_combined_stress_forecast_A2_ARX_I.mat,forecast_results,217,218,0.026087214863609,0.026087214863609,0.0603993111196762,0.0568058686918628,0.00631176318798475,0.0182597703081477,0.0015156813674765,0,0.892857142857143,0.105357142857143,0.2125,0.267360215454337,1,closed_loop_monte_carlo,ok,ok,-384.60189176273
combined_stress,SEIR with observation and process noise,SEIR,ssa,1,1,1,A2,Policy Intervention,ARX,I,/home/kaahin/degree_project/hybrid-epidemic-forecasting/results/partB/forecasts/partB_combined_stress_forecast_A2_ARX_I.mat,forecast_results,224,225,0.0224881697626705,0.0224881697626705,0.0182664930761356,0.0151398765036724,0.00168220850040805,0.0208059612622624,0,0,1,0.2125,0.2125,0.312289250005157,1,closed_loop_monte_carlo,ok,ok,-402.360035219343
combined_stress,SEIR with observation and process noise,SEIR,ssa,1,1,1,A2,Policy Intervention,ARX,I,/home/kaahin/degree_project/hybrid-epidemic-forecasting/results/partB/forecasts/partB_combined_stress_forecast_A2_ARX_I.mat,forecast_results,231,232,0.0201007595151233,0.0201007595151233,0.0175833214937875,0.0143139295906289,0.00159043662118099,0.0185103228939423,0,0,1,0.2125,0.2125,0.269925899086227,1,closed_loop_monte_carlo,ok,ok,-417.727333019743
combined_stress,SEIR with observation and process noise,SEIR,ssa,1,1,1,A2,Policy Intervention,ARX,I,/home/kaahin/degree_project/hybrid-epidemic-forecasting/results/partB/forecasts/partB_combined_stress_forecast_A2_ARX_I.mat,forecast_results,238,239,0.0233427854142591,0.0233427854142591,0.034420752071213,0.0285783032336116,0.00317536702595685,0.0201674183883023,0,0,1,0.2125,0.2125,0.294853169677189,1,closed_loop_monte_carlo,ok,ok,-431.011508112888
combined_stress,SEIR with observation and process noise,SEIR,ssa,1,1,1,A2,Policy Intervention,ARX,I,/home/kaahin/degree_project/hybrid-epidemic-forecasting/results/partB/forecasts/partB_combined_stress_forecast_A2_ARX_I.mat,forecast_results,245,246,0.0220752781627982,0.0220752781627982,0.025516290153501,0.0190623813010932,0.00211804236678814,0.0199572357960101,0,0,1,0.2125,0.2125,0.303105584808134,1,closed_loop_monte_carlo,ok,ok,-446.187062786975
combined_stress,SEIR with observation and process noise,SEIR,ssa,1,1,1,A2,Policy Intervention,ARX,I,/home/kaahin/degree_project/hybrid-epidemic-forecasting/results/partB/forecasts/partB_combined_stress_forecast_A2_ARX_I.mat,forecast_results,252,253,0.0195296239178697,0.0195296239178697,0.0247253059263783,0.0184712253876331,0.00205235837640367,0.0173072439237664,0,0.000170021617699639,0.982142857142857,0.194642857142857,0.2125,0.253071557223221,1,closed_loop_monte_carlo,ok,ok,-460.54279470267
combined_stress,SEIR with observation and process noise,SEIR,ssa,1,1,1,A2,Policy Intervention,ARX,I,/home/kaahin/degree_project/hybrid-epidemic-forecasting/results/partB/forecasts/partB_combined_stress_forecast_A2_ARX_I.mat,forecast_results,259,260,0.0193413253749487,0.0193413253749487,0.0171719535693147,0.0129990375860942,0.00144433750956603,0.0178969878653827,0,0,1,0.2125,0.2125,0.267157933731092,1,closed_loop_monte_carlo,ok,ok,-476.124101623306
combined_stress,SEIR with observation and process noise,SEIR,ssa,1,1,1,A2,Policy Intervention,ARX,I,/home/kaahin/degree_project/hybrid-epidemic-forecasting/results/partB/forecasts/partB_combined_stress_forecast_A2_ARX_I.mat,forecast_results,266,267,0.0249304382135053,0.0249304382135053,0.0469748125291433,0.0440290213918063,0.00489211348797848,0.0200383247255268,0,0,1,0.2125,0.2125,0.298502077561318,1,closed_loop_monte_carlo,ok,ok,-488.073856947596
combined_stress,SEIR with observation and process noise,SEIR,ssa,1,1,1,A2,Policy Intervention,ARX,I,/home/kaahin/degree_project/hybrid-epidemic-forecasting/results/partB/forecasts/partB_combined_stress_forecast_A2_ARX_I.mat,forecast_results,273,274,0.0244732525458981,0.0244732525458981,0.0385224509050205,0.0344185469562688,0.00382428299514098,0.0206489695507571,0,0,1,0.2125,0.2125,0.300946983257194,1,closed_loop_monte_carlo,ok,ok,-505.414815835977
combined_stress,SEIR with observation and process noise,SEIR,ssa,1,1,1,A2,Policy Intervention,ARX,I,/home/kaahin/degree_project/hybrid-epidemic-forecasting/results/partB/forecasts/partB_combined_stress_forecast_A2_ARX_I.mat,forecast_results,280,281,0.0305987367474957,0.0305987367474957,0.081767175047372,0.0788162703251126,0.00875736336945696,0.0185806730872369,0.00326070029080183,0,0.767857142857143,-0.0196428571428571,0.2125,0.273950251736999,1,closed_loop_monte_carlo,ok,ok,-519.045856139459
combined_stress,SEIR with observation and process noise,SEIR,ssa,1,1,1,A2,Policy Intervention,ARX,I,/home/kaahin/degree_project/hybrid-epidemic-forecasting/results/partB/forecasts/partB_combined_stress_forecast_A2_ARX_I.mat,forecast_results,287,288,0.0233843762686177,0.0233843762686177,0.0540967413031865,0.0514421588498052,0.00571579542775613,0.0159429164680517,0,0.00172566437280994,0.892857142857143,0.105357142857143,0.2125,0.23347013174933,1,closed_loop_monte_carlo,ok,ok,-528.772310410199
combined_stress,SEIR with observation and process noise,SEIR,ssa,1,1,1,A2,Policy Intervention,ARX,I,/home/kaahin/degree_project/hybrid-epidemic-forecasting/results/partB/forecasts/partB_combined_stress_forecast_A2_ARX_I.mat,forecast_results,294,295,0.0228067338025905,0.0228067338025905,0.0347991495497955,0.03283901159838,0.00364877906648667,0.0191514251984896,6.52953761417391e-06,0,0.982142857142857,0.194642857142857,0.2125,0.292882454005735,1,closed_loop_monte_carlo,ok,ok,-541.353531141912
combined_stress,SEIR with observation and process noise,SEIR,ssa,1,1,1,A2,Policy Intervention,ARX,I,/home/kaahin/degree_project/hybrid-epidemic-forecasting/results/partB/forecasts/partB_combined_stress_forecast_A2_ARX_I.mat,forecast_results,301,302,0.0172983151234824,0.0172983151234824,0.0194020010966687,0.0172346776573837,0.00191496418415375,0.0153833509393286,0,0,1,0.2125,0.2125,0.227009864303917,1,closed_loop_monte_carlo,ok,ok,-561.260115019194
combined_stress,SEIR with observation and process noise,SEIR,ssa,1,1,1,A2,Policy Intervention,ARX,I,/home/kaahin/degree_project/hybrid-epidemic-forecasting/results/partB/forecasts/partB_combined_stress_forecast_A2_ARX_I.mat,forecast_results,308,309,0.0196211817776895,0.0196211817776895,0.0288662537854292,0.0260577881088646,0.00289530978987384,0.0167258719878157,0,0,1,0.2125,0.2125,0.242688295357528,1,closed_loop_monte_carlo,ok,ok,-577.576300721623
combined_stress,SEIR with observation and process noise,SEIR,ssa,1,1,1,A2,Policy Intervention,ARX,I,/home/kaahin/degree_project/hybrid-epidemic-forecasting/results/partB/forecasts/partB_combined_stress_forecast_A2_ARX_I.mat,forecast_results,315,316,0.0180724310994283,0.0180724310994283,0.0143559936053981,0.0126571566968616,0.00140635074409573,0.0166660803553326,0,0,1,0.2125,0.2125,0.24230767353196,1,closed_loop_monte_carlo,ok,ok,-589.951167504968
combined_stress,SEIR with observation and process noise,SEIR,ssa,1,1,1,A2,Policy Intervention,ARX,I,/home/kaahin/degree_project/hybrid-epidemic-forecasting/results/partB/forecasts/partB_combined_stress_forecast_A2_ARX_I.mat,forecast_results,322,323,0.0387147039942329,0.0387147039942329,0.106824723817559,0.104384930141702,0.0115983255713003,0.019994157312531,0.00712222111040165,0,0.75,-0.0375,0.2125,0.291657538923788,1,closed_loop_monte_carlo,ok,ok,-604.661259657014
combined_stress,SEIR with observation and process noise,SEIR,ssa,1,1,1,A2,Policy Intervention,ARX,I,/home/kaahin/degree_project/hybrid-epidemic-forecasting/results/partB/forecasts/partB_combined_stress_forecast_A2_ARX_I.mat,forecast_results,329,330,0.0198842326181684,0.0198842326181684,0.0330723506476852,0.0302009401503773,0.00335566001670859,0.0163902091942,0,0.000138363407259815,0.964285714285714,0.176785714285714,0.2125,0.241798549891926,1,closed_loop_monte_carlo,ok,ok,-619.413065952165
combined_stress,SEIR with observation and process noise,SEIR,ssa,1,1,1,A2,Policy Intervention,ARX,I,/home/kaahin/degree_project/hybrid-epidemic-forecasting/results/partB/forecasts/partB_combined_stress_forecast_A2_ARX_I.mat,forecast_results,336,337,0.0212611488269224,0.0212611488269224,0.0314996383672245,0.0294221092072745,0.00326912324525272,0.0179920255816697,0,0,1,0.2125,0.2125,0.266046912900782,1,closed_loop_monte_carlo,ok,ok,-636.520204976153
combined_stress,SEIR with observation and process noise,SEIR,ssa,1,1,1,A2,Policy Intervention,ARX,I,/home/kaahin/degree_project/hybrid-epidemic-forecasting/results/partB/forecasts/partB_combined_stress_forecast_A2_ARX_I.mat,forecast_results,343,344,0.0220641911430025,0.0220641911430025,0.0415179914124982,0.0401029433697614,0.00445588259664016,0.0170593288546483,0,0.00054897969171405,0.946428571428571,0.158928571428571,0.2125,0.250726960242181,1,closed_loop_monte_carlo,ok,ok,-652.234537743219
combined_stress,SEIR with observation and process noise,SEIR,ssa,1,1,1,A2,Policy Intervention,ARX,I,/home/kaahin/degree_project/hybrid-epidemic-forecasting/results/partB/forecasts/partB_combined_stress_forecast_A2_ARX_I.mat,forecast_results,350,351,0.0173419691905228,0.0173419691905228,0.0254221214718307,0.0244400483053221,0.00271556092281357,0.0146264082677092,0,0,1,0.2125,0.2125,0.211538767455192,1,closed_loop_monte_carlo,ok,ok,-667.615229980331
combined_stress,SEIR with observation and process noise,SEIR,ssa,1,1,1,A3,Damping Resurgence,AR,None,/home/kaahin/degree_project/hybrid-epidemic-forecasting/results/partB/forecasts/partB_combined_stress_forecast_A3_AR_None.mat,forecast_results,49,50,0.143163395582848,0.143163395582848,0.318884520685027,0.289653326815726,0.0321837029795251,0.0250226536389386,0,0.085957038964384,0.321428571428571,-0.466071428571429,0.541071428571429,0.373294809265039,1,closed_loop_monte_carlo,ok,ok,-91.3597901164973
combined_stress,SEIR with observation and process noise,SEIR,ssa,1,1,1,A3,Damping Resurgence,AR,None,/home/kaahin/degree_project/hybrid-epidemic-forecasting/results/partB/forecasts/partB_combined_stress_forecast_A3_AR_None.mat,forecast_results,56,57,0.0893992784781647,0.0893992784781647,0.248002211953226,0.2290336379606,0.0254481819956222,0.0425566868586763,0,0.0213944096238662,0.767857142857143,-0.0196428571428571,0.223214285714286,0.639055007605922,1,closed_loop_monte_carlo,ok,ok,-96.9238602345833
combined_stress,SEIR with observation and process noise,SEIR,ssa,1,1,1,A3,Damping Resurgence,AR,None,/home/kaahin/degree_project/hybrid-epidemic-forecasting/results/partB/forecasts/partB_combined_stress_forecast_A3_AR_None.mat,forecast_results,63,64,0.0683022444545101,0.0683022444545101,0.149371749352823,0.130368242415325,0.0144853602683695,0.0538168841861406,0,0,1,0.2125,0.2125,0.795595549752155,1,closed_loop_monte_carlo,ok,ok,-109.90395390477
combined_stress,SEIR with observation and process noise,SEIR,ssa,1,1,1,A3,Damping Resurgence,AR,None,/home/kaahin/degree_project/hybrid-epidemic-forecasting/results/partB/forecasts/partB_combined_stress_forecast_A3_AR_None.mat,forecast_results,70,71,0.0572121842198007,0.0572121842198007,0.0582889116275143,0.0469313287787795,0.00521459208653105,0.0519975921332696,0,0,1,0.2125,0.2125,0.772672842460797,1,closed_loop_monte_carlo,ok,ok,-123.118405283856
combined_stress,SEIR with observation and process noise,SEIR,ssa,1,1,1,A3,Damping Resurgence,AR,None,/home/kaahin/degree_project/hybrid-epidemic-forecasting/results/partB/forecasts/partB_combined_stress_forecast_A3_AR_None.mat,forecast_results,77,78,0.0571819610622726,0.0571819610622726,0.123516300602359,0.106392598295857,0.0118213998106508,0.0434837399196241,0.00187682133199771,0,0.928571428571429,0.141071428571429,0.2125,0.656169563938674,1,closed_loop_monte_carlo,ok,ok,-140.122494668338
combined_stress,SEIR with observation and process noise,SEIR,ssa,1,1,1,A3,Damping Resurgence,AR,None,/home/kaahin/degree_project/hybrid-epidemic-forecasting/results/partB/forecasts/partB_combined_stress_forecast_A3_AR_None.mat,forecast_results,84,85,0.162562640442623,0.162562640442623,0.378439278680908,0.360092153422295,0.0400102392691439,0.0468511163124432,0.075701284861036,0,0.303571428571429,-0.483928571428571,0.532142857142857,0.683640311489528,1,closed_loop_monte_carlo,ok,ok,-149.032755841789
combined_stress,SEIR with observation and process noise,SEIR,ssa,1,1,1,A3,Damping Resurgence,AR,None,/home/kaahin/degree_project/hybrid-epidemic-forecasting/results/partB/forecasts/partB_combined_stress_forecast_A3_AR_None.mat,forecast_results,91,92,0.0579816793651921,0.0579816793651921,0.146194265540624,0.132297729211523,0.0146997476901692,0.0363259459108208,0.00695598576420213,0,0.821428571428571,0.0339285714285714,0.2125,0.542658628547357,1,closed_loop_monte_carlo,ok,ok,-164.352904661485
combined_stress,SEIR with observation and process noise,SEIR,ssa,1,1,1,A3,Damping Resurgence,AR,None,/home/kaahin/degree_project/hybrid-epidemic-forecasting/results/partB/forecasts/partB_combined_stress_forecast_A3_AR_None.mat,forecast_results,98,99,0.0405280897641959,0.0405280897641959,0.0801332654430307,0.0734179163666856,0.00815754626296507,0.0323705435012308,0,0,1,0.2125,0.2125,0.477568733755091,1,closed_loop_monte_carlo,ok,ok,-183.852418094063
combined_stress,SEIR with observation and process noise,SEIR,ssa,1,1,1,A3,Damping Resurgence,AR,None,/home/kaahin/degree_project/hybrid-epidemic-forecasting/results/partB/forecasts/partB_combined_stress_forecast_A3_AR_None.mat,forecast_results,105,106,0.0382087252491052,0.0382087252491052,0.050967643287847,0.044516889495023,0.00494632105500256,0.0329340831078493,0.000328321086253298,0,0.964285714285714,0.176785714285714,0.2125,0.500056315301103,1,closed_loop_monte_carlo,ok,ok,-200.964867214267
combined_stress,SEIR with observation and process noise,SEIR,ssa,1,1,1,A3,Damping Resurgence,AR,None,/home/kaahin/degree_project/hybrid-epidemic-forecasting/results/partB/forecasts/partB_combined_stress_forecast_A3_AR_None.mat,forecast_results,112,113,0.0423706485299247,0.0423706485299247,0.090401504585011,0.0717779624315083,0.00797532915905647,0.0343631251340091,3.21942368591491e-05,0,0.982142857142857,0.194642857142857,0.2125,0.51504376562849,1,closed_loop_monte_carlo,ok,ok,-214.745282136054
combined_stress,SEIR with observation and process noise,SEIR,ssa,1,1,1,A3,Damping Resurgence,AR,None,/home/kaahin/degree_project/hybrid-epidemic-forecasting/results/partB/forecasts/partB_combined_stress_forecast_A3_AR_None.mat,forecast_results,119,120,0.0627227428754049,0.0627227428754049,0.186973415021319,0.154552143005559,0.017172460333951,0.0345561392462511,0,0.0109941432952028,0.839285714285714,0.0517857142857143,0.2125,0.522810295598304,1,closed_loop_monte_carlo,ok,ok,-227.465618620678
combined_stress,SEIR with observation and process noise,SEIR,ssa,1,1,1,A3,Damping Resurgence,AR,None,/home/kaahin/degree_project/hybrid-epidemic-forecasting/results/partB/forecasts/partB_combined_stress_forecast_A3_AR_None.mat,forecast_results,126,127,0.108814839423762,0.108814839423762,0.314508835693789,0.290160660876547,0.0322400734307274,0.0362582324505676,0,0.0403165335424675,0.553571428571429,-0.233928571428571,0.348214285714286,0.523821023442301,1,closed_loop_monte_carlo,ok,ok,-242.69645678928
combined_stress,SEIR with observation and process noise,SEIR,ssa,1,1,1,A3,Damping Resurgence,AR,None,/home/kaahin/degree_project/hybrid-epidemic-forecasting/results/partB/forecasts/partB_combined_stress_forecast_A3_AR_None.mat,forecast_results,133,134,0.0890990365188842,0.0890990365188842,0.261627137242177,0.241165730803397,0.0267961923114885,0.0389496769648198,0,0.0233531672425758,0.732142857142857,-0.0553571428571429,0.266071428571429,0.576940334939557,1,closed_loop_monte_carlo,ok,ok,-250.70331087457
combined_stress,SEIR with observation and process noise,SEIR,ssa,1,1,1,A3,Damping Resurgence,AR,None,/home/kaahin/degree_project/hybrid-epidemic-forecasting/results/partB/forecasts/partB_combined_stress_forecast_A3_AR_None.mat,forecast_results,140,141,0.0574065331719232,0.0574065331719232,0.0607324841754477,0.0431658437320078,0.00479620485911198,0.0513457965084593,0.00126453180435191,0,0.982142857142857,0.194642857142857,0.2125,0.755686521429256,1,closed_loop_monte_carlo,ok,ok,-265.654298447374
combined_stress,SEIR with observation and process noise,SEIR,ssa,1,1,1,A3,Damping Resurgence,AR,None,/home/kaahin/degree_project/hybrid-epidemic-forecasting/results/partB/forecasts/partB_combined_stress_forecast_A3_AR_None.mat,forecast_results,147,148,0.0474243911609359,0.0474243911609359,0.0331708905590441,0.0252833290793953,0.00280925878659947,0.0446151323743364,0,0,1,0.2125,0.2125,0.649386026988415,1,closed_loop_monte_carlo,ok,ok,-277.153258410331
combined_stress,SEIR with observation and process noise,SEIR,ssa,1,1,1,A3,Damping Resurgence,AR,None,/home/kaahin/degree_project/hybrid-epidemic-forecasting/results/partB/forecasts/partB_combined_stress_forecast_A3_AR_None.mat,forecast_results,154,155,0.044844810541771,0.044844810541771,0.0698546742822574,0.0606892801018832,0.00674325334465369,0.0381015571971173,0,0,1,0.2125,0.2125,0.551484416446101,1,closed_loop_monte_carlo,ok,ok,-295.371472187746
combined_stress,SEIR with observation and process noise,SEIR,ssa,1,1,1,A3,Damping Resurgence,AR,None,/home/kaahin/degree_project/hybrid-epidemic-forecasting/results/partB/forecasts/partB_combined_stress_forecast_A3_AR_None.mat,forecast_results,161,162,0.0844979324556827,0.0844979324556827,0.227490202174182,0.2146120978374,0.0238457886486,0.0406187030705176,0.0200334407365651,0,0.732142857142857,-0.0553571428571429,0.233928571428571,0.595546987528408,1,closed_loop_monte_carlo,ok,ok,-310.826228436572
combined_stress,SEIR with observation and process noise,SEIR,ssa,1,1,1,A3,Damping Resurgence,AR,None,/home/kaahin/degree_project/hybrid-epidemic-forecasting/results/partB/forecasts/partB_combined_stress_forecast_A3_AR_None.mat,forecast_results,168,169,0.0722495647007922,0.0722495647007922,0.194631289571852,0.184811793274783,0.0205346436971981,0.0393109473474699,0.0124039736561242,0,0.75,-0.0375,0.223214285714286,0.564574348140382,1,closed_loop_monte_carlo,ok,ok,-325.804904238922
combined_stress,SEIR with observation and process noise,SEIR,ssa,1,1,1,A3,Damping Resurgence,AR,None,/home/kaahin/degree_project/hybrid-epidemic-forecasting/results/partB/forecasts/partB_combined_stress_forecast_A3_AR_None.mat,forecast_results,175,176,0.0583911981106079,0.0583911981106079,0.146152565266491,0.143740314735011,0.0159711460816679,0.0326376149185728,0.00978243711036724,0,0.732142857142857,-0.0553571428571429,0.233928571428571,0.484157754223377,1,closed_loop_monte_carlo,ok,ok,-342.452891646144
combined_stress,SEIR with observation and process noise,SEIR,ssa,1,1,1,A3,Damping Resurgence,AR,None,/home/kaahin/degree_project/hybrid-epidemic-forecasting/results/partB/forecasts/partB_combined_stress_forecast_A3_AR_None.mat,forecast_results,182,183,0.0336378553594093,0.0336378553594093,0.074387068096934,0.0597781491108661,0.00664201656787401,0.0269280878889192,0,6.7750902616045e-05,0.982142857142857,0.194642857142857,0.2125,0.39384991251258,1,closed_loop_monte_carlo,ok,ok,-358.594443205017
combined_stress,SEIR with observation and process noise,SEIR,ssa,1,1,1,A3,Damping Resurgence,AR,None,/home/kaahin/degree_project/hybrid-epidemic-forecasting/results/partB/forecasts/partB_combined_stress_forecast_A3_AR_None.mat,forecast_results,189,190,0.056238315458524,0.056238315458524,0.165022127137626,0.138239870906612,0.0153599856562902,0.0277709214054125,0,0.0131074083968212,0.785714285714286,-0.00178571428571429,0.269642857142857,0.405036927343539,1,closed_loop_monte_carlo,ok,ok,-373.108483552266
combined_stress,SEIR with observation and process noise,SEIR,ssa,1,1,1,A3,Damping Resurgence,AR,None,/home/kaahin/degree_project/hybrid-epidemic-forecasting/results/partB/forecasts/partB_combined_stress_forecast_A3_AR_None.mat,forecast_results,196,197,0.0967022827326198,0.0967022827326198,0.276386195076599,0.244535556428253,0.027170617380917,0.0319621968438577,0,0.0375694685078451,0.571428571428571,-0.216071428571429,0.341071428571429,0.467548008315808,1,closed_loop_monte_carlo,ok,ok,-384.583404585384
combined_stress,SEIR with observation and process noise,SEIR,ssa,1,1,1,A3,Damping Resurgence,AR,None,/home/kaahin/degree_project/hybrid-epidemic-forecasting/results/partB/forecasts/partB_combined_stress_forecast_A3_AR_None.mat,forecast_results,203,204,0.063612619976702,0.063612619976702,0.187316641247396,0.16333032895913,0.0181478143287922,0.0342457649301142,0,0.0112190407177956,0.803571428571429,0.0160714285714286,0.2125,0.503377881395696,1,closed_loop_monte_carlo,ok,ok,-393.594284419783
combined_stress,SEIR with observation and process noise,SEIR,ssa,1,1,1,A3,Damping Resurgence,AR,None,/home/kaahin/degree_project/hybrid-epidemic-forecasting/results/partB/forecasts/partB_combined_stress_forecast_A3_AR_None.mat,forecast_results,210,211,0.0542264122255148,0.0542264122255148,0.11357637187851,0.105426188109765,0.0117140209010849,0.0422324885897832,0,0.000279902734646586,0.964285714285714,0.176785714285714,0.2125,0.646009725301964,1,closed_loop_monte_carlo,ok,ok,-406.070924119382
combined_stress,SEIR with observation and process noise,SEIR,ssa,1,1,1,A3,Damping Resurgence,AR,None,/home/kaahin/degree_project/hybrid-epidemic-forecasting/results/partB/forecasts/partB_combined_stress_forecast_A3_AR_None.mat,forecast_results,217,218,0.0666898255660616,0.0666898255660616,0.130679109319285,0.12771426007858,0.0141904733420645,0.0514264313487246,0.0010729208752725,0,0.964285714285714,0.176785714285714,0.2125,0.746705870205421,1,closed_loop_monte_carlo,ok,ok,-420.405346403494
combined_stress,SEIR with observation and process noise,SEIR,ssa,1,1,1,A3,Damping Resurgence,AR,None,/home/kaahin/degree_project/hybrid-epidemic-forecasting/results/partB/forecasts/partB_combined_stress_forecast_A3_AR_None.mat,forecast_results,224,225,0.0485569714164574,0.0485569714164574,0.0817362531911404,0.0683735317933679,0.00759705908815199,0.0406586240868398,0,0.000301288241465635,0.982142857142857,0.194642857142857,0.2125,0.59486239120766,1,closed_loop_monte_carlo,ok,ok,-432.68657176305
combined_stress,SEIR with observation and process noise,SEIR,ssa,1,1,1,A3,Damping Resurgence,AR,None,/home/kaahin/degree_project/hybrid-epidemic-forecasting/results/partB/forecasts/partB_combined_stress_forecast_A3_AR_None.mat,forecast_results,231,232,0.0848352359103874,0.0848352359103874,0.241206425555998,0.229987710188753,0.0255541900209726,0.0420122594422831,0.0172687864471318,0,0.75,-0.0375,0.2125,0.620701996408904,1,closed_loop_monte_carlo,ok,ok,-451.249641015881
combined_stress,SEIR with observation and process noise,SEIR,ssa,1,1,1,A3,Damping Resurgence,AR,None,/home/kaahin/degree_project/hybrid-epidemic-forecasting/results/partB/forecasts/partB_combined_stress_forecast_A3_AR_None.mat,forecast_results,238,239,0.0503671672633553,0.0503671672633553,0.124800655347099,0.109701871210127,0.0121890968011252,0.0368307550384465,0.00134731542378362,0,0.928571428571429,0.141071428571429,0.2125,0.53439466163821,1,closed_loop_monte_carlo,ok,ok,-468.392216123144
combined_stress,SEIR with observation and process noise,SEIR,ssa,1,1,1,A3,Damping Resurgence,AR,None,/home/kaahin/degree_project/hybrid-epidemic-forecasting/results/partB/forecasts/partB_combined_stress_forecast_A3_AR_None.mat,forecast_results,245,246,0.0384245807575175,0.0384245807575175,0.0853459155823896,0.0794088291379194,0.0088232032375466,0.0289343414382779,0.000667036081692998,0,0.928571428571429,0.141071428571429,0.2125,0.452859293326711,1,closed_loop_monte_carlo,ok,ok,-477.347707108344
combined_stress,SEIR with observation and process noise,SEIR,ssa,1,1,1,A3,Damping Resurgence,AR,None,/home/kaahin/degree_project/hybrid-epidemic-forecasting/results/partB/forecasts/partB_combined_stress_forecast_A3_AR_None.mat,forecast_results,252,253,0.0325415760369221,0.0325415760369221,0.0335449257399627,0.0285758964482892,0.00317509960536547,0.0293664764315567,0,0,1,0.2125,0.2125,0.428068125072258,1,closed_loop_monte_carlo,ok,ok,-491.559623407056
combined_stress,SEIR with observation and process noise,SEIR,ssa,1,1,1,A3,Damping Resurgence,AR,None,/home/kaahin/degree_project/hybrid-epidemic-forecasting/results/partB/forecasts/partB_combined_stress_forecast_A3_AR_None.mat,forecast_results,259,260,0.0402530661879072,0.0402530661879072,0.114454458455428,0.0885811278396863,0.00984234753774292,0.0269174240184073,0,0.00349329463175704,0.892857142857143,0.105357142857143,0.2125,0.403722235900293,1,closed_loop_monte_carlo,ok,ok,-506.504894759053
combined_stress,SEIR with observation and process noise,SEIR,ssa,1,1,1,A3,Damping Resurgence,AR,None,/home/kaahin/degree_project/hybrid-epidemic-forecasting/results/partB/forecasts/partB_combined_stress_forecast_A3_AR_None.mat,forecast_results,266,267,0.0710338344556444,0.0710338344556444,0.222498003750569,0.193686401076038,0.0215207112306709,0.0322398636201519,0,0.0172732596048216,0.767857142857143,-0.0196428571428571,0.233928571428571,0.476579909706087,1,closed_loop_monte_carlo,ok,ok,-522.057298290885
combined_stress,SEIR with observation and process noise,SEIR,ssa,1,1,1,A3,Damping Resurgence,AR,None,/home/kaahin/degree_project/hybrid-epidemic-forecasting/results/partB/forecasts/partB_combined_stress_forecast_A3_AR_None.mat,forecast_results,273,274,0.0667994056744579,0.0667994056744579,0.197061834762288,0.175822708016006,0.0195358564462229,0.0375622592833098,0,0.00970128994492523,0.821428571428571,0.0339285714285714,0.2125,0.553554804681916,1,closed_loop_monte_carlo,ok,ok,-535.335333058381
combined_stress,SEIR with observation and process noise,SEIR,ssa,1,1,1,A3,Damping Resurgence,AR,None,/home/kaahin/degree_project/hybrid-epidemic-forecasting/results/partB/forecasts/partB_combined_stress_forecast_A3_AR_None.mat,forecast_results,280,281,0.0700336769024037,0.0700336769024037,0.208657009374548,0.197994976210458,0.021999441801162,0.0349129532152501,0,0.0131212818859916,0.785714285714286,-0.00178571428571429,0.2125,0.516664983308334,1,closed_loop_monte_carlo,ok,ok,-554.581887856267
combined_stress,SEIR with observation and process noise,SEIR,ssa,1,1,1,A3,Damping Resurgence,AR,None,/home/kaahin/degree_project/hybrid-epidemic-forecasting/results/partB/forecasts/partB_combined_stress_forecast_A3_AR_None.mat,forecast_results,287,288,0.0839509116020112,0.0839509116020112,0.231974274420078,0.225899217837926,0.0250999130931028,0.0406208226104957,0,0.0182301758984126,0.714285714285714,-0.0732142857142857,0.244642857142857,0.601104109760234,1,closed_loop_monte_carlo,ok,ok,-557.253409620312
combined_stress,SEIR with observation and process noise,SEIR,ssa,1,1,1,A3,Damping Resurgence,AR,None,/home/kaahin/degree_project/hybrid-epidemic-forecasting/results/partB/forecasts/partB_combined_stress_forecast_A3_AR_None.mat,forecast_results,294,295,0.0528839145882135,0.0528839145882135,0.107308393575659,0.0949040513095659,0.0105448945899518,0.0423350262774153,3.99372084643124e-06,0,0.982142857142857,0.194642857142857,0.2125,0.633020871422377,1,closed_loop_monte_carlo,ok,ok,-555.812197619086
combined_stress,SEIR with observation and process noise,SEIR,ssa,1,1,1,A3,Damping Resurgence,AR,None,/home/kaahin/degree_project/hybrid-epidemic-forecasting/results/partB/forecasts/partB_combined_stress_forecast_A3_AR_None.mat,forecast_results,301,302,0.0758488142806693,0.0758488142806693,0.221577360015867,0.194292098221064,0.0215880109134515,0.0415150119305199,0.0127457914366979,0,0.803571428571429,0.0160714285714286,0.2125,0.593944517158537,1,closed_loop_monte_carlo,ok,ok,-561.208017141253
combined_stress,SEIR with observation and process noise,SEIR,ssa,1,1,1,A3,Damping Resurgence,AR,None,/home/kaahin/degree_project/hybrid-epidemic-forecasting/results/partB/forecasts/partB_combined_stress_forecast_A3_AR_None.mat,forecast_results,308,309,0.0823784495193203,0.0823784495193203,0.226519468734213,0.211510939962145,0.0235012155513494,0.034621369933529,0.0242558640344419,0,0.660714285714286,-0.126785714285714,0.269642857142857,0.516099105502979,1,closed_loop_monte_carlo,ok,ok,-579.040413895733
combined_stress,SEIR with observation and process noise,SEIR,ssa,1,1,1,A3,Damping Resurgence,AR,None,/home/kaahin/degree_project/hybrid-epidemic-forecasting/results/partB/forecasts/partB_combined_stress_forecast_A3_AR_None.mat,forecast_results,315,316,0.103719858136691,0.103719858136691,0.251182457728026,0.241733735165952,0.026859303907328,0.0304401094990976,0.0464204447302649,0,0.285714285714286,-0.501785714285714,0.535714285714286,0.443457642614221,1,closed_loop_monte_carlo,ok,ok,-594.485073267435
combined_stress,SEIR with observation and process noise,SEIR,ssa,1,1,1,A3,Damping Resurgence,AR,None,/home/kaahin/degree_project/hybrid-epidemic-forecasting/results/partB/forecasts/partB_combined_stress_forecast_A3_AR_None.mat,forecast_results,322,323,0.0526838999568634,0.0526838999568634,0.137004877539502,0.125892447242079,0.0139880496935643,0.0231111491859511,0.015584701077348,0,0.571428571428571,-0.216071428571429,0.364285714285714,0.332977972199847,1,closed_loop_monte_carlo,ok,ok,-608.950540171913
combined_stress,SEIR with observation and process noise,SEIR,ssa,1,1,1,A3,Damping Resurgence,AR,None,/home/kaahin/degree_project/hybrid-epidemic-forecasting/results/partB/forecasts/partB_combined_stress_forecast_A3_AR_None.mat,forecast_results,329,330,0.0432666194821513,0.0432666194821513,0.11835014194072,0.111359564704399,0.0123732849671554,0.0209586235877412,0.00993471092725467,0,0.714285714285714,-0.0732142857142857,0.233928571428571,0.307030431475761,1,closed_loop_monte_carlo,ok,ok,-626.796291240541
combined_stress,SEIR with observation and process noise,SEIR,ssa,1,1,1,A3,Damping Resurgence,AR,None,/home/kaahin/degree_project/hybrid-epidemic-forecasting/results/partB/forecasts/partB_combined_stress_forecast_A3_AR_None.mat,forecast_results,336,337,0.0421510964197859,0.0421510964197859,0.112263444602676,0.0978636993913668,0.0108737443768185,0.0224312588499348,0.00884609319303254,0,0.767857142857143,-0.0196428571428571,0.233928571428571,0.334227160612088,1,closed_loop_monte_carlo,ok,ok,-628.443387992541
combined_stress,SEIR with observation and process noise,SEIR,ssa,1,1,1,A3,Damping Resurgence,AR,None,/home/kaahin/degree_project/hybrid-epidemic-forecasting/results/partB/forecasts/partB_combined_stress_forecast_A3_AR_None.mat,forecast_results,343,344,0.031543172560164,0.031543172560164,0.0777098274185253,0.0725089084669507,0.00805654538521675,0.022307663723815,0.00117896345113232,0,0.857142857142857,0.0696428571428571,0.2125,0.328104274072931,1,closed_loop_monte_carlo,ok,ok,-638.004371924139
combined_stress,SEIR with observation and process noise,SEIR,ssa,1,1,1,A3,Damping Resurgence,AR,None,/home/kaahin/degree_project/hybrid-epidemic-forecasting/results/partB/forecasts/partB_combined_stress_forecast_A3_AR_None.mat,forecast_results,350,351,0.0235569112167789,0.0235569112167789,0.0439581842781101,0.0374044730259986,0.00415605255844429,0.0179517078340044,0,0.00144915082433019,0.910714285714286,0.123214285714286,0.2125,0.2717717665576,1,closed_loop_monte_carlo,ok,ok,-650.290835705257
combined_stress,SEIR with observation and process noise,SEIR,ssa,1,1,1,A3,Damping Resurgence,ARX,I,/home/kaahin/degree_project/hybrid-epidemic-forecasting/results/partB/forecasts/partB_combined_stress_forecast_A3_ARX_I.mat,forecast_results,49,50,0.0858015010076479,0.0858015010076479,0.243978696684662,0.215220785113966,0.0239134205682184,0.027842910225505,0,0.0340451702139245,0.642857142857143,-0.144642857142857,0.305357142857143,0.405167428282216,1,closed_loop_monte_carlo,ok,ok,-49.3209778119873
combined_stress,SEIR with observation and process noise,SEIR,ssa,1,1,1,A3,Damping Resurgence,ARX,I,/home/kaahin/degree_project/hybrid-epidemic-forecasting/results/partB/forecasts/partB_combined_stress_forecast_A3_ARX_I.mat,forecast_results,56,57,0.0698629702431969,0.0698629702431969,0.205559445018134,0.172162731758222,0.0191291924175802,0.0355780463965055,0,0.0151557314291112,0.839285714285714,0.0517857142857143,0.233928571428571,0.525345735871041,1,closed_loop_monte_carlo,ok,ok,-72.1374657169214
combined_stress,SEIR with observation and process noise,SEIR,ssa,1,1,1,A3,Damping Resurgence,ARX,I,/home/kaahin/degree_project/hybrid-epidemic-forecasting/results/partB/forecasts/partB_combined_stress_forecast_A3_ARX_I.mat,forecast_results,63,64,0.135896690083402,0.135896690083402,0.361258991086298,0.315471072530303,0.0350523413922558,0.0529838246326974,0.0478605240584487,0,0.589285714285714,-0.198214285714286,0.323214285714286,0.788188747600263,1,closed_loop_monte_carlo,ok,ok,-90.0640365505305
combined_stress,SEIR with observation and process noise,SEIR,ssa,1,1,1,A3,Damping Resurgence,ARX,I,/home/kaahin/degree_project/hybrid-epidemic-forecasting/results/partB/forecasts/partB_combined_stress_forecast_A3_ARX_I.mat,forecast_results,70,71,0.373105877024974,0.373105877024974,0.941401493201887,0.696214546894884,0.0773571718772093,0.10001798960554,0.195730715542225,0,0.375,-0.4125,0.533928571428571,1.69533381412004,1,closed_loop_monte_carlo,ok_partial_draws,ok,-108.050597825198
combined_stress,SEIR with observation and process noise,SEIR,ssa,1,1,1,A3,Damping Resurgence,ARX,I,/home/kaahin/degree_project/hybrid-epidemic-forecasting/results/partB/forecasts/partB_combined_stress_forecast_A3_ARX_I.mat,forecast_results,77,78,0.171661407031025,0.171661407031025,0.421131844086921,0.360274171951037,0.0400304635501152,0.0551089932589126,0.0765219502219974,0,0.357142857142857,-0.430357142857143,0.530357142857143,0.810417818676655,1,closed_loop_monte_carlo,ok,ok,-125.767969886042
combined_stress,SEIR with observation and process noise,SEIR,ssa,1,1,1,A3,Damping Resurgence,ARX,I,/home/kaahin/degree_project/hybrid-epidemic-forecasting/results/partB/forecasts/partB_combined_stress_forecast_A3_ARX_I.mat,forecast_results,84,85,0.278746273127987,0.278746273127987,0.543894199563592,0.497459505232325,0.0552732783591473,0.0474159293735877,0.176057065395252,0,0.0714285714285714,-0.716071428571429,0.730357142857143,0.681695221537305,1,closed_loop_monte_carlo,ok,ok,-139.488670435127
combined_stress,SEIR with observation and process noise,SEIR,ssa,1,1,1,A3,Damping Resurgence,ARX,I,/home/kaahin/degree_project/hybrid-epidemic-forecasting/results/partB/forecasts/partB_combined_stress_forecast_A3_ARX_I.mat,forecast_results,91,92,0.0500178286495005,0.0500178286495005,0.131794846749818,0.125418110798986,0.0139353456443318,0.0230085959811776,0,0.0130738870239911,0.75,-0.0375,0.233928571428571,0.329673761239735,1,closed_loop_monte_carlo,ok,ok,-152.602293530214
combined_stress,SEIR with observation and process noise,SEIR,ssa,1,1,1,A3,Damping Resurgence,ARX,I,/home/kaahin/degree_project/hybrid-epidemic-forecasting/results/partB/forecasts/partB_combined_stress_forecast_A3_ARX_I.mat,forecast_results,98,99,0.028797398283897,0.028797398283897,0.064543568568732,0.0517143324702009,0.00574603694113343,0.0224581719474478,0,0.000593189395315796,0.964285714285714,0.176785714285714,0.2125,0.335189420356655,1,closed_loop_monte_carlo,ok,ok,-173.302453076756
combined_stress,SEIR with observation and process noise,SEIR,ssa,1,1,1,A3,Damping Resurgence,ARX,I,/home/kaahin/degree_project/hybrid-epidemic-forecasting/results/partB/forecasts/partB_combined_stress_forecast_A3_ARX_I.mat,forecast_results,105,106,0.0317264721093657,0.0317264721093657,0.088665677040579,0.0682361253701669,0.00758179170779632,0.0214329942746438,0,0.00271168612692567,0.928571428571429,0.141071428571429,0.2125,0.321817559099931,1,closed_loop_monte_carlo,ok,ok,-192.034813831147
combined_stress,SEIR with observation and process noise,SEIR,ssa,1,1,1,A3,Damping Resurgence,ARX,I,/home/kaahin/degree_project/hybrid-epidemic-forecasting/results/partB/forecasts/partB_combined_stress_forecast_A3_ARX_I.mat,forecast_results,112,113,0.034944246144339,0.034944246144339,0.0905865427232206,0.0695073093218266,0.00772303436909184,0.0260864465297611,7.07725947948811e-06,0.00112768798600663,0.946428571428571,0.158928571428571,0.2125,0.367546926429301,1,closed_loop_monte_carlo,ok,ok,-207.785790310196
combined_stress,SEIR with observation and process noise,SEIR,ssa,1,1,1,A3,Damping Resurgence,ARX,I,/home/kaahin/degree_project/hybrid-epidemic-forecasting/results/partB/forecasts/partB_combined_stress_forecast_A3_ARX_I.mat,forecast_results,119,120,0.0487419032574614,0.0487419032574614,0.145707861010347,0.124597854941848,0.0138442061046498,0.0292068531868923,0,0.00569084396591929,0.857142857142857,0.0696428571428571,0.2125,0.427000668102978,1,closed_loop_monte_carlo,ok,ok,-218.750572344717
combined_stress,SEIR with observation and process noise,SEIR,ssa,1,1,1,A3,Damping Resurgence,ARX,I,/home/kaahin/degree_project/hybrid-epidemic-forecasting/results/partB/forecasts/partB_combined_stress_forecast_A3_ARX_I.mat,forecast_results,126,127,0.0911206463726289,0.0911206463726289,0.268682378917436,0.241237561655435,0.0268041735172706,0.034060673010852,0,0.0302557998445062,0.642857142857143,-0.144642857142857,0.316071428571429,0.504483854325328,1,closed_loop_monte_carlo,ok,ok,-234.950683956651
combined_stress,SEIR with observation and process noise,SEIR,ssa,1,1,1,A3,Damping Resurgence,ARX,I,/home/kaahin/degree_project/hybrid-epidemic-forecasting/results/partB/forecasts/partB_combined_stress_forecast_A3_ARX_I.mat,forecast_results,133,134,0.0561373544271461,0.0561373544271461,0.0878153388489585,0.0721434554490367,0.00801593949433742,0.0475895903483443,0,0.000531824584464349,0.964285714285714,0.176785714285714,0.2125,0.689679720653425,1,closed_loop_monte_carlo,ok,ok,-242.71181281168
combined_stress,SEIR with observation and process noise,SEIR,ssa,1,1,1,A3,Damping Resurgence,ARX,I,/home/kaahin/degree_project/hybrid-epidemic-forecasting/results/partB/forecasts/partB_combined_stress_forecast_A3_ARX_I.mat,forecast_results,140,141,0.216797030947536,0.216797030947536,0.580836794490038,0.461377540301262,0.0512641711445847,0.101853851334723,0.0636790084682283,0,0.607142857142857,-0.180357142857143,0.346428571428571,1.97670124062859,1,closed_loop_monte_carlo,ok,ok,-254.848757044406
combined_stress,SEIR with observation and process noise,SEIR,ssa,1,1,1,A3,Damping Resurgence,ARX,I,/home/kaahin/degree_project/hybrid-epidemic-forecasting/results/partB/forecasts/partB_combined_stress_forecast_A3_ARX_I.mat,forecast_results,147,148,0.0687679956740969,0.0687679956740969,0.197692011389991,0.151657143295519,0.0168507936995021,0.048275836226737,0.00364136574785776,0,0.928571428571429,0.141071428571429,0.2125,0.689576450889042,1,closed_loop_monte_carlo,ok,ok,-268.535283103644
combined_stress,SEIR with observation and process noise,SEIR,ssa,1,1,1,A3,Damping Resurgence,ARX,I,/home/kaahin/degree_project/hybrid-epidemic-forecasting/results/partB/forecasts/partB_combined_stress_forecast_A3_ARX_I.mat,forecast_results,154,155,0.0508266825133401,0.0508266825133401,0.101790690257601,0.0846435359085857,0.00940483732317618,0.0408168070913072,0.000591808850638165,1.32292482185339e-05,0.964285714285714,0.176785714285714,0.2125,0.600786423855164,1,closed_loop_monte_carlo,ok,ok,-286.409763939085
combined_stress,SEIR with observation and process noise,SEIR,ssa,1,1,1,A3,Damping Resurgence,ARX,I,/home/kaahin/degree_project/hybrid-epidemic-forecasting/results/partB/forecasts/partB_combined_stress_forecast_A3_ARX_I.mat,forecast_results,161,162,0.150068596346145,0.150068596346145,0.374917431662074,0.338666039510988,0.0376295599456653,0.0435181576713663,0.068920878729113,0,0.392857142857143,-0.394642857142857,0.467857142857143,0.666711758965337,1,closed_loop_monte_carlo,ok,ok,-302.894268518914
combined_stress,SEIR with observation and process noise,SEIR,ssa,1,1,1,A3,Damping Resurgence,ARX,I,/home/kaahin/degree_project/hybrid-epidemic-forecasting/results/partB/forecasts/partB_combined_stress_forecast_A3_ARX_I.mat,forecast_results,168,169,0.0864098442803137,0.0864098442803137,0.228534682600126,0.219319524404112,0.0243688360449013,0.0331154960563203,0.0289255121790922,0,0.535714285714286,-0.251785714285714,0.353571428571429,0.486960238295143,1,closed_loop_monte_carlo,ok,ok,-317.779161809312
combined_stress,SEIR with observation and process noise,SEIR,ssa,1,1,1,A3,Damping Resurgence,ARX,I,/home/kaahin/degree_project/hybrid-epidemic-forecasting/results/partB/forecasts/partB_combined_stress_forecast_A3_ARX_I.mat,forecast_results,175,176,0.0352099030956384,0.0352099030956384,0.0598992169418157,0.0529813470972063,0.00588681634413404,0.0276090867157486,0.00171400003575573,0,0.928571428571429,0.141071428571429,0.223214285714286,0.406082602532865,1,closed_loop_monte_carlo,ok,ok,-335.207892434124
combined_stress,SEIR with observation and process noise,SEIR,ssa,1,1,1,A3,Damping Resurgence,ARX,I,/home/kaahin/degree_project/hybrid-epidemic-forecasting/results/partB/forecasts/partB_combined_stress_forecast_A3_ARX_I.mat,forecast_results,182,183,0.0444602310400994,0.0444602310400994,0.139215516090711,0.111213266285654,0.0123570295872948,0.0215235940570492,0.000231700356457592,0.0103479070392978,0.785714285714286,-0.00178571428571429,0.233928571428571,0.315035214302615,1,closed_loop_monte_carlo,ok,ok,-353.725261701842
combined_stress,SEIR with observation and process noise,SEIR,ssa,1,1,1,A3,Damping Resurgence,ARX,I,/home/kaahin/degree_project/hybrid-epidemic-forecasting/results/partB/forecasts/partB_combined_stress_forecast_A3_ARX_I.mat,forecast_results,189,190,0.0462590509451041,0.0462590509451041,0.13436449688544,0.112573356643555,0.0125081507381727,0.0284748480693963,0,0.00527605213753504,0.875,0.0875,0.2125,0.419961007113734,1,closed_loop_monte_carlo,ok,ok,-368.151708536781
combined_stress,SEIR with observation and process noise,SEIR,ssa,1,1,1,A3,Damping Resurgence,ARX,I,/home/kaahin/degree_project/hybrid-epidemic-forecasting/results/partB/forecasts/partB_combined_stress_forecast_A3_ARX_I.mat,forecast_results,196,197,0.0575201006511183,0.0575201006511183,0.179831128979243,0.155934437081175,0.017326048564575,0.0347834101712976,0,0.0054106419152457,0.821428571428571,0.0339285714285714,0.2125,0.50311782091075,1,closed_loop_monte_carlo,ok,ok,-379.523555328774
combined_stress,SEIR with observation and process noise,SEIR,ssa,1,1,1,A3,Damping Resurgence,ARX,I,/home/kaahin/degree_project/hybrid-epidemic-forecasting/results/partB/forecasts/partB_combined_stress_forecast_A3_ARX_I.mat,forecast_results,203,204,0.0497678599823938,0.0497678599823938,0.0758276051661946,0.0649032366391225,0.00721147073768028,0.0419718313796403,0,0.000584557865073137,0.982142857142857,0.194642857142857,0.2125,0.594226937733478,1,closed_loop_monte_carlo,ok,ok,-391.701024294137
combined_stress,SEIR with observation and process noise,SEIR,ssa,1,1,1,A3,Damping Resurgence,ARX,I,/home/kaahin/degree_project/hybrid-epidemic-forecasting/results/partB/forecasts/partB_combined_stress_forecast_A3_ARX_I.mat,forecast_results,210,211,0.0700543657727965,0.0700543657727965,0.176258416247041,0.145195678132861,0.0161328531258735,0.0525744905920563,0.00134702205486669,0,0.946428571428571,0.158928571428571,0.2125,0.771888475874815,1,closed_loop_monte_carlo,ok,ok,-403.121332807789
combined_stress,SEIR with observation and process noise,SEIR,ssa,1,1,1,A3,Damping Resurgence,ARX,I,/home/kaahin/degree_project/hybrid-epidemic-forecasting/results/partB/forecasts/partB_combined_stress_forecast_A3_ARX_I.mat,forecast_results,217,218,0.202242803075069,0.202242803075069,0.550198529614558,0.475822088157639,0.0528691209064044,0.0645393538076977,0.0848343283609668,0,0.464285714285714,-0.323214285714286,0.408928571428571,0.956903489028096,1,closed_loop_monte_carlo,ok,ok,-419.653221347207
combined_stress,SEIR with observation and process noise,SEIR,ssa,1,1,1,A3,Damping Resurgence,ARX,I,/home/kaahin/degree_project/hybrid-epidemic-forecasting/results/partB/forecasts/partB_combined_stress_forecast_A3_ARX_I.mat,forecast_results,224,225,0.0589690008505755,0.0589690008505755,0.152649985671925,0.119077250426794,0.0132308056029771,0.0433104722667546,0.0024277229808439,0,0.946428571428571,0.158928571428571,0.2125,0.638310663006109,1,closed_loop_monte_carlo,ok,ok,-434.367868475098
combined_stress,SEIR with observation and process noise,SEIR,ssa,1,1,1,A3,Damping Resurgence,ARX,I,/home/kaahin/degree_project/hybrid-epidemic-forecasting/results/partB/forecasts/partB_combined_stress_forecast_A3_ARX_I.mat,forecast_results,231,232,0.146185692524335,0.146185692524335,0.382259246785078,0.351712589409072,0.039079176601008,0.0528472315804901,0.0542592843428366,0,0.517857142857143,-0.269642857142857,0.358928571428571,0.770551507624719,1,closed_loop_monte_carlo,ok,ok,-452.614044853302
combined_stress,SEIR with observation and process noise,SEIR,ssa,1,1,1,A3,Damping Resurgence,ARX,I,/home/kaahin/degree_project/hybrid-epidemic-forecasting/results/partB/forecasts/partB_combined_stress_forecast_A3_ARX_I.mat,forecast_results,238,239,0.0315832536423083,0.0315832536423083,0.0215709608110336,0.0174817424696641,0.00194241582996268,0.0296408378123456,0,0,1,0.2125,0.2125,0.446027095000559,1,closed_loop_monte_carlo,ok,ok,-469.317598115107
combined_stress,SEIR with observation and process noise,SEIR,ssa,1,1,1,A3,Damping Resurgence,ARX,I,/home/kaahin/degree_project/hybrid-epidemic-forecasting/results/partB/forecasts/partB_combined_stress_forecast_A3_ARX_I.mat,forecast_results,245,246,0.0285374465866064,0.0285374465866064,0.0318170590953174,0.0243638191922209,0.00270709102135788,0.0258303555652486,0,0,1,0.2125,0.2125,0.3686625010035,1,closed_loop_monte_carlo,ok,ok,-475.645574756952
combined_stress,SEIR with observation and process noise,SEIR,ssa,1,1,1,A3,Damping Resurgence,ARX,I,/home/kaahin/degree_project/hybrid-epidemic-forecasting/results/partB/forecasts/partB_combined_stress_forecast_A3_ARX_I.mat,forecast_results,252,253,0.0285211462183413,0.0285211462183413,0.0531735832625765,0.0438746100251414,0.00487495666946015,0.0235473450660519,9.88444828293145e-05,0,0.982142857142857,0.194642857142857,0.2125,0.347545081059802,1,closed_loop_monte_carlo,ok,ok,-486.167526538549
combined_stress,SEIR with observation and process noise,SEIR,ssa,1,1,1,A3,Damping Resurgence,ARX,I,/home/kaahin/degree_project/hybrid-epidemic-forecasting/results/partB/forecasts/partB_combined_stress_forecast_A3_ARX_I.mat,forecast_results,259,260,0.03860435257203,0.03860435257203,0.113665938232125,0.0906378584028029,0.010070873155867,0.0254472031040433,0,0.0030862763121198,0.910714285714286,0.123214285714286,0.2125,0.368535678640349,1,closed_loop_monte_carlo,ok,ok,-501.313990935842
combined_stress,SEIR with observation and process noise,SEIR,ssa,1,1,1,A3,Damping Resurgence,ARX,I,/home/kaahin/degree_project/hybrid-epidemic-forecasting/results/partB/forecasts/partB_combined_stress_forecast_A3_ARX_I.mat,forecast_results,266,267,0.0830943020006505,0.0830943020006505,0.224625914157869,0.193535165425241,0.0215039072694712,0.0250492196135978,0,0.0365411751175815,0.517857142857143,-0.269642857142857,0.417857142857143,0.357561077421155,1,closed_loop_monte_carlo,ok,ok,-514.536842468913
combined_stress,SEIR with observation and process noise,SEIR,ssa,1,1,1,A3,Damping Resurgence,ARX,I,/home/kaahin/degree_project/hybrid-epidemic-forecasting/results/partB/forecasts/partB_combined_stress_forecast_A3_ARX_I.mat,forecast_results,273,274,0.047724275361638,0.047724275361638,0.134627745672965,0.118325281319314,0.0131472534799238,0.0305506340564489,0,0.00402638782526532,0.875,0.0875,0.2125,0.456979330913633,1,closed_loop_monte_carlo,ok,ok,-527.331595715903
combined_stress,SEIR with observation and process noise,SEIR,ssa,1,1,1,A3,Damping Resurgence,ARX,I,/home/kaahin/degree_project/hybrid-epidemic-forecasting/results/partB/forecasts/partB_combined_stress_forecast_A3_ARX_I.mat,forecast_results,280,281,0.0804515173233648,0.0804515173233648,0.234244777777293,0.224257425898878,0.024917491766542,0.0371472547660787,0,0.0183867707907441,0.75,-0.0375,0.223214285714286,0.547702840078968,1,closed_loop_monte_carlo,ok,ok,-546.383341344622
combined_stress,SEIR with observation and process noise,SEIR,ssa,1,1,1,A3,Damping Resurgence,ARX,I,/home/kaahin/degree_project/hybrid-epidemic-forecasting/results/partB/forecasts/partB_combined_stress_forecast_A3_ARX_I.mat,forecast_results,287,288,0.0737767678678846,0.0737767678678846,0.198330082386175,0.193009987418904,0.021445554157656,0.0381851115089112,0,0.0141461022013174,0.714285714285714,-0.0732142857142857,0.244642857142857,0.548894414563826,1,closed_loop_monte_carlo,ok,ok,-550.653708169181
combined_stress,SEIR with observation and process noise,SEIR,ssa,1,1,1,A3,Damping Resurgence,ARX,I,/home/kaahin/degree_project/hybrid-epidemic-forecasting/results/partB/forecasts/partB_combined_stress_forecast_A3_ARX_I.mat,forecast_results,294,295,0.0663070091763848,0.0663070091763848,0.170400730338623,0.158120491487818,0.0175689434986465,0.0445085603271277,0.00422950535061069,0,0.875,0.0875,0.223214285714286,0.655456989884187,1,closed_loop_monte_carlo,ok,ok,-554.063952696979
combined_stress,SEIR with observation and process noise,SEIR,ssa,1,1,1,A3,Damping Resurgence,ARX,I,/home/kaahin/degree_project/hybrid-epidemic-forecasting/results/partB/forecasts/partB_combined_stress_forecast_A3_ARX_I.mat,forecast_results,301,302,0.0651485205166288,0.0651485205166288,0.173268187455269,0.15250564926284,0.0169450721403155,0.0407752465534362,0.00742820182287709,0,0.803571428571429,0.0160714285714286,0.2125,0.603634632339801,1,closed_loop_monte_carlo,ok,ok,-552.372027570111
combined_stress,SEIR with observation and process noise,SEIR,ssa,1,1,1,A3,Damping Resurgence,ARX,I,/home/kaahin/degree_project/hybrid-epidemic-forecasting/results/partB/forecasts/partB_combined_stress_forecast_A3_ARX_I.mat,forecast_results,308,309,0.0555531458563392,0.0555531458563392,0.146643838162649,0.137320939791904,0.0152578821991005,0.0373582844378082,0.00293697921943052,0,0.875,0.0875,0.2125,0.542675564523566,1,closed_loop_monte_carlo,ok,ok,-567.749142912161
combined_stress,SEIR with observation and process noise,SEIR,ssa,1,1,1,A3,Damping Resurgence,ARX,I,/home/kaahin/degree_project/hybrid-epidemic-forecasting/results/partB/forecasts/partB_combined_stress_forecast_A3_ARX_I.mat,forecast_results,315,316,0.0918614718432137,0.0918614718432137,0.224504027310367,0.21423157401691,0.0238035082241011,0.033080776014553,0.0349771876045596,0,0.375,-0.4125,0.467857142857143,0.470640313156069,1,closed_loop_monte_carlo,ok,ok,-584.093542038564
combined_stress,SEIR with observation and process noise,SEIR,ssa,1,1,1,A3,Damping Resurgence,ARX,I,/home/kaahin/degree_project/hybrid-epidemic-forecasting/results/partB/forecasts/partB_combined_stress_forecast_A3_ARX_I.mat,forecast_results,322,323,0.0268787150729028,0.0268787150729028,0.0530385411757101,0.041908257840774,0.00465647309341934,0.0222222419794835,0,0,1,0.2125,0.2125,0.332539725600089,1,closed_loop_monte_carlo,ok,ok,-600.221183219582
combined_stress,SEIR with observation and process noise,SEIR,ssa,1,1,1,A3,Damping Resurgence,ARX,I,/home/kaahin/degree_project/hybrid-epidemic-forecasting/results/partB/forecasts/partB_combined_stress_forecast_A3_ARX_I.mat,forecast_results,329,330,0.0283292263119326,0.0283292263119326,0.0693330085283001,0.0654447289492235,0.00727163654991373,0.020957941367736,9.96483942828848e-05,0,0.946428571428571,0.158928571428571,0.2125,0.299442475699065,1,closed_loop_monte_carlo,ok,ok,-619.050987513883
combined_stress,SEIR with observation and process noise,SEIR,ssa,1,1,1,A3,Damping Resurgence,ARX,I,/home/kaahin/degree_project/hybrid-epidemic-forecasting/results/partB/forecasts/partB_combined_stress_forecast_A3_ARX_I.mat,forecast_results,336,337,0.0324162165703992,0.0324162165703992,0.0880600900741006,0.0767362741125779,0.00852625267917532,0.0193621490561715,0.00452781483505239,0,0.839285714285714,0.0517857142857143,0.2125,0.291438744904658,1,closed_loop_monte_carlo,ok,ok,-619.135567344562
combined_stress,SEIR with observation and process noise,SEIR,ssa,1,1,1,A3,Damping Resurgence,ARX,I,/home/kaahin/degree_project/hybrid-epidemic-forecasting/results/partB/forecasts/partB_combined_stress_forecast_A3_ARX_I.mat,forecast_results,343,344,0.0315021613928069,0.0315021613928069,0.083646780999677,0.0773120829506877,0.0085902314389653,0.0198714044568163,0.00304052549702527,0,0.839285714285714,0.0517857142857143,0.2125,0.287401035356519,1,closed_loop_monte_carlo,ok,ok,-626.967644638736
combined_stress,SEIR with observation and process noise,SEIR,ssa,1,1,1,A3,Damping Resurgence,ARX,I,/home/kaahin/degree_project/hybrid-epidemic-forecasting/results/partB/forecasts/partB_combined_stress_forecast_A3_ARX_I.mat,forecast_results,350,351,0.0263329543288889,0.0263329543288889,0.0626414085024584,0.0612496606838627,0.00680551785376252,0.0175519597697064,0,0.00197547670541997,0.857142857142857,0.0696428571428571,0.223214285714286,0.249991178904363,1,closed_loop_monte_carlo,ok,ok,-638.901136380363
combined_stress,SEIR with observation and process noise,SEIR,ssa,1,1,1,A4,Amplifying Resurgence,AR,None,/home/kaahin/degree_project/hybrid-epidemic-forecasting/results/partB/forecasts/partB_combined_stress_forecast_A4_AR_None.mat,forecast_results,49,50,0.113291976833471,0.113291976833471,0.27897231579263,0.25161653565713,0.0279573928507923,0.0223496016351161,0,0.0629849823475631,0.321428571428571,-0.466071428571429,0.5375,0.337554974603596,1,closed_loop_monte_carlo,ok,ok,-97.5552083672135
combined_stress,SEIR with observation and process noise,SEIR,ssa,1,1,1,A4,Amplifying Resurgence,AR,None,/home/kaahin/degree_project/hybrid-epidemic-forecasting/results/partB/forecasts/partB_combined_stress_forecast_A4_AR_None.mat,forecast_results,56,57,0.0470102160685123,0.0470102160685123,0.102802714932154,0.0864518403796335,0.0096057600421815,0.0374044560263308,0,0,1,0.2125,0.2125,0.561226367271125,1,closed_loop_monte_carlo,ok,ok,-103.911393041651
combined_stress,SEIR with observation and process noise,SEIR,ssa,1,1,1,A4,Amplifying Resurgence,AR,None,/home/kaahin/degree_project/hybrid-epidemic-forecasting/results/partB/forecasts/partB_combined_stress_forecast_A4_AR_None.mat,forecast_results,63,64,0.0539801441446888,0.0539801441446888,0.116906267603963,0.108364686083187,0.0120405206759097,0.0414212955134535,0,0.000518327955325525,0.982142857142857,0.194642857142857,0.2125,0.613749846489723,1,closed_loop_monte_carlo,ok,ok,-114.955088379698
combined_stress,SEIR with observation and process noise,SEIR,ssa,1,1,1,A4,Amplifying Resurgence,AR,None,/home/kaahin/degree_project/hybrid-epidemic-forecasting/results/partB/forecasts/partB_combined_stress_forecast_A4_AR_None.mat,forecast_results,70,71,0.0523559718427043,0.0523559718427043,0.0946439832428973,0.0881793602473849,0.00979770669415387,0.0416293217745254,0,0.000928943374025019,0.964285714285714,0.176785714285714,0.2125,0.605099788684344,1,closed_loop_monte_carlo,ok,ok,-134.628118875874
combined_stress,SEIR with observation and process noise,SEIR,ssa,1,1,1,A4,Amplifying Resurgence,AR,None,/home/kaahin/degree_project/hybrid-epidemic-forecasting/results/partB/forecasts/partB_combined_stress_forecast_A4_AR_None.mat,forecast_results,77,78,0.0454170216787935,0.0454170216787935,0.0879529270764343,0.0690268238381218,0.00766964709312464,0.0377473745856689,0,0,1,0.2125,0.2125,0.562315726034994,1,closed_loop_monte_carlo,ok,ok,-151.498307956677
combined_stress,SEIR with observation and process noise,SEIR,ssa,1,1,1,A4,Amplifying Resurgence,AR,None,/home/kaahin/degree_project/hybrid-epidemic-forecasting/results/partB/forecasts/partB_combined_stress_forecast_A4_AR_None.mat,forecast_results,84,85,0.0556566490952834,0.0556566490952834,0.154585920660309,0.133544078012147,0.0148382308902386,0.0343132041833354,0.00650521402170951,0,0.839285714285714,0.0517857142857143,0.2125,0.501818013142918,1,closed_loop_monte_carlo,ok,ok,-160.250771960995
combined_stress,SEIR with observation and process noise,SEIR,ssa,1,1,1,A4,Amplifying Resurgence,AR,None,/home/kaahin/degree_project/hybrid-epidemic-forecasting/results/partB/forecasts/partB_combined_stress_forecast_A4_AR_None.mat,forecast_results,91,92,0.117088363407808,0.117088363407808,0.287047204111633,0.278428636890073,0.0309365152100081,0.0354695971945516,0.0506822510032485,0,0.285714285714286,-0.501785714285714,0.5375,0.520367390423063,1,closed_loop_monte_carlo,ok,ok,-176.264005958871
combined_stress,SEIR with observation and process noise,SEIR,ssa,1,1,1,A4,Amplifying Resurgence,AR,None,/home/kaahin/degree_project/hybrid-epidemic-forecasting/results/partB/forecasts/partB_combined_stress_forecast_A4_AR_None.mat,forecast_results,98,99,0.0265262887784185,0.0265262887784185,0.0254613567985064,0.0193711747213837,0.00215235274682041,0.024373936031598,0,0,1,0.2125,0.2125,0.358589409214424,1,closed_loop_monte_carlo,ok,ok,-191.140964653148
combined_stress,SEIR with observation and process noise,SEIR,ssa,1,1,1,A4,Amplifying Resurgence,AR,None,/home/kaahin/degree_project/hybrid-epidemic-forecasting/results/partB/forecasts/partB_combined_stress_forecast_A4_AR_None.mat,forecast_results,105,106,0.0275959180196853,0.0275959180196853,0.0540370512127502,0.041323356141829,0.00459148401575878,0.0229759251992802,0,2.85088046463886e-05,0.982142857142857,0.194642857142857,0.2125,0.339133151361416,1,closed_loop_monte_carlo,ok,ok,-207.28347337993
combined_stress,SEIR with observation and process noise,SEIR,ssa,1,1,1,A4,Amplifying Resurgence,AR,None,/home/kaahin/degree_project/hybrid-epidemic-forecasting/results/partB/forecasts/partB_combined_stress_forecast_A4_AR_None.mat,forecast_results,112,113,0.0580993531401899,0.0580993531401899,0.183883854692043,0.163269050794849,0.0181410056438721,0.0247892865981966,0,0.0151690608981212,0.803571428571429,0.0160714285714286,0.2125,0.36354613643139,1,closed_loop_monte_carlo,ok,ok,-223.424581979141
combined_stress,SEIR with observation and process noise,SEIR,ssa,1,1,1,A4,Amplifying Resurgence,AR,None,/home/kaahin/degree_project/hybrid-epidemic-forecasting/results/partB/forecasts/partB_combined_stress_forecast_A4_AR_None.mat,forecast_results,119,120,0.112906202994599,0.112906202994599,0.274572901840176,0.246397373344804,0.0273774859272005,0.023054330632478,0,0.0624743864349204,0.375,-0.4125,0.492857142857143,0.34197339308159,1,closed_loop_monte_carlo,ok,ok,-241.313895777047
combined_stress,SEIR with observation and process noise,SEIR,ssa,1,1,1,A4,Amplifying Resurgence,AR,None,/home/kaahin/degree_project/hybrid-epidemic-forecasting/results/partB/forecasts/partB_combined_stress_forecast_A4_AR_None.mat,forecast_results,126,127,0.0505129076369044,0.0505129076369044,0.139004506576578,0.110238904539295,0.0122487671710327,0.036821133450846,0,0.00144300701502566,0.928571428571429,0.141071428571429,0.2125,0.534221455649586,1,closed_loop_monte_carlo,ok,ok,-255.794148887719
combined_stress,SEIR with observation and process noise,SEIR,ssa,1,1,1,A4,Amplifying Resurgence,AR,None,/home/kaahin/degree_project/hybrid-epidemic-forecasting/results/partB/forecasts/partB_combined_stress_forecast_A4_AR_None.mat,forecast_results,133,134,0.0493390312809186,0.0493390312809186,0.0924382194878876,0.0739015808575649,0.00821128676195165,0.0411277445189669,0,0,1,0.2125,0.2125,0.587447379924245,1,closed_loop_monte_carlo,ok,ok,-264.28897080648
combined_stress,SEIR with observation and process noise,SEIR,ssa,1,1,1,A4,Amplifying Resurgence,AR,None,/home/kaahin/degree_project/hybrid-epidemic-forecasting/results/partB/forecasts/partB_combined_stress_forecast_A4_AR_None.mat,forecast_results,140,141,0.0765042303032204,0.0765042303032204,0.211779773428187,0.209590032465026,0.0232877813850029,0.0364170742888962,0,0.0167993746293212,0.678571428571429,-0.108928571428571,0.258928571428571,0.53849443473152,1,closed_loop_monte_carlo,ok,ok,-277.236514931239
combined_stress,SEIR with observation and process noise,SEIR,ssa,1,1,1,A4,Amplifying Resurgence,AR,None,/home/kaahin/degree_project/hybrid-epidemic-forecasting/results/partB/forecasts/partB_combined_stress_forecast_A4_AR_None.mat,forecast_results,147,148,0.0515275084718868,0.0515275084718868,0.0668993666789776,0.0532919858233772,0.00592133175815302,0.0456061767137338,0,0,1,0.2125,0.2125,0.671586310450499,1,closed_loop_monte_carlo,ok,ok,-294.508206752698
combined_stress,SEIR with observation and process noise,SEIR,ssa,1,1,1,A4,Amplifying Resurgence,AR,None,/home/kaahin/degree_project/hybrid-epidemic-forecasting/results/partB/forecasts/partB_combined_stress_forecast_A4_AR_None.mat,forecast_results,154,155,0.0956102012000227,0.0956102012000227,0.25340322872407,0.230378599483059,0.0255976221647843,0.039384624603637,0.0306279544316014,0,0.625,-0.1625,0.319642857142857,0.581705284172525,1,closed_loop_monte_carlo,ok,ok,-312.562706545844
combined_stress,SEIR with observation and process noise,SEIR,ssa,1,1,1,A4,Amplifying Resurgence,AR,None,/home/kaahin/degree_project/hybrid-epidemic-forecasting/results/partB/forecasts/partB_combined_stress_forecast_A4_AR_None.mat,forecast_results,161,162,0.0393516718349637,0.0393516718349637,0.0584755520458932,0.0484608421855926,0.0053845380206214,0.0339671338143423,0,0,1,0.2125,0.2125,0.496335698275829,1,closed_loop_monte_carlo,ok,ok,-325.009913513152
combined_stress,SEIR with observation and process noise,SEIR,ssa,1,1,1,A4,Amplifying Resurgence,AR,None,/home/kaahin/degree_project/hybrid-epidemic-forecasting/results/partB/forecasts/partB_combined_stress_forecast_A4_AR_None.mat,forecast_results,168,169,0.0319086738260267,0.0319086738260267,0.0524163730282752,0.0427016644823508,0.00474462938692787,0.0265417419632902,0,0.000622302475808646,0.964285714285714,0.176785714285714,0.2125,0.398870501184177,1,closed_loop_monte_carlo,ok,ok,-341.660566660707
combined_stress,SEIR with observation and process noise,SEIR,ssa,1,1,1,A4,Amplifying Resurgence,AR,None,/home/kaahin/degree_project/hybrid-epidemic-forecasting/results/partB/forecasts/partB_combined_stress_forecast_A4_AR_None.mat,forecast_results,175,176,0.0278384789018514,0.0278384789018514,0.0347916516189469,0.0288174853633487,0.00320194281814985,0.0246365360837015,0,0,1,0.2125,0.2125,0.359834001444602,1,closed_loop_monte_carlo,ok,ok,-352.005866078382
combined_stress,SEIR with observation and process noise,SEIR,ssa,1,1,1,A4,Amplifying Resurgence,AR,None,/home/kaahin/degree_project/hybrid-epidemic-forecasting/results/partB/forecasts/partB_combined_stress_forecast_A4_AR_None.mat,forecast_results,182,183,0.0343210703457051,0.0343210703457051,0.0881605901707002,0.0738588356083128,0.00820653728981253,0.0251829048698872,0,0.000931628186005359,0.964285714285714,0.176785714285714,0.2125,0.362709791060406,1,closed_loop_monte_carlo,ok,ok,-361.000012923086
combined_stress,SEIR with observation and process noise,SEIR,ssa,1,1,1,A4,Amplifying Resurgence,AR,None,/home/kaahin/degree_project/hybrid-epidemic-forecasting/results/partB/forecasts/partB_combined_stress_forecast_A4_AR_None.mat,forecast_results,189,190,0.078967742832165,0.078967742832165,0.2364630273612,0.209581620726118,0.0232868467473464,0.0256724325780205,0,0.0300084635067981,0.607142857142857,-0.180357142857143,0.3125,0.378924381585517,1,closed_loop_monte_carlo,ok,ok,-381.029761971912
combined_stress,SEIR with observation and process noise,SEIR,ssa,1,1,1,A4,Amplifying Resurgence,AR,None,/home/kaahin/degree_project/hybrid-epidemic-forecasting/results/partB/forecasts/partB_combined_stress_forecast_A4_AR_None.mat,forecast_results,196,197,0.113502448291917,0.113502448291917,0.306913351820837,0.285725775532568,0.0317473083925076,0.0306018971442866,0,0.0511532427551225,0.482142857142857,-0.305357142857143,0.380357142857143,0.463689359280803,1,closed_loop_monte_carlo,ok,ok,-395.572085455623
combined_stress,SEIR with observation and process noise,SEIR,ssa,1,1,1,A4,Amplifying Resurgence,AR,None,/home/kaahin/degree_project/hybrid-epidemic-forecasting/results/partB/forecasts/partB_combined_stress_forecast_A4_AR_None.mat,forecast_results,203,204,0.0627402063798157,0.0627402063798157,0.17689560376645,0.165531843126318,0.0183924270140353,0.0379026635092676,0,0.00644511585651277,0.803571428571429,0.0160714285714286,0.2125,0.554634279884586,1,closed_loop_monte_carlo,ok,ok,-410.80314525215
combined_stress,SEIR with observation and process noise,SEIR,ssa,1,1,1,A4,Amplifying Resurgence,AR,None,/home/kaahin/degree_project/hybrid-epidemic-forecasting/results/partB/forecasts/partB_combined_stress_forecast_A4_AR_None.mat,forecast_results,210,211,0.0717178030797708,0.0717178030797708,0.21592764493298,0.196744147545556,0.0218604608383951,0.042892950773389,0,0.0069643914679866,0.821428571428571,0.0339285714285714,0.2125,0.624153605759156,1,closed_loop_monte_carlo,ok,ok,-423.015875615999
combined_stress,SEIR with observation and process noise,SEIR,ssa,1,1,1,A4,Amplifying Resurgence,AR,None,/home/kaahin/degree_project/hybrid-epidemic-forecasting/results/partB/forecasts/partB_combined_stress_forecast_A4_AR_None.mat,forecast_results,217,218,0.0503951787057147,0.0503951787057147,0.0277708674185237,0.0217359704981529,0.0024151078331281,0.0479800708725866,0,0,1,0.2125,0.2125,0.698058023629757,1,closed_loop_monte_carlo,ok,ok,-431.966724793066
combined_stress,SEIR with observation and process noise,SEIR,ssa,1,1,1,A4,Amplifying Resurgence,AR,None,/home/kaahin/degree_project/hybrid-epidemic-forecasting/results/partB/forecasts/partB_combined_stress_forecast_A4_AR_None.mat,forecast_results,224,225,0.0556267876910167,0.0556267876910167,0.122669313791704,0.117362426032791,0.013040269559199,0.0409045559266554,0.00168196220516228,0,0.910714285714286,0.123214285714286,0.2125,0.609210461647203,1,closed_loop_monte_carlo,ok,ok,-442.265045819069
combined_stress,SEIR with observation and process noise,SEIR,ssa,1,1,1,A4,Amplifying Resurgence,AR,None,/home/kaahin/degree_project/hybrid-epidemic-forecasting/results/partB/forecasts/partB_combined_stress_forecast_A4_AR_None.mat,forecast_results,231,232,0.0484348870520928,0.0484348870520928,0.0942419968058379,0.0861767603631557,0.00957519559590619,0.0388596914561866,0,0,1,0.2125,0.2125,0.570877901346408,1,closed_loop_monte_carlo,ok,ok,-456.518525577292
combined_stress,SEIR with observation and process noise,SEIR,ssa,1,1,1,A4,Amplifying Resurgence,AR,None,/home/kaahin/degree_project/hybrid-epidemic-forecasting/results/partB/forecasts/partB_combined_stress_forecast_A4_AR_None.mat,forecast_results,238,239,0.0524784362850637,0.0524784362850637,0.138058225668922,0.126692436614101,0.0140769374015667,0.0311903272581122,0.00721117162538486,0,0.821428571428571,0.0339285714285714,0.2125,0.468479671994628,1,closed_loop_monte_carlo,ok,ok,-472.571493431152
combined_stress,SEIR with observation and process noise,SEIR,ssa,1,1,1,A4,Amplifying Resurgence,AR,None,/home/kaahin/degree_project/hybrid-epidemic-forecasting/results/partB/forecasts/partB_combined_stress_forecast_A4_AR_None.mat,forecast_results,245,246,0.0636574079655865,0.0636574079655865,0.161288575335909,0.157585150559067,0.0175094611732297,0.03403807243145,0.0121098743609068,0,0.660714285714286,-0.126785714285714,0.276785714285714,0.492364201325728,1,closed_loop_monte_carlo,ok,ok,-488.790423953268
combined_stress,SEIR with observation and process noise,SEIR,ssa,1,1,1,A4,Amplifying Resurgence,AR,None,/home/kaahin/degree_project/hybrid-epidemic-forecasting/results/partB/forecasts/partB_combined_stress_forecast_A4_AR_None.mat,forecast_results,252,253,0.0355081757933786,0.0355081757933786,0.081216809399413,0.0623150876778041,0.00692389863086712,0.0281179564843664,0,0.000466320678145072,0.946428571428571,0.158928571428571,0.2125,0.406602905417516,1,closed_loop_monte_carlo,ok,ok,-500.514754465337
combined_stress,SEIR with observation and process noise,SEIR,ssa,1,1,1,A4,Amplifying Resurgence,AR,None,/home/kaahin/degree_project/hybrid-epidemic-forecasting/results/partB/forecasts/partB_combined_stress_forecast_A4_AR_None.mat,forecast_results,259,260,0.0611076818697995,0.0611076818697995,0.193698754311719,0.170570091545759,0.0189522323939732,0.0265783585527357,0,0.0155770909230906,0.75,-0.0375,0.223214285714286,0.387870968279793,1,closed_loop_monte_carlo,ok,ok,-517.852081489546
combined_stress,SEIR with observation and process noise,SEIR,ssa,1,1,1,A4,Amplifying Resurgence,AR,None,/home/kaahin/degree_project/hybrid-epidemic-forecasting/results/partB/forecasts/partB_combined_stress_forecast_A4_AR_None.mat,forecast_results,266,267,0.0550077032159382,0.0550077032159382,0.168781197772005,0.133996407610469,0.0148884897344966,0.0320814485858934,0,0.00803776489554825,0.875,0.0875,0.2125,0.466547242711163,1,closed_loop_monte_carlo,ok,ok,-529.245877154228
combined_stress,SEIR with observation and process noise,SEIR,ssa,1,1,1,A4,Amplifying Resurgence,AR,None,/home/kaahin/degree_project/hybrid-epidemic-forecasting/results/partB/forecasts/partB_combined_stress_forecast_A4_AR_None.mat,forecast_results,273,274,0.0518020392594223,0.0518020392594223,0.108588463035569,0.0789306377101266,0.00877007085668074,0.0428556323944444,0,0.000176336008297221,0.982142857142857,0.194642857142857,0.2125,0.645136830697485,1,closed_loop_monte_carlo,ok,ok,-541.965809859248
combined_stress,SEIR with observation and process noise,SEIR,ssa,1,1,1,A4,Amplifying Resurgence,AR,None,/home/kaahin/degree_project/hybrid-epidemic-forecasting/results/partB/forecasts/partB_combined_stress_forecast_A4_AR_None.mat,forecast_results,280,281,0.09076511083831,0.09076511083831,0.254817906227123,0.237307985274332,0.0263675539193702,0.0360964219129616,0,0.0283011350059782,0.696428571428571,-0.0910714285714286,0.266071428571429,0.534109445813781,1,closed_loop_monte_carlo,ok,ok,-556.781643891567
combined_stress,SEIR with observation and process noise,SEIR,ssa,1,1,1,A4,Amplifying Resurgence,AR,None,/home/kaahin/degree_project/hybrid-epidemic-forecasting/results/partB/forecasts/partB_combined_stress_forecast_A4_AR_None.mat,forecast_results,287,288,0.0644405661297701,0.0644405661297701,0.164628023075442,0.159252911886878,0.0176947679874309,0.0458126261883813,0,0.000933171953957886,0.964285714285714,0.176785714285714,0.2125,0.677877595527242,1,closed_loop_monte_carlo,ok,ok,-572.717332030522
combined_stress,SEIR with observation and process noise,SEIR,ssa,1,1,1,A4,Amplifying Resurgence,AR,None,/home/kaahin/degree_project/hybrid-epidemic-forecasting/results/partB/forecasts/partB_combined_stress_forecast_A4_AR_None.mat,forecast_results,294,295,0.0610572588420716,0.0610572588420716,0.138556511611227,0.12741711150872,0.0141574568343023,0.0466612758212291,0.000238526186540208,0,0.946428571428571,0.158928571428571,0.2125,0.687715678300143,1,closed_loop_monte_carlo,ok,ok,-587.925274525325
combined_stress,SEIR with observation and process noise,SEIR,ssa,1,1,1,A4,Amplifying Resurgence,AR,None,/home/kaahin/degree_project/hybrid-epidemic-forecasting/results/partB/forecasts/partB_combined_stress_forecast_A4_AR_None.mat,forecast_results,301,302,0.0444364031538759,0.0444364031538759,0.0688574103584697,0.0595740243472328,0.00661933603858142,0.0374127001858658,0,0.000404366929428686,0.982142857142857,0.194642857142857,0.2125,0.536754285601913,1,closed_loop_monte_carlo,ok,ok,-602.318995160614
combined_stress,SEIR with observation and process noise,SEIR,ssa,1,1,1,A4,Amplifying Resurgence,AR,None,/home/kaahin/degree_project/hybrid-epidemic-forecasting/results/partB/forecasts/partB_combined_stress_forecast_A4_AR_None.mat,forecast_results,308,309,0.0895046456438214,0.0895046456438214,0.242127725505072,0.235074974972325,0.0261194416635917,0.0389899653434843,0.0243952386367454,0,0.625,-0.1625,0.2875,0.572564711440684,1,closed_loop_monte_carlo,ok,ok,-619.311883552237
combined_stress,SEIR with observation and process noise,SEIR,ssa,1,1,1,A4,Amplifying Resurgence,AR,None,/home/kaahin/degree_project/hybrid-epidemic-forecasting/results/partB/forecasts/partB_combined_stress_forecast_A4_AR_None.mat,forecast_results,315,316,0.0560370131875282,0.0560370131875282,0.151194058575932,0.13194271239647,0.0146603013773855,0.0297757459602904,0.0116009658498523,0,0.732142857142857,-0.0553571428571429,0.255357142857143,0.450212965444833,1,closed_loop_monte_carlo,ok,ok,-632.162749425823
combined_stress,SEIR with observation and process noise,SEIR,ssa,1,1,1,A4,Amplifying Resurgence,AR,None,/home/kaahin/degree_project/hybrid-epidemic-forecasting/results/partB/forecasts/partB_combined_stress_forecast_A4_AR_None.mat,forecast_results,322,323,0.0310730499149632,0.0310730499149632,0.0745009333597268,0.0679243883560945,0.00754715426178828,0.0219831318000844,0.00154276385309051,0,0.910714285714286,0.123214285714286,0.2125,0.331165471177683,1,closed_loop_monte_carlo,ok,ok,-641.842705837284
combined_stress,SEIR with observation and process noise,SEIR,ssa,1,1,1,A4,Amplifying Resurgence,AR,None,/home/kaahin/degree_project/hybrid-epidemic-forecasting/results/partB/forecasts/partB_combined_stress_forecast_A4_AR_None.mat,forecast_results,329,330,0.0251931515165033,0.0251931515165033,0.0601035706097864,0.046501204192627,0.00516680046584745,0.0196663245995278,0.000360026451128031,0,0.946428571428571,0.158928571428571,0.2125,0.281804684883451,1,closed_loop_monte_carlo,ok,ok,-654.983329664161
combined_stress,SEIR with observation and process noise,SEIR,ssa,1,1,1,A4,Amplifying Resurgence,AR,None,/home/kaahin/degree_project/hybrid-epidemic-forecasting/results/partB/forecasts/partB_combined_stress_forecast_A4_AR_None.mat,forecast_results,336,337,0.0203740730937407,0.0203740730937407,0.0386357663300887,0.0305622717460681,0.00339580797178534,0.0169782651219554,0,0,1,0.2125,0.2125,0.255794378860954,1,closed_loop_monte_carlo,ok,ok,-671.373517618494
combined_stress,SEIR with observation and process noise,SEIR,ssa,1,1,1,A4,Amplifying Resurgence,AR,None,/home/kaahin/degree_project/hybrid-epidemic-forecasting/results/partB/forecasts/partB_combined_stress_forecast_A4_AR_None.mat,forecast_results,343,344,0.0438236153681022,0.0438236153681022,0.122648320566183,0.114779756342705,0.0127533062603005,0.0201548073129216,0.0109155017948802,0,0.678571428571429,-0.108928571428571,0.255357142857143,0.302988883435519,1,closed_loop_monte_carlo,ok,ok,-678.771585491693
combined_stress,SEIR with observation and process noise,SEIR,ssa,1,1,1,A4,Amplifying Resurgence,AR,None,/home/kaahin/degree_project/hybrid-epidemic-forecasting/results/partB/forecasts/partB_combined_stress_forecast_A4_AR_None.mat,forecast_results,350,351,0.026863607465712,0.026863607465712,0.0689206209824396,0.0649035203769253,0.00721150226410281,0.0182530182866176,0.0013990869149916,0,0.857142857142857,0.0696428571428571,0.2125,0.263842163463918,1,closed_loop_monte_carlo,ok,ok,-694.383402537952
combined_stress,SEIR with observation and process noise,SEIR,ssa,1,1,1,A4,Amplifying Resurgence,ARX,I,/home/kaahin/degree_project/hybrid-epidemic-forecasting/results/partB/forecasts/partB_combined_stress_forecast_A4_ARX_I.mat,forecast_results,49,50,0.206021401910865,0.206021401910865,0.330092434546747,0.300925103432079,0.0334361226035644,0.0163446406103012,0,0.156240638696999,0.0714285714285714,-0.716071428571429,0.723214285714286,0.239056935383051,1,closed_loop_monte_carlo,ok,ok,-52.0204502665403
combined_stress,SEIR with observation and process noise,SEIR,ssa,1,1,1,A4,Amplifying Resurgence,ARX,I,/home/kaahin/degree_project/hybrid-epidemic-forecasting/results/partB/forecasts/partB_combined_stress_forecast_A4_ARX_I.mat,forecast_results,56,57,0.0921047846512855,0.0921047846512855,0.253824673560144,0.215656618571594,0.0239618465079548,0.0292402353671365,0,0.0389027027761942,0.589285714285714,-0.198214285714286,0.382142857142857,0.425101045933364,1,closed_loop_monte_carlo,ok,ok,-60.1707339040445
combined_stress,SEIR with observation and process noise,SEIR,ssa,1,1,1,A4,Amplifying Resurgence,ARX,I,/home/kaahin/degree_project/hybrid-epidemic-forecasting/results/partB/forecasts/partB_combined_stress_forecast_A4_ARX_I.mat,forecast_results,63,64,0.0639185036647833,0.0639185036647833,0.193336915184369,0.170704825130542,0.0189672027922825,0.0369257427039208,0,0.00802555816857995,0.821428571428571,0.0339285714285714,0.2125,0.533961518295489,1,closed_loop_monte_carlo,ok,ok,-75.357101679905
combined_stress,SEIR with observation and process noise,SEIR,ssa,1,1,1,A4,Amplifying Resurgence,ARX,I,/home/kaahin/degree_project/hybrid-epidemic-forecasting/results/partB/forecasts/partB_combined_stress_forecast_A4_ARX_I.mat,forecast_results,70,71,0.0674870479406818,0.0674870479406818,0.185509116130821,0.181066094239563,0.020118454915507,0.0305410981828005,0,0.0168274948423743,0.714285714285714,-0.0732142857142857,0.233928571428571,0.457341961944708,1,closed_loop_monte_carlo,ok,ok,-97.9410903827003
combined_stress,SEIR with observation and process noise,SEIR,ssa,1,1,1,A4,Amplifying Resurgence,ARX,I,/home/kaahin/degree_project/hybrid-epidemic-forecasting/results/partB/forecasts/partB_combined_stress_forecast_A4_ARX_I.mat,forecast_results,77,78,0.0534172572071795,0.0534172572071795,0.131847037026548,0.115575551234447,0.0128417279149385,0.034501909854563,0.00607361943767801,0,0.892857142857143,0.105357142857143,0.2125,0.516475411734745,1,closed_loop_monte_carlo,ok,ok,-116.626521155146
combined_stress,SEIR with observation and process noise,SEIR,ssa,1,1,1,A4,Amplifying Resurgence,ARX,I,/home/kaahin/degree_project/hybrid-epidemic-forecasting/results/partB/forecasts/partB_combined_stress_forecast_A4_ARX_I.mat,forecast_results,84,85,0.0526250367449342,0.0526250367449342,0.125072135259151,0.112918740145729,0.0125465266828588,0.0372364880936491,0.00284202196842636,0,0.857142857142857,0.0696428571428571,0.2125,0.553306303966904,1,closed_loop_monte_carlo,ok,ok,-127.409632304839
combined_stress,SEIR with observation and process noise,SEIR,ssa,1,1,1,A4,Amplifying Resurgence,ARX,I,/home/kaahin/degree_project/hybrid-epidemic-forecasting/results/partB/forecasts/partB_combined_stress_forecast_A4_ARX_I.mat,forecast_results,91,92,0.161069036319807,0.161069036319807,0.313527347225324,0.302407949231382,0.0336008832479313,0.0328171920421933,0.0946509610296821,0,0.0357142857142857,-0.751785714285714,0.755357142857143,0.483047809576429,1,closed_loop_monte_carlo,ok,ok,-144.013898013922
combined_stress,SEIR with observation and process noise,SEIR,ssa,1,1,1,A4,Amplifying Resurgence,ARX,I,/home/kaahin/degree_project/hybrid-epidemic-forecasting/results/partB/forecasts/partB_combined_stress_forecast_A4_ARX_I.mat,forecast_results,98,99,0.0278960376804699,0.0278960376804699,0.0376194024666145,0.0323224214977417,0.00359138016641575,0.0243046575140542,0,0,1,0.2125,0.2125,0.357727892931268,1,closed_loop_monte_carlo,ok,ok,-160.426658882287
combined_stress,SEIR with observation and process noise,SEIR,ssa,1,1,1,A4,Amplifying Resurgence,ARX,I,/home/kaahin/degree_project/hybrid-epidemic-forecasting/results/partB/forecasts/partB_combined_stress_forecast_A4_ARX_I.mat,forecast_results,105,106,0.026584824400413,0.026584824400413,0.0615015678110982,0.045264808915539,0.00502942321283766,0.0204341443168088,0,0.00112125687076656,0.946428571428571,0.158928571428571,0.2125,0.303182209233882,1,closed_loop_monte_carlo,ok,ok,-177.258406922844
combined_stress,SEIR with observation and process noise,SEIR,ssa,1,1,1,A4,Amplifying Resurgence,ARX,I,/home/kaahin/degree_project/hybrid-epidemic-forecasting/results/partB/forecasts/partB_combined_stress_forecast_A4_ARX_I.mat,forecast_results,112,113,0.061912183183691,0.061912183183691,0.173954451438792,0.155181597545586,0.0172423997272874,0.0217805487448984,0,0.0228892347115052,0.607142857142857,-0.180357142857143,0.332142857142857,0.320386371348242,1,closed_loop_monte_carlo,ok,ok,-194.492967404226
combined_stress,SEIR with observation and process noise,SEIR,ssa,1,1,1,A4,Amplifying Resurgence,ARX,I,/home/kaahin/degree_project/hybrid-epidemic-forecasting/results/partB/forecasts/partB_combined_stress_forecast_A4_ARX_I.mat,forecast_results,119,120,0.122000812997495,0.122000812997495,0.277275117498023,0.251877484671314,0.0279863871857016,0.0240422792279128,0,0.069972146583881,0.357142857142857,-0.430357142857143,0.494642857142857,0.355419955016204,1,closed_loop_monte_carlo,ok,ok,-213.247769117049
combined_stress,SEIR with observation and process noise,SEIR,ssa,1,1,1,A4,Amplifying Resurgence,ARX,I,/home/kaahin/degree_project/hybrid-epidemic-forecasting/results/partB/forecasts/partB_combined_stress_forecast_A4_ARX_I.mat,forecast_results,126,127,0.0538164464084354,0.0538164464084354,0.148866597517318,0.120086357205799,0.0133429285784221,0.0371393626008642,0,0.0033341552291491,0.928571428571429,0.141071428571429,0.2125,0.551720797563116,1,closed_loop_monte_carlo,ok,ok,-227.71353542134
combined_stress,SEIR with observation and process noise,SEIR,ssa,1,1,1,A4,Amplifying Resurgence,ARX,I,/home/kaahin/degree_project/hybrid-epidemic-forecasting/results/partB/forecasts/partB_combined_stress_forecast_A4_ARX_I.mat,forecast_results,133,134,0.0492198166301599,0.0492198166301599,0.0440643556634336,0.0346204642900631,0.00384671825445145,0.0453730983757084,0,0,1,0.2125,0.2125,0.652887376410854,1,closed_loop_monte_carlo,ok,ok,-236.144558711345
combined_stress,SEIR with observation and process noise,SEIR,ssa,1,1,1,A4,Amplifying Resurgence,ARX,I,/home/kaahin/degree_project/hybrid-epidemic-forecasting/results/partB/forecasts/partB_combined_stress_forecast_A4_ARX_I.mat,forecast_results,140,141,0.0747694819130659,0.0747694819130659,0.204745098532427,0.201818630734944,0.0224242923038826,0.0364091955575573,0,0.015935994051626,0.732142857142857,-0.0553571428571429,0.233928571428571,0.546452070533297,1,closed_loop_monte_carlo,ok,ok,-249.666629230202
combined_stress,SEIR with observation and process noise,SEIR,ssa,1,1,1,A4,Amplifying Resurgence,ARX,I,/home/kaahin/degree_project/hybrid-epidemic-forecasting/results/partB/forecasts/partB_combined_stress_forecast_A4_ARX_I.mat,forecast_results,147,148,0.0749316791099459,0.0749316791099459,0.200775537221453,0.160853248854413,0.0178725832060459,0.0485806208768561,0.00847847502704386,0,0.892857142857143,0.105357142857143,0.223214285714286,0.704018447180059,1,closed_loop_monte_carlo,ok,ok,-267.370721205922
combined_stress,SEIR with observation and process noise,SEIR,ssa,1,1,1,A4,Amplifying Resurgence,ARX,I,/home/kaahin/degree_project/hybrid-epidemic-forecasting/results/partB/forecasts/partB_combined_stress_forecast_A4_ARX_I.mat,forecast_results,154,155,0.143444614688902,0.143444614688902,0.356432437055727,0.318762900588667,0.0354181000654074,0.0510195007270864,0.057007013896408,0,0.517857142857143,-0.269642857142857,0.3875,0.79399525237711,1,closed_loop_monte_carlo,ok,ok,-285.815971263679
combined_stress,SEIR with observation and process noise,SEIR,ssa,1,1,1,A4,Amplifying Resurgence,ARX,I,/home/kaahin/degree_project/hybrid-epidemic-forecasting/results/partB/forecasts/partB_combined_stress_forecast_A4_ARX_I.mat,forecast_results,161,162,0.0316554459807628,0.0316554459807628,0.0423759513414339,0.037706529781196,0.00418961442013289,0.0274658315606299,0,0,1,0.2125,0.2125,0.399075096203139,1,closed_loop_monte_carlo,ok,ok,-298.463609648193
combined_stress,SEIR with observation and process noise,SEIR,ssa,1,1,1,A4,Amplifying Resurgence,ARX,I,/home/kaahin/degree_project/hybrid-epidemic-forecasting/results/partB/forecasts/partB_combined_stress_forecast_A4_ARX_I.mat,forecast_results,168,169,0.0424502694351518,0.0424502694351518,0.115599221775164,0.115169676303265,0.0127966307003628,0.0241055323635529,0,0.00554810637123609,0.821428571428571,0.0339285714285714,0.223214285714286,0.349857466023273,1,closed_loop_monte_carlo,ok,ok,-315.950785031022
combined_stress,SEIR with observation and process noise,SEIR,ssa,1,1,1,A4,Amplifying Resurgence,ARX,I,/home/kaahin/degree_project/hybrid-epidemic-forecasting/results/partB/forecasts/partB_combined_stress_forecast_A4_ARX_I.mat,forecast_results,175,176,0.0276904330915883,0.0276904330915883,0.0259108245939319,0.0192977023931571,0.00214418915479523,0.0255462439367931,0,0,1,0.2125,0.2125,0.36448615501579,1,closed_loop_monte_carlo,ok,ok,-326.515256601857
combined_stress,SEIR with observation and process noise,SEIR,ssa,1,1,1,A4,Amplifying Resurgence,ARX,I,/home/kaahin/degree_project/hybrid-epidemic-forecasting/results/partB/forecasts/partB_combined_stress_forecast_A4_ARX_I.mat,forecast_results,182,183,0.0447929139233359,0.0447929139233359,0.132013694126389,0.111490095234644,0.0123877883594049,0.023559545216397,0,0.00884558034753403,0.821428571428571,0.0339285714285714,0.223214285714286,0.357887300395108,1,closed_loop_monte_carlo,ok,ok,-335.981435947805
combined_stress,SEIR with observation and process noise,SEIR,ssa,1,1,1,A4,Amplifying Resurgence,ARX,I,/home/kaahin/degree_project/hybrid-epidemic-forecasting/results/partB/forecasts/partB_combined_stress_forecast_A4_ARX_I.mat,forecast_results,189,190,0.0883614483835005,0.0883614483835005,0.228547553350673,0.201535460109363,0.0223928289010403,0.0236777857869033,0,0.0422908336955568,0.553571428571429,-0.233928571428571,0.355357142857143,0.356227188806768,1,closed_loop_monte_carlo,ok,ok,-356.426408630192
combined_stress,SEIR with observation and process noise,SEIR,ssa,1,1,1,A4,Amplifying Resurgence,ARX,I,/home/kaahin/degree_project/hybrid-epidemic-forecasting/results/partB/forecasts/partB_combined_stress_forecast_A4_ARX_I.mat,forecast_results,196,197,0.111071263294501,0.111071263294501,0.289198585989282,0.271048856415104,0.0301165396016782,0.0288306814403016,0,0.0521240422525217,0.410714285714286,-0.376785714285714,0.451785714285714,0.408446566007175,1,closed_loop_monte_carlo,ok,ok,-371.234854993553
combined_stress,SEIR with observation and process noise,SEIR,ssa,1,1,1,A4,Amplifying Resurgence,ARX,I,/home/kaahin/degree_project/hybrid-epidemic-forecasting/results/partB/forecasts/partB_combined_stress_forecast_A4_ARX_I.mat,forecast_results,203,204,0.059436680206477,0.059436680206477,0.169497573631557,0.159783770340712,0.0177537522600791,0.0399137539943305,0,0.00176917395206738,0.910714285714286,0.123214285714286,0.2125,0.577965007452121,1,closed_loop_monte_carlo,ok,ok,-387.001762382501
combined_stress,SEIR with observation and process noise,SEIR,ssa,1,1,1,A4,Amplifying Resurgence,ARX,I,/home/kaahin/degree_project/hybrid-epidemic-forecasting/results/partB/forecasts/partB_combined_stress_forecast_A4_ARX_I.mat,forecast_results,210,211,0.0526429486381059,0.0526429486381059,0.0876030130374534,0.0807911664391166,0.00897679627101295,0.043666152367093,0,0,1,0.2125,0.2125,0.632341880175811,1,closed_loop_monte_carlo,ok,ok,-399.468855059394
combined_stress,SEIR with observation and process noise,SEIR,ssa,1,1,1,A4,Amplifying Resurgence,ARX,I,/home/kaahin/degree_project/hybrid-epidemic-forecasting/results/partB/forecasts/partB_combined_stress_forecast_A4_ARX_I.mat,forecast_results,217,218,0.113347903116699,0.113347903116699,0.32511142698078,0.264223270597443,0.0293581411774937,0.0676289405256022,0.0163608214136027,0,0.803571428571429,0.0160714285714286,0.233928571428571,0.975824096905099,1,closed_loop_monte_carlo,ok,ok,-409.116736024619
combined_stress,SEIR with observation and process noise,SEIR,ssa,1,1,1,A4,Amplifying Resurgence,ARX,I,/home/kaahin/degree_project/hybrid-epidemic-forecasting/results/partB/forecasts/partB_combined_stress_forecast_A4_ARX_I.mat,forecast_results,224,225,0.205740594398244,0.205740594398244,0.477685338209964,0.411395544909993,0.0457106161011104,0.0578224164849527,0.102207561812181,0,0.321428571428571,-0.466071428571429,0.525,0.885627012796915,1,closed_loop_monte_carlo,ok,ok,-420.191117318104
combined_stress,SEIR with observation and process noise,SEIR,ssa,1,1,1,A4,Amplifying Resurgence,ARX,I,/home/kaahin/degree_project/hybrid-epidemic-forecasting/results/partB/forecasts/partB_combined_stress_forecast_A4_ARX_I.mat,forecast_results,231,232,0.0785014590321605,0.0785014590321605,0.229618541298186,0.201631120596221,0.0224034578440246,0.037758700560571,0.018339300627565,0,0.714285714285714,-0.0732142857142857,0.255357142857143,0.544366073610081,1,closed_loop_monte_carlo,ok,ok,-433.469987838686
combined_stress,SEIR with observation and process noise,SEIR,ssa,1,1,1,A4,Amplifying Resurgence,ARX,I,/home/kaahin/degree_project/hybrid-epidemic-forecasting/results/partB/forecasts/partB_combined_stress_forecast_A4_ARX_I.mat,forecast_results,238,239,0.0538526826746901,0.0538526826746901,0.150973910336801,0.133247729451079,0.0148053032723421,0.0347456606649171,0.00430171873743087,0,0.839285714285714,0.0517857142857143,0.2125,0.506882998621116,1,closed_loop_monte_carlo,ok,ok,-449.829204503011
combined_stress,SEIR with observation and process noise,SEIR,ssa,1,1,1,A4,Amplifying Resurgence,ARX,I,/home/kaahin/degree_project/hybrid-epidemic-forecasting/results/partB/forecasts/partB_combined_stress_forecast_A4_ARX_I.mat,forecast_results,245,246,0.0832577115213586,0.0832577115213586,0.22084017519477,0.21519849756372,0.0239109441737467,0.0346188357658221,0.0247279315817898,0,0.571428571428571,-0.216071428571429,0.319642857142857,0.498733410482283,1,closed_loop_monte_carlo,ok,ok,-466.461820892958
combined_stress,SEIR with observation and process noise,SEIR,ssa,1,1,1,A4,Amplifying Resurgence,ARX,I,/home/kaahin/degree_project/hybrid-epidemic-forecasting/results/partB/forecasts/partB_combined_stress_forecast_A4_ARX_I.mat,forecast_results,252,253,0.0385941923401782,0.0385941923401782,0.111179223071082,0.0906656444819631,0.0100739604979959,0.0244707283996436,0,0.00404950344253863,0.892857142857143,0.105357142857143,0.2125,0.360312076108268,1,closed_loop_monte_carlo,ok,ok,-477.976738629155
combined_stress,SEIR with observation and process noise,SEIR,ssa,1,1,1,A4,Amplifying Resurgence,ARX,I,/home/kaahin/degree_project/hybrid-epidemic-forecasting/results/partB/forecasts/partB_combined_stress_forecast_A4_ARX_I.mat,forecast_results,259,260,0.0610539804422841,0.0610539804422841,0.188296145542031,0.164125733806777,0.0182361926451975,0.0278878292854919,0,0.0149299585115948,0.767857142857143,-0.0196428571428571,0.2125,0.41952834544719,1,closed_loop_monte_carlo,ok,ok,-495.630307596738
combined_stress,SEIR with observation and process noise,SEIR,ssa,1,1,1,A4,Amplifying Resurgence,ARX,I,/home/kaahin/degree_project/hybrid-epidemic-forecasting/results/partB/forecasts/partB_combined_stress_forecast_A4_ARX_I.mat,forecast_results,266,267,0.0511504561693908,0.0511504561693908,0.15240261267401,0.125740733487705,0.013971192609745,0.0317945917717256,0,0.00538467178792018,0.875,0.0875,0.2125,0.4591127120735,1,closed_loop_monte_carlo,ok,ok,-506.633126005346
combined_stress,SEIR with observation and process noise,SEIR,ssa,1,1,1,A4,Amplifying Resurgence,ARX,I,/home/kaahin/degree_project/hybrid-epidemic-forecasting/results/partB/forecasts/partB_combined_stress_forecast_A4_ARX_I.mat,forecast_results,273,274,0.0659450503470784,0.0659450503470784,0.126999756402805,0.124998036391504,0.0138886707101671,0.0515145479499446,0.000541831686966705,0,0.928571428571429,0.141071428571429,0.2125,0.760008061836037,1,closed_loop_monte_carlo,ok,ok,-519.986306250183
combined_stress,SEIR with observation and process noise,SEIR,ssa,1,1,1,A4,Amplifying Resurgence,ARX,I,/home/kaahin/degree_project/hybrid-epidemic-forecasting/results/partB/forecasts/partB_combined_stress_forecast_A4_ARX_I.mat,forecast_results,280,281,0.0567672566933516,0.0567672566933516,0.090569553350105,0.086329237341107,0.00959213748234523,0.0466531874977804,0,0.000521931713225902,0.982142857142857,0.194642857142857,0.2125,0.694933892444812,1,closed_loop_monte_carlo,ok,ok,-535.172729057464
combined_stress,SEIR with observation and process noise,SEIR,ssa,1,1,1,A4,Amplifying Resurgence,ARX,I,/home/kaahin/degree_project/hybrid-epidemic-forecasting/results/partB/forecasts/partB_combined_stress_forecast_A4_ARX_I.mat,forecast_results,287,288,0.0578537080893021,0.0578537080893021,0.0640515082654251,0.055665532094909,0.00618505912165656,0.0516686489676456,0,0,1,0.2125,0.2125,0.749006204370166,1,closed_loop_monte_carlo,ok,ok,-552.170266031502
combined_stress,SEIR with observation and process noise,SEIR,ssa,1,1,1,A4,Amplifying Resurgence,ARX,I,/home/kaahin/degree_project/hybrid-epidemic-forecasting/results/partB/forecasts/partB_combined_stress_forecast_A4_ARX_I.mat,forecast_results,294,295,0.130066561878733,0.130066561878733,0.334864095432848,0.301330646775772,0.0334811829750857,0.0499586728734567,0.0466267060301906,0,0.642857142857143,-0.144642857142857,0.301785714285714,0.757617797511209,1,closed_loop_monte_carlo,ok,ok,-568.82057699012
combined_stress,SEIR with observation and process noise,SEIR,ssa,1,1,1,A4,Amplifying Resurgence,ARX,I,/home/kaahin/degree_project/hybrid-epidemic-forecasting/results/partB/forecasts/partB_combined_stress_forecast_A4_ARX_I.mat,forecast_results,301,302,0.0473207962837128,0.0473207962837128,0.0784077590489518,0.0651315259229517,0.0072368362136613,0.0400839600700515,0,0,1,0.2125,0.2125,0.58661518767807,1,closed_loop_monte_carlo,ok,ok,-582.838251851173
combined_stress,SEIR with observation and process noise,SEIR,ssa,1,1,1,A4,Amplifying Resurgence,ARX,I,/home/kaahin/degree_project/hybrid-epidemic-forecasting/results/partB/forecasts/partB_combined_stress_forecast_A4_ARX_I.mat,forecast_results,308,309,0.101262491400653,0.101262491400653,0.254321306644339,0.239701693494899,0.0266335214994332,0.0364799489796013,0.0381490209216182,0,0.464285714285714,-0.323214285714286,0.403571428571429,0.547810876198977,1,closed_loop_monte_carlo,ok,ok,-600.627198064846
combined_stress,SEIR with observation and process noise,SEIR,ssa,1,1,1,A4,Amplifying Resurgence,ARX,I,/home/kaahin/degree_project/hybrid-epidemic-forecasting/results/partB/forecasts/partB_combined_stress_forecast_A4_ARX_I.mat,forecast_results,315,316,0.0565421070891149,0.0565421070891149,0.156304830475487,0.136189000429379,0.0151321111588199,0.0273764982577819,0.0140334976725131,0,0.732142857142857,-0.0553571428571429,0.255357142857143,0.406671791591212,1,closed_loop_monte_carlo,ok,ok,-613.639063033863
combined_stress,SEIR with observation and process noise,SEIR,ssa,1,1,1,A4,Amplifying Resurgence,ARX,I,/home/kaahin/degree_project/hybrid-epidemic-forecasting/results/partB/forecasts/partB_combined_stress_forecast_A4_ARX_I.mat,forecast_results,322,323,0.0336929768323567,0.0336929768323567,0.0770474220994052,0.0704504831323823,0.00782783145915359,0.0248392512365877,0.00102589413661535,0,0.910714285714286,0.123214285714286,0.2125,0.358852750698745,1,closed_loop_monte_carlo,ok,ok,-623.696493821251
combined_stress,SEIR with observation and process noise,SEIR,ssa,1,1,1,A4,Amplifying Resurgence,ARX,I,/home/kaahin/degree_project/hybrid-epidemic-forecasting/results/partB/forecasts/partB_combined_stress_forecast_A4_ARX_I.mat,forecast_results,329,330,0.0253959500225591,0.0253959500225591,0.0606398796437328,0.0478533079930091,0.00531703422144545,0.0196801609856176,0.000398754815496107,0,0.964285714285714,0.176785714285714,0.2125,0.291409570578312,1,closed_loop_monte_carlo,ok,ok,-636.540855949179
combined_stress,SEIR with observation and process noise,SEIR,ssa,1,1,1,A4,Amplifying Resurgence,ARX,I,/home/kaahin/degree_project/hybrid-epidemic-forecasting/results/partB/forecasts/partB_combined_stress_forecast_A4_ARX_I.mat,forecast_results,336,337,0.0261597038687695,0.0261597038687695,0.0608591107202521,0.044799776082657,0.00497775289807299,0.0199583651500153,0.00122358582068115,0,0.928571428571429,0.141071428571429,0.2125,0.295539977905018,1,closed_loop_monte_carlo,ok,ok,-652.708994919442
combined_stress,SEIR with observation and process noise,SEIR,ssa,1,1,1,A4,Amplifying Resurgence,ARX,I,/home/kaahin/degree_project/hybrid-epidemic-forecasting/results/partB/forecasts/partB_combined_stress_forecast_A4_ARX_I.mat,forecast_results,343,344,0.0491020072293015,0.0491020072293015,0.127026148427639,0.118810169393641,0.0132011299326267,0.0230618702035521,0.0128390070931226,0,0.571428571428571,-0.216071428571429,0.333928571428571,0.332939343842582,1,closed_loop_monte_carlo,ok,ok,-659.772594257395
combined_stress,SEIR with observation and process noise,SEIR,ssa,1,1,1,A4,Amplifying Resurgence,ARX,I,/home/kaahin/degree_project/hybrid-epidemic-forecasting/results/partB/forecasts/partB_combined_stress_forecast_A4_ARX_I.mat,forecast_results,350,351,0.0423474895976963,0.0423474895976963,0.123058057687397,0.113284300367593,0.0125871444852881,0.0206443379115461,0.00911600720086201,0,0.696428571428571,-0.0910714285714286,0.244642857142857,0.297305148341004,1,closed_loop_monte_carlo,ok,ok,-674.836971979022
