CaseID,CaseName,TruthModel,Solver,StructuralMismatch,ObservationNoise,ProcessNoise,Scenario,ScenarioName,Model,ExoMode,ForecastArtifact,ResultSource,WindowDay,WindowDayIdx,HorizonIdx,ForecastDay,Truth_Rt,Alpha,NominalCoverage,LowerBound,UpperBound,Coverage,IntervalMethod,IntervalStatus,IntervalWidth,CoverageError,AbsoluteCoverageError,IntervalScore,WISIntervalComponent,WISSharpnessComponent,WISUnderpredictionComponent,WISOverpredictionComponent,ReplicateID,ReplicateIndex,NumReplicates
combined_stress,SEIR with observation and process noise,SEIR,ssa,1,1,1,A1,Seasonal Forcing,ARX,I,/home/kaahin/degree_project/hybrid-epidemic-forecasting/results/partB/forecasts/partB_combined_stress_forecast_A1_rep001_ARX_I.mat,forecast_results,49,50,1,50,1.4966032770697,0.05,0.95,0.971312628429177,1.19122397077538,0,closed_loop_monte_carlo,ok,0.219911342346198,-0.95,0.95,12.4350835941193,0.069083797745107,0.0012217296797011,0,0.0678620680654059,rep001,1,2
combined_stress,SEIR with observation and process noise,SEIR,ssa,1,1,1,A1,Seasonal Forcing,ARX,I,/home/kaahin/degree_project/hybrid-epidemic-forecasting/results/partB/forecasts/partB_combined_stress_forecast_A1_rep001_ARX_I.mat,forecast_results,49,50,2,51,1.49487796559399,0.05,0.95,0.951181620610515,1.20741683226822,0,closed_loop_monte_carlo,ok,0.256235211657702,-0.95,0.95,11.7546805446888,0.0653037808038267,0.0014235289536539,0,0.0638802518501728,rep001,1,2
combined_stress,SEIR with observation and process noise,SEIR,ssa,1,1,1,A1,Seasonal Forcing,ARX,I,/home/kaahin/degree_project/hybrid-epidemic-forecasting/results/partB/forecasts/partB_combined_stress_forecast_A1_rep001_ARX_I.mat,forecast_results,49,50,3,52,1.49280316518971,0.05,0.95,0.883476424865045,1.22541111409304,0,closed_loop_monte_carlo,ok,0.341934689227997,-0.95,0.95,11.0376167330947,0.0613200929616374,0.00189963716237776,0,0.0594204557992597,rep001,1,2
combined_stress,SEIR with observation and process noise,SEIR,ssa,1,1,1,A1,Seasonal Forcing,ARX,I,/home/kaahin/degree_project/hybrid-epidemic-forecasting/results/partB/forecasts/partB_combined_stress_forecast_A1_rep001_ARX_I.mat,forecast_results,49,50,4,53,1.49038133490722,0.05,0.95,0.834365051048822,1.19699672921519,0,closed_loop_monte_carlo,ok,0.362631678166366,-0.95,0.95,12.0980159058476,0.0672111994769314,0.00201462043425759,0,0.0651965790426738,rep001,1,2
combined_stress,SEIR with observation and process noise,SEIR,ssa,1,1,1,A1,Seasonal Forcing,ARX,I,/home/kaahin/degree_project/hybrid-epidemic-forecasting/results/partB/forecasts/partB_combined_stress_forecast_A1_rep001_ARX_I.mat,forecast_results,49,50,5,54,1.48761534509619,0.05,0.95,0.853326351324417,1.18978309617968,0,closed_loop_monte_carlo,ok,0.336456744855266,-0.95,0.95,12.2497467015155,0.0680541483417527,0.00186920413808481,0,0.0661849442036678,rep001,1,2
combined_stress,SEIR with observation and process noise,SEIR,ssa,1,1,1,A1,Seasonal Forcing,ARX,I,/home/kaahin/degree_project/hybrid-epidemic-forecasting/results/partB/forecasts/partB_combined_stress_forecast_A1_rep001_ARX_I.mat,forecast_results,49,50,6,55,1.48450847400365,0.05,0.95,0.883746899922801,1.1920039445839,0,closed_loop_monte_carlo,ok,0.308257044661098,-0.95,0.95,12.0084382214512,0.0667135456747289,0.0017125391370061,0,0.0650010065377228,rep001,1,2
combined_stress,SEIR with observation and process noise,SEIR,ssa,1,1,1,A1,Seasonal Forcing,ARX,I,/home/kaahin/degree_project/hybrid-epidemic-forecasting/results/partB/forecasts/partB_combined_stress_forecast_A1_rep001_ARX_I.mat,forecast_results,49,50,7,56,1.48106440388863,0.05,0.95,0.901207741480669,1.26099878746711,0,closed_loop_monte_carlo,ok,0.359791045986445,-0.95,0.95,9.16241570284706,0.0509023094602614,0.00199883914436914,0,0.0489034703158923,rep001,1,2
combined_stress,SEIR with observation and process noise,SEIR,ssa,1,1,1,A1,Seasonal Forcing,ARX,I,/home/kaahin/degree_project/hybrid-epidemic-forecasting/results/partB/forecasts/partB_combined_stress_forecast_A1_rep001_ARX_I.mat,forecast_results,49,50,1,50,1.4966032770697,0.1,0.9,0.971312628429177,1.19122397077538,0,closed_loop_monte_carlo,ok,0.219911342346198,-0.9,0.9,6.32749746823273,0.0703055274248081,0.0024434593594022,0,0.0678620680654059,rep001,1,2
combined_stress,SEIR with observation and process noise,SEIR,ssa,1,1,1,A1,Seasonal Forcing,ARX,I,/home/kaahin/degree_project/hybrid-epidemic-forecasting/results/partB/forecasts/partB_combined_stress_forecast_A1_rep001_ARX_I.mat,forecast_results,49,50,2,51,1.49487796559399,0.1,0.9,0.951181620610515,1.20741683226822,0,closed_loop_monte_carlo,ok,0.256235211657702,-0.9,0.9,6.00545787817326,0.0667273097574806,0.0028470579073078,0,0.0638802518501728,rep001,1,2
combined_stress,SEIR with observation and process noise,SEIR,ssa,1,1,1,A1,Seasonal Forcing,ARX,I,/home/kaahin/degree_project/hybrid-epidemic-forecasting/results/partB/forecasts/partB_combined_stress_forecast_A1_rep001_ARX_I.mat,forecast_results,49,50,3,52,1.49280316518971,0.1,0.9,0.883476424865045,1.22541111409304,0,closed_loop_monte_carlo,ok,0.341934689227997,-0.9,0.9,5.68977571116137,0.0632197301240152,0.00379927432475552,0,0.0594204557992597,rep001,1,2
combined_stress,SEIR with observation and process noise,SEIR,ssa,1,1,1,A1,Seasonal Forcing,ARX,I,/home/kaahin/degree_project/hybrid-epidemic-forecasting/results/partB/forecasts/partB_combined_stress_forecast_A1_rep001_ARX_I.mat,forecast_results,49,50,4,53,1.49038133490722,0.1,0.9,0.834365051048822,1.19699672921519,0,closed_loop_monte_carlo,ok,0.362631678166366,-0.9,0.9,6.230323792007,0.0692258199111889,0.00402924086851517,0,0.0651965790426738,rep001,1,2
combined_stress,SEIR with observation and process noise,SEIR,ssa,1,1,1,A1,Seasonal Forcing,ARX,I,/home/kaahin/degree_project/hybrid-epidemic-forecasting/results/partB/forecasts/partB_combined_stress_forecast_A1_rep001_ARX_I.mat,forecast_results,49,50,5,54,1.48761534509619,0.1,0.9,0.853326351324417,1.18978309617968,0,closed_loop_monte_carlo,ok,0.336456744855266,-0.9,0.9,6.29310172318537,0.0699233524798375,0.00373840827616962,0,0.0661849442036678,rep001,1,2
combined_stress,SEIR with observation and process noise,SEIR,ssa,1,1,1,A1,Seasonal Forcing,ARX,I,/home/kaahin/degree_project/hybrid-epidemic-forecasting/results/partB/forecasts/partB_combined_stress_forecast_A1_rep001_ARX_I.mat,forecast_results,49,50,6,55,1.48450847400365,0.1,0.9,0.883746899922801,1.1920039445839,0,closed_loop_monte_carlo,ok,0.308257044661098,-0.9,0.9,6.15834763305615,0.0684260848117351,0.0034250782740122,0,0.0650010065377228,rep001,1,2
combined_stress,SEIR with observation and process noise,SEIR,ssa,1,1,1,A1,Seasonal Forcing,ARX,I,/home/kaahin/degree_project/hybrid-epidemic-forecasting/results/partB/forecasts/partB_combined_stress_forecast_A1_rep001_ARX_I.mat,forecast_results,49,50,7,56,1.48106440388863,0.1,0.9,0.901207741480669,1.26099878746711,0,closed_loop_monte_carlo,ok,0.359791045986445,-0.9,0.9,4.76110337441675,0.0529011486046306,0.00399767828873828,0,0.0489034703158923,rep001,1,2
combined_stress,SEIR with observation and process noise,SEIR,ssa,1,1,1,A1,Seasonal Forcing,ARX,I,/home/kaahin/degree_project/hybrid-epidemic-forecasting/results/partB/forecasts/partB_combined_stress_forecast_A1_rep001_ARX_I.mat,forecast_results,49,50,1,50,1.4966032770697,0.2,0.8,0.998312139214832,1.19122397077538,0,closed_loop_monte_carlo,ok,0.192911831560543,-0.8,0.8,3.24670489450381,0.0721489976556402,0.00428692959023429,0,0.0678620680654059,rep001,1,2
combined_stress,SEIR with observation and process noise,SEIR,ssa,1,1,1,A1,Seasonal Forcing,ARX,I,/home/kaahin/degree_project/hybrid-epidemic-forecasting/results/partB/forecasts/partB_combined_stress_forecast_A1_rep001_ARX_I.mat,forecast_results,49,50,2,51,1.49487796559399,0.2,0.8,0.953195826088128,1.20727363964556,0,closed_loop_monte_carlo,ok,0.254077813557431,-0.8,0.8,3.13012107304179,0.0695582460675953,0.00564617363460957,0,0.0639120724329857,rep001,1,2
combined_stress,SEIR with observation and process noise,SEIR,ssa,1,1,1,A1,Seasonal Forcing,ARX,I,/home/kaahin/degree_project/hybrid-epidemic-forecasting/results/partB/forecasts/partB_combined_stress_forecast_A1_rep001_ARX_I.mat,forecast_results,49,50,3,52,1.49280316518971,0.2,0.8,0.909930805300816,1.21407963703217,0,closed_loop_monte_carlo,ok,0.304148831731359,-0.8,0.8,3.09138411330671,0.0686974247401492,0.00675886292736352,0,0.0619385618127857,rep001,1,2
combined_stress,SEIR with observation and process noise,SEIR,ssa,1,1,1,A1,Seasonal Forcing,ARX,I,/home/kaahin/degree_project/hybrid-epidemic-forecasting/results/partB/forecasts/partB_combined_stress_forecast_A1_rep001_ARX_I.mat,forecast_results,49,50,4,53,1.49038133490722,0.2,0.8,0.890370203522119,1.19483459469205,0,closed_loop_monte_carlo,ok,0.304464391169934,-0.8,0.8,3.25993179332159,0.0724429287404799,0.00676587535933186,0,0.065677053381148,rep001,1,2
combined_stress,SEIR with observation and process noise,SEIR,ssa,1,1,1,A1,Seasonal Forcing,ARX,I,/home/kaahin/degree_project/hybrid-epidemic-forecasting/results/partB/forecasts/partB_combined_stress_forecast_A1_rep001_ARX_I.mat,forecast_results,49,50,5,54,1.48761534509619,0.2,0.8,0.90348240744856,1.17157981094172,0,closed_loop_monte_carlo,ok,0.268097403493157,-0.8,0.8,3.42845274503788,0.0761878387786196,0.00595772007762571,0,0.0702301187009939,rep001,1,2
combined_stress,SEIR with observation and process noise,SEIR,ssa,1,1,1,A1,Seasonal Forcing,ARX,I,/home/kaahin/degree_project/hybrid-epidemic-forecasting/results/partB/forecasts/partB_combined_stress_forecast_A1_rep001_ARX_I.mat,forecast_results,49,50,6,55,1.48450847400365,0.2,0.8,0.939880920891285,1.18629086880813,0,closed_loop_monte_carlo,ok,0.246409947916846,-0.8,0.8,3.22858599987205,0.0717463555527122,0.00547577662037436,0,0.0662705789323378,rep001,1,2
combined_stress,SEIR with observation and process noise,SEIR,ssa,1,1,1,A1,Seasonal Forcing,ARX,I,/home/kaahin/degree_project/hybrid-epidemic-forecasting/results/partB/forecasts/partB_combined_stress_forecast_A1_rep001_ARX_I.mat,forecast_results,49,50,7,56,1.48106440388863,0.2,0.8,0.93531987976103,1.22619768648259,0,closed_loop_monte_carlo,ok,0.290877806721556,-0.8,0.8,2.83954498078199,0.0631009995729331,0.00646395126047903,0,0.0566370483124541,rep001,1,2
combined_stress,SEIR with observation and process noise,SEIR,ssa,1,1,1,A1,Seasonal Forcing,ARX,I,/home/kaahin/degree_project/hybrid-epidemic-forecasting/results/partB/forecasts/partB_combined_stress_forecast_A1_rep001_ARX_I.mat,forecast_results,49,50,1,50,1.4966032770697,0.5,0.5,1.05237093534674,1.07425274396128,0,closed_loop_monte_carlo,ok,0.0218818086145471,-0.5,0.5,1.71128394104822,0.0950713300582343,0.00121565603414151,0,0.0938556740240928,rep001,1,2
combined_stress,SEIR with observation and process noise,SEIR,ssa,1,1,1,A1,Seasonal Forcing,ARX,I,/home/kaahin/degree_project/hybrid-epidemic-forecasting/results/partB/forecasts/partB_combined_stress_forecast_A1_rep001_ARX_I.mat,forecast_results,49,50,2,51,1.49487796559399,0.5,0.5,0.984721137797108,1.17978549201682,0,closed_loop_monte_carlo,ok,0.195064354219717,-0.5,0.5,1.4554342485284,0.0808574582515776,0.010836908567762,0,0.0700205496838156,rep001,1,2
combined_stress,SEIR with observation and process noise,SEIR,ssa,1,1,1,A1,Seasonal Forcing,ARX,I,/home/kaahin/degree_project/hybrid-epidemic-forecasting/results/partB/forecasts/partB_combined_stress_forecast_A1_rep001_ARX_I.mat,forecast_results,49,50,3,52,1.49280316518971,0.5,0.5,0.958254878124206,1.20044223479225,0,closed_loop_monte_carlo,ok,0.24218735666804,-0.5,0.5,1.4116310782579,0.0784239487921054,0.0134548531482245,0,0.064969095643881,rep001,1,2
combined_stress,SEIR with observation and process noise,SEIR,ssa,1,1,1,A1,Seasonal Forcing,ARX,I,/home/kaahin/degree_project/hybrid-epidemic-forecasting/results/partB/forecasts/partB_combined_stress_forecast_A1_rep001_ARX_I.mat,forecast_results,49,50,4,53,1.49038133490722,0.5,0.5,0.963723289847557,1.15871249090522,0,closed_loop_monte_carlo,ok,0.194989201057659,-0.5,0.5,1.52166457706567,0.0845369209480928,0.0108327333920922,0,0.0737041875560006,rep001,1,2
combined_stress,SEIR with observation and process noise,SEIR,ssa,1,1,1,A1,Seasonal Forcing,ARX,I,/home/kaahin/degree_project/hybrid-epidemic-forecasting/results/partB/forecasts/partB_combined_stress_forecast_A1_rep001_ARX_I.mat,forecast_results,49,50,5,54,1.48761534509619,0.5,0.5,0.968455299493257,1.15129205687879,0,closed_loop_monte_carlo,ok,0.182836757385536,-0.5,0.5,1.52812991025512,0.0848961061252845,0.0101575976325298,0,0.0747385084927548,rep001,1,2
combined_stress,SEIR with observation and process noise,SEIR,ssa,1,1,1,A1,Seasonal Forcing,ARX,I,/home/kaahin/degree_project/hybrid-epidemic-forecasting/results/partB/forecasts/partB_combined_stress_forecast_A1_rep001_ARX_I.mat,forecast_results,49,50,6,55,1.48450847400365,0.5,0.5,1.0355243008873,1.15295467760379,0,closed_loop_monte_carlo,ok,0.117430376716485,-0.5,0.5,1.44364556231593,0.0802025312397738,0.00652390981758253,0,0.0736786214221913,rep001,1,2
combined_stress,SEIR with observation and process noise,SEIR,ssa,1,1,1,A1,Seasonal Forcing,ARX,I,/home/kaahin/degree_project/hybrid-epidemic-forecasting/results/partB/forecasts/partB_combined_stress_forecast_A1_rep001_ARX_I.mat,forecast_results,49,50,7,56,1.48106440388863,0.5,0.5,0.987045271212692,1.18001826787956,0,closed_loop_monte_carlo,ok,0.19297299666687,-0.5,0.5,1.39715754070314,0.0776198633723968,0.0107207220370483,0,0.0668991413353485,rep001,1,2
combined_stress,SEIR with observation and process noise,SEIR,ssa,1,1,1,A1,Seasonal Forcing,ARX,I,/home/kaahin/degree_project/hybrid-epidemic-forecasting/results/partB/forecasts/partB_combined_stress_forecast_A1_rep001_ARX_I.mat,forecast_results,56,57,1,57,1.47728721665793,0.05,0.95,1.29184271513592,1.66756472778384,1,closed_loop_monte_carlo,ok,0.375722012647919,0.05,0.05,0.375722012647919,0.00208734451471066,0.00208734451471066,0,0,rep001,1,2
combined_stress,SEIR with observation and process noise,SEIR,ssa,1,1,1,A1,Seasonal Forcing,ARX,I,/home/kaahin/degree_project/hybrid-epidemic-forecasting/results/partB/forecasts/partB_combined_stress_forecast_A1_rep001_ARX_I.mat,forecast_results,56,57,2,58,1.47318138902826,0.05,0.95,1.26846425938716,1.81160318705467,1,closed_loop_monte_carlo,ok,0.54313892766751,0.05,0.05,0.54313892766751,0.00301743848704172,0.00301743848704172,0,0,rep001,1,2
combined_stress,SEIR with observation and process noise,SEIR,ssa,1,1,1,A1,Seasonal Forcing,ARX,I,/home/kaahin/degree_project/hybrid-epidemic-forecasting/results/partB/forecasts/partB_combined_stress_forecast_A1_rep001_ARX_I.mat,forecast_results,56,57,3,59,1.46875178722047,0.05,0.95,1.23274094847283,1.75655045098765,1,closed_loop_monte_carlo,ok,0.523809502514821,0.05,0.05,0.523809502514821,0.002910052791749,0.002910052791749,0,0,rep001,1,2
combined_stress,SEIR with observation and process noise,SEIR,ssa,1,1,1,A1,Seasonal Forcing,ARX,I,/home/kaahin/degree_project/hybrid-epidemic-forecasting/results/partB/forecasts/partB_combined_stress_forecast_A1_rep001_ARX_I.mat,forecast_results,56,57,4,60,1.46400366119206,0.05,0.95,1.28186096392388,1.94813301349534,1,closed_loop_monte_carlo,ok,0.666272049571462,0.05,0.05,0.666272049571462,0.00370151138650812,0.00370151138650812,0,0,rep001,1,2
combined_stress,SEIR with observation and process noise,SEIR,ssa,1,1,1,A1,Seasonal Forcing,ARX,I,/home/kaahin/degree_project/hybrid-epidemic-forecasting/results/partB/forecasts/partB_combined_stress_forecast_A1_rep001_ARX_I.mat,forecast_results,56,57,5,61,1.45894263841497,0.05,0.95,1.45566794143,2.03476581637067,1,closed_loop_monte_carlo,ok,0.579097874940667,0.05,0.05,0.579097874940667,0.00321721041633704,0.00321721041633704,0,0,rep001,1,2
combined_stress,SEIR with observation and process noise,SEIR,ssa,1,1,1,A1,Seasonal Forcing,ARX,I,/home/kaahin/degree_project/hybrid-epidemic-forecasting/results/partB/forecasts/partB_combined_stress_forecast_A1_rep001_ARX_I.mat,forecast_results,56,57,6,62,1.45357471720592,0.05,0.95,1.53317458830303,1.97379362757264,0,closed_loop_monte_carlo,ok,0.440619039269617,-0.95,0.95,3.62461388315395,0.0201367437952997,0.00244788355149787,0.0176888602438019,0,rep001,1,2
combined_stress,SEIR with observation and process noise,SEIR,ssa,1,1,1,A1,Seasonal Forcing,ARX,I,/home/kaahin/degree_project/hybrid-epidemic-forecasting/results/partB/forecasts/partB_combined_stress_forecast_A1_rep001_ARX_I.mat,forecast_results,56,57,7,63,1.44790625961717,0.05,0.95,1.59036619909041,2.18365388209021,0,closed_loop_monte_carlo,ok,0.593287682999799,-0.95,0.95,6.29168526192923,0.0349538070107179,0.00329604268333222,0.0316577643273857,0,rep001,1,2
combined_stress,SEIR with observation and process noise,SEIR,ssa,1,1,1,A1,Seasonal Forcing,ARX,I,/home/kaahin/degree_project/hybrid-epidemic-forecasting/results/partB/forecasts/partB_combined_stress_forecast_A1_rep001_ARX_I.mat,forecast_results,56,57,1,57,1.47728721665793,0.1,0.9,1.29184271513592,1.66756472778384,1,closed_loop_monte_carlo,ok,0.375722012647919,0.1,0.1,0.375722012647919,0.00417468902942132,0.00417468902942132,0,0,rep001,1,2
combined_stress,SEIR with observation and process noise,SEIR,ssa,1,1,1,A1,Seasonal Forcing,ARX,I,/home/kaahin/degree_project/hybrid-epidemic-forecasting/results/partB/forecasts/partB_combined_stress_forecast_A1_rep001_ARX_I.mat,forecast_results,56,57,2,58,1.47318138902826,0.1,0.9,1.26846425938716,1.81160318705467,1,closed_loop_monte_carlo,ok,0.54313892766751,0.1,0.1,0.54313892766751,0.00603487697408344,0.00603487697408344,0,0,rep001,1,2
combined_stress,SEIR with observation and process noise,SEIR,ssa,1,1,1,A1,Seasonal Forcing,ARX,I,/home/kaahin/degree_project/hybrid-epidemic-forecasting/results/partB/forecasts/partB_combined_stress_forecast_A1_rep001_ARX_I.mat,forecast_results,56,57,3,59,1.46875178722047,0.1,0.9,1.23274094847283,1.75655045098765,1,closed_loop_monte_carlo,ok,0.523809502514821,0.1,0.1,0.523809502514821,0.00582010558349801,0.00582010558349801,0,0,rep001,1,2
combined_stress,SEIR with observation and process noise,SEIR,ssa,1,1,1,A1,Seasonal Forcing,ARX,I,/home/kaahin/degree_project/hybrid-epidemic-forecasting/results/partB/forecasts/partB_combined_stress_forecast_A1_rep001_ARX_I.mat,forecast_results,56,57,4,60,1.46400366119206,0.1,0.9,1.28186096392388,1.94813301349534,1,closed_loop_monte_carlo,ok,0.666272049571462,0.1,0.1,0.666272049571462,0.00740302277301625,0.00740302277301625,0,0,rep001,1,2
combined_stress,SEIR with observation and process noise,SEIR,ssa,1,1,1,A1,Seasonal Forcing,ARX,I,/home/kaahin/degree_project/hybrid-epidemic-forecasting/results/partB/forecasts/partB_combined_stress_forecast_A1_rep001_ARX_I.mat,forecast_results,56,57,5,61,1.45894263841497,0.1,0.9,1.45566794143,2.03476581637067,1,closed_loop_monte_carlo,ok,0.579097874940667,0.1,0.1,0.579097874940667,0.00643442083267408,0.00643442083267408,0,0,rep001,1,2
combined_stress,SEIR with observation and process noise,SEIR,ssa,1,1,1,A1,Seasonal Forcing,ARX,I,/home/kaahin/degree_project/hybrid-epidemic-forecasting/results/partB/forecasts/partB_combined_stress_forecast_A1_rep001_ARX_I.mat,forecast_results,56,57,6,62,1.45357471720592,0.1,0.9,1.53317458830303,1.97379362757264,0,closed_loop_monte_carlo,ok,0.440619039269617,-0.9,0.9,2.03261646121179,0.0225846273467976,0.00489576710299575,0.0176888602438019,0,rep001,1,2
combined_stress,SEIR with observation and process noise,SEIR,ssa,1,1,1,A1,Seasonal Forcing,ARX,I,/home/kaahin/degree_project/hybrid-epidemic-forecasting/results/partB/forecasts/partB_combined_stress_forecast_A1_rep001_ARX_I.mat,forecast_results,56,57,7,63,1.44790625961717,0.1,0.9,1.59036619909041,2.18365388209021,0,closed_loop_monte_carlo,ok,0.593287682999799,-0.9,0.9,3.44248647246451,0.0382498496940502,0.00659208536666443,0.0316577643273857,0,rep001,1,2
combined_stress,SEIR with observation and process noise,SEIR,ssa,1,1,1,A1,Seasonal Forcing,ARX,I,/home/kaahin/degree_project/hybrid-epidemic-forecasting/results/partB/forecasts/partB_combined_stress_forecast_A1_rep001_ARX_I.mat,forecast_results,56,57,1,57,1.47728721665793,0.2,0.8,1.34113706706531,1.59568024571019,1,closed_loop_monte_carlo,ok,0.254543178644878,0.2,0.2,0.254543178644878,0.00565651508099729,0.00565651508099729,0,0,rep001,1,2
combined_stress,SEIR with observation and process noise,SEIR,ssa,1,1,1,A1,Seasonal Forcing,ARX,I,/home/kaahin/degree_project/hybrid-epidemic-forecasting/results/partB/forecasts/partB_combined_stress_forecast_A1_rep001_ARX_I.mat,forecast_results,56,57,2,58,1.47318138902826,0.2,0.8,1.29727119949551,1.70437157685734,1,closed_loop_monte_carlo,ok,0.407100377361831,0.2,0.2,0.407100377361831,0.00904667505248514,0.00904667505248514,0,0,rep001,1,2
combined_stress,SEIR with observation and process noise,SEIR,ssa,1,1,1,A1,Seasonal Forcing,ARX,I,/home/kaahin/degree_project/hybrid-epidemic-forecasting/results/partB/forecasts/partB_combined_stress_forecast_A1_rep001_ARX_I.mat,forecast_results,56,57,3,59,1.46875178722047,0.2,0.8,1.27912841687496,1.75567970891249,1,closed_loop_monte_carlo,ok,0.476551292037531,0.2,0.2,0.476551292037531,0.0105900287119451,0.0105900287119451,0,0,rep001,1,2
combined_stress,SEIR with observation and process noise,SEIR,ssa,1,1,1,A1,Seasonal Forcing,ARX,I,/home/kaahin/degree_project/hybrid-epidemic-forecasting/results/partB/forecasts/partB_combined_stress_forecast_A1_rep001_ARX_I.mat,forecast_results,56,57,4,60,1.46400366119206,0.2,0.8,1.37465517276374,1.8931513102641,1,closed_loop_monte_carlo,ok,0.518496137500364,0.2,0.2,0.518496137500364,0.011522136388897,0.011522136388897,0,0,rep001,1,2
combined_stress,SEIR with observation and process noise,SEIR,ssa,1,1,1,A1,Seasonal Forcing,ARX,I,/home/kaahin/degree_project/hybrid-epidemic-forecasting/results/partB/forecasts/partB_combined_stress_forecast_A1_rep001_ARX_I.mat,forecast_results,56,57,5,61,1.45894263841497,0.2,0.8,1.47760594199096,1.94311780351488,0,closed_loop_monte_carlo,ok,0.465511861523929,-0.8,0.8,0.652144897283751,0.0144921088285278,0.0103447080338651,0.00414740079466272,0,rep001,1,2
combined_stress,SEIR with observation and process noise,SEIR,ssa,1,1,1,A1,Seasonal Forcing,ARX,I,/home/kaahin/degree_project/hybrid-epidemic-forecasting/results/partB/forecasts/partB_combined_stress_forecast_A1_rep001_ARX_I.mat,forecast_results,56,57,6,62,1.45357471720592,0.2,0.8,1.54362665258577,1.91876416355397,0,closed_loop_monte_carlo,ok,0.375137510968203,-0.8,0.8,1.27565686476668,0.0283479303281484,0.00833638913262673,0.0200115411955217,0,rep001,1,2
combined_stress,SEIR with observation and process noise,SEIR,ssa,1,1,1,A1,Seasonal Forcing,ARX,I,/home/kaahin/degree_project/hybrid-epidemic-forecasting/results/partB/forecasts/partB_combined_stress_forecast_A1_rep001_ARX_I.mat,forecast_results,56,57,7,63,1.44790625961717,0.2,0.8,1.65429141869504,2.05496182725762,0,closed_loop_monte_carlo,ok,0.400670408562579,-0.8,0.8,2.46452199934122,0.0547671555409161,0.00890378685694621,0.0458633686839699,0,rep001,1,2
combined_stress,SEIR with observation and process noise,SEIR,ssa,1,1,1,A1,Seasonal Forcing,ARX,I,/home/kaahin/degree_project/hybrid-epidemic-forecasting/results/partB/forecasts/partB_combined_stress_forecast_A1_rep001_ARX_I.mat,forecast_results,56,57,1,57,1.47728721665793,0.5,0.5,1.42030840704032,1.48017991249186,1,closed_loop_monte_carlo,ok,0.0598715054515417,0.5,0.5,0.0598715054515417,0.00332619474730787,0.00332619474730787,0,0,rep001,1,2
combined_stress,SEIR with observation and process noise,SEIR,ssa,1,1,1,A1,Seasonal Forcing,ARX,I,/home/kaahin/degree_project/hybrid-epidemic-forecasting/results/partB/forecasts/partB_combined_stress_forecast_A1_rep001_ARX_I.mat,forecast_results,56,57,2,58,1.47318138902826,0.5,0.5,1.41869096539114,1.59544388014171,1,closed_loop_monte_carlo,ok,0.176752914750576,0.5,0.5,0.176752914750576,0.00981960637503202,0.00981960637503202,0,0,rep001,1,2
combined_stress,SEIR with observation and process noise,SEIR,ssa,1,1,1,A1,Seasonal Forcing,ARX,I,/home/kaahin/degree_project/hybrid-epidemic-forecasting/results/partB/forecasts/partB_combined_stress_forecast_A1_rep001_ARX_I.mat,forecast_results,56,57,3,59,1.46875178722047,0.5,0.5,1.44728398608137,1.75085456085991,1,closed_loop_monte_carlo,ok,0.303570574778537,0.5,0.5,0.303570574778537,0.0168650319321409,0.0168650319321409,0,0,rep001,1,2
combined_stress,SEIR with observation and process noise,SEIR,ssa,1,1,1,A1,Seasonal Forcing,ARX,I,/home/kaahin/degree_project/hybrid-epidemic-forecasting/results/partB/forecasts/partB_combined_stress_forecast_A1_rep001_ARX_I.mat,forecast_results,56,57,4,60,1.46400366119206,0.5,0.5,1.47430706736823,1.73029726000165,0,closed_loop_monte_carlo,ok,0.255990192633423,-0.5,0.5,0.297203817338086,0.0165113231854492,0.0142216773685235,0.00228964581692568,0,rep001,1,2
combined_stress,SEIR with observation and process noise,SEIR,ssa,1,1,1,A1,Seasonal Forcing,ARX,I,/home/kaahin/degree_project/hybrid-epidemic-forecasting/results/partB/forecasts/partB_combined_stress_forecast_A1_rep001_ARX_I.mat,forecast_results,56,57,5,61,1.45894263841497,0.5,0.5,1.55912467952908,1.73084407334147,0,closed_loop_monte_carlo,ok,0.171719393812389,-0.5,0.5,0.572447558268826,0.0318026421260459,0.00953996632291048,0.0222626758031354,0,rep001,1,2
combined_stress,SEIR with observation and process noise,SEIR,ssa,1,1,1,A1,Seasonal Forcing,ARX,I,/home/kaahin/degree_project/hybrid-epidemic-forecasting/results/partB/forecasts/partB_combined_stress_forecast_A1_rep001_ARX_I.mat,forecast_results,56,57,6,62,1.45357471720592,0.5,0.5,1.56415956337416,1.79685487727709,0,closed_loop_monte_carlo,ok,0.232695313902934,-0.5,0.5,0.675034698575879,0.03750192769866,0.0129275174390519,0.0245744102596081,0,rep001,1,2
combined_stress,SEIR with observation and process noise,SEIR,ssa,1,1,1,A1,Seasonal Forcing,ARX,I,/home/kaahin/degree_project/hybrid-epidemic-forecasting/results/partB/forecasts/partB_combined_stress_forecast_A1_rep001_ARX_I.mat,forecast_results,56,57,7,63,1.44790625961717,0.5,0.5,1.72523241088856,1.91053769037778,0,closed_loop_monte_carlo,ok,0.185305279489222,-0.5,0.5,1.29460988457477,0.0719227713652651,0.0102947377494012,0.0616280336158639,0,rep001,1,2
combined_stress,SEIR with observation and process noise,SEIR,ssa,1,1,1,A1,Seasonal Forcing,AR,None,/home/kaahin/degree_project/hybrid-epidemic-forecasting/results/partB/forecasts/partB_combined_stress_forecast_A1_rep001_AR_None.mat,forecast_results,49,50,1,50,1.4966032770697,0.05,0.95,1.01539470049117,1.14510159980091,0,closed_loop_monte_carlo,ok,0.129706899309735,-0.95,0.95,14.1897739900615,0.0788320777225641,0.000720593885054086,0,0.07811148383751,rep001,1,2
combined_stress,SEIR with observation and process noise,SEIR,ssa,1,1,1,A1,Seasonal Forcing,AR,None,/home/kaahin/degree_project/hybrid-epidemic-forecasting/results/partB/forecasts/partB_combined_stress_forecast_A1_rep001_AR_None.mat,forecast_results,49,50,2,51,1.49487796559399,0.05,0.95,0.995883305875963,1.16208438792875,0,closed_loop_monte_carlo,ok,0.166201082052787,-0.95,0.95,13.4779441886625,0.0748774677147919,0.000923339344737706,0,0.0739541283700542,rep001,1,2
combined_stress,SEIR with observation and process noise,SEIR,ssa,1,1,1,A1,Seasonal Forcing,AR,None,/home/kaahin/degree_project/hybrid-epidemic-forecasting/results/partB/forecasts/partB_combined_stress_forecast_A1_rep001_AR_None.mat,forecast_results,49,50,3,52,1.49280316518971,0.05,0.95,0.95673836381453,1.20057618550865,0,closed_loop_monte_carlo,ok,0.243837821694123,-0.95,0.95,11.9329170089364,0.0662939833829801,0.00135465456496735,0,0.0649393288180127,rep001,1,2
combined_stress,SEIR with observation and process noise,SEIR,ssa,1,1,1,A1,Seasonal Forcing,AR,None,/home/kaahin/degree_project/hybrid-epidemic-forecasting/results/partB/forecasts/partB_combined_stress_forecast_A1_rep001_AR_None.mat,forecast_results,49,50,4,53,1.49038133490722,0.05,0.95,0.937444873552612,1.22755225894254,0,closed_loop_monte_carlo,ok,0.290107385389929,-0.95,0.95,10.8032704239771,0.0600181690220947,0.00161170769661072,0,0.058406461325484,rep001,1,2
combined_stress,SEIR with observation and process noise,SEIR,ssa,1,1,1,A1,Seasonal Forcing,AR,None,/home/kaahin/degree_project/hybrid-epidemic-forecasting/results/partB/forecasts/partB_combined_stress_forecast_A1_rep001_AR_None.mat,forecast_results,49,50,5,54,1.48761534509619,0.05,0.95,0.937921080379654,1.21634462622876,0,closed_loop_monte_carlo,ok,0.278423545849104,-0.95,0.95,11.1292523005463,0.0618291794474797,0.00154679747693947,0,0.0602823819705402,rep001,1,2
combined_stress,SEIR with observation and process noise,SEIR,ssa,1,1,1,A1,Seasonal Forcing,AR,None,/home/kaahin/degree_project/hybrid-epidemic-forecasting/results/partB/forecasts/partB_combined_stress_forecast_A1_rep001_AR_None.mat,forecast_results,49,50,6,55,1.48450847400365,0.05,0.95,0.932769514993782,1.19584152926166,0,closed_loop_monte_carlo,ok,0.263072014267878,-0.95,0.95,11.8097498039475,0.0656097211330419,0.0014615111903771,0,0.0641482099426647,rep001,1,2
combined_stress,SEIR with observation and process noise,SEIR,ssa,1,1,1,A1,Seasonal Forcing,AR,None,/home/kaahin/degree_project/hybrid-epidemic-forecasting/results/partB/forecasts/partB_combined_stress_forecast_A1_rep001_AR_None.mat,forecast_results,49,50,7,56,1.48106440388863,0.05,0.95,0.926764535407315,1.17465808052594,0,closed_loop_monte_carlo,ok,0.247893545118624,-0.95,0.95,12.5041464796262,0.069467480442368,0.00137718636177013,0,0.0680902940805979,rep001,1,2
combined_stress,SEIR with observation and process noise,SEIR,ssa,1,1,1,A1,Seasonal Forcing,AR,None,/home/kaahin/degree_project/hybrid-epidemic-forecasting/results/partB/forecasts/partB_combined_stress_forecast_A1_rep001_AR_None.mat,forecast_results,49,50,1,50,1.4966032770697,0.1,0.9,1.01539470049117,1.14510159980091,0,closed_loop_monte_carlo,ok,0.129706899309735,-0.9,0.9,7.15974044468564,0.0795526716076182,0.00144118777010817,0,0.07811148383751,rep001,1,2
combined_stress,SEIR with observation and process noise,SEIR,ssa,1,1,1,A1,Seasonal Forcing,AR,None,/home/kaahin/degree_project/hybrid-epidemic-forecasting/results/partB/forecasts/partB_combined_stress_forecast_A1_rep001_AR_None.mat,forecast_results,49,50,2,51,1.49487796559399,0.1,0.9,0.995883305875963,1.16208438792875,0,closed_loop_monte_carlo,ok,0.166201082052787,-0.9,0.9,6.82207263535767,0.0758008070595296,0.00184667868947541,0,0.0739541283700542,rep001,1,2
combined_stress,SEIR with observation and process noise,SEIR,ssa,1,1,1,A1,Seasonal Forcing,AR,None,/home/kaahin/degree_project/hybrid-epidemic-forecasting/results/partB/forecasts/partB_combined_stress_forecast_A1_rep001_AR_None.mat,forecast_results,49,50,3,52,1.49280316518971,0.1,0.9,0.95673836381453,1.20057618550865,0,closed_loop_monte_carlo,ok,0.243837821694123,-0.9,0.9,6.08837741531527,0.0676486379479474,0.0027093091299347,0,0.0649393288180127,rep001,1,2
combined_stress,SEIR with observation and process noise,SEIR,ssa,1,1,1,A1,Seasonal Forcing,AR,None,/home/kaahin/degree_project/hybrid-epidemic-forecasting/results/partB/forecasts/partB_combined_stress_forecast_A1_rep001_AR_None.mat,forecast_results,49,50,4,53,1.49038133490722,0.1,0.9,0.937444873552612,1.22755225894254,0,closed_loop_monte_carlo,ok,0.290107385389929,-0.9,0.9,5.54668890468349,0.0616298767187055,0.00322341539322143,0,0.058406461325484,rep001,1,2
combined_stress,SEIR with observation and process noise,SEIR,ssa,1,1,1,A1,Seasonal Forcing,AR,None,/home/kaahin/degree_project/hybrid-epidemic-forecasting/results/partB/forecasts/partB_combined_stress_forecast_A1_rep001_AR_None.mat,forecast_results,49,50,5,54,1.48761534509619,0.1,0.9,0.937921080379654,1.21634462622876,0,closed_loop_monte_carlo,ok,0.278423545849104,-0.9,0.9,5.70383792319772,0.0633759769244192,0.00309359495387893,0,0.0602823819705402,rep001,1,2
combined_stress,SEIR with observation and process noise,SEIR,ssa,1,1,1,A1,Seasonal Forcing,AR,None,/home/kaahin/degree_project/hybrid-epidemic-forecasting/results/partB/forecasts/partB_combined_stress_forecast_A1_rep001_AR_None.mat,forecast_results,49,50,6,55,1.48450847400365,0.1,0.9,0.932769514993782,1.19584152926166,0,closed_loop_monte_carlo,ok,0.263072014267878,-0.9,0.9,6.03641090910771,0.067071232323419,0.0029230223807542,0,0.0641482099426647,rep001,1,2
combined_stress,SEIR with observation and process noise,SEIR,ssa,1,1,1,A1,Seasonal Forcing,AR,None,/home/kaahin/degree_project/hybrid-epidemic-forecasting/results/partB/forecasts/partB_combined_stress_forecast_A1_rep001_AR_None.mat,forecast_results,49,50,7,56,1.48106440388863,0.1,0.9,0.926764535407315,1.17465808052594,0,closed_loop_monte_carlo,ok,0.247893545118624,-0.9,0.9,6.37602001237244,0.0708446668041382,0.00275437272354027,0,0.0680902940805979,rep001,1,2
combined_stress,SEIR with observation and process noise,SEIR,ssa,1,1,1,A1,Seasonal Forcing,AR,None,/home/kaahin/degree_project/hybrid-epidemic-forecasting/results/partB/forecasts/partB_combined_stress_forecast_A1_rep001_AR_None.mat,forecast_results,49,50,1,50,1.4966032770697,0.2,0.8,1.01644341076754,1.13974952754675,0,closed_loop_monte_carlo,ok,0.123306116779205,-0.8,0.8,3.69184361200877,0.0820409691557504,0.00274013592842678,0,0.0793008332273236,rep001,1,2
combined_stress,SEIR with observation and process noise,SEIR,ssa,1,1,1,A1,Seasonal Forcing,AR,None,/home/kaahin/degree_project/hybrid-epidemic-forecasting/results/partB/forecasts/partB_combined_stress_forecast_A1_rep001_AR_None.mat,forecast_results,49,50,2,51,1.49487796559399,0.2,0.8,0.997071430435367,1.1531494090835,0,closed_loop_monte_carlo,ok,0.15607797864813,-0.8,0.8,3.57336354375311,0.0794080787500692,0.00346839952551399,0,0.0759396792245552,rep001,1,2
combined_stress,SEIR with observation and process noise,SEIR,ssa,1,1,1,A1,Seasonal Forcing,AR,None,/home/kaahin/degree_project/hybrid-epidemic-forecasting/results/partB/forecasts/partB_combined_stress_forecast_A1_rep001_AR_None.mat,forecast_results,49,50,3,52,1.49280316518971,0.2,0.8,0.970591183784671,1.19392245242242,0,closed_loop_monte_carlo,ok,0.223331268637746,-0.8,0.8,3.21213839631068,0.0713808532513485,0.00496291708083879,0,0.0664179361705098,rep001,1,2
combined_stress,SEIR with observation and process noise,SEIR,ssa,1,1,1,A1,Seasonal Forcing,AR,None,/home/kaahin/degree_project/hybrid-epidemic-forecasting/results/partB/forecasts/partB_combined_stress_forecast_A1_rep001_AR_None.mat,forecast_results,49,50,4,53,1.49038133490722,0.2,0.8,0.956233089626453,1.19395646602281,0,closed_loop_monte_carlo,ok,0.237723376396361,-0.8,0.8,3.20197206524041,0.0711549347831203,0.00528274169769692,0,0.0658721930854234,rep001,1,2
combined_stress,SEIR with observation and process noise,SEIR,ssa,1,1,1,A1,Seasonal Forcing,AR,None,/home/kaahin/degree_project/hybrid-epidemic-forecasting/results/partB/forecasts/partB_combined_stress_forecast_A1_rep001_AR_None.mat,forecast_results,49,50,5,54,1.48761534509619,0.2,0.8,0.952156606080278,1.15879707016034,0,closed_loop_monte_carlo,ok,0.20664046408006,-0.8,0.8,3.49482321343857,0.0776627380764127,0.00459201031289022,0,0.0730707277635225,rep001,1,2
combined_stress,SEIR with observation and process noise,SEIR,ssa,1,1,1,A1,Seasonal Forcing,AR,None,/home/kaahin/degree_project/hybrid-epidemic-forecasting/results/partB/forecasts/partB_combined_stress_forecast_A1_rep001_AR_None.mat,forecast_results,49,50,6,55,1.48450847400365,0.2,0.8,0.967126962593651,1.1699294691659,0,closed_loop_monte_carlo,ok,0.202802506572246,-0.8,0.8,3.34859255494979,0.0744131678877731,0.00450672236827214,0,0.069906445519501,rep001,1,2
combined_stress,SEIR with observation and process noise,SEIR,ssa,1,1,1,A1,Seasonal Forcing,AR,None,/home/kaahin/degree_project/hybrid-epidemic-forecasting/results/partB/forecasts/partB_combined_stress_forecast_A1_rep001_AR_None.mat,forecast_results,49,50,7,56,1.48106440388863,0.2,0.8,0.945144777604159,1.17297094413078,0,closed_loop_monte_carlo,ok,0.227826166526625,-0.8,0.8,3.30876076410507,0.0735280169801128,0.00506280370059167,0,0.0684652132795211,rep001,1,2
combined_stress,SEIR with observation and process noise,SEIR,ssa,1,1,1,A1,Seasonal Forcing,AR,None,/home/kaahin/degree_project/hybrid-epidemic-forecasting/results/partB/forecasts/partB_combined_stress_forecast_A1_rep001_AR_None.mat,forecast_results,49,50,1,50,1.4966032770697,0.5,0.5,1.04479991997702,1.12966884209277,0,closed_loop_monte_carlo,ok,0.0848689221157415,-0.5,0.5,1.55260666202348,0.0862559256679713,0.00471494011754119,0,0.0815409855504302,rep001,1,2
combined_stress,SEIR with observation and process noise,SEIR,ssa,1,1,1,A1,Seasonal Forcing,AR,None,/home/kaahin/degree_project/hybrid-epidemic-forecasting/results/partB/forecasts/partB_combined_stress_forecast_A1_rep001_AR_None.mat,forecast_results,49,50,2,51,1.49487796559399,0.5,0.5,1.02926642411094,1.13187021958466,0,closed_loop_monte_carlo,ok,0.102603795473722,-0.5,0.5,1.55463477951104,0.0863685988617246,0.00570021085965125,0,0.0806683880020734,rep001,1,2
combined_stress,SEIR with observation and process noise,SEIR,ssa,1,1,1,A1,Seasonal Forcing,AR,None,/home/kaahin/degree_project/hybrid-epidemic-forecasting/results/partB/forecasts/partB_combined_stress_forecast_A1_rep001_AR_None.mat,forecast_results,49,50,3,52,1.49280316518971,0.5,0.5,0.986766382217562,1.15069274480682,0,closed_loop_monte_carlo,ok,0.163926362589255,-0.5,0.5,1.53236804412083,0.0851315580067126,0.00910702014384752,0,0.0760245378628651,rep001,1,2
combined_stress,SEIR with observation and process noise,SEIR,ssa,1,1,1,A1,Seasonal Forcing,AR,None,/home/kaahin/degree_project/hybrid-epidemic-forecasting/results/partB/forecasts/partB_combined_stress_forecast_A1_rep001_AR_None.mat,forecast_results,49,50,4,53,1.49038133490722,0.5,0.5,0.998235802121778,1.11499336350396,0,closed_loop_monte_carlo,ok,0.116757561382186,-0.5,0.5,1.61830944699521,0.0899060803886226,0.0064865311878992,0,0.0834195492007234,rep001,1,2
combined_stress,SEIR with observation and process noise,SEIR,ssa,1,1,1,A1,Seasonal Forcing,AR,None,/home/kaahin/degree_project/hybrid-epidemic-forecasting/results/partB/forecasts/partB_combined_stress_forecast_A1_rep001_AR_None.mat,forecast_results,49,50,5,54,1.48761534509619,0.5,0.5,0.978980719816065,1.09415138252005,0,closed_loop_monte_carlo,ok,0.115170662703981,-0.5,0.5,1.68902651300855,0.093834806278253,0.00639837015022117,0,0.0874364361280318,rep001,1,2
combined_stress,SEIR with observation and process noise,SEIR,ssa,1,1,1,A1,Seasonal Forcing,AR,None,/home/kaahin/degree_project/hybrid-epidemic-forecasting/results/partB/forecasts/partB_combined_stress_forecast_A1_rep001_AR_None.mat,forecast_results,49,50,6,55,1.48450847400365,0.5,0.5,1.03416598093394,1.09808538564704,0,closed_loop_monte_carlo,ok,0.0639194047130947,-0.5,0.5,1.60961175813954,0.0894228754521968,0.00355107803961637,0,0.0858717974125804,rep001,1,2
combined_stress,SEIR with observation and process noise,SEIR,ssa,1,1,1,A1,Seasonal Forcing,AR,None,/home/kaahin/degree_project/hybrid-epidemic-forecasting/results/partB/forecasts/partB_combined_stress_forecast_A1_rep001_AR_None.mat,forecast_results,49,50,7,56,1.48106440388863,0.5,0.5,0.968568845805288,1.08105290583891,0,closed_loop_monte_carlo,ok,0.11248406003362,-0.5,0.5,1.71253005223251,0.0951405584573615,0.0062491144463122,0,0.0888914440110493,rep001,1,2
combined_stress,SEIR with observation and process noise,SEIR,ssa,1,1,1,A1,Seasonal Forcing,AR,None,/home/kaahin/degree_project/hybrid-epidemic-forecasting/results/partB/forecasts/partB_combined_stress_forecast_A1_rep001_AR_None.mat,forecast_results,56,57,1,57,1.47728721665793,0.05,0.95,1.2763693739022,1.61059544869914,1,closed_loop_monte_carlo,ok,0.334226074796937,0.05,0.05,0.334226074796937,0.00185681152664965,0.00185681152664965,0,0,rep001,1,2
combined_stress,SEIR with observation and process noise,SEIR,ssa,1,1,1,A1,Seasonal Forcing,AR,None,/home/kaahin/degree_project/hybrid-epidemic-forecasting/results/partB/forecasts/partB_combined_stress_forecast_A1_rep001_AR_None.mat,forecast_results,56,57,2,58,1.47318138902826,0.05,0.95,1.19487325319816,1.60087363781142,1,closed_loop_monte_carlo,ok,0.406000384613254,0.05,0.05,0.406000384613254,0.00225555769229586,0.00225555769229586,0,0,rep001,1,2
combined_stress,SEIR with observation and process noise,SEIR,ssa,1,1,1,A1,Seasonal Forcing,AR,None,/home/kaahin/degree_project/hybrid-epidemic-forecasting/results/partB/forecasts/partB_combined_stress_forecast_A1_rep001_AR_None.mat,forecast_results,56,57,3,59,1.46875178722047,0.05,0.95,1.14547241830403,1.57995862303341,1,closed_loop_monte_carlo,ok,0.434486204729383,0.05,0.05,0.434486204729383,0.00241381224849657,0.00241381224849657,0,0,rep001,1,2
combined_stress,SEIR with observation and process noise,SEIR,ssa,1,1,1,A1,Seasonal Forcing,AR,None,/home/kaahin/degree_project/hybrid-epidemic-forecasting/results/partB/forecasts/partB_combined_stress_forecast_A1_rep001_AR_None.mat,forecast_results,56,57,4,60,1.46400366119206,0.05,0.95,1.08738956403777,1.51732471021954,1,closed_loop_monte_carlo,ok,0.42993514618177,0.05,0.05,0.42993514618177,0.00238852858989872,0.00238852858989872,0,0,rep001,1,2
combined_stress,SEIR with observation and process noise,SEIR,ssa,1,1,1,A1,Seasonal Forcing,AR,None,/home/kaahin/degree_project/hybrid-epidemic-forecasting/results/partB/forecasts/partB_combined_stress_forecast_A1_rep001_AR_None.mat,forecast_results,56,57,5,61,1.45894263841497,0.05,0.95,1.07646256884072,1.44844640624424,0,closed_loop_monte_carlo,ok,0.371983837403528,-0.95,0.95,0.791833124232747,0.00439907291240415,0.00206657687446404,0,0.00233249603794011,rep001,1,2
combined_stress,SEIR with observation and process noise,SEIR,ssa,1,1,1,A1,Seasonal Forcing,AR,None,/home/kaahin/degree_project/hybrid-epidemic-forecasting/results/partB/forecasts/partB_combined_stress_forecast_A1_rep001_AR_None.mat,forecast_results,56,57,6,62,1.45357471720592,0.05,0.95,1.05569437203041,1.46517014509833,1,closed_loop_monte_carlo,ok,0.409475773067918,0.05,0.05,0.409475773067918,0.00227486540593288,0.00227486540593288,0,0,rep001,1,2
combined_stress,SEIR with observation and process noise,SEIR,ssa,1,1,1,A1,Seasonal Forcing,AR,None,/home/kaahin/degree_project/hybrid-epidemic-forecasting/results/partB/forecasts/partB_combined_stress_forecast_A1_rep001_AR_None.mat,forecast_results,56,57,7,63,1.44790625961717,0.05,0.95,0.953777442675183,1.58290158246036,1,closed_loop_monte_carlo,ok,0.62912413978518,0.05,0.05,0.62912413978518,0.00349513410991767,0.00349513410991767,0,0,rep001,1,2
combined_stress,SEIR with observation and process noise,SEIR,ssa,1,1,1,A1,Seasonal Forcing,AR,None,/home/kaahin/degree_project/hybrid-epidemic-forecasting/results/partB/forecasts/partB_combined_stress_forecast_A1_rep001_AR_None.mat,forecast_results,56,57,1,57,1.47728721665793,0.1,0.9,1.2763693739022,1.61059544869914,1,closed_loop_monte_carlo,ok,0.334226074796937,0.1,0.1,0.334226074796937,0.0037136230532993,0.0037136230532993,0,0,rep001,1,2
combined_stress,SEIR with observation and process noise,SEIR,ssa,1,1,1,A1,Seasonal Forcing,AR,None,/home/kaahin/degree_project/hybrid-epidemic-forecasting/results/partB/forecasts/partB_combined_stress_forecast_A1_rep001_AR_None.mat,forecast_results,56,57,2,58,1.47318138902826,0.1,0.9,1.19487325319816,1.60087363781142,1,closed_loop_monte_carlo,ok,0.406000384613254,0.1,0.1,0.406000384613254,0.00451111538459172,0.00451111538459172,0,0,rep001,1,2
combined_stress,SEIR with observation and process noise,SEIR,ssa,1,1,1,A1,Seasonal Forcing,AR,None,/home/kaahin/degree_project/hybrid-epidemic-forecasting/results/partB/forecasts/partB_combined_stress_forecast_A1_rep001_AR_None.mat,forecast_results,56,57,3,59,1.46875178722047,0.1,0.9,1.14547241830403,1.57995862303341,1,closed_loop_monte_carlo,ok,0.434486204729383,0.1,0.1,0.434486204729383,0.00482762449699314,0.00482762449699314,0,0,rep001,1,2
combined_stress,SEIR with observation and process noise,SEIR,ssa,1,1,1,A1,Seasonal Forcing,AR,None,/home/kaahin/degree_project/hybrid-epidemic-forecasting/results/partB/forecasts/partB_combined_stress_forecast_A1_rep001_AR_None.mat,forecast_results,56,57,4,60,1.46400366119206,0.1,0.9,1.08738956403777,1.51732471021954,1,closed_loop_monte_carlo,ok,0.42993514618177,0.1,0.1,0.42993514618177,0.00477705717979744,0.00477705717979744,0,0,rep001,1,2
combined_stress,SEIR with observation and process noise,SEIR,ssa,1,1,1,A1,Seasonal Forcing,AR,None,/home/kaahin/degree_project/hybrid-epidemic-forecasting/results/partB/forecasts/partB_combined_stress_forecast_A1_rep001_AR_None.mat,forecast_results,56,57,5,61,1.45894263841497,0.1,0.9,1.07646256884072,1.44844640624424,0,closed_loop_monte_carlo,ok,0.371983837403528,-0.9,0.9,0.581908480818137,0.00646564978686819,0.00413315374892808,0,0.00233249603794011,rep001,1,2
combined_stress,SEIR with observation and process noise,SEIR,ssa,1,1,1,A1,Seasonal Forcing,AR,None,/home/kaahin/degree_project/hybrid-epidemic-forecasting/results/partB/forecasts/partB_combined_stress_forecast_A1_rep001_AR_None.mat,forecast_results,56,57,6,62,1.45357471720592,0.1,0.9,1.05569437203041,1.46517014509833,1,closed_loop_monte_carlo,ok,0.409475773067918,0.1,0.1,0.409475773067918,0.00454973081186576,0.00454973081186576,0,0,rep001,1,2
combined_stress,SEIR with observation and process noise,SEIR,ssa,1,1,1,A1,Seasonal Forcing,AR,None,/home/kaahin/degree_project/hybrid-epidemic-forecasting/results/partB/forecasts/partB_combined_stress_forecast_A1_rep001_AR_None.mat,forecast_results,56,57,7,63,1.44790625961717,0.1,0.9,0.953777442675183,1.58290158246036,1,closed_loop_monte_carlo,ok,0.62912413978518,0.1,0.1,0.62912413978518,0.00699026821983533,0.00699026821983533,0,0,rep001,1,2
combined_stress,SEIR with observation and process noise,SEIR,ssa,1,1,1,A1,Seasonal Forcing,AR,None,/home/kaahin/degree_project/hybrid-epidemic-forecasting/results/partB/forecasts/partB_combined_stress_forecast_A1_rep001_AR_None.mat,forecast_results,56,57,1,57,1.47728721665793,0.2,0.8,1.30779226490797,1.59925102844961,1,closed_loop_monte_carlo,ok,0.291458763541639,0.2,0.2,0.291458763541639,0.00647686141203642,0.00647686141203642,0,0,rep001,1,2
combined_stress,SEIR with observation and process noise,SEIR,ssa,1,1,1,A1,Seasonal Forcing,AR,None,/home/kaahin/degree_project/hybrid-epidemic-forecasting/results/partB/forecasts/partB_combined_stress_forecast_A1_rep001_AR_None.mat,forecast_results,56,57,2,58,1.47318138902826,0.2,0.8,1.221282566086,1.55741728782431,1,closed_loop_monte_carlo,ok,0.336134721738309,0.2,0.2,0.336134721738309,0.00746966048307354,0.00746966048307354,0,0,rep001,1,2
combined_stress,SEIR with observation and process noise,SEIR,ssa,1,1,1,A1,Seasonal Forcing,AR,None,/home/kaahin/degree_project/hybrid-epidemic-forecasting/results/partB/forecasts/partB_combined_stress_forecast_A1_rep001_AR_None.mat,forecast_results,56,57,3,59,1.46875178722047,0.2,0.8,1.17272732361173,1.51114650950693,1,closed_loop_monte_carlo,ok,0.338419185895206,0.2,0.2,0.338419185895206,0.0075204263532268,0.0075204263532268,0,0,rep001,1,2
combined_stress,SEIR with observation and process noise,SEIR,ssa,1,1,1,A1,Seasonal Forcing,AR,None,/home/kaahin/degree_project/hybrid-epidemic-forecasting/results/partB/forecasts/partB_combined_stress_forecast_A1_rep001_AR_None.mat,forecast_results,56,57,4,60,1.46400366119206,0.2,0.8,1.0977273130115,1.47206996786015,1,closed_loop_monte_carlo,ok,0.374342654848652,0.2,0.2,0.374342654848652,0.00831872566330337,0.00831872566330337,0,0,rep001,1,2
combined_stress,SEIR with observation and process noise,SEIR,ssa,1,1,1,A1,Seasonal Forcing,AR,None,/home/kaahin/degree_project/hybrid-epidemic-forecasting/results/partB/forecasts/partB_combined_stress_forecast_A1_rep001_AR_None.mat,forecast_results,56,57,5,61,1.45894263841497,0.2,0.8,1.07817701675029,1.40952835674718,0,closed_loop_monte_carlo,ok,0.331351339996889,-0.8,0.8,0.825494156674827,0.0183443145927739,0.00736336311104198,0,0.010980951481732,rep001,1,2
combined_stress,SEIR with observation and process noise,SEIR,ssa,1,1,1,A1,Seasonal Forcing,AR,None,/home/kaahin/degree_project/hybrid-epidemic-forecasting/results/partB/forecasts/partB_combined_stress_forecast_A1_rep001_AR_None.mat,forecast_results,56,57,6,62,1.45357471720592,0.2,0.8,1.0571110336318,1.45777120775962,1,closed_loop_monte_carlo,ok,0.400660174127816,0.2,0.2,0.400660174127816,0.00890355942506259,0.00890355942506259,0,0,rep001,1,2
combined_stress,SEIR with observation and process noise,SEIR,ssa,1,1,1,A1,Seasonal Forcing,AR,None,/home/kaahin/degree_project/hybrid-epidemic-forecasting/results/partB/forecasts/partB_combined_stress_forecast_A1_rep001_AR_None.mat,forecast_results,56,57,7,63,1.44790625961717,0.2,0.8,0.96950151956869,1.5801422597595,1,closed_loop_monte_carlo,ok,0.610640740190808,0.2,0.2,0.610640740190808,0.0135697942264624,0.0135697942264624,0,0,rep001,1,2
combined_stress,SEIR with observation and process noise,SEIR,ssa,1,1,1,A1,Seasonal Forcing,AR,None,/home/kaahin/degree_project/hybrid-epidemic-forecasting/results/partB/forecasts/partB_combined_stress_forecast_A1_rep001_AR_None.mat,forecast_results,56,57,1,57,1.47728721665793,0.5,0.5,1.34948709798065,1.53307258019006,1,closed_loop_monte_carlo,ok,0.18358548220941,0.5,0.5,0.18358548220941,0.0101991934560783,0.0101991934560783,0,0,rep001,1,2
combined_stress,SEIR with observation and process noise,SEIR,ssa,1,1,1,A1,Seasonal Forcing,AR,None,/home/kaahin/degree_project/hybrid-epidemic-forecasting/results/partB/forecasts/partB_combined_stress_forecast_A1_rep001_AR_None.mat,forecast_results,56,57,2,58,1.47318138902826,0.5,0.5,1.29131330342624,1.44168556592825,0,closed_loop_monte_carlo,ok,0.15037226250201,-0.5,0.5,0.276355554902075,0.0153530863834486,0.00835401458344498,0,0.00699907180000365,rep001,1,2
combined_stress,SEIR with observation and process noise,SEIR,ssa,1,1,1,A1,Seasonal Forcing,AR,None,/home/kaahin/degree_project/hybrid-epidemic-forecasting/results/partB/forecasts/partB_combined_stress_forecast_A1_rep001_AR_None.mat,forecast_results,56,57,3,59,1.46875178722047,0.5,0.5,1.21147594594226,1.40540872306235,0,closed_loop_monte_carlo,ok,0.19393277712009,-0.5,0.5,0.447305033752571,0.0248502796529206,0.0107740431733384,0,0.0140762364795822,rep001,1,2
combined_stress,SEIR with observation and process noise,SEIR,ssa,1,1,1,A1,Seasonal Forcing,AR,None,/home/kaahin/degree_project/hybrid-epidemic-forecasting/results/partB/forecasts/partB_combined_stress_forecast_A1_rep001_AR_None.mat,forecast_results,56,57,4,60,1.46400366119206,0.5,0.5,1.18424714406411,1.3749754450848,0,closed_loop_monte_carlo,ok,0.190728301020694,-0.5,0.5,0.546841165449737,0.0303800647472076,0.0105960167233719,0,0.0197840480238357,rep001,1,2
combined_stress,SEIR with observation and process noise,SEIR,ssa,1,1,1,A1,Seasonal Forcing,AR,None,/home/kaahin/degree_project/hybrid-epidemic-forecasting/results/partB/forecasts/partB_combined_stress_forecast_A1_rep001_AR_None.mat,forecast_results,56,57,5,61,1.45894263841497,0.5,0.5,1.11282019927287,1.3264377981055,0,closed_loop_monte_carlo,ok,0.213617598832625,-0.5,0.5,0.743636960070534,0.041313164448363,0.0118676443795903,0,0.0294455200687727,rep001,1,2
combined_stress,SEIR with observation and process noise,SEIR,ssa,1,1,1,A1,Seasonal Forcing,AR,None,/home/kaahin/degree_project/hybrid-epidemic-forecasting/results/partB/forecasts/partB_combined_stress_forecast_A1_rep001_AR_None.mat,forecast_results,56,57,6,62,1.45357471720592,0.5,0.5,1.06991689052955,1.32241331865232,0,closed_loop_monte_carlo,ok,0.252496428122769,-0.5,0.5,0.777142022337173,0.0431745567965096,0.0140275793401538,0,0.0291469774563558,rep001,1,2
combined_stress,SEIR with observation and process noise,SEIR,ssa,1,1,1,A1,Seasonal Forcing,AR,None,/home/kaahin/degree_project/hybrid-epidemic-forecasting/results/partB/forecasts/partB_combined_stress_forecast_A1_rep001_AR_None.mat,forecast_results,56,57,7,63,1.44790625961717,0.5,0.5,1.04947922971332,1.35079835101271,0,closed_loop_monte_carlo,ok,0.301319121299387,-0.5,0.5,0.689750755717252,0.0383194864287362,0.0167399511832993,0,0.021579535245437,rep001,1,2
combined_stress,SEIR with observation and process noise,SEIR,ssa,1,1,1,A1,Seasonal Forcing,ARX,I,/home/kaahin/degree_project/hybrid-epidemic-forecasting/results/partB/forecasts/partB_combined_stress_forecast_A1_rep002_ARX_I.mat,forecast_results,49,50,1,50,1.4966032770697,0.05,0.95,1.05800650260481,1.37751462369727,0,closed_loop_monte_carlo,ok,0.319508121092463,-0.95,0.95,5.08305425598969,0.0282391903110538,0.00177504511718035,0,0.0264641451938735,rep002,2,2
combined_stress,SEIR with observation and process noise,SEIR,ssa,1,1,1,A1,Seasonal Forcing,ARX,I,/home/kaahin/degree_project/hybrid-epidemic-forecasting/results/partB/forecasts/partB_combined_stress_forecast_A1_rep002_ARX_I.mat,forecast_results,49,50,2,51,1.49487796559399,0.05,0.95,1.09117822328163,1.44809311368003,0,closed_loop_monte_carlo,ok,0.356914890398408,-0.95,0.95,2.22830896695685,0.0123794942608714,0.00198286050221338,0,0.010396633758658,rep002,2,2
combined_stress,SEIR with observation and process noise,SEIR,ssa,1,1,1,A1,Seasonal Forcing,ARX,I,/home/kaahin/degree_project/hybrid-epidemic-forecasting/results/partB/forecasts/partB_combined_stress_forecast_A1_rep002_ARX_I.mat,forecast_results,49,50,3,52,1.49280316518971,0.05,0.95,1.11481762149625,1.59440633234049,1,closed_loop_monte_carlo,ok,0.479588710844233,0.05,0.05,0.479588710844233,0.00266438172691241,0.00266438172691241,0,0,rep002,2,2
combined_stress,SEIR with observation and process noise,SEIR,ssa,1,1,1,A1,Seasonal Forcing,ARX,I,/home/kaahin/degree_project/hybrid-epidemic-forecasting/results/partB/forecasts/partB_combined_stress_forecast_A1_rep002_ARX_I.mat,forecast_results,49,50,4,53,1.49038133490722,0.05,0.95,1.09590055123857,1.59201282444918,1,closed_loop_monte_carlo,ok,0.496112273210605,0.05,0.05,0.496112273210605,0.00275617929561447,0.00275617929561447,0,0,rep002,2,2
combined_stress,SEIR with observation and process noise,SEIR,ssa,1,1,1,A1,Seasonal Forcing,ARX,I,/home/kaahin/degree_project/hybrid-epidemic-forecasting/results/partB/forecasts/partB_combined_stress_forecast_A1_rep002_ARX_I.mat,forecast_results,49,50,5,54,1.48761534509619,0.05,0.95,1.04542665240363,1.5436773691668,1,closed_loop_monte_carlo,ok,0.498250716763176,0.05,0.05,0.498250716763176,0.0027680595375732,0.0027680595375732,0,0,rep002,2,2
combined_stress,SEIR with observation and process noise,SEIR,ssa,1,1,1,A1,Seasonal Forcing,ARX,I,/home/kaahin/degree_project/hybrid-epidemic-forecasting/results/partB/forecasts/partB_combined_stress_forecast_A1_rep002_ARX_I.mat,forecast_results,49,50,6,55,1.48450847400365,0.05,0.95,1.02603554184959,1.56320555526155,1,closed_loop_monte_carlo,ok,0.537170013411962,0.05,0.05,0.537170013411962,0.00298427785228868,0.00298427785228868,0,0,rep002,2,2
combined_stress,SEIR with observation and process noise,SEIR,ssa,1,1,1,A1,Seasonal Forcing,ARX,I,/home/kaahin/degree_project/hybrid-epidemic-forecasting/results/partB/forecasts/partB_combined_stress_forecast_A1_rep002_ARX_I.mat,forecast_results,49,50,7,56,1.48106440388863,0.05,0.95,1.05665501382896,1.72863918630868,1,closed_loop_monte_carlo,ok,0.671984172479716,0.05,0.05,0.671984172479716,0.00373324540266509,0.00373324540266509,0,0,rep002,2,2
combined_stress,SEIR with observation and process noise,SEIR,ssa,1,1,1,A1,Seasonal Forcing,ARX,I,/home/kaahin/degree_project/hybrid-epidemic-forecasting/results/partB/forecasts/partB_combined_stress_forecast_A1_rep002_ARX_I.mat,forecast_results,49,50,1,50,1.4966032770697,0.1,0.9,1.05800650260481,1.37751462369727,0,closed_loop_monte_carlo,ok,0.319508121092463,-0.9,0.9,2.70128118854108,0.0300142354282342,0.0035500902343607,0,0.0264641451938735,rep002,2,2
combined_stress,SEIR with observation and process noise,SEIR,ssa,1,1,1,A1,Seasonal Forcing,ARX,I,/home/kaahin/degree_project/hybrid-epidemic-forecasting/results/partB/forecasts/partB_combined_stress_forecast_A1_rep002_ARX_I.mat,forecast_results,49,50,2,51,1.49487796559399,0.1,0.9,1.09117822328163,1.44809311368003,0,closed_loop_monte_carlo,ok,0.356914890398408,-0.9,0.9,1.29261192867763,0.0143623547630848,0.00396572100442676,0,0.010396633758658,rep002,2,2
combined_stress,SEIR with observation and process noise,SEIR,ssa,1,1,1,A1,Seasonal Forcing,ARX,I,/home/kaahin/degree_project/hybrid-epidemic-forecasting/results/partB/forecasts/partB_combined_stress_forecast_A1_rep002_ARX_I.mat,forecast_results,49,50,3,52,1.49280316518971,0.1,0.9,1.11481762149625,1.59440633234049,1,closed_loop_monte_carlo,ok,0.479588710844233,0.1,0.1,0.479588710844233,0.00532876345382482,0.00532876345382482,0,0,rep002,2,2
combined_stress,SEIR with observation and process noise,SEIR,ssa,1,1,1,A1,Seasonal Forcing,ARX,I,/home/kaahin/degree_project/hybrid-epidemic-forecasting/results/partB/forecasts/partB_combined_stress_forecast_A1_rep002_ARX_I.mat,forecast_results,49,50,4,53,1.49038133490722,0.1,0.9,1.09590055123857,1.59201282444918,1,closed_loop_monte_carlo,ok,0.496112273210605,0.1,0.1,0.496112273210605,0.00551235859122895,0.00551235859122895,0,0,rep002,2,2
combined_stress,SEIR with observation and process noise,SEIR,ssa,1,1,1,A1,Seasonal Forcing,ARX,I,/home/kaahin/degree_project/hybrid-epidemic-forecasting/results/partB/forecasts/partB_combined_stress_forecast_A1_rep002_ARX_I.mat,forecast_results,49,50,5,54,1.48761534509619,0.1,0.9,1.04542665240363,1.5436773691668,1,closed_loop_monte_carlo,ok,0.498250716763176,0.1,0.1,0.498250716763176,0.0055361190751464,0.0055361190751464,0,0,rep002,2,2
combined_stress,SEIR with observation and process noise,SEIR,ssa,1,1,1,A1,Seasonal Forcing,ARX,I,/home/kaahin/degree_project/hybrid-epidemic-forecasting/results/partB/forecasts/partB_combined_stress_forecast_A1_rep002_ARX_I.mat,forecast_results,49,50,6,55,1.48450847400365,0.1,0.9,1.02603554184959,1.56320555526155,1,closed_loop_monte_carlo,ok,0.537170013411962,0.1,0.1,0.537170013411962,0.00596855570457736,0.00596855570457736,0,0,rep002,2,2
combined_stress,SEIR with observation and process noise,SEIR,ssa,1,1,1,A1,Seasonal Forcing,ARX,I,/home/kaahin/degree_project/hybrid-epidemic-forecasting/results/partB/forecasts/partB_combined_stress_forecast_A1_rep002_ARX_I.mat,forecast_results,49,50,7,56,1.48106440388863,0.1,0.9,1.05665501382896,1.72863918630868,1,closed_loop_monte_carlo,ok,0.671984172479716,0.1,0.1,0.671984172479716,0.00746649080533018,0.00746649080533018,0,0,rep002,2,2
combined_stress,SEIR with observation and process noise,SEIR,ssa,1,1,1,A1,Seasonal Forcing,ARX,I,/home/kaahin/degree_project/hybrid-epidemic-forecasting/results/partB/forecasts/partB_combined_stress_forecast_A1_rep002_ARX_I.mat,forecast_results,49,50,1,50,1.4966032770697,0.2,0.8,1.05800650260481,1.30547933085086,0,closed_loop_monte_carlo,ok,0.247472828246052,-0.8,0.8,2.15871229043446,0.0479713842318769,0.00549939618324561,0,0.0424719880486313,rep002,2,2
combined_stress,SEIR with observation and process noise,SEIR,ssa,1,1,1,A1,Seasonal Forcing,ARX,I,/home/kaahin/degree_project/hybrid-epidemic-forecasting/results/partB/forecasts/partB_combined_stress_forecast_A1_rep002_ARX_I.mat,forecast_results,49,50,2,51,1.49487796559399,0.2,0.8,1.09136517933711,1.34891859390966,0,closed_loop_monte_carlo,ok,0.257553414572548,-0.8,0.8,1.71714713141594,0.0381588251425764,0.00572340921272328,0,0.0324354159298531,rep002,2,2
combined_stress,SEIR with observation and process noise,SEIR,ssa,1,1,1,A1,Seasonal Forcing,ARX,I,/home/kaahin/degree_project/hybrid-epidemic-forecasting/results/partB/forecasts/partB_combined_stress_forecast_A1_rep002_ARX_I.mat,forecast_results,49,50,3,52,1.49280316518971,0.2,0.8,1.13400345899492,1.48595001928878,0,closed_loop_monte_carlo,ok,0.351946560293852,-0.8,0.8,0.42047801930319,0.00934395598451534,0.00782103467319672,0,0.00152292131131862,rep002,2,2
combined_stress,SEIR with observation and process noise,SEIR,ssa,1,1,1,A1,Seasonal Forcing,ARX,I,/home/kaahin/degree_project/hybrid-epidemic-forecasting/results/partB/forecasts/partB_combined_stress_forecast_A1_rep002_ARX_I.mat,forecast_results,49,50,4,53,1.49038133490722,0.2,0.8,1.13567346113736,1.48485344367538,0,closed_loop_monte_carlo,ok,0.349179982538021,-0.8,0.8,0.404458894856429,0.00898797544125399,0.00775955516751158,0,0.00122842027374241,rep002,2,2
combined_stress,SEIR with observation and process noise,SEIR,ssa,1,1,1,A1,Seasonal Forcing,ARX,I,/home/kaahin/degree_project/hybrid-epidemic-forecasting/results/partB/forecasts/partB_combined_stress_forecast_A1_rep002_ARX_I.mat,forecast_results,49,50,5,54,1.48761534509619,0.2,0.8,1.11448040212614,1.46619506836894,0,closed_loop_monte_carlo,ok,0.351714666242807,-0.8,0.8,0.565917433515273,0.0125759429670061,0.00781588147206237,0,0.0047600614949437,rep002,2,2
combined_stress,SEIR with observation and process noise,SEIR,ssa,1,1,1,A1,Seasonal Forcing,ARX,I,/home/kaahin/degree_project/hybrid-epidemic-forecasting/results/partB/forecasts/partB_combined_stress_forecast_A1_rep002_ARX_I.mat,forecast_results,49,50,6,55,1.48450847400365,0.2,0.8,1.08648748201944,1.49939928139954,1,closed_loop_monte_carlo,ok,0.412911799380107,0.2,0.2,0.412911799380107,0.00917581776400237,0.00917581776400237,0,0,rep002,2,2
combined_stress,SEIR with observation and process noise,SEIR,ssa,1,1,1,A1,Seasonal Forcing,ARX,I,/home/kaahin/degree_project/hybrid-epidemic-forecasting/results/partB/forecasts/partB_combined_stress_forecast_A1_rep002_ARX_I.mat,forecast_results,49,50,7,56,1.48106440388863,0.2,0.8,1.05759789608116,1.58852347019246,1,closed_loop_monte_carlo,ok,0.530925574111297,0.2,0.2,0.530925574111297,0.0117983460913622,0.0117983460913622,0,0,rep002,2,2
combined_stress,SEIR with observation and process noise,SEIR,ssa,1,1,1,A1,Seasonal Forcing,ARX,I,/home/kaahin/degree_project/hybrid-epidemic-forecasting/results/partB/forecasts/partB_combined_stress_forecast_A1_rep002_ARX_I.mat,forecast_results,49,50,1,50,1.4966032770697,0.5,0.5,1.12861909527755,1.23265711227069,0,closed_loop_monte_carlo,ok,0.104038016993143,-0.5,0.5,1.1598226761892,0.0644345931216221,0.00577988983295237,0,0.0586547032886697,rep002,2,2
combined_stress,SEIR with observation and process noise,SEIR,ssa,1,1,1,A1,Seasonal Forcing,ARX,I,/home/kaahin/degree_project/hybrid-epidemic-forecasting/results/partB/forecasts/partB_combined_stress_forecast_A1_rep002_ARX_I.mat,forecast_results,49,50,2,51,1.49487796559399,0.5,0.5,1.12165594640425,1.23491509251222,0,closed_loop_monte_carlo,ok,0.113259146107972,-0.5,0.5,1.15311063843505,0.0640617021352807,0.00629217478377624,0,0.0577695273515045,rep002,2,2
combined_stress,SEIR with observation and process noise,SEIR,ssa,1,1,1,A1,Seasonal Forcing,ARX,I,/home/kaahin/degree_project/hybrid-epidemic-forecasting/results/partB/forecasts/partB_combined_stress_forecast_A1_rep002_ARX_I.mat,forecast_results,49,50,3,52,1.49280316518971,0.5,0.5,1.1559539300286,1.26841644649237,0,closed_loop_monte_carlo,ok,0.112462516463768,-0.5,0.5,1.01000939125313,0.0561116328473959,0.00624791758132047,0,0.0498637152660755,rep002,2,2
combined_stress,SEIR with observation and process noise,SEIR,ssa,1,1,1,A1,Seasonal Forcing,ARX,I,/home/kaahin/degree_project/hybrid-epidemic-forecasting/results/partB/forecasts/partB_combined_stress_forecast_A1_rep002_ARX_I.mat,forecast_results,49,50,4,53,1.49038133490722,0.5,0.5,1.19177356283257,1.28924228624257,0,closed_loop_monte_carlo,ok,0.0974687234099916,-0.5,0.5,0.902024918068605,0.0501124954482558,0.00541492907833287,0,0.044697566369923,rep002,2,2
combined_stress,SEIR with observation and process noise,SEIR,ssa,1,1,1,A1,Seasonal Forcing,ARX,I,/home/kaahin/degree_project/hybrid-epidemic-forecasting/results/partB/forecasts/partB_combined_stress_forecast_A1_rep002_ARX_I.mat,forecast_results,49,50,5,54,1.48761534509619,0.5,0.5,1.19759867201182,1.35692809189528,0,closed_loop_monte_carlo,ok,0.159329419883463,-0.5,0.5,0.682078432687085,0.0378932462603936,0.00885163443797019,0,0.0290416118224234,rep002,2,2
combined_stress,SEIR with observation and process noise,SEIR,ssa,1,1,1,A1,Seasonal Forcing,ARX,I,/home/kaahin/degree_project/hybrid-epidemic-forecasting/results/partB/forecasts/partB_combined_stress_forecast_A1_rep002_ARX_I.mat,forecast_results,49,50,6,55,1.48450847400365,0.5,0.5,1.16215031139119,1.32312066712112,0,closed_loop_monte_carlo,ok,0.160970355729928,-0.5,0.5,0.806521583260067,0.0448067546255592,0.00894279754055158,0,0.0358639570850077,rep002,2,2
combined_stress,SEIR with observation and process noise,SEIR,ssa,1,1,1,A1,Seasonal Forcing,ARX,I,/home/kaahin/degree_project/hybrid-epidemic-forecasting/results/partB/forecasts/partB_combined_stress_forecast_A1_rep002_ARX_I.mat,forecast_results,49,50,7,56,1.48106440388863,0.5,0.5,1.11877422386522,1.3419160258724,0,closed_loop_monte_carlo,ok,0.22314180200718,-0.5,0.5,0.779735314072101,0.0433186285595612,0.0123967667781767,0,0.0309218617813845,rep002,2,2
combined_stress,SEIR with observation and process noise,SEIR,ssa,1,1,1,A1,Seasonal Forcing,ARX,I,/home/kaahin/degree_project/hybrid-epidemic-forecasting/results/partB/forecasts/partB_combined_stress_forecast_A1_rep002_ARX_I.mat,forecast_results,56,57,1,57,1.47728721665793,0.05,0.95,1.34777608729118,1.62412250184737,1,closed_loop_monte_carlo,ok,0.276346414556193,0.05,0.05,0.276346414556193,0.00153525785864551,0.00153525785864551,0,0,rep002,2,2
combined_stress,SEIR with observation and process noise,SEIR,ssa,1,1,1,A1,Seasonal Forcing,ARX,I,/home/kaahin/degree_project/hybrid-epidemic-forecasting/results/partB/forecasts/partB_combined_stress_forecast_A1_rep002_ARX_I.mat,forecast_results,56,57,2,58,1.47318138902826,0.05,0.95,1.26469611464587,1.78162872230313,1,closed_loop_monte_carlo,ok,0.516932607657254,0.05,0.05,0.516932607657254,0.00287184782031808,0.00287184782031808,0,0,rep002,2,2
combined_stress,SEIR with observation and process noise,SEIR,ssa,1,1,1,A1,Seasonal Forcing,ARX,I,/home/kaahin/degree_project/hybrid-epidemic-forecasting/results/partB/forecasts/partB_combined_stress_forecast_A1_rep002_ARX_I.mat,forecast_results,56,57,3,59,1.46875178722047,0.05,0.95,1.3884289646739,1.65249617400042,1,closed_loop_monte_carlo,ok,0.264067209326523,0.05,0.05,0.264067209326523,0.00146704005181402,0.00146704005181402,0,0,rep002,2,2
combined_stress,SEIR with observation and process noise,SEIR,ssa,1,1,1,A1,Seasonal Forcing,ARX,I,/home/kaahin/degree_project/hybrid-epidemic-forecasting/results/partB/forecasts/partB_combined_stress_forecast_A1_rep002_ARX_I.mat,forecast_results,56,57,4,60,1.46400366119206,0.05,0.95,1.38748242960596,1.78413503751358,1,closed_loop_monte_carlo,ok,0.396652607907625,0.05,0.05,0.396652607907625,0.00220362559948681,0.00220362559948681,0,0,rep002,2,2
combined_stress,SEIR with observation and process noise,SEIR,ssa,1,1,1,A1,Seasonal Forcing,ARX,I,/home/kaahin/degree_project/hybrid-epidemic-forecasting/results/partB/forecasts/partB_combined_stress_forecast_A1_rep002_ARX_I.mat,forecast_results,56,57,5,61,1.45894263841497,0.05,0.95,1.4632275015027,1.80262544362166,0,closed_loop_monte_carlo,ok,0.339397942118961,-0.95,0.95,0.510792465627979,0.00283773592015544,0.00188554412288312,0.000952191797272326,0,rep002,2,2
combined_stress,SEIR with observation and process noise,SEIR,ssa,1,1,1,A1,Seasonal Forcing,ARX,I,/home/kaahin/degree_project/hybrid-epidemic-forecasting/results/partB/forecasts/partB_combined_stress_forecast_A1_rep002_ARX_I.mat,forecast_results,56,57,6,62,1.45357471720592,0.05,0.95,1.42653476301942,1.77134928629171,1,closed_loop_monte_carlo,ok,0.344814523272292,0.05,0.05,0.344814523272292,0.00191563624040162,0.00191563624040162,0,0,rep002,2,2
combined_stress,SEIR with observation and process noise,SEIR,ssa,1,1,1,A1,Seasonal Forcing,ARX,I,/home/kaahin/degree_project/hybrid-epidemic-forecasting/results/partB/forecasts/partB_combined_stress_forecast_A1_rep002_ARX_I.mat,forecast_results,56,57,7,63,1.44790625961717,0.05,0.95,1.45697392505764,1.95797713299681,0,closed_loop_monte_carlo,ok,0.501003207939178,-0.95,0.95,0.863709825557667,0.00479838791976482,0.00278335115521766,0.00201503676454716,0,rep002,2,2
combined_stress,SEIR with observation and process noise,SEIR,ssa,1,1,1,A1,Seasonal Forcing,ARX,I,/home/kaahin/degree_project/hybrid-epidemic-forecasting/results/partB/forecasts/partB_combined_stress_forecast_A1_rep002_ARX_I.mat,forecast_results,56,57,1,57,1.47728721665793,0.1,0.9,1.34777608729118,1.62412250184737,1,closed_loop_monte_carlo,ok,0.276346414556193,0.1,0.1,0.276346414556193,0.00307051571729103,0.00307051571729103,0,0,rep002,2,2
combined_stress,SEIR with observation and process noise,SEIR,ssa,1,1,1,A1,Seasonal Forcing,ARX,I,/home/kaahin/degree_project/hybrid-epidemic-forecasting/results/partB/forecasts/partB_combined_stress_forecast_A1_rep002_ARX_I.mat,forecast_results,56,57,2,58,1.47318138902826,0.1,0.9,1.26469611464587,1.78162872230313,1,closed_loop_monte_carlo,ok,0.516932607657254,0.1,0.1,0.516932607657254,0.00574369564063616,0.00574369564063616,0,0,rep002,2,2
combined_stress,SEIR with observation and process noise,SEIR,ssa,1,1,1,A1,Seasonal Forcing,ARX,I,/home/kaahin/degree_project/hybrid-epidemic-forecasting/results/partB/forecasts/partB_combined_stress_forecast_A1_rep002_ARX_I.mat,forecast_results,56,57,3,59,1.46875178722047,0.1,0.9,1.3884289646739,1.65249617400042,1,closed_loop_monte_carlo,ok,0.264067209326523,0.1,0.1,0.264067209326523,0.00293408010362804,0.00293408010362804,0,0,rep002,2,2
combined_stress,SEIR with observation and process noise,SEIR,ssa,1,1,1,A1,Seasonal Forcing,ARX,I,/home/kaahin/degree_project/hybrid-epidemic-forecasting/results/partB/forecasts/partB_combined_stress_forecast_A1_rep002_ARX_I.mat,forecast_results,56,57,4,60,1.46400366119206,0.1,0.9,1.38748242960596,1.78413503751358,1,closed_loop_monte_carlo,ok,0.396652607907625,0.1,0.1,0.396652607907625,0.00440725119897361,0.00440725119897361,0,0,rep002,2,2
combined_stress,SEIR with observation and process noise,SEIR,ssa,1,1,1,A1,Seasonal Forcing,ARX,I,/home/kaahin/degree_project/hybrid-epidemic-forecasting/results/partB/forecasts/partB_combined_stress_forecast_A1_rep002_ARX_I.mat,forecast_results,56,57,5,61,1.45894263841497,0.1,0.9,1.4632275015027,1.80262544362166,0,closed_loop_monte_carlo,ok,0.339397942118961,-0.9,0.9,0.42509520387347,0.00472328004303856,0.00377108824576623,0.000952191797272326,0,rep002,2,2
combined_stress,SEIR with observation and process noise,SEIR,ssa,1,1,1,A1,Seasonal Forcing,ARX,I,/home/kaahin/degree_project/hybrid-epidemic-forecasting/results/partB/forecasts/partB_combined_stress_forecast_A1_rep002_ARX_I.mat,forecast_results,56,57,6,62,1.45357471720592,0.1,0.9,1.42653476301942,1.77134928629171,1,closed_loop_monte_carlo,ok,0.344814523272292,0.1,0.1,0.344814523272292,0.00383127248080325,0.00383127248080325,0,0,rep002,2,2
combined_stress,SEIR with observation and process noise,SEIR,ssa,1,1,1,A1,Seasonal Forcing,ARX,I,/home/kaahin/degree_project/hybrid-epidemic-forecasting/results/partB/forecasts/partB_combined_stress_forecast_A1_rep002_ARX_I.mat,forecast_results,56,57,7,63,1.44790625961717,0.1,0.9,1.45697392505764,1.95797713299681,0,closed_loop_monte_carlo,ok,0.501003207939178,-0.9,0.9,0.682356516748423,0.00758173907498247,0.00556670231043531,0.00201503676454716,0,rep002,2,2
combined_stress,SEIR with observation and process noise,SEIR,ssa,1,1,1,A1,Seasonal Forcing,ARX,I,/home/kaahin/degree_project/hybrid-epidemic-forecasting/results/partB/forecasts/partB_combined_stress_forecast_A1_rep002_ARX_I.mat,forecast_results,56,57,1,57,1.47728721665793,0.2,0.8,1.3944918205522,1.59816808525116,1,closed_loop_monte_carlo,ok,0.203676264698957,0.2,0.2,0.203676264698957,0.00452613921553238,0.00452613921553238,0,0,rep002,2,2
combined_stress,SEIR with observation and process noise,SEIR,ssa,1,1,1,A1,Seasonal Forcing,ARX,I,/home/kaahin/degree_project/hybrid-epidemic-forecasting/results/partB/forecasts/partB_combined_stress_forecast_A1_rep002_ARX_I.mat,forecast_results,56,57,2,58,1.47318138902826,0.2,0.8,1.34735714920105,1.71599909774767,1,closed_loop_monte_carlo,ok,0.368641948546622,0.2,0.2,0.368641948546622,0.00819204330103605,0.00819204330103605,0,0,rep002,2,2
combined_stress,SEIR with observation and process noise,SEIR,ssa,1,1,1,A1,Seasonal Forcing,ARX,I,/home/kaahin/degree_project/hybrid-epidemic-forecasting/results/partB/forecasts/partB_combined_stress_forecast_A1_rep002_ARX_I.mat,forecast_results,56,57,3,59,1.46875178722047,0.2,0.8,1.39455245715102,1.64086964680232,1,closed_loop_monte_carlo,ok,0.2463171896513,0.2,0.2,0.2463171896513,0.00547371532558444,0.00547371532558444,0,0,rep002,2,2
combined_stress,SEIR with observation and process noise,SEIR,ssa,1,1,1,A1,Seasonal Forcing,ARX,I,/home/kaahin/degree_project/hybrid-epidemic-forecasting/results/partB/forecasts/partB_combined_stress_forecast_A1_rep002_ARX_I.mat,forecast_results,56,57,4,60,1.46400366119206,0.2,0.8,1.39043387523102,1.74196667926492,1,closed_loop_monte_carlo,ok,0.351532804033905,0.2,0.2,0.351532804033905,0.00781184008964232,0.00781184008964232,0,0,rep002,2,2
combined_stress,SEIR with observation and process noise,SEIR,ssa,1,1,1,A1,Seasonal Forcing,ARX,I,/home/kaahin/degree_project/hybrid-epidemic-forecasting/results/partB/forecasts/partB_combined_stress_forecast_A1_rep002_ARX_I.mat,forecast_results,56,57,5,61,1.45894263841497,0.2,0.8,1.47046305675532,1.77827775261315,0,closed_loop_monte_carlo,ok,0.307814695857834,-0.8,0.8,0.423018879261261,0.00940041953913914,0.00684032657461852,0.00256009296452062,0,rep002,2,2
combined_stress,SEIR with observation and process noise,SEIR,ssa,1,1,1,A1,Seasonal Forcing,ARX,I,/home/kaahin/degree_project/hybrid-epidemic-forecasting/results/partB/forecasts/partB_combined_stress_forecast_A1_rep002_ARX_I.mat,forecast_results,56,57,6,62,1.45357471720592,0.2,0.8,1.47838065776123,1.7509076264217,0,closed_loop_monte_carlo,ok,0.272526968660469,-0.8,0.8,0.520586374213585,0.0115685860936352,0.00605615485912153,0.00551243123451369,0,rep002,2,2
combined_stress,SEIR with observation and process noise,SEIR,ssa,1,1,1,A1,Seasonal Forcing,ARX,I,/home/kaahin/degree_project/hybrid-epidemic-forecasting/results/partB/forecasts/partB_combined_stress_forecast_A1_rep002_ARX_I.mat,forecast_results,56,57,7,63,1.44790625961717,0.2,0.8,1.49270843270824,1.88979785721632,0,closed_loop_monte_carlo,ok,0.397089424508075,-0.8,0.8,0.845111155418786,0.0187802478981952,0.00882420943351279,0.00995603846468245,0,rep002,2,2
combined_stress,SEIR with observation and process noise,SEIR,ssa,1,1,1,A1,Seasonal Forcing,ARX,I,/home/kaahin/degree_project/hybrid-epidemic-forecasting/results/partB/forecasts/partB_combined_stress_forecast_A1_rep002_ARX_I.mat,forecast_results,56,57,1,57,1.47728721665793,0.5,0.5,1.48000558387066,1.55675693670582,0,closed_loop_monte_carlo,ok,0.0767513528351604,-0.5,0.5,0.0876248216860831,0.00486804564922684,0.0042639640463978,0.000604081602829037,0,rep002,2,2
combined_stress,SEIR with observation and process noise,SEIR,ssa,1,1,1,A1,Seasonal Forcing,ARX,I,/home/kaahin/degree_project/hybrid-epidemic-forecasting/results/partB/forecasts/partB_combined_stress_forecast_A1_rep002_ARX_I.mat,forecast_results,56,57,2,58,1.47318138902826,0.5,0.5,1.48034911418261,1.59629308055289,0,closed_loop_monte_carlo,ok,0.115943966370273,-0.5,0.5,0.144614866987664,0.00803415927709244,0.00644133146501519,0.00159282781207725,0,rep002,2,2
combined_stress,SEIR with observation and process noise,SEIR,ssa,1,1,1,A1,Seasonal Forcing,ARX,I,/home/kaahin/degree_project/hybrid-epidemic-forecasting/results/partB/forecasts/partB_combined_stress_forecast_A1_rep002_ARX_I.mat,forecast_results,56,57,3,59,1.46875178722047,0.5,0.5,1.40424545276891,1.59185633967739,1,closed_loop_monte_carlo,ok,0.187610886908486,0.5,0.5,0.187610886908486,0.0104228270504714,0.0104228270504714,0,0,rep002,2,2
combined_stress,SEIR with observation and process noise,SEIR,ssa,1,1,1,A1,Seasonal Forcing,ARX,I,/home/kaahin/degree_project/hybrid-epidemic-forecasting/results/partB/forecasts/partB_combined_stress_forecast_A1_rep002_ARX_I.mat,forecast_results,56,57,4,60,1.46400366119206,0.5,0.5,1.47931733757386,1.67533671526778,0,closed_loop_monte_carlo,ok,0.196019377693922,-0.5,0.5,0.257274083221109,0.014293004623395,0.0108899654274401,0.00340303919595482,0,rep002,2,2
combined_stress,SEIR with observation and process noise,SEIR,ssa,1,1,1,A1,Seasonal Forcing,ARX,I,/home/kaahin/degree_project/hybrid-epidemic-forecasting/results/partB/forecasts/partB_combined_stress_forecast_A1_rep002_ARX_I.mat,forecast_results,56,57,5,61,1.45894263841497,0.5,0.5,1.48268205481939,1.68779369864987,0,closed_loop_monte_carlo,ok,0.20511164383048,-0.5,0.5,0.300069309448164,0.0166705171915647,0.0113950913239155,0.00527542586764914,0,rep002,2,2
combined_stress,SEIR with observation and process noise,SEIR,ssa,1,1,1,A1,Seasonal Forcing,ARX,I,/home/kaahin/degree_project/hybrid-epidemic-forecasting/results/partB/forecasts/partB_combined_stress_forecast_A1_rep002_ARX_I.mat,forecast_results,56,57,6,62,1.45357471720592,0.5,0.5,1.55106230321455,1.67757598749076,0,closed_loop_monte_carlo,ok,0.126513684276207,-0.5,0.5,0.516464028310728,0.0286924460172627,0.00702853801534483,0.0216639080019179,0,rep002,2,2
combined_stress,SEIR with observation and process noise,SEIR,ssa,1,1,1,A1,Seasonal Forcing,ARX,I,/home/kaahin/degree_project/hybrid-epidemic-forecasting/results/partB/forecasts/partB_combined_stress_forecast_A1_rep002_ARX_I.mat,forecast_results,56,57,7,63,1.44790625961717,0.5,0.5,1.58009181303719,1.81896193795242,0,closed_loop_monte_carlo,ok,0.238870124915232,-0.5,0.5,0.767612338595288,0.0426451299219604,0.0132705624952907,0.0293745674266698,0,rep002,2,2
combined_stress,SEIR with observation and process noise,SEIR,ssa,1,1,1,A1,Seasonal Forcing,AR,None,/home/kaahin/degree_project/hybrid-epidemic-forecasting/results/partB/forecasts/partB_combined_stress_forecast_A1_rep002_AR_None.mat,forecast_results,49,50,1,50,1.4966032770697,0.05,0.95,1.09482470841147,1.37152296609383,0,closed_loop_monte_carlo,ok,0.276698257682362,-0.95,0.95,5.27991069671719,0.0293328372039844,0.00153721254267979,0,0.0277956246613046,rep002,2,2
combined_stress,SEIR with observation and process noise,SEIR,ssa,1,1,1,A1,Seasonal Forcing,AR,None,/home/kaahin/degree_project/hybrid-epidemic-forecasting/results/partB/forecasts/partB_combined_stress_forecast_A1_rep002_AR_None.mat,forecast_results,49,50,2,51,1.49487796559399,0.05,0.95,1.05350711457605,1.33107866898002,0,closed_loop_monte_carlo,ok,0.277571554403971,-0.95,0.95,6.82954341896288,0.0379419078831271,0.00154206419113317,0,0.0363998436919939,rep002,2,2
combined_stress,SEIR with observation and process noise,SEIR,ssa,1,1,1,A1,Seasonal Forcing,AR,None,/home/kaahin/degree_project/hybrid-epidemic-forecasting/results/partB/forecasts/partB_combined_stress_forecast_A1_rep002_AR_None.mat,forecast_results,49,50,3,52,1.49280316518971,0.05,0.95,1.00691790813603,1.30193681851127,0,closed_loop_monte_carlo,ok,0.295018910375241,-0.95,0.95,7.92967277751283,0.0440537376528491,0.00163899394652912,0,0.0424147437063199,rep002,2,2
combined_stress,SEIR with observation and process noise,SEIR,ssa,1,1,1,A1,Seasonal Forcing,AR,None,/home/kaahin/degree_project/hybrid-epidemic-forecasting/results/partB/forecasts/partB_combined_stress_forecast_A1_rep002_AR_None.mat,forecast_results,49,50,4,53,1.49038133490722,0.05,0.95,0.914304574251683,1.34896210460688,0,closed_loop_monte_carlo,ok,0.434657530355199,-0.95,0.95,6.09142674236867,0.033841259679826,0.00241476405752888,0,0.0314264956222971,rep002,2,2
combined_stress,SEIR with observation and process noise,SEIR,ssa,1,1,1,A1,Seasonal Forcing,AR,None,/home/kaahin/degree_project/hybrid-epidemic-forecasting/results/partB/forecasts/partB_combined_stress_forecast_A1_rep002_AR_None.mat,forecast_results,49,50,5,54,1.48761534509619,0.05,0.95,0.928352881426698,1.31713197143503,0,closed_loop_monte_carlo,ok,0.388779090008335,-0.95,0.95,7.20811403645456,0.0400450779803031,0.00215988383337964,0,0.0378851941469235,rep002,2,2
combined_stress,SEIR with observation and process noise,SEIR,ssa,1,1,1,A1,Seasonal Forcing,AR,None,/home/kaahin/degree_project/hybrid-epidemic-forecasting/results/partB/forecasts/partB_combined_stress_forecast_A1_rep002_AR_None.mat,forecast_results,49,50,6,55,1.48450847400365,0.05,0.95,0.934142053830918,1.4536428476283,0,closed_loop_monte_carlo,ok,0.519500793797377,-0.95,0.95,1.75412584881162,0.00974514360450898,0.00288611552109654,0,0.00685902808341243,rep002,2,2
combined_stress,SEIR with observation and process noise,SEIR,ssa,1,1,1,A1,Seasonal Forcing,AR,None,/home/kaahin/degree_project/hybrid-epidemic-forecasting/results/partB/forecasts/partB_combined_stress_forecast_A1_rep002_AR_None.mat,forecast_results,49,50,7,56,1.48106440388863,0.05,0.95,0.818139147611987,1.35281181724587,0,closed_loop_monte_carlo,ok,0.53467266963388,-0.95,0.95,5.66477613534436,0.0314709785296909,0.00297040372018822,0,0.0285005748095027,rep002,2,2
combined_stress,SEIR with observation and process noise,SEIR,ssa,1,1,1,A1,Seasonal Forcing,AR,None,/home/kaahin/degree_project/hybrid-epidemic-forecasting/results/partB/forecasts/partB_combined_stress_forecast_A1_rep002_AR_None.mat,forecast_results,49,50,1,50,1.4966032770697,0.1,0.9,1.09482470841147,1.37152296609383,0,closed_loop_monte_carlo,ok,0.276698257682362,-0.9,0.9,2.77830447719978,0.0308700497466642,0.00307442508535958,0,0.0277956246613046,rep002,2,2
combined_stress,SEIR with observation and process noise,SEIR,ssa,1,1,1,A1,Seasonal Forcing,AR,None,/home/kaahin/degree_project/hybrid-epidemic-forecasting/results/partB/forecasts/partB_combined_stress_forecast_A1_rep002_AR_None.mat,forecast_results,49,50,2,51,1.49487796559399,0.1,0.9,1.05350711457605,1.33107866898002,0,closed_loop_monte_carlo,ok,0.277571554403971,-0.9,0.9,3.55355748668343,0.0394839720742603,0.00308412838226634,0,0.0363998436919939,rep002,2,2
combined_stress,SEIR with observation and process noise,SEIR,ssa,1,1,1,A1,Seasonal Forcing,AR,None,/home/kaahin/degree_project/hybrid-epidemic-forecasting/results/partB/forecasts/partB_combined_stress_forecast_A1_rep002_AR_None.mat,forecast_results,49,50,3,52,1.49280316518971,0.1,0.9,1.00691790813603,1.30193681851127,0,closed_loop_monte_carlo,ok,0.295018910375241,-0.9,0.9,4.11234584394404,0.0456927315993782,0.00327798789305823,0,0.0424147437063199,rep002,2,2
combined_stress,SEIR with observation and process noise,SEIR,ssa,1,1,1,A1,Seasonal Forcing,AR,None,/home/kaahin/degree_project/hybrid-epidemic-forecasting/results/partB/forecasts/partB_combined_stress_forecast_A1_rep002_AR_None.mat,forecast_results,49,50,4,53,1.49038133490722,0.1,0.9,0.914304574251683,1.34896210460688,0,closed_loop_monte_carlo,ok,0.434657530355199,-0.9,0.9,3.26304213636193,0.0362560237373548,0.00482952811505777,0,0.0314264956222971,rep002,2,2
combined_stress,SEIR with observation and process noise,SEIR,ssa,1,1,1,A1,Seasonal Forcing,AR,None,/home/kaahin/degree_project/hybrid-epidemic-forecasting/results/partB/forecasts/partB_combined_stress_forecast_A1_rep002_AR_None.mat,forecast_results,49,50,5,54,1.48761534509619,0.1,0.9,0.928352881426698,1.31713197143503,0,closed_loop_monte_carlo,ok,0.388779090008335,-0.9,0.9,3.79844656323145,0.0422049618136828,0.00431976766675928,0,0.0378851941469235,rep002,2,2
combined_stress,SEIR with observation and process noise,SEIR,ssa,1,1,1,A1,Seasonal Forcing,AR,None,/home/kaahin/degree_project/hybrid-epidemic-forecasting/results/partB/forecasts/partB_combined_stress_forecast_A1_rep002_AR_None.mat,forecast_results,49,50,6,55,1.48450847400365,0.1,0.9,0.934142053830918,1.4536428476283,0,closed_loop_monte_carlo,ok,0.519500793797377,-0.9,0.9,1.1368133213045,0.0126312591256055,0.00577223104219308,0,0.00685902808341243,rep002,2,2
combined_stress,SEIR with observation and process noise,SEIR,ssa,1,1,1,A1,Seasonal Forcing,AR,None,/home/kaahin/degree_project/hybrid-epidemic-forecasting/results/partB/forecasts/partB_combined_stress_forecast_A1_rep002_AR_None.mat,forecast_results,49,50,7,56,1.48106440388863,0.1,0.9,0.818139147611987,1.35281181724587,0,closed_loop_monte_carlo,ok,0.53467266963388,-0.9,0.9,3.09972440248912,0.0344413822498791,0.00594080744037644,0,0.0285005748095027,rep002,2,2
combined_stress,SEIR with observation and process noise,SEIR,ssa,1,1,1,A1,Seasonal Forcing,AR,None,/home/kaahin/degree_project/hybrid-epidemic-forecasting/results/partB/forecasts/partB_combined_stress_forecast_A1_rep002_AR_None.mat,forecast_results,49,50,1,50,1.4966032770697,0.2,0.8,1.1026563077973,1.35906448624307,0,closed_loop_monte_carlo,ok,0.256408178445774,-0.8,0.8,1.63179608671209,0.0362621352602686,0.0056979595210172,0,0.0305641757392514,rep002,2,2
combined_stress,SEIR with observation and process noise,SEIR,ssa,1,1,1,A1,Seasonal Forcing,AR,None,/home/kaahin/degree_project/hybrid-epidemic-forecasting/results/partB/forecasts/partB_combined_stress_forecast_A1_rep002_AR_None.mat,forecast_results,49,50,2,51,1.49487796559399,0.2,0.8,1.07934565233605,1.29640394413317,0,closed_loop_monte_carlo,ok,0.217058291797124,-0.8,0.8,2.20179850640535,0.0489288556978967,0.00482351759549164,0,0.0441053381024051,rep002,2,2
combined_stress,SEIR with observation and process noise,SEIR,ssa,1,1,1,A1,Seasonal Forcing,AR,None,/home/kaahin/degree_project/hybrid-epidemic-forecasting/results/partB/forecasts/partB_combined_stress_forecast_A1_rep002_AR_None.mat,forecast_results,49,50,3,52,1.49280316518971,0.2,0.8,1.02623219476777,1.26360422645471,0,closed_loop_monte_carlo,ok,0.237372031686939,-0.8,0.8,2.52936141903694,0.0562080315341542,0.00527493403748754,0,0.0509330974966666,rep002,2,2
combined_stress,SEIR with observation and process noise,SEIR,ssa,1,1,1,A1,Seasonal Forcing,AR,None,/home/kaahin/degree_project/hybrid-epidemic-forecasting/results/partB/forecasts/partB_combined_stress_forecast_A1_rep002_AR_None.mat,forecast_results,49,50,4,53,1.49038133490722,0.2,0.8,0.929314826077725,1.33364580409938,0,closed_loop_monte_carlo,ok,0.404330978021652,-0.8,0.8,1.97168628610007,0.0438152508022239,0.0089851328449256,0,0.0348301179572983,rep002,2,2
combined_stress,SEIR with observation and process noise,SEIR,ssa,1,1,1,A1,Seasonal Forcing,AR,None,/home/kaahin/degree_project/hybrid-epidemic-forecasting/results/partB/forecasts/partB_combined_stress_forecast_A1_rep002_AR_None.mat,forecast_results,49,50,5,54,1.48761534509619,0.2,0.8,0.969203501464313,1.29975790488315,0,closed_loop_monte_carlo,ok,0.330554403418841,-0.8,0.8,2.20912880554919,0.0490917512344265,0.00734565340930757,0,0.0417460978251189,rep002,2,2
combined_stress,SEIR with observation and process noise,SEIR,ssa,1,1,1,A1,Seasonal Forcing,AR,None,/home/kaahin/degree_project/hybrid-epidemic-forecasting/results/partB/forecasts/partB_combined_stress_forecast_A1_rep002_AR_None.mat,forecast_results,49,50,6,55,1.48450847400365,0.2,0.8,0.962301662195132,1.40490005055711,0,closed_loop_monte_carlo,ok,0.442598388361981,-0.8,0.8,1.23868262282736,0.0275262805072747,0.00983551974137735,0,0.0176907607658974,rep002,2,2
combined_stress,SEIR with observation and process noise,SEIR,ssa,1,1,1,A1,Seasonal Forcing,AR,None,/home/kaahin/degree_project/hybrid-epidemic-forecasting/results/partB/forecasts/partB_combined_stress_forecast_A1_rep002_AR_None.mat,forecast_results,49,50,7,56,1.48106440388863,0.2,0.8,0.907241439244106,1.3359112215764,0,closed_loop_monte_carlo,ok,0.42866978233229,-0.8,0.8,1.88020160545462,0.0417822578989916,0.00952599516293977,0,0.0322562627360519,rep002,2,2
combined_stress,SEIR with observation and process noise,SEIR,ssa,1,1,1,A1,Seasonal Forcing,AR,None,/home/kaahin/degree_project/hybrid-epidemic-forecasting/results/partB/forecasts/partB_combined_stress_forecast_A1_rep002_AR_None.mat,forecast_results,49,50,1,50,1.4966032770697,0.5,0.5,1.11513849597749,1.21399684608694,0,closed_loop_monte_carlo,ok,0.0988583501094498,-0.5,0.5,1.22928407404051,0.0682935596689171,0.0054921305616361,0,0.062801429107281,rep002,2,2
combined_stress,SEIR with observation and process noise,SEIR,ssa,1,1,1,A1,Seasonal Forcing,AR,None,/home/kaahin/degree_project/hybrid-epidemic-forecasting/results/partB/forecasts/partB_combined_stress_forecast_A1_rep002_AR_None.mat,forecast_results,49,50,2,51,1.49487796559399,0.5,0.5,1.11973652019617,1.21550743734251,0,closed_loop_monte_carlo,ok,0.0957709171463423,-0.5,0.5,1.21325303015229,0.0674029461195716,0.00532060650813013,0,0.0620823396114415,rep002,2,2
combined_stress,SEIR with observation and process noise,SEIR,ssa,1,1,1,A1,Seasonal Forcing,AR,None,/home/kaahin/degree_project/hybrid-epidemic-forecasting/results/partB/forecasts/partB_combined_stress_forecast_A1_rep002_AR_None.mat,forecast_results,49,50,3,52,1.49280316518971,0.5,0.5,1.12279627349975,1.22047483133406,0,closed_loop_monte_carlo,ok,0.0976785578343065,-0.5,0.5,1.18699189325691,0.0659439940698285,0.00542658654635036,0,0.0605174075234781,rep002,2,2
combined_stress,SEIR with observation and process noise,SEIR,ssa,1,1,1,A1,Seasonal Forcing,AR,None,/home/kaahin/degree_project/hybrid-epidemic-forecasting/results/partB/forecasts/partB_combined_stress_forecast_A1_rep002_AR_None.mat,forecast_results,49,50,4,53,1.49038133490722,0.5,0.5,1.01799518319285,1.27702795477435,0,closed_loop_monte_carlo,ok,0.259032771581492,-0.5,0.5,1.11244629211298,0.0618025717840547,0.0143907095323051,0,0.0474118622517496,rep002,2,2
combined_stress,SEIR with observation and process noise,SEIR,ssa,1,1,1,A1,Seasonal Forcing,AR,None,/home/kaahin/degree_project/hybrid-epidemic-forecasting/results/partB/forecasts/partB_combined_stress_forecast_A1_rep002_AR_None.mat,forecast_results,49,50,5,54,1.48761534509619,0.5,0.5,1.02916028260513,1.26836625231345,0,closed_loop_monte_carlo,ok,0.239205969708322,-0.5,0.5,1.11620234083926,0.0620112411577368,0.0132892205393512,0,0.0487220206183856,rep002,2,2
combined_stress,SEIR with observation and process noise,SEIR,ssa,1,1,1,A1,Seasonal Forcing,AR,None,/home/kaahin/degree_project/hybrid-epidemic-forecasting/results/partB/forecasts/partB_combined_stress_forecast_A1_rep002_AR_None.mat,forecast_results,49,50,6,55,1.48450847400365,0.5,0.5,1.01149797438907,1.26966165494372,0,closed_loop_monte_carlo,ok,0.258163680554656,-0.5,0.5,1.11755095679436,0.0620861642663536,0.0143424266974809,0,0.0477437375688727,rep002,2,2
combined_stress,SEIR with observation and process noise,SEIR,ssa,1,1,1,A1,Seasonal Forcing,AR,None,/home/kaahin/degree_project/hybrid-epidemic-forecasting/results/partB/forecasts/partB_combined_stress_forecast_A1_rep002_AR_None.mat,forecast_results,49,50,7,56,1.48106440388863,0.5,0.5,0.998413793046319,1.2718876084736,0,closed_loop_monte_carlo,ok,0.273473815427278,-0.5,0.5,1.11018099708741,0.0616767220604116,0.0151929897459599,0,0.0464837323144517,rep002,2,2
combined_stress,SEIR with observation and process noise,SEIR,ssa,1,1,1,A1,Seasonal Forcing,AR,None,/home/kaahin/degree_project/hybrid-epidemic-forecasting/results/partB/forecasts/partB_combined_stress_forecast_A1_rep002_AR_None.mat,forecast_results,56,57,1,57,1.47728721665793,0.05,0.95,1.30599647337879,1.65241877509146,1,closed_loop_monte_carlo,ok,0.346422301712667,0.05,0.05,0.346422301712667,0.00192456834284815,0.00192456834284815,0,0,rep002,2,2
combined_stress,SEIR with observation and process noise,SEIR,ssa,1,1,1,A1,Seasonal Forcing,AR,None,/home/kaahin/degree_project/hybrid-epidemic-forecasting/results/partB/forecasts/partB_combined_stress_forecast_A1_rep002_AR_None.mat,forecast_results,56,57,2,58,1.47318138902826,0.05,0.95,1.30019290455312,1.73610445648959,1,closed_loop_monte_carlo,ok,0.435911551936474,0.05,0.05,0.435911551936474,0.00242173084409152,0.00242173084409152,0,0,rep002,2,2
combined_stress,SEIR with observation and process noise,SEIR,ssa,1,1,1,A1,Seasonal Forcing,AR,None,/home/kaahin/degree_project/hybrid-epidemic-forecasting/results/partB/forecasts/partB_combined_stress_forecast_A1_rep002_AR_None.mat,forecast_results,56,57,3,59,1.46875178722047,0.05,0.95,1.2618494155791,1.56195110333167,1,closed_loop_monte_carlo,ok,0.300101687752576,0.05,0.05,0.300101687752576,0.00166723159862542,0.00166723159862542,0,0,rep002,2,2
combined_stress,SEIR with observation and process noise,SEIR,ssa,1,1,1,A1,Seasonal Forcing,AR,None,/home/kaahin/degree_project/hybrid-epidemic-forecasting/results/partB/forecasts/partB_combined_stress_forecast_A1_rep002_AR_None.mat,forecast_results,56,57,4,60,1.46400366119206,0.05,0.95,1.15434024085977,1.57265761184535,1,closed_loop_monte_carlo,ok,0.418317370985582,0.05,0.05,0.418317370985582,0.00232398539436435,0.00232398539436435,0,0,rep002,2,2
combined_stress,SEIR with observation and process noise,SEIR,ssa,1,1,1,A1,Seasonal Forcing,AR,None,/home/kaahin/degree_project/hybrid-epidemic-forecasting/results/partB/forecasts/partB_combined_stress_forecast_A1_rep002_AR_None.mat,forecast_results,56,57,5,61,1.45894263841497,0.05,0.95,1.17360669965525,1.48563722430666,1,closed_loop_monte_carlo,ok,0.312030524651406,0.05,0.05,0.312030524651406,0.00173350291473003,0.00173350291473003,0,0,rep002,2,2
combined_stress,SEIR with observation and process noise,SEIR,ssa,1,1,1,A1,Seasonal Forcing,AR,None,/home/kaahin/degree_project/hybrid-epidemic-forecasting/results/partB/forecasts/partB_combined_stress_forecast_A1_rep002_AR_None.mat,forecast_results,56,57,6,62,1.45357471720592,0.05,0.95,1.21252846526435,1.58539478888929,1,closed_loop_monte_carlo,ok,0.372866323624943,0.05,0.05,0.372866323624943,0.00207147957569413,0.00207147957569413,0,0,rep002,2,2
combined_stress,SEIR with observation and process noise,SEIR,ssa,1,1,1,A1,Seasonal Forcing,AR,None,/home/kaahin/degree_project/hybrid-epidemic-forecasting/results/partB/forecasts/partB_combined_stress_forecast_A1_rep002_AR_None.mat,forecast_results,56,57,7,63,1.44790625961717,0.05,0.95,1.2870989052729,1.60875357588309,1,closed_loop_monte_carlo,ok,0.321654670610189,0.05,0.05,0.321654670610189,0.00178697039227883,0.00178697039227883,0,0,rep002,2,2
combined_stress,SEIR with observation and process noise,SEIR,ssa,1,1,1,A1,Seasonal Forcing,AR,None,/home/kaahin/degree_project/hybrid-epidemic-forecasting/results/partB/forecasts/partB_combined_stress_forecast_A1_rep002_AR_None.mat,forecast_results,56,57,1,57,1.47728721665793,0.1,0.9,1.30599647337879,1.65241877509146,1,closed_loop_monte_carlo,ok,0.346422301712667,0.1,0.1,0.346422301712667,0.0038491366856963,0.0038491366856963,0,0,rep002,2,2
combined_stress,SEIR with observation and process noise,SEIR,ssa,1,1,1,A1,Seasonal Forcing,AR,None,/home/kaahin/degree_project/hybrid-epidemic-forecasting/results/partB/forecasts/partB_combined_stress_forecast_A1_rep002_AR_None.mat,forecast_results,56,57,2,58,1.47318138902826,0.1,0.9,1.30019290455312,1.73610445648959,1,closed_loop_monte_carlo,ok,0.435911551936474,0.1,0.1,0.435911551936474,0.00484346168818304,0.00484346168818304,0,0,rep002,2,2
combined_stress,SEIR with observation and process noise,SEIR,ssa,1,1,1,A1,Seasonal Forcing,AR,None,/home/kaahin/degree_project/hybrid-epidemic-forecasting/results/partB/forecasts/partB_combined_stress_forecast_A1_rep002_AR_None.mat,forecast_results,56,57,3,59,1.46875178722047,0.1,0.9,1.2618494155791,1.56195110333167,1,closed_loop_monte_carlo,ok,0.300101687752576,0.1,0.1,0.300101687752576,0.00333446319725085,0.00333446319725085,0,0,rep002,2,2
combined_stress,SEIR with observation and process noise,SEIR,ssa,1,1,1,A1,Seasonal Forcing,AR,None,/home/kaahin/degree_project/hybrid-epidemic-forecasting/results/partB/forecasts/partB_combined_stress_forecast_A1_rep002_AR_None.mat,forecast_results,56,57,4,60,1.46400366119206,0.1,0.9,1.15434024085977,1.57265761184535,1,closed_loop_monte_carlo,ok,0.418317370985582,0.1,0.1,0.418317370985582,0.00464797078872869,0.00464797078872869,0,0,rep002,2,2
combined_stress,SEIR with observation and process noise,SEIR,ssa,1,1,1,A1,Seasonal Forcing,AR,None,/home/kaahin/degree_project/hybrid-epidemic-forecasting/results/partB/forecasts/partB_combined_stress_forecast_A1_rep002_AR_None.mat,forecast_results,56,57,5,61,1.45894263841497,0.1,0.9,1.17360669965525,1.48563722430666,1,closed_loop_monte_carlo,ok,0.312030524651406,0.1,0.1,0.312030524651406,0.00346700582946007,0.00346700582946007,0,0,rep002,2,2
combined_stress,SEIR with observation and process noise,SEIR,ssa,1,1,1,A1,Seasonal Forcing,AR,None,/home/kaahin/degree_project/hybrid-epidemic-forecasting/results/partB/forecasts/partB_combined_stress_forecast_A1_rep002_AR_None.mat,forecast_results,56,57,6,62,1.45357471720592,0.1,0.9,1.21252846526435,1.58539478888929,1,closed_loop_monte_carlo,ok,0.372866323624943,0.1,0.1,0.372866323624943,0.00414295915138826,0.00414295915138826,0,0,rep002,2,2
combined_stress,SEIR with observation and process noise,SEIR,ssa,1,1,1,A1,Seasonal Forcing,AR,None,/home/kaahin/degree_project/hybrid-epidemic-forecasting/results/partB/forecasts/partB_combined_stress_forecast_A1_rep002_AR_None.mat,forecast_results,56,57,7,63,1.44790625961717,0.1,0.9,1.2870989052729,1.60875357588309,1,closed_loop_monte_carlo,ok,0.321654670610189,0.1,0.1,0.321654670610189,0.00357394078455766,0.00357394078455766,0,0,rep002,2,2
combined_stress,SEIR with observation and process noise,SEIR,ssa,1,1,1,A1,Seasonal Forcing,AR,None,/home/kaahin/degree_project/hybrid-epidemic-forecasting/results/partB/forecasts/partB_combined_stress_forecast_A1_rep002_AR_None.mat,forecast_results,56,57,1,57,1.47728721665793,0.2,0.8,1.32226244866076,1.60860018138329,1,closed_loop_monte_carlo,ok,0.286337732722529,0.2,0.2,0.286337732722529,0.00636306072716732,0.00636306072716732,0,0,rep002,2,2
combined_stress,SEIR with observation and process noise,SEIR,ssa,1,1,1,A1,Seasonal Forcing,AR,None,/home/kaahin/degree_project/hybrid-epidemic-forecasting/results/partB/forecasts/partB_combined_stress_forecast_A1_rep002_AR_None.mat,forecast_results,56,57,2,58,1.47318138902826,0.2,0.8,1.34264508736485,1.64726651415531,1,closed_loop_monte_carlo,ok,0.304621426790457,0.2,0.2,0.304621426790457,0.00676936503978794,0.00676936503978794,0,0,rep002,2,2
combined_stress,SEIR with observation and process noise,SEIR,ssa,1,1,1,A1,Seasonal Forcing,AR,None,/home/kaahin/degree_project/hybrid-epidemic-forecasting/results/partB/forecasts/partB_combined_stress_forecast_A1_rep002_AR_None.mat,forecast_results,56,57,3,59,1.46875178722047,0.2,0.8,1.28825853697183,1.5596307783973,1,closed_loop_monte_carlo,ok,0.27137224142547,0.2,0.2,0.27137224142547,0.00603049425389933,0.00603049425389933,0,0,rep002,2,2
combined_stress,SEIR with observation and process noise,SEIR,ssa,1,1,1,A1,Seasonal Forcing,AR,None,/home/kaahin/degree_project/hybrid-epidemic-forecasting/results/partB/forecasts/partB_combined_stress_forecast_A1_rep002_AR_None.mat,forecast_results,56,57,4,60,1.46400366119206,0.2,0.8,1.21284567501666,1.56407108008667,1,closed_loop_monte_carlo,ok,0.351225405070008,0.2,0.2,0.351225405070008,0.00780500900155573,0.00780500900155573,0,0,rep002,2,2
combined_stress,SEIR with observation and process noise,SEIR,ssa,1,1,1,A1,Seasonal Forcing,AR,None,/home/kaahin/degree_project/hybrid-epidemic-forecasting/results/partB/forecasts/partB_combined_stress_forecast_A1_rep002_AR_None.mat,forecast_results,56,57,5,61,1.45894263841497,0.2,0.8,1.23290697166543,1.47941255280233,1,closed_loop_monte_carlo,ok,0.246505581136899,0.2,0.2,0.246505581136899,0.00547790180304219,0.00547790180304219,0,0,rep002,2,2
combined_stress,SEIR with observation and process noise,SEIR,ssa,1,1,1,A1,Seasonal Forcing,AR,None,/home/kaahin/degree_project/hybrid-epidemic-forecasting/results/partB/forecasts/partB_combined_stress_forecast_A1_rep002_AR_None.mat,forecast_results,56,57,6,62,1.45357471720592,0.2,0.8,1.23636176278595,1.57897368705894,1,closed_loop_monte_carlo,ok,0.342611924272991,0.2,0.2,0.342611924272991,0.00761359831717757,0.00761359831717757,0,0,rep002,2,2
combined_stress,SEIR with observation and process noise,SEIR,ssa,1,1,1,A1,Seasonal Forcing,AR,None,/home/kaahin/degree_project/hybrid-epidemic-forecasting/results/partB/forecasts/partB_combined_stress_forecast_A1_rep002_AR_None.mat,forecast_results,56,57,7,63,1.44790625961717,0.2,0.8,1.29437592219765,1.58780947264454,1,closed_loop_monte_carlo,ok,0.293433550446893,0.2,0.2,0.293433550446893,0.00652074556548652,0.00652074556548652,0,0,rep002,2,2
combined_stress,SEIR with observation and process noise,SEIR,ssa,1,1,1,A1,Seasonal Forcing,AR,None,/home/kaahin/degree_project/hybrid-epidemic-forecasting/results/partB/forecasts/partB_combined_stress_forecast_A1_rep002_AR_None.mat,forecast_results,56,57,1,57,1.47728721665793,0.5,0.5,1.37630677819567,1.55980423861504,1,closed_loop_monte_carlo,ok,0.183497460419373,0.5,0.5,0.183497460419373,0.0101943033566318,0.0101943033566318,0,0,rep002,2,2
combined_stress,SEIR with observation and process noise,SEIR,ssa,1,1,1,A1,Seasonal Forcing,AR,None,/home/kaahin/degree_project/hybrid-epidemic-forecasting/results/partB/forecasts/partB_combined_stress_forecast_A1_rep002_AR_None.mat,forecast_results,56,57,2,58,1.47318138902826,0.5,0.5,1.38915204671176,1.55700327007159,1,closed_loop_monte_carlo,ok,0.167851223359828,0.5,0.5,0.167851223359828,0.0093250679644349,0.0093250679644349,0,0,rep002,2,2
combined_stress,SEIR with observation and process noise,SEIR,ssa,1,1,1,A1,Seasonal Forcing,AR,None,/home/kaahin/degree_project/hybrid-epidemic-forecasting/results/partB/forecasts/partB_combined_stress_forecast_A1_rep002_AR_None.mat,forecast_results,56,57,3,59,1.46875178722047,0.5,0.5,1.33291736579516,1.54820452002158,1,closed_loop_monte_carlo,ok,0.21528715422642,0.5,0.5,0.21528715422642,0.0119603974570233,0.0119603974570233,0,0,rep002,2,2
combined_stress,SEIR with observation and process noise,SEIR,ssa,1,1,1,A1,Seasonal Forcing,AR,None,/home/kaahin/degree_project/hybrid-epidemic-forecasting/results/partB/forecasts/partB_combined_stress_forecast_A1_rep002_AR_None.mat,forecast_results,56,57,4,60,1.46400366119206,0.5,0.5,1.31409130407043,1.49653416707848,1,closed_loop_monte_carlo,ok,0.182442863008053,0.5,0.5,0.182442863008053,0.0101357146115585,0.0101357146115585,0,0,rep002,2,2
combined_stress,SEIR with observation and process noise,SEIR,ssa,1,1,1,A1,Seasonal Forcing,AR,None,/home/kaahin/degree_project/hybrid-epidemic-forecasting/results/partB/forecasts/partB_combined_stress_forecast_A1_rep002_AR_None.mat,forecast_results,56,57,5,61,1.45894263841497,0.5,0.5,1.33904263457753,1.43123166885043,0,closed_loop_monte_carlo,ok,0.0921890342728975,-0.5,0.5,0.203032912531075,0.0112796062517264,0.00512161301516097,0,0.00615799323656541,rep002,2,2
combined_stress,SEIR with observation and process noise,SEIR,ssa,1,1,1,A1,Seasonal Forcing,AR,None,/home/kaahin/degree_project/hybrid-epidemic-forecasting/results/partB/forecasts/partB_combined_stress_forecast_A1_rep002_AR_None.mat,forecast_results,56,57,6,62,1.45357471720592,0.5,0.5,1.28324357332388,1.45402347296673,1,closed_loop_monte_carlo,ok,0.17077989964285,0.5,0.5,0.17077989964285,0.00948777220238054,0.00948777220238054,0,0,rep002,2,2
combined_stress,SEIR with observation and process noise,SEIR,ssa,1,1,1,A1,Seasonal Forcing,AR,None,/home/kaahin/degree_project/hybrid-epidemic-forecasting/results/partB/forecasts/partB_combined_stress_forecast_A1_rep002_AR_None.mat,forecast_results,56,57,7,63,1.44790625961717,0.5,0.5,1.31797488856805,1.38954905471546,0,closed_loop_monte_carlo,ok,0.0715741661474116,-0.5,0.5,0.305002985754272,0.0169446103196818,0.00397634256374509,0,0.0129682677559367,rep002,2,2
