Scenario,Model,ExoMode,WindowDay,HorizonIdx,ForecastDay,Truth_Rt,Median_Forecast,WIS
A1,ARX,I,49,1,50,1.4966032770697,1.49661591542935,5.58582414711283e-06
A1,ARX,I,49,2,51,1.49487796559399,1.494919329195,3.38535942092494e-05
A1,ARX,I,49,3,52,1.49280316518971,1.49289309645931,8.21391250542369e-05
A1,ARX,I,49,4,53,1.49038133490722,1.49054374625649,0.000154285948658861
A1,ARX,I,49,5,54,1.48761534509619,1.4878785297537,0.00025467149257361
A1,ARX,I,49,6,55,1.48450847400365,1.48490541080881,0.00038797872524705
A1,ARX,I,49,7,56,1.48106440388863,1.48163305341802,0.000559187531074332
A1,ARX,I,49,8,57,1.47728721665793,1.47807080584341,0.000773563201836253
A1,ARX,I,49,9,58,1.47318138902826,1.47422868117908,0.00103664181300571
A1,ARX,I,49,10,59,1.46875178722047,1.47011733407229,0.00135421221283074
A1,ARX,I,49,11,60,1.46400366119206,1.46574803325737,0.00173229429197411
A1,ARX,I,49,12,61,1.45894263841497,1.46113262947854,0.00217711311645652
A1,ARX,I,49,13,62,1.45357471720592,1.45628351826258,0.00269506838807842
A1,ARX,I,49,14,63,1.44790625961717,1.45121359683793,0.0032926985299777
A1,ARX,I,56,1,57,1.47728721665793,1.47729946108842,4.90496898715165e-06
A1,ARX,I,56,2,58,1.47318138902826,1.47322079858686,3.11053814157611e-05
A1,ARX,I,56,3,59,1.46875178722047,1.46883607613232,7.57648398827526e-05
A1,ARX,I,56,4,60,1.46400366119206,1.46415346165843,0.000141021748822107
A1,ARX,I,56,5,61,1.45894263841497,1.45918160761226,0.000229899950239492
A1,ARX,I,56,6,62,1.45357471720592,1.45392962412547,0.000345510869455028
A1,ARX,I,56,7,63,1.44790625961717,1.44840704872614,0.000491030420229091
A1,ARX,I,56,8,64,1.44194398389628,1.44262381218815,0.000669672469782883
A1,ARX,I,56,9,65,1.43569495652361,1.43659019996781,0.0008846583165734
A1,ARX,I,56,10,66,1.42916658383716,1.43031680845416,0.00113918141649741
A1,ARX,I,56,11,67,1.42236660325458,1.4238144949171,0.00143636625734793
A1,ARX,I,56,12,68,1.41530307410279,1.41709431949554,0.00177921975066517
A1,ARX,I,56,13,69,1.40798436806609,1.41016747668476,0.00217057264716435
A1,ARX,I,56,14,70,1.40041915926406,1.40304521228833,0.00261300702699845
A1,ARX,I,63,1,64,1.44194398389628,1.44195418596144,3.72345896389891e-06
A1,ARX,I,63,2,65,1.43569495652361,1.43572716543385,2.37234430608549e-05
A1,ARX,I,63,3,66,1.42916658383716,1.42923415623198,5.89517158774656e-05
A1,ARX,I,63,4,67,1.42236660325458,1.42248439740446,0.000109023033936741
A1,ARX,I,63,5,68,1.41530307410279,1.4154873711472,0.000175362158601574
A1,ARX,I,63,6,69,1.40798436806609,1.40825275981096,0.000259282783474245
A1,ARX,I,63,7,70,1.40041915926406,1.40079039575186,0.000361947638573552
A1,ARX,I,63,8,71,1.39261641397097,1.39311020090447,0.000484318858265418
A1,ARX,I,63,9,72,1.384585379989,1.38522211061684,0.000627093302732044
A1,ARX,I,63,10,73,1.37633557568774,1.37713597164455,0.000790613048260365
A1,ARX,I,63,11,74,1.36787677872305,1.36886139436945,0.000974731807242971
A1,ARX,I,63,12,75,1.35921901444858,1.36040751733256,0.00117859687599528
A1,ARX,I,63,13,76,1.35037254403373,1.35178259508503,0.00140026006406215
A1,ARX,I,63,14,77,1.34134785230216,1.34299329600626,0.00163599578752891
A1,ARX,I,70,1,71,1.39261641397097,1.39262282388106,2.44638267111371e-06
A1,ARX,I,70,2,72,1.384585379989,1.38460484518941,1.14062030286657e-05
A1,ARX,I,70,3,73,1.37633557568774,1.37637472266013,3.10655062022658e-05
A1,ARX,I,70,4,74,1.36787677872305,1.36794190441431,5.70380914375063e-05
A1,ARX,I,70,5,75,1.35921901444858,1.35931564945316,8.85714273420287e-05
A1,ARX,I,70,6,76,1.35037254403373,1.35050479251488,0.000124261787464232
A1,ARX,I,70,7,77,1.34134785230216,1.34151735626386,0.000161677727770917
A1,ARX,I,70,8,78,1.33215563530515,1.33236048873978,0.000197252926547313
A1,ARX,I,70,9,79,1.32280678764469,1.32304140995683,0.000227214736527285
A1,ARX,I,70,10,80,1.31331238956119,1.31356770368579,0.000248050770615339
A1,ARX,I,70,11,81,1.30368369380122,1.30394730382298,0.000256453495427245
A1,ARX,I,70,12,82,1.29393211228075,1.29418844217633,0.000249254220004906
A1,ARX,I,70,13,83,1.28406920255976,1.28429959535969,0.000223380780968458
A1,ARX,I,70,14,84,1.27410665414428,1.27428943527289,0.000175821956118373
A1,ARX,I,77,1,78,1.33215563530515,1.33215152510343,1.73530494116392e-06
A1,ARX,I,77,2,79,1.32280678764469,1.3227913363067,8.51516547037474e-06
A1,ARX,I,77,3,80,1.31331238956119,1.31327536072062,3.01613499928435e-05
A1,ARX,I,77,4,81,1.30368369380122,1.30361195674138,6.49226613669063e-05
A1,ARX,I,77,5,82,1.29393211228075,1.29380972089544,0.000115620398882795
A1,ARX,I,77,6,83,1.28406920255976,1.28387744223552,0.00018502733040002
A1,ARX,I,77,7,84,1.27410665414428,1.2738240596969,0.000275896957933512
A1,ARX,I,77,8,85,1.26405627463194,1.26365862341141,0.000390988703686198
A1,ARX,I,77,9,86,1.25392997571767,1.25339025964073,0.000533089263536038
A1,ARX,I,77,10,87,1.24373975907596,1.243028138921,0.000705030551405302
A1,ARX,I,77,11,88,1.23349770213651,1.23258144707165,0.000909704615921181
A1,ARX,I,77,12,89,1.22321594377004,1.22205935877126,0.00115007585770032
A1,ARX,I,77,13,90,1.21290666990136,1.21147101344775,0.00142919082824485
A1,ARX,I,77,14,91,1.20258209906661,1.20082549326697,0.00175018585215033
A1,ARX,I,84,1,85,1.26405627463194,1.26403408517827,1.46535420461848e-05
A1,ARX,I,84,2,86,1.25392997571767,1.25386053839745,6.19425233233415e-05
A1,ARX,I,84,3,87,1.24373975907596,1.24359508968916,0.000137217313334461
A1,ARX,I,84,4,88,1.23349770213651,1.23324682075927,0.000243474111617752
A1,ARX,I,84,5,89,1.22321594377004,1.2228247941893,0.000383789432628942
A1,ARX,I,84,6,90,1.21290666990136,1.21233803065564,0.000561328582569964
A1,ARX,I,84,7,91,1.20258209906661,1.20179548811356,0.000779352090866242
A1,ARX,I,84,8,92,1.19225446793186,1.19120604277738,0.00104122028923599
A1,ARX,I,84,9,93,1.18193601679026,1.1805784717515,0.00135039620568561
A1,ARX,I,84,10,94,1.17163897505484,1.16992143718743,0.00171044691938833
A1,ARX,I,84,11,95,1.16137554676423,1.15924347185822,0.00212504350461757
A1,ARX,I,84,12,96,1.15115789611844,1.14855296605616,0.00259795967718316
A1,ARX,I,84,13,97,1.14099813306193,1.13785815573082,0.00313306924460174
A1,ARX,I,84,14,98,1.13090829893082,1.12716711179441,0.00373434245115773
A1,ARX,I,91,1,92,1.19225446793186,1.19221734893553,2.6392241206404e-05
A1,ARX,I,91,2,93,1.18193601679026,1.1818209207808,0.000104454418465705
A1,ARX,I,91,3,94,1.17163897505484,1.17140116639899,0.000227254170085968
A1,ARX,I,91,4,95,1.16137554676423,1.16096627929175,0.000398801820546085
A1,ARX,I,91,5,96,1.15115789611844,1.15052428653338,0.000623234276833724
A1,ARX,I,91,6,97,1.14099813306193,1.1400830413235,0.000904808066735638
A1,ARX,I,91,7,98,1.13090829893082,1.12965021622094,0.00124789175706658
A1,ARX,I,91,8,99,1.1209003521816,1.11923329705297,0.00165695777588473
A1,ARX,I,91,9,100,1.11098615421795,1.10883957749184,0.00213657366435151
A1,ARX,I,91,10,101,1.10117745533264,1.09847615428832,0.00269139278560047
A1,ARX,I,91,11,102,1.09148588078107,1.08814992315044,0.00332614451959467
A1,ARX,I,91,12,103,1.08192291700306,1.07786757525356,0.00404562397447995
A1,ARX,I,91,13,104,1.07249989800913,1.06763559436632,0.00485468124631863
A1,ARX,I,91,14,105,1.06322799194746,1.0574602545757,0.00575821026035421
A1,ARX,I,98,1,99,1.1209003521816,1.12084116921211,4.32362056313634e-05
A1,ARX,I,98,2,100,1.11098615421795,1.11080346295063,0.000166888381096988
A1,ARX,I,98,3,101,1.10117745533264,1.10080169199896,0.000360104597934007
A1,ARX,I,98,4,102,1.09148588078107,1.09084216051064,0.000628205746995872
A1,ARX,I,98,5,103,1.08192291700306,1.08093096467141,0.000976581885022101
A1,ARX,I,98,6,104,1.07249989800913,1.07107399269068,0.00141067862913028
A1,ARX,I,98,7,105,1.06322799194746,1.06127692507367,0.00193598345087764
A1,ARX,I,98,8,106,1.05411818786739,1.05154523518814,0.00255801187229318
A1,ARX,I,98,9,107,1.04518128269524,1.04188419013386,0.00328229357132087
A1,ARX,I,98,10,108,1.0364278684378,1.03229885191856,0.0041143584085731
A1,ARX,I,98,11,109,1.0278683196287,1.02279407893982,0.00505972239104545
A1,ARX,I,98,12,110,1.01951278103252,1.01337452776903,0.0061238735915504
A1,ARX,I,98,13,111,1.01137115562125,1.00404465523067,0.00731225804518293
A1,ARX,I,98,14,112,1.00345309283727,0.994808720767956,0.00863026564619501
A1,ARX,I,105,1,106,1.05411818786739,1.05402444695514,6.94558445918481e-05
A1,ARX,I,105,2,107,1.04518128269524,1.04489381596755,0.000263397640711048
A1,ARX,I,105,3,108,1.0364278684378,1.03584045872932,0.000563554839615546
A1,ARX,I,105,4,109,1.0278683196287,1.02686854491867,0.000976132128687954
A1,ARX,I,105,5,110,1.01951278103252,1.01798205736218,0.00150729128995631
A1,ARX,I,105,6,111,1.01137115562125,1.00918479534055,0.00216313586996078
A1,ARX,I,105,7,112,1.00345309283727,1.00048037799431,0.00294969603632282
A1,ARX,I,105,8,113,0.995767977156895,0.991872247833768,0.00387291363043576
A1,ARX,I,105,9,114,0.988324916967847,0.983363674354914,0.00493862742847648
A1,ARX,I,105,10,115,0.981132733774054,0.974957757759775,0.00615255862515186
A1,ARX,I,105,11,116,0.974199951740398,0.966657432778935,0.00752029655540235
A1,ARX,I,105,12,117,0.967534787589888,0.958465472589164,0.00904728467347524
A1,ARX,I,105,13,118,0.961145140865215,0.950384492820554,0.0107388068068895
A1,ARX,I,105,14,119,0.955038584566225,0.942416955645467,0.0125999737045674
A1,ARX,I,112,1,113,0.995767977156895,0.995627032633269,0.000104186475886181
A1,ARX,I,112,2,114,0.988324916967847,0.987895604403012,0.000392844508649528
A1,ARX,I,112,3,115,0.981132733774054,0.980261292727008,0.000835258801717849
A1,ARX,I,112,4,116,0.974199951740398,0.972726441293698,0.00143760971211977
A1,ARX,I,112,5,117,0.967534787589888,0.965293256827092,0.00220590712919234
A1,ARX,I,112,6,118,0.961145140865215,0.95796381300645,0.00314597681593831
A1,ARX,I,112,7,119,0.955038584566225,0.95074005437947,0.00426344713273945
A1,ARX,I,112,8,120,0.949222356174409,0.94362380026826,0.00556373615536585
A1,ARX,I,112,9,121,0.943703349075052,0.936616748666239,0.00705203919975857
A1,ARX,I,112,10,122,0.938488104387204,0.929720480123214,0.00873331676650151
A1,ARX,I,112,11,123,0.933582803211152,0.922936461615241,0.0106122829180476
A1,ARX,I,112,12,124,0.928993259302595,0.916266050395363,0.0126933941017943
A1,ARX,I,112,13,125,0.924724912182182,0.909710497821001,0.0149808384319087
A1,ARX,I,112,14,126,0.920782820688606,0.903270953153551,0.017478525442512
A1,ARX,I,119,1,120,0.949222356174409,0.949026736967752,0.000142048381801394
A1,ARX,I,119,2,121,0.943703349075052,0.943110944366381,0.000539163152806544
A1,ARX,I,119,3,122,0.938488104387204,0.93729245979977,0.00114272588494439
A1,ARX,I,119,4,123,0.933582803211152,0.931572446103492,0.00195775477602356
A1,ARX,I,119,5,124,0.928993259302595,0.925951978945152,0.00298898785499204
A1,ARX,I,119,6,125,0.924724912182182,0.920432049819564,0.00424087309573051
A1,ARX,I,119,7,126,0.920782820688606,0.915013569003432,0.00571755901510253
A1,ARX,I,119,8,127,0.917171656982874,0.909697368467762,0.00742288576448781
A1,ARX,I,119,9,128,0.913895701010866,0.90448420474606,0.00936037672383568
A1,ARX,I,119,10,129,0.910958835430755,0.899374761756308,0.0115332306068078
A1,ARX,I,119,11,130,0.908364541011282,0.894369653574714,0.0139443140850391
A1,ARX,I,119,12,131,0.906115892506353,0.889469427159239,0.0165961549389492
A1,ARX,I,119,13,132,0.904215555010851,0.884674565021019,0.0194909357418836
A1,ARX,I,119,14,133,0.902665780801964,0.879985487841925,0.022630488083663
A1,ARX,I,126,1,127,0.917171656982874,0.916928711405458,0.00016937512225495
A1,ARX,I,126,2,128,0.913895701010866,0.913163231827889,0.000659180777650603
A1,ARX,I,126,3,129,0.910958835430755,0.909486973027293,0.00139884810989796
A1,ARX,I,126,4,130,0.908364541011282,0.905900471458901,0.00239132140936597
A1,ARX,I,126,5,131,0.906115892506353,0.902404210740749,0.00363919179504333
A1,ARX,I,126,6,132,0.904215555010851,0.898998623397902,0.00514469182514864
A1,ARX,I,126,7,133,0.902665780801964,0.895684092570059,0.00690969063066802
A1,ARX,I,126,8,134,0.901468406669791,0.892460953680807,0.00893568957651675
A1,ARX,I,126,9,135,0.900624851740382,0.889329496066972,0.0112238184550562
A1,ARX,I,126,10,136,0.900136115793793,0.886289964566646,0.0137748322159518
A1,ARX,I,126,11,137,0.900002778079143,0.883342561064656,0.0165891082356131
A1,ARX,I,126,12,138,0.900224996628095,0.880487445994383,0.01966664412871
A1,ARX,I,126,13,139,0.900802508067553,0.877724739795001,0.0230070561035015
A1,ARX,I,126,14,140,0.901734627931814,0.87505452432338,0.0266095778619708
A1,ARX,I,133,1,134,0.901468406669791,0.901210780263365,0.000164104507289332
A1,ARX,I,133,2,135,0.900624851740382,0.899850617278883,0.000680820290562226
A1,ARX,I,133,3,136,0.900136115793793,0.898585316272871,0.00145748300131982
A1,ARX,I,133,4,137,0.900002778079143,0.897414862984049,0.00249468619067524
A1,ARX,I,133,5,138,0.900224996628095,0.896339205182502,0.00379264016649222
A1,ARX,I,133,6,139,0.900802508067553,0.895358253343199,0.00535117113134215
A1,ARX,I,133,7,140,0.901734627931814,0.894471881275288,0.00716972086526052
A1,ARX,I,133,8,141,0.903020251473794,0.893679926706634,0.00924734695235152
A1,ARX,I,133,9,142,0.904657854974372,0.892982191823236,0.0115827235506245
A1,ARX,I,133,10,143,0.906645497548303,0.892378443763373,0.0141741427036819
A1,ARX,I,133,11,144,0.908980823444548,0.891868415066459,0.0170195161921217
A1,ARX,I,133,12,145,0.91166106483831,0.891451804076763,0.0201163779217829
A1,ARX,I,133,13,146,0.914683045111454,0.891128275302286,0.023461886845231
A1,ARX,I,133,14,147,0.918043182617431,0.890897459729204,0.0270528304121772
A1,ARX,I,140,1,141,0.903020251473794,0.902798505267439,0.205180097812367
A1,ARX,I,140,2,142,0.904657854974372,0.903993732298891,0.20233503513737
A1,ARX,I,140,3,143,0.906645497548303,0.905319845659885,0.198089757285729
A1,ARX,I,140,4,144,0.908980823444548,0.906776325352787,0.193908889341528
A1,ARX,I,140,5,145,0.91166106483831,0.908362593662422,0.189449252903886
A1,ARX,I,140,6,146,0.914683045111454,0.910078013981496,0.184729591595188
A1,ARX,I,140,7,147,0.918043182617431,0.91192188955119,0.17976896698867
A1,ARX,I,140,8,148,0.921737494926241,0.91389346212097,0.174586530562806
A1,ARX,I,140,9,149,0.9257616035444,0.915991910532077,0.169201299403427
A1,ARX,I,140,10,150,0.930110739104327,0.918216349229593,0.163631938463733
A1,ARX,I,140,11,151,0.934779747016991,0.92056582670842,0.157896551876624
A1,ARX,I,140,12,152,0.939763093581121,0.923039323898851,0.152012485458231
A1,ARX,I,140,13,153,0.945054872541742,0.925635752497848,0.145996142157898
A1,ARX,I,140,14,154,0.950648812090257,0.928353953252446,0.139862811809788
A1,ARX,I,147,1,148,0.921737494926241,0.921589202775227,5.47986799728851e-05
A1,ARX,I,147,2,149,0.9257616035444,0.925320712196257,0.000322378093106862
A1,ARX,I,147,3,150,0.930110739104327,0.929237214992767,0.000754461844610337
A1,ARX,I,147,4,151,0.934779747016991,0.93333810712538,0.00132200614715442
A1,ARX,I,147,5,152,0.939763093581121,0.93762267101477,0.00202019508377777
A1,ARX,I,147,6,153,0.945054872541742,0.942090069928195,0.00284395935314813
A1,ARX,I,147,7,154,0.950648812090257,0.946739342150229,0.00378798909944927
A1,ARX,I,147,8,155,0.956538282297791,0.951569394947981,0.00484674738107269
A1,ARX,I,147,9,156,0.962716302972967,0.956578998341952,0.00601448425812492
A1,ARX,I,147,10,157,0.969175551934819,0.961766778694715,0.00728525147728202
A1,ARX,I,147,11,158,0.975908373691033,0.9671312121306,0.00865291773097474
A1,ARX,I,147,12,159,0.982906788511226,0.97267061780078,0.0101111844662384
A1,ARX,I,147,13,160,0.990162501884506,0.97838315100943,0.0116536022167792
A1,ARX,I,147,14,161,0.997666914350116,0.984266796218152,0.0132735874298569
A1,ARX,I,154,1,155,0.956538282297791,0.956470123700452,2.98707790028922e-05
A1,ARX,I,154,2,156,0.962716302972967,0.962518316712231,8.20081023803919e-05
A1,ARX,I,154,3,157,0.969175551934819,0.968792728594877,0.000258597627987564
A1,ARX,I,154,4,158,0.975908373691033,0.975292512382784,0.000490762332498089
A1,ARX,I,154,5,159,0.982906788511226,0.982016625357481,0.000764163572810707
A1,ARX,I,154,6,160,0.990162501884506,0.988963817321516,0.00107175731723028
A1,ARX,I,154,7,161,0.997666914350116,0.996132618481329,0.00140641421016396
A1,ARX,I,154,8,162,1.00541113168951,1.00352132696005,0.00176094225278072
A1,ARX,I,154,9,163,1.01338597546774,1.01112799596546,0.00212811017785148
A1,ARX,I,154,10,164,1.02158199391177,1.01895042064327,0.00250067147605435
A1,ARX,I,154,11,165,1.02998947311266,1.02698612465165,0.00287138902503473
A1,ARX,I,154,12,166,1.03859844853851,1.03523234649868,0.0032330602660831
A1,ARX,I,154,13,167,1.04739871684437,1.04368602569111,0.00357854286651977
A1,ARX,I,154,14,168,1.05637984796526,1.05234378874937,0.00390078079882532
A1,ARX,I,161,1,162,1.00541113168951,1.00540870947379,2.32030714050597e-05
A1,ARX,I,161,2,163,1.01338597546774,1.01338625582066,2.31521752104255e-05
A1,ARX,I,161,3,164,1.02158199391177,1.02159765244115,2.50530711463217e-05
A1,ARX,I,161,4,165,1.02998947311266,1.03004071024053,2.92035039830428e-05
A1,ARX,I,161,5,166,1.03859844853851,1.03871293602625,4.31922533228312e-05
A1,ARX,I,161,6,167,1.04739871684437,1.04761151623773,8.88206486242018e-05
A1,ARX,I,161,7,168,1.05637984796526,1.05673330041755,0.000220838117628681
A1,ARX,I,161,8,169,1.06553119747788,1.06607478449169,0.000409782276712331
A1,ARX,I,161,9,170,1.0748419192163,1.07563209393409,0.000655154320932179
A1,ARX,I,161,10,171,1.08430097812692,1.08540096689874,0.000963728087018449
A1,ARX,I,161,11,172,1.09389716334709,1.09537673740949,0.00134204913884568
A1,ARX,I,161,12,173,1.10361910149229,1.10555431870391,0.0017964048256166
A1,ARX,I,161,13,174,1.11345527013582,1.11592818683357,0.00233279440362207
A1,ARX,I,161,14,175,1.12339401146514,1.12649236462714,0.00295689934429069
A1,ARX,I,168,1,169,1.06553119747788,1.06557311434118,2.83877669076585e-05
A1,ARX,I,168,2,170,1.0748419192163,1.07497451477291,4.92768891148934e-05
A1,ARX,I,168,3,171,1.08430097812692,1.08457967273914,0.000145935799209747
A1,ARX,I,168,4,172,1.09389716334709,1.09438381742361,0.000352685203940268
A1,ARX,I,168,5,173,1.10361910149229,1.10438176822094,0.000627465347947389
A1,ARX,I,168,6,174,1.11345527013582,1.11456791954018,0.000976193803038871
A1,ARX,I,168,7,175,1.12339401146514,1.12493622601022,0.00140448379748305
A1,ARX,I,168,8,176,1.13342354609875,1.13548018819448,0.00191761611517707
A1,ARX,I,168,9,177,1.14353198704703,1.14619283892481,0.00252051146989099
A1,ARX,I,168,10,178,1.15370735380072,1.15706673036647,0.00321770348294755
A1,ARX,I,168,11,179,1.16393758653019,1.16809392192735,0.00401331239432644
A1,ARX,I,168,12,180,1.17421056037877,1.17926596912609,0.00491101963849658
A1,ARX,I,168,13,181,1.18451409983302,1.19057391353457,0.00591404341745963
A1,ARX,I,168,14,182,1.19483599315325,1.20200827391126,0.00702511540453201
A1,ARX,I,175,1,176,1.13342354609875,1.13348821108453,3.19265686375846e-05
A1,ARX,I,175,2,177,1.14353198704703,1.14373074082365,7.83420546066689e-05
A1,ARX,I,175,3,178,1.15370735380072,1.15411403194602,0.000268236730876761
A1,ARX,I,175,4,179,1.16393758653019,1.16463006413049,0.000552775565221814
A1,ARX,I,175,5,180,1.17421056037877,1.17527035757221,0.000918820531606599
A1,ARX,I,175,6,181,1.18451409983302,1.18602596618395,0.00136960212884605
A1,ARX,I,175,7,182,1.19483599315325,1.19688747199795,0.00190791525456688
A1,ARX,I,175,8,183,1.20516400684675,1.20784498086797,0.00253610043437821
A1,ARX,I,175,9,184,1.21548590016698,1.21888811957072,0.0032560264244576
A1,ARX,I,175,10,185,1.22578943962123,1.23000603440505,0.00406907430314292
A1,ARX,I,175,11,186,1.23606241346981,1.24118739138639,0.00497612316619201
A1,ARX,I,175,12,187,1.24629264619928,1.25242037813262,0.00597753753902487
A1,ARX,I,175,13,188,1.25646801295297,1.26369270753563,0.00707315661743765
A1,ARX,I,175,14,189,1.26657645390125,1.27499162331049,0.00826228544567815
A1,ARX,I,182,1,183,1.20516400684675,1.20523194154072,3.34050127063729e-05
A1,ARX,I,182,2,184,1.21548590016698,1.21569165038113,8.07964634752498e-05
A1,ARX,I,182,3,185,1.22578943962123,1.22620440272025,0.000270406418620395
A1,ARX,I,182,4,186,1.23606241346981,1.23675906176028,0.000550853172735675
A1,ARX,I,182,5,187,1.24629264619928,1.24734407579759,0.000904392835547098
A1,ARX,I,182,6,188,1.25646801295297,1.2579474848397,0.00133119164970452
A1,ARX,I,182,7,189,1.26657645390125,1.26855692896964,0.0018309509514675
A1,ARX,I,182,8,190,1.27660598853486,1.2791596585216,0.00240290305190919
A1,ARX,I,182,9,191,1.28654472986418,1.28974254612648,0.00304580908188058
A1,ARX,I,182,10,192,1.29638089850771,1.30029210050069,0.00375795869158707
A1,ARX,I,182,11,193,1.30610283665291,1.31079448292825,0.00453717256607554
A1,ARX,I,182,12,194,1.31569902187308,1.32123552550527,0.00538080685530632
A1,ARX,I,182,13,195,1.32515808078369,1.33160075094706,0.00628575932335191
A1,ARX,I,182,14,196,1.33446880252212,1.34187539447924,0.0072484777551255
A1,ARX,I,189,1,190,1.27660598853486,1.27666092230133,3.30309341839591e-05
A1,ARX,I,189,2,191,1.28654472986418,1.2867086014517,6.03800982741672e-05
A1,ARX,I,189,3,192,1.29638089850771,1.29670636775644,0.000175180183204898
A1,ARX,I,189,4,193,1.30610283665291,1.30664080837149,0.000386537042720951
A1,ARX,I,189,5,194,1.31569902187308,1.31649824131274,0.00064664791727403
A1,ARX,I,189,6,195,1.32515808078369,1.3262647365991,0.000952957786317252
A1,ARX,I,189,7,196,1.33446880252212,1.33592613926088,0.00130252414493337
A1,ARX,I,189,8,197,1.34362015203474,1.34546809419839,0.00169202857264113
A1,ARX,I,189,9,198,1.35260128315563,1.35487607286407,0.00211779033396719
A1,ARX,I,189,10,199,1.36140155146149,1.36413540173009,0.00257578198812405
A1,ARX,I,189,11,200,1.37001052688734,1.37323129249109,0.00306164697278772
A1,ARX,I,189,12,201,1.37841800608823,1.38214887393953,0.00357071911424116
A1,ARX,I,189,13,202,1.38661402453226,1.39087322543804,0.0040980440031789
A1,ARX,I,189,14,203,1.39458886831049,1.39938941190083,0.00463840216231607
A1,ARX,I,196,1,197,1.34362015203474,1.34364999887988,3.11541006402022e-05
A1,ARX,I,196,2,198,1.35260128315563,1.3526874962682,3.76036533221762e-05
A1,ARX,I,196,3,199,1.36140155146149,1.36156701508662,6.11376937243964e-05
A1,ARX,I,196,4,200,1.37001052688734,1.37027420014765,0.000114063276834186
A1,ARX,I,196,5,201,1.37841800608823,1.37879465269002,0.000219673107013615
A1,ARX,I,196,6,202,1.38661402453226,1.38711396380785,0.000342019669071155
A1,ARX,I,196,7,203,1.39458886831049,1.39521774919912,0.000470039081882856
A1,ARX,I,196,8,204,1.40233308564988,1.40309168512443,0.00059886098803589
A1,ARX,I,196,9,205,1.40983749811549,1.41072154545591,0.000723439295497888
A1,ARX,I,196,10,206,1.41709321148877,1.4180932396841,0.000838579302137315
A1,ARX,I,196,11,207,1.42409162630897,1.42519285174001,0.000938965972147966
A1,ARX,I,196,12,208,1.43082444806518,1.43200667947897,0.00101919322350991
A1,ARX,I,196,13,209,1.43728369702703,1.43852127466309,0.00107379407537499
A1,ARX,I,196,14,210,1.44346171770221,1.44472348327002,0.00109727149481043
A1,ARX,I,203,1,204,1.40233308564988,1.40233088855883,2.87719231408986e-05
A1,ARX,I,203,2,205,1.40983749811549,1.40982603124348,2.99546634011426e-05
A1,ARX,I,203,3,206,1.41709321148877,1.41706039099002,3.24748922510949e-05
A1,ARX,I,203,4,207,1.42409162630897,1.42402024963002,3.69010777489693e-05
A1,ARX,I,203,5,208,1.43082444806518,1.4306921154121,5.02830354416068e-05
A1,ARX,I,203,6,209,1.43728369702703,1.43706276264128,8.51678587794447e-05
A1,ARX,I,203,7,210,1.44346171770221,1.44311927157362,0.000181058437455075
A1,ARX,I,203,8,211,1.44935118790974,1.44884906838574,0.000340084726389953
A1,ARX,I,203,9,212,1.45494512745826,1.45423996503177,0.000542517630170256
A1,ARX,I,203,10,213,1.46023690641888,1.45928019879542,0.000793491268466272
A1,ARX,I,203,11,214,1.46522025298301,1.46395847133975,0.00109803345459614
A1,ARX,I,203,12,215,1.46988926089567,1.46826398705498,0.00146103477676467
A1,ARX,I,203,13,216,1.4742383964556,1.47218649050259,0.00188721814980531
A1,ARX,I,203,14,217,1.47826250507376,1.47571630275385,0.00238110903096395
A1,ARX,I,210,1,211,1.44935118790974,1.44931571353249,3.29209066341941e-05
A1,ARX,I,210,2,212,1.45494512745826,1.45483331757253,4.3438765025203e-05
A1,ARX,I,210,3,213,1.46023690641888,1.46000257676057,9.26630851110555e-05
A1,ARX,I,210,4,214,1.46522025298301,1.46481199128484,0.000247247796367757
A1,ARX,I,210,5,215,1.46988926089567,1.46925055336653,0.000477196074662187
A1,ARX,I,210,6,216,1.4742383964556,1.47330778520351,0.00076864334480946
A1,ARX,I,210,7,217,1.47826250507376,1.47697377587172,0.00112634706590337
A1,ARX,I,210,8,218,1.48195681738257,1.4802392169822,0.00155484732204928
A1,ARX,I,210,9,219,1.48531695488855,1.48309543689397,0.00205843825820937
A1,ARX,I,210,10,220,1.48833893516169,1.48553443328677,0.00264114069305786
A1,ARX,I,210,11,221,1.49101917655545,1.48754890390316,0.0033066760932567
A1,ARX,I,210,12,222,1.4933545024517,1.48913227527627,0.00405844208717534
A1,ARX,I,210,13,223,1.49534214502563,1.49027872926829,0.00489948968814647
A1,ARX,I,210,14,224,1.49697974852621,1.49098322725436,0.00583250238793395
A1,ARX,I,217,1,218,1.48195681738257,1.4818923629508,3.63519343282579e-05
A1,ARX,I,217,2,219,1.48531695488855,1.48511870658143,7.25404373700821e-05
A1,ARX,I,217,3,220,1.48833893516169,1.48793291389852,0.000244896053006006
A1,ARX,I,217,4,221,1.49101917655545,1.49032703666682,0.000530741914701307
A1,ARX,I,217,5,222,1.4933545024517,1.49229383106211,0.000899046224272886
A1,ARX,I,217,6,223,1.49534214502563,1.49382678621908,0.00135355278399831
A1,ARX,I,217,7,224,1.49697974852621,1.49492015057394,0.00189765809034697
A1,ARX,I,217,8,225,1.49826537206819,1.49556895583774,0.00253439014974871
A1,ARX,I,217,9,226,1.49919749193245,1.495769038448,0.00326638932461478
A1,ARX,I,217,10,227,1.49977500337191,1.49551705835902,0.00409589134646542
A1,ARX,I,217,11,228,1.49999722192086,1.49481051504555,0.00502471261948282
A1,ARX,I,217,12,229,1.49986388420621,1.49364776060954,0.00605423792308781
A1,ARX,I,217,13,230,1.49937514825962,1.49202800989628,0.0071854106063729
A1,ARX,I,217,14,231,1.49853159333021,1.48995134754342,0.00841872535054512
A1,ARX,I,224,1,225,1.49826537206819,1.498180502799,3.85813409076063e-05
A1,ARX,I,224,2,226,1.49919749193245,1.49893928783124,0.000107287877161662
A1,ARX,I,224,3,227,1.49977500337191,1.49925177386047,0.000362851586400147
A1,ARX,I,224,4,228,1.49999722192086,1.49911444051672,0.000722401868720363
A1,ARX,I,224,5,229,1.49986388420621,1.49852459327612,0.00117895774692345
A1,ARX,I,224,6,230,1.49937514825962,1.49748037710075,0.00173453256164171
A1,ARX,I,224,7,231,1.49853159333021,1.49598078716928,0.00239071056581029
A1,ARX,I,224,8,232,1.49733421919804,1.49402567661885,0.00314863849489901
A1,ARX,I,224,9,233,1.49578444498915,1.49161576123662,0.0040090196894549
A1,ARX,I,224,10,234,1.49388410749365,1.4887526210571,0.0049721108151839
A1,ARX,I,224,11,235,1.49163545898872,1.48543869883987,0.006037721207888
A1,ARX,I,224,12,236,1.48904116456924,1.48167729542136,0.00720521485232439
A1,ARX,I,224,13,237,1.48610429898913,1.47747256195304,0.00847351498562283
A1,ARX,I,224,14,238,1.48282834301713,1.47282948905772,0.00984111129746732
A1,ARX,I,231,1,232,1.49733421919804,1.49723966424253,3.93460734354768e-05
A1,ARX,I,231,2,233,1.49578444498915,1.49549888755411,0.000129715751996129
A1,ARX,I,231,3,234,1.49388410749365,1.49330962585849,0.000416344507836768
A1,ARX,I,231,4,235,1.49163545898872,1.49067308047659,0.000804503697268618
A1,ARX,I,231,5,236,1.48904116456924,1.4875912911649,0.00129230790705147
A1,ARX,I,231,6,237,1.48610429898913,1.48406713283441,0.00187995675018276
A1,ARX,I,231,7,238,1.48282834301713,1.4801043092852,0.00256722687783161
A1,ARX,I,231,8,239,1.47921717931139,1.47570734397943,0.0033534770814109
A1,ARX,I,231,9,240,1.47527508781782,1.47088156789351,0.00423765583952482
A1,ARX,I,231,10,241,1.47100674069741,1.46563310450764,0.0052183112569885
A1,ARX,I,231,11,242,1.46641719678885,1.45996885200809,0.00629360332649759
A1,ARX,I,231,12,243,1.4615118956128,1.45389646279442,0.00746131842744189
A1,ARX,I,231,13,244,1.45629665092495,1.4474243203995,0.00871888596096183
A1,ARX,I,231,14,245,1.45077764382559,1.44056151394556,0.0100633970057906
A1,ARX,I,238,1,239,1.47921717931139,1.47912344703944,3.86476928068813e-05
A1,ARX,I,238,2,240,1.47527508781782,1.47499368964332,0.000128573021302083
A1,ARX,I,238,3,241,1.47100674069741,1.47044392553611,0.000408511002585449
A1,ARX,I,238,4,242,1.46641719678885,1.46547977228954,0.000783625771961416
A1,ARX,I,238,5,243,1.4615118956128,1.46010759442188,0.00125105083200345
A1,ARX,I,238,6,244,1.45629665092495,1.4543344849256,0.00180950626549197
A1,ARX,I,238,7,245,1.45077764382559,1.44816824433559,0.00245737188153583
A1,ARX,I,238,8,246,1.44496141543377,1.44161735744728,0.00319270317364362
A1,ARX,I,238,9,247,1.43885485913478,1.43469096780743,0.00401324907875933
A1,ARX,I,238,10,248,1.43246521241011,1.42739885011244,0.00491647141146106
A1,ARX,I,238,11,249,1.4258000482596,1.41975138066053,0.00589956583673039
A1,ARX,I,238,12,250,1.41886726622595,1.41175950601412,0.00695948423503029
A1,ARX,I,238,13,251,1.41167508303215,1.40343471003785,0.00809295830495229
A1,ARX,I,238,14,252,1.4042320228431,1.39478897948525,0.00929652424150065
A1,ARX,I,245,1,246,1.44496141543377,1.44487669841212,3.67396450873963e-05
A1,ARX,I,245,2,247,1.43885485913478,1.43860179977986,0.000109567398763916
A1,ARX,I,245,3,248,1.43246521241011,1.43196156121294,0.000354765901204343
A1,ARX,I,245,4,249,1.4258000482596,1.42496519874878,0.000686678908657011
A1,ARX,I,245,5,250,1.41886726622595,1.41762250387531,0.00109734274984408
A1,ARX,I,245,6,251,1.41167508303215,1.40994381454827,0.00158463516255188
A1,ARX,I,245,7,252,1.4042320228431,1.40193998467876,0.0021462253147729
A1,ARX,I,245,8,253,1.39654690716273,1.39362235224803,0.00277959559020151
A1,ARX,I,245,9,254,1.38862884437875,1.38500270621242,0.003482064231278
A1,ARX,I,245,10,255,1.38048721896748,1.37609325236619,0.00425080868447003
A1,ARX,I,245,11,256,1.3721316803713,1.36690657833344,0.00508288948939158
A1,ARX,I,245,12,257,1.3635721315622,1.35745561786244,0.00597527455152428
A1,ARX,I,245,13,258,1.35481871730476,1.3477536145969,0.00692486363765996
A1,ARX,I,245,14,259,1.34588181213261,1.33781408549821,0.00792851293377463
A1,ARX,I,252,1,253,1.39654690716273,1.39647561945817,3.40696199087412e-05
A1,ARX,I,252,2,254,1.38862884437875,1.38841670136117,8.44447331931058e-05
A1,ARX,I,252,3,255,1.38048721896748,1.38006652147167,0.00027863916743358
A1,ARX,I,252,4,256,1.3721316803713,1.37143672533023,0.000553775594405201
A1,ARX,I,252,5,257,1.3635721315622,1.36253931843019,0.000892540481597431
A1,ARX,I,252,6,258,1.35481871730476,1.35338663291737,0.00129274520321139
A1,ARX,I,252,7,259,1.34588181213261,1.34399129381698,0.00175213799014992
A1,ARX,I,252,8,260,1.33677200805254,1.33436618494621,0.00226842572493601
A1,ARX,I,252,9,261,1.32750010199087,1.32452441467001,0.00283929563580938
A1,ARX,I,252,10,262,1.31807708299694,1.31447928165482,0.00346243674994732
A1,ARX,I,252,11,263,1.30851411921893,1.30424424077193,0.00413556096938751
A1,ARX,I,252,12,264,1.29882254466736,1.29383286929768,0.00485642363785574
A1,ARX,I,252,13,265,1.28901384578205,1.28325883355253,0.00562284347210885
A1,ARX,I,252,14,266,1.2790996478184,1.27253585611499,0.00643272173765678
A1,ARX,I,259,1,260,1.33677200805254,1.33671405945334,3.11976102035989e-05
A1,ARX,I,259,2,261,1.32750010199087,1.3273278366297,6.41068927058742e-05
A1,ARX,I,259,3,262,1.31807708299694,1.31773572467136,0.000207189186760777
A1,ARX,I,259,4,263,1.30851411921893,1.30795047630558,0.000430463767558627
A1,ARX,I,259,5,264,1.29882254466736,1.29798498415223,0.000705390051330662
A1,ARX,I,259,6,265,1.28901384578205,1.28785224921558,0.00103045215714605
A1,ARX,I,259,7,266,1.2790996478184,1.27756534982133,0.00140419568803611
A1,ARX,I,259,8,267,1.26909170106918,1.26713741112162,0.00182524445088446
A1,ARX,I,259,9,268,1.25900186693807,1.25658157528445,0.00229231634364544
A1,ARX,I,259,10,269,1.24884210388156,1.24591097247705,0.00280423831684662
A1,ARX,I,259,11,270,1.23862445323577,1.23513869274541,0.00335996032387222
A1,ARX,I,259,12,271,1.22836102494516,1.22427775888421,0.00395856818246745
A1,ARX,I,259,13,272,1.21806398320974,1.21334110038342,0.00459929527820139
A1,ARX,I,259,14,273,1.20774553206814,1.20234152852928,0.00528153304913966
A1,ARX,I,266,1,267,1.26909170106918,1.26904250515848,2.87044795558781e-05
A1,ARX,I,266,2,268,1.25900186693807,1.25885502298344,5.38363789099895e-05
A1,ARX,I,266,3,269,1.24884210388156,1.24854980970318,0.000166618687462397
A1,ARX,I,266,4,270,1.23862445323577,1.23813945016969,0.000360371525749501
A1,ARX,I,266,5,271,1.22836102494516,1.22763647968137,0.000600967231076136
A1,ARX,I,266,6,272,1.21806398320974,1.21705335895336,0.000888108029510765
A1,ARX,I,266,7,273,1.20774553206814,1.20640245012915,0.00122163456577333
A1,ARX,I,266,8,274,1.19741790093339,1.19569599390133,0.00160153432075444
A1,ARX,I,266,9,275,1.18709333009864,1.1849460878007,0.00202794883027898
A1,ARX,I,266,10,276,1.17678405622996,1.17416466570571,0.00250117967072643
A1,ARX,I,266,11,277,1.16650229786349,1.16336347861534,0.0030216931852312
A1,ARX,I,266,12,278,1.15626024092404,1.15255407672118,0.00359012393217889
A1,ARX,I,266,13,279,1.14607002428233,1.14174779280596,0.00420727684562626
A1,ARX,I,266,14,280,1.13594372536806,1.13095572698858,0.00487412810497971
A1,ARX,I,273,1,274,1.19741790093339,1.19736912178722,2.7097918031222e-05
A1,ARX,I,273,2,275,1.18709333009864,1.18694643095153,5.3993916540191e-05
A1,ARX,I,273,3,276,1.17678405622996,1.17648899044724,0.000177984791048698
A1,ARX,I,273,4,277,1.16650229786349,1.16600816502276,0.000378092361264469
A1,ARX,I,273,5,278,1.15626024092404,1.15551513595123,0.000630106320294426
A1,ARX,I,273,6,279,1.14607002428233,1.14502088492407,0.00093518274460063
A1,ARX,I,273,7,280,1.13594372536806,1.1345361791958,0.001294630727199
A1,ARX,I,273,8,281,1.12589334585572,1.12407155799391,0.00170991165509873
A1,ARX,I,273,9,282,1.11593079744024,1.11363732020037,0.0021826373046803
A1,ARX,I,273,10,283,1.10606788771925,1.10324351330523,0.00271456677162075
A1,ARX,I,273,11,284,1.09631630619878,1.09289992362606,0.00330760225808576
A1,ARX,I,273,12,285,1.08668761043881,1.08261606778157,0.00396378374566832
A1,ARX,I,273,13,286,1.07719321235531,1.07240118540191,0.00468528258792056
A1,ARX,I,273,14,287,1.06784436469485,1.06226423305288,0.00547439406135947
A1,ARX,I,280,1,281,1.12589334585572,1.12583441384457,2.67209940530298e-05
A1,ARX,I,280,2,282,1.11593079744024,1.11575200757617,7.49476502898768e-05
A1,ARX,I,280,3,283,1.10606788771925,1.10570619105766,0.000252793890451273
A1,ARX,I,280,4,284,1.09631630619878,1.0957064060617,0.00050198016684696
A1,ARX,I,280,5,285,1.08668761043881,1.08576184334349,0.000818824455737245
A1,ARX,I,280,6,286,1.07719321235531,1.07588143549306,0.00120580519316344
A1,ARX,I,280,7,287,1.06784436469485,1.06607385091557,0.00166550585669217
A1,ARX,I,280,8,288,1.05865214769784,1.05634748891519,0.00220060654529936
A1,ARX,I,280,9,289,1.04962745596627,1.04671047585435,0.0028138746882784
A1,ARX,I,280,10,290,1.04078098555142,1.03717066235626,0.00350815493077956
A1,ARX,I,280,11,291,1.03212322127695,1.02773562151533,0.00428635824664752
A1,ARX,I,280,12,292,1.02366442431226,1.0184126480772,0.00515145033193568
A1,ARX,I,280,13,293,1.015414620011,1.00920875854736,0.00610643933474876
A1,ARX,I,280,14,294,1.00738358602903,1.00013069218536,0.00715436297898433
A1,ARX,I,287,1,288,1.05865214769784,1.05857252987857,3.05312157284157e-05
A1,ARX,I,287,2,289,1.04962745596627,1.04938543889776,0.000139441123424379
A1,ARX,I,287,3,290,1.04078098555142,1.04029056902441,0.000388727214773034
A1,ARX,I,287,4,291,1.03212322127695,1.03129514210409,0.000727266648175923
A1,ARX,I,287,5,292,1.02366442431226,1.02240612362239,0.00115835441931256
A1,ARX,I,287,6,293,1.015414620011,1.01363022261262,0.00168530618582274
A1,ARX,I,287,7,294,1.00738358602903,1.00497389236608,0.00231144567491357
A1,ARX,I,287,8,295,0.99958084073594,0.996443331904845,0.00304009162204871
A1,ARX,I,287,9,296,0.992015631933907,0.988044488175231,0.00387454429605071
A1,ARX,I,287,10,297,0.984696925897211,0.979783058916311,0.00481807166990973
A1,ARX,I,287,11,298,0.977633396745422,0.971664496161345,0.00587389529217555
A1,ARX,I,287,12,299,0.970833416162837,0.96369401033256,0.00704517591122941
A1,ARX,I,287,13,300,0.964305043476386,0.955876574880282,0.00833499891360612
A1,ARX,I,287,14,301,0.958056016103717,0.948216931422333,0.0097463596322032
A1,ARX,I,294,1,295,0.99958084073594,0.999472902821474,3.97427269627332e-05
A1,ARX,I,294,2,296,0.992015631933907,0.991688096717934,0.000230743478008634
A1,ARX,I,294,3,297,0.984696925897211,0.984034470922421,0.000566406913029737
A1,ARX,I,294,4,298,0.977633396745422,0.976517108672043,0.00102097020555865
A1,ARX,I,294,5,299,0.970833416162837,0.969140876808532,0.0015979377202448
A1,ARX,I,294,6,300,0.964305043476386,0.961910429812825,0.00230071384637158
A1,ARX,I,294,7,301,0.958056016103717,0.9548302142645,0.00313258898607607
A1,ARX,I,294,8,302,0.952093740382827,0.947904473687962,0.00409672553732103
A1,ARX,I,294,9,303,0.946425282794081,0.941137253747482,0.00519614392036211
A1,ARX,I,294,10,304,0.941057361585027,0.934532407753635,0.00643370869558313
A1,ARX,I,294,11,305,0.93599633880794,0.928093602444216,0.00781211481956004
A1,ARX,I,294,12,306,0.931248212779527,0.921824324003373,0.00933387408503768
A1,ARX,I,294,13,307,0.926818610971735,0.915727884283458,0.0110013017892664
A1,ARX,I,294,14,308,0.922712783342072,0.909807427194971,0.0128165036737627
A1,ARX,I,301,1,302,0.952093740382827,0.951955788132714,5.47260771535613e-05
A1,ARX,I,301,2,303,0.946425282794081,0.946007978409605,0.000324157250828287
A1,ARX,I,301,3,304,0.941057361585027,0.940216040316923,0.000748739776887464
A1,ARX,I,301,4,305,0.93599633880794,0.934583266776251,0.00132104032324067
A1,ARX,I,301,5,306,0.931248212779527,0.929112795326857,0.00204391935991959
A1,ARX,I,301,6,307,0.926818610971735,0.923807613340789,0.00292001669464131
A1,ARX,I,301,7,308,0.922712783342072,0.918670563345927,0.0039517394795588
A1,ARX,I,301,8,309,0.918935596111371,0.913704348429245,0.00514125058520646
A1,ARX,I,301,9,310,0.915491525996349,0.908911537693443,0.0064904573758991
A1,ARX,I,301,10,311,0.912384654903811,0.904294571740889,0.00800100091943023
A1,ARX,I,301,11,312,0.909618665092781,0.899855768159767,0.00967424566251865
A1,ARX,I,301,12,313,0.90719683481029,0.895597326988116,0.0115112696020069
A1,ARX,I,301,13,314,0.905122034406005,0.891521336132371,0.013512854980416
A1,ARX,I,301,14,315,0.903396722930298,0.887629776717779,0.0156794795330594
A1,ARX,I,308,1,309,0.918935596111371,0.918774306420899,7.15518374460575e-05
A1,ARX,I,308,2,310,0.915491525996349,0.915005340526117,0.000394178341195558
A1,ARX,I,308,3,311,0.912384654903811,0.911407939117293,0.000885064430058429
A1,ARX,I,308,4,312,0.909618665092781,0.907984053160366,0.00154329875705673
A1,ARX,I,308,5,313,0.90719683481029,0.904735535326036,0.00237030671758751
A1,ARX,I,308,6,314,0.905122034406005,0.901664144094077,0.00336720001043943
A1,ARX,I,308,7,315,0.903396722930298,0.898771547746271,0.00453476924252044
A1,ARX,I,308,8,316,0.902022945219776,0.896059328231392,0.00587347714901373
A1,ARX,I,308,9,317,0.901002329473749,0.89352898488639,0.00738345244827587
A1,ARX,I,308,10,318,0.90033608532449,0.891181937998625,0.00906448434950322
A1,ARX,I,308,11,319,0.900025002403579,0.889019532194645,0.0109160177299498
A1,ARX,I,308,12,320,0.900069449406033,0.88704303964168,0.0129371489972453
A1,ARX,I,308,13,321,0.900469373653331,0.88525366304859,0.0151266226511603
A1,ARX,I,308,14,322,0.901224301155846,0.883652538453629,0.0174828285579956
A1,ARX,I,315,1,316,0.902022945219776,0.901853896875478,7.70286499642676e-05
A1,ARX,I,315,2,317,0.901002329473749,0.900494686443728,0.000414440669801393
A1,ARX,I,315,3,318,0.90033608532449,0.899320152477315,0.000922845179894378
A1,ARX,I,315,4,319,0.900025002403579,0.898331288439512,0.00160072171226652
A1,ARX,I,315,5,320,0.900069449406033,0.897529022092153,0.00244751111272821
A1,ARX,I,315,6,321,0.900469373653331,0.896914216935234,0.00346229712232274
A1,ARX,I,315,7,322,0.901224301155846,0.896487673400345,0.00464380524618988
A1,ARX,I,315,8,323,0.90233333717462,0.896250129790458,0.0059904023754504
A1,ARX,I,315,9,324,0.903795167281804,0.896202262959224,0.00750009716826533
A1,ARX,I,315,10,325,0.905608058918517,0.896344688723709,0.0091705411949081
A1,ARX,I,315,11,326,0.907769863448274,0.89667796200519,0.0109990308503642
A1,ARX,I,315,12,327,0.910278018703543,0.897202576693422,0.0129825100366292
A1,ARX,I,315,13,328,0.913129552022428,0.897918965230563,0.0151175736154854
A1,ARX,I,315,14,329,0.916321083771857,0.89882749791179,0.0174004716311335
A1,ARX,I,322,1,323,0.90233333717462,0.902178180045344,6.47312298386117e-05
A1,ARX,I,322,2,324,0.903795167281804,0.903331393430127,0.000367748567044536
A1,ARX,I,322,3,325,0.905608058918517,0.904684256930691,0.000827625807530979
A1,ARX,I,322,4,326,0.907769863448274,0.906237016921938,0.00143649824722911
A1,ARX,I,322,5,327,0.910278018703543,0.907989848528778,0.00219162858643424
A1,ARX,I,322,6,328,0.913129552022428,0.909942853303731,0.00308994261143583
A1,ARX,I,322,7,329,0.916321083771857,0.912096056587618,0.00412803535728253
A1,ARX,I,322,8,330,0.919848831353122,0.914449404555368,0.0053021780677974
A1,ARX,I,322,9,331,0.923708613685009,0.917002760949974,0.00660832594507576
A1,ARX,I,322,10,332,0.927895856159209,0.919755903508595,0.00804212667914301
A1,ARX,I,322,11,333,0.932405596062135,0.922708520085794,0.00959892974692129
A1,ARX,I,322,12,334,0.937232488456727,0.925860204479825,0.011273796468155
A1,ARX,I,322,13,335,0.942370812517259,0.929210451968836,0.0130615108044686
A1,ARX,I,322,14,336,0.947814478309656,0.932758654564692,0.0149565908863292
A1,ARX,I,329,1,330,0.919848831353122,0.919728907796731,4.38041083898734e-05
A1,ARX,I,329,2,331,0.923708613685009,0.923352708303739,0.000256242002659601
A1,ARX,I,329,3,332,0.927895856159209,0.927192062899861,0.000603708963196585
A1,ARX,I,329,4,333,0.932405596062135,0.931246435836588,0.0010586319517285
A1,ARX,I,329,5,334,0.937232488456727,0.93551517155082,0.00161632167775913
A1,ARX,I,329,6,335,0.942370812517259,0.939997487866867,0.00227183958838334
A1,ARX,I,329,7,336,0.947814478309656,0.944692468870835,0.00302001177496162
A1,ARX,I,329,8,337,0.953557034009276,0.94959905746971,0.00385544363260494
A1,ARX,I,329,9,338,0.959591673547597,0.954716047648489,0.00477253525054951
A1,ARX,I,329,10,339,0.965911244678767,0.960042076439814,0.0057654975099274
A1,ARX,I,329,11,340,0.972508257456431,0.965575615621729,0.0068283688637183
A1,ARX,I,329,12,341,0.979374893110804,0.971314963160569,0.00795503277185018
A1,ARX,I,329,13,342,0.986503013315467,0.977258234417549,0.00913923576234913
A1,ARX,I,329,14,343,0.9938841698329,0.983403353139481,0.0103746060871142
A1,ARX,I,336,1,337,0.953557034009276,0.953486108727239,2.76182116994533e-05
A1,ARX,I,336,2,338,0.959591673547597,0.959384417865425,0.000103540208074411
A1,ARX,I,336,3,339,0.965911244678767,0.965507937772263,0.000298924188307287
A1,ARX,I,336,4,340,0.972508257456431,0.971855005886855,0.000548177658041479
A1,ARX,I,336,5,341,0.979374893110804,0.978423754157036,0.000845350114133344
A1,ARX,I,336,6,342,0.986503013315467,0.985212097868722,0.00118438818218184
A1,ARX,I,336,7,343,0.9938841698329,0.992217724213227,0.00155915669597127
A1,ARX,I,336,8,344,1.00150961452732,0.999438080622455,0.00196346037636132
A1,ARX,I,336,9,345,1.00937030973295,1.00687036290604,0.00239106606368739
A1,ARX,I,336,10,346,1.01745693896546,1.01451150322928,0.00283572545250905
A1,ARX,I,336,11,347,1.02575991796386,1.02235815797628,0.00329119827163384
A1,ARX,I,336,12,348,1.03426940604971,1.03040669554855,0.00375127584597515
A1,ARX,I,336,13,349,1.04297531779033,1.03865318415598,0.00420980497004497
A1,ARX,I,336,14,350,1.05186733495201,1.04709337966326,0.00466071201592588
A1,ARX,I,343,1,344,1.00150961452732,1.00148982209707,2.17474152537712e-05
A1,ARX,I,343,2,345,1.00937030973295,1.00931712479924,2.56111576730247e-05
A1,ARX,I,343,3,346,1.01745693896546,1.01736295285312,3.55399533217294e-05
A1,ARX,I,343,4,347,1.02575991796386,1.0256238841331,4.98446925095696e-05
A1,ARX,I,343,5,348,1.03426940604971,1.03409618578912,7.02905912554113e-05
A1,ARX,I,343,6,349,1.04297531779033,1.04277580053226,8.98999695923269e-05
A1,ARX,I,343,7,350,1.05186733495201,1.051658332963,9.67195564600478e-05
A1,ARX,I,343,8,351,1.06093491872914,1.06073903602228,8.59460101114447e-05
A1,ARX,I,343,9,352,1.07016732223487,1.07001279765238,5.90009874143495e-05
A1,ARX,I,343,10,353,1.07955360323821,1.07947412776169,3.0960820202904e-05
A1,ARX,I,343,11,354,1.0890826371328,1.08911714559316,2.50976104057307e-05
A1,ARX,I,343,12,355,1.09874313012177,1.09893556760091,8.08846321954006e-05
A1,ARX,I,343,13,356,1.10852363260311,1.10892269594315,0.000280084280857996
A1,ARX,I,343,14,357,1.11841255273977,1.11907140770145,0.000538787028542405
A1,ARX,I,350,1,351,1.06093491872914,1.06095757343902,2.30135114560554e-05
A1,ARX,I,350,2,352,1.07016732223487,1.07024091083065,2.89150601374848e-05
A1,ARX,I,350,3,353,1.07955360323821,1.07971184990843,6.11134736961949e-05
A1,ARX,I,350,4,354,1.0890826371328,1.08936450187266,0.000166206238319681
A1,ARX,I,350,5,355,1.09874313012177,1.09919257420994,0.000332741117812523
A1,ARX,I,350,6,356,1.10852363260311,1.10918935917646,0.000547961475211993
A1,ARX,I,350,7,357,1.11841255273977,1.11934772300913,0.000816326146185105
A1,ARX,I,350,8,358,1.12839817019821,1.12966009597732,0.00114198654067184
A1,ARX,I,350,9,359,1.13846865003941,1.14011846338768,0.00152876375765147
A1,ARX,I,350,10,360,1.14861205674556,1.15071435765301,0.0019801266280482
A1,ARX,I,350,11,361,1.15881636836602,1.16143885153408,0.00249917081126835
A1,ARX,I,350,12,362,1.16906949076577,1.17228255266059,0.00308859906837542
A1,ARX,I,350,13,363,1.1793592719593,1.18323559943465,0.00375070283197981
A1,ARX,I,350,14,364,1.18967351651318,1.19428765841659,0.00448734518986341
A1,AR,None,49,1,50,1.4966032770697,1.4968082196374,7.5421049320517e-05
A1,AR,None,49,2,51,1.49487796559399,1.49549183528681,0.00024210502038642
A1,AR,None,49,3,52,1.49280316518971,1.49402865097203,0.000529567784520247
A1,AR,None,49,4,53,1.49038133490722,1.49241949418793,0.00095038521056149
A1,AR,None,49,5,54,1.48761534509619,1.49066526979724,0.00154333871721406
A1,AR,None,49,6,55,1.48450847400365,1.48876695906844,0.00227899479122621
A1,AR,None,49,7,56,1.48106440388863,1.48672561863666,0.00315576277729821
A1,AR,None,49,8,57,1.47728721665793,1.48454237938947,0.0041717837984715
A1,AR,None,49,9,58,1.47318138902826,1.48221844527935,0.00532470058666589
A1,AR,None,49,10,59,1.46875178722047,1.47975509206504,0.00661173529897521
A1,AR,None,49,11,60,1.46400366119206,1.47715366598378,0.00802974047920734
A1,AR,None,49,12,61,1.45894263841497,1.47441558235686,0.0095752343842629
A1,AR,None,49,13,62,1.45357471720592,1.47154232413071,0.0112444267809705
A1,AR,None,49,14,63,1.44790625961717,1.46853544035604,0.0130332387228829
A1,AR,None,56,1,57,1.47728721665793,1.47750826301915,8.16376495313569e-05
A1,AR,None,56,2,58,1.47318138902826,1.47384167838627,0.000256743607934115
A1,AR,None,56,3,59,1.46875178722047,1.47006631851683,0.000553717975178517
A1,AR,None,56,4,60,1.46400366119206,1.46618389205537,0.000997037708645442
A1,AR,None,56,5,61,1.45894263841497,1.46219614632216,0.00160396019584136
A1,AR,None,56,6,62,1.45357471720592,1.45810486584932,0.00237363864080172
A1,AR,None,56,7,63,1.44790625961717,1.45391187089693,0.00328931816806954
A1,AR,None,56,8,64,1.44194398389628,1.44961901595125,0.00434790349288076
A1,AR,None,56,9,65,1.43569495652361,1.44522818820685,0.00554574194059398
A1,AR,None,56,10,66,1.42916658383716,1.44074130603477,0.00687871726249051
A1,AR,None,56,11,67,1.42236660325458,1.43616031743876,0.00834231184012168
A1,AR,None,56,12,68,1.41530307410279,1.43148719850131,0.00993165039267421
A1,AR,None,56,13,69,1.40798436806609,1.42672395182177,0.0116415323521667
A1,AR,None,56,14,70,1.40041915926406,1.4218726049483,0.0134664570408176
A1,AR,None,63,1,64,1.44194398389628,1.44216024288026,8.03110270423642e-05
A1,AR,None,63,2,65,1.43569495652361,1.43633889928514,0.00024450398037272
A1,AR,None,63,3,66,1.42916658383716,1.43044447215645,0.000517627025303958
A1,AR,None,63,4,67,1.42236660325458,1.42447921432394,0.000930934029334486
A1,AR,None,63,5,68,1.41530307410279,1.41844538660622,0.00146809908002338
A1,AR,None,63,6,69,1.40798436806609,1.41234525630922,0.00218123711610894
A1,AR,None,63,7,70,1.40041915926406,1.40618109574096,0.00302757413129199
A1,AR,None,63,8,71,1.39261641397097,1.39995518074404,0.00400264011797768
A1,AR,None,63,9,72,1.384585379989,1.39366978924719,0.00510139584085564
A1,AR,None,63,10,73,1.37633557568774,1.38732719983718,0.00631833702923157
A1,AR,None,63,11,74,1.36787677872305,1.38092969035249,0.00764756439892727
A1,AR,None,63,12,75,1.35921901444858,1.37447953649987,0.00908283357172614
A1,AR,None,63,13,76,1.35037254403373,1.36797901049495,0.010617592604597
A1,AR,None,63,14,77,1.34134785230216,1.36143037972808,0.0122450115941032
A1,AR,None,70,1,71,1.39261641397097,1.39280855150879,7.20239627078802e-05
A1,AR,None,70,2,72,1.384585379989,1.38515520024541,0.000208006370596687
A1,AR,None,70,3,73,1.37633557568774,1.37746174521732,0.000440621473979317
A1,AR,None,70,4,74,1.36787677872305,1.3697308090282,0.000759375790855398
A1,AR,None,70,5,75,1.35921901444858,1.36196499574641,0.00120290797369533
A1,AR,None,70,6,76,1.35037254403373,1.35416688955231,0.00174093626919641
A1,AR,None,70,7,77,1.34134785230216,1.34633905342943,0.00239795059084256
A1,AR,None,70,8,78,1.33215563530515,1.33848402790007,0.00317492087116155
A1,AR,None,70,9,79,1.32280678764469,1.33060432980585,0.00404473800120347
A1,AR,None,70,10,80,1.31331238956119,1.32270245113379,0.00500070127956507
A1,AR,None,70,11,81,1.30368369380122,1.31478085788824,0.00603575446287114
A1,AR,None,70,12,82,1.29393211228075,1.30684198900903,0.00714253899023285
A1,AR,None,70,13,83,1.28406920255976,1.29888825533615,0.00831343455587521
A1,AR,None,70,14,84,1.27410665414428,1.29092203862104,0.00954059152933705
A1,AR,None,77,1,78,1.33215563530515,1.33230676992969,5.76749725970857e-05
A1,AR,None,77,2,79,1.32280678764469,1.32325230116283,0.000164968129568088
A1,AR,None,77,3,80,1.31331238956119,1.31418740863232,0.000319440802247407
A1,AR,None,77,4,81,1.30368369380122,1.30511501210237,0.000547526529738575
A1,AR,None,77,5,82,1.29393211228075,1.29603798729098,0.000832570643384058
A1,AR,None,77,6,83,1.28406920255976,1.28695916476143,0.00116919318098085
A1,AR,None,77,7,84,1.27410665414428,1.27788132888442,0.00157839953361781
A1,AR,None,77,8,85,1.26405627463194,1.26880721687063,0.00204908891085424
A1,AR,None,77,9,86,1.25392997571767,1.25973951787309,0.0025649189596065
A1,AR,None,77,10,87,1.24373975907596,1.25068087215879,0.00311968327371546
A1,AR,None,77,11,88,1.23349770213651,1.24163387034888,0.00370698203675492
A1,AR,None,77,12,89,1.22321594377004,1.23260105272661,0.00432025578900248
A1,AR,None,77,13,90,1.21290666990136,1.22358490861217,0.0049528121447153
A1,AR,None,77,14,91,1.20258209906661,1.21458787580354,0.00559784793790455
A1,AR,None,84,1,85,1.26405627463194,1.26415300266519,4.03959914793929e-05
A1,AR,None,84,2,86,1.25392997571767,1.25421155354876,0.000108004224985296
A1,AR,None,84,3,87,1.24373975907596,1.24428554432709,0.000205715137806628
A1,AR,None,84,4,88,1.23349770213651,1.2343781436683,0.000328454710702649
A1,AR,None,84,5,89,1.22321594377004,1.2244924505108,0.000473046085013505
A1,AR,None,84,6,90,1.21290666990136,1.21463149330005,0.000636315928557379
A1,AR,None,84,7,91,1.20258209906661,1.20479822932593,0.000815082003013971
A1,AR,None,84,8,92,1.19225446793186,1.19499554415896,0.00100614876687677
A1,AR,None,84,9,93,1.18193601679026,1.18522625118319,0.00120630684663713
A1,AR,None,84,10,94,1.17163897505484,1.17549309122383,0.00141233454001922
A1,AR,None,84,11,95,1.16137554676423,1.16579873226725,0.00162100047122601
A1,AR,None,84,12,96,1.15115789611844,1.156145769271,0.00182906693971017
A1,AR,None,84,13,97,1.14099813306193,1.14653672406163,0.002033293705831
A1,AR,None,84,14,98,1.13090829893082,1.13697404531767,0.00223044206057357
A1,AR,None,91,1,92,1.19225446793186,1.19228753532733,2.7702362002925e-05
A1,AR,None,91,2,93,1.18193601679026,1.18202648698701,6.39416037375767e-05
A1,AR,None,91,3,94,1.17163897505484,1.17180236987837,0.000108528307676159
A1,AR,None,91,4,95,1.16137554676423,1.16161850680128,0.000159517946969181
A1,AR,None,91,5,96,1.15115789611844,1.15147812709846,0.000215259746736604
A1,AR,None,91,6,97,1.14099813306193,1.14138436636538,0.000274267051773377
A1,AR,None,91,7,98,1.13090829893082,1.13134026629063,0.000335152432374895
A1,AR,None,91,8,99,1.1209003521816,1.1213487746228,0.000396593865127945
A1,AR,None,91,9,100,1.11098615421795,1.11141274525985,0.000457315840377698
A1,AR,None,91,10,101,1.10117745533264,1.10153493845686,0.000516078283151994
A1,AR,None,91,11,102,1.09148588078107,1.09171802114789,0.000571669883663422
A1,AR,None,91,12,103,1.08192291700306,1.08196456737774,0.000622904071300857
A1,AR,None,91,13,104,1.07249989800913,1.07227705883913,0.000718136467054662
A1,AR,None,91,14,105,1.06322799194746,1.06265788551099,0.000834354848791982
A1,AR,None,98,1,99,1.1209003521816,1.12086476609804,2.2359624141192e-05
A1,AR,None,98,2,100,1.11098615421795,1.1108710563642,5.39746051591942e-05
A1,AR,None,98,3,101,1.10117745533264,1.10093058172979,9.69026907274961e-05
A1,AR,None,98,4,102,1.09148588078107,1.09104664435695,0.000167791302033212
A1,AR,None,98,5,103,1.08192291700306,1.08122243669247,0.000262418319079839
A1,AR,None,98,6,104,1.07249989800913,1.07146104174638,0.000383451514109706
A1,AR,None,98,7,105,1.06322799194746,1.06176543352,0.000533556877436713
A1,AR,None,98,8,106,1.05411818786739,1.05213847757766,0.000762685876486807
A1,AR,None,98,9,107,1.04518128269524,1.04258293175581,0.00104552994679346
A1,AR,None,98,10,108,1.0364278684378,1.03310144700333,0.00143478373785845
A1,AR,None,98,11,109,1.0278683196287,1.02369656834696,0.00192573291775094
A1,AR,None,98,12,110,1.01951278103252,1.01437073597541,0.00258418518264552
A1,AR,None,98,13,111,1.01137115562125,1.00512628643606,0.00337946468296709
A1,AR,None,98,14,112,1.00345309283727,0.995965453937758,0.0043046992161155
A1,AR,None,105,1,106,1.05411818786739,1.05401297144984,4.05212726453268e-05
A1,AR,None,105,2,107,1.04518128269524,1.04485810969128,0.000151843182249022
A1,AR,None,105,3,108,1.0364278684378,1.03576656681645,0.000375028674229251
A1,AR,None,105,4,109,1.0278683196287,1.02674139042335,0.000708584914851974
A1,AR,None,105,5,110,1.01951278103252,1.01778551620683,0.00116190583239356
A1,AR,None,105,6,111,1.01137115562125,1.00890176875478,0.00174368757220469
A1,AR,None,105,7,112,1.00345309283727,1.00009286248977,0.00246213527448156
A1,AR,None,105,8,113,0.995767977156895,0.991361402748864,0.00332506824298546
A1,AR,None,105,9,114,0.988324916967847,0.98270988699431,0.00433997622656764
A1,AR,None,105,10,115,0.981132733774054,0.974140706147751,0.00551405010166104
A1,AR,None,105,11,116,0.974199951740398,0.965656146040765,0.00685419813953741
A1,AR,None,105,12,117,0.967534787589888,0.957258388974412,0.00836705368549306
A1,AR,None,105,13,118,0.961145140865215,0.948949515380625,0.0100589775015711
A1,AR,None,105,14,119,0.955038584566225,0.940731505578334,0.0119360566936531
A1,AR,None,112,1,113,0.995767977156895,0.9955960101333,0.000105274379173087
A1,AR,None,112,2,114,0.988324916967847,0.987802667363052,0.00037345882618276
A1,AR,None,112,3,115,0.981132733774054,0.980075725869703,0.000808676330918838
A1,AR,None,112,4,116,0.974199951740398,0.972417749284551,0.00141968424729922
A1,AR,None,112,5,117,0.967534787589888,0.964831204453251,0.00221414983821279
A1,AR,None,112,6,118,0.961145140865215,0.957318462482883,0.00319901760431172
A1,AR,None,112,7,119,0.955038584566225,0.949881799903112,0.00438069158800563
A1,AR,None,112,8,120,0.949222356174409,0.942523399934722,0.005765128790147
A1,AR,None,112,9,121,0.943703349075052,0.935245353858835,0.00735788983300019
A1,AR,None,112,10,122,0.938488104387204,0.92804966248017,0.00916416726575905
A1,AR,None,112,11,123,0.933582803211152,0.920938237677774,0.0111888013166503
A1,AR,None,112,12,124,0.928993259302595,0.913912904036739,0.0134362882044604
A1,AR,None,112,13,125,0.924724912182182,0.906975400554498,0.0159107838647617
A1,AR,None,112,14,126,0.920782820688606,0.900127382415438,0.0186161047786158
A1,AR,None,119,1,120,0.949222356174409,0.948990817300708,0.000157763866023918
A1,AR,None,119,2,121,0.943703349075052,0.943003896366759,0.000534953356386201
A1,AR,None,119,3,122,0.938488104387204,0.937079808975747,0.00113386626427757
A1,AR,None,119,4,123,0.933582803211152,0.931220473021464,0.00196186147858802
A1,AR,None,119,5,124,0.928993259302595,0.925427737925435,0.00302502045191871
A1,AR,None,119,6,125,0.924724912182182,0.919703385553804,0.00432855908128979
A1,AR,None,119,7,126,0.920782820688606,0.91404913120117,0.00587703461465267
A1,AR,None,119,8,127,0.917171656982874,0.908466624636861,0.00767445401795986
A1,AR,None,119,9,128,0.913895701010866,0.902957451209123,0.00972433493779484
A1,AR,None,119,10,129,0.910958835430755,0.897523133002787,0.0120297418778392
A1,AR,None,119,11,130,0.908364541011282,0.892165130046044,0.0145933084638321
A1,AR,None,119,12,131,0.906115892506353,0.886884841562025,0.0174172514679133
A1,AR,None,119,13,132,0.904215555010851,0.881683607260955,0.0205033797578829
A1,AR,None,119,14,133,0.902665780801964,0.876562708668782,0.0238531000406608
A1,AR,None,126,1,127,0.917171656982874,0.916893200005528,0.000187612606107052
A1,AR,None,126,2,128,0.913895701010866,0.913057320836169,0.000635752897448388
A1,AR,None,126,3,129,0.910958835430755,0.909276414896142,0.00134423828150843
A1,AR,None,126,4,130,0.908364541011282,0.905551675392152,0.00231912592610327
A1,AR,None,126,5,131,0.906115892506353,0.901884257528556,0.00356490357740696
A1,AR,None,126,6,132,0.904215555010851,0.898275279039638,0.00508500071597986
A1,AR,None,126,7,133,0.902665780801964,0.894725820745451,0.00688204824469582
A1,AR,None,126,8,134,0.901468406669791,0.891236927129127,0.0089580171428148
A1,AR,None,126,9,135,0.900624851740382,0.887809606933578,0.0113142988639814
A1,AR,None,126,10,136,0.900136115793793,0.88444483377555,0.0139517552504796
A1,AR,None,126,11,137,0.900002778079143,0.881143546775039,0.0168707513134219
A1,AR,None,126,12,138,0.900224996628095,0.877906651198086,0.020071177836776
A1,AR,None,126,13,139,0.900802508067553,0.874735019111066,0.0235524676857222
A1,AR,None,126,14,140,0.901734627931814,0.871629490044567,0.0273136081076721
A1,AR,None,133,1,134,0.901468406669791,0.901162164341164,0.000195239893462866
A1,AR,None,133,2,135,0.900624851740382,0.89970517787197,0.000671734332065318
A1,AR,None,133,3,136,0.900136115793793,0.898295275534361,0.00142642367756239
A1,AR,None,133,4,137,0.900002778079143,0.896932893518087,0.00246393761275078
A1,AR,None,133,5,138,0.900224996628095,0.895618450215896,0.00378705312059692
A1,AR,None,133,6,139,0.900802508067553,0.894352346376115,0.00539731768146214
A1,AR,None,133,7,140,0.901734627931814,0.893134965254069,0.00729536818986107
A1,AR,None,133,8,141,0.903020251473794,0.891966672761822,0.00948110322778446
A1,AR,None,133,9,142,0.904657854974372,0.890847817615748,0.0119537847434766
A1,AR,None,133,10,143,0.906645497548303,0.889778731481462,0.0147121027719989
A1,AR,None,133,11,144,0.908980823444548,0.888759729115649,0.017754219355269
A1,AR,None,133,12,145,0.91166106483831,0.887791108504369,0.0210778000753305
A1,AR,None,133,13,146,0.914683045111454,0.886873150997411,0.0246800378878283
A1,AR,None,133,14,147,0.918043182617431,0.88600612143831,0.0285576720155601
A1,AR,None,140,1,141,0.903020251473794,0.902710901399733,0.000178722070311976
A1,AR,None,140,2,142,0.904657854974372,0.903731002914738,0.000634330307657309
A1,AR,None,140,3,143,0.906645497548303,0.904794591441797,0.0013607180085536
A1,AR,None,140,4,144,0.908980823444548,0.905901310387645,0.00236093325263337
A1,AR,None,140,5,145,0.91166106483831,0.907050787520192,0.00363595938550664
A1,AR,None,140,6,146,0.914683045111454,0.908242634887484,0.0051854400933381
A1,AR,None,140,7,147,0.918043182617431,0.909476448736624,0.00700805202085022
A1,AR,None,140,8,148,0.921737494926241,0.910751809433048,0.00910170732311453
A1,AR,None,140,9,149,0.9257616035444,0.9120682813806,0.0114636743807381
A1,AR,None,140,10,150,0.930110739104327,0.913425412942808,0.0140906556776199
A1,AR,None,140,11,151,0.934779747016991,0.914822736365845,0.016978841553277
A1,AR,None,140,12,152,0.939763093581121,0.916259767703593,0.0201239495599287
A1,AR,None,140,13,153,0.945054872541742,0.917736006745307,0.0235212548360288
A1,AR,None,140,14,154,0.950648812090257,0.919250936946343,0.0271656146771181
A1,AR,None,147,1,148,0.921737494926241,0.921451294634418,0.000138578386138401
A1,AR,None,147,2,149,0.9257616035444,0.924906209965738,0.000523681433467758
A1,AR,None,147,3,150,0.930110739104327,0.92840672480013,0.00114626615941146
A1,AR,None,147,4,151,0.934779747016991,0.931951602468237,0.00200776737618559
A1,AR,None,147,5,152,0.939763093581121,0.935539573227867,0.00310744103947369
A1,AR,None,147,6,153,0.945054872541742,0.939169334079687,0.00444316935343291
A1,AR,None,147,7,154,0.950648812090257,0.942839548615026,0.00601187551156552
A1,AR,None,147,8,155,0.956538282297791,0.946548846897444,0.00780974988594807
A1,AR,None,147,9,156,0.962716302972967,0.950295825379704,0.00983238556294566
A1,AR,None,147,10,157,0.969175551934819,0.954079046857781,0.0120748664547153
A1,AR,None,147,11,158,0.975908373691033,0.957897040463524,0.0145318286951143
A1,AR,None,147,12,159,0.982906788511226,0.961748301697525,0.0171975060686476
A1,AR,None,147,13,160,0.990162501884506,0.965631292503789,0.0200657654384936
A1,AR,None,147,14,161,0.997666914350116,0.969544441387674,0.0231301356725454
A1,AR,None,154,1,155,0.956538282297791,0.956297013060758,9.64145710852411e-05
A1,AR,None,154,2,156,0.962716302972967,0.961997292873174,0.000356103153033686
A1,AR,None,154,3,157,0.969175551934819,0.967747402166748,0.000815782300602122
A1,AR,None,154,4,158,0.975908373691033,0.973545024525096,0.00145947508674049
A1,AR,None,154,5,159,0.982906788511226,0.979387776299101,0.00228507327209319
A1,AR,None,154,6,160,0.990162501884506,0.985273206531839,0.00328913248108539
A1,AR,None,154,7,161,0.997666914350116,0.991198796989669,0.00446731617916232
A1,AR,None,154,8,162,1.00541113168951,0.997161962303508,0.00581463816650331
A1,AR,None,154,9,163,1.01338597546774,1.00316005022419,0.0073256082868173
A1,AR,None,154,10,164,1.02158199391177,1.00919034199568,0.00899432752905464
A1,AR,None,154,11,165,1.02998947311266,1.01525005284977,0.0108145546044095
A1,AR,None,154,12,166,1.03859844853851,1.02133633262573,0.0127797554373604
A1,AR,None,154,13,167,1.04739871684437,1.02744626651806,0.0148831419059033
A1,AR,None,154,14,168,1.05637984796526,1.03357687595561,0.0171177035374825
A1,AR,None,161,1,162,1.00541113168951,1.00522648203756,6.81362461500276e-05
A1,AR,None,161,2,163,1.01338597546774,1.012837675725,0.000214310757070477
A1,AR,None,161,3,164,1.02158199391177,1.02049685461805,0.000462692298954127
A1,AR,None,161,4,165,1.02998947311266,1.02820026662655,0.000827196814293022
A1,AR,None,161,5,166,1.03859844853851,1.03594404886685,0.00132997755068705
A1,AR,None,161,6,167,1.04739871684437,1.04372422839725,0.00195229806199295
A1,AR,None,161,7,168,1.05637984796526,1.05153672319412,0.00268397418986011
A1,AR,None,161,8,169,1.06553119747788,1.05937734337537,0.00351974217073655
A1,AR,None,161,9,170,1.0748419192163,1.067241792678,0.00445395815306027
A1,AR,None,161,10,171,1.08430097812692,1.07512567019543,0.00548069717913268
A1,AR,None,161,11,172,1.09389716334709,1.08302447238027,0.0065938223367691
A1,AR,None,161,12,173,1.10361910149229,1.09093359531726,0.00778703597405769
A1,AR,None,161,13,174,1.11345527013582,1.09884833727055,0.00905391955166312
A1,AR,None,161,14,175,1.12339401146514,1.10676390150901,0.0103879659713426
A1,AR,None,168,1,169,1.06553119747788,1.06540221771919,4.98795182279367e-05
A1,AR,None,168,2,170,1.0748419192163,1.07446050046226,0.000142737796203242
A1,AR,None,168,3,171,1.08430097812692,1.0835492174665,0.000277015461120252
A1,AR,None,168,4,172,1.09389716334709,1.09266273925598,0.000450636005102747
A1,AR,None,168,5,173,1.10361910149229,1.10179528836607,0.000687239749774573
A1,AR,None,168,6,174,1.11345527013582,1.11094094253452,0.00097229268598676
A1,AR,None,168,7,175,1.12339401146514,1.12009363833252,0.00130046718904719
A1,AR,None,168,8,176,1.13342354609875,1.12924717524203,0.00166893359289645
A1,AR,None,168,9,177,1.14353198704703,1.13839522018502,0.00207481085225442
A1,AR,None,168,10,178,1.15370735380072,1.1475313125083,0.00251860049328344
A1,AR,None,168,11,179,1.16393758653019,1.15664886942675,0.00301944345699369
A1,AR,None,168,12,180,1.17421056037877,1.16574119192582,0.00355054857813698
A1,AR,None,168,13,181,1.18451409983302,1.17480147112284,0.00410798796170151
A1,AR,None,168,14,182,1.19483599315325,1.18382279508489,0.00468786578107552
A1,AR,None,175,1,176,1.13342354609875,1.13333856659008,4.3275494320817e-05
A1,AR,None,175,2,177,1.14353198704703,1.14328147207453,0.000104537502431321
A1,AR,None,175,3,178,1.15370735380072,1.15321509709584,0.000191650239748152
A1,AR,None,175,4,179,1.16393758653019,1.16313165025837,0.000309509750466734
A1,AR,None,175,5,180,1.17421056037877,1.17302318705227,0.000451807409808932
A1,AR,None,175,6,181,1.18451409983302,1.18288161795796,0.000617083357942123
A1,AR,None,175,7,182,1.19483599315325,1.19269871719472,0.000803937121932252
A1,AR,None,175,8,183,1.20516400684675,1.20246613210926,0.00101101934892018
A1,AR,None,175,9,184,1.21548590016698,1.21217539319695,0.00123702751283755
A1,AR,None,175,10,185,1.22578943962123,1.22181792474638,0.00148070359784371
A1,AR,None,175,11,186,1.23606241346981,1.23138505609435,0.00174083280577345
A1,AR,None,175,12,187,1.24629264619928,1.24086803347608,0.00201624279566704
A1,AR,None,175,13,188,1.25646801295297,1.2502580324523,0.00230580318435882
A1,AR,None,175,14,189,1.26657645390125,1.25954617089176,0.00260842515106795
A1,AR,None,182,1,183,1.20516400684675,1.20510636541861,4.16903317493938e-05
A1,AR,None,182,2,184,1.21548590016698,1.2153156901954,9.88785608455821e-05
A1,AR,None,182,3,185,1.22578943962123,1.22545431239467,0.000172784098997715
A1,AR,None,182,4,186,1.23606241346981,1.23551246178119,0.000262029395053835
A1,AR,None,182,5,187,1.24629264619928,1.24548026724003,0.000365651139160615
A1,AR,None,182,6,188,1.25646801295297,1.2553477717775,0.000482919798843525
A1,AR,None,182,7,189,1.26657645390125,1.26510494822954,0.000613247607476421
A1,AR,None,182,8,190,1.27660598853486,1.27474171564619,0.000756139319958557
A1,AR,None,182,9,191,1.28654472986418,1.28424795631717,0.000911163440654779
A1,AR,None,182,10,192,1.29638089850771,1.29361353339942,0.00108521236370349
A1,AR,None,182,11,193,1.30610283665291,1.30282830910369,0.00127988875849023
A1,AR,None,182,12,194,1.31569902187308,1.31188216339334,0.00148776228698149
A1,AR,None,182,13,195,1.32515808078369,1.32076501314502,0.00170836319481927
A1,AR,None,182,14,196,1.33446880252212,1.32946683171712,0.00194125745500564
A1,AR,None,189,1,190,1.27660598853486,1.27656103698675,4.17407555159276e-05
A1,AR,None,189,2,191,1.28654472986418,1.28641085048728,9.80682558885541e-05
A1,AR,None,189,3,192,1.29638089850771,1.29611495523712,0.000170419956891709
A1,AR,None,189,4,193,1.30610283665291,1.30566240500986,0.000257525881269738
A1,AR,None,189,5,194,1.31569902187308,1.31504226750968,0.00035854560640034
A1,AR,None,189,6,195,1.32515808078369,1.32424364591249,0.000472878719672314
A1,AR,None,189,7,196,1.33446880252212,1.33325570089424,0.000600067856956954
A1,AR,None,189,8,197,1.34362015203474,1.34206767307925,0.000739746510503732
A1,AR,None,189,9,198,1.35260128315563,1.350668905838,0.000891608292566911
A1,AR,None,189,10,199,1.36140155146149,1.35904886835955,0.00105538739567437
A1,AR,None,189,11,200,1.37001052688734,1.36719717892129,0.0012308453597664
A1,AR,None,189,12,201,1.37841800608823,1.37510362827494,0.00141776162349361
A1,AR,None,189,13,202,1.38661402453226,1.38275820306568,0.00161592646934428
A1,AR,None,189,14,203,1.39458886831049,1.39015110919895,0.00182513555404996
A1,AR,None,196,1,197,1.34362015203474,1.34358033401608,4.24351317789395e-05
A1,AR,None,196,2,198,1.35260128315563,1.35248156614698,9.92409741485993e-05
A1,AR,None,196,3,199,1.36140155146149,1.36116150644695,0.000171992184588442
A1,AR,None,196,4,200,1.37001052688734,1.3696093035142,0.000259456705852988
A1,AR,None,196,5,201,1.37841800608823,1.37781427160347,0.00036084266264556
A1,AR,None,196,6,202,1.38661402453226,1.38576591530375,0.000475600491243264
A1,AR,None,196,7,203,1.39458886831049,1.39345395421311,0.000603321597849212
A1,AR,None,196,8,204,1.40233308564988,1.40086834751807,0.000743683705789627
A1,AR,None,196,9,205,1.40983749811549,1.40799931838349,0.000896418618925861
A1,AR,None,196,10,206,1.41709321148877,1.41483737805745,0.00106129171841279
A1,AR,None,196,11,207,1.42409162630897,1.42137334959513,0.00123808809933342
A1,AR,None,196,12,208,1.43082444806518,1.42759839110553,0.00142660271832357
A1,AR,None,196,13,209,1.43728369702703,1.4335040184249,0.00162663310254899
A1,AR,None,196,14,210,1.44346171770221,1.43908212712238,0.00183797377628113
A1,AR,None,203,1,204,1.40233308564988,1.40229898870364,4.27287416200572e-05
A1,AR,None,203,2,205,1.40983749811549,1.40973443921102,9.93555821222242e-05
A1,AR,None,203,3,206,1.41709321148877,1.41688553589913,0.00017149045107407
A1,AR,None,203,4,207,1.42409162630897,1.42374288102257,0.000257863213080999
A1,AR,None,203,5,208,1.43082444806518,1.43029738626515,0.000357652366240042
A1,AR,None,203,6,209,1.43728369702703,1.43654029550815,0.000470280636665712
A1,AR,None,203,7,210,1.44346171770221,1.44246320703272,0.000595310403635486
A1,AR,None,203,8,211,1.44935118790974,1.44805809506483,0.000732387415762161
A1,AR,None,203,9,212,1.45494512745826,1.45331733057228,0.000881207732663353
A1,AR,None,203,10,213,1.46023690641888,1.45823370122554,0.001041496855623
A1,AR,None,203,11,214,1.46522025298301,1.4628004304366,0.00121299578093578
A1,AR,None,203,12,215,1.46988926089567,1.46701119539324,0.00139545125472569
A1,AR,None,203,13,216,1.4742383964556,1.4708601440096,0.00158860872621674
A1,AR,None,203,14,217,1.47826250507376,1.474341910718,0.00179220712249664
A1,AR,None,210,1,211,1.44935118790974,1.44932884112755,4.20132941699304e-05
A1,AR,None,210,2,212,1.45494512745826,1.45487742726606,9.66146393120315e-05
A1,AR,None,210,3,213,1.46023690641888,1.46010020613952,0.000165368514610704
A1,AR,None,210,4,214,1.46522025298301,1.4649902961206,0.00024691581643906
A1,AR,None,210,5,215,1.46988926089567,1.46954122139927,0.000340355612527934
A1,AR,None,210,6,216,1.4742383964556,1.47374692855092,0.000445036055526433
A1,AR,None,210,7,217,1.47826250507376,1.47760180213619,0.000560447679481899
A1,AR,None,210,8,218,1.48195681738257,1.48110067926637,0.000686166210402585
A1,AR,None,210,9,219,1.48531695488855,1.48423886307195,0.000821819217742444
A1,AR,None,210,10,220,1.48833893516169,1.48701213501629,0.000967065296168099
A1,AR,None,210,11,221,1.49101917655545,1.48941676600102,0.00112158037468728
A1,AR,None,210,12,222,1.4933545024517,1.49144952621467,0.00128504835708783
A1,AR,None,210,13,223,1.49534214502563,1.49310769368155,0.00145715454604536
A1,AR,None,210,14,224,1.49697974852621,1.49438906147319,0.00163758094521591
A1,AR,None,217,1,218,1.48195681738257,1.48195337572137,4.0239972017311e-05
A1,AR,None,217,2,219,1.48531695488855,1.4853063532725,9.08596279165705e-05
A1,AR,None,217,3,220,1.48833893516169,1.4883172002033,0.000153341719532188
A1,AR,None,217,4,221,1.49101917655545,1.49098210706328,0.000226227287855196
A1,AR,None,217,5,222,1.4933545024517,1.49329770192501,0.000308527942595829
A1,AR,None,217,6,223,1.49534214502563,1.49526105877338,0.000399513420476774
A1,AR,None,217,7,224,1.49697974852621,1.49686970479984,0.00049860345731568
A1,AR,None,217,8,225,1.49826537206819,1.49812162657134,0.000605310078068552
A1,AR,None,217,9,226,1.49919749193245,1.49901527504865,0.000719204174767868
A1,AR,None,217,10,227,1.49977500337191,1.49954956943298,0.000839894853258041
A1,AR,None,217,11,228,1.49999722192086,1.49972389982517,0.000967016040107735
A1,AR,None,217,12,229,1.49986388420621,1.49953812868643,0.00110021749465823
A1,AR,None,217,13,230,1.49937514825962,1.49899259109474,0.00123915864280121
A1,AR,None,217,14,231,1.49853159333021,1.49808809379612,0.00138350430350295
A1,AR,None,224,1,225,1.49826537206819,1.49828543903614,4.22065294345778e-05
A1,AR,None,224,2,226,1.49919749193245,1.49925771049095,9.64914229420552e-05
A1,AR,None,224,3,227,1.49977500337191,1.49989546213235,0.00016426331862994
A1,AR,None,224,4,228,1.49999722192086,1.50019800103556,0.00024398846853157
A1,AR,None,224,5,229,1.49986388420621,1.50016504367098,0.000334615662087741
A1,AR,None,224,6,230,1.49937514825962,1.49979671649452,0.000435361383725043
A1,AR,None,224,7,231,1.49853159333021,1.49909355556433,0.000545600591404689
A1,AR,None,224,8,232,1.49733421919804,1.4980565051858,0.000664808448168973
A1,AR,None,224,9,233,1.49578444498915,1.49668691559017,0.000792526547124762
A1,AR,None,224,10,234,1.49388410749365,1.49498653965628,0.000928341960082465
A1,AR,None,224,11,235,1.49163545898872,1.49295752868833,0.00107187352519414
A1,AR,None,224,12,236,1.48904116456924,1.4906024272665,0.00122276247736344
A1,AR,None,224,13,237,1.48610429898913,1.48792416719054,0.00138066581482754
A1,AR,None,224,14,238,1.48282834301713,1.48492606054014,0.00154525145988824
A1,AR,None,231,1,232,1.49733421919804,1.49737790526859,4.47156409142613e-05
A1,AR,None,231,2,233,1.49578444498915,1.49591547425032,0.000103951584496258
A1,AR,None,231,3,234,1.49388410749365,1.49414603756638,0.000179051354723969
A1,AR,None,231,4,235,1.49163545898872,1.49207167573561,0.000268424746614705
A1,AR,None,231,5,236,1.48904116456924,1.48969480787666,0.000370964187295702
A1,AR,None,231,6,237,1.48610429898913,1.48701818635618,0.00048582786616586
A1,AR,None,231,7,238,1.48282834301713,1.48404489073284,0.000612329339661929
A1,AR,None,231,8,239,1.47921717931139,1.4807783210191,0.000749878486843424
A1,AR,None,231,9,240,1.47527508781782,1.47722219028479,0.000897947182155217
A1,AR,None,231,10,241,1.47100674069741,1.47338051662921,0.00105604793438019
A1,AR,None,231,11,242,1.46641719678885,1.46925761454991,0.00122371986464472
A1,AR,None,231,12,243,1.4615118956128,1.46485808573886,0.001400519103211
A1,AR,None,231,13,244,1.45629665092495,1.46018680933802,0.00158601198403618
A1,AR,None,231,14,245,1.45077764382559,1.45524893168814,0.00177977008600941
A1,AR,None,238,1,239,1.47921717931139,1.47927983003735,4.63744445284729e-05
A1,AR,None,238,2,240,1.47527508781782,1.47546253097411,0.000109069211582049
A1,AR,None,238,3,241,1.47100674069741,1.47138047806075,0.000189304811069879
A1,AR,None,238,4,242,1.46641719678885,1.46703795675479,0.000285401019497875
A1,AR,None,238,5,243,1.4615118956128,1.46243949720789,0.000396156228664527
A1,AR,None,238,6,244,1.45629665092495,1.45758986531848,0.000520630612785975
A1,AR,None,238,7,245,1.45077764382559,1.45249405339581,0.000671456894487181
A1,AR,None,238,8,246,1.44496141543377,1.44715727046541,0.000851806626788529
A1,AR,None,238,9,247,1.43885485913478,1.44158493224658,0.00105160848814318
A1,AR,None,238,10,248,1.43246521241011,1.43578265083322,0.00127023439584596
A1,AR,None,238,11,249,1.4258000482596,1.42975622411005,0.0015070146202501
A1,AR,None,238,12,250,1.41886726622595,1.42351162493646,0.00176123517935274
A1,AR,None,238,13,251,1.41167508303215,1.41705499013062,0.00203213589209158
A1,AR,None,238,14,252,1.4042320228431,1.41039260928662,0.00231890889497498
A1,AR,None,245,1,246,1.44496141543377,1.44503441329004,4.66259946879667e-05
A1,AR,None,245,2,247,1.43885485913478,1.43907247761151,0.000110274070241242
A1,AR,None,245,3,248,1.43246521241011,1.43289751944175,0.00019198912836321
A1,AR,None,245,4,249,1.4258000482596,1.42651537570028,0.000289982491311333
A1,AR,None,245,5,250,1.41886726622595,1.41993202733052,0.000415364317850878
A1,AR,None,245,6,251,1.41167508303215,1.4131535889319,0.00057048456273803
A1,AR,None,245,7,252,1.4042320228431,1.40618629829646,0.000747590535949052
A1,AR,None,245,8,253,1.39654690716273,1.39903650587869,0.000945744530134775
A1,AR,None,245,9,254,1.38862884437875,1.39171066422677,0.00116396326464761
A1,AR,None,245,10,255,1.38048721896748,1.38421531740302,0.00140121349546885
A1,AR,None,245,11,256,1.3721316803713,1.37655709042086,0.00165640928296518
A1,AR,None,245,12,257,1.3635721315622,1.36874267872494,0.0019284103095512
A1,AR,None,245,13,258,1.35481871730476,1.36077883774042,0.002216020910656
A1,AR,None,245,14,259,1.34588181213261,1.35267237251657,0.00251798962228026
A1,AR,None,252,1,253,1.39654690716273,1.39661894899976,4.50964918175447e-05
A1,AR,None,252,2,254,1.38862884437875,1.38884248091589,0.000106525718956347
A1,AR,None,252,3,255,1.38048721896748,1.38090930667879,0.000185121107007996
A1,AR,None,252,4,256,1.3721316803713,1.37282617276162,0.000278989934575307
A1,AR,None,252,5,257,1.3635721315622,1.36459987382989,0.000400449334331936
A1,AR,None,252,6,258,1.35481871730476,1.35623724266543,0.000547077090468693
A1,AR,None,252,7,259,1.34588181213261,1.34774514023067,0.000712918207599409
A1,AR,None,252,8,260,1.33677200805254,1.33913044589474,0.000896622491495758
A1,AR,None,252,9,261,1.32750010199087,1.33040004784196,0.00109679044402597
A1,AR,None,252,10,262,1.31807708299694,1.32156083368249,0.00131197003270749
A1,AR,None,252,11,263,1.30851411921893,1.31261968128317,0.00154065511280112
A1,AR,None,252,12,264,1.29882254466736,1.30358344983622,0.00178128490660079
A1,AR,None,252,13,265,1.28901384578205,1.29445897118145,0.00203224420822202
A1,AR,None,252,14,266,1.2790996478184,1.28525304139714,0.00229186411817472
A1,AR,None,259,1,260,1.33677200805254,1.33683046116784,4.16444799226485e-05
A1,AR,None,259,2,261,1.32750010199087,1.3276717873297,9.74225356149253e-05
A1,AR,None,259,3,262,1.31807708299694,1.31841289641775,0.000167943215389057
A1,AR,None,259,4,263,1.30851411921893,1.3090608679556,0.000251236701211615
A1,AR,None,259,5,264,1.29882254466736,1.2996227463122,0.000345772194854172
A1,AR,None,259,6,265,1.28901384578205,1.29010553211561,0.000450259350715121
A1,AR,None,259,7,266,1.2790996478184,1.28051617397264,0.000563547422732791
A1,AR,None,259,8,267,1.26909170106918,1.27086156050633,0.000693693455348781
A1,AR,None,259,9,268,1.25900186693807,1.26114851272216,0.000837606587462789
A1,AR,None,259,10,269,1.24884210388156,1.25138377671233,0.000988413571546788
A1,AR,None,259,11,270,1.23862445323577,1.24157401670618,0.00114424934703605
A1,AR,None,259,12,271,1.22836102494516,1.23172580847367,0.00130320341844782
A1,AR,None,259,13,272,1.21806398320974,1.22184563308727,0.00146332121940465
A1,AR,None,259,14,273,1.20774553206814,1.21193987104662,0.0016226059836751
A1,AR,None,266,1,267,1.26909170106918,1.26912383765557,3.63633328559981e-05
A1,AR,None,266,2,268,1.25900186693807,1.25909352098504,8.31901648748159e-05
A1,AR,None,266,3,269,1.24884210388156,1.24901571665249,0.000140876853208247
A1,AR,None,266,4,270,1.23862445323577,1.23889734949528,0.000207420138227955
A1,AR,None,266,5,271,1.22836102494516,1.22874524357165,0.000281233896360303
A1,AR,None,266,6,272,1.21806398320974,1.21856611578622,0.000360962706174341
A1,AR,None,266,7,273,1.20774553206814,1.2083665699154,0.000445387277305894
A1,AR,None,266,8,274,1.19741790093339,1.19815309103475,0.000533374121233785
A1,AR,None,266,9,275,1.18709333009864,1.18793204034911,0.000623846616894077
A1,AR,None,266,10,276,1.17678405622996,1.17770965042492,0.00071576736826165
A1,AR,None,266,11,277,1.16650229786349,1.16749202082324,0.000808126997787927
A1,AR,None,266,12,278,1.15626024092404,1.15728511413046,0.000899936844226311
A1,AR,None,266,13,279,1.14607002428233,1.14709475238285,0.000990224152388295
A1,AR,None,266,14,280,1.13594372536806,1.13692661387998,0.0010780289211554
A1,AR,None,273,1,274,1.19741790093339,1.19741194981647,3.08770690196105e-05
A1,AR,None,273,2,275,1.18709333009864,1.18706989204151,6.98107154950975e-05
A1,AR,None,273,3,276,1.17678405622996,1.17672587876034,0.000118289778116491
A1,AR,None,273,4,277,1.16650229786349,1.16638628967116,0.000175627249175525
A1,AR,None,273,5,278,1.15626024092404,1.15605735983899,0.000241554553168128
A1,AR,None,273,6,279,1.14607002428233,1.14574517581189,0.000316046573015754
A1,AR,None,273,7,280,1.13594372536806,1.13545567216231,0.000399231754360344
A1,AR,None,273,8,281,1.12589334585572,1.12519462844719,0.000491343137339987
A1,AR,None,273,9,282,1.11593079744024,1.11496766657898,0.000592689152419714
A1,AR,None,273,10,283,1.10606788771925,1.10478024859934,0.000703634821425319
A1,AR,None,273,11,284,1.09631630619878,1.09463767484585,0.00082458886570408
A1,AR,None,273,12,285,1.08668761043881,1.08454508250163,0.000955994377852365
A1,AR,None,273,13,286,1.07719321235531,1.07450744451692,0.00109832175110567
A1,AR,None,273,14,287,1.06784436469485,1.06452956889079,0.00129133624931671
A1,AR,None,280,1,281,1.12589334585572,1.12583941149248,3.36724753371727e-05
A1,AR,None,280,2,282,1.11593079744024,1.1157629522019,8.01758447099202e-05
A1,AR,None,280,3,283,1.10606788771925,1.10572005761872,0.000140960766703967
A1,AR,None,280,4,284,1.09631630619878,1.0957162760737,0.000231541348135829
A1,AR,None,280,5,285,1.08668761043881,1.08575699214949,0.000352604544989771
A1,AR,None,280,6,286,1.07719321235531,1.07584742512481,0.000502744913714458
A1,AR,None,280,7,287,1.06784436469485,1.06599262780782,0.000683919771297936
A1,AR,None,280,8,288,1.05865214769784,1.05619748574638,0.000898103634079044
A1,AR,None,280,9,289,1.04962745596627,1.04646671680247,0.00118545369194644
A1,AR,None,280,10,290,1.04078098555142,1.03680487107719,0.00155049865741325
A1,AR,None,280,11,291,1.03212322127695,1.02721633117263,0.00197654869633601
A1,AR,None,280,12,292,1.02366442431226,1.01770531277605,0.00253099007542101
A1,AR,None,280,13,293,1.015414620011,1.00827586555197,0.00320814349582515
A1,AR,None,280,14,294,1.00738358602903,0.998931874326948,0.00401110290483977
A1,AR,None,287,1,288,1.05865214769784,1.05854315910487,4.17297234401315e-05
A1,AR,None,287,2,289,1.04962745596627,1.04929445430316,0.000122998505990136
A1,AR,None,287,3,290,1.04078098555142,1.04010295205967,0.000255727882579118
A1,AR,None,287,4,291,1.03212322127695,1.03097319673407,0.000462970848244633
A1,AR,None,287,5,292,1.02366442431226,1.0219095751475,0.000774379605054803
A1,AR,None,287,6,293,1.015414620011,1.01291631677538,0.00120495575206598
A1,AR,None,287,7,294,1.00738358602903,1.0039974942476,0.0017926886608825
A1,AR,None,287,8,295,0.99958084073594,0.995157024142226,0.00251351991092149
A1,AR,None,287,9,296,0.992015631933907,0.986398668058494,0.00337467734595935
A1,AR,None,287,10,297,0.984696925897211,0.977726033954815,0.00438302103433228
A1,AR,None,287,11,298,0.977633396745422,0.969142577737134,0.00554508568902817
A1,AR,None,287,12,299,0.970833416162837,0.960651605083155,0.00686710637983983
A1,AR,None,287,13,300,0.964305043476386,0.952256273487778,0.00835503367733068
A1,AR,None,287,14,301,0.958056016103717,0.943959594515183,0.0100145418629079
A1,AR,None,294,1,295,0.99958084073594,0.999413762516528,6.21952986040237e-05
A1,AR,None,294,2,296,0.992015631933907,0.991508894542648,0.000224250627814551
A1,AR,None,294,3,297,0.984696925897211,0.983672595801351,0.000540018219642934
A1,AR,None,294,4,298,0.977633396745422,0.975908349257819,0.00102042496281947
A1,AR,None,294,5,299,0.970833416162837,0.968219508022965,0.00166576409737034
A1,AR,None,294,6,300,0.964305043476386,0.960609296444348,0.00248382078289224
A1,AR,None,294,7,301,0.958056016103717,0.95308081140174,0.00348155211369231
A1,AR,None,294,8,302,0.952093740382827,0.945637023795476,0.00466528571797084
A1,AR,None,294,9,303,0.946425282794081,0.938280780215774,0.00604083217177424
A1,AR,None,294,10,304,0.941057361585027,0.931014804781167,0.00761355203871004
A1,AR,None,294,11,305,0.93599633880794,0.923841701134316,0.0093883971830266
A1,AR,None,294,12,306,0.931248212779527,0.916763954583545,0.0113699366171885
A1,AR,None,294,13,307,0.926818610971735,0.909783934378592,0.0135623726213367
A1,AR,None,294,14,308,0.922712783342072,0.902903896109218,0.0159695505290237
A1,AR,None,301,1,302,0.952093740382827,0.951871152108298,9.95360743236017e-05
A1,AR,None,301,2,303,0.946425282794081,0.945753089150085,0.000391590455676976
A1,AR,None,301,3,304,0.941057361585027,0.939704372913577,0.00088589674861769
A1,AR,None,301,4,305,0.93599633880794,0.933727458033101,0.00158873731103249
A1,AR,None,301,5,306,0.931248212779527,0.927824709141321,0.00250749890962758
A1,AR,None,301,6,307,0.926818610971735,0.921998402033248,0.00364830923286573
A1,AR,None,301,7,308,0.922712783342072,0.916250724938086,0.00501640077441273
A1,AR,None,301,8,309,0.918935596111371,0.910583779891259,0.00661630387066813
A1,AR,None,301,9,310,0.915491525996349,0.904999584199079,0.00845195726875356
A1,AR,None,301,10,311,0.912384654903811,0.899500071988563,0.0105267753499954
A1,AR,None,301,11,312,0.909618665092781,0.894087095835061,0.0128436908384228
A1,AR,None,301,12,313,0.90719683481029,0.888762428460427,0.0154051828228899
A1,AR,None,301,13,314,0.905122034406005,0.883527764494664,0.018213295584113
A1,AR,None,301,14,315,0.903396722930298,0.87838472229408,0.0212696514718724
A1,AR,None,308,1,309,0.918935596111371,0.918667270219684,0.000142555171792189
A1,AR,None,308,2,310,0.915491525996349,0.914683669876064,0.00052766866735122
A1,AR,None,308,3,311,0.912384654903811,0.910763528199962,0.00115404998254241
A1,AR,None,308,4,312,0.909618665092781,0.906908339356828,0.00202919900429824
A1,AR,None,308,5,313,0.90719683481029,0.903119546491704,0.00315858378141397
A1,AR,None,308,6,314,0.905122034406005,0.899398542471864,0.00454635425418021
A1,AR,None,308,7,315,0.903396722930298,0.895746670665593,0.00619570547835673
A1,AR,None,308,8,316,0.902022945219776,0.892165225753518,0.0081090720194759
A1,AR,None,308,9,317,0.901002329473749,0.888655454568986,0.0102882409333225
A1,AR,None,308,10,318,0.90033608532449,0.885218556964031,0.0127344220219878
A1,AR,None,308,11,319,0.900025002403579,0.881855686697557,0.0154482939730078
A1,AR,None,308,12,320,0.900069449406033,0.878567952342442,0.0184300360855404
A1,AR,None,308,13,321,0.900469373653331,0.875356418208316,0.0216793509989114
A1,AR,None,308,14,322,0.901224301155846,0.872222105276905,0.0251954816190913
A1,AR,None,315,1,316,0.902022945219776,0.90172637713373,0.000167048754066405
A1,AR,None,315,2,317,0.901002329473749,0.900111623282208,0.000601567628269383
A1,AR,None,315,3,318,0.90033608532449,0.898553061643627,0.00130000952842849
A1,AR,None,315,4,319,0.900025002403579,0.897051266730141,0.00226787312325949
A1,AR,None,315,5,320,0.900069449406033,0.895606787540499,0.00350856407283446
A1,AR,None,315,6,321,0.900469373653331,0.894220147801429,0.0050241241561722
A1,AR,None,315,7,322,0.901224301155846,0.892891846207051,0.00681560425158252
A1,AR,None,315,8,323,0.90233333717462,0.891622356655399,0.00888326563600514
A1,AR,None,315,9,324,0.903795167281804,0.890412128481103,0.0112266985748143
A1,AR,None,315,10,325,0.905608058918517,0.88926158668337,0.0138448975611009
A1,AR,None,315,11,326,0.907769863448274,0.888171132148418,0.0167363121156858
A1,AR,None,315,12,327,0.910278018703543,0.887141141865569,0.0198988829981962
A1,AR,None,315,13,328,0.913129552022428,0.88617196913623,0.0233300693181834
A1,AR,None,315,14,329,0.916321083771857,0.885263943775063,0.0270268697796064
A1,AR,None,322,1,323,0.90233333717462,0.90203196881407,0.000165030396263914
A1,AR,None,322,2,324,0.903795167281804,0.902892051546678,0.000597948479137008
A1,AR,None,322,3,325,0.905608058918517,0.903804202959721,0.00129271234949568
A1,AR,None,322,4,326,0.907769863448274,0.904768055250607,0.00225285623959125
A1,AR,None,322,5,327,0.910278018703543,0.905783219108746,0.00347977636094056
A1,AR,None,322,6,328,0.913129552022428,0.906849283613428,0.00497348923628944
A1,AR,None,322,7,329,0.916321083771857,0.907965816129513,0.00673302127275906
A1,AR,None,322,8,330,0.919848831353122,0.909132362201564,0.00875662039867344
A1,AR,None,322,9,331,0.923708613685009,0.910348445447048,0.0110418820512441
A1,AR,None,322,10,332,0.927895856159209,0.911613567449302,0.0135858303130353
A1,AR,None,322,11,333,0.932405596062135,0.912927207650943,0.0163849737757093
A1,AR,None,322,12,334,0.937232488456727,0.914288823248443,0.019435346313764
A1,AR,None,322,13,335,0.942370812517259,0.915697849088629,0.0227325384327475
A1,AR,None,322,14,336,0.947814478309656,0.917153697567862,0.0262717225221056
A1,AR,None,329,1,330,0.919848831353122,0.919567615864545,0.000136330582600877
A1,AR,None,329,2,331,0.923708613685009,0.922867818381694,0.000515542478301648
A1,AR,None,329,3,332,0.927895856159209,0.926220321429649,0.00112915689846968
A1,AR,None,329,4,333,0.932405596062135,0.92962371483262,0.00197897710906274
A1,AR,None,329,5,334,0.937232488456727,0.933076547862119,0.00306465589280481
A1,AR,None,329,6,335,0.942370812517259,0.936577329005617,0.00438448975665134
A1,AR,None,329,7,336,0.947814478309656,0.940124525776918,0.00593582819869619
A1,AR,None,329,8,337,0.953557034009276,0.943716564570733,0.00771529702669329
A1,AR,None,329,9,338,0.959591673547597,0.947351830563942,0.00971893223005051
A1,AR,None,329,10,339,0.965911244678767,0.951028667665972,0.0119422670310573
A1,AR,None,329,11,340,0.972508257456431,0.954745378520747,0.0143803925423978
A1,AR,None,329,12,341,0.979374893110804,0.958500224562556,0.0170280026373831
A1,AR,None,329,13,342,0.986503013315467,0.962291426128214,0.0198794289220236
A1,AR,None,329,14,343,0.9938841698329,0.966117162627788,0.0229286692638038
A1,AR,None,336,1,337,0.953557034009276,0.953316641698535,9.75348317084031e-05
A1,AR,None,336,2,338,0.959591673547597,0.958874812233864,0.000370069606689692
A1,AR,None,336,3,339,0.965911244678767,0.964486422039041,0.000840645870915925
A1,AR,None,336,4,340,0.972508257456431,0.970148825549772,0.00149862708371304
A1,AR,None,336,5,341,0.979374893110804,0.975859299380851,0.00234243672056828
A1,AR,None,336,6,342,0.986503013315467,0.981615042326583,0.00336920259333201
A1,AR,None,336,7,343,0.9938841698329,0.987413175500485,0.00457518634407643
A1,AR,None,336,8,344,1.00150961452732,0.993250742619729,0.00595601830548758
A1,AR,None,336,9,345,1.00937030973295,0.999124710439609,0.00750683876257483
A1,AR,None,336,10,346,1.01745693896546,1.0050319693431,0.00922239020525474
A1,AR,None,336,11,347,1.02575991796386,1.01096933409036,0.0110970819102356
A1,AR,None,336,12,348,1.03426940604971,1.01693354473272,0.0131250379136742
A1,AR,None,336,13,349,1.04297531779033,1.02292126769548,0.0153001345051099
A1,AR,None,336,14,350,1.05186733495201,1.0289290970335,0.0176160308317298
A1,AR,None,343,1,344,1.00150961452732,1.00132163632417,6.89582841993706e-05
A1,AR,None,343,2,345,1.00937030973295,1.0088114922167,0.000224310579245599
A1,AR,None,343,3,346,1.01745693896546,1.0163496933856,0.00049830546841138
A1,AR,None,343,4,347,1.02575991796386,1.02393207266793,0.000909285500376737
A1,AR,None,343,5,348,1.03426940604971,1.03155434065596,0.00146052608037693
A1,AR,None,343,6,349,1.04297531779033,1.03921208677882,0.00213570496219645
A1,AR,None,343,7,350,1.05186733495201,1.04690078068151,0.00293081677129269
A1,AR,None,343,8,351,1.06093491872914,1.05461577390959,0.00384133874329568
A1,AR,None,343,9,352,1.07016732223487,1.06235230190722,0.00486237815191665
A1,AR,None,343,10,353,1.07955360323821,1.07010548633564,0.00598876834683286
A1,AR,None,343,11,354,1.0890826371328,1.07787033771819,0.0072151356958976
A1,AR,None,343,12,355,1.09874313012177,1.08564175841733,0.00853594897326489
A1,AR,None,343,13,356,1.10852363260311,1.0934145459483,0.009945557580812
A1,AR,None,343,14,357,1.11841255273977,1.10118339663278,0.0114382223366968
A1,AR,None,350,1,351,1.06093491872914,1.06080002740026,5.16235072904893e-05
A1,AR,None,350,2,352,1.07016732223487,1.06976772589247,0.000148241157060474
A1,AR,None,350,3,353,1.07955360323821,1.07876459904247,0.000288419260924681
A1,AR,None,350,4,354,1.0890826371328,1.08778465609939,0.000493070542594953
A1,AR,None,350,5,355,1.09874313012177,1.09682175020777,0.000755588267351658
A1,AR,None,350,6,356,1.10852363260311,1.10586958215885,0.0010694002256155
A1,AR,None,350,7,357,1.11841255273977,1.11492170464144,0.0014494374853459
A1,AR,None,350,8,358,1.12839817019821,1.12397152699927,0.00190067002943792
A1,AR,None,350,9,359,1.13846865003941,1.13301232050027,0.00240396785735189
A1,AR,None,350,10,360,1.14861205674556,1.1420372241215,0.00295591992340951
A1,AR,None,350,11,361,1.15881636836602,1.15103925085166,0.00355307001133974
A1,AR,None,350,12,362,1.16906949076577,1.16001129451127,0.00419194641811844
A1,AR,None,350,13,363,1.1793592719593,1.1689461370889,0.00487561531310975
A1,AR,None,350,14,364,1.18967351651318,1.17783645658937,0.0056212931398228
A1,N4SID,I,49,1,50,1.4966032770697,1.51275326261725,0.0518586307114565
A1,N4SID,I,49,2,51,1.49487796559399,1.52081159034326,0.0533267909080588
A1,N4SID,I,49,3,52,1.49280316518971,1.52947525419576,0.0551354329336177
A1,N4SID,I,49,4,53,1.49038133490722,1.53880469018422,0.0572068921136953
A1,N4SID,I,49,5,54,1.48761534509619,1.5488679828215,0.0595105639530556
A1,N4SID,I,49,6,55,1.48450847400365,1.55974204181642,0.0620400347111553
A1,N4SID,I,49,7,56,1.48106440388863,1.57151397829176,0.0648021374937213
A1,N4SID,I,49,8,57,1.47728721665793,1.58428270902487,0.0678117724113976
A1,N4SID,I,49,9,58,1.47318138902826,1.59816081397047,0.0710895916070957
A1,N4SID,I,49,10,59,1.46875178722047,1.61327666067006,0.0746611497817852
A1,N4SID,I,49,11,60,1.46400366119206,1.62977678043876,0.078556835710082
A1,N4SID,I,49,12,61,1.45894263841497,1.64782841839944,0.0828122447754993
A1,N4SID,I,49,13,62,1.45357471720592,1.66762204825621,0.0885720266480667
A1,N4SID,I,49,14,63,1.44790625961717,1.68937337257853,0.0983465760694925
A1,N4SID,I,56,1,57,1.47728721665793,1.47305267416818,0.00300203611869658
A1,N4SID,I,56,2,58,1.47318138902826,1.46549094944468,0.00336573341079359
A1,N4SID,I,56,3,59,1.46875178722047,1.45684491852692,0.0044893077344997
A1,N4SID,I,56,4,60,1.46400366119206,1.44708209760814,0.00623069849956114
A1,N4SID,I,56,5,61,1.45894263841497,1.43617806461099,0.00992042862345663
A1,N4SID,I,56,6,62,1.45357471720592,1.42411792429783,0.0163142939011302
A1,N4SID,I,56,7,63,1.44790625961717,1.41089774948759,0.024067917411406
A1,N4SID,I,56,8,64,1.44194398389628,1.39652594707196,0.0326687493494023
A1,N4SID,I,56,9,65,1.43569495652361,1.38102449627896,0.0420978079414885
A1,N4SID,I,56,10,66,1.42916658383716,1.36443001095632,0.0523229728814455
A1,N4SID,I,56,11,67,1.42236660325458,1.34679458961211,0.0632982480293864
A1,N4SID,I,56,12,68,1.41530307410279,1.32818643918669,0.0749632965870587
A1,N4SID,I,56,13,69,1.40798436806609,1.30869029483377,0.0872431496054309
A1,N4SID,I,56,14,70,1.40041915926406,1.28840771476921,0.100047970705781
A1,N4SID,I,63,1,64,1.44194398389628,1.42858683023245,0.00546156431106606
A1,N4SID,I,63,2,65,1.43569495652361,1.41342587829013,0.0137977657985221
A1,N4SID,I,63,3,66,1.42916658383716,1.396895932507,0.0237856517412359
A1,N4SID,I,63,4,67,1.42236660325458,1.37904587845149,0.03484183280373
A1,N4SID,I,63,5,68,1.41530307410279,1.35994739375084,0.0468980671737445
A1,N4SID,I,63,6,69,1.40798436806609,1.33969636695604,0.0598632226286165
A1,N4SID,I,63,7,70,1.40041915926406,1.31841427297575,0.0736233908460507
A1,N4SID,I,63,8,71,1.39261641397097,1.29624985375436,0.0880394831396326
A1,N4SID,I,63,9,72,1.384585379989,1.27338181205549,0.102943867728193
A1,N4SID,I,63,10,73,1.37633557568774,1.250023923038,0.118134935135831
A1,N4SID,I,63,11,74,1.36787677872305,1.22643541793283,0.133366743176513
A1,N4SID,I,63,12,75,1.35921901444858,1.2029426207832,0.148327847407605
A1,N4SID,I,63,13,76,1.35037254403373,1.17998369278503,0.162597701272051
A1,N4SID,I,63,14,77,1.34134785230216,1.1581838284402,0.175572893915195
A1,N4SID,I,70,1,71,1.39261641397097,1.37877725133508,0.00568568590651362
A1,N4SID,I,70,2,72,1.384585379989,1.36241490179987,0.0135100836707945
A1,N4SID,I,70,3,73,1.37633557568774,1.34544899695037,0.0222724647605395
A1,N4SID,I,70,4,74,1.36787677872305,1.32817873559169,0.0311546494962825
A1,N4SID,I,70,5,75,1.35921901444858,1.31106618125184,0.0397080171889497
A1,N4SID,I,70,6,76,1.35037254403373,1.29485016978395,0.0472084586212392
A1,N4SID,I,70,7,77,1.34134785230216,1.28038631133497,0.0528109822273068
A1,N4SID,I,70,8,78,1.33215563530515,1.26777916804899,0.0563971074282998
A1,N4SID,I,70,9,79,1.32280678764469,1.25679409792058,0.0581917870780556
A1,N4SID,I,70,10,80,1.31331238956119,1.24718587201457,0.0584435788631398
A1,N4SID,I,70,11,81,1.30368369380122,1.23874052625175,0.0573770523079635
A1,N4SID,I,70,12,82,1.29393211228075,1.23127660594367,0.055187301600513
A1,N4SID,I,70,13,83,1.28406920255976,1.22464107091839,0.0520419358102784
A1,N4SID,I,70,14,84,1.27410665414428,1.21870492255365,0.0480845611731817
A1,N4SID,I,77,1,78,1.33215563530515,1.3312466646682,0.00152645226129544
A1,N4SID,I,77,2,79,1.32280678764469,1.32415440869637,0.00156071036298446
A1,N4SID,I,77,3,80,1.31331238956119,1.31812713614273,0.00193429193970222
A1,N4SID,I,77,4,81,1.30368369380122,1.31300630466251,0.00340430101023134
A1,N4SID,I,77,5,82,1.29393211228075,1.30865692887086,0.00717082281333071
A1,N4SID,I,77,6,83,1.28406920255976,1.30496483589153,0.0133781422272538
A1,N4SID,I,77,7,84,1.27410665414428,1.30183335160637,0.0202391768834184
A1,N4SID,I,77,8,85,1.26405627463194,1.29918047828281,0.0276612275602072
A1,N4SID,I,77,9,86,1.25392997571767,1.29693656347109,0.0355636982947917
A1,N4SID,I,77,10,87,1.24373975907596,1.29504236562657,0.0438761584650577
A1,N4SID,I,77,11,88,1.23349770213651,1.29344744263312,0.0525367549005743
A1,N4SID,I,77,12,89,1.22321594377004,1.29210880424379,0.0614908986807329
A1,N4SID,I,77,13,90,1.21290666990136,1.29098978163037,0.0706901709769679
A1,N4SID,I,77,14,91,1.20258209906661,1.2900590762843,0.0800914063846132
A1,N4SID,I,84,1,85,1.26405627463194,1.27627568096784,0.00513754396088993
A1,N4SID,I,84,2,86,1.25392997571767,1.27343288270563,0.0121420420533648
A1,N4SID,I,84,3,87,1.24373975907596,1.27093342111139,0.0198862569571628
A1,N4SID,I,84,4,88,1.23349770213651,1.26872641094229,0.0279509741381109
A1,N4SID,I,84,5,89,1.22321594377004,1.26676848705722,0.0362946226034841
A1,N4SID,I,84,6,90,1.21290666990136,1.26502266046038,0.0448729788606366
A1,N4SID,I,84,7,91,1.20258209906661,1.2634573563428,0.0536442998370236
A1,N4SID,I,84,8,92,1.19225446793186,1.2620456031369,0.0625703643619921
A1,N4SID,I,84,9,93,1.18193601679026,1.26076434739692,0.0716164195551984
A1,N4SID,I,84,10,94,1.17163897505484,1.25959387383893,0.0807508501680867
A1,N4SID,I,84,11,95,1.16137554676423,1.25851731357537,0.0899448020128253
A1,N4SID,I,84,12,96,1.15115789611844,1.25752022651261,0.0991718264312726
A1,N4SID,I,84,13,97,1.14099813306193,1.25659024628329,0.108407563923039
A1,N4SID,I,84,14,98,1.13090829893082,1.25571677801004,0.117629469459074
A1,N4SID,I,91,1,92,1.19225446793186,1.20764911916183,0.00736095973366251
A1,N4SID,I,91,2,93,1.18193601679026,1.20537403118935,0.0155994452864844
A1,N4SID,I,91,3,94,1.17163897505484,1.20320064649396,0.0237938357218949
A1,N4SID,I,91,4,95,1.16137554676423,1.20111173114397,0.0320018558219139
A1,N4SID,I,91,5,96,1.15115789611844,1.19909253068615,0.0402215163893601
A1,N4SID,I,91,6,97,1.14099813306193,1.19713040605243,0.0484356919138495
A1,N4SID,I,91,7,98,1.13090829893082,1.1952145238998,0.0566241148361067
A1,N4SID,I,91,8,99,1.1209003521816,1.1933355929796,0.0647665563067013
A1,N4SID,I,91,9,100,1.11098615421795,1.1914856395103,0.0728436383415037
A1,N4SID,I,91,10,101,1.10117745533264,1.18965781564205,0.0808369934320654
A1,N4SID,I,91,11,102,1.09148588078107,1.18784623603452,0.0887292401015436
A1,N4SID,I,91,12,103,1.08192291700306,1.18604583834571,0.0965039090361063
A1,N4SID,I,91,13,104,1.07249989800913,1.18425226407781,0.104145361043051
A1,N4SID,I,91,14,105,1.06322799194746,1.18246175676915,0.111638710037026
A1,N4SID,I,98,1,99,1.1209003521816,1.13545122232627,0.00643270785647102
A1,N4SID,I,98,2,100,1.11098615421795,1.1327547475165,0.0135613508534256
A1,N4SID,I,98,3,101,1.10117745533264,1.13007371069133,0.0207500679759399
A1,N4SID,I,98,4,102,1.09148588078107,1.12740214108356,0.0278026436089279
A1,N4SID,I,98,5,103,1.08192291700306,1.1247349056904,0.0347224366584711
A1,N4SID,I,98,6,104,1.07249989800913,1.12206758772811,0.0414994059807772
A1,N4SID,I,98,7,105,1.06322799194746,1.1193963828555,0.0481203585622508
A1,N4SID,I,98,8,106,1.05411818786739,1.1167180105388,0.0545716501468695
A1,N4SID,I,98,9,107,1.04518128269524,1.11402963832769,0.0608399033153486
A1,N4SID,I,98,10,108,1.0364278684378,1.11132881714671,0.0669121930626117
A1,N4SID,I,98,11,109,1.0278683196287,1.1086134259893,0.0727760842778259
A1,N4SID,I,98,12,110,1.01951278103252,1.10588162464115,0.0784196271607736
A1,N4SID,I,98,13,111,1.01137115562125,1.10313181326265,0.0838313415908907
A1,N4SID,I,98,14,112,1.00345309283727,1.10036259783243,0.0890002001131935
A1,N4SID,I,105,1,106,1.05411818786739,1.06585478970141,0.0045791185131407
A1,N4SID,I,105,2,107,1.04518128269524,1.06247556185658,0.0090995188090408
A1,N4SID,I,105,3,108,1.0364278684378,1.05907854728935,0.0145045604334914
A1,N4SID,I,105,4,109,1.0278683196287,1.05566160087081,0.0196796030110621
A1,N4SID,I,105,5,110,1.01951278103252,1.05222286661042,0.0246245333528991
A1,N4SID,I,105,6,111,1.01137115562125,1.04876073622673,0.0293310185150592
A1,N4SID,I,105,7,112,1.00345309283727,1.04527381375302,0.0337889062043861
A1,N4SID,I,105,8,113,0.995767977156895,1.04176088529842,0.0379878705124974
A1,N4SID,I,105,9,114,0.988324916967847,1.03822089321444,0.0419178391630737
A1,N4SID,I,105,10,115,0.981132733774054,1.03465291402806,0.0455691049237493
A1,N4SID,I,105,11,116,0.974199951740398,1.0310561395879,0.0489323536480523
A1,N4SID,I,105,12,117,0.967534787589888,1.02742986096966,0.0519986701190045
A1,N4SID,I,105,13,118,0.961145140865215,1.02377345473092,0.0547595382946382
A1,N4SID,I,105,14,119,0.955038584566225,1.02008637117808,0.057206840624535
A1,N4SID,I,112,1,113,0.995767977156895,1.00346227605777,0.00287556853991992
A1,N4SID,I,112,2,114,0.988324916967847,0.999365673250576,0.00429761777493082
A1,N4SID,I,112,3,115,0.981132733774054,0.995236038004789,0.006408098458297
A1,N4SID,I,112,4,116,0.974199951740398,0.991072571640772,0.00909088659752332
A1,N4SID,I,112,5,117,0.967534787589888,0.986874580051172,0.0115904980088321
A1,N4SID,I,112,6,118,0.961145140865215,0.982641459563815,0.0137793818702836
A1,N4SID,I,112,7,119,0.955038584566225,0.97837268489766,0.015649717859156
A1,N4SID,I,112,8,120,0.949222356174409,0.974067798962851,0.0171938665153783
A1,N4SID,I,112,9,121,0.943703349075052,0.969726404177018,0.0184045430306947
A1,N4SID,I,112,10,122,0.938488104387204,0.965348155078595,0.0192748585763707
A1,N4SID,I,112,11,123,0.933582803211152,0.960932752050643,0.0197983301847515
A1,N4SID,I,112,12,124,0.928993259302595,0.956479935997225,0.0199688838481409
A1,N4SID,I,112,13,125,0.924724912182182,0.951989483834358,0.0197808566043826
A1,N4SID,I,112,14,126,0.920782820688606,0.947461204680714,0.0192289987852613
A1,N4SID,I,119,1,120,0.949222356174409,0.952160414247148,0.00167995511015236
A1,N4SID,I,119,2,121,0.943703349075052,0.947463454130339,0.00176375748295213
A1,N4SID,I,119,3,122,0.938488104387204,0.942726090010537,0.00181022055494699
A1,N4SID,I,119,4,123,0.933582803211152,0.9379480501154,0.00181785121709761
A1,N4SID,I,119,5,124,0.928993259302595,0.933129106679479,0.00178581411067045
A1,N4SID,I,119,6,125,0.924724912182182,0.928269071436562,0.00171345859375721
A1,N4SID,I,119,7,126,0.920782820688606,0.923367791840561,0.00160020753338208
A1,N4SID,I,119,8,127,0.917171656982874,0.918425147916244,0.00144553329661636
A1,N4SID,I,119,9,128,0.913895701010866,0.913441049657182,0.00134998748509394
A1,N4SID,I,119,10,129,0.910958835430755,0.908415434902518,0.0015752331293365
A1,N4SID,I,119,11,130,0.908364541011282,0.903348267637071,0.00194222732006389
A1,N4SID,I,119,12,131,0.906115892506353,0.898239536671174,0.00289412983011174
A1,N4SID,I,119,13,132,0.904215555010851,0.893089254667681,0.00454902434990297
A1,N4SID,I,119,14,133,0.902665780801964,0.887897457495812,0.00776913405154911
A1,N4SID,I,126,1,127,0.917171656982874,0.915166787717065,0.00148877143352663
A1,N4SID,I,126,2,128,0.913895701010866,0.910143067690601,0.00167616992517571
A1,N4SID,I,126,3,129,0.910958835430755,0.9050777463607,0.00222356899563516
A1,N4SID,I,126,4,130,0.908364541011282,0.899970797270958,0.00305969187381639
A1,N4SID,I,126,5,131,0.906115892506353,0.894822219231653,0.00478647405451847
A1,N4SID,I,126,6,132,0.904215555010851,0.889632035376621,0.00776740537449222
A1,N4SID,I,126,7,133,0.902665780801964,0.884400292557552,0.0114876248640616
A1,N4SID,I,126,8,134,0.901468406669791,0.879127061068736,0.0156019869150562
A1,N4SID,I,126,9,135,0.900624851740382,0.873812434710639,0.0201118203624011
A1,N4SID,I,126,10,136,0.900136115793793,0.868456531216373,0.0250180082338776
A1,N4SID,I,126,11,137,0.900002778079143,0.863059493085621,0.0303209868863936
A1,N4SID,I,126,12,138,0.900224996628095,0.857621488896172,0.0360207445938456
A1,N4SID,I,126,13,139,0.900802508067553,0.852142715196977,0.0421168197650822
A1,N4SID,I,126,14,140,0.901734627931814,0.84662339913202,0.048608298781964
A1,N4SID,I,133,1,134,0.901468406669791,0.894765328338978,0.00249241254190479
A1,N4SID,I,133,2,135,0.900624851740382,0.889781277129217,0.00450420331479907
A1,N4SID,I,133,3,136,0.900136115793793,0.884759902918071,0.00868097471147544
A1,N4SID,I,133,4,137,0.900002778079143,0.879701294883907,0.0136451650987871
A1,N4SID,I,133,5,138,0.900224996628095,0.874605561748616,0.0190009172784533
A1,N4SID,I,133,6,139,0.900802508067553,0.869472832667514,0.0247486585047575
A1,N4SID,I,133,7,140,0.901734627931814,0.864303258526556,0.0308878514511199
A1,N4SID,I,133,8,141,0.903020251473794,0.859097013739258,0.037417338900475
A1,N4SID,I,133,9,142,0.904657854974372,0.853854298672996,0.0443354509686256
A1,N4SID,I,133,10,143,0.906645497548303,0.848575342885444,0.0516400421603737
A1,N4SID,I,133,11,144,0.908980823444548,0.843260409421895,0.0593285048933201
A1,N4SID,I,133,12,145,0.91166106483831,0.8379098005239,0.0673977734991362
A1,N4SID,I,133,13,146,0.914683045111454,0.832523865238617,0.0758443231781974
A1,N4SID,I,133,14,147,0.918043182617431,0.827103009622385,0.0846641651664628
A1,N4SID,I,140,1,141,0.903020251473794,0.892086644726016,0.00443761117847294
A1,N4SID,I,140,2,142,0.904657854974372,0.887480344907473,0.0102651909228191
A1,N4SID,I,140,3,143,0.906645497548303,0.882844389666163,0.0169388943453533
A1,N4SID,I,140,4,144,0.908980823444548,0.878178905608874,0.0239796892647038
A1,N4SID,I,140,5,145,0.91166106483831,0.873484037028196,0.0313917408467322
A1,N4SID,I,140,6,146,0.914683045111454,0.86875994817328,0.0391737952398615
A1,N4SID,I,140,7,147,0.918043182617431,0.864006826177963,0.0473227684893818
A1,N4SID,I,140,8,148,0.921737494926241,0.859224884843884,0.0558347189579953
A1,N4SID,I,140,9,149,0.9257616035444,0.854414369547892,0.064705128541951
A1,N4SID,I,140,10,150,0.930110739104327,0.849575563642391,0.0739289917316738
A1,N4SID,I,140,11,151,0.934779747016991,0.844708796860936,0.083500845708724
A1,N4SID,I,140,12,152,0.939763093581121,0.83981445644536,0.09341477881663
A1,N4SID,I,140,13,153,0.945054872541742,0.834893002012213,0.103664428311197
A1,N4SID,I,140,14,154,0.950648812090257,0.829944985629411,0.114242970143591
A1,N4SID,I,147,1,148,0.921737494926241,0.90708864626052,0.00700635430177857
A1,N4SID,I,147,2,149,0.9257616035444,0.90307308773766,0.0151626931205095
A1,N4SID,I,147,3,150,0.930110739104327,0.89903620175886,0.0236052634041961
A1,N4SID,I,147,4,151,0.934779747016991,0.894978107521875,0.0323724552321977
A1,N4SID,I,147,5,152,0.939763093581121,0.890898938604347,0.0414703060818265
A1,N4SID,I,147,6,153,0.945054872541742,0.886798845491013,0.0508960506432113
A1,N4SID,I,147,7,154,0.950648812090257,0.882677998715636,0.0606442554896472
A1,N4SID,I,147,8,155,0.956538282297791,0.878536592801149,0.0707084436221079
A1,N4SID,I,147,9,156,0.962716302972967,0.874374851242712,0.0810815464787526
A1,N4SID,I,147,10,157,0.969175551934819,0.870193032864248,0.0917560408228773
A1,N4SID,I,147,11,158,0.975908373691033,0.865991439999724,0.102723994691345
A1,N4SID,I,147,12,159,0.982906788511226,0.861770429124491,0.113977083205351
A1,N4SID,I,147,13,160,0.990162501884506,0.857530424816797,0.125506591464513
A1,N4SID,I,147,14,161,0.997666914350116,0.853271938310465,0.137303409204609
A1,N4SID,I,154,1,155,0.956538282297791,0.93867760416545,0.00920556565904558
A1,N4SID,I,154,2,156,0.962716302972967,0.935312978594967,0.0188853277284958
A1,N4SID,I,154,3,157,0.969175551934819,0.931933881649383,0.0287830262246326
A1,N4SID,I,154,4,158,0.975908373691033,0.928540397930496,0.0389479579719367
A1,N4SID,I,154,5,159,0.982906788511226,0.925132618060953,0.0493870414418796
A1,N4SID,I,154,6,160,0.990162501884506,0.921710640100282,0.0600959431678691
A1,N4SID,I,154,7,161,0.997666914350116,0.918274571159373,0.0710671292049012
A1,N4SID,I,154,8,162,1.00541113168951,0.914824529278262,0.0822919615368553
A1,N4SID,I,154,9,163,1.01338597546774,0.911360645645865,0.0937612654410019
A1,N4SID,I,154,10,164,1.02158199391177,0.907883067261832,0.105465496628946
A1,N4SID,I,154,11,165,1.02998947311266,0.904391960170077,0.117394798878997
A1,N4SID,I,154,12,166,1.03859844853851,0.900887513429969,0.129539029112583
A1,N4SID,I,154,13,167,1.04739871684437,0.897369944047357,0.141887771279169
A1,N4SID,I,154,14,168,1.05637984796526,0.893839503161093,0.154430345346147
A1,N4SID,I,161,1,162,1.00541113168951,0.98487772071725,0.0105979775147531
A1,N4SID,I,161,2,163,1.01338597546774,0.982107733953598,0.0214875191635636
A1,N4SID,I,161,3,164,1.02158199391177,0.979327777283951,0.0325216891157051
A1,N4SID,I,161,4,165,1.02998947311266,0.976537905758326,0.0437547928729759
A1,N4SID,I,161,5,166,1.03859844853851,0.973738171746926,0.0551933259867731
A1,N4SID,I,161,6,167,1.04739871684437,0.970928625785818,0.0668313484893292
A1,N4SID,I,161,7,168,1.05637984796526,0.968109317346748,0.0786595531496208
A1,N4SID,I,161,8,169,1.06553119747788,0.965280295549435,0.0906675883762022
A1,N4SID,I,161,9,170,1.0748419192163,0.962441609833694,0.102844669342689
A1,N4SID,I,161,10,171,1.08430097812692,0.959593310607269,0.115179751210889
A1,N4SID,I,161,11,172,1.09389716334709,0.956735449886181,0.127661587738561
A1,N4SID,I,161,12,173,1.10361910149229,0.953868081943531,0.14027875855414
A1,N4SID,I,161,13,174,1.11345527013582,0.950991263983906,0.153019687229792
A1,N4SID,I,161,14,175,1.12339401146514,0.948105056861778,0.16587265636873
A1,N4SID,I,168,1,169,1.06553119747788,1.04301236602775,0.0111380072273872
A1,N4SID,I,168,2,170,1.0748419192163,1.04074167729719,0.0228599999052256
A1,N4SID,I,168,3,171,1.08430097812692,1.03846349128989,0.0346509843370717
A1,N4SID,I,168,4,172,1.09389716334709,1.03617786046432,0.0465646692732846
A1,N4SID,I,168,5,173,1.10361910149229,1.03388482903582,0.0586060373164676
A1,N4SID,I,168,6,174,1.11345527013582,1.0315844343719,0.0707676523964076
A1,N4SID,I,168,7,175,1.12339401146514,1.0292767081767,0.0830388683915071
A1,N4SID,I,168,8,176,1.13342354609875,1.02696167749539,0.0954081475879184
A1,N4SID,I,168,9,177,1.14353198704703,1.02463936556496,0.107863651613343
A1,N4SID,I,168,10,178,1.15370735380072,1.02230979253411,0.120393400406855
A1,N4SID,I,168,11,179,1.16393758653019,1.01997297607196,0.132985323029791
A1,N4SID,I,168,12,180,1.17421056037877,1.01762893188236,0.145627281269571
A1,N4SID,I,168,13,181,1.18451409983302,1.01527767413814,0.158307086341563
A1,N4SID,I,168,14,182,1.19483599315325,1.01291921584795,0.171012513821846
A1,N4SID,I,175,1,176,1.13342354609875,1.10987891728625,0.0107981896035052
A1,N4SID,I,175,2,177,1.14353198704703,1.1080621899114,0.0227094715551908
A1,N4SID,I,175,3,178,1.15370735380072,1.10623912404121,0.0347541098335668
A1,N4SID,I,175,4,179,1.16393758653019,1.1044097555588,0.0468405165926341
A1,N4SID,I,175,5,180,1.17421056037877,1.10257411024146,0.0589714149581306
A1,N4SID,I,175,6,181,1.18451409983302,1.10073220577473,0.0711381899438794
A1,N4SID,I,175,7,182,1.19483599315325,1.0988840534088,0.0833294437205984
A1,N4SID,I,175,8,183,1.20516400684675,1.0970296593165,0.0955331095265546
A1,N4SID,I,175,9,184,1.21548590016698,1.09516902570349,0.107736971567232
A1,N4SID,I,175,10,185,1.22578943962123,1.09330215171293,0.119928796251382
A1,N4SID,I,175,11,186,1.23606241346981,1.09142903415993,0.132096371052682
A1,N4SID,I,175,12,187,1.24629264619928,1.08954966812563,0.144227522589239
A1,N4SID,I,175,13,188,1.25646801295297,1.08766404743584,0.156310130625039
A1,N4SID,I,175,14,189,1.26657645390125,1.08577216504468,0.168332141585746
A1,N4SID,I,182,1,183,1.20516400684675,1.18188675055384,0.00974162409793186
A1,N4SID,I,182,2,184,1.21548590016698,1.18059079724498,0.0206547160368257
A1,N4SID,I,182,3,185,1.22578943962123,1.17928923826779,0.0322949442692486
A1,N4SID,I,182,4,186,1.23606241346981,1.17798206946552,0.0438947314139229
A1,N4SID,I,182,5,187,1.24629264619928,1.17666928049836,0.0554541189037452
A1,N4SID,I,182,6,188,1.25646801295297,1.17535085647377,0.0669637745153478
A1,N4SID,I,182,7,189,1.26657645390125,1.17402677921634,0.07841221480739
A1,N4SID,I,182,8,190,1.27660598853486,1.17269702825075,0.0897875521508141
A1,N4SID,I,182,9,191,1.28654472986418,1.17136158155736,0.101077906609097
A1,N4SID,I,182,10,192,1.29638089850771,1.17002041614791,0.112271501800479
A1,N4SID,I,182,11,193,1.30610283665291,1.16867350933151,0.123356689664573
A1,N4SID,I,182,12,194,1.31569902187308,1.16732083850554,0.134321963305838
A1,N4SID,I,182,13,195,1.32515808078369,1.16596237447601,0.145155975000969
A1,N4SID,I,182,14,196,1.33446880252212,1.16459808987877,0.155847539601526
A1,N4SID,I,189,1,190,1.27660598853486,1.25514604450596,0.00826395532215967
A1,N4SID,I,189,2,191,1.28654472986418,1.25454739309704,0.0164254116456363
A1,N4SID,I,189,3,192,1.29638089850771,1.25394528415223,0.0268838925462936
A1,N4SID,I,189,4,193,1.30610283665291,1.25333968235256,0.0372208325634041
A1,N4SID,I,189,5,194,1.31569902187308,1.25273055456868,0.0474335782380155
A1,N4SID,I,189,6,195,1.32515808078369,1.25211786953607,0.0575126456468113
A1,N4SID,I,189,7,196,1.33446880252212,1.25150159757674,0.0674471430800956
A1,N4SID,I,189,8,197,1.34362015203474,1.25088171036074,0.0772260491211173
A1,N4SID,I,189,9,198,1.35260128315563,1.25025818070169,0.0868384978706048
A1,N4SID,I,189,10,199,1.36140155146149,1.24963098238168,0.0962738379624934
A1,N4SID,I,189,11,200,1.37001052688734,1.24900009000109,0.105521645875441
A1,N4SID,I,189,12,201,1.37841800608823,1.24836547884992,0.114571733105619
A1,N4SID,I,189,13,202,1.38661402453226,1.24772712479762,0.123414154323615
A1,N4SID,I,189,14,203,1.39458886831049,1.24708500419853,0.132039216913795
A1,N4SID,I,196,1,197,1.34362015203474,1.32554866920502,0.00665169191749822
A1,N4SID,I,196,2,198,1.35260128315563,1.3258520607623,0.0110880630765849
A1,N4SID,I,196,3,199,1.36140155146149,1.3261578819046,0.0185820025413436
A1,N4SID,I,196,4,200,1.37001052688734,1.32646614721031,0.0268789027796806
A1,N4SID,I,196,5,201,1.37841800608823,1.32677687211673,0.0349709764027901
A1,N4SID,I,196,6,202,1.38661402453226,1.32709007282298,0.0428492307584184
A1,N4SID,I,196,7,203,1.39458886831049,1.32740576620686,0.0505040026024731
A1,N4SID,I,196,8,204,1.40233308564988,1.32772396975391,0.0579257496201902
A1,N4SID,I,196,9,205,1.40983749811549,1.32804470149671,0.0651052119621919
A1,N4SID,I,196,10,206,1.41709321148877,1.3283679799632,0.0720334383558844
A1,N4SID,I,196,11,207,1.42409162630897,1.32869382413244,0.0787017892796886
A1,N4SID,I,196,12,208,1.43082444806518,1.32902225339711,0.0851019397297864
A1,N4SID,I,196,13,209,1.43728369702703,1.32935328753146,0.0912258844086303
A1,N4SID,I,196,14,210,1.44346171770221,1.32968694666414,0.0970659446353282
A1,N4SID,I,203,1,204,1.40233308564988,1.38892888552505,0.0051246913816964
A1,N4SID,I,203,2,205,1.40983749811549,1.3902419319155,0.0071885062907367
A1,N4SID,I,203,3,206,1.41709321148877,1.39156781179404,0.0100931578848194
A1,N4SID,I,203,4,207,1.42409162630897,1.39290666042556,0.0140536612940879
A1,N4SID,I,203,5,208,1.43082444806518,1.39425861489559,0.0190526665137064
A1,N4SID,I,203,6,209,1.43728369702703,1.39562381410976,0.0241285464871337
A1,N4SID,I,203,7,210,1.44346171770221,1.39700239879702,0.0289098627316588
A1,N4SID,I,203,8,211,1.44935118790974,1.39839451151608,0.0333890555405418
A1,N4SID,I,203,9,212,1.45494512745826,1.39980029666497,0.0375589370627295
A1,N4SID,I,203,10,213,1.46023690641888,1.40121990049298,0.0414126947036884
A1,N4SID,I,203,11,214,1.46522025298301,1.40265347111501,0.0449438883279435
A1,N4SID,I,203,12,215,1.46988926089567,1.40410115852781,0.0481464502807898
A1,N4SID,I,203,13,216,1.4742383964556,1.40556311462818,0.0510146881430235
A1,N4SID,I,203,14,217,1.47826250507376,1.40703949323259,0.053543289018275
A1,N4SID,I,210,1,211,1.44935118790974,1.44136146677919,0.00411465556894255
A1,N4SID,I,210,2,212,1.45494512745826,1.44360009054567,0.00449195570936204
A1,N4SID,I,210,3,213,1.46023690641888,1.44586384045111,0.00546741970806593
A1,N4SID,I,210,4,214,1.46522025298301,1.4481530328706,0.00636661154352471
A1,N4SID,I,210,5,215,1.46988926089567,1.45046798885186,0.00715243694564266
A1,N4SID,I,210,6,216,1.4742383964556,1.45280903419548,0.00782294430399186
A1,N4SID,I,210,7,217,1.47826250507376,1.45517649953704,0.00859129266916175
A1,N4SID,I,210,8,218,1.48195681738257,1.45757072043101,0.00930634368791593
A1,N4SID,I,210,9,219,1.48531695488855,1.45999203743672,0.0098206168737848
A1,N4SID,I,210,10,220,1.48833893516169,1.46244079620608,0.0101317010147589
A1,N4SID,I,210,11,221,1.49101917655545,1.46491734757337,0.0102374073683993
A1,N4SID,I,210,12,222,1.4933545024517,1.46742204764698,0.0101357706859937
A1,N4SID,I,210,13,223,1.49534214502563,1.46995525790306,0.00982505055932358
A1,N4SID,I,210,14,224,1.49697974852621,1.47251734528137,0.00930373282935022
A1,N4SID,I,217,1,218,1.48195681738257,1.4795387808084,0.00353175447828494
A1,N4SID,I,217,2,219,1.48531695488855,1.48242099151892,0.00359158625838928
A1,N4SID,I,217,3,220,1.48833893516169,1.48533785235407,0.00361007021507536
A1,N4SID,I,217,4,221,1.49101917655545,1.48828983806316,0.00358670221187526
A1,N4SID,I,217,5,222,1.4933545024517,1.49127743106752,0.00352109233537473
A1,N4SID,I,217,6,223,1.49534214502563,1.49430112161224,0.00341289832479966
A1,N4SID,I,217,7,224,1.49697974852621,1.49736140792082,0.0033466295242518
A1,N4SID,I,217,8,225,1.49826537206819,1.50045879635287,0.00355501001274837
A1,N4SID,I,217,9,226,1.49919749193245,1.50359380156508,0.00380693255699478
A1,N4SID,I,217,10,227,1.49977500337191,1.50676694667547,0.00410258114178525
A1,N4SID,I,217,11,228,1.49999722192086,1.50997876343116,0.00444209313259621
A1,N4SID,I,217,12,229,1.49986388420621,1.51322979237973,0.00517411752323772
A1,N4SID,I,217,13,230,1.49937514825962,1.51652058304429,0.00643557843091117
A1,N4SID,I,217,14,231,1.49853159333021,1.51985169410247,0.00782877279898178
A1,N4SID,I,224,1,225,1.49826537206819,1.50109543528538,0.00357377091852556
A1,N4SID,I,224,2,226,1.49919749193245,1.50421825746595,0.00382399124872699
A1,N4SID,I,224,3,227,1.49977500337191,1.50737888535061,0.00411799965535256
A1,N4SID,I,224,4,228,1.49999722192086,1.51057784349481,0.00445587589033986
A1,N4SID,I,224,5,229,1.49986388420621,1.51381566509014,0.00535784327005118
A1,N4SID,I,224,6,230,1.49937514825962,1.51709289213587,0.0066147435212681
A1,N4SID,I,224,7,231,1.49853159333021,1.52041007561409,0.00800325641867609
A1,N4SID,I,224,8,232,1.49733421919804,1.52376777566873,0.0104786148289897
A1,N4SID,I,224,9,233,1.49578444498915,1.52716656178846,0.0138773233988777
A1,N4SID,I,224,10,234,1.49388410749365,1.53060701299379,0.0186390932017919
A1,N4SID,I,224,11,235,1.49163545898872,1.5340897180282,0.0243279331938978
A1,N4SID,I,224,12,236,1.48904116456924,1.53761527555382,0.0304047341915758
A1,N4SID,I,224,13,237,1.48610429898913,1.54118429435136,0.0368670227218166
A1,N4SID,I,224,14,238,1.48282834301713,1.54479739352484,0.0437119292705631
A1,N4SID,I,231,1,232,1.49733421919804,1.50478864223377,0.00405213565015908
A1,N4SID,I,231,2,233,1.49578444498915,1.50773687746381,0.00467868393441546
A1,N4SID,I,231,3,234,1.49388410749365,1.51071919758443,0.00630754378766989
A1,N4SID,I,231,4,235,1.49163545898872,1.51373605334924,0.00815747083455092
A1,N4SID,I,231,5,236,1.48904116456924,1.51678790260443,0.0112857796165083
A1,N4SID,I,231,6,237,1.48610429898913,1.51987521041938,0.0160659922472005
A1,N4SID,I,231,7,238,1.48282834301713,1.52299844922046,0.022427823603198
A1,N4SID,I,231,8,239,1.47921717931139,1.52615809892804,0.0291607683655835
A1,N4SID,I,231,9,240,1.47527508781782,1.52935464709673,0.0362610575352128
A1,N4SID,I,231,10,241,1.47100674069741,1.53258858905889,0.0437245223807094
A1,N4SID,I,231,11,242,1.46641719678885,1.5358604280715,0.0515466080412324
A1,N4SID,I,231,12,243,1.4615118956128,1.53917067546642,0.0597223833737458
A1,N4SID,I,231,13,244,1.45629665092495,1.5425198508041,0.0682465493454947
A1,N4SID,I,231,14,245,1.45077764382559,1.54590848203083,0.077113446965418
A1,N4SID,I,238,1,239,1.47921717931139,1.49053442510126,0.00445277148730134
A1,N4SID,I,238,2,240,1.47527508781782,1.49297149196681,0.00657968338130687
A1,N4SID,I,238,3,241,1.47100674069741,1.49543426825418,0.00954025625091181
A1,N4SID,I,238,4,242,1.46641719678885,1.49792306117902,0.0144217797664475
A1,N4SID,I,238,5,243,1.4615118956128,1.50043818233361,0.0216231758452874
A1,N4SID,I,238,6,244,1.45629665092495,1.50297994775434,0.0293504582352216
A1,N4SID,I,238,7,245,1.45077764382559,1.50554867799114,0.0374079471533573
A1,N4SID,I,238,8,246,1.44496141543377,1.5081446981793,0.045789526929775
A1,N4SID,I,238,9,247,1.43885485913478,1.51076833811312,0.0544886768082829
A1,N4SID,I,238,10,248,1.43246521241011,1.51341993232179,0.063498511896718
A1,N4SID,I,238,11,249,1.4258000482596,1.51609982014707,0.0728118051443834
A1,N4SID,I,238,12,250,1.41886726622595,1.51880834582313,0.0824210023159477
A1,N4SID,I,238,13,251,1.41167508303215,1.52154585855811,0.0923182342172886
A1,N4SID,I,238,14,252,1.4042320228431,1.52431271261784,0.102495327867786
A1,N4SID,I,245,1,246,1.44496141543377,1.45934433707557,0.00545737900327381
A1,N4SID,I,245,2,247,1.43885485913478,1.46106167406577,0.008417852367915
A1,N4SID,I,245,3,248,1.43246521241011,1.46279491030633,0.0137935888290513
A1,N4SID,I,245,4,249,1.4258000482596,1.46454420915186,0.0219430821182278
A1,N4SID,I,245,5,250,1.41886726622595,1.46630973598055,0.0306217096539542
A1,N4SID,I,245,6,251,1.41167508303215,1.46809165821311,0.0395753518129723
A1,N4SID,I,245,7,252,1.4042320228431,1.46989014533338,0.0487959955285154
A1,N4SID,I,245,8,253,1.39654690716273,1.47170536891048,0.0582751226048626
A1,N4SID,I,245,9,254,1.38862884437875,1.47353750262244,0.0680038537355768
A1,N4SID,I,245,10,255,1.38048721896748,1.47538672228105,0.0779730045805052
A1,N4SID,I,245,11,256,1.3721316803713,1.47725320585792,0.0881731141873074
A1,N4SID,I,245,12,257,1.3635721315622,1.47913713351169,0.0985944637660719
A1,N4SID,I,245,13,258,1.35481871730476,1.48103868761612,0.109227091785646
A1,N4SID,I,245,14,259,1.34588181213261,1.48295805278935,0.120060807614433
A1,N4SID,I,252,1,253,1.39654690716273,1.41320224995473,0.00619418147727422
A1,N4SID,I,252,2,254,1.38862884437875,1.41412649454993,0.010372228266522
A1,N4SID,I,252,3,255,1.38048721896748,1.41505801198046,0.0183386118296734
A1,N4SID,I,252,4,256,1.3721316803713,1.41599686325022,0.0276251014210786
A1,N4SID,I,252,5,257,1.3635721315622,1.41694311003435,0.0371209890589853
A1,N4SID,I,252,6,258,1.35481871730476,1.41789681467364,0.0468174410421805
A1,N4SID,I,252,7,259,1.34588181213261,1.41885804017085,0.0567045526615292
A1,N4SID,I,252,8,260,1.33677200805254,1.41982685018847,0.0667719444018138
A1,N4SID,I,252,9,261,1.32750010199087,1.42080330904786,0.0770089441976898
A1,N4SID,I,252,10,262,1.31807708299694,1.42178748172962,0.0874046545201163
A1,N4SID,I,252,11,263,1.30851411921893,1.42277943387488,0.0979479849182281
A1,N4SID,I,252,12,264,1.29882254466736,1.42377923178756,0.108627673116918
A1,N4SID,I,252,13,265,1.28901384578205,1.42478694243735,0.119432301911811
A1,N4SID,I,252,14,266,1.2790996478184,1.42580263346339,0.130350314400719
A1,N4SID,I,259,1,260,1.33677200805254,1.35490266525636,0.00666255294931247
A1,N4SID,I,259,2,261,1.32750010199087,1.35507048611697,0.0123248771724896
A1,N4SID,I,259,3,262,1.31807708299694,1.3552394085749,0.0215481781279624
A1,N4SID,I,259,4,263,1.30851411921893,1.35540943919159,0.0312824526600919
A1,N4SID,I,259,5,264,1.29882254466736,1.35558058468366,0.041144325562153
A1,N4SID,I,259,6,265,1.28901384578205,1.35575285190837,0.0511237349181569
A1,N4SID,I,259,7,266,1.2790996478184,1.35592624785111,0.0612095007565863
A1,N4SID,I,259,8,267,1.26909170106918,1.35610077961484,0.0713900313649995
A1,N4SID,I,259,9,268,1.25900186693807,1.35627645441102,0.0816535313494561
A1,N4SID,I,259,10,269,1.24884210388156,1.35645327955191,0.0919880747033718
A1,N4SID,I,259,11,270,1.23862445323577,1.35663126244401,0.102381638970783
A1,N4SID,I,259,12,271,1.22836102494516,1.35681041058253,0.112822127133715
A1,N4SID,I,259,13,272,1.21806398320974,1.35699073154668,0.123297385177559
A1,N4SID,I,259,14,273,1.20774553206814,1.35717223299569,0.133795217964875
A1,N4SID,I,266,1,267,1.26909170106918,1.28786213280818,0.0069208908733038
A1,N4SID,I,266,2,268,1.25900186693807,1.28737547280569,0.0134111759461587
A1,N4SID,I,266,3,269,1.24884210388156,1.28688619594334,0.023098117513507
A1,N4SID,I,266,4,270,1.23862445323577,1.28639428829101,0.0328328220341159
A1,N4SID,I,266,5,271,1.22836102494516,1.28589973599008,0.0426085505396109
A1,N4SID,I,266,6,272,1.21806398320974,1.28540252523568,0.0524146013096695
A1,N4SID,I,266,7,273,1.20774553206814,1.28490264226142,0.0622391902513095
A1,N4SID,I,266,8,274,1.19741790093339,1.28440007332627,0.0720702149325523
A1,N4SID,I,266,9,275,1.18709333009864,1.28389480470338,0.0818954726824644
A1,N4SID,I,266,10,276,1.17678405622996,1.28338682267047,0.0917027340735085
A1,N4SID,I,266,11,277,1.16650229786349,1.28287611350153,0.101479776194284
A1,N4SID,I,266,12,278,1.15626024092404,1.28236266345978,0.111214403829959
A1,N4SID,I,266,13,279,1.14607002428233,1.2818464587916,0.120894466578879
A1,N4SID,I,266,14,280,1.13594372536806,1.28132748572131,0.130507874404771
A1,N4SID,I,273,1,274,1.19741790093339,1.21591538657175,0.00693113775298173
A1,N4SID,I,273,2,275,1.18709333009864,1.2148907827069,0.0135332887989954
A1,N4SID,I,273,3,276,1.17678405622996,1.2138615438152,0.0228356025323684
A1,N4SID,I,273,4,277,1.16650229786349,1.21282765257356,0.0320985089792031
A1,N4SID,I,273,5,278,1.15626024092404,1.21178909179528,0.0413151127860229
A1,N4SID,I,273,6,279,1.14607002428233,1.21074584441038,0.0504746670515927
A1,N4SID,I,273,7,280,1.13594372536806,1.20969789344876,0.0595654702760583
A1,N4SID,I,273,8,281,1.12589334585572,1.20864522202596,0.0685756223819577
A1,N4SID,I,273,9,282,1.11593079744024,1.20758781333097,0.077493234609863
A1,N4SID,I,273,10,283,1.10606788771925,1.20652565061602,0.0863064976436949
A1,N4SID,I,273,11,284,1.09631630619878,1.20545871718783,0.0950037116356973
A1,N4SID,I,273,12,285,1.08668761043881,1.2043869964003,0.103573305322317
A1,N4SID,I,273,13,286,1.07719321235531,1.20331047164832,0.112003851657999
A1,N4SID,I,273,14,287,1.06784436469485,1.20222912636261,0.120284082130739
A1,N4SID,I,280,1,281,1.12589334585572,1.14311162651186,0.0063892418348552
A1,N4SID,I,280,2,282,1.11593079744024,1.14163884659099,0.0121669872409759
A1,N4SID,I,280,3,283,1.10606788771925,1.14016019485137,0.0205774151525437
A1,N4SID,I,280,4,284,1.09631630619878,1.13867565687067,0.0288643222439949
A1,N4SID,I,280,5,285,1.08668761043881,1.13718521846683,0.0370208527033896
A1,N4SID,I,280,6,286,1.07719321235531,1.13568886567683,0.0450367928562213
A1,N4SID,I,280,7,287,1.06784436469485,1.13418658473872,0.0529011955099273
A1,N4SID,I,280,8,288,1.05865214769784,1.13267836207644,0.0606030547096178
A1,N4SID,I,280,9,289,1.04962745596627,1.1311641842871,0.0681314883922617
A1,N4SID,I,280,10,290,1.04078098555142,1.12964403813031,0.0754757957385645
A1,N4SID,I,280,11,291,1.03212322127695,1.12811791051924,0.0826254819711616
A1,N4SID,I,280,12,292,1.02366442431226,1.12658578851328,0.0895702743045109
A1,N4SID,I,280,13,293,1.015414620011,1.12504765931192,0.0963001352259562
A1,N4SID,I,280,14,294,1.00738358602903,1.12350351024982,0.102805274772412
A1,N4SID,I,287,1,288,1.05865214769784,1.07352562472097,0.00546660710100426
A1,N4SID,I,287,2,289,1.04962745596627,1.07165140735053,0.00965299507489539
A1,N4SID,I,287,3,290,1.04078098555142,1.06977017876674,0.0162087493764711
A1,N4SID,I,287,4,291,1.03212322127695,1.06788192972531,0.0230022357020419
A1,N4SID,I,287,5,292,1.02366442431226,1.06598665135738,0.0295886089425221
A1,N4SID,I,287,6,293,1.015414620011,1.06408433514781,0.0359587412773884
A1,N4SID,I,287,7,294,1.00738358602903,1.06217497291708,0.0421030695045307
A1,N4SID,I,287,8,295,0.99958084073594,1.06025855680617,0.0480121209864295
A1,N4SID,I,287,9,296,0.992015631933907,1.05833507926402,0.0536766526582375
A1,N4SID,I,287,10,297,0.984696925897211,1.05640453303721,0.0590876934734735
A1,N4SID,I,287,11,298,0.977633396745422,1.05446691116154,0.0642365626607578
A1,N4SID,I,287,12,299,0.970833416162837,1.05252220695521,0.069114881778099
A1,N4SID,I,287,13,300,0.964305043476386,1.05057041401341,0.0737145850036597
A1,N4SID,I,287,14,301,0.958056016103717,1.04861152620413,0.0780279287379356
A1,N4SID,I,294,1,295,0.99958084073594,1.01108492396801,0.00431496980316118
A1,N4SID,I,294,2,296,0.992015631933907,1.00883127336681,0.00651583362266013
A1,N4SID,I,294,3,297,0.984696925897211,1.0065693093111,0.00997082503705708
A1,N4SID,I,294,4,298,0.977633396745422,1.00429903010951,0.0146306371944815
A1,N4SID,I,294,5,299,0.970833416162837,1.00202043463781,0.0191791344028459
A1,N4SID,I,294,6,300,0.964305043476386,0.999733522319317,0.0234476620910705
A1,N4SID,I,294,7,301,0.958056016103717,0.997438293114337,0.0274286032674144
A1,N4SID,I,294,8,302,0.952093740382827,0.995134747548763,0.0311145740800001
A1,N4SID,I,294,9,303,0.946425282794081,0.992822886659868,0.0344985103845268
A1,N4SID,I,294,10,304,0.941057361585027,0.990502711991992,0.0375736936298418
A1,N4SID,I,294,11,305,0.93599633880794,0.988174225593738,0.0403337622079325
A1,N4SID,I,294,12,306,0.931248212779527,0.985837430016545,0.0427727193356272
A1,N4SID,I,294,13,307,0.926818610971735,0.983492328314483,0.0448849399908574
A1,N4SID,I,294,14,308,0.922712783342072,0.981138924045172,0.0466651774076202
A1,N4SID,I,301,1,302,0.952093740382827,0.959390791579307,0.00292020931991822
A1,N4SID,I,301,2,303,0.946425282794081,0.956799117946149,0.00391034017703255
A1,N4SID,I,301,3,304,0.941057361585027,0.954197869836664,0.0048312944756244
A1,N4SID,I,301,4,305,0.93599633880794,0.951587057000911,0.00600432912611586
A1,N4SID,I,301,5,306,0.931248212779527,0.948966690090081,0.00719361048243377
A1,N4SID,I,301,6,307,0.926818610971735,0.946336780655256,0.00858003295137755
A1,N4SID,I,301,7,308,0.922712783342072,0.943697341151166,0.00973863935557696
A1,N4SID,I,301,8,309,0.918935596111371,0.941048384944864,0.0108664095454918
A1,N4SID,I,301,9,310,0.915491525996349,0.938389926329364,0.0116832317864792
A1,N4SID,I,301,10,311,0.912384654903811,0.935721980542424,0.0121534775493736
A1,N4SID,I,301,11,312,0.909618665092781,0.933044563790791,0.0122734784584358
A1,N4SID,I,301,12,313,0.90719683481029,0.93035769328038,0.012039972087705
A1,N4SID,I,301,13,314,0.905122034406005,0.927661387253032,0.0114501054704708
A1,N4SID,I,301,14,315,0.903396722930298,0.924955665030734,0.0105014382946025
A1,N4SID,I,308,1,309,0.918935596111371,0.921503287446729,0.0022930029438831
A1,N4SID,I,308,2,310,0.915491525996349,0.918673821904384,0.00235503550810941
A1,N4SID,I,308,3,311,0.912384654903811,0.91583407414192,0.00237862634484928
A1,N4SID,I,308,4,312,0.909618665092781,0.912984068358733,0.00236321203083151
A1,N4SID,I,308,5,313,0.90719683481029,0.910123830248861,0.00230839990823413
A1,N4SID,I,308,6,314,0.905122034406005,0.907253387082928,0.00221387030433306
A1,N4SID,I,308,7,315,0.903396722930298,0.904372767809089,0.00207935433277438
A1,N4SID,I,308,8,316,0.902022945219776,0.901482003176401,0.00202483890655153
A1,N4SID,I,308,9,317,0.901002329473749,0.898581125884902,0.00222756487621923
A1,N4SID,I,308,10,318,0.90033608532449,0.895670170767734,0.00247076446574034
A1,N4SID,I,308,11,319,0.900025002403579,0.892749175012066,0.00283211865998118
A1,N4SID,I,308,12,320,0.900069449406033,0.889818178427305,0.00382262547731407
A1,N4SID,I,308,13,321,0.900469373653331,0.886877223771215,0.0050394672532236
A1,N4SID,I,308,14,322,0.901224301155846,0.883926357147384,0.00721220359515135
A1,N4SID,I,315,1,316,0.902022945219776,0.899698978649675,0.00219731724139694
A1,N4SID,I,315,2,317,0.901002329473749,0.896792795667758,0.00240063275003981
A1,N4SID,I,315,3,318,0.90033608532449,0.893876610053639,0.00264444499250209
A1,N4SID,I,315,4,319,0.900025002403579,0.890950459988267,0.00342641115017034
A1,N4SID,I,315,5,320,0.900069449406033,0.888014386361923,0.00441862051964937
A1,N4SID,I,315,6,321,0.900469373653331,0.885068433116785,0.006077718845579
A1,N4SID,I,315,7,322,0.901224301155846,0.882112647665799,0.0087058237194137
A1,N4SID,I,315,8,323,0.90233333717462,0.879147081405899,0.0126591598053182
A1,N4SID,I,315,9,324,0.903795167281804,0.876171790348759,0.0171311329919133
A1,N4SID,I,315,10,325,0.905608058918517,0.873186835898394,0.0219639367340229
A1,N4SID,I,315,11,326,0.907769863448274,0.870192285813169,0.0271553543002974
A1,N4SID,I,315,12,327,0.910278018703543,0.86718821540056,0.032702747621035
A1,N4SID,I,315,13,328,0.913129552022428,0.864174709007187,0.0386030589224162
A1,N4SID,I,315,14,329,0.916321083771857,0.861151861885509,0.0448528124190959
A1,N4SID,I,322,1,323,0.90233333717462,0.895265946998942,0.00275620701712865
A1,N4SID,I,322,2,324,0.903795167281804,0.892464941749999,0.00417573277874928
A1,N4SID,I,322,3,325,0.905608058918517,0.889655213873424,0.00639270842351933
A1,N4SID,I,322,4,326,0.907769863448274,0.886836812302833,0.0104056979168436
A1,N4SID,I,322,5,327,0.910278018703543,0.884009790487624,0.0157739753909212
A1,N4SID,I,322,6,328,0.913129552022428,0.881174207182189,0.0214941617795398
A1,N4SID,I,322,7,329,0.916321083771857,0.878330127411371,0.0275628850959466
A1,N4SID,I,322,8,330,0.919848831353122,0.875477623657359,0.03397631770141
A1,N4SID,I,322,9,331,0.923708613685009,0.872616777326084,0.0407302083274201
A1,N4SID,I,322,10,332,0.927895856159209,0.869747680568159,0.0478198948469159
A1,N4SID,I,322,11,333,0.932405596062135,0.866870438552142,0.0552403110354206
A1,N4SID,I,322,12,334,0.937232488456727,0.8639851723188,0.0629859911020223
A1,N4SID,I,322,13,335,0.942370812517259,0.861092022387059,0.0710510730860442
A1,N4SID,I,322,14,336,0.947814478309656,0.858191153340808,0.079429301350143
A1,N4SID,I,329,1,330,0.919848831353122,0.908404727463161,0.00422080903279931
A1,N4SID,I,329,2,331,0.923708613685009,0.905856922162639,0.00762201080683401
A1,N4SID,I,329,3,332,0.927895856159209,0.90330224084145,0.0138876072692049
A1,N4SID,I,329,4,333,0.932405596062135,0.900740735295817,0.0209899555516478
A1,N4SID,I,329,5,334,0.937232488456727,0.898172462353563,0.0284154606515105
A1,N4SID,I,329,6,335,0.942370812517259,0.895597484846172,0.0361589007762055
A1,N4SID,I,329,7,336,0.947814478309656,0.893015872773275,0.0442142882053494
A1,N4SID,I,329,8,337,0.953557034009276,0.890427704709222,0.0525751514010299
A1,N4SID,I,329,9,338,0.959591673547597,0.887833069515042,0.0612346178018396
A1,N4SID,I,329,10,339,0.965911244678767,0.885232068437077,0.0701854429768032
A1,N4SID,I,329,11,340,0.972508257456431,0.882624817698252,0.0794200243181663
A1,N4SID,I,329,12,341,0.979374893110804,0.880011451721164,0.0889304096558643
A1,N4SID,I,329,13,342,0.986503013315467,0.877392127168244,0.0987083037212946
A1,N4SID,I,329,14,343,0.9938841698329,0.87476702804886,0.108745073229253
A1,N4SID,I,336,1,337,0.953557034009276,0.938249510683105,0.00587752423687336
A1,N4SID,I,336,2,338,0.959591673547597,0.936032862633395,0.0123796946937678
A1,N4SID,I,336,3,339,0.965911244678767,0.933811117736769,0.0209540670246588
A1,N4SID,I,336,4,340,0.972508257456431,0.931584316715878,0.0298060929163265
A1,N4SID,I,336,5,341,0.979374893110804,0.929352502365278,0.0389314374866946
A1,N4SID,I,336,6,342,0.986503013315467,0.927115720148983,0.0483228709601847
A1,N4SID,I,336,7,343,0.9938841698329,0.924874018856738,0.0579721714977068
A1,N4SID,I,336,8,344,1.00150961452732,0.922627451338683,0.0678706253585133
A1,N4SID,I,336,9,345,1.00937030973295,0.92037607534158,0.0780091680626175
A1,N4SID,I,336,10,346,1.01745693896546,0.918119954474441,0.0883784316070851
A1,N4SID,I,336,11,347,1.02575991796386,0.915859159337631,0.0989687660682364
A1,N4SID,I,336,12,348,1.03426940604971,0.913593768857681,0.109770253722804
A1,N4SID,I,336,13,349,1.04297531779033,0.91132387188098,0.120772720731076
A1,N4SID,I,336,14,350,1.05186733495201,0.909049569094111,0.131965747864783
A1,N4SID,I,343,1,344,1.00150961452732,0.982977343771926,0.00750122638637716
A1,N4SID,I,343,2,345,1.00937030973295,0.981098487724405,0.016381347258513
A1,N4SID,I,343,3,346,1.01745693896546,0.979215814641136,0.0263824743338282
A1,N4SID,I,343,4,347,1.02575991796386,0.977329354529822,0.0365970790669772
A1,N4SID,I,343,5,348,1.03426940604971,0.975439135323763,0.0470201916432303
A1,N4SID,I,343,6,349,1.04297531779033,0.973545183326891,0.0576429871923061
A1,N4SID,I,343,7,350,1.05186733495201,0.971647523610032,0.068455475741212
A1,N4SID,I,343,8,351,1.06093491872914,0.969746180367256,0.0794471986666034
A1,N4SID,I,343,9,352,1.07016732223487,0.967841177240258,0.090607419595505
A1,N4SID,I,343,10,353,1.07955360323821,0.965932537617923,0.101925185435454
A1,N4SID,I,343,11,354,1.0890826371328,0.96402028491766,0.113389353211006
A1,N4SID,I,343,12,355,1.09874313012177,0.962104442854732,0.124988607535517
A1,N4SID,I,343,13,356,1.10852363260311,0.960185035705106,0.136711475389723
A1,N4SID,I,343,14,357,1.11841255273977,0.958262088567977,0.148546340104655
A1,N4SID,I,350,1,351,1.06093491872914,1.03996648704559,0.00879586413675119
A1,N4SID,I,350,2,352,1.07016732223487,1.03839168989794,0.0189519785876314
A1,N4SID,I,350,3,353,1.07955360323821,1.03681389119354,0.0299460212691918
A1,N4SID,I,350,4,354,1.0890826371328,1.03523312684001,0.0410779927110991
A1,N4SID,I,350,5,355,1.09874313012177,1.03364942729303,0.0523423652484911
A1,N4SID,I,350,6,356,1.10852363260311,1.03206281840642,0.0637291469500112
A1,N4SID,I,350,7,357,1.11841255273977,1.03047332215843,0.0752271124603303
A1,N4SID,I,350,8,358,1.12839817019821,1.02888095727156,0.0868246288615371
A1,N4SID,I,350,9,359,1.13846865003941,1.02728573974089,0.0985098763286751
A1,N4SID,I,350,10,360,1.14861205674556,1.02568768328391,0.110270915685581
A1,N4SID,I,350,11,361,1.15881636836602,1.02408679972313,0.122095716784233
A1,N4SID,I,350,12,362,1.16906949076577,1.02248309931111,0.133972176659832
A1,N4SID,I,350,13,363,1.1793592719593,1.02087659100624,0.145888134942567
A1,N4SID,I,350,14,364,1.18967351651318,1.01926728270667,0.15783138851523
A1,SSEST,I,49,1,50,1.4966032770697,1.49362011166412,0.0113323503551573
A1,SSEST,I,49,2,51,1.49487796559399,1.48521969367915,0.0148672535959019
A1,SSEST,I,49,3,52,1.49280316518971,1.47501781440635,0.0124879747621124
A1,SSEST,I,49,4,53,1.49038133490722,1.46293615721232,0.0161415507566302
A1,SSEST,I,49,5,54,1.48761534509619,1.44891286254516,0.0148926928624779
A1,SSEST,I,49,6,55,1.48450847400365,1.43290609815794,0.0196418982935788
A1,SSEST,I,49,7,56,1.48106440388863,1.41489744097271,0.0249278828075002
A1,SSEST,I,49,8,57,1.47728721665793,1.3948948523213,0.0310256155993407
A1,SSEST,I,49,9,58,1.47318138902826,1.37293501461266,0.055963256025117
A1,SSEST,I,49,10,59,1.46875178722047,1.34908480369267,0.0643853811462757
A1,SSEST,I,49,11,60,1.46400366119206,1.32344170117087,0.103474769413786
A1,SSEST,I,49,12,61,1.45894263841497,1.29613300591914,0.116131394031528
A1,SSEST,I,49,13,62,1.45357471720592,1.26731378125817,0.157012823543011
A1,SSEST,I,49,14,63,1.44790625961717,1.23716356750991,0.173213841398941
A1,SSEST,I,56,1,57,1.47728721665793,1.47405610635359,0.00514015475224116
A1,SSEST,I,56,2,58,1.47318138902826,1.46301946043054,0.00545476975088183
A1,SSEST,I,56,3,59,1.46875178722047,1.45038472469031,0.0070587113249303
A1,SSEST,I,56,4,60,1.46400366119206,1.43612317120623,0.0102189188967803
A1,SSEST,I,56,5,61,1.45894263841497,1.42022382043504,0.0165781896954011
A1,SSEST,I,56,6,62,1.45357471720592,1.40269562162715,0.030298932627418
A1,SSEST,I,56,7,63,1.44790625961717,1.38356923089826,0.0433912535899707
A1,SSEST,I,56,8,64,1.44194398389628,1.36289824267709,0.0607511481552808
A1,SSEST,I,56,9,65,1.43569495652361,1.3407597461733,0.076564773244084
A1,SSEST,I,56,10,66,1.42916658383716,1.31725410925207,0.096177806632458
A1,SSEST,I,56,11,67,1.42236660325458,1.29250393701833,0.114297454828787
A1,SSEST,I,56,12,68,1.41530307410279,1.26665220888825,0.13566657816108
A1,SSEST,I,56,13,69,1.40798436806609,1.2398596615424,0.155500419824248
A1,SSEST,I,56,14,70,1.40041915926406,1.21230155035686,0.177970886338128
A1,SSEST,I,63,1,64,1.44194398389628,1.43872405723916,0.0031957905051987
A1,SSEST,I,63,2,65,1.43569495652361,1.42563393763813,0.00393567742086868
A1,SSEST,I,63,3,66,1.42916658383716,1.41127278164221,0.00651774119389164
A1,SSEST,I,63,4,67,1.42236660325458,1.39567138378576,0.0124862136918715
A1,SSEST,I,63,5,68,1.41530307410279,1.37888117302188,0.0230570559387014
A1,SSEST,I,63,6,69,1.40798436806609,1.36097644289992,0.0341725709394986
A1,SSEST,I,63,7,70,1.40041915926406,1.34205687181152,0.0464200670624265
A1,SSEST,I,63,8,71,1.39261641397097,1.32225079210757,0.0590248266224119
A1,SSEST,I,63,9,72,1.384585379989,1.30172015112758,0.0724413816388597
A1,SSEST,I,63,10,73,1.37633557568774,1.28066910780983,0.0858845858349928
A1,SSEST,I,63,11,74,1.36787677872305,1.25936039500761,0.0996406878576623
A1,SSEST,I,63,12,75,1.35921901444858,1.2381483854572,0.11283411631335
A1,SSEST,I,63,13,76,1.35037254403373,1.21754513166008,0.125435275869345
A1,SSEST,I,63,14,77,1.34134785230216,1.1982991275418,0.136222759692905
A1,SSEST,I,70,1,71,1.39261641397097,1.38979955151888,0.00248872685963876
A1,SSEST,I,70,2,72,1.384585379989,1.37606460438368,0.00323182638295407
A1,SSEST,I,70,3,73,1.37633557568774,1.36180063368766,0.00547536627999816
A1,SSEST,I,70,4,74,1.36787677872305,1.34726557999797,0.0111708787007379
A1,SSEST,I,70,5,75,1.35921901444858,1.33287220998495,0.0161776986072205
A1,SSEST,I,70,6,76,1.35037254403373,1.31929575479704,0.0224692147390319
A1,SSEST,I,70,7,77,1.34134785230216,1.30728115813426,0.0247303385097714
A1,SSEST,I,70,8,78,1.33215563530515,1.29688044930143,0.0273264394099465
A1,SSEST,I,70,9,79,1.32280678764469,1.28788840778955,0.0262079443364863
A1,SSEST,I,70,10,80,1.31331238956119,1.28009552694652,0.0257487398353433
A1,SSEST,I,70,11,81,1.30368369380122,1.27331931391778,0.0221217562686533
A1,SSEST,I,70,12,82,1.29393211228075,1.26740464387178,0.0194136312819054
A1,SSEST,I,70,13,83,1.28406920255976,1.26222046055453,0.0139624004859673
A1,SSEST,I,70,14,84,1.27410665414428,1.2576560247272,0.00960231890023692
A1,SSEST,I,77,1,78,1.33215563530515,1.33303178888933,0.00122649131622617
A1,SSEST,I,77,2,79,1.32280678764469,1.3260980435209,0.00166851561308124
A1,SSEST,I,77,3,80,1.31331238956119,1.32021365094252,0.00253149086340046
A1,SSEST,I,77,4,81,1.30368369380122,1.3152226727673,0.00496027599377262
A1,SSEST,I,77,5,82,1.29393211228075,1.31099230298702,0.011301068721168
A1,SSEST,I,77,6,83,1.28406920255976,1.30741018728785,0.016641142600572
A1,SSEST,I,77,7,84,1.27410665414428,1.30438117233743,0.0246352695680139
A1,SSEST,I,77,8,85,1.26405627463194,1.30182453641765,0.0311998977768857
A1,SSEST,I,77,9,86,1.25392997571767,1.29967170092464,0.0401841602628835
A1,SSEST,I,77,10,87,1.24373975907596,1.29786433046858,0.0476528131496727
A1,SSEST,I,77,11,88,1.23349770213651,1.29635274944687,0.0573516154317295
A1,SSEST,I,77,12,89,1.22321594377004,1.29509461746229,0.0654781147980734
A1,SSEST,I,77,13,90,1.21290666990136,1.29405381777713,0.0756778652998553
A1,SSEST,I,77,14,91,1.20258209906661,1.29319952184059,0.0842694320077721
A1,SSEST,I,84,1,85,1.26405627463194,1.26759815313589,0.00139151393496548
A1,SSEST,I,84,2,86,1.25392997571767,1.26462332911648,0.00519924592910588
A1,SSEST,I,84,3,87,1.24373975907596,1.2620001536797,0.0129516835015659
A1,SSEST,I,84,4,88,1.23349770213651,1.25967628901424,0.0207875015594382
A1,SSEST,I,84,5,89,1.22321594377004,1.25760713961218,0.0291660834429557
A1,SSEST,I,84,6,90,1.21290666990136,1.25575467200117,0.0375386873610376
A1,SSEST,I,84,7,91,1.20258209906661,1.25408642285791,0.0463453895157798
A1,SSEST,I,84,8,92,1.19225446793186,1.25257466328928,0.0550773467299303
A1,SSEST,I,84,9,93,1.18193601679026,1.25119569310942,0.0641544601215566
A1,SSEST,I,84,10,94,1.17163897505484,1.24992924368854,0.0731028676707992
A1,SSEST,I,84,11,95,1.16137554676423,1.24875797179398,0.0823220475811803
A1,SSEST,I,84,12,96,1.15115789611844,1.24766702990637,0.0913692672431246
A1,SSEST,I,84,13,97,1.14099813306193,1.24664370098335,0.100623746215859
A1,SSEST,I,84,14,98,1.13090829893082,1.24567708764408,0.109670802781814
A1,SSEST,I,91,1,92,1.19225446793186,1.19623171862823,0.0014732831206732
A1,SSEST,I,91,2,93,1.18193601679026,1.19382579339884,0.00758059721592102
A1,SSEST,I,91,3,94,1.17163897505484,1.19152300529651,0.0161498243828968
A1,SSEST,I,91,4,95,1.16137554676423,1.18930543708773,0.0237149101596566
A1,SSEST,I,91,5,96,1.15115789611844,1.18715774511431,0.0323241006526535
A1,SSEST,I,91,6,97,1.14099813306193,1.18506678086538,0.0399413228113359
A1,SSEST,I,91,7,98,1.13090829893082,1.18302126922266,0.0484921650820148
A1,SSEST,I,91,8,99,1.1209003521816,1.18101153462178,0.0560668188023468
A1,SSEST,I,91,9,100,1.11098615421795,1.17902926778954,0.0644751101852246
A1,SSEST,I,91,10,101,1.10117745533264,1.17706732689241,0.0719251238019643
A1,SSEST,I,91,11,102,1.09148588078107,1.17511956790844,0.0801173293406306
A1,SSEST,I,91,12,103,1.08192291700306,1.17318069984629,0.0873702905826939
A1,SSEST,I,91,13,104,1.07249989800913,1.17124616111221,0.0952810988403053
A1,SSEST,I,91,14,105,1.06322799194746,1.16931201389232,0.102272145587143
A1,SSEST,I,98,1,99,1.1209003521816,1.12449142107215,0.00134057170496471
A1,SSEST,I,98,2,100,1.11098615421795,1.12162491836499,0.00778144695482016
A1,SSEST,I,98,3,101,1.10117745533264,1.11877053548704,0.0140068708710299
A1,SSEST,I,98,4,102,1.09148588078107,1.11592200589005,0.0216514796431741
A1,SSEST,I,98,5,103,1.08192291700306,1.11307393430503,0.0276708654025838
A1,SSEST,I,98,6,104,1.07249989800913,1.1102216702604,0.035007549390434
A1,SSEST,I,98,7,105,1.06322799194746,1.10736120011282,0.0407573163117787
A1,SSEST,I,98,8,106,1.05411818786739,1.10448905484992,0.0477251158674087
A1,SSEST,I,98,9,107,1.04518128269524,1.10160223133891,0.0531478935193968
A1,SSEST,I,98,10,108,1.0364278684378,1.09869812504503,0.0596911403272115
A1,SSEST,I,98,11,109,1.0278683196287,1.09577447253905,0.0647347091023096
A1,SSEST,I,98,12,110,1.01951278103252,1.09282930236274,0.0708021723406296
A1,SSEST,I,98,13,111,1.01137115562125,1.08986089303371,0.0754187384226584
A1,SSEST,I,98,14,112,1.00345309283727,1.08686773715113,0.0809630475913562
A1,SSEST,I,105,1,106,1.05411818786739,1.05684720654822,0.000999480996911912
A1,SSEST,I,105,2,107,1.04518128269524,1.05324925195593,0.00525556718126306
A1,SSEST,I,105,3,108,1.0364278684378,1.049627643916,0.0108996550177099
A1,SSEST,I,105,4,109,1.0278683196287,1.04598009375691,0.0153841721748339
A1,SSEST,I,105,5,110,1.01951278103252,1.04230461371247,0.0205043814239511
A1,SSEST,I,105,6,111,1.01137115562125,1.03859947395984,0.0245829086103448
A1,SSEST,I,105,7,112,1.00345309283727,1.03486316593031,0.0291311407472159
A1,SSEST,I,105,8,113,0.995767977156895,1.03109437098038,0.032760300065583
A1,SSEST,I,105,9,114,0.988324916967847,1.02729193363372,0.0366922712041085
A1,SSEST,I,105,10,115,0.981132733774054,1.02345483874769,0.0398320919016286
A1,SSEST,I,105,11,116,0.974199951740398,1.01958219201984,0.0431071697735168
A1,SSEST,I,105,12,117,0.967534787589888,1.01567320335344,0.045720809375895
A1,SSEST,I,105,13,118,0.961145140865215,1.01172717266837,0.0483019579131771
A1,SSEST,I,105,14,119,0.955038584566225,1.00774347780515,0.05035551051708
A1,SSEST,I,112,1,113,0.995767977156895,0.997422453684006,0.000632813280074029
A1,SSEST,I,112,2,114,0.988324916967847,0.993085906457798,0.00264839316124816
A1,SSEST,I,112,3,115,0.981132733774054,0.988709424619759,0.0055064767841366
A1,SSEST,I,112,4,116,0.974199951740398,0.984292128654388,0.0079719307387294
A1,SSEST,I,112,5,117,0.967534787589888,0.979833248905107,0.0102460716515567
A1,SSEST,I,112,6,118,0.961145140865215,0.975332111131923,0.0120506260002565
A1,SSEST,I,112,7,119,0.955038584566225,0.970788124236833,0.0137042909467466
A1,SSEST,I,112,8,120,0.949222356174409,0.966200769833553,0.0148174371857898
A1,SSEST,I,112,9,121,0.943703349075052,0.961569593384232,0.0158171024326535
A1,SSEST,I,112,10,122,0.938488104387204,0.956894196684564,0.0162119732006675
A1,SSEST,I,112,11,123,0.933582803211152,0.952174231502009,0.0165271904545605
A1,SSEST,I,112,12,124,0.928993259302595,0.947409394203035,0.0161804952185688
A1,SSEST,I,112,13,125,0.924724912182182,0.942599421229392,0.0157840004175011
A1,SSEST,I,112,14,126,0.920782820688606,0.937744085305178,0.0146759598615257
A1,SSEST,I,119,1,120,0.949222356174409,0.94960000322799,0.000453881966037957
A1,SSEST,I,119,2,121,0.943703349075052,0.944678116325128,0.000471386056146441
A1,SSEST,I,119,3,122,0.938488104387204,0.939708891236932,0.000555279695121049
A1,SSEST,I,119,4,123,0.933582803211152,0.934692006148216,0.000488121874070447
A1,SSEST,I,119,5,124,0.928993259302595,0.929627187252189,0.000498893275864474
A1,SSEST,I,119,6,125,0.924724912182182,0.924514204258202,0.000391986470246293
A1,SSEST,I,119,7,126,0.920782820688606,0.919352866655302,0.000597224145878776
A1,SSEST,I,119,8,127,0.917171656982874,0.914143020631236,0.00120082429997366
A1,SSEST,I,119,9,128,0.913895701010866,0.908884546563438,0.00253622881344836
A1,SSEST,I,119,10,129,0.910958835430755,0.903577357013751,0.0052804142974557
A1,SSEST,I,119,11,130,0.908364541011282,0.898221395172555,0.00760266876854497
A1,SSEST,I,119,12,131,0.906115892506353,0.89281663371115,0.0111479955311189
A1,SSEST,I,119,13,132,0.904215555010851,0.887363074014221,0.0142414747580554
A1,SSEST,I,119,14,133,0.902665780801964,0.881860745777887,0.018594687684699
A1,SSEST,I,126,1,127,0.917171656982874,0.916297472396041,0.00047464440792201
A1,SSEST,I,126,2,128,0.913895701010866,0.911085452548378,0.00104002007051412
A1,SSEST,I,126,3,129,0.910958835430755,0.90582531816216,0.00300966208551832
A1,SSEST,I,126,4,130,0.908364541011282,0.900517006550255,0.00556622708807734
A1,SSEST,I,126,5,131,0.906115892506353,0.895160483768914,0.0087793331298769
A1,SSEST,I,126,6,132,0.904215555010851,0.889755743792938,0.0121208506129903
A1,SSEST,I,126,7,133,0.902665780801964,0.884302808042765,0.016127854183405
A1,SSEST,I,126,8,134,0.901468406669791,0.878801725258251,0.0202648790600819
A1,SSEST,I,126,9,135,0.900624851740382,0.873252571730508,0.0250718316059993
A1,SSEST,I,126,10,136,0.900136115793793,0.867655451920399,0.0300111901745811
A1,SSEST,I,126,11,137,0.900002778079143,0.862010499514902,0.0356207714971645
A1,SSEST,I,126,12,138,0.900224996628095,0.856317879001284,0.0413655231848101
A1,SSEST,I,126,13,139,0.900802508067553,0.850577787877136,0.0477769922937279
A1,SSEST,I,126,14,140,0.901734627931814,0.844790459666113,0.0543263984119355
A1,SSEST,I,133,1,134,0.901468406669791,0.899395360919949,0.000775851721460936
A1,SSEST,I,133,2,135,0.900624851740382,0.894253812445473,0.004305651444622
A1,SSEST,I,133,3,136,0.900136115793793,0.88906875710142,0.00880888360617427
A1,SSEST,I,133,4,137,0.900002778079143,0.883840251225345,0.0140517253056797
A1,SSEST,I,133,5,138,0.900224996628095,0.878568373269036,0.0193452524487492
A1,SSEST,I,133,6,139,0.900802508067553,0.873253224737969,0.0253876686967175
A1,SSEST,I,133,7,140,0.901734627931814,0.867894931523309,0.0314715313337613
A1,SSEST,I,133,8,141,0.903020251473794,0.862493645713612,0.0383091659910427
A1,SSEST,I,133,9,142,0.904657854974372,0.857049548009112,0.0451797366056035
A1,SSEST,I,133,10,143,0.906645497548303,0.851562850910006,0.052804778730229
A1,SSEST,I,133,11,144,0.908980823444548,0.846033802917338,0.0604547331905069
A1,SSEST,I,133,12,145,0.91166106483831,0.840462694079418,0.0688558939287478
A1,SSEST,I,133,13,146,0.914683045111454,0.834849863349089,0.077274174364397
A1,SSEST,I,133,14,147,0.918043182617431,0.829195708412107,0.0864366366563455
A1,SSEST,I,140,1,141,0.903020251473794,0.899915693052243,0.00128594795864461
A1,SSEST,I,140,2,142,0.904657854974372,0.895171594511752,0.00722635705935042
A1,SSEST,I,140,3,143,0.906645497548303,0.890391903828678,0.0143112070053563
A1,SSEST,I,140,4,144,0.908980823444548,0.885576714300272,0.0211190924490851
A1,SSEST,I,140,5,145,0.91166106483831,0.88072613778517,0.028980891540527
A1,SSEST,I,140,6,146,0.914683045111454,0.875840306776878,0.0365304720395334
A1,SSEST,I,140,7,147,0.918043182617431,0.870919377039007,0.0451541022231966
A1,SSEST,I,140,8,148,0.921737494926241,0.865963530968518,0.0534323920289978
A1,SSEST,I,140,9,149,0.9257616035444,0.860972981912204,0.0627993462989865
A1,SSEST,I,140,10,150,0.930110739104327,0.855947979743993,0.0717899179952286
A1,SSEST,I,140,11,151,0.934779747016991,0.850888818125715,0.0818783246963668
A1,SSEST,I,140,12,152,0.939763093581121,0.845795844040828,0.0915612790792601
A1,SSEST,I,140,13,153,0.945054872541742,0.840669470429813,0.102345889317328
A1,SSEST,I,140,14,154,0.950648812090257,0.835510193114101,0.112697776334446
A1,SSEST,I,147,1,148,0.921737494926241,0.917722208906145,0.00182095105450502
A1,SSEST,I,147,2,149,0.9257616035444,0.913581736036094,0.0100965323114131
A1,SSEST,I,147,3,150,0.930110739104327,0.909414242764468,0.0184480771874008
A1,SSEST,I,147,4,151,0.934779747016991,0.905219815217053,0.0274685223848138
A1,SSEST,I,147,5,152,0.939763093581121,0.900998552815848,0.0364974988647701
A1,SSEST,I,147,6,153,0.945054872541742,0.896750570426064,0.0462018254503825
A1,SSEST,I,147,7,154,0.950648812090257,0.892476000961295,0.0558849850070922
A1,SSEST,I,147,8,155,0.956538282297791,0.888174998584591,0.0662467893959623
A1,SSEST,I,147,9,156,0.962716302972967,0.883847742686518,0.0765578469324019
A1,SSEST,I,147,10,157,0.969175551934819,0.879494442880664,0.0875477085280068
A1,SSEST,I,147,11,158,0.975908373691033,0.875115345340683,0.0984573944680138
A1,SSEST,I,147,12,159,0.982906788511226,0.870710740920316,0.110042933039834
A1,SSEST,I,147,13,160,0.990162501884506,0.866280975666646,0.121519019721227
A1,SSEST,I,147,14,161,0.997666914350116,0.86182646458351,0.133664912891607
A1,SSEST,I,154,1,155,0.956538282297791,0.951744811732251,0.00247087835842199
A1,SSEST,I,154,2,156,0.962716302972967,0.948276839361622,0.012026675555894
A1,SSEST,I,154,3,157,0.969175551934819,0.944789056267066,0.0220761265405775
A1,SSEST,I,154,4,158,0.975908373691033,0.941281520869799,0.032217839494475
A1,SSEST,I,154,5,159,0.982906788511226,0.937754295481076,0.0428521968623758
A1,SSEST,I,154,6,160,0.990162501884506,0.934207447603975,0.0535486484559791
A1,SSEST,I,154,7,161,0.997666914350116,0.930641051326643,0.0647335093313843
A1,SSEST,I,154,8,162,1.00541113168951,0.927055188853781,0.0759509527301449
A1,SSEST,I,154,9,163,1.01338597546774,0.923449952231349,0.0876495054216593
A1,SSEST,I,154,10,164,1.02158199391177,0.919825445330937,0.0993517615043176
A1,SSEST,I,154,11,165,1.02998947311266,0.916181786175947,0.11152492689018
A1,SSEST,I,154,12,166,1.03859844853851,0.9125191097129,0.12367352532522
A1,SSEST,I,154,13,167,1.04739871684437,0.908837571160128,0.136280098753346
A1,SSEST,I,154,14,168,1.05637984796526,0.905137350105699,0.148834416410869
A1,SSEST,I,161,1,162,1.00541113168951,0.99999103595086,0.00271586877265472
A1,SSEST,I,161,2,163,1.01338597546774,0.997164872576106,0.0135233527194776
A1,SSEST,I,161,3,164,1.02158199391177,0.994323905602716,0.024576105159689
A1,SSEST,I,161,4,165,1.02998947311266,0.991468178727042,0.035836557552938
A1,SSEST,I,161,5,166,1.03859844853851,0.988597730124667,0.0473392850109304
A1,SSEST,I,161,6,167,1.04739871684437,0.985712593666987,0.0590137667395949
A1,SSEST,I,161,7,168,1.05637984796526,0.982812799989976,0.0709245305597839
A1,SSEST,I,161,8,169,1.06553119747788,0.979898377440199,0.0829721874060243
A1,SSEST,I,161,9,170,1.0748419192163,0.976969352920261,0.0952473851938803
A1,SSEST,I,161,10,171,1.08430097812692,0.97402575265372,0.107625634943967
A1,SSEST,I,161,11,172,1.09389716334709,0.971067602887674,0.120220184491788
A1,SSEST,I,161,12,173,1.10361910149229,0.96809493054989,0.132884914784325
A1,SSEST,I,161,13,174,1.11345527013582,0.965107763876401,0.145752447790054
A1,SSEST,I,161,14,175,1.12339401146514,0.962106133025131,0.158658222496431
A1,SSEST,I,168,1,169,1.06553119747788,1.05969856600823,0.0026660263856188
A1,SSEST,I,168,2,170,1.0748419192163,1.05745724738201,0.014284143987908
A1,SSEST,I,168,3,171,1.08430097812692,1.05520433772576,0.025920296862349
A1,SSEST,I,168,4,172,1.09389716334709,1.05293988717512,0.0378729072830343
A1,SSEST,I,168,5,173,1.10361910149229,1.05066393326315,0.0498074168829738
A1,SSEST,I,168,6,174,1.11345527013582,1.04837650307411,0.0620104235528221
A1,SSEST,I,168,7,175,1.12339401146514,1.0460776150686,0.0741958096162371
A1,SSEST,I,168,8,176,1.13342354609875,1.0437672806277,0.0866038068380362
A1,SSEST,I,168,9,177,1.14353198704703,1.04144550535736,0.098991732468219
A1,SSEST,I,168,10,178,1.15370735380072,1.03911229018854,0.111558337442907
A1,SSEST,I,168,11,179,1.16393758653019,1.03676763230385,0.124099804024409
A1,SSEST,I,168,12,180,1.17421056037877,1.03441152591699,0.136777872399107
A1,SSEST,I,168,13,181,1.18451409983302,1.03204396292758,0.149423424632004
A1,SSEST,I,168,14,182,1.19483599315325,1.0296649334707,0.162165274199708
A1,SSEST,I,175,1,176,1.13342354609875,1.12745984019531,0.00243541295301397
A1,SSEST,I,175,2,177,1.14353198704703,1.12580050210455,0.0141419658910512
A1,SSEST,I,175,3,178,1.15370735380072,1.12413194707345,0.0258298495505871
A1,SSEST,I,175,4,179,1.16393758653019,1.12245420272523,0.0379078067522019
A1,SSEST,I,175,5,180,1.17421056037877,1.12076728214964,0.0497276034619816
A1,SSEST,I,175,6,181,1.18451409983302,1.11907118682639,0.0618815713707247
A1,SSEST,I,175,7,182,1.19483599315325,1.11736590902031,0.0737832135048135
A1,SSEST,I,175,8,183,1.20516400684675,1.11565143373749,0.0859657508834025
A1,SSEST,I,175,9,184,1.21548590016698,1.11392774031773,0.0978991120455185
A1,SSEST,I,175,10,185,1.22578943962123,1.11219480372641,0.110062604328268
A1,SSEST,I,175,11,186,1.23606241346981,1.11045259559923,0.121977698084456
A1,SSEST,I,175,12,187,1.24629264619928,1.10870108508335,0.134074575991445
A1,SSEST,I,175,13,188,1.25646801295297,1.10694023951222,0.145921763785578
A1,SSEST,I,175,14,189,1.26657645390125,1.10517002494404,0.157904728403736
A1,SSEST,I,182,1,183,1.20516400684675,1.19942460217436,0.0021640820113489
A1,SSEST,I,182,2,184,1.21548590016698,1.1984434904082,0.0129060129555733
A1,SSEST,I,182,3,185,1.22578943962123,1.1974560074371,0.0239772635619286
A1,SSEST,I,182,4,186,1.23606241346981,1.19646213691605,0.0354711498242954
A1,SSEST,I,182,5,187,1.24629264619928,1.19546185382935,0.0464989093406206
A1,SSEST,I,182,6,188,1.25646801295297,1.19445512671973,0.0578914970885864
A1,SSEST,I,182,7,189,1.26657645390125,1.19344191941901,0.0688261954025613
A1,SSEST,I,182,8,190,1.27660598853486,1.19242219238396,0.0800706031580846
A1,SSEST,I,182,9,191,1.28654472986418,1.19139590372005,0.0908633619810345
A1,SSEST,I,182,10,192,1.29638089850771,1.19036301050055,0.10191333930071
A1,SSEST,I,182,11,193,1.30610283665291,1.18932347082183,0.11251617367978
A1,SSEST,I,182,12,194,1.31569902187308,1.18827723206784,0.123326321805442
A1,SSEST,I,182,13,195,1.32515808078369,1.18722424369253,0.133692374272124
A1,SSEST,I,182,14,196,1.33446880252212,1.18616445690948,0.144218382294225
A1,SSEST,I,189,1,190,1.27660598853486,1.27148742606902,0.00189482255369899
A1,SSEST,I,189,2,191,1.28654472986418,1.27136057974957,0.0105024637557645
A1,SSEST,I,189,3,192,1.29638089850771,1.2712328151359,0.0202302686974176
A1,SSEST,I,189,4,193,1.30610283665291,1.27110410703769,0.0303135040390811
A1,SSEST,I,189,5,194,1.31569902187308,1.27097443259283,0.0398163094475791
A1,SSEST,I,189,6,195,1.32515808078369,1.27084377092518,0.0496258195792206
A1,SSEST,I,189,7,196,1.33446880252212,1.27071210285117,0.0588575199161949
A1,SSEST,I,189,8,197,1.34362015203474,1.27057941062812,0.0683492552524019
A1,SSEST,I,189,9,198,1.35260128315563,1.2704456777384,0.0772651227961477
A1,SSEST,I,189,10,199,1.36140155146149,1.27031088870437,0.0863964433437928
A1,SSEST,I,189,11,200,1.37001052688734,1.27017502892963,0.0949533389768491
A1,SSEST,I,189,12,201,1.37841800608823,1.27003808456277,0.103683224877644
A1,SSEST,I,189,13,202,1.38661402453226,1.26990004238064,0.111839800618122
A1,SSEST,I,189,14,203,1.39458886831049,1.26976088968802,0.12012905391567
A1,SSEST,I,196,1,197,1.34362015203474,1.33949617120954,0.00158209047105989
A1,SSEST,I,196,2,198,1.35260128315563,1.34038873884249,0.00703254506788275
A1,SSEST,I,196,3,199,1.36140155146149,1.34129034866813,0.0146804045802049
A1,SSEST,I,196,4,200,1.37001052688734,1.34220109227959,0.0226104684311434
A1,SSEST,I,196,5,201,1.37841800608823,1.34312106312741,0.0298555230740252
A1,SSEST,I,196,6,202,1.38661402453226,1.34405035643388,0.0373454992322506
A1,SSEST,I,196,7,203,1.39458886831049,1.34498906912198,0.0441472081322831
A1,SSEST,I,196,8,204,1.40233308564988,1.34593729975696,0.0511581677038207
A1,SSEST,I,196,9,205,1.40983749811549,1.34689514849877,0.0574780382179398
A1,SSEST,I,196,10,206,1.41709321148877,1.34786271706382,0.0639731690204561
A1,SSEST,I,196,11,207,1.42409162630897,1.34884010869485,0.0697749362400273
A1,SSEST,I,196,12,208,1.43082444806518,1.34982742813774,0.0757197177939943
A1,SSEST,I,196,13,209,1.43728369702703,1.35082478162427,0.0809695132108042
A1,SSEST,I,196,14,210,1.44346171770221,1.3518322768602,0.0863318804985738
A1,SSEST,I,203,1,204,1.40233308564988,1.39947779733587,0.00133689233953113
A1,SSEST,I,203,2,205,1.40983749811549,1.40143462391671,0.00337730469030755
A1,SSEST,I,203,3,206,1.41709321148877,1.40341460936948,0.00802377690484744
A1,SSEST,I,203,4,207,1.42409162630897,1.40541805572344,0.0131189344223962
A1,SSEST,I,203,5,208,1.43082444806518,1.40744526976083,0.017692285385208
A1,SSEST,I,203,6,209,1.43728369702703,1.40949656307597,0.0221978211119553
A1,SSEST,I,203,7,210,1.44346171770221,1.41157225213938,0.0261695328590651
A1,SSEST,I,203,8,211,1.44935118790974,1.41367265836649,0.0300536024643455
A1,SSEST,I,203,9,212,1.45494512745826,1.41579810819054,0.0333930449639891
A1,SSEST,I,203,10,213,1.46023690641888,1.41794893313946,0.0366264628142498
A1,SSEST,I,203,11,214,1.46522025298301,1.42012546991635,0.0393057344221848
A1,SSEST,I,203,12,215,1.46988926089567,1.42232806048355,0.041862104653398
A1,SSEST,I,203,13,216,1.4742383964556,1.42455705214989,0.043856156420204
A1,SSEST,I,203,14,217,1.47826250507376,1.42681279766116,0.0457119904675383
A1,SSEST,I,210,1,211,1.44935118790974,1.44789999493833,0.00121653753634771
A1,SSEST,I,210,2,212,1.45494512745826,1.45076909980709,0.00160703733386808
A1,SSEST,I,210,3,213,1.46023690641888,1.4536757908632,0.00241148383662442
A1,SSEST,I,210,4,214,1.46522025298301,1.45662062545152,0.00345314075406377
A1,SSEST,I,210,5,215,1.46988926089567,1.45960417065973,0.00455120075188979
A1,SSEST,I,210,6,216,1.4742383964556,1.46262700352043,0.00589913187492983
A1,SSEST,I,210,7,217,1.47826250507376,1.46568971121828,0.00661331123573226
A1,SSEST,I,210,8,218,1.48195681738257,1.46879289130228,0.00740188465964783
A1,SSEST,I,210,9,219,1.48531695488855,1.47193715190338,0.00737083101825723
A1,SSEST,I,210,10,220,1.48833893516169,1.47512311195738,0.00740240663471562
A1,SSEST,I,210,11,221,1.49101917655545,1.47835140143345,0.00660765997047492
A1,SSEST,I,210,12,222,1.4933545024517,1.48162266156836,0.00586539413235038
A1,SSEST,I,210,13,223,1.49534214502563,1.48493754510653,0.00452669213017757
A1,SSEST,I,210,14,224,1.49697974852621,1.48829671654608,0.00343933645478148
A1,SSEST,I,217,1,218,1.48195681738257,1.48190916743994,0.00099793368422985
A1,SSEST,I,217,2,219,1.48531695488855,1.48536441360861,0.00105629772450696
A1,SSEST,I,217,3,220,1.48833893516169,1.4888670571209,0.00106017909032668
A1,SSEST,I,217,4,221,1.49101917655545,1.4924178426873,0.00121566198475534
A1,SSEST,I,217,5,222,1.4933545024517,1.49601752889441,0.0013065520316823
A1,SSEST,I,217,6,223,1.49534214502563,1.49966688851719,0.00166953301357983
A1,SSEST,I,217,7,224,1.49697974852621,1.50336670883885,0.00234630632953518
A1,SSEST,I,217,8,225,1.49826537206819,1.5071177919787,0.00353562401297669
A1,SSEST,I,217,9,226,1.49919749193245,1.51092095522821,0.00608151633210224
A1,SSEST,I,217,10,227,1.49977500337191,1.5147770313956,0.00903277490465755
A1,SSEST,I,217,11,228,1.49999722192086,1.51868686915925,0.0129922405354603
A1,SSEST,I,217,12,229,1.49986388420621,1.52265133343017,0.0167604174136291
A1,SSEST,I,217,13,230,1.49937514825962,1.52667130572399,0.0215413630045284
A1,SSEST,I,217,14,231,1.49853159333021,1.5307476845426,0.0261292717092299
A1,SSEST,I,224,1,225,1.49826537206819,1.49950659836957,0.00117298576656834
A1,SSEST,I,224,2,226,1.49919749193245,1.50312153206605,0.00151203590169982
A1,SSEST,I,224,3,227,1.49977500337191,1.50678578562947,0.00255935268281207
A1,SSEST,I,224,4,228,1.49999722192086,1.51050013260895,0.00520856787736963
A1,SSEST,I,224,5,229,1.49986388420621,1.51426536100511,0.00863229208079703
A1,SSEST,I,224,6,230,1.49937514825962,1.51808227359226,0.0133657577801321
A1,SSEST,I,224,7,231,1.49853159333021,1.52195168824884,0.0175987323664893
A1,SSEST,I,224,8,232,1.49733421919804,1.52587443829665,0.0231502012244983
A1,SSEST,I,224,9,233,1.49578444498915,1.5298513728488,0.0281916297770971
A1,SSEST,I,224,10,234,1.49388410749365,1.53388335716692,0.034558890791603
A1,SSEST,I,224,11,235,1.49163545898872,1.5379712730277,0.0404047541657429
A1,SSEST,I,224,12,236,1.48904116456924,1.54211601909918,0.0475823958409887
A1,SSEST,I,224,13,237,1.48610429898913,1.54631851132698,0.0542254927087677
A1,SSEST,I,224,14,238,1.48282834301713,1.55057968333083,0.0622049517408325
A1,SSEST,I,231,1,232,1.49733421919804,1.49969502449755,0.00115721024387161
A1,SSEST,I,231,2,233,1.49578444498915,1.50305313850655,0.00277671752896366
A1,SSEST,I,231,3,234,1.49388410749365,1.50645485096494,0.00763219623425397
A1,SSEST,I,231,4,235,1.49163545898872,1.50990081060927,0.0128290530109882
A1,SSEST,I,231,5,236,1.48904116456924,1.51339167769478,0.0193765429744585
A1,SSEST,I,231,6,237,1.48610429898913,1.51692812423322,0.025345967784637
A1,SSEST,I,231,7,238,1.48282834301713,1.52051083423746,0.0326719500364945
A1,SSEST,I,231,8,239,1.47921717931139,1.52414050397264,0.0394026091068502
A1,SSEST,I,231,9,240,1.47527508781782,1.52781784221423,0.047494450683326
A1,SSEST,I,231,10,241,1.47100674069741,1.5315435705129,0.0549719095954478
A1,SSEST,I,231,11,242,1.46641719678885,1.53531842346651,0.0638139236411554
A1,SSEST,I,231,12,243,1.4615118956128,1.53914314899916,0.0720207325579134
A1,SSEST,I,231,13,244,1.45629665092495,1.54301850864764,0.0815942712563683
A1,SSEST,I,231,14,245,1.45077764382559,1.5469452778553,0.0905100651312605
A1,SSEST,I,238,1,239,1.47921717931139,1.48248784836556,0.00130316085267295
A1,SSEST,I,238,2,240,1.47527508781782,1.48525697470318,0.00523856072690731
A1,SSEST,I,238,3,241,1.47100674069741,1.48805902599331,0.0118723492380987
A1,SSEST,I,238,4,242,1.46641719678885,1.49089444630849,0.0197071291911069
A1,SSEST,I,238,5,243,1.4615118956128,1.49376368687644,0.0270401743727529
A1,SSEST,I,238,6,244,1.45629665092495,1.49666720620543,0.0355728631743691
A1,SSEST,I,238,7,245,1.45077764382559,1.49960547021393,0.0435836385221547
A1,SSEST,I,238,8,246,1.44496141543377,1.50257895236452,0.0527914692359963
A1,SSEST,I,238,9,247,1.43885485913478,1.50558813380183,0.0614555967185966
A1,SSEST,I,238,10,248,1.43246521241011,1.5086335034946,0.071313016735991
A1,SSEST,I,238,11,249,1.4258000482596,1.51171555838178,0.0806033928913552
A1,SSEST,I,238,12,250,1.41886726622595,1.51483480352254,0.0910821968787321
A1,SSEST,I,238,13,251,1.41167508303215,1.51799175225041,0.100969132234367
A1,SSEST,I,238,14,252,1.4042320228431,1.52118692633133,0.112038608089825
A1,SSEST,I,245,1,246,1.44496141543377,1.4489398526797,0.0014994707868583
A1,SSEST,I,245,2,247,1.43885485913478,1.45091864127864,0.00731310286498001
A1,SSEST,I,245,3,248,1.43246521241011,1.45291830765453,0.0159736636859415
A1,SSEST,I,245,4,249,1.4258000482596,1.45493909668512,0.0243696674612804
A1,SSEST,I,245,5,250,1.41886726622595,1.45698125670712,0.0336176910969813
A1,SSEST,I,245,6,251,1.41167508303215,1.45904503955708,0.0425814193384532
A1,SSEST,I,245,7,252,1.4042320228431,1.46113070061525,0.0523850948601242
A1,SSEST,I,245,8,253,1.39654690716273,1.4632384988521,0.0618834313495048
A1,SSEST,I,245,9,254,1.38862884437875,1.46536869687748,0.0722085586731219
A1,SSEST,I,245,10,255,1.38048721896748,1.46752156099203,0.082206078788699
A1,SSEST,I,245,11,256,1.3721316803713,1.46969736124081,0.0930162366574426
A1,SSEST,I,245,12,257,1.3635721315622,1.47189637146897,0.103475380789286
A1,SSEST,I,245,13,258,1.35481871730476,1.47411886937945,0.114732105498366
A1,SSEST,I,245,14,259,1.34588181213261,1.47636513659248,0.125613362784997
A1,SSEST,I,252,1,253,1.39654690716273,1.40101739639403,0.00166309594012026
A1,SSEST,I,252,2,254,1.38862884437875,1.40213481540802,0.0091696274103596
A1,SSEST,I,252,3,255,1.38048721896748,1.40326243938435,0.0183134876115034
A1,SSEST,I,252,4,256,1.3721316803713,1.40440036810313,0.0279227809496475
A1,SSEST,I,252,5,257,1.3635721315622,1.4055487025905,0.0375048656636777
A1,SSEST,I,252,6,258,1.35481871730476,1.40670754511541,0.0475331626428284
A1,SSEST,I,252,7,259,1.34588181213261,1.40787699918912,0.0575133021264605
A1,SSEST,I,252,8,260,1.33677200805254,1.40905716956713,0.0679195384084611
A1,SSEST,I,252,9,261,1.32750010199087,1.41024816225324,0.0782557842276782
A1,SSEST,I,252,10,262,1.31807708299694,1.41145008450534,0.0889972164546206
A1,SSEST,I,252,11,263,1.30851411921893,1.41266304484288,0.0996460422827561
A1,SSEST,I,252,12,264,1.29882254466736,1.41388715305575,0.110678452792476
A1,SSEST,I,252,13,265,1.28901384578205,1.4151225202144,0.121594962788134
A1,SSEST,I,252,14,266,1.2790996478184,1.41636925868105,0.132872871413832
A1,SSEST,I,259,1,260,1.33677200805254,1.34153473508135,0.00174518881557056
A1,SSEST,I,259,2,261,1.32750010199087,1.34182649827631,0.0101319510167495
A1,SSEST,I,259,3,262,1.31807708299694,1.34212053898644,0.0199822468513864
A1,SSEST,I,259,4,263,1.30851411921893,1.34241687429821,0.0297065256173336
A1,SSEST,I,259,5,264,1.29882254466736,1.34271552160187,0.0398293848093502
A1,SSEST,I,259,6,265,1.28901384578205,1.34301649857131,0.0498045955177405
A1,SSEST,I,259,7,266,1.2790996478184,1.34331982314695,0.0601541621902426
A1,SSEST,I,259,8,267,1.26909170106918,1.34362551352133,0.0703338832413573
A1,SSEST,I,259,9,268,1.25900186693807,1.34393358812696,0.0808632484793223
A1,SSEST,I,259,10,269,1.24884210388156,1.34424406562615,0.0912001159314533
A1,SSEST,I,259,11,270,1.23862445323577,1.34455696490241,0.101861540276577
A1,SSEST,I,259,12,271,1.22836102494516,1.34487230505344,0.112307472477673
A1,SSEST,I,259,13,272,1.21806398320974,1.34519010538523,0.123052612426794
A1,SSEST,I,259,14,273,1.20774553206814,1.34551038540729,0.133559038106373
A1,SSEST,I,266,1,267,1.26909170106918,1.2739205346494,0.00177414364245714
A1,SSEST,I,266,2,268,1.25900186693807,1.27348387346475,0.0105629824942283
A1,SSEST,I,266,3,269,1.24884210388156,1.27304432965847,0.0203191087347297
A1,SSEST,I,266,4,270,1.23862445323577,1.27260188391471,0.0300620203860822
A1,SSEST,I,266,5,271,1.22836102494516,1.27215651699517,0.0399156272333299
A1,SSEST,I,266,6,272,1.21806398320974,1.27170820971358,0.0497324685769562
A1,SSEST,I,266,7,273,1.20774553206814,1.27125694291392,0.0596348397832767
A1,SSEST,I,266,8,274,1.19741790093339,1.27080269745161,0.0694767301404002
A1,SSEST,I,266,9,275,1.18709333009864,1.27034545417739,0.0793788888280092
A1,SSEST,I,266,10,276,1.17678405622996,1.2698851939235,0.0891968025981583
A1,SSEST,I,266,11,277,1.16650229786349,1.26942189749167,0.0990497427711981
A1,SSEST,I,266,12,278,1.15626024092404,1.26895554564294,0.108794741185139
A1,SSEST,I,266,13,279,1.14607002428233,1.26848611908876,0.118549659446717
A1,SSEST,I,266,14,280,1.13594372536806,1.26801359848344,0.128173121965312
A1,SSEST,I,273,1,274,1.19741790093339,1.202083126951,0.00173853508513641
A1,SSEST,I,273,2,275,1.18709333009864,1.20103018494077,0.0102226527351549
A1,SSEST,I,273,3,276,1.17678405622996,1.19997120829004,0.0195443152928543
A1,SSEST,I,273,4,277,1.16650229786349,1.19890616712075,0.0286981855968802
A1,SSEST,I,273,5,278,1.15626024092404,1.19783503170198,0.0379390365141634
A1,SSEST,I,273,6,279,1.14607002428233,1.19675777242279,0.0469906435680418
A1,SSEST,I,273,7,280,1.13594372536806,1.19567435976904,0.0561020380736403
A1,SSEST,I,273,8,281,1.12589334585572,1.19458476430384,0.0650029541864984
A1,SSEST,I,273,9,282,1.11593079744024,1.19348895665088,0.0739367967161466
A1,SSEST,I,273,10,283,1.10606788771925,1.19238690748048,0.0826392575939384
A1,SSEST,I,273,11,284,1.09631630619878,1.19127858749774,0.0913482289791546
A1,SSEST,I,273,12,285,1.08668761043881,1.19016396743264,0.0998053592462525
A1,SSEST,I,273,13,286,1.07719321235531,1.18904301803184,0.108243140302305
A1,SSEST,I,273,14,287,1.06784436469485,1.18791571005171,0.116409174878648
A1,SSEST,I,280,1,281,1.12589334585572,1.13013244277596,0.00154844282079684
A1,SSEST,I,280,2,282,1.11593079744024,1.12855301710692,0.00915220101479748
A1,SSEST,I,280,3,283,1.10606788771925,1.12696544832812,0.0174576522375852
A1,SSEST,I,280,4,284,1.09631630619878,1.12536970756233,0.0255946395077813
A1,SSEST,I,280,5,285,1.08668761043881,1.12376576625603,0.0336487374857591
A1,SSEST,I,280,6,286,1.07719321235531,1.12215359615187,0.0415129526381585
A1,SSEST,I,280,7,287,1.06784436469485,1.12053316926551,0.0492699590141358
A1,SSEST,I,280,8,288,1.05865214769784,1.11890445786643,0.0568162835098894
A1,SSEST,I,280,9,289,1.04962745596627,1.11726743446197,0.0642317882878259
A1,SSEST,I,280,10,290,1.04078098555142,1.11562207178426,0.0714165377404416
A1,SSEST,I,280,11,291,1.03212322127695,1.11396834277959,0.0784476690220225
A1,SSEST,I,280,12,292,1.02366442431226,1.11230622059981,0.0852287994575008
A1,SSEST,I,280,13,293,1.015414620011,1.11063567859565,0.0918344259825571
A1,SSEST,I,280,14,294,1.00738358602903,1.10895669031149,0.0981717324068167
A1,SSEST,I,287,1,288,1.05865214769784,1.06220414377334,0.00131039041151447
A1,SSEST,I,287,2,289,1.04962745596627,1.06015394634688,0.00726342016777787
A1,SSEST,I,287,3,290,1.04078098555142,1.05809380653963,0.014070811391571
A1,SSEST,I,287,4,291,1.03212322127695,1.05602370178674,0.0206514537894395
A1,SSEST,I,287,5,292,1.02366442431226,1.05394361009632,0.0270498367596053
A1,SSEST,I,287,6,293,1.015414620011,1.05185351002361,0.0332039758090699
A1,SSEST,I,287,7,294,1.00738358602903,1.04975338064995,0.0391531894721354
A1,SSEST,I,287,8,295,0.99958084073594,1.04764320156569,0.0448416273793229
A1,SSEST,I,287,9,296,0.992015631933907,1.04552295285662,0.0503035422155489
A1,SSEST,I,287,10,297,0.984696925897211,1.04339261509333,0.0554892038968336
A1,SSEST,I,287,11,298,0.977633396745422,1.04125216932317,0.0604279020948124
A1,SSEST,I,287,12,299,0.970833416162837,1.03910159706436,0.0650760102651116
A1,SSEST,I,287,13,300,0.964305043476386,1.03694088030199,0.0694579555221648
A1,SSEST,I,287,14,301,0.958056016103717,1.03477000148569,0.0735361949874434
A1,SSEST,I,294,1,295,0.99958084073594,1.00219882475994,0.000991548337641726
A1,SSEST,I,294,2,296,0.992015631933907,0.999719584465808,0.0046431743810055
A1,SSEST,I,294,3,297,0.984696925897211,0.997228639712254,0.00948577115058424
A1,SSEST,I,294,4,298,0.977633396745422,0.994725978687815,0.0140465249315793
A1,SSEST,I,294,5,299,0.970833416162837,0.992211590499408,0.0183477599824645
A1,SSEST,I,294,6,300,0.964305043476386,0.989685465157397,0.0223491601635002
A1,SSEST,I,294,7,301,0.958056016103717,0.98714759356476,0.0260767616153556
A1,SSEST,I,294,8,302,0.952093740382827,0.984597967509861,0.0294878339829707
A1,SSEST,I,294,9,303,0.946425282794081,0.982036579662386,0.0326121480281844
A1,SSEST,I,294,10,304,0.941057361585027,0.97946342357212,0.0354046085687279
A1,SSEST,I,294,11,305,0.93599633880794,0.976878493670261,0.0378987397656586
A1,SSEST,I,294,12,306,0.931248212779527,0.974281785273048,0.040047128572949
A1,SSEST,I,294,13,307,0.926818610971735,0.971673294587524,0.041887067184972
A1,SSEST,I,294,14,308,0.922712783342072,0.969053018719295,0.0433688690962035
A1,SSEST,I,301,1,302,0.952093740382827,0.953591722901149,0.000701198164623602
A1,SSEST,I,301,2,303,0.946425282794081,0.950751580394124,0.00172764707915814
A1,SSEST,I,301,3,304,0.941057361585027,0.947898237910273,0.00392517487853682
A1,SSEST,I,301,4,305,0.93599633880794,0.945031699494553,0.00616215864438653
A1,SSEST,I,301,5,306,0.931248212779527,0.942151970631124,0.00800350717607786
A1,SSEST,I,301,6,307,0.926818610971735,0.939259058253914,0.00958509776227061
A1,SSEST,I,301,7,308,0.922712783342072,0.93635297076421,0.0107554558275138
A1,SSEST,I,301,8,309,0.918935596111371,0.933433718055373,0.0116606920138441
A1,SSEST,I,301,9,310,0.915491525996349,0.930501311545013,0.0121406395487649
A1,SSEST,I,301,10,311,0.912384654903811,0.927555764215154,0.0123516632906732
A1,SSEST,I,301,11,312,0.909618665092781,0.924597090661177,0.0121249298358998
A1,SSEST,I,301,12,313,0.90719683481029,0.92162530715062,0.0116270717221917
A1,SSEST,I,301,13,314,0.905122034406005,0.918640431693232,0.0106806146105668
A1,SSEST,I,301,14,315,0.903396722930298,0.915642484124117,0.00946246456548646
A1,SSEST,I,308,1,309,0.918935596111371,0.919208751881164,0.000535243779178345
A1,SSEST,I,308,2,310,0.915491525996349,0.916133478943551,0.00057961850222882
A1,SSEST,I,308,3,311,0.912384654903811,0.913044286768708,0.000574911940348129
A1,SSEST,I,308,4,312,0.909618665092781,0.909941197681024,0.000541087642011676
A1,SSEST,I,308,5,313,0.90719683481029,0.906824236197591,0.00053973415752512
A1,SSEST,I,308,6,314,0.905122034406005,0.90369342914269,0.000660931904634141
A1,SSEST,I,308,7,315,0.903396722930298,0.900548805787279,0.00105391408507593
A1,SSEST,I,308,8,316,0.902022945219776,0.897390398018358,0.0019985471389123
A1,SSEST,I,308,9,317,0.901002329473749,0.894218240544343,0.00407433458318717
A1,SSEST,I,308,10,318,0.90033608532449,0.891032371144162,0.00657004206274913
A1,SSEST,I,308,11,319,0.900025002403579,0.887832830969932,0.00950069145485439
A1,SSEST,I,308,12,320,0.900069449406033,0.884619664915653,0.0127331289211973
A1,SSEST,I,308,13,321,0.900469373653331,0.881392922067727,0.0164032973702272
A1,SSEST,I,308,14,322,0.901224301155846,0.878152656257395,0.0203720676141054
A1,SSEST,I,315,1,316,0.902022945219776,0.901056688728732,0.000602610088480093
A1,SSEST,I,315,2,317,0.901002329473749,0.897925136725598,0.0011287986406379
A1,SSEST,I,315,3,318,0.90033608532449,0.894780105550382,0.00284357518449271
A1,SSEST,I,315,4,319,0.900025002403579,0.891621633014054,0.00573390206115196
A1,SSEST,I,315,5,320,0.900069449406033,0.888449760328146,0.00892408506290098
A1,SSEST,I,315,6,321,0.900469373653331,0.885264532493041,0.0125535675152063
A1,SSEST,I,315,7,322,0.901224301155846,0.882065998771772,0.0164795704947326
A1,SSEST,I,315,8,323,0.90233333717462,0.878854213270306,0.0208461052333746
A1,SSEST,I,315,9,324,0.903795167281804,0.875629235651239,0.0255041411590649
A1,SSEST,I,315,10,325,0.905608058918517,0.872391132015263,0.0306022213939924
A1,SSEST,I,315,11,326,0.907769863448274,0.869139975994601,0.0359851053341648
A1,SSEST,I,315,12,327,0.910278018703543,0.865875850115658,0.0418058311421639
A1,SSEST,I,315,13,328,0.913129552022428,0.862598847505376,0.0479029952044689
A1,SSEST,I,315,14,329,0.916321083771857,0.859309074038922,0.0544340917269711
A1,SSEST,I,322,1,323,0.90233333717462,0.900189913738358,0.000817060818541485
A1,SSEST,I,322,2,324,0.903795167281804,0.897191914776901,0.00390425382663706
A1,SSEST,I,322,3,325,0.905608058918517,0.894181967820529,0.00876855223874208
A1,SSEST,I,322,4,326,0.907769863448274,0.891160120175944,0.0139268494945061
A1,SSEST,I,322,5,327,0.910278018703543,0.888126423948731,0.0195115069335425
A1,SSEST,I,322,6,328,0.913129552022428,0.885080936830435,0.0253818990861562
A1,SSEST,I,322,7,329,0.916321083771857,0.882023723055532,0.0316747864553201
A1,SSEST,I,322,8,330,0.919848831353122,0.878954854572671,0.0382435091403678
A1,SSEST,I,322,9,331,0.923708613685009,0.875874412487092,0.0452292002337074
A1,SSEST,I,322,10,332,0.927895856159209,0.872782488847643,0.0524792168075123
A1,SSEST,I,322,11,333,0.932405596062135,0.869679188874014,0.0601390362031622
A1,SSEST,I,322,12,334,0.937232488456727,0.866564633749683,0.0680500876940074
A1,SSEST,I,322,13,335,0.942370812517259,0.863438964147033,0.0763621606212979
A1,SSEST,I,322,14,336,0.947814478309656,0.860302344707504,0.0849108138635267
A1,SSEST,I,329,1,330,0.919848831353122,0.916643763218949,0.00117365290355621
A1,SSEST,I,329,2,331,0.923708613685009,0.913930615766176,0.0070649452290671
A1,SSEST,I,329,3,332,0.927895856159209,0.911207652666584,0.0139572921558445
A1,SSEST,I,329,4,333,0.932405596062135,0.908474921549698,0.0212334793452102
A1,SSEST,I,329,5,334,0.937232488456727,0.905732474528946,0.0287839924980815
A1,SSEST,I,329,6,335,0.942370812517259,0.902980369088206,0.0367091652529704
A1,SSEST,I,329,7,336,0.947814478309656,0.900218669123291,0.0448947404616626
A1,SSEST,I,329,8,337,0.953557034009276,0.897447446180147,0.0534442838917996
A1,SSEST,I,329,9,338,0.959591673547597,0.894666780942251,0.0622388376100603
A1,SSEST,I,329,10,339,0.965911244678767,0.891876765033862,0.071385204730228
A1,SSEST,I,329,11,340,0.972508257456431,0.88907750322482,0.0807597720398831
A1,SSEST,I,329,12,341,0.979374893110804,0.886269116148029,0.0904725830490769
A1,SSEST,I,329,13,342,0.986503013315467,0.883451743676099,0.100395417131326
A1,SSEST,I,329,14,343,0.9938841698329,0.880625549151755,0.110641556456729
A1,SSEST,I,336,1,337,0.953557034009276,0.94943358167337,0.00162220762104485
A1,SSEST,I,336,2,338,0.959591673547597,0.947086561305121,0.00964027037500753
A1,SSEST,I,336,3,339,0.965911244678767,0.94473178815417,0.0183343029609731
A1,SSEST,I,336,4,340,0.972508257456431,0.942369299620071,0.0272876112607023
A1,SSEST,I,336,5,341,0.979374893110804,0.939999133943838,0.0365448913945572
A1,SSEST,I,336,6,342,0.986503013315467,0.937621330801314,0.0460438947361265
A1,SSEST,I,336,7,343,0.9938841698329,0.935235931915596,0.0558317053628422
A1,SSEST,I,336,8,344,1.00150961452732,0.932842981705038,0.0658424660364461
A1,SSEST,I,336,9,345,1.00937030973295,0.930442527985031,0.0761256324412338
A1,SSEST,I,336,10,346,1.01745693896546,0.928034622744232,0.0866118312586322
A1,SSEST,I,336,11,347,1.02575991796386,0.925619323019368,0.0973528754254052
A1,SSEST,I,336,12,348,1.03426940604971,0.923196691897333,0.108275970379633
A1,SSEST,I,336,13,349,1.04297531779033,0.920766799679449,0.119435273278341
A1,SSEST,I,336,14,350,1.05186733495201,0.918329725250952,0.130754664864307
A1,SSEST,I,343,1,344,1.00150961452732,0.99664659343312,0.0019922134130705
A1,SSEST,I,343,2,345,1.00937030973295,0.994682113541356,0.0116251777347729
A1,SSEST,I,343,3,346,1.01745693896546,0.992711454701484,0.0216894117210293
A1,SSEST,I,343,4,347,1.02575991796386,0.990734651294038,0.0319741440515871
A1,SSEST,I,343,5,348,1.03426940604971,0.988751733778946,0.0424743399707554
A1,SSEST,I,343,6,349,1.04297531779033,0.986762729376697,0.0531734156051626
A1,SSEST,I,343,7,350,1.05186733495201,0.984767662661306,0.0640691125016685
A1,SSEST,I,343,8,351,1.06093491872914,0.982766556078362,0.0751411926963965
A1,SSEST,I,343,9,352,1.07016732223487,0.980759430399937,0.0863901362345529
A1,SSEST,I,343,10,353,1.07955360323821,0.978746305126649,0.0977921832569584
A1,SSEST,I,343,11,354,1.0890826371328,0.976727198845969,0.109350518072928
A1,SSEST,I,343,12,355,1.09874313012177,0.974702129554808,0.12103799234053
A1,SSEST,I,343,13,356,1.10852363260311,0.972671114953592,0.132860463606084
A1,SSEST,I,343,14,357,1.11841255273977,0.970634172718348,0.144787529279438
A1,SSEST,I,350,1,351,1.06093491872914,1.05554483960308,0.00225062034788513
A1,SSEST,I,350,2,352,1.07016732223487,1.05394491702305,0.012910742954751
A1,SSEST,I,350,3,353,1.07955360323821,1.05233997449713,0.0238961615174656
A1,SSEST,I,350,4,354,1.0890826371328,1.0507300590232,0.0350510895287519
A1,SSEST,I,350,5,355,1.09874313012177,1.04911520905871,0.0463215565737386
A1,SSEST,I,350,6,356,1.10852363260311,1.04749545587546,0.0577369092386592
A1,SSEST,I,350,7,357,1.11841255273977,1.04587082471534,0.0692464869439738
A1,SSEST,I,350,8,358,1.12839817019821,1.04424133577456,0.0808758345985996
A1,SSEST,I,350,9,359,1.13846865003941,1.04260700504051,0.0925775478419354
A1,SSEST,I,350,10,360,1.14861205674556,1.04096784500216,0.104373525606552
A1,SSEST,I,350,11,361,1.15881636836602,1.03932386525228,0.116219570483373
A1,SSEST,I,350,12,362,1.16906949076577,1.03767507299701,0.128134090999111
A1,SSEST,I,350,13,363,1.1793592719593,1.03602147348655,0.140076051225716
A1,SSEST,I,350,14,364,1.18967351651318,1.0343630703784,0.152060524201446
A2,ARX,I,49,1,50,1.8,1.8,0
A2,ARX,I,49,2,51,1.8,1.8,2.22044604925031e-16
A2,ARX,I,49,3,52,1.8,1.8,6.66133814775094e-16
A2,ARX,I,49,4,53,1.8,1.8,1.11022302462516e-15
A2,ARX,I,49,5,54,1.8,1.8,1.99840144432528e-15
A2,ARX,I,49,6,55,1.8,1.8,3.5527136788005e-15
A2,ARX,I,49,7,56,1.79999999999999,1.8,5.77315972805081e-15
A2,ARX,I,49,8,57,1.79999999999999,1.8,9.76996261670138e-15
A2,ARX,I,49,9,58,1.79999999999998,1.8,1.62092561595273e-14
A2,ARX,I,49,10,59,1.79999999999997,1.8,2.68673971959288e-14
A2,ARX,I,49,11,60,1.79999999999996,1.8,4.44089209850063e-14
A2,ARX,I,49,12,61,1.79999999999993,1.8,7.34967642301854e-14
A2,ARX,I,49,13,62,1.79999999999988,1.8,1.21458398893992e-13
A2,ARX,I,49,14,63,1.7999999999998,1.8,2.00284233642378e-13
A2,ARX,I,56,1,57,1.79999999999999,1.79999999999999,3.99680288865056e-15
A2,ARX,I,56,2,58,1.79999999999998,1.79999999999999,1.04360964314765e-14
A2,ARX,I,56,3,59,1.79999999999997,1.79999999999999,2.1094237467878e-14
A2,ARX,I,56,4,60,1.79999999999996,1.79999999999999,3.86357612569554e-14
A2,ARX,I,56,5,61,1.79999999999993,1.79999999999999,6.77236045021345e-14
A2,ARX,I,56,6,62,1.79999999999988,1.79999999999999,1.15685239165941e-13
A2,ARX,I,56,7,63,1.7999999999998,1.79999999999999,1.94511073914327e-13
A2,ARX,I,56,8,64,1.79999999999967,1.79999999999999,3.24629212400396e-13
A2,ARX,I,56,9,65,1.79999999999946,1.79999999999999,5.38902256153051e-13
A2,ARX,I,56,10,66,1.7999999999991,1.79999999999999,8.92619311798626e-13
A2,ARX,I,56,11,67,1.79999999999852,1.79999999999999,1.47548639972683e-12
A2,ARX,I,56,12,68,1.79999999999756,1.79999999999999,2.43649544984237e-12
A2,ARX,I,56,13,69,1.79999999999597,1.79999999999999,4.02100575058739e-12
A2,ARX,I,56,14,70,1.79999999999336,1.79999999999999,6.63313848292546e-12
A2,ARX,I,63,1,64,1.79999999999967,1.7999999999998,1.30118138486068e-13
A2,ARX,I,63,2,65,1.79999999999946,1.7999999999998,3.44391182238724e-13
A2,ARX,I,63,3,66,1.7999999999991,1.7999999999998,6.98108237884298e-13
A2,ARX,I,63,4,67,1.79999999999852,1.7999999999998,1.28097532581251e-12
A2,ARX,I,63,5,68,1.79999999999756,1.7999999999998,2.24198437592804e-12
A2,ARX,I,63,6,69,1.79999999999597,1.7999999999998,3.82649467667306e-12
A2,ARX,I,63,7,70,1.79999999999336,1.7999999999998,6.43862740901113e-12
A2,ARX,I,63,8,71,1.79999999998905,1.7999999999998,1.07458486553469e-11
A2,ARX,I,63,9,72,1.79999999998195,1.7999999999998,1.78468351208494e-11
A2,ARX,I,63,10,73,1.79999999997024,1.7999999999998,2.95545810047315e-11
A2,ARX,I,63,11,74,1.79999999995094,1.7999999999998,4.88571405554694e-11
A2,ARX,I,63,12,75,1.79999999991912,1.7999999999998,8.06821276455594e-11
A2,ARX,I,63,13,76,1.79999999986665,1.7999999999998,1.33152155967764e-10
A2,ARX,I,63,14,77,1.79999999978014,1.7999999999998,2.19660956091161e-10
A2,ARX,I,70,1,71,1.79999999998905,1.79999999999336,4.30722124633576e-12
A2,ARX,I,70,2,72,1.79999999998195,1.79999999999336,1.14082077118383e-11
A2,ARX,I,70,3,73,1.79999999997024,1.79999999999336,2.31159535957204e-11
A2,ARX,I,70,4,74,1.79999999995094,1.79999999999336,4.24185131464583e-11
A2,ARX,I,70,5,75,1.79999999991912,1.79999999999336,7.42435002365482e-11
A2,ARX,I,70,6,76,1.79999999986665,1.79999999999336,1.26713528558753e-10
A2,ARX,I,70,7,77,1.79999999978014,1.79999999999336,2.1322232868215e-10
A2,ARX,I,70,8,78,1.79999999963751,1.79999999999336,3.55851348388114e-10
A2,ARX,I,70,9,79,1.79999999940235,1.79999999999336,5.91006577010944e-10
A2,ARX,I,70,10,80,1.79999999901465,1.79999999999336,9.78712000332393e-10
A2,ARX,I,70,11,81,1.79999999837543,1.79999999999336,1.61793001218768e-09
A2,ARX,I,70,12,82,1.79999999732154,1.79999999999336,2.67182276303402e-09
A2,ARX,I,70,13,83,1.79999999558396,1.79999999999336,4.40939773582727e-09
A2,ARX,I,70,14,84,1.79999999271919,1.79999999999336,7.27417481805048e-09
A2,ARX,I,77,1,78,1.79999999963751,1.79999999978014,1.42629019705964e-10
A2,ARX,I,77,2,79,1.79999999940235,1.79999999978014,3.77784248328794e-10
A2,ARX,I,77,3,80,1.79999999901465,1.79999999978014,7.65489671650244e-10
A2,ARX,I,77,4,81,1.79999999837543,1.79999999978014,1.40470768350553e-09
A2,ARX,I,77,5,82,1.79999999732154,1.79999999978014,2.45860043435187e-09
A2,ARX,I,77,6,83,1.79999999558396,1.79999999978014,4.19617540714512e-09
A2,ARX,I,77,7,84,1.79999999271919,1.79999999978014,7.06095248936833e-09
A2,ARX,I,77,8,85,1.79999998799597,1.79999999978014,1.17841714164513e-08
A2,ARX,I,77,9,86,1.7999999802087,1.79999999978014,1.95714429107596e-08
A2,ARX,I,77,10,87,1.79999996736966,1.79999999978014,3.24104825200067e-08
A2,ARX,I,77,11,88,1.79999994620166,1.79999999978014,5.35784798749717e-08
A2,ARX,I,77,12,89,1.79999991130153,1.79999999978014,8.84786053312325e-08
A2,ARX,I,77,13,90,1.79999985376096,1.79999999978014,1.46019179636525e-07
A2,ARX,I,77,14,91,1.7999997588926,1.79999999978014,2.40887535474243e-07
A2,ARX,I,84,1,85,1.79999998799597,1.79999999271919,4.72321892708294e-09
A2,ARX,I,84,2,86,1.7999999802087,1.79999999271919,1.25104904213913e-08
A2,ARX,I,84,3,87,1.79999996736966,1.79999999271919,2.53495300306383e-08
A2,ARX,I,84,4,88,1.79999994620166,1.79999999271919,4.65175273856033e-08
A2,ARX,I,84,5,89,1.79999991130153,1.79999999271919,8.14176528418642e-08
A2,ARX,I,84,6,90,1.79999985376096,1.79999999271919,1.38958227147157e-07
A2,ARX,I,84,7,91,1.7999997588926,1.79999999271919,2.33826582984875e-07
A2,ARX,I,84,8,92,1.79999960248116,1.79999999271919,3.90238023229017e-07
A2,ARX,I,84,9,93,1.79999934460239,1.79999999271919,6.48116794677023e-07
A2,ARX,I,84,10,94,1.79999891943244,1.79999999271919,1.07328674658902e-06
A2,ARX,I,84,11,95,1.79999821844641,1.79999999271919,1.77427277225917e-06
A2,ARX,I,84,12,96,1.79999706271779,1.79999999271919,2.9300013923983e-06
A2,ARX,I,84,13,97,1.79999515724874,1.79999999271919,4.83547044871635e-06
A2,ARX,I,84,14,98,1.79999201567579,1.79999999271919,7.97704339827732e-06
A2,ARX,I,91,1,92,1.79999960248116,1.79999960248115,1.31018652717153e-14
A2,ARX,I,91,2,93,1.79999934460239,1.79999934460231,8.43424095996347e-14
A2,ARX,I,91,3,94,1.79999891943244,1.79999891943208,3.53910727884315e-13
A2,ARX,I,91,4,95,1.79999821844641,1.79999821844517,1.24548396287752e-12
A2,ARX,I,91,5,96,1.79999706271779,1.7999970627138,3.98571546137797e-12
A2,ARX,I,91,6,97,1.79999515724874,1.79999515723668,1.20465193376162e-11
A2,ARX,I,91,7,98,1.79999201567579,1.79999201564066,3.51154315502021e-11
A2,ARX,I,91,8,99,1.79998683613682,1.79998683603683,9.99784255384384e-11
A2,ARX,I,91,9,100,1.79997829662727,1.79997829634698,2.80253232966111e-10
A2,ARX,I,91,10,101,1.79996421764573,1.79996421686819,7.77482007169934e-10
A2,ARX,I,91,11,102,1.79994100611631,1.7999410039742,2.14202247174179e-09
A2,ARX,I,91,12,103,1.79990273891298,1.79990273303859,5.87423774684521e-09
A2,ARX,I,91,13,104,1.79983965277444,1.79983963671441,1.60597783947934e-08
A2,ARX,I,91,14,105,1.7997356571159,1.79973561329986,4.38156325579777e-08
A2,ARX,I,98,1,99,1.79998683613682,1.79998683612316,1.30814272994131e-11
A2,ARX,I,98,2,100,1.79997829662727,1.79997829653949,8.69290454434216e-11
A2,ARX,I,98,3,101,1.79996421764573,1.79996421727166,3.72744057841601e-10
A2,ARX,I,98,4,102,1.79994100611631,1.79994100478472,1.32945400860902e-09
A2,ARX,I,98,5,103,1.79990273891298,1.79990273461792,4.29155003632707e-09
A2,ARX,I,98,6,104,1.79983965277444,1.79983963972239,1.3046278125718e-08
A2,ARX,I,98,7,105,1.7997356571159,1.7997356189288,3.81775953455726e-08
A2,ARX,I,98,8,106,1.79956424019714,1.79956413121122,1.08970253127123e-07
A2,ARX,I,98,9,107,1.79928173812869,1.79928143218475,3.05918105559923e-07
A2,ARX,I,98,10,108,1.79881628778646,1.79881543847758,8.49266296259415e-07
A2,ARX,I,98,11,109,1.79804974994573,1.79804741026495,2.33961059426216e-06
A2,ARX,I,98,12,110,1.79678827522837,1.79678186508752,6.41002520624687e-06
A2,ARX,I,98,13,111,1.79471477182412,1.79469728396195,1.74876717277401e-05
A2,ARX,I,98,14,112,1.79131320814184,1.79126567915928,4.75286691705243e-05
A2,ARX,I,105,1,106,1.79956424019714,1.79956422521414,1.43663126629513e-08
A2,ARX,I,105,2,107,1.79928173812869,1.79928164194002,9.52924015325725e-08
A2,ARX,I,105,3,108,1.79881628778646,1.7988158781873,4.08199533073904e-07
A2,ARX,I,105,4,109,1.79804974994573,1.79804829347193,1.45421379794058e-06
A2,ARX,I,105,5,110,1.79678827522837,1.79678358518328,4.68634798875205e-06
A2,ARX,I,105,6,111,1.79471477182412,1.7947005567173,1.42090323480041e-05
A2,ARX,I,105,7,112,1.79131320814184,1.79127179266242,4.14054899840267e-05
A2,ARX,I,105,8,113,1.78575089971623,1.78563350315858,0.000117380142110645
A2,ARX,I,105,9,114,1.77670297849943,1.77637706282946,0.000325888746113049
A2,ARX,I,105,10,115,1.76211028476717,1.76122174003985,0.000888500716410332
A2,ARX,I,105,11,116,1.73889581382663,1.73651877269557,0.00237696958882274
A2,ARX,I,105,12,117,1.70276035507224,1.69654815213376,0.00621208770531248
A2,ARX,I,105,13,118,1.64837417733857,1.632652057665,0.0157219368523217
A2,ARX,I,105,14,119,1.57053061994135,1.53252525763571,0.0380050793893798
A2,ARX,I,112,1,113,1.78575089971623,1.7857349404613,1.53187437252604e-05
A2,ARX,I,112,2,114,1.77670297849943,1.77660187274999,0.000100182852382829
A2,ARX,I,112,3,115,1.76211028476717,1.76168835913256,0.000420501460142625
A2,ARX,I,112,4,116,1.73889581382663,1.73744192294097,0.00145162959916767
A2,ARX,I,112,5,117,1.70276035507224,1.69830360680552,0.00445314107642641
A2,ARX,I,112,6,118,1.64837417733857,1.6358666363575,0.0125018422897988
A2,ARX,I,112,7,119,1.57053061994135,1.53816898460771,0.0323528318798328
A2,ARX,I,112,8,120,1.46676521236195,1.39007068963516,0.0766814445487116
A2,ARX,I,112,9,121,1.34082722710855,1.17694024722515,0.163868774835757
A2,ARX,I,112,10,122,1.20427246846152,0.895202518516263,0.309047183416843
A2,ARX,I,112,11,123,1.0731679943576,0.57089790449052,0.502246218938893
A2,ARX,I,112,12,124,0.961203831178293,0.272508447604586,0.688676649900723
A2,ARX,I,112,13,125,0.874756015369007,0.0807903219925206,0.793956562024072
A2,ARX,I,112,14,126,0.813062427408977,0.0109468244723514,0.802113568690792
A2,ARX,I,119,1,120,1.46676521236195,1.45918362134341,0.00721297157742172
A2,ARX,I,119,2,121,1.34082722710855,1.30487738663422,0.0355122486616758
A2,ARX,I,119,3,122,1.20427246846152,1.10103181546934,0.102717858699357
A2,ARX,I,119,4,123,1.0731679943576,0.850537433358082,0.22203672521151
A2,ARX,I,119,5,124,0.961203831178293,0.574558406734043,0.386044360246192
A2,ARX,I,119,6,125,0.874756015369007,0.316562346482396,0.557693173293163
A2,ARX,I,119,7,126,0.813062427408977,0.127962864168666,0.684792621803636
A2,ARX,I,119,8,127,0.771466086041531,0.0323097875683684,0.739038499488883
A2,ARX,I,119,9,128,0.744483521299804,0.00399057295729084,0.740470808478869
A2,ARX,I,119,10,129,0.727416869311825,0.000166285346388565,0.727249178617412
A2,ARX,I,119,11,130,0.716793869268412,1.32935987208542e-06,0.716792522770483
A2,ARX,I,119,12,131,0.710247555279573,8.64762623226271e-10,0.71024755439777
A2,ARX,I,119,13,132,0.706238323315115,1.24335091166376e-14,0.706238323315102
A2,ARX,I,119,14,133,0.70379219643172,5.45325125687941e-22,0.70379219643172
A2,ARX,I,126,1,127,0.771466086041531,0.755188559267296,0.0126653097469718
A2,ARX,I,126,2,128,0.744483521299804,0.701060555583075,0.0400602801692586
A2,ARX,I,126,3,129,0.727416869311825,0.650579937619109,0.073707120206068
A2,ARX,I,126,4,130,0.716793869268412,0.603627979510034,0.11025286923512
A2,ARX,I,126,5,131,0.710247555279573,0.560069858658629,0.147466022901297
A2,ARX,I,126,6,132,0.706238323315115,0.519758521263967,0.183954717863732
A2,ARX,I,126,7,133,0.70379219643172,0.482538212918657,0.21890145243161
A2,ARX,I,126,8,134,0.702303207627225,0.448247630228872,0.251862307516877
A2,ARX,I,126,9,135,0.701398117889389,0.416722636703492,0.282628945843682
A2,ARX,I,126,10,136,0.700848425668516,0.387798416147764,0.311138484107083
A2,ARX,I,126,11,137,0.700514752398196,0.361310682802403,0.337416742613404
A2,ARX,I,126,12,138,0.700312270609,0.337095942508772,0.361543450107746
A2,ARX,I,126,13,139,0.700189422856831,0.314993939468758,0.383627953591101
A2,ARX,I,126,14,140,0.700114898555436,0.29485132125432,0.403792565639031
A2,ARX,I,133,1,134,0.702303207627225,0.703082700048121,0.000750002717099515
A2,ARX,I,133,2,135,0.701398117889389,0.704079996903939,0.00103575786913486
A2,ARX,I,133,3,136,0.700848425668516,0.706759788335551,0.00246791607945669
A2,ARX,I,133,4,137,0.700514752398196,0.711102808736147,0.00691516504354962
A2,ARX,I,133,5,138,0.700312270609,0.717094245827728,0.0130775499781413
A2,ARX,I,133,6,139,0.700189422856831,0.724723085587843,0.0207893177271074
A2,ARX,I,133,7,140,0.700114898555436,0.733981377102071,0.0300738860110973
A2,ARX,I,133,8,141,0.700069692360925,0.744863411801734,0.0409445990724365
A2,ARX,I,133,9,142,0.700042271607434,0.75736481141196,0.0534086529362999
A2,ARX,I,133,10,143,0.700025639413626,0.771481521484385,0.0674690308388551
A2,ARX,I,133,11,144,0.700015551233084,0.787208721711329,0.0831252015642007
A2,ARX,I,133,12,145,0.700009432352131,0.804539697547321,0.100373076587506
A2,ARX,I,133,13,146,0.700005721030063,0.823464748182402,0.119204576531006
A2,ARX,I,133,14,147,0.700003469987239,0.84397019194676,0.139607037797063
A2,ARX,I,140,1,141,0.700069692360925,0.701543203682086,0.000810086672297515
A2,ARX,I,140,2,142,0.700042271607434,0.704450701221726,0.00161886855426025
A2,ARX,I,140,3,143,0.700025639413626,0.708816716055706,0.00521699932599553
A2,ARX,I,140,4,144,0.700015551233084,0.714622636772068,0.0110035110902778
A2,ARX,I,140,5,145,0.700009432352131,0.721850969485967,0.0182014431868738
A2,ARX,I,140,6,146,0.700005721030063,0.730484564351454,0.0267953133551896
A2,ARX,I,140,7,147,0.700003469987239,0.740506140371985,0.0367688725842781
A2,ARX,I,140,8,148,0.700002104656262,0.75189801266311,0.0481050820134797
A2,ARX,I,140,9,149,0.700001276539512,0.764641844797829,0.0607860246802432
A2,ARX,I,140,10,150,0.700000774260706,0.778718319806411,0.0747926742344059
A2,ARX,I,140,11,151,0.700000469612987,0.794106708631414,0.0901045213515572
A2,ARX,I,140,12,152,0.700000284834723,0.810784354593143,0.106699092860423
A2,ARX,I,140,13,153,0.70000017276101,0.828726102145763,0.124551401945405
A2,ARX,I,140,14,154,0.700000104784856,0.84790369680832,0.143633361958654
A2,ARX,I,147,1,148,0.700002104656262,0.701279086123274,0.000773561136785702
A2,ARX,I,147,2,149,0.700001276539512,0.703800522027778,0.00140165187502857
A2,ARX,I,147,3,150,0.700000774260706,0.707537831269757,0.00405018191997515
A2,ARX,I,147,4,151,0.700000469612987,0.712463038574945,0.00895179254660206
A2,ARX,I,147,5,152,0.700000284834723,0.718549910314428,0.015009262893384
A2,ARX,I,147,6,153,0.70000017276101,0.725773649143176,0.0221979607909941
A2,ARX,I,147,7,154,0.700000104784856,0.734110534765109,0.0304943096950937
A2,ARX,I,147,8,155,0.70000006355523,0.74353752791936,0.0398754011616759
A2,ARX,I,147,9,156,0.700000038548197,0.754031850331279,0.0503185807165189
A2,ARX,I,147,10,157,0.700000023380663,0.765570550271617,0.0618010178099365
A2,ARX,I,147,11,158,0.700000014181089,0.778130061384281,0.0742992681251254
A2,ARX,I,147,12,159,0.700000008601265,0.791685761290369,0.0877888350999932
A2,ARX,I,147,13,160,0.700000005216931,0.806211535901096,0.1022437367957
A2,ARX,I,147,14,161,0.700000003164229,0.821679355184367,0.117636083966233
A2,ARX,I,154,1,155,0.70000006355523,0.701075073930964,0.0007367290912039
A2,ARX,I,154,2,156,0.700000038548197,0.703195534303144,0.00119722673254709
A2,ARX,I,154,3,157,0.700000023380663,0.706334009824276,0.00294071217995525
A2,ARX,I,154,4,158,0.700000014181089,0.710464807326132,0.00704225330231258
A2,ARX,I,154,5,159,0.700000008601265,0.71556371735616,0.0121169158146842
A2,ARX,I,154,6,160,0.700000005216931,0.721607706547141,0.0181321129115678
A2,ARX,I,154,7,161,0.700000003164229,0.728574604623834,0.0250657848557402
A2,ARX,I,154,8,162,0.700000001919202,0.736442788615458,0.0328964162503726
A2,ARX,I,154,9,163,0.700000001164055,0.745190866543615,0.041602721312105
A2,ARX,I,154,10,164,0.700000000706035,0.754797362715888,0.0511633306990625
A2,ARX,I,154,11,165,0.700000000428232,0.76524040673842,0.0615564820155647
A2,ARX,I,154,12,166,0.700000000259736,0.776497428435985,0.0727597161825826
A2,ARX,I,154,13,167,0.700000000157538,0.788544861009905,0.0847495819996837
A2,ARX,I,154,14,168,0.700000000095551,0.801357854950538,0.0975013514071447
A2,ARX,I,161,1,162,0.700000001919202,0.700929084110744,0.000707003688348274
A2,ARX,I,161,2,163,0.700000001164055,0.70276214358259,0.00104981984451758
A2,ARX,I,161,3,164,0.700000000706035,0.705475605843257,0.00231821763684306
A2,ARX,I,161,4,165,0.700000000428232,0.709047198713365,0.00570494820415497
A2,ARX,I,161,5,166,0.700000000259736,0.713455724731844,0.0100928918568782
A2,ARX,I,161,6,167,0.700000000157538,0.718680830060309,0.015293572559805
A2,ARX,I,161,7,168,0.700000000095551,0.724702772378715,0.021287343720165
A2,ARX,I,161,8,169,0.700000000057955,0.731502188936893,0.0280549363888566
A2,ARX,I,161,9,170,0.700000000035151,0.739059865901877,0.0355772296777145
A2,ARX,I,161,10,171,0.70000000002132,0.747356510165019,0.0438350236240466
A2,ARX,I,161,11,172,0.700000000012931,0.756372524836107,0.0528088157244602
A2,ARX,I,161,12,173,0.700000000007843,0.766087789745264,0.0624785824529013
A2,ARX,I,161,13,174,0.700000000004757,0.776481448388716,0.0728235671925579
A2,ARX,I,161,14,175,0.700000000002885,0.787531702883426,0.0838220761395592
A2,ARX,I,168,1,169,0.700000000057955,0.700825062359928,0.000682815318398292
A2,ARX,I,168,2,170,0.700000000035151,0.702453702924033,0.000944257160912525
A2,ARX,I,168,3,171,0.70000000002132,0.70486556835125,0.0019423877447232
A2,ARX,I,168,4,172,0.700000000012931,0.708041264639345,0.00477258533965491
A2,ARX,I,168,5,173,0.700000000007843,0.711962183603293,0.00867552459748571
A2,ARX,I,168,6,174,0.700000000004757,0.716610327726361,0.0133023381372659
A2,ARX,I,168,7,175,0.700000000002885,0.721968134342858,0.018635546516893
A2,ARX,I,168,8,176,0.70000000000175,0.728018299985782,0.024657928167371
A2,ARX,I,168,9,177,0.700000000001062,0.734743605733366,0.0313523455362434
A2,ARX,I,168,10,178,0.700000000000644,0.742126744415198,0.0387015730815651
A2,ARX,I,168,11,179,0.700000000000391,0.750150150586268,0.046688128020666
A2,ARX,I,168,12,180,0.700000000000237,0.758795834241103,0.0552941048015461
A2,ARX,I,168,13,181,0.700000000000144,0.768045219315575,0.0645010143397928
A2,ARX,I,168,14,182,0.700000000000087,0.777878988106167,0.074289629145782
A2,ARX,I,175,1,176,0.70000000000175,0.700748904599298,0.000662513748034852
A2,ARX,I,175,2,177,0.700000000001062,0.7022279726732,0.000866444934281361
A2,ARX,I,175,3,178,0.700000000000644,0.70441932375959,0.00171001508899889
A2,ARX,I,175,4,179,0.700000000000391,0.707305804506652,0.00410516665417457
A2,ARX,I,175,5,180,0.700000000000237,0.710870852893727,0.0076541550741835
A2,ARX,I,175,6,181,0.700000000000144,0.715098360945291,0.0118626116171618
A2,ARX,I,175,7,182,0.700000000000087,0.719972536637073,0.016714817475615
A2,ARX,I,175,8,183,0.700000000000053,0.725477765673812,0.022195230652585
A2,ARX,I,175,9,184,0.700000000000032,0.731598473821089,0.0282883489113113
A2,ARX,I,175,10,185,0.700000000000019,0.738318990493009,0.0349785739744908
A2,ARX,I,175,11,186,0.700000000000012,0.745623414330239,0.0422500777044172
A2,ARX,I,175,12,187,0.700000000000007,0.753495481545982,0.0500866710381715
A2,ARX,I,175,13,188,0.700000000000004,0.761918437867819,0.0584716765021995
A2,ARX,I,175,14,189,0.700000000000003,0.770874914958007,0.0673878051850286
A2,ARX,I,182,1,183,0.700000000000053,0.700691468138933,0.000644998269753994
A2,ARX,I,182,2,184,0.700000000000032,0.702057721969691,0.000807284703967346
A2,ARX,I,182,3,185,0.700000000000019,0.704082756034566,0.00153757122484594
A2,ARX,I,182,4,186,0.700000000000012,0.706751134238142,0.0036138831905172
A2,ARX,I,182,5,187,0.700000000000007,0.710047880069807,0.00689603632452935
A2,ARX,I,182,6,188,0.700000000000004,0.713958365293761,0.0107892103970599
A2,ARX,I,182,7,189,0.700000000000003,0.71846819769822,0.0152790785606376
A2,ARX,I,182,8,190,0.700000000000002,0.723563108484247,0.0203514367326813
A2,ARX,I,182,9,191,0.700000000000001,0.729228839876949,0.0259920917025237
A2,ARX,I,182,10,192,0.7,0.735451033555372,0.0321867500529529
A2,ARX,I,182,11,193,0.7,0.742215120520409,0.0389209085129067
A2,ARX,I,182,12,194,0.7,0.749506213050101,0.0461797463879334
A2,ARX,I,182,13,195,0.7,0.757308999426948,0.053948020750108
A2,ARX,I,182,14,196,0.7,0.765607642159996,0.0622099651070835
A2,ARX,I,189,1,190,0.700000000000002,0.700646899249198,0.000629546132028892
A2,ARX,I,189,2,191,0.700000000000001,0.701925569756044,0.000772635826069357
A2,ARX,I,189,3,192,0.7,0.703821433610917,0.00140605215465695
A2,ARX,I,189,4,193,0.7,0.706320373560971,0.00324250211099955
A2,ARX,I,189,5,194,0.7,0.709408641530781,0.00631733470216728
A2,ARX,I,189,6,195,0.7,0.713072765623682,0.00996551967241184
A2,ARX,I,189,7,196,0.7,0.71729945611909,0.0141738264893652
A2,ARX,I,189,8,197,0.7,0.722075510972769,0.018929111826296
A2,ARX,I,189,9,198,0.7,0.727387721328412,0.0242182254835213
A2,ARX,I,189,10,199,0.7,0.733222777558753,0.0300279168365185
A2,ARX,I,189,11,200,0.7,0.739567176370935,0.0363447423432572
A2,ARX,I,189,12,201,0.7,0.746407129532835,0.0431549746650621
A2,ARX,I,189,13,202,0.7,0.753728474802594,0.050444513980844
A2,ARX,I,189,14,203,0.7,0.761516589671447,0.0581988021022304
A2,ARX,I,196,1,197,0.7,0.70061137027374,0.000615670877117514
A2,ARX,I,196,2,198,0.7,0.701820170567253,0.00075092677173526
A2,ARX,I,196,3,199,0.7,0.703612921575896,0.00132157190943359
A2,ARX,I,196,4,200,0.7,0.705976528624942,0.00295452539236862
A2,ARX,I,196,5,201,0.7,0.708898203417194,0.0058637035311152
A2,ARX,I,196,6,202,0.7,0.712365384318222,0.00931605796247884
A2,ARX,I,196,7,203,0.7,0.716365655634579,0.0132992272668625
A2,ARX,I,196,8,204,0.7,0.7208866663337,0.017800914329256
A2,ARX,I,196,9,205,0.7,0.725916048654956,0.0228088052974449
A2,ARX,I,196,10,206,0.7,0.731441337068463,0.0283104888860578
A2,ARX,I,196,11,207,0.7,0.737449888050636,0.0342933764934735
A2,ARX,I,196,12,208,0.7,0.743928801161847,0.0407446236149592
A2,ARX,I,196,13,209,0.7,0.750864841930851,0.047651053054616
A2,ARX,I,196,14,210,0.7,0.758244367071597,0.0549990804595716
A2,ARX,I,203,1,204,0.7,0.70058231860424,0.00060303549601284
A2,ARX,I,203,2,205,0.7,0.701733936885852,0.000731879079489557
A2,ARX,I,203,3,206,0.7,0.703442233281002,0.00126262904004828
A2,ARX,I,203,4,207,0.7,0.705694916951278,0.00272566322205165
A2,ARX,I,203,5,208,0.7,0.708479959352472,0.00549898952200486
A2,ARX,I,203,6,209,0.7,0.711785524428518,0.00879065330347021
A2,ARX,I,203,7,210,0.7,0.715599897836958,0.0125889905245298
A2,ARX,I,203,8,211,0.7,0.719911415606742,0.0168823872305899
A2,ARX,I,203,9,212,0.7,0.724708392629357,0.0216592083456083
A2,ARX,I,203,10,213,0.7,0.729979051389597,0.0269077267015658
A2,ARX,I,203,11,214,0.7,0.735711451351657,0.0326160527201711
A2,ARX,I,203,12,215,0.7,0.74189341942883,0.0387720651733452
A2,ARX,I,203,13,216,0.7,0.748512481980001,0.0453633434638563
A2,ARX,I,203,14,217,0.7,0.75555579879228,0.052377101883607
A2,ARX,I,210,1,211,0.7,0.700557992868428,0.00059140016103184
A2,ARX,I,210,2,212,0.7,0.701661686872266,0.000714868786025165
A2,ARX,I,210,3,213,0.7,0.703299141587856,0.00121299177595748
A2,ARX,I,210,4,214,0.7,0.705458708598984,0.00254220718818857
A2,ARX,I,210,5,215,0.7,0.708128970549962,0.00519861472286851
A2,ARX,I,210,6,216,0.7,0.711298678929381,0.00835520819885151
A2,ARX,I,210,7,217,0.7,0.71495669094986,0.0119980901655057
A2,ARX,I,210,8,218,0.7,0.719091905884165,0.0161162066854154
A2,ARX,I,210,9,219,0.7,0.72369320121789,0.0206984820576249
A2,ARX,I,210,10,220,0.7,0.728749368982815,0.0257337554136435
A2,ARX,I,210,11,221,0.7,0.734249052642251,0.0312107178628748
A2,ARX,I,210,12,222,0.7,0.740180684909578,0.037117850567124
A2,ARX,I,210,13,223,0.7,0.746532426892849,0.0434433641355013
A2,ARX,I,210,14,224,0.7,0.753292108971128,0.0501751397437553
A2,ARX,I,217,1,218,0.7,0.70053717546883,0.000580590035452047
A2,ARX,I,217,2,219,0.7,0.701599819700752,0.000699454171923005
A2,ARX,I,217,3,220,0.7,0.703176543428386,0.00117028279105265
A2,ARX,I,217,4,221,0.7,0.705256221217744,0.00241239080258429
A2,ARX,I,217,5,222,0.7,0.707827936368953,0.00494557337969282
A2,ARX,I,217,6,223,0.7,0.710880924661802,0.00798612807662573
A2,ARX,I,217,7,224,0.7,0.714404517276299,0.0114953758880253
A2,ARX,I,217,8,225,0.7,0.718388083213944,0.0154627298879736
A2,ARX,I,217,9,226,0.7,0.722820971544898,0.0198775832392072
A2,ARX,I,217,10,227,0.7,0.727692453809082,0.0247292518282224
A2,ARX,I,217,11,228,0.7,0.732991666904859,0.0300069173857193
A2,ARX,I,217,12,229,0.7,0.738707556806753,0.0356995714324875
A2,ARX,I,217,13,230,0.7,0.744828823462982,0.0417959604001311
A2,ARX,I,217,14,231,0.7,0.751343867233804,0.0482845322862038
A2,ARX,I,224,1,225,0.7,0.700519007733121,0.000570474841378677
A2,ARX,I,224,2,226,0.7,0.701545796764164,0.000685316819984932
A2,ARX,I,224,3,227,0.7,0.703069432778023,0.0011328251070346
A2,ARX,I,224,4,228,0.7,0.705079224505822,0.00230105433712038
A2,ARX,I,224,5,229,0.7,0.707564673304588,0.00472792808744222
A2,ARX,I,224,6,230,0.7,0.710515421698092,0.00766684287270883
A2,ARX,I,224,7,231,0.7,0.713921201178531,0.0110589692560431
A2,ARX,I,224,8,232,0.7,0.7177717795646,0.0148941168001241
A2,ARX,I,224,9,233,0.7,0.722056908210682,0.019162078612756
A2,ARX,I,224,10,234,0.7,0.726766269363935,0.023852578914663
A2,ARX,I,224,11,235,0.7,0.731889423970415,0.028955221054296
A2,ARX,I,224,12,236,0.7,0.737415760237621,0.034459436275824
A2,ARX,I,224,13,237,0.7,0.743334443268325,0.0403544335539662
A2,ARX,I,224,14,238,0.7,0.749634366088842,0.0466291508175504
A2,ARX,I,231,1,232,0.7,0.70050287661838,0.000560955512814191
A2,ARX,I,231,2,233,0.7,0.701497805929402,0.000672223362712386
A2,ARX,I,231,3,234,0.7,0.702974236866173,0.00109942056369776
A2,ARX,I,231,4,235,0.7,0.704921845833681,0.00220374373216677
A2,ARX,I,231,5,236,0.7,0.707330490117221,0.00453719652804436
A2,ARX,I,231,6,237,0.7,0.710190160366265,0.0073855688800872
A2,ARX,I,231,7,238,0.7,0.713490932426713,0.0106733055980013
A2,ARX,I,231,8,239,0.7,0.717222918790508,0.0143905588893983
A2,ARX,I,231,9,240,0.7,0.721376219930634,0.0185274689378267
A2,ARX,I,231,10,241,0.7,0.72594087579083,0.0230741155838769
A2,ARX,I,231,11,242,0.7,0.730906817702835,0.0280204704319118
A2,ARX,I,231,12,243,0.7,0.736263821008922,0.0333563496591168
A2,ARX,I,231,13,244,0.7,0.742001458673555,0.0390713678096387
A2,ARX,I,231,14,245,0.7,0.748109056174783,0.0451548928632822
A2,ARX,I,238,1,239,0.7,0.700488339556259,0.000551955255741476
A2,ARX,I,238,2,240,0.7,0.701454539027427,0.000660000044409373
A2,ARX,I,238,3,241,0.7,0.702888376692708,0.0010692031293413
A2,ARX,I,238,4,242,0.7,0.704779846429771,0.00211726101994648
A2,ARX,I,238,5,243,0.7,0.707119114321991,0.00436728607742942
A2,ARX,I,238,6,244,0.7,0.709896474450747,0.00713383216581058
A2,ARX,I,238,7,245,0.7,0.713102304121979,0.0103271845719579
A2,ARX,I,238,8,246,0.7,0.716727018772498,0.0139377966554239
A2,ARX,I,238,9,247,0.7,0.720761026800329,0.0179561147153528
A2,ARX,I,238,10,248,0.7,0.725194684564253,0.022372533165078
A2,ARX,I,238,11,249,0.7,0.730018251800336,0.027177350121905
A2,ARX,I,238,12,250,0.7,0.735221847707263,0.0323607236629226
A2,ARX,I,238,13,251,0.7,0.740795407957215,0.0379126290026276
A2,ARX,I,238,14,252,0.7,0.746728642894557,0.0438228168536408
A2,ARX,I,245,1,246,0.7,0.700475073640979,0.000543413432167232
A2,ARX,I,245,2,247,0.7,0.70141504152218,0.000648515462988081
A2,ARX,I,245,3,248,0.7,0.702809970333133,0.00104153985530315
A2,ARX,I,245,4,249,0.7,0.704650133130029,0.00203928730001368
A2,ARX,I,245,5,250,0.7,0.706925968666461,0.0042137761298843
A2,ARX,I,245,6,251,0.7,0.709628040012583,0.00690547463606871
A2,ARX,I,245,7,252,0.7,0.712746992690733,0.0100124590176572
A2,ARX,I,245,8,253,0.7,0.716273512552034,0.0135254514430657
A2,ARX,I,245,9,254,0.7,0.720198283617114,0.0174351722113935
A2,ARX,I,245,10,255,0.7,0.724511946104566,0.0217322979419462
A2,ARX,I,245,11,256,0.7,0.729205054872805,0.0264074201753921
A2,ARX,I,245,12,257,0.7,0.73426803850416,0.0314510046145424
A2,ARX,I,245,13,258,0.7,0.739691159264095,0.0368533512367826
A2,ARX,I,245,14,259,0.7,0.745464474172985,0.0426045555146954
A2,ARX,I,252,1,253,0.7,0.700462840751386,0.000535281301492399
A2,ARX,I,252,2,254,0.7,0.701378609379026,0.000637668669625223
A2,ARX,I,252,3,255,0.7,0.702737629518939,0.00101596295543931
A2,ARX,I,252,4,256,0.7,0.704530423837122,0.00196812459799421
A2,ARX,I,252,5,257,0.7,0.70674767571847,0.00407342700843722
A2,ARX,I,252,6,258,0.7,0.709380190340419,0.00669597425657062
A2,ARX,I,252,7,259,0.7,0.712418855340401,0.00972313877230664
A2,ARX,I,252,8,260,0.7,0.715854601282767,0.013145885983657
A2,ARX,I,252,9,261,0.7,0.7196783621294,0.0169551846603278
A2,ARX,I,252,10,262,0.7,0.723881035918388,0.0211419677412841
A2,ARX,I,252,11,263,0.7,0.728453445856631,0.0256970935745335
A2,ARX,I,252,12,264,0.7,0.733386302034839,0.0306113077768025
A2,ARX,I,252,13,265,0.7,0.738670163976663,0.0358752059240767
A2,ARX,I,252,14,266,0.7,0.744295404237431,0.0414791972876954
A2,ARX,I,259,1,260,0.7,0.700451463322073,0.000527519010641381
A2,ARX,I,259,2,261,0.7,0.701344717452991,0.000627380853912609
A2,ARX,I,259,3,262,0.7,0.702670318455003,0.000992122655058538
A2,ARX,I,259,4,263,0.7,0.70441901545039,0.00190251695504732
A2,ARX,I,259,5,264,0.7,0.706581714382533,0.00394383975118211
A2,ARX,I,259,6,265,0.7,0.70914944125066,0.00650197427252622
A2,ARX,I,259,7,266,0.7,0.712113305010247,0.0094547702888384
A2,ARX,I,259,8,267,0.7,0.715464460327774,0.0127934160016655
A2,ARX,I,259,9,268,0.7,0.719194070377032,0.016509108047713
A2,ARX,I,259,10,269,0.7,0.723293269864032,0.0205930146619668
A2,ARX,I,259,11,270,0.7,0.727753128468713,0.0250362392559122
A2,ARX,I,259,12,271,0.7,0.732564614893678,0.0298297846003791
A2,ARX,I,259,13,272,0.7,0.737718561712851,0.0349645178052295
A2,ARX,I,259,14,273,0.7,0.743205631216061,0.0404311362911665
A2,ARX,I,266,1,267,0.7,0.700440807351489,0.000520093439252222
A2,ARX,I,266,2,268,0.7,0.701312969284015,0.000617589470577258
A2,ARX,I,266,3,269,0.7,0.70260725487747,0.000969754137535761
A2,ARX,I,266,4,270,0.7,0.704314621293268,0.00184152523341665
A2,ARX,I,266,5,271,0.7,0.706426179379442,0.00382321811514071
A2,ARX,I,266,6,272,0.7,0.708933158831021,0.00632095392755759
A2,ARX,I,266,7,273,0.7,0.711826873082208,0.00920400284052374
A2,ARX,I,266,8,274,0.7,0.715098684103727,0.0124637591359338
A2,ARX,I,266,9,275,0.7,0.718739967277143,0.0160916304190859
A2,ARX,I,266,10,276,0.7,0.722742076517644,0.0200790028701963
A2,ARX,I,266,11,277,0.7,0.727096309817563,0.0244172069149674
A2,ARX,I,266,12,278,0.7,0.731793875384511,0.0290974834874627
A2,ARX,I,266,13,279,0.7,0.736825858550196,0.0341109510607294
A2,ARX,I,266,14,280,0.7,0.742183189628532,0.0394485736231354
A2,ARX,I,273,1,274,0.7,0.700430770393795,0.000512976639225532
A2,ARX,I,273,2,275,0.7,0.701283061626663,0.000608244052256894
A2,ARX,I,273,3,276,0.7,0.702547840169918,0.000948654190248228
A2,ARX,I,273,4,277,0.7,0.704216256322015,0.00178443883629532
A2,ARX,I,273,5,278,0.7,0.706279611472396,0.00371020078640361
A2,ARX,I,273,6,279,0.7,0.708729324995111,0.00615099631846133
A2,ARX,I,273,7,280,0.7,0.711556900934708,0.00896828273802669
A2,ARX,I,273,8,281,0.7,0.714753894643867,0.0121536465741343
A2,ARX,I,273,9,282,0.7,0.71831187953066,0.0156986923096688
A2,ARX,I,273,10,283,0.7,0.722222414072839,0.0195950095159171
A2,ARX,I,273,11,284,0.7,0.726477009257094,0.023834140410415
A2,ARX,I,273,12,285,0.7,0.731067096602448,0.0284075479966971
A2,ARX,I,273,13,286,0.7,0.735983996928733,0.033306584946332
A2,ARX,I,273,14,287,0.7,0.741218890033195,0.0385224633857107
A2,ARX,I,280,1,281,0.7,0.700421273018764,0.000506144692597373
A2,ARX,I,280,2,282,0.7,0.701254759228866,0.000599303199785703
A2,ARX,I,280,3,283,0.7,0.702491609682979,0.000928664595206202
A2,ARX,I,280,4,284,0.7,0.704123155539816,0.00173071306662702
A2,ARX,I,280,5,285,0.7,0.706140876833599,0.00360374233133708
A2,ARX,I,280,6,286,0.7,0.708536370941035,0.00599062366198517
A2,ARX,I,280,7,287,0.7,0.711301320895555,0.00874563634707291
A2,ARX,I,280,8,288,0.7,0.714427463695659,0.0118605475035461
A2,ARX,I,280,9,289,0.7,0.717906558752618,0.0153271465467295
A2,ARX,I,280,10,290,0.7,0.721730356622191,0.0191372140346816
A2,ARX,I,280,11,291,0.7,0.725890568165313,0.0232824909398633
A2,ARX,I,280,12,292,0.7,0.730378834283666,0.0277546484935234
A2,ARX,I,280,13,293,0.7,0.735186696377474,0.0325452587496283
A2,ARX,I,280,14,294,0.7,0.740305567674567,0.0376457660168726
A2,ARX,I,287,1,288,0.7,0.700412252704938,0.000499576866950935
A2,ARX,I,287,2,289,0.7,0.701227876799198,0.00059073240239347
A2,ARX,I,287,3,290,0.7,0.70243819721925,0.000909660249465306
A2,ARX,I,287,4,291,0.7,0.704034715683257,0.00167992444282986
A2,ARX,I,287,5,292,0.7,0.706009080837481,0.0035030282738073
A2,ARX,I,287,6,293,0.7,0.708353058161636,0.00583867974849275
A2,ARX,I,287,7,294,0.7,0.711058499771289,0.00853451524411134
A2,ARX,I,287,8,295,0.7,0.714117314252682,0.0115824724747349
A2,ARX,I,287,9,296,0.7,0.717521436663723,0.0149745155001122
A2,ARX,I,287,10,297,0.7,0.721262798834249,0.0187026051316652
A2,ARX,I,287,11,298,0.7,0.72533330009874,0.0227586697693036
A2,ARX,I,287,12,299,0.7,0.729724778595414,0.0271345768025129
A2,ARX,I,287,13,300,0.7,0.734428983266762,0.0318221047103137
A2,ARX,I,287,14,301,0.7,0.739437546697977,0.0368129159960822
A2,ARX,I,294,1,295,0.7,0.700403659451222,0.000493254984396316
A2,ARX,I,294,2,296,0.7,0.701202266049494,0.000582502447281634
A2,ARX,I,294,3,297,0.7,0.702387309516449,0.000891540624681498
A2,ARX,I,294,4,298,0.7,0.703950453329906,0.00163173867436505
A2,ARX,I,294,5,299,0.7,0.705883506137466,0.0034074142259537
A2,ARX,I,294,6,300,0.7,0.708178392984601,0.0056942456507157
A2,ARX,I,294,7,301,0.7,0.710827126484759,0.0083336851540279
A2,ARX,I,294,8,302,0.7,0.713821778056344,0.0113178323510914
A2,ARX,I,294,9,303,0.7,0.717154449349889,0.0146388169528551
A2,ARX,I,294,10,304,0.7,0.720817243987963,0.0182887706053909
A2,ARX,I,294,11,305,0.7,0.724802239740345,0.0222597991629093
A2,ARX,I,294,12,306,0.7,0.729101461257514,0.0265439555170444
A2,ARX,I,294,13,307,0.7,0.733706853486407,0.0311332131059385
A2,ARX,I,294,14,308,0.7,0.738610255893524,0.0360194402277874
A2,ARX,I,301,1,302,0.7,0.700395452608534,0.000487162945112328
A2,ARX,I,301,2,303,0.7,0.701177806340134,0.000574588250485498
A2,ARX,I,301,3,304,0.7,0.70233870782598,0.000874223596970213
A2,ARX,I,301,4,305,0.7,0.703869974656439,0.00158588761014884
A2,ARX,I,301,5,306,0.7,0.705763567966916,0.00331638206454243
A2,ARX,I,301,6,307,0.7,0.708011564888371,0.00555657899822447
A2,ARX,I,301,7,308,0.7,0.710606130980308,0.00814214590925726
A2,ARX,I,301,8,309,0.7,0.713539492761548,0.0110653366355218
A2,ARX,I,301,9,310,0.7,0.716803910452535,0.0143184385709
A2,ARX,I,301,10,311,0.7,0.720391651042125,0.0178937458258105
A2,ARX,I,301,11,312,0.7,0.724294961791697,0.0217835328234484
A2,ARX,I,301,12,313,0.7,0.728506044289752,0.0259800284445263
A2,ARX,I,301,13,314,0.7,0.733017029170885,0.0304753908340127
A2,ARX,I,301,14,315,0.7,0.73781995161392,0.0352616829842842
A2,ARX,I,308,1,309,0.7,0.700387598581561,0.000481286363617085
A2,ARX,I,308,2,310,0.7,0.701154397894119,0.000566967990624899
A2,ARX,I,308,3,311,0.7,0.702292194549779,0.000857640967078456
A2,ARX,I,308,4,312,0.7,0.703792953500675,0.00154311783062796
A2,ARX,I,308,5,313,0.7,0.705648781713966,0.0032295082405847
A2,ARX,I,308,6,314,0.7,0.707851901756744,0.00542507002768235
A2,ARX,I,308,7,315,0.7,0.710394625399767,0.00795907349123087
A2,ARX,I,308,8,316,0.7,0.713269327346566,0.0108239198241846
A2,ARX,I,308,9,317,0.7,0.716468419192953,0.0140120469579934
A2,ARX,I,308,10,318,0.7,0.719984323721138,0.0175159039452105
A2,ARX,I,308,11,319,0.7,0.723809449632419,0.0213279257790931
A2,ARX,I,308,12,320,0.7,0.727936166822661,0.025440508754044
A2,ARX,I,308,13,321,0.7,0.732356782305286,0.0298459864712857
A2,ARX,I,308,14,322,0.7,0.73706351688725,0.0345366065948841
A2,ARX,I,315,1,316,0.7,0.70038006915339,0.000475612287882892
A2,ARX,I,315,2,317,0.7,0.701131956849869,0.000559622461603737
A2,ARX,I,315,3,318,0.7,0.702247603497328,0.00084173519076355
A2,ARX,I,315,4,319,0.7,0.703719115365755,0.0015083568631039
A2,ARX,I,315,5,320,0.7,0.70553873927785,0.00314644075829948
A2,ARX,I,315,6,321,0.7,0.707698837250302,0.00529920962190157
A2,ARX,I,315,7,322,0.7,0.710191861186492,0.00778377785365966
A2,ARX,I,315,8,323,0.7,0.713010327719139,0.0105926877898185
A2,ARX,I,315,9,324,0.7,0.71614679329993,0.0137185214246274
A2,ARX,I,315,10,325,0.7,0.719593829632344,0.017153875926835
A2,ARX,I,315,11,326,0.7,0.72334399954356,0.0208913395937048
A2,ARX,I,315,12,327,0.7,0.727389833391482,0.024923468338253
A2,ARX,I,315,13,328,0.7,0.731723806103282,0.0292427628058092
A2,ARX,I,315,14,329,0.7,0.736338314942463,0.0338416462165741
A2,ARX,I,322,1,323,0.7,0.700372840257642,0.000470128979806506
A2,ARX,I,322,2,324,0.7,0.701110411634888,0.000552534584431765
A2,ARX,I,322,3,325,0.7,0.702204792742978,0.000826456978839397
A2,ARX,I,322,4,326,0.7,0.703648225691972,0.00147502917805093
A2,ARX,I,322,5,327,0.7,0.705433091731354,0.00306688236969327
A2,ARX,I,322,6,328,0.7,0.707551886877944,0.00517856594712591
A2,ARX,I,322,7,329,0.7,0.709997197624429,0.00761567206591529
A2,ARX,I,322,8,330,0.7,0.712761676819642,0.0103708785325503
A2,ARX,I,322,9,331,0.7,0.715838019810339,0.0134369054842041
A2,ARX,I,322,10,332,0.7,0.719218940933328,0.0168064919600961
A2,ARX,I,322,11,333,0.7,0.722897150446487,0.0204723729101933
A2,ARX,I,322,12,334,0.7,0.726865331987218,0.0244272567295088
A2,ARX,I,322,13,335,0.7,0.731116120647176,0.0286638034065479
A2,ARX,I,322,14,336,0.7,0.735642081752538,0.0331746033748893
A2,ARX,I,329,1,330,0.7,0.700365891073151,0.000464825741487187
A2,ARX,I,329,2,331,0.7,0.701089700291468,0.000545689035322234
A2,ARX,I,329,3,332,0.7,0.702163639357389,0.000811763524361112
A2,ARX,I,329,4,333,0.7,0.703580081204213,0.00144303282553856
A2,ARX,I,329,5,334,0.7,0.705331536527601,0.00299057823961093
A2,ARX,I,329,6,335,0.7,0.707410630337372,0.00506276727718099
A2,ARX,I,329,7,336,0.7,0.709810078615976,0.00745424960371985
A2,ARX,I,329,8,337,0.7,0.712522665168062,0.0101578332724793
A2,ARX,I,329,9,338,0.7,0.715541218744117,0.01316637110987
A2,ARX,I,329,10,339,0.7,0.718858590520368,0.0164727382704814
A2,ARX,I,329,11,340,0.7,0.722467632016691,0.0200698102285983
A2,ARX,I,329,12,341,0.7,0.726361173534271,0.0239504412876716
A2,ARX,I,329,13,342,0.7,0.730532003194926,0.0281074436893963
A2,ARX,I,329,14,343,0.7,0.734972846664327,0.0325335674043843
A2,ARX,I,336,1,337,0.7,0.700359203351938,0.000459692775999156
A2,ARX,I,336,2,338,0.7,0.701069768490939,0.00053907195925088
A2,ARX,I,336,3,339,0.7,0.702124035494403,0.000797617183669731
A2,ARX,I,336,4,340,0.7,0.703514503483734,0.00141227884897363
A2,ARX,I,336,5,341,0.7,0.705233807993243,0.00291730683628144
A2,ARX,I,336,6,342,0.7,0.70727469838896,0.00495148928414822
A2,ARX,I,336,7,343,0.7,0.709630015417412,0.00729906752368931
A2,ARX,I,336,8,344,0.7,0.712292668962539,0.00995297501242979
A2,ARX,I,336,9,345,0.7,0.715255616087585,0.0129061922098156
A2,ARX,I,336,10,346,0.7,0.718511839437958,0.0161517250514023
A2,ARX,I,336,11,347,0.7,0.722054326080648,0.0196825838580955
A2,ARX,I,336,12,348,0.7,0.725876046855674,0.0234917627556796
A2,ARX,I,336,13,349,0.7,0.729969936315145,0.0275722196799823
A2,ARX,I,336,14,350,0.7,0.734328873325782,0.0319168570432694
A2,ARX,I,343,1,344,0.7,0.700352760916511,0.000454721074378928
A2,ARX,I,343,2,345,0.7,0.701050568047731,0.00053267074672951
A2,ARX,I,343,3,346,0.7,0.702085885461794,0.000783984487148091
A2,ARX,I,343,4,347,0.7,0.703451334154578,0.00138268868892705
A2,ARX,I,343,5,348,0.7,0.705139670207287,0.0028468731568176
A2,ARX,I,343,6,349,0.7,0.707143763020505,0.0048444455648376
A2,ARX,I,343,7,350,0.7,0.709456573698983,0.00714973390245407
A2,ARX,I,343,8,351,0.7,0.712071133659571,0.00975579251665073
A2,ARX,I,343,9,352,0.7,0.714980523533474,0.0126557247873577
A2,ARX,I,343,10,353,0.7,0.718177852433147,0.015842662462153
A2,ARX,I,343,11,354,0.7,0.721656237653749,0.0193097454240366
A2,ARX,I,343,12,355,0.7,0.725408784878891,0.0230501019618067
A2,ARX,I,343,13,356,0.7,0.729428568960479,0.0270568296126161
A2,ARX,I,343,14,357,0.7,0.733708615342626,0.0313229766464563
A2,ARX,I,350,1,351,0.7,0.70034654928053,0.000449902322730021
A2,ARX,I,350,2,352,0.7,0.701032055797597,0.000526473857659427
A2,ARX,I,350,3,353,0.7,0.702049103508962,0.000770835390447693
A2,ARX,I,350,4,354,0.7,0.703390431246631,0.00135419223133272
A2,ARX,I,350,5,355,0.7,0.705048911618501,0.00277910364870485
A2,ARX,I,350,6,356,0.7,0.707017530010323,0.00474138051981358
A2,ARX,I,350,7,357,0.7,0.709289363756873,0.00700589837815724
A2,ARX,I,350,8,358,0.7,0.711857561549437,0.00956582823108063
A2,ARX,I,350,9,359,0.7,0.714715323145577,0.0124143919673798
A2,ARX,I,350,10,360,0.7,0.717855879446271,0.0155448424989748
A2,ARX,I,350,11,361,0.7,0.721272473005136,0.0189504443332014
A2,ARX,I,350,12,362,0.7,0.724958339034207,0.022624454640009
A2,ARX,I,350,13,363,0.7,0.728906686970762,0.0265601048783556
A2,ARX,I,350,14,364,0.7,0.733110682669794,0.0307505830461974
A2,AR,None,49,1,50,1.8,1.8,0
A2,AR,None,49,2,51,1.8,1.8,2.22044604925031e-16
A2,AR,None,49,3,52,1.8,1.8,6.66133814775094e-16
A2,AR,None,49,4,53,1.8,1.8,1.11022302462516e-15
A2,AR,None,49,5,54,1.8,1.8,1.99840144432528e-15
A2,AR,None,49,6,55,1.8,1.8,3.5527136788005e-15
A2,AR,None,49,7,56,1.79999999999999,1.8,5.77315972805081e-15
A2,AR,None,49,8,57,1.79999999999999,1.8,9.76996261670138e-15
A2,AR,None,49,9,58,1.79999999999998,1.8,1.62092561595273e-14
A2,AR,None,49,10,59,1.79999999999997,1.8,2.68673971959288e-14
A2,AR,None,49,11,60,1.79999999999996,1.8,4.44089209850063e-14
A2,AR,None,49,12,61,1.79999999999993,1.8,7.34967642301854e-14
A2,AR,None,49,13,62,1.79999999999988,1.8,1.21458398893992e-13
A2,AR,None,49,14,63,1.7999999999998,1.8,2.00284233642378e-13
A2,AR,None,56,1,57,1.79999999999999,1.79999999999999,3.99680288865056e-15
A2,AR,None,56,2,58,1.79999999999998,1.79999999999999,1.04360964314765e-14
A2,AR,None,56,3,59,1.79999999999997,1.79999999999999,2.1094237467878e-14
A2,AR,None,56,4,60,1.79999999999996,1.79999999999999,3.86357612569554e-14
A2,AR,None,56,5,61,1.79999999999993,1.79999999999999,6.77236045021345e-14
A2,AR,None,56,6,62,1.79999999999988,1.79999999999999,1.15685239165941e-13
A2,AR,None,56,7,63,1.7999999999998,1.79999999999999,1.94511073914327e-13
A2,AR,None,56,8,64,1.79999999999967,1.79999999999999,3.24629212400396e-13
A2,AR,None,56,9,65,1.79999999999946,1.79999999999999,5.38902256153051e-13
A2,AR,None,56,10,66,1.7999999999991,1.79999999999999,8.92619311798626e-13
A2,AR,None,56,11,67,1.79999999999852,1.79999999999999,1.47548639972683e-12
A2,AR,None,56,12,68,1.79999999999756,1.79999999999999,2.43649544984237e-12
A2,AR,None,56,13,69,1.79999999999597,1.79999999999999,4.02100575058739e-12
A2,AR,None,56,14,70,1.79999999999336,1.79999999999999,6.63313848292546e-12
A2,AR,None,63,1,64,1.79999999999967,1.7999999999998,1.30118138486068e-13
A2,AR,None,63,2,65,1.79999999999946,1.7999999999998,3.44391182238724e-13
A2,AR,None,63,3,66,1.7999999999991,1.7999999999998,6.98108237884298e-13
A2,AR,None,63,4,67,1.79999999999852,1.7999999999998,1.28097532581251e-12
A2,AR,None,63,5,68,1.79999999999756,1.7999999999998,2.24198437592804e-12
A2,AR,None,63,6,69,1.79999999999597,1.7999999999998,3.82649467667306e-12
A2,AR,None,63,7,70,1.79999999999336,1.7999999999998,6.43862740901113e-12
A2,AR,None,63,8,71,1.79999999998905,1.7999999999998,1.07458486553469e-11
A2,AR,None,63,9,72,1.79999999998195,1.7999999999998,1.78468351208494e-11
A2,AR,None,63,10,73,1.79999999997024,1.7999999999998,2.95545810047315e-11
A2,AR,None,63,11,74,1.79999999995094,1.7999999999998,4.88571405554694e-11
A2,AR,None,63,12,75,1.79999999991912,1.7999999999998,8.06821276455594e-11
A2,AR,None,63,13,76,1.79999999986665,1.7999999999998,1.33152155967764e-10
A2,AR,None,63,14,77,1.79999999978014,1.7999999999998,2.19660956091161e-10
A2,AR,None,70,1,71,1.79999999998905,1.79999999999336,4.30722124633576e-12
A2,AR,None,70,2,72,1.79999999998195,1.79999999999336,1.14082077118383e-11
A2,AR,None,70,3,73,1.79999999997024,1.79999999999336,2.31159535957204e-11
A2,AR,None,70,4,74,1.79999999995094,1.79999999999336,4.24185131464583e-11
A2,AR,None,70,5,75,1.79999999991912,1.79999999999336,7.42435002365482e-11
A2,AR,None,70,6,76,1.79999999986665,1.79999999999336,1.26713528558753e-10
A2,AR,None,70,7,77,1.79999999978014,1.79999999999336,2.1322232868215e-10
A2,AR,None,70,8,78,1.79999999963751,1.79999999999336,3.55851348388114e-10
A2,AR,None,70,9,79,1.79999999940235,1.79999999999336,5.91006577010944e-10
A2,AR,None,70,10,80,1.79999999901465,1.79999999999336,9.78712000332393e-10
A2,AR,None,70,11,81,1.79999999837543,1.79999999999336,1.61793001218768e-09
A2,AR,None,70,12,82,1.79999999732154,1.79999999999336,2.67182276303402e-09
A2,AR,None,70,13,83,1.79999999558396,1.79999999999336,4.40939773582727e-09
A2,AR,None,70,14,84,1.79999999271919,1.79999999999336,7.27417481805048e-09
A2,AR,None,77,1,78,1.79999999963751,1.79999999978014,1.42629019705964e-10
A2,AR,None,77,2,79,1.79999999940235,1.79999999978014,3.77784248328794e-10
A2,AR,None,77,3,80,1.79999999901465,1.79999999978014,7.65489671650244e-10
A2,AR,None,77,4,81,1.79999999837543,1.79999999978014,1.40470768350553e-09
A2,AR,None,77,5,82,1.79999999732154,1.79999999978014,2.45860043435187e-09
A2,AR,None,77,6,83,1.79999999558396,1.79999999978014,4.19617540714512e-09
A2,AR,None,77,7,84,1.79999999271919,1.79999999978014,7.06095248936833e-09
A2,AR,None,77,8,85,1.79999998799597,1.79999999978014,1.17841714164513e-08
A2,AR,None,77,9,86,1.7999999802087,1.79999999978014,1.95714429107596e-08
A2,AR,None,77,10,87,1.79999996736966,1.79999999978014,3.24104825200067e-08
A2,AR,None,77,11,88,1.79999994620166,1.79999999978014,5.35784798749717e-08
A2,AR,None,77,12,89,1.79999991130153,1.79999999978014,8.84786053312325e-08
A2,AR,None,77,13,90,1.79999985376096,1.79999999978014,1.46019179636525e-07
A2,AR,None,77,14,91,1.7999997588926,1.79999999978014,2.40887535474243e-07
A2,AR,None,84,1,85,1.79999998799597,1.79999999271919,4.72321892708294e-09
A2,AR,None,84,2,86,1.7999999802087,1.79999999271919,1.25104904213913e-08
A2,AR,None,84,3,87,1.79999996736966,1.79999999271919,2.53495300306383e-08
A2,AR,None,84,4,88,1.79999994620166,1.79999999271919,4.65175273856033e-08
A2,AR,None,84,5,89,1.79999991130153,1.79999999271919,8.14176528418642e-08
A2,AR,None,84,6,90,1.79999985376096,1.79999999271919,1.38958227147157e-07
A2,AR,None,84,7,91,1.7999997588926,1.79999999271919,2.33826582984875e-07
A2,AR,None,84,8,92,1.79999960248116,1.79999999271919,3.90238023229017e-07
A2,AR,None,84,9,93,1.79999934460239,1.79999999271919,6.48116794677023e-07
A2,AR,None,84,10,94,1.79999891943244,1.79999999271919,1.07328674658902e-06
A2,AR,None,84,11,95,1.79999821844641,1.79999999271919,1.77427277225917e-06
A2,AR,None,84,12,96,1.79999706271779,1.79999999271919,2.9300013923983e-06
A2,AR,None,84,13,97,1.79999515724874,1.79999999271919,4.83547044871635e-06
A2,AR,None,84,14,98,1.79999201567579,1.79999999271919,7.97704339827732e-06
A2,AR,None,91,1,92,1.79999960248116,1.79999967476155,6.22031034125392e-08
A2,AR,None,91,2,93,1.79999934460239,1.79999960015255,2.29760479296558e-07
A2,AR,None,91,3,94,1.79999891943244,1.79999953398788,5.68382624334242e-07
A2,AR,None,91,4,95,1.79999821844641,1.7999994753118,1.1868842949113e-06
A2,AR,None,91,5,96,1.79999706271779,1.79999942327674,2.26436944397908e-06
A2,AR,None,91,6,97,1.79999515724874,1.79999937713106,4.09592041927809e-06
A2,AR,None,91,7,98,1.79999201567579,1.79999933620821,7.16791081324633e-06
A2,AR,None,91,8,99,1.79998683613682,1.79999929991705,1.22821542297702e-05
A2,AR,None,91,9,100,1.79997829662727,1.79999926773336,2.07605612195115e-05
A2,AR,None,91,10,101,1.79996421764573,1.79999923919225,3.47825045561881e-05
A2,AR,None,91,11,102,1.79994100611631,1.79999921388146,5.79409059499923e-05
A2,AR,None,91,12,103,1.79990273891298,1.79999919143537,9.61587191504372e-05
A2,AR,None,91,13,104,1.79983965277444,1.79999917152976,0.000159199021104719
A2,AR,None,91,14,105,1.7997356571159,1.79999915387708,0.000263152205153514
A2,AR,None,98,1,99,1.79998683613682,1.79998922967055,2.07223277993348e-06
A2,AR,None,98,2,100,1.79997829662727,1.79998675898888,7.64013519000005e-06
A2,AR,None,98,3,101,1.79996421764573,1.79998456794169,1.88782256694942e-05
A2,AR,None,98,4,102,1.79994100611631,1.79998262487933,3.93876232226358e-05
A2,AR,None,98,5,103,1.79990273891298,1.79998090173441,7.50960516799792e-05
A2,AR,None,98,6,104,1.79983965277444,1.79997937361629,0.000135768530450791
A2,AR,None,98,7,105,1.7997356571159,1.79997801845154,0.000237495140107749
A2,AR,None,98,8,106,1.79956424019714,1.79997681666506,0.000406785342950292
A2,AR,None,98,9,107,1.79928173812869,1.79997575089732,0.000687299384580693
A2,AR,None,98,10,108,1.79881628778646,1.79997480575357,0.00115089571763436
A2,AR,None,98,11,109,1.79804974994573,1.79997396758148,0.00191570814707588
A2,AR,None,98,12,110,1.79678827522837,1.7999732242739,0.00317558011227223
A2,AR,None,98,13,111,1.79471477182412,1.79997256509399,0.00524759715275068
A2,AR,None,98,14,112,1.79131320814184,1.79997198052014,0.00864778440836478
A2,AR,None,105,1,106,1.79956424019714,1.79964343289182,6.89273934632855e-05
A2,AR,None,105,2,107,1.79928173812869,1.79956164715388,0.000253641840069016
A2,AR,None,105,3,108,1.79881628778646,1.79948911799901,0.000625804584022732
A2,AR,None,105,4,109,1.79804974994573,1.79942479743038,0.00130377444828572
A2,AR,None,105,5,110,1.79678827522837,1.79936775616821,0.00248151464604359
A2,AR,None,105,6,111,1.79471477182412,1.79931717018724,0.00447614391687725
A2,AR,None,105,7,112,1.79131320814184,1.79927230878395,0.00780365188644846
A2,AR,None,105,8,113,1.78575089971623,1.79923252399899,0.0132966273867872
A2,AR,None,105,9,114,1.77670297849943,1.79919724124036,0.0222798018517384
A2,AR,None,105,10,115,1.76211028476717,1.79916595097076,0.0368121679172133
A2,AR,None,105,11,116,1.73889581382663,1.79913820133784,0.0599705413675523
A2,AR,None,105,12,117,1.70276035507224,1.79911359164029,0.0960539291659014
A2,AR,None,105,13,118,1.64837417733857,1.79909176653481,0.150391849863866
A2,AR,None,105,14,119,1.57053061994135,1.79907241089957,0.228190747208371
A2,AR,None,112,1,113,1.78575089971623,1.7882978279182,0.00222485867389473
A2,AR,None,112,2,114,1.77670297849943,1.78562423550786,0.00809832470879542
A2,AR,None,112,3,115,1.76211028476717,1.78325325200592,0.019671219936354
A2,AR,None,112,4,116,1.73889581382663,1.7811502785769,0.0400257413126783
A2,AR,None,112,5,117,1.70276035507224,1.77928474237283,0.0734631529241336
A2,AR,None,112,6,118,1.64837417733857,1.77762961334486,0.125312677518508
A2,AR,None,112,7,119,1.57053061994135,1.77616098209806,0.20077845851462
A2,AR,None,112,8,120,1.46676521236195,1.77485769045851,0.302320906895485
A2,AR,None,112,9,121,1.34082722710855,1.77370100767985,0.426185535445899
A2,AR,None,112,10,122,1.20427246846152,1.77267434626155,0.56081048869312
A2,AR,None,112,11,123,1.0731679943576,1.77176301222469,0.690122081602275
A2,AR,None,112,12,124,0.961203831178293,1.77095398542272,0.80042329630852
A2,AR,None,112,13,125,0.874756015369007,1.77023572608137,0.885330910781311
A2,AR,None,112,14,126,0.813062427408977,1.76959800428309,0.945599800614446
A2,AR,None,119,1,120,1.46676521236195,1.50221435505676,0.0298656323257938
A2,AR,None,119,2,121,1.34082722710855,1.4420353543999,0.0875021200421039
A2,AR,None,119,3,122,1.20427246846152,1.3888424791092,0.160780605162076
A2,AR,None,119,4,123,1.0731679943576,1.34167655887536,0.233386282852662
A2,AR,None,119,5,124,0.961203831178293,1.29973371620047,0.291364048746729
A2,AR,None,119,6,125,0.874756015369007,1.26233649646217,0.328062426449328
A2,AR,None,119,7,126,0.813062427408977,1.22891098954078,0.343964915536178
A2,AR,None,119,8,127,0.771466086041531,1.19896858310717,0.343452528261239
A2,AR,None,119,9,128,0.744483521299804,1.17209132060541,0.331739878574469
A2,AR,None,119,10,129,0.727416869311825,1.1479200828449,0.313266331035092
A2,AR,None,119,11,130,0.716793869268412,1.12614499506539,0.291258219011831
A2,AR,None,119,12,131,0.710247555279573,1.1064975984386,0.267850531458471
A2,AR,None,119,13,132,0.706238323315115,1.08874442841922,0.244365565343665
A2,AR,None,119,14,133,0.70379219643172,1.07268172092993,0.221574875416787
A2,AR,None,126,1,127,0.771466086041531,0.756982852583402,0.0108163331226138
A2,AR,None,126,2,128,0.744483521299804,0.706010216534249,0.0306047915534921
A2,AR,None,126,3,129,0.727416869311825,0.659681629738452,0.0551014842103451
A2,AR,None,126,4,130,0.716793869268412,0.617575368993074,0.0814598270682836
A2,AR,None,126,5,131,0.710247555279573,0.579307897656414,0.107825205507158
A2,AR,None,126,6,132,0.706238323315115,0.544530966194624,0.133089259592517
A2,AR,None,126,7,133,0.70379219643172,0.512928823841053,0.156646688354222
A2,AR,None,126,8,134,0.702303207627225,0.484215563217437,0.178209471518883
A2,AR,None,126,9,135,0.701398117889389,0.45813261239782,0.197679929568037
A2,AR,None,126,10,136,0.700848425668516,0.434446382924008,0.21506902146598
A2,AR,None,126,11,137,0.700514752398196,0.412946077518671,0.230445686978048
A2,AR,None,126,12,138,0.700312270609,0.393441657513765,0.243906299877065
A2,AR,None,126,13,139,0.700189422856831,0.375761967157308,0.25555672159998
A2,AR,None,126,14,140,0.700114898555436,0.359753009836209,0.265502079269907
A2,AR,None,133,1,134,0.702303207627225,0.701834074030271,0.000716432753342091
A2,AR,None,133,2,135,0.701398117889389,0.700352441293882,0.00158596011967118
A2,AR,None,133,3,136,0.700848425668516,0.699336186759923,0.00260310806748949
A2,AR,None,133,4,137,0.700514752398196,0.698774572996987,0.00372437303729127
A2,AR,None,133,5,138,0.700312270609,0.698657205961229,0.00492188601884028
A2,AR,None,133,6,139,0.700189422856831,0.698974003253208,0.00617703693788873
A2,AR,None,133,7,140,0.700114898555436,0.699715161480099,0.00747695026747831
A2,AR,None,133,8,141,0.700069692360925,0.700871122914532,0.00899055717677393
A2,AR,None,133,9,142,0.700042271607434,0.702432541630073,0.0107080663910932
A2,AR,None,133,10,143,0.700025639413626,0.704390249284389,0.0125352102649519
A2,AR,None,133,11,144,0.700015551233084,0.706735220714111,0.0144671918602291
A2,AR,None,133,12,145,0.700009432352131,0.709458539500301,0.0164997501299022
A2,AR,None,133,13,146,0.700005721030063,0.712551363659785,0.018629063461513
A2,AR,None,133,14,147,0.700003469987239,0.71600489161548,0.0208516617395244
A2,AR,None,140,1,141,0.700069692360925,0.700463131670794,0.000689898046638756
A2,AR,None,140,2,142,0.700042271607434,0.701224573014175,0.001565527889184
A2,AR,None,140,3,143,0.700025639413626,0.702389905749646,0.00264604971780306
A2,AR,None,140,4,144,0.700015551233084,0.703950013314707,0.00390346610334226
A2,AR,None,140,5,145,0.700009432352131,0.705895947065251,0.00531865443828848
A2,AR,None,140,6,146,0.700005721030063,0.708218893796068,0.00687762379930901
A2,AR,None,140,7,147,0.700003469987239,0.710910143283364,0.0085695834242522
A2,AR,None,140,8,148,0.700002104656262,0.713961055992455,0.0103858852255701
A2,AR,None,140,9,149,0.700001276539512,0.717363031091721,0.0123193891256074
A2,AR,None,140,10,150,0.700000774260706,0.721107474912807,0.0143640519667164
A2,AR,None,140,11,151,0.700000469612987,0.725185769996829,0.0165146443855442
A2,AR,None,140,12,152,0.700000284834723,0.729589244866704,0.0187665458626934
A2,AR,None,140,13,153,0.70000017276101,0.734309144666528,0.0211155901768936
A2,AR,None,140,14,154,0.700000104784856,0.73933660280994,0.0235579448744829
A2,AR,None,147,1,148,0.700002104656262,0.700413898977014,0.000676440265243111
A2,AR,None,147,2,149,0.700001276539512,0.701227683891316,0.0015361127961588
A2,AR,None,147,3,150,0.700000774260706,0.702435723535474,0.00259699122433477
A2,AR,None,147,4,151,0.700000469612987,0.704029108731773,0.00383129848725378
A2,AR,None,147,5,152,0.700000284834723,0.705999091234306,0.00522008389307213
A2,AR,None,147,6,153,0.70000017276101,0.708337052593754,0.0067495036888524
A2,AR,None,147,7,154,0.700000104784856,0.711034473106466,0.00840889599391144
A2,AR,None,147,8,155,0.70000006355523,0.714082900979348,0.0101897248621229
A2,AR,None,147,9,156,0.700000038548197,0.717473921840158,0.0120849468099484
A2,AR,None,147,10,157,0.700000023380663,0.721199128721903,0.0140886015046174
A2,AR,None,147,11,158,0.700000014181089,0.725250092649776,0.0161955309561132
A2,AR,None,147,12,159,0.700000008601265,0.729618333959389,0.0184011771949154
A2,AR,None,147,13,160,0.700000005216931,0.734295294475723,0.0207014304643833
A2,AR,None,147,14,161,0.700000003164229,0.739272310683065,0.0230925114035587
A2,AR,None,154,1,155,0.70000006355523,0.700404417948111,0.000661232529180316
A2,AR,None,154,2,156,0.700000038548197,0.701203968394527,0.00150164340790909
A2,AR,None,154,3,157,0.700000023380663,0.702389830717179,0.00253874329494721
A2,AR,None,154,4,158,0.700000014181089,0.703953268263608,0.00374533995006242
A2,AR,None,154,5,159,0.700000008601265,0.705885703307136,0.00510287017310791
A2,AR,None,154,6,160,0.700000005216931,0.708178687212294,0.00659776337138508
A2,AR,None,154,7,161,0.700000003164229,0.710823870718358,0.00821955961089586
A2,AR,None,154,8,162,0.700000001919202,0.713812974462191,0.00995987760240778
A2,AR,None,154,9,163,0.700000001164055,0.717137759859841,0.0118117959017523
A2,AR,None,154,10,164,0.700000000706035,0.720790000465349,0.0137694533964374
A2,AR,None,154,11,165,0.700000000428232,0.724761453924915,0.0158277755149789
A2,AR,None,154,12,166,0.700000000259736,0.729043834644745,0.0179822772253166
A2,AR,None,154,13,167,0.700000000157538,0.733628787291413,0.0202289154518313
A2,AR,None,154,14,168,0.700000000095551,0.738507861244228,0.0225639747374406
A2,AR,None,161,1,162,0.700000001919202,0.700396450362124,0.000646925073110375
A2,AR,None,161,2,163,0.700000001164055,0.701180375342055,0.00146916797726029
A2,AR,None,161,3,164,0.700000000706035,0.702343020925931,0.00248382759777076
A2,AR,None,161,4,165,0.700000000428232,0.703875815662444,0.00366427066038261
A2,AR,None,161,5,166,0.700000000259736,0.705770345177977,0.00499230414465674
A2,AR,None,161,6,167,0.700000000157538,0.708018323560286,0.00645461820880332
A2,AR,None,161,7,168,0.700000000095551,0.710611564889458,0.0080409456204414
A2,AR,None,161,8,169,0.700000000057955,0.713541955027992,0.00974305274614417
A2,AR,None,161,9,170,0.700000000035151,0.716801423780169,0.0115541348394222
A2,AR,None,161,10,171,0.70000000002132,0.720381917529846,0.0134684258947698
A2,AR,None,161,11,172,0.700000000012931,0.724275372465472,0.015480931524143
A2,AR,None,161,12,173,0.700000000007843,0.728473688501175,0.0175872369749927
A2,AR,None,161,13,174,0.700000000004757,0.732968704003121,0.019783363504797
A2,AR,None,161,14,175,0.700000000002885,0.73775217143089,0.0220656572811632
A2,AR,None,168,1,169,0.700000000057955,0.700388823783783,0.000633498894374822
A2,AR,None,168,2,170,0.700000000035151,0.701157665741269,0.00143867743448146
A2,AR,None,168,3,171,0.70000000002132,0.702297930776568,0.00243225043440047
A2,AR,None,168,4,172,0.700000000012931,0.703801206488174,0.0035881097459915
A2,AR,None,168,5,173,0.700000000007843,0.705659235722795,0.0048884106012162
A2,AR,None,168,6,174,0.700000000004757,0.707863889100779,0.00632008892341525
A2,AR,None,168,7,175,0.700000000002885,0.710407137714467,0.00787305953957679
A2,AR,None,168,8,176,0.70000000000175,0.713281026102803,0.00953922871876469
A2,AR,None,168,9,177,0.700000000001062,0.716477645603857,0.0113119026445573
A2,AR,None,168,10,178,0.700000000000644,0.719989108185929,0.0131854060232988
A2,AR,None,168,11,179,0.700000000000391,0.723807520857488,0.0151548211793234
A2,AR,None,168,12,180,0.700000000000237,0.727924960756174,0.0172158007442158
A2,AR,None,168,13,181,0.700000000000144,0.732333451017334,0.0193644277047146
A2,AR,None,168,14,182,0.700000000000087,0.737024937522971,0.0215971073002539
A2,AR,None,175,1,176,0.70000000000175,0.700381486097438,0.000620868258683061
A2,AR,None,175,2,177,0.700000000001062,0.7011358127736,0.00140998065032012
A2,AR,None,175,3,178,0.700000000000644,0.702254540950651,0.00238369220646641
A2,AR,None,175,4,179,0.700000000000391,0.703729411484587,0.00351638911492162
A2,AR,None,175,5,180,0.700000000000237,0.705552318667354,0.00479055488982072
A2,AR,None,175,6,181,0.700000000000144,0.707715283823758,0.00619335755110121
A2,AR,None,175,7,182,0.700000000000087,0.710210429103891,0.00771488425299993
A2,AR,None,175,8,183,0.700000000000053,0.713029951566558,0.00934717404634089
A2,AR,None,175,9,184,0.700000000000032,0.716166097647609,0.0110836387138097
A2,AR,None,175,10,185,0.700000000000019,0.719611138106095,0.0129186895763197
A2,AR,None,175,11,186,0.700000000000012,0.723357343540714,0.0148474824020989
A2,AR,None,175,12,187,0.700000000000007,0.727396960568901,0.0168657344541003
A2,AR,None,175,13,188,0.700000000000004,0.731722188761108,0.0189695879571723
A2,AR,None,175,14,189,0.700000000000003,0.736325158423073,0.0211555047788741
A2,AR,None,182,1,183,0.700000000000053,0.700374420258551,0.000608956933722971
A2,AR,None,182,2,184,0.700000000000032,0.701114769527572,0.00138290672472999
A2,AR,None,182,3,185,0.700000000000019,0.702212759275523,0.00233786647737033
A2,AR,None,182,4,186,0.700000000000012,0.703660278134853,0.00344868886417025
A2,AR,None,182,5,187,0.700000000000007,0.705449366381076,0.00469816758762375
A2,AR,None,182,6,188,0.700000000000004,0.707572190536598,0.0060736903489329
A2,AR,None,182,7,189,0.700000000000003,0.710021018189878,0.00756550775782324
A2,AR,None,182,8,190,0.700000000000002,0.712788193118266,0.00916578512332094
A2,AR,None,182,9,191,0.700000000000001,0.715866110801282,0.0108680349113571
A2,AR,None,182,10,192,0.7,0.719247194410185,0.0126667512488029
A2,AR,None,182,11,193,0.7,0.722923871359158,0.0145571602827683
A2,AR,None,182,12,194,0.7,0.726888550503326,0.0165350413056346
A2,AR,None,182,13,195,0.7,0.731133600068857,0.0185965934143923
A2,AR,None,182,14,196,0.7,0.735651326400641,0.0207383327838379
A2,AR,None,189,1,190,0.700000000000002,0.700367611406393,0.000597698555269975
A2,AR,None,189,2,191,0.700000000000001,0.701094491837543,0.00135730677680908
A2,AR,None,189,3,192,0.7,0.702172498040896,0.00229452360274189
A2,AR,None,189,4,193,0.7,0.703593661233017,0.00338464290473781
A2,AR,None,189,5,194,0.7,0.70535016250192,0.00461075212058573
A2,AR,None,189,6,195,0.7,0.70743430835832,0.00596044731629805
A2,AR,None,189,7,196,0.7,0.709838506519633,0.00742413444325252
A2,AR,None,189,8,197,0.7,0.712555242008448,0.00899409907514817
A2,AR,None,189,9,198,0.7,0.715577053645732,0.0106639498180834
A2,AR,None,189,10,199,0.7,0.718896511018094,0.0124282600601832
A2,AR,None,189,11,200,0.7,0.722506191997962,0.0142823234531993
A2,AR,None,189,12,201,0.7,0.72639866089528,0.0162219788627605
A2,AR,None,189,13,202,0.7,0.730566447319395,0.0182434800160348
A2,AR,None,189,14,203,0.7,0.735002025829918,0.0203433951963896
A2,AR,None,196,1,197,0.7,0.700361045770458,0.00058703508614764
A2,AR,None,196,2,198,0.7,0.701074938673816,0.00133305053783731
A2,AR,None,196,3,199,0.7,0.70213367573813,0.00225344506255845
A2,AR,None,196,4,200,0.7,0.703529425840539,0.00332393068968268
A2,AR,None,196,5,201,0.7,0.705254505980776,0.00452787357690194
A2,AR,None,196,6,202,0.7,0.707301357725002,0.00585306780427261
A2,AR,None,196,7,203,0.7,0.709662523897604,0.00729006722012598
A2,AR,None,196,8,204,0.7,0.712330625596637,0.00883127214056377
A2,AR,None,196,9,205,0.7,0.715298339607158,0.0104703831037584
A2,AR,None,196,10,206,0.7,0.718558376285851,0.0122020494552066
A2,AR,None,196,11,207,0.7,0.72210345798978,0.0140216296547836
A2,AR,None,196,12,208,0.7,0.725926298121916,0.0159250198241871
A2,AR,None,196,13,209,0.7,0.730019580866028,0.0179085261991956
A2,AR,None,196,14,210,0.7,0.734375941683604,0.0199687670921017
A2,AR,None,203,1,204,0.7,0.700354710547625,0.000576915514926653
A2,AR,None,203,2,205,0.7,0.701056071886637,0.00131002344969841
A2,AR,None,203,3,206,0.7,0.702096216580497,0.00221443861725893
A2,AR,None,203,4,207,0.7,0.703467446493934,0.00326627013584397
A2,AR,None,203,5,208,0.7,0.705162209889381,0.00444914913347223
A2,AR,None,203,6,209,0.7,0.70717307871271,0.0057510582060625
A2,AR,None,203,7,210,0.7,0.709492726140217,0.00716269224749276
A2,AR,None,203,8,211,0.7,0.712113904456954,0.00867656121453796
A2,AR,None,203,9,212,0.7,0.715029423335153,0.010286453671123
A2,AR,None,203,10,213,0.7,0.718232128580661,0.0119870918360913
A2,AR,None,203,11,214,0.7,0.721714881414744,0.0137738964459976
A2,AR,None,203,12,215,0.7,0.725470538358393,0.015642818692974
A2,AR,None,203,13,216,0.7,0.729491931786193,0.0175902153153467
A2,AR,None,203,14,217,0.7,0.733771851216807,0.0196127526890984
A2,AR,None,210,1,211,0.7,0.700348593817926,0.00056729479407414
A2,AR,None,210,2,212,0.7,0.701037855958395,0.00128812429585569
A2,AR,None,210,3,213,0.7,0.70206005001152,0.00217733435162361
A2,AR,None,210,4,214,0.7,0.703407606390485,0.00321141184167108
A2,AR,None,210,5,215,0.7,0.705073100206187,0.00437424023438492
A2,AR,None,210,6,216,0.7,0.707049229347978,0.00565398189941682
A2,AR,None,210,7,217,0.7,0.709328792837226,0.0070414664529844
A2,AR,None,210,8,218,0.7,0.71190466951861,0.00852930876741424
A2,AR,None,210,9,219,0.7,0.714769797152882,0.010111381798609
A2,AR,None,210,10,220,0.7,0.717917151973914,0.011782477755626
A2,AR,None,210,11,221,0.7,0.721339728772403,0.0135380772733092
A2,AR,None,210,12,222,0.7,0.725030521568277,0.0153741845524262
A2,AR,None,210,13,223,0.7,0.72898250493379,0.0172872049376892
A2,AR,None,210,14,224,0.7,0.73318861602924,0.019273851012538
A2,AR,None,217,1,218,0.7,0.700342684469665,0.000558132968343893
A2,AR,None,217,2,219,0.7,0.701020257780484,0.00126726325617566
A2,AR,None,217,3,220,0.7,0.70202511026149,0.00214198142573855
A2,AR,None,217,4,221,0.7,0.703349796653697,0.00315913433769182
A2,AR,None,217,5,222,0.7,0.704987014721445,0.00430284616537402
A2,AR,None,217,6,223,0.7,0.706929584084709,0.00556145098325445
A2,AR,None,217,7,224,0.7,0.709170425334223,0.00692590727873986
A2,AR,None,217,8,225,0.7,0.71170253948962,0.00838893045298361
A2,AR,None,217,9,226,0.7,0.714518987859621,0.00994447446686235
A2,AR,None,217,10,227,0.7,0.717612872362467,0.011587398820284
A2,AR,None,217,11,228,0.7,0.720977316364313,0.0133132418097632
A2,AR,None,217,12,229,0.7,0.72460544609301,0.0151180586990614
A2,AR,None,217,13,230,0.7,0.728490372684556,0.0169983016470852
A2,AR,None,217,14,231,0.7,0.732625174919485,0.0189507276916995
A2,AR,None,224,1,225,0.7,0.70033697213205,0.000549394454378622
A2,AR,None,224,2,226,0.7,0.701003246452467,0.00124736029873031
A2,AR,None,224,3,227,0.7,0.701991335948299,0.00210824538821889
A2,AR,None,224,4,228,0.7,0.703293915672171,0.00310924015820948
A2,AR,None,224,5,229,0.7,0.704903802051772,0.00423469873854515
A2,AR,None,224,6,230,0.7,0.706813932433404,0.00547311944136202
A2,AR,None,224,7,231,0.7,0.709017344916983,0.0068155841975089
A2,AR,None,224,8,232,0.7,0.711507158538299,0.00825490485526977
A2,AR,None,224,9,233,0.7,0.71427655385326,0.0097851132174739
A2,AR,None,224,10,234,0.7,0.717318753978035,0.0114011335438412
A2,AR,None,224,11,235,0.7,0.720627006138547,0.0130985596872055
A2,AR,None,224,12,236,0.7,0.724194563782446,0.0148734961373733
A2,AR,None,224,13,237,0.7,0.728014669306591,0.0167224401732131
A2,AR,None,224,14,238,0.7,0.732080537452934,0.0186421916312599
A2,AR,None,231,1,232,0.7,0.700331447114453,0.000541047441423595
A2,AR,None,231,2,233,0.7,0.700986793101005,0.00122834384155531
A2,AR,None,231,3,234,0.7,0.701958669717561,0.00207600593993061
A2,AR,None,231,4,235,0.7,0.703239868503567,0.00306155257107051
A2,AR,None,231,5,236,0.7,0.704823320751738,0.00416955786686401
A2,AR,None,231,6,237,0.7,0.706702077725395,0.00538867744980534
A2,AR,None,231,7,238,0.7,0.708869291174638,0.00671011164749131
A2,AR,None,231,8,239,0.7,0.71131819420313,0.00812676494942054
A2,AR,None,231,9,240,0.7,0.714042082536216,0.00963274404113729
A2,AR,None,231,10,241,0.7,0.717034296240354,0.0112230355655301
A2,AR,None,231,11,242,0.7,0.72028820194336,0.0128932869479441
A2,AR,None,231,12,243,0.7,0.723797175604663,0.014639650168827
A2,AR,None,231,13,244,0.7,0.727554585884645,0.0164586660248119
A2,AR,None,231,14,245,0.7,0.731553778161983,0.0183471755867589
A2,AR,None,238,1,239,0.7,0.700326100351547,0.000533063389764087
A2,AR,None,238,2,240,0.7,0.700970870716309,0.0012101496322804
A2,AR,None,238,3,241,0.7,0.701927057917584,0.00204515506135197
A2,AR,None,238,4,242,0.7,0.703187566336297,0.00301591283868824
A2,AR,None,238,5,243,0.7,0.704745438511539,0.00410720785701272
A2,AR,None,238,6,244,0.7,0.706593835996825,0.00530784660780379
A2,AR,None,238,7,245,0.7,0.708726020521488,0.0066091431127463
A2,AR,None,238,8,246,0.7,0.711135335505216,0.00800409094668684
A2,AR,None,238,9,247,0.7,0.713815187972786,0.009486868904483
A2,AR,None,238,10,248,0.7,0.716759030915306,0.0110525237773764
A2,AR,None,238,11,249,0.7,0.719960346143839,0.012696754691992
A2,AR,None,238,12,250,0.7,0.723412627680971,0.0144157594787919
A2,AR,None,238,13,251,0.7,0.727109365735744,0.0162061209362778
A2,AR,None,238,14,252,0.7,0.731044031307231,0.0180647198909997
A2,AR,None,245,1,246,0.7,0.700320923353677,0.000525416608564601
A2,AR,None,245,2,247,0.7,0.700955454004189,0.00119271980482295
A2,AR,None,245,3,248,0.7,0.701896450305316,0.00201559543551169
A2,AR,None,245,4,249,0.7,0.703136926002534,0.00297217791094332
A2,AR,None,245,5,250,0.7,0.704670031431155,0.00404745428629097
A2,AR,None,245,6,251,0.7,0.706489034979047,0.00523037591944967
A2,AR,None,245,7,252,0.7,0.70858730485978,0.00651236613508041
A2,AR,None,245,8,253,0.7,0.710958291240751,0.0078865042648449
A2,AR,None,245,9,254,0.7,0.713595508769913,0.00934703860936057
A2,AR,None,245,10,255,0.7,0.716492519544052,0.0108890740038872
A2,AR,None,245,11,256,0.7,0.719642916561113,0.0125083595094281
A2,AR,None,245,12,257,0.7,0.7230403076988,0.0142011372542467
A2,AR,None,245,13,258,0.7,0.726678300261486,0.0159640306036388
A2,AR,None,245,14,259,0.7,0.730550486137354,0.0177939587414587
A2,AR,None,252,1,253,0.7,0.70031590816187,0.000518083898643515
A2,AR,None,252,2,254,0.7,0.700940519251958,0.00117600208091994
A2,AR,None,252,3,255,0.7,0.701866799779874,0.00198723911275104
A2,AR,None,252,4,256,0.7,0.703087869536908,0.00293021847146883
A2,AR,None,252,5,257,0.7,0.70459698336263,0.00399012135746572
A2,AR,None,252,6,258,0.7,0.706387513183785,0.00515603838992653
A2,AR,None,252,7,259,0.7,0.708452930368022,0.00641949808830814
A2,AR,None,252,8,260,0.7,0.710786788433797,0.00777366241977029
A2,AR,None,252,9,261,0.7,0.713382706156911,0.00921284674270701
A2,AR,None,252,10,262,0.7,0.716234351113491,0.0107322119522877
A2,AR,None,252,11,263,0.7,0.719335423698823,0.0123275553737475
A2,AR,None,252,12,264,0.7,0.722679641661138,0.0139951619634061
A2,AR,None,252,13,265,0.7,0.726260725189294,0.0157316942939076
A2,AR,None,252,14,266,0.7,0.730072382593166,0.0175341085830923
A2,AR,None,259,1,260,0.7,0.700311047307015,0.000511044248679426
A2,AR,None,259,2,261,0.7,0.700926044206742,0.0011599490908661
A2,AR,None,259,3,262,0.7,0.701838062140695,0.0019600063745503
A2,AR,None,259,4,263,0.7,0.703040323775987,0.0028899172748753
A2,AR,None,259,5,264,0.7,0.704526185313138,0.0039350496471573
A2,AR,None,259,6,265,0.7,0.706289119072866,0.00508462812774036
A2,AR,None,259,7,266,0.7,0.708322696401318,0.00633028258033243
A2,AR,None,259,8,267,0.7,0.710620570932118,0.0076652546756147
A2,AR,None,259,9,268,0.7,0.713176462242733,0.0090839245245634
A2,AR,None,259,10,269,0.7,0.71598413994209,0.0105815072090964
A2,AR,None,259,11,270,0.7,0.719037408225953,0.0121538467383415
A2,AR,None,259,12,271,0.7,0.722330090936304,0.0137972695038575
A2,AR,None,259,13,272,0.7,0.725856017160788,0.0155084759969335
A2,AR,None,259,14,273,0.7,0.729609007408172,0.0172844582162612
A2,AR,None,266,1,267,0.7,0.700306333772742,0.000504278575635448
A2,AR,None,266,2,268,0.7,0.700912007964838,0.00114451779292805
A2,AR,None,266,3,269,0.7,0.701810195867672,0.00193382476216492
A2,AR,None,266,4,270,0.7,0.702994219994179,0.00285116772488626
A2,AR,None,266,5,271,0.7,0.704457534902355,0.00388209418012923
A2,AR,None,266,6,272,0.7,0.70619371030349,0.00501595786603914
A2,AR,None,266,7,273,0.7,0.708196414491766,0.00624448637522928
A2,AR,None,266,8,274,0.7,0.710459398130785,0.00756099832333665
A2,AR,None,266,9,275,0.7,0.712976478431826,0.00895993640004481
A2,AR,None,266,10,276,0.7,0.715741523758074,0.0104365681034002
A2,AR,None,266,11,277,0.7,0.718748438688648,0.0119867826295185
A2,AR,None,266,12,278,0.7,0.721991149576029,0.0136069464841645
A2,AR,None,266,13,279,0.7,0.72546359063028,0.0152937968547326
A2,AR,None,266,14,280,0.7,0.729159690563341,0.0170443603332336
A2,AR,None,273,1,274,0.7,0.700301760961629,0.000497769501977113
A2,AR,None,273,2,275,0.7,0.700898390870995,0.00112966897488623
A2,AR,None,273,3,276,0.7,0.701783161921005,0.00190862824245931
A2,AR,None,273,4,277,0.7,0.702949493572289,0.00281387265305297
A2,AR,None,273,5,278,0.7,0.704390935868487,0.00383112277495351
A2,AR,None,273,6,279,0.7,0.706101153041196,0.0049498568329356
A2,AR,None,273,7,280,0.7,0.70807390743853,0.00616189674840759
A2,AR,None,273,8,281,0.7,0.710303043810306,0.00746063548257066
A2,AR,None,273,9,282,0.7,0.712782473982118,0.00884057625094461
A2,AR,None,273,10,283,0.7,0.715506161950033,0.0102970372919989
A2,AR,None,273,11,284,0.7,0.718468109427276,0.0118259515695231
A2,AR,None,273,12,285,0.7,0.721662341874024,0.0134237244494697
A2,AR,None,273,13,286,0.7,0.725082895041251,0.0150871286546852
A2,AR,None,273,14,287,0.7,0.728723802059444,0.0168132242442918
A2,AR,None,280,1,281,0.7,0.700297322664399,0.000491501163662369
A2,AR,None,280,2,282,0.7,0.700885174426579,0.00111536682428192
A2,AR,None,280,3,283,0.7,0.701756923558712,0.00188435648853608
A2,AR,None,280,4,284,0.7,0.702906083695319,0.00277794326532261
A2,AR,None,280,5,285,0.7,0.704326297617924,0.0037820146168045
A2,AR,None,280,6,286,0.7,0.706011321333505,0.00488616891395854
A2,AR,None,280,7,287,0.7,0.707955008478276,0.00608231920429592
A2,AR,None,280,8,288,0.7,0.710151295077369,0.00736393034160589
A2,AR,None,280,9,289,0.7,0.712594184690359,0.00872556412607806
A2,AR,None,280,10,290,0.7,0.71527773397202,0.010162587948884
A2,AR,None,280,11,291,0.7,0.718196038677402,0.0116709771944038
A2,AR,None,280,12,292,0.7,0.721343220140034,0.0132471748973581
A2,AR,None,280,13,293,0.7,0.724713412251942,0.0148879882132956
A2,AR,None,280,14,294,0.7,0.728300748973996,0.0165905095995776
A2,AR,None,287,1,288,0.7,0.70029301303178,0.000485459043993472
A2,AR,None,287,2,289,0.7,0.700872341205733,0.00110157855642113
A2,AR,None,287,3,290,0.7,0.701731446170026,0.00186095425688782
A2,AR,None,287,4,291,0.7,0.702863933076597,0.00274329822976371
A2,AR,None,287,5,292,0.7,0.704263534814093,0.00373465902128178
A2,AR,None,287,6,293,0.7,0.705924096538098,0.00482475106022725
A2,AR,None,287,7,294,0.7,0.707839560527854,0.00600557549899283
A2,AR,None,287,8,295,0.7,0.710003951397846,0.00727066676593095
A2,AR,None,287,9,296,0.7,0.712411361691973,0.00861464340803791
A2,AR,None,287,10,297,0.7,0.715055937887558,0.0100329204631461
A2,AR,None,287,11,298,0.7,0.717931866836132,0.0115215144564534
A2,AR,None,287,12,299,0.7,0.72103336266769,0.013076904958543
A2,AR,None,287,13,300,0.7,0.724354654184963,0.0146959325091128
A2,AR,None,287,14,301,0.7,0.727889972774135,0.0163757209485172
A2,AR,None,294,1,295,0.7,0.700288826548797,0.000479629829303319
A2,AR,None,294,2,296,0.7,0.700859874778722,0.00108827409115449
A2,AR,None,294,3,297,0.7,0.70170669712308,0.00183837084607855
A2,AR,None,294,4,298,0.7,0.702822987705545,0.00270986288354238
A2,AR,None,294,5,299,0.7,0.704202567001592,0.00368895435963763
A2,AR,None,294,6,300,0.7,0.705839366800067,0.00476547190426612
A2,AR,None,294,7,301,0.7,0.707727415491977,0.00593150192063871
A2,AR,None,294,8,302,0.7,0.70986082371279,0.00718064621827067
A2,AR,None,294,9,303,0.7,0.712233770363909,0.00850757834879909
A2,AR,None,294,10,304,0.7,0.714840489038585,0.00990775956660891
A2,AR,None,294,11,305,0.7,0.717675254877201,0.0113772463207379
A2,AR,None,294,12,306,0.7,0.720732371876656,0.0129125536394594
A2,AR,None,294,13,307,0.7,0.724006160678429,0.0145105544488235
A2,AR,None,294,14,308,0.7,0.727490946859783,0.0161684030071114
A2,AR,None,301,1,302,0.7,0.700284758011217,0.000474001283157219
A2,AR,None,301,2,303,0.7,0.700847759641756,0.00107542577102954
A2,AR,None,301,3,304,0.7,0.701682645625461,0.00181655962459349
A2,AR,None,301,4,305,0.7,0.702783196616793,0.00267756854108504
A2,AR,None,301,5,306,0.7,0.704143318262105,0.00364480712097776
A2,AR,None,301,6,307,0.7,0.705757026573372,0.00470821055204831
A2,AR,None,301,7,308,0.7,0.707618433629451,0.0058599477885406
A2,AR,None,301,8,309,0.7,0.709721733629211,0.00709368594303241
A2,AR,None,301,9,310,0.7,0.712061189320311,0.00840415191843268
A2,AR,None,301,10,311,0.7,0.714631118827017,0.00978685182625915
A2,AR,None,301,11,312,0.7,0.71742588290012,0.0112378808810547
A2,AR,None,301,12,313,0.7,0.720439872611884,0.0127537885418499
A2,AR,None,301,13,314,0.7,0.723667497518735,0.0143314791708089
A2,AR,None,301,14,315,0.7,0.727103174314351,0.0159681365260552
A2,AR,None,308,1,309,0.7,0.700280802503975,0.000468562136320473
A2,AR,None,308,2,310,0.7,0.700835981152666,0.00106300811468112
A2,AR,None,308,3,311,0.7,0.701659262596404,0.00179547761761425
A2,AR,None,308,4,312,0.7,0.702744511678541,0.00264635188845808
A2,AR,None,308,5,313,0.7,0.704085716899028,0.0036021310911877
A2,AR,None,308,6,314,0.7,0.705676976182246,0.00465285552523553
A2,AR,None,308,7,315,0.7,0.707512482972316,0.00579077413875336
A2,AR,None,308,8,316,0.7,0.7095865126784,0.00700961737614158
A2,AR,None,308,9,317,0.7,0.711893409492012,0.00830416392073657
A2,AR,None,308,10,318,0.7,0.714427573597976,0.00966996344766411
A2,AR,None,308,11,319,0.7,0.717183448800382,0.0111031488334626
A2,AR,None,308,12,320,0.7,0.720155510584739,0.0126003029889932
A2,AR,None,308,13,321,0.7,0.723338254637356,0.0141583608068903
A2,AR,None,308,14,322,0.7,0.726726185842903,0.015774534671049
A2,AR,None,315,1,316,0.7,0.700276955381357,0.000463301990203182
A2,AR,None,315,2,317,0.7,0.700824525471873,0.00105099760035378
A2,AR,None,315,3,318,0.7,0.701636520549493,0.00177508514419111
A2,AR,None,315,4,319,0.7,0.702706887398341,0.0026161544514985
A2,AR,None,315,5,320,0.7,0.704029695148045,0.00356084663172165
A2,AR,None,315,6,321,0.7,0.70559912141868,0.00459930383193051
A2,AR,None,315,7,322,0.7,0.707409438792783,0.0057238525692129
A2,AR,None,315,8,323,0.7,0.709455001635302,0.00692828474775816
A2,AR,None,315,9,324,0.7,0.711730233281803,0.00820742933729734
A2,AR,None,315,10,325,0.7,0.714229613614966,0.00955687834454588
A2,AR,None,315,11,326,0.7,0.71694766704912,0.0109728012558384
A2,AR,None,315,12,327,0.7,0.719878950942397,0.0124518134999556
A2,AR,None,315,13,328,0.7,0.723018044455987,0.0139908796362011
A2,AR,None,315,14,329,0.7,0.726359537879832,0.0155872398414322
A2,AR,None,322,1,323,0.7,0.700273212248808,0.000458211231869629
A2,AR,None,322,2,324,0.7,0.700813379508133,0.00103937247528601
A2,AR,None,322,3,325,0.7,0.701614393484867,0.00175534549767936
A2,AR,None,322,4,326,0.7,0.702670280744618,0.00258692212726798
A2,AR,None,322,5,327,0.7,0.703975188911181,0.00352088004414663
A2,AR,None,322,6,328,0.7,0.705523373172569,0.00454746014780019
A2,AR,None,322,7,329,0.7,0.707309183113425,0.00565906422191207
A2,AR,None,322,8,330,0.7,0.70932704989311,0.00684954385067541
A2,AR,None,322,9,331,0.7,0.711571473788239,0.00811377686778208
A2,AR,None,322,10,332,0.7,0.714037012118177,0.00944739643700205
A2,AR,None,322,11,333,0.7,0.716718267571749,0.0108466076503385
A2,AR,None,322,12,334,0.7,0.719609876953258,0.0123080575628275
A2,AR,None,322,13,335,0.7,0.722706500365815,0.0138287395759302
A2,AR,None,322,14,336,0.7,0.726002810849859,0.0154059208653658
A2,AR,None,329,1,330,0.7,0.700269568946175,0.000453280959006301
A2,AR,None,329,2,331,0.7,0.70080253086864,0.00102811258737254
A2,AR,None,329,3,332,0.7,0.701592856790074,0.00173622466345258
A2,AR,None,329,4,333,0.7,0.702634650982499,0.0025586047700767
A2,AR,None,329,5,334,0.7,0.703922137512154,0.00348216300859806
A2,AR,None,329,6,335,0.7,0.705449647091487,0.00449723609233774
A2,AR,None,329,7,336,0.7,0.707211604256609,0.00559629888321726
A2,AR,None,329,8,337,0.7,0.709202514887972,0.0067732609515596
A2,AR,None,329,9,338,0.7,0.711416954091643,0.00802304763941781
A2,AR,None,329,10,339,0.7,0.713849554458251,0.00934133214687079
A2,AR,None,329,11,340,0.7,0.716494994716453,0.0107243542125461
A2,AR,None,329,12,341,0.7,0.719347988797652,0.0121687916657546
A2,AR,None,329,13,342,0.7,0.722403275328572,0.0136716659625224
A2,AR,None,329,14,343,0.7,0.725655607568206,0.0152302705196711
A2,AR,None,336,1,337,0.7,0.700266021532292,0.000448502913495094
A2,AR,None,336,2,338,0.7,0.700791967813052,0.00101719923608138
A2,AR,None,336,3,339,0.7,0.701571887148736,0.00171769106884124
A2,AR,None,336,4,340,0.7,0.702599959522606,0.00253115582469025
A2,AR,None,336,5,341,0.7,0.703870483471065,0.0034446320861512
A2,AR,None,336,6,342,0.7,0.70537786326736,0.00444854958740786
A2,AR,None,336,7,343,0.7,0.707116596429559,0.00553545418637307
A2,AR,None,336,8,344,0.7,0.709081261569191,0.00669931182575408
A2,AR,None,336,9,345,0.7,0.711266506596567,0.00793509406283639
A2,AR,None,336,10,346,0.7,0.713667037298535,0.00923851306365576
A2,AR,None,336,11,347,0.7,0.716277606304213,0.010605842296745
A2,AR,None,336,12,348,0.7,0.71909300245413,0.0120337895510156
A2,AR,None,336,13,349,0.7,0.722108040588104,0.0135194035841867
A2,AR,None,336,14,350,0.7,0.725317551767105,0.0150600033305655
A2,AR,None,343,1,344,0.7,0.700262566270755,0.00044386942244628
A2,AR,None,343,2,345,0.7,0.700781679211116,0.00100661504006844
A2,AR,None,343,3,346,0.7,0.70155146245635,0.00169971536102185
A2,AR,None,343,4,347,0.7,0.70256616978163,0.00250453200046764
A2,AR,None,343,5,348,0.7,0.703820172296647,0.00340822827664743
A2,AR,None,343,6,349,0.7,0.70530794594755,0.00440132428719019
A2,AR,None,343,7,350,0.7,0.70702405934175,0.00547643490268499
A2,AR,None,343,8,351,0.7,0.708963161910717,0.00662758089931862
A2,AR,None,343,9,352,0.7,0.711119972425504,0.00784977881494938
A2,AR,None,343,10,353,0.7,0.71348926787952,0.00913877875848432
A2,AR,None,343,11,354,0.7,0.716065872752876,0.0104908870514174
A2,AR,None,343,12,355,0.7,0.718844648672522,0.0119028406626899
A2,AR,None,343,13,356,0.7,0.721820484482309,0.013371714931518
A2,AR,None,343,14,357,0.7,0.724988286737033,0.0148948536181818
A2,AR,None,350,1,351,0.7,0.700259199616794,0.000439373345718906
A2,AR,None,350,2,352,0.7,0.700771654503543,0.000996343819316549
A2,AR,None,350,3,353,0.7,0.701531561742564,0.00168227020922587
A2,AR,None,350,4,354,0.7,0.702533247053656,0.00247869298112
A2,AR,None,350,5,355,0.7,0.703771152294532,0.00337289662478817
A2,AR,None,350,6,356,0.7,0.705239823268228,0.00435548907027683
A2,AR,None,350,7,357,0.7,0.706933897851817,0.00541915230990764
A2,AR,None,350,8,358,0.7,0.708848094460319,0.00655796048444039
A2,AR,None,350,9,359,0.7,0.71097720085937,0.00776697393243888
A2,AR,None,350,10,360,0.7,0.713316063340011,0.00904197972697967
A2,AR,None,350,11,361,0.7,0.71585957626878,0.010379316202989
A2,AR,None,350,12,362,0.7,0.718602672026196,0.0117757487629252
A2,AR,None,350,13,363,0.7,0.721540311346649,0.0132283786380835
A2,AR,None,350,14,364,0.7,0.72466747407264,0.0147345737534119
A2,N4SID,I,49,1,50,1.8,1.8,0
A2,N4SID,I,49,2,51,1.8,1.8,2.22044604925031e-16
A2,N4SID,I,49,3,52,1.8,1.8,6.66133814775094e-16
A2,N4SID,I,49,4,53,1.8,1.8,1.11022302462516e-15
A2,N4SID,I,49,5,54,1.8,1.8,1.99840144432528e-15
A2,N4SID,I,49,6,55,1.8,1.8,3.5527136788005e-15
A2,N4SID,I,49,7,56,1.79999999999999,1.8,5.77315972805081e-15
A2,N4SID,I,49,8,57,1.79999999999999,1.8,9.76996261670138e-15
A2,N4SID,I,49,9,58,1.79999999999998,1.8,1.62092561595273e-14
A2,N4SID,I,49,10,59,1.79999999999997,1.8,2.68673971959288e-14
A2,N4SID,I,49,11,60,1.79999999999996,1.8,4.44089209850063e-14
A2,N4SID,I,49,12,61,1.79999999999993,1.8,7.34967642301854e-14
A2,N4SID,I,49,13,62,1.79999999999988,1.8,1.21458398893992e-13
A2,N4SID,I,49,14,63,1.7999999999998,1.8,2.00284233642378e-13
A2,N4SID,I,56,1,57,1.79999999999999,1.79999999999999,3.99680288865056e-15
A2,N4SID,I,56,2,58,1.79999999999998,1.79999999999999,1.04360964314765e-14
A2,N4SID,I,56,3,59,1.79999999999997,1.79999999999999,2.1094237467878e-14
A2,N4SID,I,56,4,60,1.79999999999996,1.79999999999999,3.86357612569554e-14
A2,N4SID,I,56,5,61,1.79999999999993,1.79999999999999,6.77236045021345e-14
A2,N4SID,I,56,6,62,1.79999999999988,1.79999999999999,1.15685239165941e-13
A2,N4SID,I,56,7,63,1.7999999999998,1.79999999999999,1.94511073914327e-13
A2,N4SID,I,56,8,64,1.79999999999967,1.79999999999999,3.24629212400396e-13
A2,N4SID,I,56,9,65,1.79999999999946,1.79999999999999,5.38902256153051e-13
A2,N4SID,I,56,10,66,1.7999999999991,1.79999999999999,8.92619311798626e-13
A2,N4SID,I,56,11,67,1.79999999999852,1.79999999999999,1.47548639972683e-12
A2,N4SID,I,56,12,68,1.79999999999756,1.79999999999999,2.43649544984237e-12
A2,N4SID,I,56,13,69,1.79999999999597,1.79999999999999,4.02100575058739e-12
A2,N4SID,I,56,14,70,1.79999999999336,1.79999999999999,6.63313848292546e-12
A2,N4SID,I,63,1,64,1.79999999999967,1.7999999999998,1.30118138486068e-13
A2,N4SID,I,63,2,65,1.79999999999946,1.7999999999998,3.44391182238724e-13
A2,N4SID,I,63,3,66,1.7999999999991,1.7999999999998,6.98108237884298e-13
A2,N4SID,I,63,4,67,1.79999999999852,1.7999999999998,1.28097532581251e-12
A2,N4SID,I,63,5,68,1.79999999999756,1.7999999999998,2.24198437592804e-12
A2,N4SID,I,63,6,69,1.79999999999597,1.7999999999998,3.82649467667306e-12
A2,N4SID,I,63,7,70,1.79999999999336,1.7999999999998,6.43862740901113e-12
A2,N4SID,I,63,8,71,1.79999999998905,1.7999999999998,1.07458486553469e-11
A2,N4SID,I,63,9,72,1.79999999998195,1.7999999999998,1.78468351208494e-11
A2,N4SID,I,63,10,73,1.79999999997024,1.7999999999998,2.95545810047315e-11
A2,N4SID,I,63,11,74,1.79999999995094,1.7999999999998,4.88571405554694e-11
A2,N4SID,I,63,12,75,1.79999999991912,1.7999999999998,8.06821276455594e-11
A2,N4SID,I,63,13,76,1.79999999986665,1.7999999999998,1.33152155967764e-10
A2,N4SID,I,63,14,77,1.79999999978014,1.7999999999998,2.19660956091161e-10
A2,N4SID,I,70,1,71,1.79999999998905,1.79999999999336,4.30722124633576e-12
A2,N4SID,I,70,2,72,1.79999999998195,1.79999999999336,1.14082077118383e-11
A2,N4SID,I,70,3,73,1.79999999997024,1.79999999999336,2.31159535957204e-11
A2,N4SID,I,70,4,74,1.79999999995094,1.79999999999336,4.24185131464583e-11
A2,N4SID,I,70,5,75,1.79999999991912,1.79999999999336,7.42435002365482e-11
A2,N4SID,I,70,6,76,1.79999999986665,1.79999999999336,1.26713528558753e-10
A2,N4SID,I,70,7,77,1.79999999978014,1.79999999999336,2.1322232868215e-10
A2,N4SID,I,70,8,78,1.79999999963751,1.79999999999336,3.55851348388114e-10
A2,N4SID,I,70,9,79,1.79999999940235,1.79999999999336,5.91006577010944e-10
A2,N4SID,I,70,10,80,1.79999999901465,1.79999999999336,9.78712000332393e-10
A2,N4SID,I,70,11,81,1.79999999837543,1.79999999999336,1.61793001218768e-09
A2,N4SID,I,70,12,82,1.79999999732154,1.79999999999336,2.67182276303402e-09
A2,N4SID,I,70,13,83,1.79999999558396,1.79999999999336,4.40939773582727e-09
A2,N4SID,I,70,14,84,1.79999999271919,1.79999999999336,7.27417481805048e-09
A2,N4SID,I,77,1,78,1.79999999963751,1.79999999978014,1.42629019705964e-10
A2,N4SID,I,77,2,79,1.79999999940235,1.79999999978014,3.77784248328794e-10
A2,N4SID,I,77,3,80,1.79999999901465,1.79999999978014,7.65489671650244e-10
A2,N4SID,I,77,4,81,1.79999999837543,1.79999999978014,1.40470768350553e-09
A2,N4SID,I,77,5,82,1.79999999732154,1.79999999978014,2.45860043435187e-09
A2,N4SID,I,77,6,83,1.79999999558396,1.79999999978014,4.19617540714512e-09
A2,N4SID,I,77,7,84,1.79999999271919,1.79999999978014,7.06095248936833e-09
A2,N4SID,I,77,8,85,1.79999998799597,1.79999999978014,1.17841714164513e-08
A2,N4SID,I,77,9,86,1.7999999802087,1.79999999978014,1.95714429107596e-08
A2,N4SID,I,77,10,87,1.79999996736966,1.79999999978014,3.24104825200067e-08
A2,N4SID,I,77,11,88,1.79999994620166,1.79999999978014,5.35784798749717e-08
A2,N4SID,I,77,12,89,1.79999991130153,1.79999999978014,8.84786053312325e-08
A2,N4SID,I,77,13,90,1.79999985376096,1.79999999978014,1.46019179636525e-07
A2,N4SID,I,77,14,91,1.7999997588926,1.79999999978014,2.40887535474243e-07
A2,N4SID,I,84,1,85,1.79999998799597,1.79999999271919,4.72321892708294e-09
A2,N4SID,I,84,2,86,1.7999999802087,1.79999999271919,1.25104904213913e-08
A2,N4SID,I,84,3,87,1.79999996736966,1.79999999271919,2.53495300306383e-08
A2,N4SID,I,84,4,88,1.79999994620166,1.79999999271919,4.65175273856033e-08
A2,N4SID,I,84,5,89,1.79999991130153,1.79999999271919,8.14176528418642e-08
A2,N4SID,I,84,6,90,1.79999985376096,1.79999999271919,1.38958227147157e-07
A2,N4SID,I,84,7,91,1.7999997588926,1.79999999271919,2.33826582984875e-07
A2,N4SID,I,84,8,92,1.79999960248116,1.79999999271919,3.90238023229017e-07
A2,N4SID,I,84,9,93,1.79999934460239,1.79999999271919,6.48116794677023e-07
A2,N4SID,I,84,10,94,1.79999891943244,1.79999999271919,1.07328674658902e-06
A2,N4SID,I,84,11,95,1.79999821844641,1.79999999271919,1.77427277225917e-06
A2,N4SID,I,84,12,96,1.79999706271779,1.79999999271919,2.9300013923983e-06
A2,N4SID,I,84,13,97,1.79999515724874,1.79999999271919,4.83547044871635e-06
A2,N4SID,I,84,14,98,1.79999201567579,1.79999999271919,7.97704339827732e-06
A2,N4SID,I,91,1,92,1.79999960248116,1.79999984429974,0.000722365017909409
A2,N4SID,I,91,2,93,1.79999934460239,1.7999998529632,0.000722392178883232
A2,N4SID,I,91,3,94,1.79999891943244,1.79999986162674,0.000722439159885587
A2,N4SID,I,91,4,95,1.79999821844641,1.79999987029036,0.000722517403179749
A2,N4SID,I,91,5,96,1.79999706271779,1.79999987895404,0.000722646481462281
A2,N4SID,I,91,6,97,1.79999515724874,1.79999988761778,0.000722859018257265
A2,N4SID,I,91,7,98,1.79999201567579,1.79999989628156,0.000723208976941515
A2,N4SID,I,91,8,99,1.79998683613682,1.79999990494538,0.000723785414802183
A2,N4SID,I,91,9,100,1.79997829662727,1.79999991360924,0.00072473520198462
A2,N4SID,I,91,10,101,1.79996421764573,1.79999992227312,0.000726300495683866
A2,N4SID,I,91,11,102,1.79994100611631,1.79999993093703,0.000728880521740543
A2,N4SID,I,91,12,103,1.79990273891298,1.79999993960096,0.000733133402864391
A2,N4SID,I,91,13,104,1.79983965277444,1.79999994826491,0.000740143944661294
A2,N4SID,I,91,14,105,1.7997356571159,1.79999995692887,0.000751699989283693
A2,N4SID,I,98,1,99,1.79998683613682,1.79999327781762,0.000610504315777394
A2,N4SID,I,98,2,100,1.79997829662727,1.79999278163572,0.00061135122156618
A2,N4SID,I,98,3,101,1.79996421764573,1.7999922854529,0.000612836797153472
A2,N4SID,I,98,4,102,1.79994100611631,1.79999178926934,0.000615348685707807
A2,N4SID,I,98,5,103,1.79990273891298,1.79999129308524,0.000619539219356549
A2,N4SID,I,98,6,104,1.79983965277444,1.79999079690074,0.000626490308608835
A2,N4SID,I,98,7,105,1.7997356571159,1.79999030071597,0.000637988348122497
A2,N4SID,I,98,8,106,1.79956424019714,1.79998980453104,0.000656978362780943
A2,N4SID,I,98,9,107,1.79928173812869,1.79998930834604,0.000688311533850553
A2,N4SID,I,98,10,108,1.79881628778646,1.79998881216106,0.000739972471899217
A2,N4SID,I,98,11,109,1.79804974994573,1.79998831597617,0.0008250876669558
A2,N4SID,I,98,12,110,1.79678827522837,1.79998781979142,0.00119610708938314
A2,N4SID,I,98,13,111,1.79471477182412,1.79998732360687,0.00214896898932788
A2,N4SID,I,98,14,112,1.79131320814184,1.79998682742256,0.00532821999655398
A2,N4SID,I,105,1,106,1.79956424019714,1.7997884928289,0.00026327844995338
A2,N4SID,I,105,2,107,1.79928173812869,1.79977759457798,0.000291909267008576
A2,N4SID,I,105,3,108,1.79881628778646,1.79976669656042,0.000366906075343002
A2,N4SID,I,105,4,109,1.79804974994573,1.79975579877773,0.000645188836220558
A2,N4SID,I,105,5,110,1.79678827522837,1.79974490123124,0.00166334744095499
A2,N4SID,I,105,6,111,1.79471477182412,1.79973400392209,0.00372649953869194
A2,N4SID,I,105,7,112,1.79131320814184,1.79972310685123,0.00711744964356038
A2,N4SID,I,105,8,113,1.78575089971623,1.79971221001949,0.012669013536052
A2,N4SID,I,105,9,114,1.77670297849943,1.79970131342759,0.02170612487721
A2,N4SID,I,105,10,115,1.76211028476717,1.79969041707612,0.0362879761868019
A2,N4SID,I,105,11,116,1.73889581382663,1.79967952096562,0.0594915885527493
A2,N4SID,I,105,12,117,1.70276035507224,1.79966862509652,0.0956161807775922
A2,N4SID,I,105,13,118,1.64837417733857,1.79965772946921,0.149991488125188
A2,N4SID,I,105,14,119,1.57053061994135,1.79964683408401,0.227824173329104
A2,N4SID,I,112,1,113,1.78575089971623,1.7935290523979,0.00644226724769676
A2,N4SID,I,112,2,114,1.77670297849943,1.79341522841724,0.0156726937652981
A2,N4SID,I,112,3,115,1.76211028476717,1.79330142989993,0.0302790050070577
A2,N4SID,I,112,4,116,1.73889581382663,1.79318765684452,0.0534354284071416
A2,N4SID,I,112,5,117,1.70276035507224,1.79307390924876,0.0894825512256811
A2,N4SID,I,112,6,118,1.64837417733857,1.79296018710976,0.143767063810227
A2,N4SID,I,112,7,119,1.57053061994135,1.79284649042408,0.221502815263722
A2,N4SID,I,112,8,120,1.46676521236195,1.79273281918778,0.325157495078902
A2,N4SID,I,112,9,121,1.34082722710855,1.79261917339648,0.450983339430275
A2,N4SID,I,112,10,122,1.20427246846152,1.7925055530455,0.587425272249923
A2,N4SID,I,112,11,123,1.0731679943576,1.7923919581298,0.718416593039505
A2,N4SID,I,112,12,124,0.961203831178293,1.79227838864412,0.830267452442426
A2,N4SID,I,112,13,125,0.874756015369007,1.79216484458295,0.916601902092599
A2,N4SID,I,112,14,126,0.813062427408977,1.79205132594061,0.978182105436898
A2,N4SID,I,119,1,120,1.46676521236195,1.62520422494379,0.135825732701217
A2,N4SID,I,119,2,121,1.34082722710855,1.62366321904811,0.265701911058779
A2,N4SID,I,119,3,122,1.20427246846152,1.62212827469511,0.40248764992745
A2,N4SID,I,119,4,123,1.0731679943576,1.62059936416682,0.532588140191503
A2,N4SID,I,119,5,124,0.961203831178293,1.61907645983376,0.643194182979502
A2,N4SID,I,119,6,125,0.874756015369007,1.61755953416382,0.72818711490516
A2,N4SID,I,119,7,126,0.813062427408977,1.61604855972981,0.788400750069383
A2,N4SID,I,119,8,127,0.771466086041531,1.6145435092157,0.828512707408902
A2,N4SID,I,119,9,128,0.744483521299804,1.61304435542189,0.854012885818858
A2,N4SID,I,119,10,129,0.727416869311825,1.61155107126956,0.869601373266329
A2,N4SID,I,119,11,130,0.716793869268412,1.61006362980423,0.878751283540571
A2,N4SID,I,119,12,131,0.710247555279573,1.60858200419873,0.883829933781448
A2,N4SID,I,119,13,132,0.706238323315115,1.60710616775556,0.886377074709261
A2,N4SID,I,119,14,133,0.70379219643172,1.60563609390877,0.887366739441061
A2,N4SID,I,126,1,127,0.771466086041531,0.879020772806313,0.0671407896142093
A2,N4SID,I,126,2,128,0.744483521299804,0.878010524869767,0.0957844954158497
A2,N4SID,I,126,3,129,0.727416869311825,0.877002580354329,0.112519131872603
A2,N4SID,I,126,4,130,0.716793869268412,0.875996930537639,0.122323969361827
A2,N4SID,I,126,5,131,0.710247555279573,0.874993567702354,0.127940772272065
A2,N4SID,I,126,6,132,0.706238323315115,0.873992485101001,0.130996932278229
A2,N4SID,I,126,7,133,0.70379219643172,0.872993676944585,0.132486520134242
A2,N4SID,I,126,8,134,0.702303207627225,0.871997138415003,0.133019994900612
A2,N4SID,I,126,9,135,0.701398117889389,0.871002865702001,0.132971552879438
A2,N4SID,I,126,10,136,0.700848425668516,0.870010856066115,0.132569876123347
A2,N4SID,I,126,11,137,0.700514752398196,0.869021107929849,0.131954365023741
A2,N4SID,I,126,12,138,0.700312270609,0.868033621000241,0.131209843057568
A2,N4SID,I,126,13,139,0.700189422856831,0.867048396426945,0.130387863656912
A2,N4SID,I,126,14,140,0.700114898555436,0.866065437001314,0.129519737028168
A2,N4SID,I,133,1,134,0.702303207627225,0.702938238993511,0.00563123086259076
A2,N4SID,I,133,2,135,0.701398117889389,0.700408444253218,0.00565130727870255
A2,N4SID,I,133,3,136,0.700848425668516,0.697881893149664,0.00585212548586381
A2,N4SID,I,133,4,137,0.700514752398196,0.695359065679936,0.00607638662589245
A2,N4SID,I,133,5,138,0.700312270609,0.692840664318442,0.00631460109362789
A2,N4SID,I,133,6,139,0.700189422856831,0.690327731802145,0.00656099098673479
A2,N4SID,I,133,7,140,0.700114898555436,0.687821842280616,0.00681194367406685
A2,N4SID,I,133,8,141,0.700069692360925,0.685325421797076,0.00706509692799126
A2,N4SID,I,133,9,142,0.700042271607434,0.682842260361007,0.00731875375564515
A2,N4SID,I,133,10,143,0.700025639413626,0.680378070863784,0.00763385343653643
A2,N4SID,I,133,11,144,0.700015551233084,0.677940458165349,0.00843916260536184
A2,N4SID,I,133,12,145,0.700009432352131,0.675537743807257,0.00923417124309043
A2,N4SID,I,133,13,146,0.700005721030063,0.673177307782541,0.0100159105185244
A2,N4SID,I,133,14,147,0.700003469987239,0.67086463460492,0.0107822518035013
A2,N4SID,I,140,1,141,0.700069692360925,0.696186337871753,0.00579247026016413
A2,N4SID,I,140,2,142,0.700042271607434,0.693967039439201,0.00601835848552515
A2,N4SID,I,140,3,143,0.700025639413626,0.691763990028177,0.00624421746698238
A2,N4SID,I,140,4,144,0.700015551233084,0.689583490481488,0.00646852484968072
A2,N4SID,I,140,5,145,0.700009432352131,0.687432810977392,0.00669008770097273
A2,N4SID,I,140,6,146,0.700005721030063,0.685318840884957,0.00690796458161812
A2,N4SID,I,140,7,147,0.700003469987239,0.683247056693085,0.00712148333174343
A2,N4SID,I,140,8,148,0.700002104656262,0.681221251651059,0.00733021488642696
A2,N4SID,I,140,9,149,0.700001276539512,0.679243753321817,0.0079729985516484
A2,N4SID,I,140,10,150,0.700000774260706,0.677315768530879,0.00861235374414592
A2,N4SID,I,140,11,151,0.700000469612987,0.675437690686399,0.00923521007784181
A2,N4SID,I,140,12,152,0.700000284834723,0.673609333053671,0.0098416076223201
A2,N4SID,I,140,13,153,0.70000017276101,0.671830096730196,0.0104317323177796
A2,N4SID,I,140,14,154,0.700000104784856,0.670099090212436,0.0110058725202451
A2,N4SID,I,147,1,148,0.700002104656262,0.696687560782179,0.0055949205178815
A2,N4SID,I,147,2,149,0.700001276539512,0.694930575462552,0.00577553331560425
A2,N4SID,I,147,3,150,0.700000774260706,0.693218206384439,0.00595197734418186
A2,N4SID,I,147,4,151,0.700000469612987,0.69155105931611,0.00612389091246278
A2,N4SID,I,147,5,152,0.700000284834723,0.689929195693354,0.00629117561545215
A2,N4SID,I,147,6,153,0.70000017276101,0.688352281677093,0.00645383612578041
A2,N4SID,I,147,7,154,0.700000104784856,0.686819696704191,0.00661192768623016
A2,N4SID,I,147,8,155,0.70000006355523,0.685330612477831,0.00676553438822219
A2,N4SID,I,147,9,156,0.700000038548197,0.68388405093196,0.00691475824717141
A2,N4SID,I,147,10,157,0.700000023380663,0.682478927273603,0.00705971288242096
A2,N4SID,I,147,11,158,0.700000014181089,0.681114082346451,0.00732523877486092
A2,N4SID,I,147,12,159,0.700000008601265,0.679788307252428,0.00776504359464797
A2,N4SID,I,147,13,160,0.700000005216931,0.6785003622768,0.00819230139928497
A2,N4SID,I,147,14,161,0.700000003164229,0.677248991558446,0.00860742864920128
A2,N4SID,I,154,1,155,0.70000006355523,0.697478724059698,0.00538205122669617
A2,N4SID,I,154,2,156,0.700000038548197,0.696162084318871,0.00551767130279753
A2,N4SID,I,154,3,157,0.700000023380663,0.694884397221448,0.00564955973092538
A2,N4SID,I,154,4,158,0.700000014181089,0.693644658589915,0.00577763306399288
A2,N4SID,I,154,5,159,0.700000008601265,0.692441812760354,0.00590193897978416
A2,N4SID,I,154,6,160,0.700000005216931,0.691274770116441,0.00602256740780741
A2,N4SID,I,154,7,161,0.700000003164229,0.690142420784808,0.00613962404350829
A2,N4SID,I,154,8,162,0.700000001919202,0.689043645406288,0.00625322085321528
A2,N4SID,I,154,9,163,0.700000001164055,0.687977323650295,0.00636347203998653
A2,N4SID,I,154,10,164,0.700000000706035,0.686942340966092,0.00647049207193769
A2,N4SID,I,154,11,165,0.700000000428232,0.685937593941428,0.00657439459868211
A2,N4SID,I,154,12,166,0.700000000259736,0.684961994550276,0.00667529179288384
A2,N4SID,I,154,13,167,0.700000000157538,0.684014473506608,0.00677329391627584
A2,N4SID,I,154,14,168,0.700000000095551,0.683093982893259,0.00686850901669864
A2,N4SID,I,161,1,162,0.700000001919202,0.698097711403562,0.00519777899400549
A2,N4SID,I,161,2,163,0.700000001164055,0.697107376745945,0.00530006822915792
A2,N4SID,I,161,3,164,0.700000000706035,0.696147175138704,0.00539942026960087
A2,N4SID,I,161,4,165,0.700000000428232,0.695216089993925,0.00549582692272095
A2,N4SID,I,161,5,166,0.700000000259736,0.694313116588072,0.00558935364289511
A2,N4SID,I,161,6,167,0.700000000157538,0.693437265362732,0.00568008803183317
A2,N4SID,I,161,7,168,0.700000000095551,0.692587564539712,0.00576812446503064
A2,N4SID,I,161,8,169,0.700000000057955,0.691763062175512,0.00585355870290377
A2,N4SID,I,161,9,170,0.700000000035151,0.690962827754673,0.00593648573496207
A2,N4SID,I,161,10,171,0.70000000002132,0.690185953401953,0.00601699883285877
A2,N4SID,I,161,11,172,0.700000000012931,0.689431554778155,0.00609518910651887
A2,N4SID,I,161,12,173,0.700000000007843,0.688698771712563,0.00617114528653747
A2,N4SID,I,161,13,174,0.700000000004757,0.687986768615606,0.00624495361557799
A2,N4SID,I,161,14,175,0.700000000002885,0.687294734707882,0.00631669779647352
A2,N4SID,I,168,1,169,0.700000000057955,0.698552964776446,0.0050397626409146
A2,N4SID,I,168,2,170,0.700000000035151,0.69779982962233,0.00511775311513483
A2,N4SID,I,168,3,171,0.70000000002132,0.697069460134356,0.00519349667289943
A2,N4SID,I,168,4,172,0.700000000012931,0.696361018657965,0.00526701006531576
A2,N4SID,I,168,5,173,0.700000000007843,0.695673689377912,0.00533835336047922
A2,N4SID,I,168,6,174,0.700000000004757,0.69500667879601,0.00540759917840781
A2,N4SID,I,168,7,175,0.700000000002885,0.694359216028855,0.00547482332748123
A2,N4SID,I,168,8,176,0.70000000000175,0.693730552954726,0.0055401015065611
A2,N4SID,I,168,9,177,0.700000000001062,0.693119964234082,0.00560350801590941
A2,N4SID,I,168,10,178,0.700000000000644,0.692526747224225,0.00566511522768338
A2,N4SID,I,168,11,179,0.700000000000391,0.69195022180551,0.00572499337102221
A2,N4SID,I,168,12,180,0.700000000000237,0.691389730133866,0.00578321045526254
A2,N4SID,I,168,13,181,0.700000000000144,0.690844636332179,0.00583983225651591
A2,N4SID,I,168,14,182,0.700000000000087,0.69031432613128,0.00589492233463946
A2,N4SID,I,175,1,176,0.70000000000175,0.698887446017618,0.0049021032563824
A2,N4SID,I,175,2,177,0.700000000001062,0.698307768599081,0.00496226990489503
A2,N4SID,I,175,3,178,0.700000000000644,0.697745162425001,0.00502073646987607
A2,N4SID,I,175,4,179,0.700000000000391,0.69719897262599,0.00507752627842786
A2,N4SID,I,175,5,180,0.700000000000237,0.696668565240134,0.00513268911672993
A2,N4SID,I,175,6,181,0.700000000000144,0.696153326958696,0.00518628224879946
A2,N4SID,I,175,7,182,0.700000000000087,0.695652664820649,0.00523836448968341
A2,N4SID,I,175,8,183,0.700000000000053,0.695166005865103,0.00528899408992108
A2,N4SID,I,175,9,184,0.700000000000032,0.694692796749377,0.00533822791651616
A2,N4SID,I,175,10,185,0.700000000000019,0.694232503339414,0.00538612113227372
A2,N4SID,I,175,11,186,0.700000000000012,0.69378461027826,0.00543272708227316
A2,N4SID,I,175,12,187,0.700000000000007,0.693348620537569,0.00547809727032905
A2,N4SID,I,175,13,188,0.700000000000004,0.692924054956401,0.00552228137553659
A2,N4SID,I,175,14,189,0.700000000000003,0.692510451770984,0.00556532728695006
A2,N4SID,I,182,1,183,0.700000000000053,0.699134395165896,0.00478025373771629
A2,N4SID,I,182,2,184,0.700000000000032,0.698682472484958,0.00482725668836198
A2,N4SID,I,182,3,185,0.700000000000019,0.698243309794794,0.00487298063374862
A2,N4SID,I,182,4,186,0.700000000000012,0.697816405627416,0.00491744830867293
A2,N4SID,I,182,5,187,0.700000000000007,0.697401276056554,0.00496069920812301
A2,N4SID,I,182,6,188,0.700000000000004,0.696997454271664,0.00500277748237333
A2,N4SID,I,182,7,189,0.700000000000003,0.696604490141834,0.00504372804946467
A2,N4SID,I,182,8,190,0.700000000000002,0.696221949772753,0.0050835951845685
A2,N4SID,I,182,9,191,0.700000000000001,0.695849415059464,0.00512242197563133
A2,N4SID,I,182,10,192,0.7,0.695486483237235,0.00516025011781997
A2,N4SID,I,182,11,193,0.7,0.695132766432587,0.00519711984963818
A2,N4SID,I,182,12,194,0.7,0.694787891216188,0.00523306995028254
A2,N4SID,I,182,13,195,0.7,0.694451498159093,0.00526813776375485
A2,N4SID,I,182,14,196,0.7,0.6941232413936,0.00530235923455499
A2,N4SID,I,189,1,190,0.700000000000002,0.699317578086462,0.0046709098290166
A2,N4SID,I,189,2,191,0.700000000000001,0.698960294908558,0.00470813824101834
A2,N4SID,I,189,3,192,0.7,0.69861253207882,0.00474440794105891
A2,N4SID,I,189,4,193,0.7,0.698273909514696,0.00477973849938096
A2,N4SID,I,189,5,194,0.7,0.697944061123633,0.0048141605020208
A2,N4SID,I,189,6,195,0.7,0.697622634380904,0.00484770756528917
A2,N4SID,I,189,7,196,0.7,0.697309289911232,0.00488041369676158
A2,N4SID,I,189,8,197,0.7,0.697003701075311,0.00491231232106263
A2,N4SID,I,189,9,198,0.7,0.696705553562119,0.00494343590373447
A2,N4SID,I,189,10,199,0.7,0.696414544987806,0.00497381581289076
A2,N4SID,I,189,11,200,0.7,0.696130384501785,0.00500348228095716
A2,N4SID,I,189,12,201,0.7,0.695852792400558,0.00503246440957863
A2,N4SID,I,189,13,202,0.7,0.6955814997497,0.00506079019314037
A2,N4SID,I,189,14,203,0.7,0.695316248014343,0.00508848655008165
A2,N4SID,I,196,1,197,0.7,0.699454004700227,0.00457164541772224
A2,N4SID,I,196,2,198,0.7,0.699167156362482,0.00460158468803389
A2,N4SID,I,196,3,199,0.7,0.698887402334344,0.00463080727658504
A2,N4SID,I,196,4,200,0.7,0.698614456225763,0.00465932898386942
A2,N4SID,I,196,5,201,0.7,0.698348042528526,0.00468717313140013
A2,N4SID,I,196,6,202,0.7,0.698087896251308,0.00471436510873127
A2,N4SID,I,196,7,203,0.7,0.697833762562688,0.00474093052079655
A2,N4SID,I,196,8,204,0.7,0.69758539644241,0.00476689449237559
A2,N4SID,I,196,9,205,0.7,0.697342562341093,0.00479228139868645
A2,N4SID,I,196,10,206,0.7,0.697105033848562,0.00481711476791985
A2,N4SID,I,196,11,207,0.7,0.696872593370883,0.00484141725660373
A2,N4SID,I,196,12,208,0.7,0.696645031816173,0.00486521065636027
A2,N4SID,I,196,13,209,0.7,0.696422148289191,0.00488851591408322
A2,N4SID,I,196,14,210,0.7,0.696203749794714,0.00491135315760196
A2,N4SID,I,203,1,204,0.7,0.699555975741876,0.00448064608529461
A2,N4SID,I,203,2,205,0.7,0.699321761835441,0.00450512922952095
A2,N4SID,I,203,3,206,0.7,0.699092829007203,0.00452907782645628
A2,N4SID,I,203,4,207,0.7,0.698868962270957,0.00455250411718632
A2,N4SID,I,203,5,208,0.7,0.698649954985153,0.00457542568163264
A2,N4SID,I,203,6,209,0.7,0.698435608555436,0.00459786158299355
A2,N4SID,I,203,7,210,0.7,0.698225732145616,0.00461983102358938
A2,N4SID,I,203,8,211,0.7,0.698020142397031,0.00464135283215079
A2,N4SID,I,203,9,212,0.7,0.697818663156256,0.00466244526412012
A2,N4SID,I,203,10,213,0.7,0.697621125211067,0.00468312592988714
A2,N4SID,I,203,11,214,0.7,0.697427366034566,0.00470341177752798
A2,N4SID,I,203,12,215,0.7,0.697237229537349,0.00472331909904966
A2,N4SID,I,203,13,216,0.7,0.697050565827591,0.00474286354663376
A2,N4SID,I,203,14,217,0.7,0.696867230978908,0.00476206015290766
A2,N4SID,I,210,1,211,0.7,0.699632467081596,0.00439653137922294
A2,N4SID,I,210,2,212,0.7,0.699437742564478,0.00441691534562107
A2,N4SID,I,210,3,213,0.7,0.699246945695671,0.00443690142813088
A2,N4SID,I,210,4,214,0.7,0.699059915505597,0.00445649881216204
A2,N4SID,I,210,5,215,0.7,0.698876497367083,0.004475720623705
A2,N4SID,I,210,6,216,0.7,0.698696542760335,0.00449458110725851
A2,N4SID,I,210,7,217,0.7,0.698519909045452,0.0045130946187917
A2,N4SID,I,210,8,218,0.7,0.698346459242368,0.00453127523592659
A2,N4SID,I,210,9,219,0.7,0.698176061818044,0.00454913660495456
A2,N4SID,I,210,10,220,0.7,0.698008590480782,0.0045666918857124
A2,N4SID,I,210,11,221,0.7,0.69784392398147,0.004583953738365
A2,N4SID,I,210,12,222,0.7,0.697681945921621,0.00460093432828696
A2,N4SID,I,210,13,223,0.7,0.697522544568016,0.00461764533862925
A2,N4SID,I,210,14,224,0.7,0.69736561267379,0.00463409798596023
A2,N4SID,I,217,1,218,0.7,0.699690070498218,0.00431823518911281
A2,N4SID,I,217,2,219,0.7,0.69952510043226,0.00433552702540599
A2,N4SID,I,217,3,220,0.7,0.699363048818016,0.00435252329609347
A2,N4SID,I,217,4,221,0.7,0.699203795356594,0.00436923069333093
A2,N4SID,I,217,5,222,0.7,0.699047224541171,0.00438565893032744
A2,N4SID,I,217,6,223,0.7,0.698893225474677,0.00440181860484824
A2,N4SID,I,217,7,224,0.7,0.698741691693792,0.0044177204210147
A2,N4SID,I,217,8,225,0.7,0.698592520999078,0.00443337488398707
A2,N4SID,I,217,9,226,0.7,0.698445615291069,0.00444879217903546
A2,N4SID,I,217,10,227,0.7,0.698300880412184,0.00446398212749672
A2,N4SID,I,217,11,228,0.7,0.698158225994257,0.00447895417580791
A2,N4SID,I,217,12,229,0.7,0.698017565311558,0.00449371739885533
A2,N4SID,I,217,13,230,0.7,0.697878815139112,0.00450828050940673
A2,N4SID,I,217,14,231,0.7,0.697741895616174,0.004522651869977
A2,N4SID,I,224,1,225,0.7,0.699733647476463,0.00424492312961275
A2,N4SID,I,224,2,226,0.7,0.699591207356784,0.00425987154514898
A2,N4SID,I,224,3,227,0.7,0.699450933814941,0.0042746008632427
A2,N4SID,I,224,4,228,0.7,0.699312737075084,0.00428911580466446
A2,N4SID,I,224,5,229,0.7,0.699176530967015,0.00430342349043318
A2,N4SID,I,224,6,230,0.7,0.699042232786447,0.00431753177140572
A2,N4SID,I,224,7,231,0.7,0.698909763160311,0.0043314486089752
A2,N4SID,I,224,8,232,0.7,0.698779045916982,0.00434518182911696
A2,N4SID,I,224,9,233,0.7,0.698650007961241,0.00435873902395818
A2,N4SID,I,224,10,234,0.7,0.69852257915384,0.00437212751532528
A2,N4SID,I,224,11,235,0.7,0.698396692195529,0.00438535434506314
A2,N4SID,I,224,12,236,0.7,0.698272282515376,0.0043984262769714
A2,N4SID,I,224,13,237,0.7,0.698149288163261,0.00441134980369134
A2,N4SID,I,224,14,238,0.7,0.6980276497064,0.00442413115558349
A2,N4SID,I,231,1,232,0.7,0.69976679317859,0.00417593404907554
A2,N4SID,I,231,2,233,0.7,0.699641512553589,0.00418909647948752
A2,N4SID,I,231,3,234,0.7,0.699517838764299,0.00420209687517299
A2,N4SID,I,231,4,235,0.7,0.699395704888441,0.00421493843159695
A2,N4SID,I,231,5,236,0.7,0.699275046708496,0.0042276263140198
A2,N4SID,I,231,6,237,0.7,0.699155802605449,0.00424016631167006
A2,N4SID,I,231,7,238,0.7,0.69903791345649,0.00425256433122982
A2,N4SID,I,231,8,239,0.7,0.698921322536567,0.00426482619346618
A2,N4SID,I,231,9,240,0.7,0.698805975423627,0.00427695755094954
A2,N4SID,I,231,10,241,0.7,0.698691819907445,0.00428896385695529
A2,N4SID,I,231,11,242,0.7,0.69857880590191,0.00430085035655483
A2,N4SID,I,231,12,243,0.7,0.698466885360645,0.00431262208736335
A2,N4SID,I,231,13,244,0.7,0.69835601219584,0.00432428388441985
A2,N4SID,I,231,14,245,0.7,0.698246142200204,0.00433584038674441
A2,N4SID,I,238,1,239,0.7,0.699792170924639,0.00411073778449966
A2,N4SID,I,238,2,240,0.7,0.699680051464482,0.00412252980012037
A2,N4SID,I,238,3,241,0.7,0.699569122416839,0.00413420230588953
A2,N4SID,I,238,4,242,0.7,0.699459333940292,0.00414575733644201
A2,N4SID,I,238,5,243,0.7,0.699350638217778,0.00415719858955038
A2,N4SID,I,238,6,244,0.7,0.699242989376246,0.00416853031174031
A2,N4SID,I,238,7,245,0.7,0.699136343409387,0.00417975687358176
A2,N4SID,I,238,8,246,0.7,0.699030658103311,0.0041908825975124
A2,N4SID,I,238,9,247,0.7,0.69892589296509,0.00420191168741031
A2,N4SID,I,238,10,248,0.7,0.698822009154038,0.00421284820139096
A2,N4SID,I,238,11,249,0.7,0.698718969415658,0.0042236960434021
A2,N4SID,I,238,12,250,0.7,0.69861673801813,0.00423445896302479
A2,N4SID,I,238,13,251,0.7,0.698515280691273,0.00424514055880353
A2,N4SID,I,238,14,252,0.7,0.698414564567875,0.0042557442830249
A2,N4SID,I,245,1,246,0.7,0.699811755944167,0.00404890418458978
A2,N4SID,I,245,2,247,0.7,0.699709816161464,0.00405963602165808
A2,N4SID,I,245,3,248,0.7,0.699608757187179,0.00407028000045715
A2,N4SID,I,245,4,249,0.7,0.699508541928553,0.00408083728438176
A2,N4SID,I,245,5,250,0.7,0.699409134805288,0.00409131047542866
A2,N4SID,I,245,6,251,0.7,0.699310501689062,0.00410170266873102
A2,N4SID,I,245,7,252,0.7,0.699212609845375,0.00411201708847363
A2,N4SID,I,245,8,253,0.7,0.699115427877663,0.00412225693904652
A2,N4SID,I,245,9,254,0.7,0.699018925673585,0.00413242534352222
A2,N4SID,I,245,10,255,0.7,0.698923074353412,0.00414252531937798
A2,N4SID,I,245,11,256,0.7,0.698827846220427,0.00415255977046045
A2,N4SID,I,245,12,257,0.7,0.698733214713277,0.00416253148606214
A2,N4SID,I,245,13,258,0.7,0.698639154360187,0.00417244314307277
A2,N4SID,I,245,14,259,0.7,0.698545640734983,0.00418229730940806
A2,N4SID,I,252,1,253,0.7,0.699827014275168,0.0039900801343543
A2,N4SID,I,252,2,254,0.7,0.699733026948493,0.00399998376336081
A2,N4SID,I,252,3,255,0.7,0.699639690383002,0.00400982306436536
A2,N4SID,I,252,4,256,0.7,0.699546976990634,0.00401959855532271
A2,N4SID,I,252,5,257,0.7,0.699454860311797,0.00402931202379625
A2,N4SID,I,252,6,258,0.7,0.699363314969961,0.0040389657076557
A2,N4SID,I,252,7,259,0.7,0.699272316628029,0.00404856197689733
A2,N4SID,I,252,8,260,0.7,0.69918184194642,0.00405810320262244
A2,N4SID,I,252,9,261,0.7,0.699091868542812,0.00406759170236099
A2,N4SID,I,252,10,262,0.7,0.699002374953469,0.0040770297180627
A2,N4SID,I,252,11,263,0.7,0.698913340596091,0.00408641940836809
A2,N4SID,I,252,12,264,0.7,0.698824745734138,0.0040957628471496
A2,N4SID,I,252,13,265,0.7,0.698736571442572,0.00410506202477816
A2,N4SID,I,252,14,266,0.7,0.698648799574952,0.00411431885053542
A2,N4SID,I,259,1,260,0.7,0.699839034659919,0.00393397236280824
A2,N4SID,I,259,2,261,0.7,0.699751332465671,0.00394322157041195
A2,N4SID,I,259,3,262,0.7,0.699664110199199,0.00395242392155364
A2,N4SID,I,259,4,263,0.7,0.699577347352237,0.00396157946243562
A2,N4SID,I,259,5,264,0.7,0.699491024257568,0.00397068937816513
A2,N4SID,I,259,6,265,0.7,0.699405122055015,0.00397975526986155
A2,N4SID,I,259,7,266,0.7,0.699319622658781,0.00398877887199495
A2,N4SID,I,259,8,267,0.7,0.699234508726085,0.00399776193527852
A2,N4SID,I,259,9,268,0.7,0.699149763627041,0.00400670617738135
A2,N4SID,I,259,10,269,0.7,0.699065371415736,0.0040156132627352
A2,N4SID,I,259,11,270,0.7,0.698981316802465,0.00402448479508448
A2,N4SID,I,259,12,271,0.7,0.698897585127062,0.0040333223156464
A2,N4SID,I,259,13,272,0.7,0.698814162333305,0.00404212730372139
A2,N4SID,I,259,14,273,0.7,0.69873103494434,0.00405090117834495
A2,N4SID,I,266,1,267,0.7,0.699848626059657,0.00388033448486653
A2,N4SID,I,266,2,268,0.7,0.699765957554208,0.00388905978318112
A2,N4SID,I,266,3,269,0.7,0.699683642189784,0.00389775118125977
A2,N4SID,I,266,4,270,0.7,0.699601664727738,0.00390640838576519
A2,N4SID,I,266,5,271,0.7,0.699520010555698,0.00391503213846582
A2,N4SID,I,266,6,272,0.7,0.699438665662155,0.00392362356869818
A2,N4SID,I,266,7,273,0.7,0.699357616612046,0.00393218393878443
A2,N4SID,I,266,8,274,0.7,0.699276850523326,0.00394071453802115
A2,N4SID,I,266,9,275,0.7,0.699196355044475,0.00394921663773299
A2,N4SID,I,266,10,276,0.7,0.699116118332896,0.00395769147257552
A2,N4SID,I,266,11,277,0.7,0.699036129034189,0.00396614023335451
A2,N4SID,I,266,12,278,0.7,0.698956376262253,0.00397456406492662
A2,N4SID,I,266,13,279,0.7,0.698876849580181,0.00398296406632951
A2,N4SID,I,266,14,280,0.7,0.698797538981932,0.0039913412918685
A2,N4SID,I,273,1,274,0.7,0.699856389872308,0.00382895717278996
A2,N4SID,I,273,2,275,0.7,0.69977781271726,0.00383725687262801
A2,N4SID,I,273,3,276,0.7,0.699699494663374,0.00384553226652058
A2,N4SID,I,273,4,277,0.7,0.699621424391821,0.00385378282136879
A2,N4SID,I,273,5,278,0.7,0.699543591049788,0.00386200895465441
A2,N4SID,I,273,6,279,0.7,0.699465984231502,0.00387021144711547
A2,N4SID,I,273,7,280,0.7,0.699388593960016,0.00387839121083472
A2,N4SID,I,273,8,281,0.7,0.699311410669725,0.00388654919226542
A2,N4SID,I,273,9,282,0.7,0.699234425189588,0.00389468633085977
A2,N4SID,I,273,10,283,0.7,0.699157628727017,0.00390280354163728
A2,N4SID,I,273,11,284,0.7,0.699081012852426,0.0039109017082703
A2,N4SID,I,273,12,285,0.7,0.699004569484392,0.00391898168081963
A2,N4SID,I,273,13,286,0.7,0.69892829087542,0.00392704427551785
A2,N4SID,I,273,14,287,0.7,0.698852169598281,0.00393509027543861
A2,N4SID,I,280,1,281,0.7,0.699862773467706,0.00377966065727714
A2,N4SID,I,280,2,282,0.7,0.699787575236507,0.00378760909400761
A2,N4SID,I,280,3,283,0.7,0.699712566400582,0.00379554031807986
A2,N4SID,I,280,4,284,0.7,0.69963773855533,0.00380345363136005
A2,N4SID,I,280,5,285,0.7,0.699563083642707,0.00381134921585458
A2,N4SID,I,280,6,286,0.7,0.699488593937078,0.00381922759553281
A2,N4SID,I,280,7,287,0.7,0.69941426203164,0.00382708942309574
A2,N4SID,I,280,8,288,0.7,0.699340080825388,0.00383493539051053
A2,N4SID,I,280,9,289,0.7,0.699266043510613,0.00384276619064466
A2,N4SID,I,280,10,290,0.7,0.699192143560901,0.0038505825009285
A2,N4SID,I,280,11,291,0.7,0.69911837471962,0.00385838497670653
A2,N4SID,I,280,12,292,0.7,0.69904473098887,0.00386617424887915
A2,N4SID,I,280,13,293,0.7,0.698971206618877,0.00387395092344001
A2,N4SID,I,280,14,294,0.7,0.698897796097831,0.00388171558183937
A2,N4SID,I,287,1,288,0.7,0.699868109894392,0.00373228897241953
A2,N4SID,I,287,2,289,0.7,0.699795749319472,0.00373994261733576
A2,N4SID,I,287,3,290,0.7,0.699723526508043,0.00374758428388808
A2,N4SID,I,287,4,291,0.7,0.699651435221141,0.00375521316446418
A2,N4SID,I,287,5,292,0.7,0.699579469477397,0.00376282927165729
A2,N4SID,I,287,6,293,0.7,0.699507623542493,0.00377043294101594
A2,N4SID,I,287,7,294,0.7,0.699435891919051,0.00377802463350226
A2,N4SID,I,287,8,295,0.7,0.699364269336929,0.003785604852383
A2,N4SID,I,287,9,296,0.7,0.699292750743909,0.0037931741074387
A2,N4SID,I,287,10,297,0.7,0.699221331296767,0.00380073289959041
A2,N4SID,I,287,11,298,0.7,0.699150006352698,0.00380828171451504
A2,N4SID,I,287,12,299,0.7,0.699078771461093,0.00381582102024653
A2,N4SID,I,287,13,300,0.7,0.699007622355653,0.00382335126654285
A2,N4SID,I,287,14,301,0.7,0.698936554946817,0.00383087288502679
A2,N4SID,I,294,1,295,0.7,0.699872647337628,0.00368670551210703
A2,N4SID,I,294,2,296,0.7,0.699802710711996,0.00369410751326877
A2,N4SID,I,294,3,297,0.7,0.699732873636821,0.003701501389714
A2,N4SID,I,294,4,298,0.7,0.699663131481864,0.00370888626534542
A2,N4SID,I,294,5,299,0.7,0.699593479808269,0.00371626203233914
A2,N4SID,I,294,6,300,0.7,0.699523914360722,0.00372362888861427
A2,N4SID,I,294,7,301,0.7,0.699454431059919,0.00373098715370238
A2,N4SID,I,294,8,302,0.7,0.69938502599535,0.00373833719111266
A2,N4SID,I,294,9,303,0.7,0.699315695418368,0.00374567937478322
A2,N4SID,I,294,10,304,0.7,0.699246435735544,0.00375301407457051
A2,N4SID,I,294,11,305,0.7,0.699177243502291,0.0037603416501255
A2,N4SID,I,294,12,306,0.7,0.699108115416747,0.00376766244849334
A2,N4SID,I,294,13,307,0.7,0.699039048313907,0.00377497680336603
A2,N4SID,I,294,14,308,0.7,0.698970039159995,0.00378228503506327
A2,N4SID,I,301,1,302,0.7,0.699876570975813,0.00364278957687852
A2,N4SID,I,301,2,303,0.7,0.699808739792198,0.00364997313343961
A2,N4SID,I,301,3,304,0.7,0.699740979904313,0.00365715139441563
A2,N4SID,I,301,4,305,0.7,0.699673287876548,0.00366432344522039
A2,N4SID,I,301,5,306,0.7,0.69960566041543,0.00367148909383702
A2,N4SID,I,301,6,307,0.7,0.699538094363799,0.00367864843823914
A2,N4SID,I,301,7,308,0.7,0.699470586695201,0.00368580169390702
A2,N4SID,I,301,8,309,0.7,0.699403134508521,0.00369294912097799
A2,N4SID,I,301,9,310,0.7,0.699335735022833,0.003700090992679
A2,N4SID,I,301,10,311,0.7,0.699268385572453,0.00370722758159635
A2,N4SID,I,301,11,312,0.7,0.699201083602203,0.00371435915380805
A2,N4SID,I,301,12,313,0.7,0.699133826662862,0.00372148596650989
A2,N4SID,I,301,13,314,0.7,0.699066612406803,0.0037286082671954
A2,N4SID,I,301,14,315,0.7,0.698999438583813,0.00373572629352285
A2,N4SID,I,308,1,309,0.7,0.6998800191973,0.0036004336717618
A2,N4SID,I,308,2,310,0.7,0.699814046121263,0.00360742454189714
A2,N4SID,I,308,3,311,0.7,0.699748123473416,0.00361441218601899
A2,N4SID,I,308,4,312,0.7,0.699682248705012,0.00362139567278694
A2,N4SID,I,308,5,313,0.7,0.699616419372844,0.00362837475267746
A2,N4SID,I,308,6,314,0.7,0.699550633134906,0.00363534945162959
A2,N4SID,I,308,7,315,0.7,0.699484887746229,0.00364231990881691
A2,N4SID,I,308,8,316,0.7,0.69941918105489,0.0036492863080369
A2,N4SID,I,308,9,317,0.7,0.699353510998182,0.00365624884791475
A2,N4SID,I,308,10,318,0.7,0.699287875598945,0.00366320772888606
A2,N4SID,I,308,11,319,0.7,0.699222272962035,0.00367016314757859
A2,N4SID,I,308,12,320,0.7,0.699156701270954,0.00367711529448446
A2,N4SID,I,308,13,321,0.7,0.699091158784602,0.00368406435309771
A2,N4SID,I,308,14,322,0.7,0.699025643834171,0.00369101049970194
A2,N4SID,I,315,1,316,0.7,0.699883095632343,0.00355954137594056
A2,N4SID,I,315,2,317,0.7,0.699818786656211,0.00356635974133868
A2,N4SID,I,315,3,318,0.7,0.699754512718313,0.00357317638773008
A2,N4SID,I,315,4,319,0.7,0.69969027192813,0.00357999038257844
A2,N4SID,I,315,5,320,0.7,0.699626062473485,0.00358680143843174
A2,N4SID,I,315,6,321,0.7,0.699561882617315,0.00359360952982694
A2,N4SID,I,315,7,322,0.7,0.699497730694583,0.00360041474020261
A2,N4SID,I,315,8,323,0.7,0.699433605109306,0.0036072171970852
A2,N4SID,I,315,9,324,0.7,0.699369504331713,0.00361401704389287
A2,N4SID,I,315,10,325,0.7,0.699305426895518,0.00362081442757375
A2,N4SID,I,315,11,326,0.7,0.699241371395298,0.00362760949322933
A2,N4SID,I,315,12,327,0.7,0.699177336483987,0.003634402381846
A2,N4SID,I,315,13,328,0.7,0.699113320870466,0.00364119322941235
A2,N4SID,I,315,14,329,0.7,0.699049323317256,0.00364798216665281
A2,N4SID,I,322,1,323,0.7,0.69988587808002,0.00352002564971167
A2,N4SID,I,322,2,324,0.7,0.699823079261017,0.00352668750224923
A2,N4SID,I,322,3,325,0.7,0.699760304150112,0.00353334872659713
A2,N4SID,I,322,4,326,0.7,0.699697551345215,0.00354000839998567
A2,N4SID,I,322,5,327,0.7,0.699634819502371,0.00354666621132527
A2,N4SID,I,322,6,328,0.7,0.699572107333372,0.00355332209896917
A2,N4SID,I,322,7,329,0.7,0.699509413603451,0.0035599761058562
A2,N4SID,I,322,8,330,0.7,0.699446737129085,0.00356662831813066
A2,N4SID,I,322,9,331,0.7,0.699384076775879,0.00357327883840333
A2,N4SID,I,322,10,332,0.7,0.69932143145654,0.00357992777399589
A2,N4SID,I,322,11,333,0.7,0.699258800128933,0.00358657523179711
A2,N4SID,I,322,12,334,0.7,0.699196181794217,0.00359322131606225
A2,N4SID,I,322,13,335,0.7,0.699133575495057,0.00359986612752599
A2,N4SID,I,322,14,336,0.7,0.699070980313912,0.00360650976310064
A2,N4SID,I,329,1,330,0.7,0.699888425131426,0.00348180747746177
A2,N4SID,I,329,2,331,0.7,0.69982701273,0.00348832565106646
A2,N4SID,I,329,3,332,0.7,0.699765615714107,0.00349484397980488
A2,N4SID,I,329,4,333,0.7,0.699704233044017,0.00350136155823339
A2,N4SID,I,329,5,334,0.7,0.699642863723134,0.00350787806199119
A2,N4SID,I,329,6,335,0.7,0.699581506796225,0.00351439340444308
A2,N4SID,I,329,7,336,0.7,0.699520161347705,0.00352090759929653
A2,N4SID,I,329,8,337,0.7,0.699458826500005,0.00352742070235131
A2,N4SID,I,329,9,338,0.7,0.699397501412005,0.00353393278609655
A2,N4SID,I,329,10,339,0.7,0.699336185277523,0.00354044392851799
A2,N4SID,I,329,11,340,0.7,0.69927487732388,0.0035469542081776
A2,N4SID,I,329,12,341,0.7,0.699213576810509,0.00355346370208576
A2,N4SID,I,329,13,342,0.7,0.69915228302763,0.00355997248482114
A2,N4SID,I,329,14,343,0.7,0.699090995294981,0.00356648062820696
A2,N4SID,I,336,1,337,0.7,0.699890781083909,0.00344481477019603
A2,N4SID,I,336,2,338,0.7,0.699830654224333,0.00345119970923554
A2,N4SID,I,336,3,339,0.7,0.699770536654572,0.00345758535990481
A2,N4SID,I,336,4,340,0.7,0.699710427603686,0.00346397083913926
A2,N4SID,I,336,5,341,0.7,0.69965032633273,0.00347035581676633
A2,N4SID,I,336,6,342,0.7,0.699590232133445,0.00347674018937167
A2,N4SID,I,336,7,343,0.7,0.699530144326981,0.00348312394975298
A2,N4SID,I,336,8,344,0.7,0.69947006226269,0.00348950713154128
A2,N4SID,I,336,9,345,0.7,0.699409985316957,0.00349588978502959
A2,N4SID,I,336,10,346,0.7,0.699349912892084,0.00350227196650489
A2,N4SID,I,336,11,347,0.7,0.699289844415219,0.0035086537335407
A2,N4SID,I,336,12,348,0.7,0.699229779337328,0.00351503514294518
A2,N4SID,I,336,13,349,0.7,0.699169717132212,0.00352141624989522
A2,N4SID,I,336,14,350,0.7,0.699109657295562,0.00352779710760113
A2,N4SID,I,343,1,344,0.7,0.699892979587557,0.00340898146973453
A2,N4SID,I,343,2,345,0.7,0.699834054789758,0.00341524180175302
A2,N4SID,I,343,3,346,0.7,0.699775134833828,0.00342150323489599
A2,N4SID,I,343,4,347,0.7,0.699716219148173,0.00342776491169629
A2,N4SID,I,343,5,348,0.7,0.699657307184936,0.00343402650148105
A2,N4SID,I,343,6,349,0.7,0.699598398419015,0.00344028789005239
A2,N4SID,I,343,7,350,0.7,0.699539492347126,0.00344654905543267
A2,N4SID,I,343,8,351,0.7,0.699480588486897,0.00345281001513433
A2,N4SID,I,343,9,352,0.7,0.699421686376007,0.00345907080312951
A2,N4SID,I,343,10,353,0.7,0.699362785571355,0.00346533145967195
A2,N4SID,I,343,11,354,0.7,0.699303885648266,0.00347159202679289
A2,N4SID,I,343,12,355,0.7,0.699244986199728,0.0034778525463252
A2,N4SID,I,343,13,356,0.7,0.699186086835663,0.00348411305905754
A2,N4SID,I,343,14,357,0.7,0.699127187182223,0.00349037360439411
A2,N4SID,I,350,1,351,0.7,0.699895046351707,0.00337424681055524
A2,N4SID,I,350,2,352,0.7,0.699837253451798,0.00338038977368621
A2,N4SID,I,350,3,353,0.7,0.699779462164193,0.00338653410477419
A2,N4SID,I,350,4,354,0.7,0.699721672065129,0.00339267897383461
A2,N4SID,I,350,5,355,0.7,0.699663882748446,0.00339882405342304
A2,N4SID,I,350,6,356,0.7,0.699606093824864,0.00340496922291499
A2,N4SID,I,350,7,357,0.7,0.699548304921277,0.00341111445006936
A2,N4SID,I,350,8,358,0.7,0.699490515680091,0.00341725974075236
A2,N4SID,I,350,9,359,0.7,0.699432725758579,0.00342340511696789
A2,N4SID,I,350,10,360,0.7,0.699374934828268,0.00342955060713793
A2,N4SID,I,350,11,361,0.7,0.699317142574346,0.00343569624179191
A2,N4SID,I,350,12,362,0.7,0.6992593486951,0.00344184205166614
A2,N4SID,I,350,13,363,0.7,0.699201552901373,0.00344798806688151
A2,N4SID,I,350,14,364,0.7,0.699143754916041,0.00345413431660332
A2,SSEST,I,49,1,50,1.8,1.8,0
A2,SSEST,I,49,2,51,1.8,1.8,2.22044604925031e-16
A2,SSEST,I,49,3,52,1.8,1.8,6.66133814775094e-16
A2,SSEST,I,49,4,53,1.8,1.8,1.11022302462516e-15
A2,SSEST,I,49,5,54,1.8,1.8,1.99840144432528e-15
A2,SSEST,I,49,6,55,1.8,1.8,3.5527136788005e-15
A2,SSEST,I,49,7,56,1.79999999999999,1.8,5.77315972805081e-15
A2,SSEST,I,49,8,57,1.79999999999999,1.8,9.76996261670138e-15
A2,SSEST,I,49,9,58,1.79999999999998,1.8,1.62092561595273e-14
A2,SSEST,I,49,10,59,1.79999999999997,1.8,2.68673971959288e-14
A2,SSEST,I,49,11,60,1.79999999999996,1.8,4.44089209850063e-14
A2,SSEST,I,49,12,61,1.79999999999993,1.8,7.34967642301854e-14
A2,SSEST,I,49,13,62,1.79999999999988,1.8,1.21458398893992e-13
A2,SSEST,I,49,14,63,1.7999999999998,1.8,2.00284233642378e-13
A2,SSEST,I,56,1,57,1.79999999999999,1.79999999999999,3.99680288865056e-15
A2,SSEST,I,56,2,58,1.79999999999998,1.79999999999999,1.04360964314765e-14
A2,SSEST,I,56,3,59,1.79999999999997,1.79999999999999,2.1094237467878e-14
A2,SSEST,I,56,4,60,1.79999999999996,1.79999999999999,3.86357612569554e-14
A2,SSEST,I,56,5,61,1.79999999999993,1.79999999999999,6.77236045021345e-14
A2,SSEST,I,56,6,62,1.79999999999988,1.79999999999999,1.15685239165941e-13
A2,SSEST,I,56,7,63,1.7999999999998,1.79999999999999,1.94511073914327e-13
A2,SSEST,I,56,8,64,1.79999999999967,1.79999999999999,3.24629212400396e-13
A2,SSEST,I,56,9,65,1.79999999999946,1.79999999999999,5.38902256153051e-13
A2,SSEST,I,56,10,66,1.7999999999991,1.79999999999999,8.92619311798626e-13
A2,SSEST,I,56,11,67,1.79999999999852,1.79999999999999,1.47548639972683e-12
A2,SSEST,I,56,12,68,1.79999999999756,1.79999999999999,2.43649544984237e-12
A2,SSEST,I,56,13,69,1.79999999999597,1.79999999999999,4.02100575058739e-12
A2,SSEST,I,56,14,70,1.79999999999336,1.79999999999999,6.63313848292546e-12
A2,SSEST,I,63,1,64,1.79999999999967,1.7999999999998,1.30118138486068e-13
A2,SSEST,I,63,2,65,1.79999999999946,1.7999999999998,3.44391182238724e-13
A2,SSEST,I,63,3,66,1.7999999999991,1.7999999999998,6.98108237884298e-13
A2,SSEST,I,63,4,67,1.79999999999852,1.7999999999998,1.28097532581251e-12
A2,SSEST,I,63,5,68,1.79999999999756,1.7999999999998,2.24198437592804e-12
A2,SSEST,I,63,6,69,1.79999999999597,1.7999999999998,3.82649467667306e-12
A2,SSEST,I,63,7,70,1.79999999999336,1.7999999999998,6.43862740901113e-12
A2,SSEST,I,63,8,71,1.79999999998905,1.7999999999998,1.07458486553469e-11
A2,SSEST,I,63,9,72,1.79999999998195,1.7999999999998,1.78468351208494e-11
A2,SSEST,I,63,10,73,1.79999999997024,1.7999999999998,2.95545810047315e-11
A2,SSEST,I,63,11,74,1.79999999995094,1.7999999999998,4.88571405554694e-11
A2,SSEST,I,63,12,75,1.79999999991912,1.7999999999998,8.06821276455594e-11
A2,SSEST,I,63,13,76,1.79999999986665,1.7999999999998,1.33152155967764e-10
A2,SSEST,I,63,14,77,1.79999999978014,1.7999999999998,2.19660956091161e-10
A2,SSEST,I,70,1,71,1.79999999998905,1.79999999999336,4.30722124633576e-12
A2,SSEST,I,70,2,72,1.79999999998195,1.79999999999336,1.14082077118383e-11
A2,SSEST,I,70,3,73,1.79999999997024,1.79999999999336,2.31159535957204e-11
A2,SSEST,I,70,4,74,1.79999999995094,1.79999999999336,4.24185131464583e-11
A2,SSEST,I,70,5,75,1.79999999991912,1.79999999999336,7.42435002365482e-11
A2,SSEST,I,70,6,76,1.79999999986665,1.79999999999336,1.26713528558753e-10
A2,SSEST,I,70,7,77,1.79999999978014,1.79999999999336,2.1322232868215e-10
A2,SSEST,I,70,8,78,1.79999999963751,1.79999999999336,3.55851348388114e-10
A2,SSEST,I,70,9,79,1.79999999940235,1.79999999999336,5.91006577010944e-10
A2,SSEST,I,70,10,80,1.79999999901465,1.79999999999336,9.78712000332393e-10
A2,SSEST,I,70,11,81,1.79999999837543,1.79999999999336,1.61793001218768e-09
A2,SSEST,I,70,12,82,1.79999999732154,1.79999999999336,2.67182276303402e-09
A2,SSEST,I,70,13,83,1.79999999558396,1.79999999999336,4.40939773582727e-09
A2,SSEST,I,70,14,84,1.79999999271919,1.79999999999336,7.27417481805048e-09
A2,SSEST,I,77,1,78,1.79999999963751,1.79999999978014,1.42629019705964e-10
A2,SSEST,I,77,2,79,1.79999999940235,1.79999999978014,3.77784248328794e-10
A2,SSEST,I,77,3,80,1.79999999901465,1.79999999978014,7.65489671650244e-10
A2,SSEST,I,77,4,81,1.79999999837543,1.79999999978014,1.40470768350553e-09
A2,SSEST,I,77,5,82,1.79999999732154,1.79999999978014,2.45860043435187e-09
A2,SSEST,I,77,6,83,1.79999999558396,1.79999999978014,4.19617540714512e-09
A2,SSEST,I,77,7,84,1.79999999271919,1.79999999978014,7.06095248936833e-09
A2,SSEST,I,77,8,85,1.79999998799597,1.79999999978014,1.17841714164513e-08
A2,SSEST,I,77,9,86,1.7999999802087,1.79999999978014,1.95714429107596e-08
A2,SSEST,I,77,10,87,1.79999996736966,1.79999999978014,3.24104825200067e-08
A2,SSEST,I,77,11,88,1.79999994620166,1.79999999978014,5.35784798749717e-08
A2,SSEST,I,77,12,89,1.79999991130153,1.79999999978014,8.84786053312325e-08
A2,SSEST,I,77,13,90,1.79999985376096,1.79999999978014,1.46019179636525e-07
A2,SSEST,I,77,14,91,1.7999997588926,1.79999999978014,2.40887535474243e-07
A2,SSEST,I,84,1,85,1.79999998799597,1.79999999271919,4.72321892708294e-09
A2,SSEST,I,84,2,86,1.7999999802087,1.79999999271919,1.25104904213913e-08
A2,SSEST,I,84,3,87,1.79999996736966,1.79999999271919,2.53495300306383e-08
A2,SSEST,I,84,4,88,1.79999994620166,1.79999999271919,4.65175273856033e-08
A2,SSEST,I,84,5,89,1.79999991130153,1.79999999271919,8.14176528418642e-08
A2,SSEST,I,84,6,90,1.79999985376096,1.79999999271919,1.38958227147157e-07
A2,SSEST,I,84,7,91,1.7999997588926,1.79999999271919,2.33826582984875e-07
A2,SSEST,I,84,8,92,1.79999960248116,1.79999999271919,3.90238023229017e-07
A2,SSEST,I,84,9,93,1.79999934460239,1.79999999271919,6.48116794677023e-07
A2,SSEST,I,84,10,94,1.79999891943244,1.79999999271919,1.07328674658902e-06
A2,SSEST,I,84,11,95,1.79999821844641,1.79999999271919,1.77427277225917e-06
A2,SSEST,I,84,12,96,1.79999706271779,1.79999999271919,2.9300013923983e-06
A2,SSEST,I,84,13,97,1.79999515724874,1.79999999271919,4.83547044871635e-06
A2,SSEST,I,84,14,98,1.79999201567579,1.79999999271919,7.97704339827732e-06
A2,SSEST,I,91,1,92,1.79999960248116,1.79999983082933,0.000689792785454499
A2,SSEST,I,91,2,93,1.79999934460239,1.7999998395341,0.000689820323392527
A2,SSEST,I,91,3,94,1.79999891943244,1.79999984823896,0.000689867626056436
A2,SSEST,I,91,4,95,1.79999821844641,1.7999998569439,0.000689946089609663
A2,SSEST,I,91,5,96,1.79999706271779,1.7999998656489,0.000690075305196516
A2,SSEST,I,91,6,97,1.79999515724874,1.79999987435395,0.000690287923712941
A2,SSEST,I,91,7,98,1.79999201567579,1.79999988305906,0.000690637930158384
A2,SSEST,I,91,8,99,1.79998683613682,1.7999998917642,0.000691214396102367
A2,SSEST,I,91,9,100,1.79997829662727,1.79999990046937,0.000692164200349237
A2,SSEST,I,91,10,101,1.79996421764573,1.79999990917458,0.000693729505087459
A2,SSEST,I,91,11,102,1.79994100611631,1.79999991787981,0.000696309538944713
A2,SSEST,I,91,12,103,1.79990273891298,1.79999992658506,0.000700562426151233
A2,SSEST,I,91,13,104,1.79983965277444,1.79999993529033,0.000707572973128607
A2,SSEST,I,91,14,105,1.7997356571159,1.79999994399562,0.000719129022461515
A2,SSEST,I,98,1,99,1.79998683613682,1.79999142006386,0.0011848157253114
A2,SSEST,I,98,2,100,1.79997829662727,1.79999089748743,0.0011856512404165
A2,SSEST,I,98,3,101,1.79996421764573,1.79999037491011,0.0011871581164924
A2,SSEST,I,98,4,102,1.79994100611631,1.7999898523321,0.00118967813883509
A2,SSEST,I,98,5,103,1.79990273891298,1.79998932975358,0.00119387105853048
A2,SSEST,I,98,6,104,1.79983965277444,1.79998880717471,0.00120082163638337
A2,SSEST,I,98,7,105,1.7997356571159,1.79998828459561,0.00121231771646586
A2,SSEST,I,98,8,106,1.79956424019714,1.79998776201639,0.00123130504766804
A2,SSEST,I,98,9,107,1.79928173812869,1.79998723943716,0.00126263517327577
A2,SSEST,I,98,10,108,1.79881628778646,1.79998671685798,0.00131429288486497
A2,SSEST,I,98,11,109,1.79804974994573,1.79998619427894,0.00139940476296809
A2,SSEST,I,98,12,110,1.79678827522837,1.79998567170008,0.00153950962738377
A2,SSEST,I,98,13,111,1.79471477182412,1.79998514912147,0.00200903748879637
A2,SSEST,I,98,14,112,1.79131320814184,1.79998462654315,0.00330073376703851
A2,SSEST,I,105,1,106,1.79956424019714,1.79966941499015,0.00057761760995006
A2,SSEST,I,105,2,107,1.79928173812869,1.79966540724082,0.000853261349336728
A2,SSEST,I,105,3,108,1.79881628778646,1.79966139951849,0.000661593418598195
A2,SSEST,I,105,4,109,1.79804974994573,1.7996573918235,0.000986611395162467
A2,SSEST,I,105,5,110,1.79678827522837,1.79965338415613,0.00107605377603038
A2,SSEST,I,105,6,111,1.79471477182412,1.79964937651664,0.00181618007049907
A2,SSEST,I,105,7,112,1.79131320814184,1.79964536890524,0.00519788768256953
A2,SSEST,I,105,8,113,1.78575089971623,1.79964136132209,0.00948746574290163
A2,SSEST,I,105,9,114,1.77670297849943,1.79963735376737,0.0197907836458277
A2,SSEST,I,105,10,115,1.76211028476717,1.7996333462412,0.0331336863467848
A2,SSEST,I,105,11,116,1.73889581382663,1.79962933874369,0.0575807263305975
A2,SSEST,I,105,12,117,1.70276035507224,1.79962533127495,0.0924889458694312
A2,SSEST,I,105,13,118,1.64837417733857,1.79962132383506,0.148085253312397
A2,SSEST,I,105,14,119,1.57053061994135,1.79961731642408,0.224723740784332
A2,SSEST,I,112,1,113,1.78575089971623,1.78967683343863,0.00148236285974898
A2,SSEST,I,112,2,114,1.77670297849943,1.78956354215581,0.00969096856680867
A2,SSEST,I,112,3,115,1.76211028476717,1.78945027463243,0.0242887089216916
A2,SSEST,I,112,4,116,1.73889581382663,1.78933703086701,0.0473154027676484
A2,SSEST,I,112,5,117,1.70276035507224,1.78922381085742,0.08338655009027
A2,SSEST,I,112,6,118,1.64837417733857,1.78911061460097,0.137629099213028
A2,SSEST,I,112,7,119,1.57053061994135,1.7889974420945,0.2153799095894
A2,SSEST,I,112,8,120,1.46676521236195,1.78888429333445,0.319019937833312
A2,SSEST,I,112,9,121,1.34082722710855,1.78877116831688,0.444853512602088
A2,SSEST,I,112,10,122,1.20427246846152,1.78865806703758,0.581290440800028
A2,SSEST,I,112,11,123,1.0731679943576,1.78854498949206,0.712285732813256
A2,SSEST,I,112,12,124,0.961203831178293,1.78843193567564,0.82413520265797
A2,SSEST,I,112,13,125,0.874756015369007,1.78831890558341,0.910471899985439
A2,SSEST,I,112,14,126,0.813062427408977,1.78820589921033,0.972052114222575
A2,SSEST,I,119,1,120,1.46676521236195,1.53518353300998,0.0584023945281478
A2,SSEST,I,119,2,121,1.34082722710855,1.53364476761616,0.182481311708406
A2,SSEST,I,119,3,122,1.20427246846152,1.53211304709842,0.318036268708402
A2,SSEST,I,119,4,123,1.0731679943576,1.53058833457188,0.447410127146733
A2,SSEST,I,119,5,124,0.961203831178293,1.52907059326555,0.558069820231931
A2,SSEST,I,119,6,125,0.874756015369007,1.527559786539,0.642908534582883
A2,SSEST,I,119,7,126,0.813062427408977,1.52605587789636,0.703192191326729
A2,SSEST,I,119,8,127,0.771466086041531,1.52455883099804,0.743251420303861
A2,SSEST,I,119,9,128,0.744483521299804,1.52306860967059,0.768789666468998
A2,SSEST,I,119,10,129,0.727416869311825,1.52158517791486,0.78436045454948
A2,SSEST,I,119,11,130,0.716793869268412,1.5201084999127,0.793532383647306
A2,SSEST,I,119,12,131,0.710247555279573,1.51863854003258,0.798608800349272
A2,SSEST,I,119,13,132,0.706238323315115,1.51717526283404,0.801171563972083
A2,SSEST,I,119,14,133,0.70379219643172,1.51571863307133,0.802166640130752
A2,SSEST,I,126,1,127,0.771466086041531,0.791146944720863,0.00760920315200001
A2,SSEST,I,126,2,128,0.744483521299804,0.791741183261295,0.0331136125393375
A2,SSEST,I,126,3,129,0.727416869311825,0.792332593732987,0.0507219248427593
A2,SSEST,I,126,4,130,0.716793869268412,0.792921189075023,0.0619750955225632
A2,SSEST,I,126,5,131,0.710247555279573,0.793506983385116,0.0690696132487628
A2,SSEST,I,126,6,132,0.706238323315115,0.794089992109769,0.0736806612117446
A2,SSEST,I,126,7,133,0.70379219643172,0.79467023229739,0.0766791270827113
A2,SSEST,I,126,8,134,0.702303207627225,0.795247722928413,0.0787521509590918
A2,SSEST,I,126,9,135,0.701398117889389,0.795822485340549,0.0802108147096284
A2,SSEST,I,126,10,136,0.700848425668516,0.796394543772773,0.0813322873947023
A2,SSEST,I,126,11,137,0.700514752398196,0.796963926058643,0.0822185373199771
A2,SSEST,I,126,12,138,0.700312270609,0.797530664509286,0.0829836059919915
A2,SSEST,I,126,13,139,0.700189422856831,0.79809479703929,0.0836565675873952
A2,SSEST,I,126,14,140,0.700114898555436,0.798656368607,0.0842862939529833
A2,SSEST,I,133,1,134,0.702303207627225,0.703544668139828,0.00218791599547521
A2,SSEST,I,133,2,135,0.701398117889389,0.704686496606675,0.00241703390114762
A2,SSEST,I,133,3,136,0.700848425668516,0.705823900621979,0.00260895478912809
A2,SSEST,I,133,4,137,0.700514752398196,0.706956943472696,0.00277401470225588
A2,SSEST,I,133,5,138,0.700312270609,0.708085712362961,0.00303698205297679
A2,SSEST,I,133,6,139,0.700189422856831,0.70921032908462,0.00345331160372903
A2,SSEST,I,133,7,140,0.700114898555436,0.71033096622324,0.00385251688715852
A2,SSEST,I,133,8,141,0.700069692360925,0.711447872515876,0.00424043403874872
A2,SSEST,I,133,9,142,0.700042271607434,0.712561411990364,0.00462151794131478
A2,SSEST,I,133,10,143,0.700025639413626,0.713672112305585,0.00499785976498808
A2,SSEST,I,133,11,144,0.700015551233084,0.714780688160664,0.00556859302832777
A2,SSEST,I,133,12,145,0.700009432352131,0.715887988642487,0.00618381841626001
A2,SSEST,I,133,13,146,0.700005721030063,0.716994869842169,0.00679688489189875
A2,SSEST,I,133,14,147,0.700003469987239,0.718102069165714,0.00746857849181776
A2,SSEST,I,140,1,141,0.700069692360925,0.700689958154382,0.00205201745919047
A2,SSEST,I,140,2,142,0.700042271607434,0.701800471442007,0.00218088822139376
A2,SSEST,I,140,3,143,0.700025639413626,0.702908726695605,0.0023092781327982
A2,SSEST,I,140,4,144,0.700015551233084,0.70401565999574,0.00243589334444208
A2,SSEST,I,140,5,145,0.700009432352131,0.705122338610255,0.00256271338597965
A2,SSEST,I,140,6,146,0.700005721030063,0.706229778417868,0.00268870653452331
A2,SSEST,I,140,7,147,0.700003469987239,0.707338801644489,0.00287727435578564
A2,SSEST,I,140,8,148,0.700002104656262,0.708449993855205,0.00324868210086801
A2,SSEST,I,140,9,149,0.700001276539512,0.709563729321267,0.00362083849105244
A2,SSEST,I,140,10,150,0.700000774260706,0.710680217575079,0.00399373789832248
A2,SSEST,I,140,11,151,0.700000469612987,0.711799547077242,0.00436757767856918
A2,SSEST,I,140,12,152,0.700000284834723,0.712921719365181,0.00474228043626633
A2,SSEST,I,140,13,153,0.70000017276101,0.714046674076918,0.00524870392495337
A2,SSEST,I,140,14,154,0.700000104784856,0.71517430692346,0.00587168527290051
A2,SSEST,I,147,1,148,0.700002104656262,0.70056717024797,0.00198093908427062
A2,SSEST,I,147,2,149,0.700001276539512,0.701615716162005,0.00209967915069416
A2,SSEST,I,147,3,150,0.700000774260706,0.702669571176922,0.00221972884227198
A2,SSEST,I,147,4,151,0.700000469612987,0.703728826782534,0.00233974873104377
A2,SSEST,I,147,5,152,0.700000284834723,0.704793462095693,0.00246090365445257
A2,SSEST,I,147,6,153,0.70000017276101,0.705863377094871,0.00258221175387812
A2,SSEST,I,147,7,154,0.700000104784856,0.706938416214718,0.00273028913087236
A2,SSEST,I,147,8,155,0.70000006355523,0.70801838512856,0.00309083506771745
A2,SSEST,I,147,9,156,0.700000038548197,0.709103062795439,0.00345300949156229
A2,SSEST,I,147,10,157,0.700000023380663,0.710192210207848,0.00381662510055308
A2,SSEST,I,147,11,158,0.700000014181089,0.711285576816714,0.00418169217818909
A2,SSEST,I,147,12,159,0.700000008601265,0.712382905298574,0.00454804720414748
A2,SSEST,I,147,13,160,0.700000005216931,0.7134839351221,0.00501992061116957
A2,SSEST,I,147,14,161,0.700000003164229,0.714588405232486,0.00563004253927373
A2,SSEST,I,154,1,155,0.70000006355523,0.70052892820796,0.00192161311281419
A2,SSEST,I,154,2,156,0.700000038548197,0.701513489610492,0.00203307383631558
A2,SSEST,I,154,3,157,0.700000023380663,0.702505101210898,0.00214591476596343
A2,SSEST,I,154,4,158,0.700000014181089,0.703503442927291,0.0022590471874054
A2,SSEST,I,154,5,159,0.700000008601265,0.704508186930318,0.00237332564102741
A2,SSEST,I,154,6,160,0.700000005216931,0.705519002044544,0.00248795647210224
A2,SSEST,I,154,7,161,0.700000003164229,0.706535557047443,0.00260354233594326
A2,SSEST,I,154,8,162,0.700000001919202,0.707557523149637,0.00292486949521811
A2,SSEST,I,154,9,163,0.700000001164055,0.708584575859377,0.00326779021864455
A2,SSEST,I,154,10,164,0.700000000706035,0.709616396378765,0.00361226513248186
A2,SSEST,I,154,11,165,0.700000000428232,0.71065267264039,0.00395826264295169
A2,SSEST,I,154,12,166,0.700000000259736,0.711693100065524,0.00430561940611724
A2,SSEST,I,154,13,167,0.700000000157538,0.712737382105205,0.00467656419391308
A2,SSEST,I,154,14,168,0.700000000095551,0.713785230611088,0.00525541573572246
A2,SSEST,I,161,1,162,0.700000001919202,0.700513764253182,0.00187144428964581
A2,SSEST,I,161,2,163,0.700000001164055,0.701470676600089,0.00197982173675265
A2,SSEST,I,161,3,164,0.700000000706035,0.702434050726649,0.00208941134489303
A2,SSEST,I,161,4,165,0.700000000428232,0.703403519422009,0.00219930150499873
A2,SSEST,I,161,5,166,0.700000000259736,0.704378724634635,0.00231018946301526
A2,SSEST,I,161,6,167,0.700000000157538,0.705359318065725,0.00242140807725156
A2,SSEST,I,161,7,168,0.700000000095551,0.706344961567439,0.00253345129727765
A2,SSEST,I,161,8,169,0.700000000057955,0.707335327387677,0.00284005505009411
A2,SSEST,I,161,9,170,0.700000000035151,0.708330098293916,0.00317219100526022
A2,SSEST,I,161,10,171,0.70000000002132,0.709328967601654,0.00350566350427381
A2,SSEST,I,161,11,172,0.700000000012931,0.710331639127657,0.00384043451388903
A2,SSEST,I,161,12,173,0.700000000007843,0.71133782708413,0.00417635678854461
A2,SSEST,I,161,13,174,0.700000000004757,0.7123472559267,0.00452179542278985
A2,SSEST,I,161,14,175,0.700000000002885,0.713359660166566,0.00508109422537967
A2,SSEST,I,168,1,169,0.700000000057955,0.700594962331051,0.0018289409661925
A2,SSEST,I,168,2,170,0.700000000035151,0.701703562473363,0.00195451204376923
A2,SSEST,I,168,3,171,0.70000000002132,0.702815581820728,0.00208097779003752
A2,SSEST,I,168,4,172,0.700000000012931,0.703930720181125,0.00220737540407457
A2,SSEST,I,168,5,173,0.700000000007843,0.705048688421411,0.00233446438206307
A2,SSEST,I,168,6,174,0.700000000004757,0.706169208260272,0.0024615356798854
A2,SSEST,I,168,7,175,0.700000000002885,0.707292012029655,0.0028142403759184
A2,SSEST,I,168,8,176,0.70000000000175,0.708416842412685,0.00318974944316233
A2,SSEST,I,168,9,177,0.700000000001062,0.709543452164537,0.00356589599190662
A2,SSEST,I,168,10,178,0.700000000000644,0.710671603821468,0.00394252164744068
A2,SSEST,I,168,11,179,0.700000000000391,0.711801069402257,0.00431961779007703
A2,SSEST,I,168,12,180,0.700000000000237,0.712931630105464,0.00490988392680059
A2,SSEST,I,168,13,181,0.700000000000144,0.714063076005281,0.00553489742718635
A2,SSEST,I,168,14,182,0.700000000000087,0.715195205748187,0.00616039639390231
A2,SSEST,I,175,1,176,0.70000000000175,0.700608823837627,0.00178887827723991
A2,SSEST,I,175,2,177,0.700000000001062,0.701743397448235,0.00191738695096297
A2,SSEST,I,175,3,178,0.700000000000644,0.70287998413741,0.00204659083533928
A2,SSEST,I,175,4,179,0.700000000000391,0.704018332582543,0.00217560227647909
A2,SSEST,I,175,5,180,0.700000000000237,0.705158201818596,0.00230512878123903
A2,SSEST,I,175,6,181,0.700000000000144,0.706299360876713,0.00247365300858351
A2,SSEST,I,175,7,182,0.700000000000087,0.707441588425963,0.00285500868050899
A2,SSEST,I,175,8,183,0.700000000000053,0.708584672419961,0.00323660421598852
A2,SSEST,I,175,9,184,0.700000000000032,0.709728409749768,0.00361845833267209
A2,SSEST,I,175,10,185,0.700000000000019,0.710872605904125,0.00400043192018605
A2,SSEST,I,175,11,186,0.700000000000012,0.712017074637879,0.00445720885776891
A2,SSEST,I,175,12,187,0.700000000000007,0.713161637649192,0.00508965676858348
A2,SSEST,I,175,13,188,0.700000000000004,0.714306124265999,0.00572193714671154
A2,SSEST,I,175,14,189,0.700000000000003,0.715450371142002,0.00644814716692956
A2,SSEST,I,182,1,183,0.700000000000053,0.700608660691925,0.00175141565655255
A2,SSEST,I,182,2,184,0.700000000000032,0.701742905085381,0.00187987158332903
A2,SSEST,I,182,3,185,0.700000000000019,0.702878123152983,0.00200886135805193
A2,SSEST,I,182,4,186,0.700000000000012,0.704014109462127,0.0021375803692084
A2,SSEST,I,182,5,187,0.700000000000007,0.705150667487586,0.00226667576245748
A2,SSEST,I,182,6,188,0.700000000000004,0.706287609248538,0.0024614912282887
A2,SSEST,I,182,7,189,0.700000000000003,0.707424754957512,0.00284113869214319
A2,SSEST,I,182,8,190,0.700000000000002,0.708561932681333,0.00322075454448004
A2,SSEST,I,182,9,191,0.700000000000001,0.709698978014085,0.00360036317429481
A2,SSEST,I,182,10,192,0.7,0.710835733761997,0.0039798440548155
A2,SSEST,I,182,11,193,0.7,0.711972049640121,0.00447979623365764
A2,SSEST,I,182,12,194,0.7,0.7131077819806,0.00510741899968946
A2,SSEST,I,182,13,195,0.7,0.714242793452314,0.00573452827240254
A2,SSEST,I,182,14,196,0.7,0.71537695279163,0.00651073107302908
A2,SSEST,I,189,1,190,0.700000000000002,0.700611091781009,0.00171658065613944
A2,SSEST,I,189,2,191,0.700000000000001,0.701749916468556,0.00184553132500019
A2,SSEST,I,189,3,192,0.7,0.702888784890954,0.00197487802055142
A2,SSEST,I,189,4,193,0.7,0.704027533283985,0.00210387905766584
A2,SSEST,I,189,5,194,0.7,0.705166005207681,0.00223313726783872
A2,SSEST,I,189,6,195,0.7,0.70630405122743,0.00245925353515976
A2,SSEST,I,189,7,196,0.7,0.707441528608242,0.0028390002378826
A2,SSEST,I,189,8,197,0.7,0.708578301021792,0.00321847211878312
A2,SSEST,I,189,9,198,0.7,0.709714238265838,0.00359769959478489
A2,SSEST,I,189,10,199,0.7,0.710849215995597,0.00397657765080592
A2,SSEST,I,189,11,200,0.7,0.711983115466676,0.0045305031198498
A2,SSEST,I,189,12,201,0.7,0.713115823289131,0.00515651035303373
A2,SSEST,I,189,13,202,0.7,0.714247231192248,0.00578169146112508
A2,SSEST,I,189,14,203,0.7,0.715377235799639,0.00662289496428352
A2,SSEST,I,196,1,197,0.7,0.700609858909917,0.00168370843211638
A2,SSEST,I,196,2,198,0.7,0.701746450392933,0.00181237836238315
A2,SSEST,I,196,3,199,0.7,0.702882360344239,0.00194133295432328
A2,SSEST,I,196,4,200,0.7,0.704017460063389,0.00206988740272012
A2,SSEST,I,196,5,201,0.7,0.70515162672893,0.00219860371254365
A2,SSEST,I,196,6,202,0.7,0.706284743133791,0.00244560550356973
A2,SSEST,I,196,7,203,0.7,0.707416697432635,0.00282349714693229
A2,SSEST,I,196,8,204,0.7,0.708547382900651,0.00320092839095335
A2,SSEST,I,196,9,205,0.7,0.709676697703325,0.00357793410747265
A2,SSEST,I,196,10,206,0.7,0.710804544676719,0.00395442260141574
A2,SSEST,I,196,11,207,0.7,0.711930831117807,0.00454323782123752
A2,SSEST,I,196,12,208,0.7,0.713055468584427,0.00516483951731874
A2,SSEST,I,196,13,209,0.7,0.714178372704437,0.0058035302380218
A2,SSEST,I,196,14,210,0.7,0.715299462993654,0.00666749135063511
A2,SSEST,I,203,1,204,0.7,0.700605006705292,0.00165254808463159
A2,SSEST,I,203,2,205,0.7,0.701732621200951,0.00178017241012576
A2,SSEST,I,203,3,206,0.7,0.702859015730533,0.0019079933265563
A2,SSEST,I,203,4,207,0.7,0.703984090132329,0.0020353787371123
A2,SSEST,I,203,5,208,0.7,0.705107748894122,0.00216285179684949
A2,SSEST,I,203,6,209,0.7,0.706229900940205,0.00242056455533509
A2,SSEST,I,203,7,210,0.7,0.707350459428434,0.00279464114526795
A2,SSEST,I,203,8,211,0.7,0.708469341556871,0.00316812385381797
A2,SSEST,I,203,9,212,0.7,0.70958646837956,0.00354105039828438
A2,SSEST,I,203,10,213,0.7,0.710701764631008,0.00391334047072119
A2,SSEST,I,203,11,214,0.7,0.711815158558976,0.00451827504739105
A2,SSEST,I,203,12,215,0.7,0.712926581765173,0.00513262540510819
A2,SSEST,I,203,13,216,0.7,0.714035969053489,0.00579150115635444
A2,SSEST,I,203,14,217,0.7,0.715143258285409,0.006644960020016
A2,SSEST,I,210,1,211,0.7,0.700597153365674,0.00162291032166026
A2,SSEST,I,210,2,212,0.7,0.701710195759432,0.00174885581662555
A2,SSEST,I,210,3,213,0.7,0.702821634575153,0.00187492928188999
A2,SSEST,I,210,4,214,0.7,0.70393139247076,0.0020005474732018
A2,SSEST,I,210,5,215,0.7,0.705039395743222,0.00212619664018154
A2,SSEST,I,210,6,216,0.7,0.706145574160334,0.00238609400912562
A2,SSEST,I,210,7,217,0.7,0.707249860800618,0.00275472848110428
A2,SSEST,I,210,8,218,0.7,0.708352191900957,0.00312267832513302
A2,SSEST,I,210,9,219,0.7,0.709452506711578,0.00348998276928776
A2,SSEST,I,210,10,220,0.7,0.710550747358029,0.00385657120370407
A2,SSEST,I,210,11,221,0.7,0.711646858709795,0.00446187153679281
A2,SSEST,I,210,12,222,0.7,0.712740788255257,0.00506660169906585
A2,SSEST,I,210,13,223,0.7,0.71383248598264,0.00572649418998773
A2,SSEST,I,210,14,224,0.7,0.714921904266701,0.00656630473437311
A2,SSEST,I,217,1,218,0.7,0.70058547570835,0.00159460427869086
A2,SSEST,I,217,2,219,0.7,0.701676783413786,0.00171806179624465
A2,SSEST,I,217,3,220,0.7,0.702766245068781,0.00184159547073806
A2,SSEST,I,217,4,221,0.7,0.70385380130023,0.00196466907503007
A2,SSEST,I,217,5,222,0.7,0.70493939556154,0.00208773236076337
A2,SSEST,I,217,6,223,0.7,0.706022974001491,0.00233923936665619
A2,SSEST,I,217,7,224,0.7,0.707104485339518,0.00270026154916608
A2,SSEST,I,217,8,225,0.7,0.708183880747077,0.00306054799518928
A2,SSEST,I,217,9,226,0.7,0.70926111373481,0.0034201381712349
A2,SSEST,I,217,10,227,0.7,0.710336140045202,0.00377896988477743
A2,SSEST,I,217,11,228,0.7,0.711408917550466,0.00436473053489049
A2,SSEST,I,217,12,229,0.7,0.712479406155383,0.00495654869698334
A2,SSEST,I,217,13,230,0.7,0.713547567704866,0.00559308539216808
A2,SSEST,I,217,14,231,0.7,0.714613365895987,0.00641480495534324
A2,SSEST,I,224,1,225,0.7,0.700573576431067,0.00156765976211378
A2,SSEST,I,224,2,226,0.7,0.701642757021874,0.00168858625302539
A2,SSEST,I,224,3,227,0.7,0.702709928661737,0.00180954880608168
A2,SSEST,I,224,4,228,0.7,0.703775046032557,0.00193005287018158
A2,SSEST,I,224,5,229,0.7,0.704838066000162,0.00205051541563662
A2,SSEST,I,224,6,230,0.7,0.70589894751296,0.00229221702683299
A2,SSEST,I,224,7,231,0.7,0.70695765150558,0.00264561703691404
A2,SSEST,I,224,8,232,0.7,0.70801414080726,0.0029982505272571
A2,SSEST,I,224,9,233,0.7,0.709068380054731,0.00335015662691514
A2,SSEST,I,224,10,234,0.7,0.710120335609373,0.00370128016046045
A2,SSEST,I,224,11,235,0.7,0.711169975478422,0.00426526894151317
A2,SSEST,I,224,12,236,0.7,0.712217269240032,0.00484430743267781
A2,SSEST,I,224,13,237,0.7,0.713262187971988,0.00545487936156672
A2,SSEST,I,224,14,238,0.7,0.714304704183877,0.00625875891776173
A2,SSEST,I,231,1,232,0.7,0.700582126363334,0.00154260769610989
A2,SSEST,I,231,2,233,0.7,0.701667789661396,0.00166536605539558
A2,SSEST,I,231,3,234,0.7,0.702751119014862,0.00178811703921635
A2,SSEST,I,231,4,235,0.7,0.703832080413201,0.00191037947064276
A2,SSEST,I,231,5,236,0.7,0.704910641529805,0.0020325617187692
A2,SSEST,I,231,6,237,0.7,0.705986771644011,0.0023158162979325
A2,SSEST,I,231,7,238,0.7,0.707060441566991,0.00267420320713051
A2,SSEST,I,231,8,239,0.7,0.708131623571334,0.00303173291942864
A2,SSEST,I,231,9,240,0.7,0.7092002913241,0.00338844665541915
A2,SSEST,I,231,10,241,0.7,0.710266419823194,0.00379893322288718
A2,SSEST,I,231,11,242,0.7,0.711329985336867,0.00438692885519348
A2,SSEST,I,231,12,243,0.7,0.712390965346197,0.0049735809279191
A2,SSEST,I,231,13,244,0.7,0.713449338490389,0.00568240864919104
A2,SSEST,I,231,14,245,0.7,0.714505084514757,0.00649660662650449
A2,SSEST,I,238,1,239,0.7,0.700572924481593,0.00151816909581922
A2,SSEST,I,238,2,240,0.7,0.701641583809935,0.00163897753147351
A2,SSEST,I,238,3,241,0.7,0.702707833858408,0.00175975351434508
A2,SSEST,I,238,4,242,0.7,0.703771648966498,0.00188004755355732
A2,SSEST,I,238,5,243,0.7,0.704833004770187,0.00200024260738455
A2,SSEST,I,238,6,244,0.7,0.705891878142254,0.0022790069159557
A2,SSEST,I,238,7,245,0.7,0.706948247135555,0.00263161079158287
A2,SSEST,I,238,8,246,0.7,0.708002090929114,0.00298334670945672
A2,SSEST,I,238,9,247,0.7,0.709053389776898,0.00333425498168056
A2,SSEST,I,238,10,248,0.7,0.710102124959117,0.00373790408119498
A2,SSEST,I,238,11,249,0.7,0.711148278735932,0.00431631794225168
A2,SSEST,I,238,12,250,0.7,0.712191834303437,0.00489337602067488
A2,SSEST,I,238,13,251,0.7,0.713232775751806,0.00559025105644691
A2,SSEST,I,238,14,252,0.7,0.714271088025481,0.00639110623836737
A2,SSEST,I,245,1,246,0.7,0.700565018698073,0.00149484338159963
A2,SSEST,I,245,2,247,0.7,0.701619125954109,0.00161398032185641
A2,SSEST,I,245,3,248,0.7,0.702670772805914,0.00173306472350676
A2,SSEST,I,245,4,249,0.7,0.703719940010183,0.00185167440761572
A2,SSEST,I,245,5,250,0.7,0.704766609321385,0.00197017028051258
A2,SSEST,I,245,6,251,0.7,0.705810763446203,0.00224701145313617
A2,SSEST,I,245,7,252,0.7,0.706852386000256,0.00259468553290741
A2,SSEST,I,245,8,253,0.7,0.707891461466965,0.0029414858039114
A2,SSEST,I,245,9,254,0.7,0.708927975158464,0.00328745158749978
A2,SSEST,I,245,10,255,0.7,0.709961913178442,0.00368896156492672
A2,SSEST,I,245,11,256,0.7,0.710993262386814,0.00425923204989625
A2,SSEST,I,245,12,257,0.7,0.712022010366138,0.00482814059482349
A2,SSEST,I,245,13,258,0.7,0.713048145389668,0.00551962236378818
A2,SSEST,I,245,14,259,0.7,0.714071656390976,0.00630915853563409
A2,SSEST,I,252,1,253,0.7,0.700555938211606,0.00147247318824138
A2,SSEST,I,252,2,254,0.7,0.70159327382833,0.00158968957298617
A2,SSEST,I,252,3,255,0.7,0.702628139817759,0.00170683863781535
A2,SSEST,I,252,4,256,0.7,0.703660521820544,0.00182352433293061
A2,SSEST,I,252,5,257,0.7,0.704690406245143,0.00194008616027518
A2,SSEST,I,252,6,258,0.7,0.705717780233153,0.00221129625099542
A2,SSEST,I,252,7,259,0.7,0.70674263162638,0.00255336529198377
A2,SSEST,I,252,8,260,0.7,0.707764948935537,0.00289456627770241
A2,SSEST,I,252,9,261,0.7,0.708784721310491,0.00323493720567961
A2,SSEST,I,252,10,262,0.7,0.709801938511984,0.00362770289321972
A2,SSEST,I,252,11,263,0.7,0.710816590884739,0.00418878057037806
A2,SSEST,I,252,12,264,0.7,0.71182866933189,0.00474850699544955
A2,SSEST,I,252,13,265,0.7,0.71283816529066,0.00542594679175588
A2,SSEST,I,252,14,266,0.7,0.713845070709229,0.00620276474287185
A2,SSEST,I,259,1,260,0.7,0.70054683882139,0.00145102757614871
A2,SSEST,I,259,2,261,0.7,0.701567361921402,0.00156632036867249
A2,SSEST,I,259,3,262,0.7,0.702585428612937,0.0016815346931582
A2,SSEST,I,259,4,263,0.7,0.703601028249825,0.00179629847913513
A2,SSEST,I,259,5,264,0.7,0.704614150777357,0.00191093140892431
A2,SSEST,I,259,6,265,0.7,0.705624786705976,0.00217578346470362
A2,SSEST,I,259,7,266,0.7,0.706632927086255,0.00251226807855807
A2,SSEST,I,259,8,267,0.7,0.707638563485131,0.00284789599187262
A2,SSEST,I,259,9,268,0.7,0.7086416879633,0.00318270376487722
A2,SSEST,I,259,10,269,0.7,0.709642293053734,0.00356544338738758
A2,SSEST,I,259,11,270,0.7,0.710640371741238,0.00411739344752949
A2,SSEST,I,259,12,271,0.7,0.711635917443022,0.0046680107954717
A2,SSEST,I,259,13,272,0.7,0.712628923990209,0.00532986151237322
A2,SSEST,I,259,14,273,0.7,0.713619385610244,0.00609407945211995
A2,SSEST,I,266,1,267,0.7,0.700536755385138,0.00143040335307474
A2,SSEST,I,266,2,268,0.7,0.701538599884431,0.00154356346148469
A2,SSEST,I,266,3,269,0.7,0.702538027721292,0.00165663749268781
A2,SSEST,I,266,4,270,0.7,0.703535031056593,0.00176927626832127
A2,SSEST,I,266,5,271,0.7,0.704529602507308,0.00188178036262319
A2,SSEST,I,266,6,272,0.7,0.705521735126576,0.0021371207491245
A2,SSEST,I,266,7,273,0.7,0.706511422384738,0.00246744000454048
A2,SSEST,I,266,8,274,0.7,0.70749865815132,0.00279692134078809
A2,SSEST,I,266,9,275,0.7,0.708483436677899,0.00312559972148793
A2,SSEST,I,266,10,276,0.7,0.709465752581801,0.00349264806036718
A2,SSEST,I,266,11,277,0.7,0.710445600830604,0.00403455141306496
A2,SSEST,I,266,12,278,0.7,0.711422976727386,0.0045751515923774
A2,SSEST,I,266,13,279,0.7,0.712397875896698,0.005213949711718
A2,SSEST,I,266,14,280,0.7,0.713370294271205,0.00596432682475921
A2,SSEST,I,273,1,274,0.7,0.700528760134567,0.00141066133257498
A2,SSEST,I,273,2,275,0.7,0.701515861249911,0.00152213436576862
A2,SSEST,I,273,3,276,0.7,0.702500577341988,0.00163351464096311
A2,SSEST,I,273,4,277,0.7,0.703482902704169,0.0017444723555596
A2,SSEST,I,273,5,278,0.7,0.704462831983217,0.00185529188599676
A2,SSEST,I,273,6,279,0.7,0.705440360164174,0.00210583639872692
A2,SSEST,I,273,7,280,0.7,0.706415482556001,0.00243128848397125
A2,SSEST,I,273,8,281,0.7,0.707388194777915,0.00275591750563319
A2,SSEST,I,273,9,282,0.7,0.708358492746396,0.00307975702533205
A2,SSEST,I,273,10,283,0.7,0.70932637266283,0.00343957999708948
A2,SSEST,I,273,11,284,0.7,0.710291831001744,0.00397355829085217
A2,SSEST,I,273,12,285,0.7,0.711254864499618,0.00450625634036535
A2,SSEST,I,273,13,286,0.7,0.712215470144229,0.00513348851927842
A2,SSEST,I,273,14,287,0.7,0.713173645164515,0.00587295205859836
A2,SSEST,I,280,1,281,0.7,0.700520471320437,0.00139167936856902
A2,SSEST,I,280,2,282,0.7,0.701492260602529,0.00150140261702067
A2,SSEST,I,280,3,283,0.7,0.702461709013429,0.0016110283489406
A2,SSEST,I,280,4,284,0.7,0.703428812448436,0.00172024514068982
A2,SSEST,I,280,5,285,0.7,0.704393567077823,0.00182932189646112
A2,SSEST,I,280,6,286,0.7,0.705355969335394,0.00207372137721398
A2,SSEST,I,280,7,287,0.7,0.706316015907607,0.00239413618380448
A2,SSEST,I,280,8,288,0.7,0.707273703723219,0.00271374610377732
A2,SSEST,I,280,9,289,0.7,0.708229029943437,0.00303258324064297
A2,SSEST,I,280,10,290,0.7,0.709181991952548,0.00338273243049404
A2,SSEST,I,280,11,291,0.7,0.710132587348992,0.0039085217075646
A2,SSEST,I,280,12,292,0.7,0.711080813936875,0.0044330585087632
A2,SSEST,I,280,13,293,0.7,0.712026669717878,0.00504554104445866
A2,SSEST,I,280,14,294,0.7,0.712970152883553,0.00577373941530708
A2,SSEST,I,287,1,288,0.7,0.700511812187306,0.00137339110191547
A2,SSEST,I,287,2,289,0.7,0.701467577957471,0.00148128559612412
A2,SSEST,I,287,3,290,0.7,0.702421057487618,0.00158907952036129
A2,SSEST,I,287,4,291,0.7,0.703372247872706,0.00169647881971452
A2,SSEST,I,287,5,292,0.7,0.704321146422671,0.00180373769398722
A2,SSEST,I,287,6,293,0.7,0.705267750653767,0.00204049189970666
A2,SSEST,I,287,7,294,0.7,0.706212058280322,0.0023556485183014
A2,SSEST,I,287,8,295,0.7,0.707154067206898,0.00267002126238929
A2,SSEST,I,287,9,296,0.7,0.708093775520828,0.00298364076040766
A2,SSEST,I,287,10,297,0.7,0.709031181485106,0.00332138767685966
A2,SSEST,I,287,11,298,0.7,0.709966283531624,0.00383863701580362
A2,SSEST,I,287,12,299,0.7,0.710899080254723,0.00435466590868327
A2,SSEST,I,287,13,300,0.7,0.711829570405051,0.00494882038263347
A2,SSEST,I,287,14,301,0.7,0.712757752883715,0.00566527850628283
A2,SSEST,I,294,1,295,0.7,0.700503338856177,0.0013557778154949
A2,SSEST,I,294,2,296,0.7,0.701443419217193,0.00146188298431689
A2,SSEST,I,294,3,297,0.7,0.702381271185314,0.00156788556712184
A2,SSEST,I,294,4,298,0.7,0.703316892752465,0.00167350758835704
A2,SSEST,I,294,5,299,0.7,0.704250282079763,0.00177898958327499
A2,SSEST,I,294,6,300,0.7,0.705181437490949,0.00200804336242262
A2,SSEST,I,294,7,301,0.7,0.706110357466154,0.00231805941347514
A2,SSEST,I,294,8,302,0.7,0.707037040635951,0.00262731314679786
A2,SSEST,I,294,9,303,0.7,0.707961485775694,0.00293583376218073
A2,SSEST,I,294,10,304,0.7,0.708883691800128,0.00326104312456583
A2,SSEST,I,294,11,305,0.7,0.70980365775825,0.00376994807875005
A2,SSEST,I,294,12,306,0.7,0.710721382828411,0.00427766535309433
A2,SSEST,I,294,13,307,0.7,0.711636866313655,0.0048533845460211
A2,SSEST,I,294,14,308,0.7,0.712550107637259,0.00555837522421592
A2,SSEST,I,301,1,302,0.7,0.700495021002251,0.00133880012970868
A2,SSEST,I,301,2,303,0.7,0.701419696438194,0.00144314883399155
A2,SSEST,I,301,3,304,0.7,0.702342203414392,0.00154739376433031
A2,SSEST,I,301,4,305,0.7,0.703262540590518,0.00165127189438387
A2,SSEST,I,301,5,306,0.7,0.70418070676044,0.0017550110135019
A2,SSEST,I,301,6,307,0.7,0.705096700847254,0.00197625791836325
A2,SSEST,I,301,7,308,0.7,0.706010521898548,0.0022812301145052
A2,SSEST,I,301,8,309,0.7,0.706922169081895,0.00258546183723691
A2,SSEST,I,301,9,310,0.7,0.707831641680553,0.002888980908199
A2,SSEST,I,301,10,311,0.7,0.70873893908937,0.00320142169328104
A2,SSEST,I,301,11,312,0.7,0.709644060810876,0.00370214177578128
A2,SSEST,I,301,12,313,0.7,0.710547006451565,0.0042017073358136
A2,SSEST,I,301,13,314,0.7,0.711447775718331,0.00475874594573214
A2,SSEST,I,301,14,315,0.7,0.712346368415091,0.00545249056589883
A2,SSEST,I,308,1,309,0.7,0.700485344932124,0.00132235668593593
A2,SSEST,I,308,2,310,0.7,0.701392035525912,0.0014246591384301
A2,SSEST,I,308,3,311,0.7,0.702296632090856,0.00152685833956586
A2,SSEST,I,308,4,312,0.7,0.703199133774133,0.00162870606090663
A2,SSEST,I,308,5,313,0.7,0.704099539829881,0.00173041741116442
A2,SSEST,I,308,6,314,0.7,0.704997849615429,0.00193991421816993
A2,SSEST,I,308,7,315,0.7,0.705894062587711,0.00223900554029102
A2,SSEST,I,308,8,316,0.7,0.706788178299842,0.00253738279479817
A2,SSEST,I,308,9,317,0.7,0.707680196397861,0.00283507237426404
A2,SSEST,I,308,10,318,0.7,0.708570116617613,0.00313205117644828
A2,SSEST,I,308,11,319,0.7,0.709457938781784,0.00361877804299696
A2,SSEST,I,308,12,320,0.7,0.710343662797064,0.00410883879287604
A2,SSEST,I,308,13,321,0.7,0.711227288651447,0.00463765251295265
A2,SSEST,I,308,14,322,0.7,0.712108816411642,0.00531828078781975
A2,SSEST,I,315,1,316,0.7,0.700476007145422,0.00130648783055076
A2,SSEST,I,315,2,317,0.7,0.701365338698046,0.0014068157823042
A2,SSEST,I,315,3,318,0.7,0.702252648779664,0.00150704138457786
A2,SSEST,I,315,4,319,0.7,0.703137936895983,0.00160693008737624
A2,SSEST,I,315,5,320,0.7,0.704021202638761,0.00170668525521026
A2,SSEST,I,315,6,321,0.7,0.704902445682949,0.00190483984039304
A2,SSEST,I,315,7,322,0.7,0.705781665783967,0.00219825593204518
A2,SSEST,I,315,8,323,0.7,0.706658862775102,0.00249098347944666
A2,SSEST,I,315,9,324,0.7,0.70753403656503,0.00278304752695364
A2,SSEST,I,315,10,325,0.7,0.708407187135443,0.00307442629592145
A2,SSEST,I,315,11,326,0.7,0.709278314538789,0.00353831939168412
A2,SSEST,I,315,12,327,0.7,0.710147418896111,0.00401920674073868
A2,SSEST,I,315,13,328,0.7,0.711014500394981,0.00452076921227987
A2,SSEST,I,315,14,329,0.7,0.711879559287526,0.00518873721621943
A2,SSEST,I,322,1,323,0.7,0.700467001001369,0.00129116198195338
A2,SSEST,I,322,2,324,0.7,0.701339587297487,0.00138958574433124
A2,SSEST,I,322,3,325,0.7,0.702210222375261,0.00148790833643084
A2,SSEST,I,322,4,326,0.7,0.703078906002195,0.00158590786990319
A2,SSEST,I,322,5,327,0.7,0.703945638015745,0.00168377682028886
A2,SSEST,I,322,6,328,0.7,0.704810418321153,0.00187100427563372
A2,SSEST,I,322,7,329,0.7,0.705673246889367,0.00215894612483959
A2,SSEST,I,322,8,330,0.7,0.70653412375506,0.00244622398094326
A2,SSEST,I,322,9,331,0.7,0.707393049014741,0.00273286161939573
A2,SSEST,I,322,10,332,0.7,0.708250022824944,0.00301883847164592
A2,SSEST,I,322,11,333,0.7,0.709105045400497,0.00346072672869762
A2,SSEST,I,322,12,334,0.7,0.709958117012873,0.00393276388630892
A2,SSEST,I,322,13,335,0.7,0.710809237988607,0.00440806287218562
A2,SSEST,I,322,14,336,0.7,0.711658408707784,0.00506381513517115
A2,SSEST,I,329,1,330,0.7,0.70045831345542,0.00127634959121548
A2,SSEST,I,329,2,331,0.7,0.701314744211722,0.00137293668265922
A2,SSEST,I,329,3,332,0.7,0.702169291466095,0.00146942398522489
A2,SSEST,I,329,4,333,0.7,0.703021955175465,0.00156560134962633
A2,SSEST,I,329,5,334,0.7,0.703872735354273,0.00166165114192645
A2,SSEST,I,329,6,335,0.7,0.704721632072816,0.00183835603211274
A2,SSEST,I,329,7,336,0.7,0.705568645455666,0.0021210162621934
A2,SSEST,I,329,8,337,0.7,0.706413775680152,0.00240303604304093
A2,SSEST,I,329,9,338,0.7,0.707257022974913,0.00268443795757438
A2,SSEST,I,329,10,339,0.7,0.708098387618513,0.00296520254789294
A2,SSEST,I,329,11,340,0.7,0.708937869938111,0.00338589170890189
A2,SSEST,I,329,12,341,0.7,0.709775470308199,0.00384938794305335
A2,SSEST,I,329,13,342,0.7,0.710611189149379,0.0043118083956547
A2,SSEST,I,329,14,343,0.7,0.711445026927203,0.00494334549333392
A2,SSEST,I,336,1,337,0.7,0.70044993104358,0.00126202319816331
A2,SSEST,I,336,2,338,0.7,0.701290771139161,0.0013568382632848
A2,SSEST,I,336,3,339,0.7,0.702129792792008,0.00145155506564659
A2,SSEST,I,336,4,340,0.7,0.702966996094472,0.00154597435634126
A2,SSEST,I,336,5,341,0.7,0.703802381186758,0.00164026910327118
A2,SSEST,I,336,6,342,0.7,0.704635948255655,0.00180684302361101
A2,SSEST,I,336,7,343,0.7,0.70546769753332,0.00208440580321404
A2,SSEST,I,336,8,344,0.7,0.706297629296116,0.00236135066223784
A2,SSEST,I,336,9,345,0.7,0.707125743863499,0.0026376990638897
A2,SSEST,I,336,10,346,0.7,0.707952041596952,0.00291343257321701
A2,SSEST,I,336,11,347,0.7,0.708776522898963,0.00331370110730901
A2,SSEST,I,336,12,348,0.7,0.709599188212045,0.00376895178574631
A2,SSEST,I,336,13,349,0.7,0.710420038017797,0.00422316489879127
A2,SSEST,I,336,14,350,0.7,0.711239072836004,0.0048271496434435
A2,SSEST,I,343,1,344,0.7,0.700441840615581,0.00124815733117903
A2,SSEST,I,343,2,345,0.7,0.701267630677566,0.00134126221241147
A2,SSEST,I,343,3,346,0.7,0.702091664653892,0.00143427045755228
A2,SSEST,I,343,4,347,0.7,0.702913942732179,0.00152699295402176
A2,SSEST,I,343,5,348,0.7,0.703734465140349,0.00161959392168166
A2,SSEST,I,343,6,349,0.7,0.704553232145656,0.0017764149251252
A2,SSEST,I,343,7,350,0.7,0.705370244053742,0.00204905627816555
A2,SSEST,I,343,8,351,0.7,0.706185501207748,0.00232110123414562
A2,SSEST,I,343,9,352,0.7,0.706999003987447,0.00259257020550971
A2,SSEST,I,343,10,353,0.7,0.707810752808426,0.00286344570240864
A2,SSEST,I,343,11,354,0.7,0.708620748121287,0.00324404419993858
A2,SSEST,I,343,12,355,0.7,0.709428990410895,0.00369133142573995
A2,SSEST,I,343,13,356,0.7,0.71023548019564,0.0041376175200125
A2,SSEST,I,343,14,357,0.7,0.711040218026743,0.0047150523442232
A2,SSEST,I,350,1,351,0.7,0.700434028966151,0.00123472824701765
A2,SSEST,I,350,2,352,0.7,0.701245285264135,0.00132618197797214
A2,SSEST,I,350,3,353,0.7,0.702054845144468,0.00141754076639715
A2,SSEST,I,350,4,354,0.7,0.702862708860275,0.00150862493885733
A2,SSEST,I,350,5,355,0.7,0.703668876699049,0.00159959056202269
A2,SSEST,I,350,6,356,0.7,0.704473348981892,0.0017470217905743
A2,SSEST,I,350,7,357,0.7,0.705276126062795,0.00201490964857381
A2,SSEST,I,350,8,358,0.7,0.706077208327938,0.00228222165168554
A2,SSEST,I,350,9,359,0.7,0.706876596195023,0.00254897722650546
A2,SSEST,I,350,10,360,0.7,0.707674290112632,0.00281515975880635
A2,SSEST,I,350,11,361,0.7,0.708470290559613,0.00317680863177294
A2,SSEST,I,350,12,362,0.7,0.709264598044478,0.00361640142123281
A2,SSEST,I,350,13,363,0.7,0.710057213104841,0.00405502779365014
A2,SSEST,I,350,14,364,0.7,0.71084813630686,0.00460687437071358
A3,ARX,I,49,1,50,1.09716515595028,1.09773848380136,0.000301921351883361
A3,ARX,I,49,2,51,1.131911791421,1.13377627789024,0.00158172081572559
A3,ARX,I,49,3,52,1.1673808365351,1.17140610292023,0.00373033645128885
A3,ARX,I,49,4,53,1.2034007320129,1.21061410073865,0.00690546577978824
A3,ARX,I,49,5,54,1.2397836577668,1.25137333592718,0.0112679693511155
A3,ARX,I,49,6,55,1.27632682519514,1.29364190265648,0.016978709090262
A3,ARX,I,49,7,56,1.31281408089058,1.33736088973908,0.0241949099013848
A3,ARX,I,49,8,57,1.34901781099478,1.38245220698986,0.033066081762387
A3,ARX,I,49,9,58,1.38470112835164,1.42881627768379,0.0437295248728702
A3,ARX,I,49,10,59,1.4196203175717,1.47632960333544,0.0563054488711409
A3,ARX,I,49,11,60,1.45352750631936,1.52484220803582,0.0708917449221443
A3,ARX,I,49,12,61,1.4861735247717,1.57417496997599,0.0875584562023169
A3,ARX,I,49,13,62,1.5173109094711,1.62411684737606,0.106341997584228
A3,ARX,I,49,14,63,1.54669700289137,1.67442200468397,0.127239178826411
A3,ARX,I,56,1,57,1.34901781099478,1.34950313478193,0.000178327323372043
A3,ARX,I,56,2,58,1.38470112835164,1.3861999803401,0.00109572407783582
A3,ARX,I,56,3,59,1.4196203175717,1.42268810714285,0.0026517793622573
A3,ARX,I,56,4,60,1.45352750631936,1.45873033113136,0.00477377903818812
A3,ARX,I,56,5,61,1.4861735247717,1.49406909565426,0.00745339351279348
A3,ARX,I,56,6,62,1.5173109094711,1.52842711650122,0.0106608629853247
A3,ARX,I,56,7,63,1.54669700289137,1.56150840189314,0.0143429167642906
A3,ARX,I,56,8,64,1.57409709612835,1.59299967524561,0.0184210520068301
A3,ARX,I,56,9,65,1.59928755935892,1.62257222533978,0.0227902519129411
A3,ARX,I,56,10,66,1.62205890320497,1.64988420581643,0.027318222231737
A3,ARX,I,56,11,67,1.64221871397501,1.67458340423153,0.0318452234703459
A3,ARX,I,56,12,68,1.65959440698018,1.69631050086928,0.036184574987634
A3,ARX,I,56,13,69,1.6740357447402,1.71470283960187,0.0401239067017877
A3,ARX,I,56,14,70,1.68541707086717,1.7293987375639,0.0434272347256423
A3,ARX,I,63,1,64,1.57409709612835,1.57409374215931,8.14861910681943e-05
A3,ARX,I,63,2,65,1.59928755935892,1.59917944423033,9.47973055773149e-05
A3,ARX,I,63,3,66,1.62205890320497,1.62162451550194,0.000162686602863227
A3,ARX,I,63,4,67,1.64221871397501,1.64109810026911,0.000648376460727704
A3,ARX,I,63,5,68,1.65959440698018,1.65727233242247,0.00184205237425162
A3,ARX,I,63,6,69,1.6740357447402,1.66982701951351,0.0037215137028155
A3,ARX,I,63,7,70,1.68541707086717,1.67845474453615,0.00646857204962446
A3,ARX,I,63,8,71,1.69363921566415,1.68286636851901,0.0102732454162638
A3,ARX,I,63,9,72,1.69863103587811,1.6827969133543,0.015329416992317
A3,ARX,I,63,10,73,1.70035055844617,1.67801179694771,0.0218297467337557
A3,ARX,I,63,11,74,1.69878570627929,1.66831337876839,0.029959855735827
A3,ARX,I,63,12,75,1.69395459292062,1.65354774971676,0.0398918361694771
A3,ARX,I,63,13,76,1.68590538205909,1.63361166242224,0.0517771862216845
A3,ARX,I,63,14,77,1.67471571712173,1.60845944399543,0.065739332465547
A3,ARX,I,70,1,71,1.69363921566415,1.69288167211561,0.000313169218638277
A3,ARX,I,70,2,72,1.69863103587811,1.69615459816817,0.00199930544301145
A3,ARX,I,70,3,73,1.70035055844617,1.69498178830009,0.00488833046949656
A3,ARX,I,70,4,74,1.69878570627929,1.68913799570862,0.00916470763298025
A3,ARX,I,70,5,75,1.69395459292062,1.67843302174022,0.0150367766881697
A3,ARX,I,70,6,76,1.68590538205909,1.66271826475884,0.0227013377363721
A3,ARX,I,70,7,77,1.67471571712173,1.64189349947008,0.032336307186717
A3,ARX,I,70,8,78,1.66049173525736,1.61591374549457,0.044092869188436
A3,ARX,I,70,9,79,1.64336668870719,1.58479600819569,0.058087361558967
A3,ARX,I,70,10,80,1.62349920459827,1.54862558290771,0.0743932347840755
A3,ARX,I,70,11,81,1.60107122137404,1.50756151343258,0.0930335299256294
A3,ARX,I,70,12,82,1.57628564620134,1.46184070052277,0.113974422636866
A3,ARX,I,70,13,83,1.54936378260769,1.41178008535336,0.137120456592794
A3,ARX,I,70,14,84,1.520542581185,1.35777630995881,0.162312117142566
A3,ARX,I,77,1,78,1.66049173525736,1.65904384167433,0.000882265821943361
A3,ARX,I,77,2,79,1.64336668870719,1.63880117196106,0.00400153540557331
A3,ARX,I,77,3,80,1.62349920459827,1.61394526991256,0.00899257695660009
A3,ARX,I,77,4,81,1.60107122137404,1.58448219530968,0.0160312539308118
A3,ARX,I,77,5,82,1.57628564620134,1.55047190066655,0.0252605912406066
A3,ARX,I,77,6,83,1.54936378260769,1.51203319159353,0.0367831857380954
A3,ARX,I,77,7,84,1.520542581185,1.46934787004154,0.0506543132339817
A3,ARX,I,77,8,85,1.49007176836835,1.42266360579468,0.0668761802269318
A3,ARX,I,77,9,86,1.45821090902455,1.37229503960706,0.0853938719725194
A3,ARX,I,77,10,87,1.42522645787431,1.31862262787344,0.106093542295488
A3,ARX,I,77,11,88,1.39138885267405,1.26208880970906,0.128803318659437
A3,ARX,I,77,12,89,1.35696969869133,1.20319122184722,0.153297249221537
A3,ARX,I,77,13,90,1.32223908944989,1.14247290240322,0.17930239917456
A3,ARX,I,77,14,91,1.28746310315571,1.08050969435689,0.206508928458739
A3,ARX,I,84,1,85,1.49007176836835,1.48836476012288,0.00103243641570762
A3,ARX,I,84,2,86,1.45821090902455,1.4529461061396,0.00459999833049277
A3,ARX,I,84,3,87,1.42522645787431,1.41444991141156,0.0101229564596547
A3,ARX,I,84,4,88,1.39138885267405,1.37307845950454,0.0176692781367771
A3,ARX,I,84,5,89,1.35696969869133,1.32907285091005,0.0272695425244197
A3,ARX,I,84,6,90,1.32223908944989,1.28271165446753,0.0389153437857739
A3,ARX,I,84,7,91,1.28746310315571,1.23430822196827,0.0525594607395854
A3,ARX,I,84,8,92,1.2529015078321,1.18420657271156,0.068117664450985
A3,ARX,I,84,9,93,1.2188057011947,1.13277584907077,0.0854721905041949
A3,ARX,I,84,10,94,1.18541690390552,1.08040345586462,0.104476783655794
A3,ARX,I,84,11,95,1.1529646172836,1.02748711391731,0.124963097151833
A3,ARX,I,84,12,96,1.12166534904193,0.97442616716941,0.146748111924
A3,ARX,I,84,13,97,1.09172160338137,0.92161256800324,0.169642147546591
A3,ARX,I,84,14,98,1.06332112500423,0.869422014134307,0.193456980536133
A3,ARX,I,91,1,92,1.2529015078321,1.25128421285103,0.000915963109960185
A3,ARX,I,91,2,93,1.2188057011947,1.21388029882631,0.00424128410216186
A3,ARX,I,91,3,94,1.18541690390552,1.17544828105995,0.00930292016578792
A3,ARX,I,91,4,95,1.1529646172836,1.13619359397047,0.0161245595804376
A3,ARX,I,91,5,96,1.12166534904193,1.09632763979592,0.0247112468791437
A3,ARX,I,91,6,97,1.09172160338137,1.0560649660907,0.0350508577231562
A3,ARX,I,91,7,98,1.06332112500423,1.01562024767844,0.0471163604405853
A3,ARX,I,91,8,99,1.03663638049503,0.975205171440649,0.0608684137870773
A3,ARX,I,91,9,100,1.01182425521157,0.935025334404803,0.0762581685793702
A3,ARX,I,91,10,101,0.989025939465599,0.895277270240821,0.0932301316435892
A3,ARX,I,91,11,102,0.968366974448647,0.856145715770444,0.111724950535203
A3,ARX,I,91,12,103,0.949957426141047,0.817801217615142,0.131681986641472
A3,ARX,I,91,13,104,0.933892154364197,0.780398160700757,0.153041561570926
A3,ARX,I,91,14,105,0.920251144197055,0.744073276766506,0.175746785401693
A3,ARX,I,98,1,99,1.03663638049503,1.03498428620333,0.000966507667001058
A3,ARX,I,98,2,100,1.01182425521157,1.00680281651243,0.0043536000449123
A3,ARX,I,98,3,101,0.989025939465599,0.978866866835956,0.00950924855649094
A3,ARX,I,98,4,102,0.968366974448647,0.951261821473549,0.0164733238422816
A3,ARX,I,98,5,103,0.949957426141047,0.924067829351991,0.0252756742827538
A3,ARX,I,98,6,104,0.933892154364197,0.897359411955257,0.0359365690465704
A3,ARX,I,98,7,105,0.920251144197055,0.871205154421787,0.0484673398155085
A3,ARX,I,98,8,106,0.909099868145179,0.845667484100753,0.0628709657949982
A3,ARX,I,98,9,107,0.900489649660571,0.820802538495751,0.0791425705931572
A3,ARX,I,98,10,108,0.894458001771371,0.796660122108124,0.0972698051418996
A3,ARX,I,98,11,109,0.891028918575113,0.773283749354104,0.117233097184949
A3,ARX,I,98,12,110,0.890213102038943,0.750710768588414,0.139005754709949
A3,ARX,I,98,13,111,0.892008111778536,0.728972560419301,0.162553917799174
A3,ARX,I,98,14,112,0.896398431084497,0.70809480201722,0.187836360472532
A3,ARX,I,105,1,106,0.909099868145179,0.907269522817975,0.00110545630196542
A3,ARX,I,105,2,107,0.900489649660571,0.894952032753267,0.00482277296562291
A3,ARX,I,105,3,108,0.894458001771371,0.883301210058141,0.0104515896681676
A3,ARX,I,105,4,109,0.891028918575113,0.872318064426086,0.0180147995492887
A3,ARX,I,105,5,110,0.890213102038943,0.862002278053801,0.0275234146911286
A3,ARX,I,105,6,111,0.892008111778536,0.852352390515581,0.0389764489469655
A3,ARX,I,105,7,112,0.896398431084497,0.8433659692322,0.0523608134369588
A3,ARX,I,105,8,113,0.903355448251897,0.835039765362086,0.0676511419063464
A3,ARX,I,105,9,114,0.912837358062052,0.827369855144297,0.0848095507694292
A3,ARX,I,105,10,115,0.924788993882884,0.820351766886324,0.103785344116519
A3,ARX,I,105,11,116,0.939141606117093,0.813980593918658,0.124514679095097
A3,ARX,I,105,12,117,0.955812607467806,0.808251093935979,0.146920211718633
A3,ARX,I,105,13,118,0.974705309554556,0.803157775215813,0.170910747148467
A3,ARX,I,105,14,119,0.995708678662191,0.798694970253297,0.196380921695634
A3,ARX,I,112,1,113,0.903355448251897,0.901879373482133,0.000659144367871185
A3,ARX,I,112,2,114,0.912837358062052,0.908446281541737,0.00354683722592982
A3,ARX,I,112,3,115,0.924788993882884,0.916096328787085,0.00784116147669641
A3,ARX,I,112,4,116,0.939141606117093,0.924827931294609,0.0134538457578869
A3,ARX,I,112,5,117,0.955812607467806,0.934640651605005,0.0203027356055069
A3,ARX,I,112,6,118,0.974705309554556,0.945535097865714,0.0282905283604272
A3,ARX,I,112,7,119,0.995708678662191,0.957512821072886,0.0373046316313266
A3,ARX,I,112,8,120,1.01869714072669,0.970576213549671,0.0472170697386883
A3,ARX,I,112,9,121,1.04353046696545,0.984728412175686,0.0578844660233966
A3,ARX,I,112,10,122,1.07005377178376,0.999973210381273,0.0691481286269681
A3,ARX,I,112,11,123,1.09809765370247,1.01631498355328,0.0808342658281569
A3,ARX,I,112,12,124,1.1274785080547,1.033758633284,0.0927543542354718
A3,ARX,I,112,13,125,1.15799903712437,1.05230955685344,0.104705679097528
A3,ARX,I,112,14,126,1.18944897931223,1.0719736494963,0.116472060739621
A3,ARX,I,119,1,120,1.01869714072669,1.01846412891636,0.000201551641827173
A3,ARX,I,119,2,121,1.04353046696545,1.04301592419866,0.000237270417768725
A3,ARX,I,119,3,122,1.07005377178376,1.06941582817001,0.000255792508265504
A3,ARX,I,119,4,123,1.09809765370247,1.09772021227222,0.000232031736936155
A3,ARX,I,119,5,124,1.1274785080547,1.12799048868606,0.000252555097156452
A3,ARX,I,119,6,125,1.15799903712437,1.16029372127638,0.0011873180300166
A3,ARX,I,119,7,126,1.18944897931223,1.19470346735711,0.00411187237260632
A3,ARX,I,119,8,127,1.22160607391179,1.23130091842692,0.0085144472091653
A3,ARX,I,119,9,128,1.25423727228529,1.27017642814346,0.0147182689088084
A3,ARX,I,119,10,129,1.2871001998011,1.31143154246278,0.0230670473589508
A3,ARX,I,119,11,130,1.3199448660054,1.35518168256506,0.0339259381153865
A3,ARX,I,119,12,131,1.35251561334646,1.40155967951861,0.0476831137340315
A3,ARX,I,119,13,132,1.38455328755885,1.45072042588223,0.0647522246696948
A3,ARX,I,119,14,133,1.41579760576024,1.50284700144662,0.0855761283453539
A3,ARX,I,126,1,127,1.22160607391179,1.22273176790631,0.000419011745914861
A3,ARX,I,126,2,128,1.25423727228529,1.25789976798421,0.00249571341860895
A3,ARX,I,126,3,129,1.2871001998011,1.29501838919347,0.00671470465501629
A3,ARX,I,126,4,130,1.3199448660054,1.33416236250415,0.0129749800349039
A3,ARX,I,126,5,131,1.35251561334646,1.37541824439541,0.0216185716534553
A3,ARX,I,126,6,132,1.38455328755885,1.41888768078213,0.0330060535268197
A3,ARX,I,126,7,133,1.41579760576024,1.46469165318313,0.0475184046935231
A3,ARX,I,126,8,134,1.44598969163355,1.51297600345383,0.0655599778945774
A3,ARX,I,126,9,135,1.47487474097027,1.5639186364899,0.0875630072978835
A3,ARX,I,126,10,136,1.50220477553552,1.61773894632863,0.113994238679934
A3,ARX,I,126,11,137,1.52774143885977,1.67471022104986,0.145364477606509
A3,ARX,I,126,12,138,1.55125878431978,1.73517608867187,0.182242157649536
A3,ARX,I,126,13,139,1.57254600386394,1.79957252217929,0.225272482856765
A3,ARX,I,126,14,140,1.59141004505287,1.86845761189886,0.275204379942018
A3,ARX,I,133,1,134,1.44598969163355,1.4480778188054,0.000840001087762458
A3,ARX,I,133,2,135,1.47487474097027,1.48143845258652,0.00516010658496352
A3,ARX,I,133,3,136,1.50220477553552,1.5159486798185,0.0123037028262693
A3,ARX,I,133,4,137,1.52774143885977,1.55169956403038,0.022479206159079
A3,ARX,I,133,5,138,1.55125878431978,1.58880950761724,0.036030585866716
A3,ARX,I,133,6,139,1.57254600386394,1.62743105206333,0.0533206885391869
A3,ARX,I,133,7,140,1.59141004505287,1.66775943542123,0.0747371348066859
A3,ARX,I,133,8,141,1.60767806477234,1.71004346402703,0.100700675743441
A3,ARX,I,133,9,142,1.62119967003926,1.7545994747532,0.131676826423163
A3,ARX,I,133,10,143,1.63184889972795,1.80182948540664,0.168191907633912
A3,ARX,I,133,11,144,1.63952590571536,1.85224510908742,0.210855093468141
A3,ARX,I,133,12,145,1.64415829776442,1.90649953243165,0.260388770042505
A3,ARX,I,133,13,146,1.64570212328021,1.96543097496565,0.317670604018018
A3,ARX,I,133,14,147,1.64414246069943,2.03012280670644,0.383792444414815
A3,ARX,I,140,1,141,1.60767806477234,1.61040801167587,0.00118346686620244
A3,ARX,I,140,2,142,1.62119967003926,1.6296671713828,0.00682962486151661
A3,ARX,I,140,3,143,1.63184889972795,1.64934991040124,0.015833474450927
A3,ARX,I,140,4,144,1.63952590571536,1.66965269535464,0.0284264796559152
A3,ARX,I,140,5,145,1.64415829776442,1.69081172595441,0.0449163234601763
A3,ARX,I,140,6,146,1.64570212328021,1.71310999118865,0.065628791868289
A3,ARX,I,140,7,147,1.64414246069943,1.73688620306804,0.0909160376441537
A3,ARX,I,140,8,148,1.63949361349869,1.76254626268689,0.121167747952737
A3,ARX,I,140,9,149,1.63179890040021,1.79057817327,0.156826123596513
A3,ARX,I,140,10,150,1.62113004607299,1.82157169448503,0.198405943140778
A3,ARX,I,140,11,151,1.60758618522636,1.85624459580373,0.246521531967382
A3,ARX,I,140,12,152,1.59129250122879,1.89547821771841,0.301923286166291
A3,ARX,I,140,13,153,1.57239852802776,1.94036635854468,0.365547681455095
A3,ARX,I,140,14,154,1.55107615098467,1.99228355690757,0.438586707821967
A3,ARX,I,147,1,148,1.63949361349869,1.64214829603875,0.00106133201380245
A3,ARX,I,147,2,149,1.63179890040021,1.6399206381188,0.00633681958730682
A3,ARX,I,147,3,150,1.62113004607299,1.6376763497548,0.0147416378218356
A3,ARX,I,147,4,151,1.60758618522636,1.63564892138941,0.0262340460450094
A3,ARX,I,147,5,152,1.59129250122879,1.63408918934848,0.0409388015867536
A3,ARX,I,147,6,153,1.57239852802776,1.63326657299353,0.0589747780759974
A3,ARX,I,147,7,154,1.55107615098467,1.63347098274175,0.0804588483900718
A3,ARX,I,147,8,155,1.52751734808735,1.6350155843326,0.105510874555831
A3,ARX,I,147,9,156,1.50193171770902,1.63824064968714,0.134259985750367
A3,ARX,I,147,10,157,1.47454384252821,1.64351878610249,0.166852382582566
A3,ARX,I,147,11,158,1.44559054133432,1.65126192017578,0.203460987135909
A3,ARX,I,147,12,159,1.4153180611801,1.66193053032013,0.244297373278508
A3,ARX,I,147,13,160,1.38397926171425,1.67604578536936,0.289626573678231
A3,ARX,I,147,14,161,1.3518308415805,1.69420547499015,0.339785587034137
A3,ARX,I,154,1,155,1.52751734808735,1.52892836557687,0.000536601683909007
A3,ARX,I,154,2,156,1.50193171770902,1.50613150417644,0.00248975874474771
A3,ARX,I,154,3,157,1.47454384252821,1.48285685565768,0.00660581655869931
A3,ARX,I,154,4,158,1.44559054133432,1.4592714846618,0.0119754979098032
A3,ARX,I,154,5,159,1.4153180611801,1.4355366904172,0.0185139254356409
A3,ARX,I,154,6,160,1.38397926171425,1.41180667780523,0.0261225620816902
A3,ARX,I,154,7,161,1.3518308415805,1.3882274545697,0.0346908717830633
A3,ARX,I,154,8,162,1.31913065359098,1.36493596113432,0.0440981222740831
A3,ARX,I,154,9,163,1.28613515109258,1.34205943233529,0.0542152879580355
A3,ARX,I,154,10,164,1.25309700269766,1.31971498379775,0.064907009399603
A3,ARX,I,154,11,165,1.2202629065207,1.2980094099296,0.0760335661266912
A3,ARX,I,154,12,166,1.18787162844738,1.27703917575544,0.0874528210706773
A3,ARX,I,154,13,167,1.1561522819687,1.25689058117089,0.0990220980756528
A3,ARX,I,154,14,168,1.12532285995501,1.23764007369384,0.110599958322432
A3,ARX,I,161,1,162,1.31913065359098,1.31934872149391,0.000288382212992949
A3,ARX,I,161,2,163,1.28613515109258,1.28668559945133,0.000320913036792657
A3,ARX,I,161,3,164,1.25309700269766,1.25398629151613,0.000353877869310326
A3,ARX,I,161,4,165,1.2202629065207,1.22138712403144,0.000427885445191888
A3,ARX,I,161,5,166,1.18787162844738,1.18901531508589,0.000433325657203911
A3,ARX,I,161,6,167,1.1561522819687,1.15698853363429,0.000333150125365831
A3,ARX,I,161,7,168,1.12532285995501,1.12541462718502,0.000245217714808558
A3,ARX,I,161,8,169,1.09558902163416,1.09439150627325,0.000447816319240656
A3,ARX,I,161,9,170,1.06714313118089,1.06400717186248,0.00190227100745285
A3,ARX,I,161,10,171,1.04016353791194,1.03433987034844,0.00462042970291672
A3,ARX,I,161,11,172,1.01481408228635,1.00545835995085,0.00818330225686893
A3,ARX,I,161,12,173,0.991243806884174,0.977422271919821,0.0126801498436249
A3,ARX,I,161,13,174,0.969586847401787,0.950282550097081,0.0181940005568381
A3,ARX,I,161,14,175,0.949962475553668,0.924081952883828,0.0248011964333843
A3,ARX,I,168,1,169,1.09558902163416,1.09508670081053,0.000266298747706452
A3,ARX,I,168,2,170,1.06714313118089,1.06552612800455,0.000634244574904301
A3,ARX,I,168,3,171,1.04016353791194,1.03671319641321,0.00234952159306522
A3,ARX,I,168,4,172,1.01481408228635,1.00871061518662,0.00503101098306222
A3,ARX,I,168,5,173,0.991243806884174,0.981572191284201,0.00862711857332226
A3,ARX,I,168,6,174,0.969586847401787,0.955343339888748,0.013226476296036
A3,ARX,I,168,7,175,0.949962475553668,0.930061645021789,0.0189106832354471
A3,ARX,I,168,8,176,0.932475263671701,0.905757454965199,0.0257538770816546
A3,ARX,I,168,9,177,0.917215339775503,0.882454498588755,0.0338223749747778
A3,ARX,I,168,10,178,0.904258701950913,0.860170510305188,0.0431743647315776
A3,ARX,I,168,11,179,0.893667561987406,0.838917853047841,0.0538596269295317
A3,ARX,I,168,12,180,0.885490690328758,0.818704130328235,0.065919268805666
A3,ARX,I,168,13,181,0.879763737397501,0.799532780030914,0.0793854523695211
A3,ARX,I,168,14,182,0.876509510151597,0.781403644102459,0.094281101456848
A3,ARX,I,175,1,176,0.932475263671701,0.931417690464987,0.000389402367993001
A3,ARX,I,175,2,177,0.917215339775503,0.913953527909999,0.00232215424438676
A3,ARX,I,175,3,178,0.904258701950913,0.897565944490119,0.00577036659172112
A3,ARX,I,175,4,179,0.893667561987406,0.882247912822478,0.0105135316175624
A3,ARX,I,175,5,180,0.885490690328758,0.86798999555504,0.0166098455548922
A3,ARX,I,175,6,181,0.879763737397501,0.854780863550344,0.024106280063787
A3,ARX,I,175,7,182,0.876509510151597,0.842607758731901,0.0330383957314007
A3,ARX,I,175,8,183,0.875738187189561,0.831456903084658,0.0434301478988883
A3,ARX,I,175,9,184,0.877447460689384,0.821313856034828,0.055293670892872
A3,ARX,I,175,10,185,0.881622598785737,0.812163822939406,0.0686290315533512
A3,ARX,I,175,11,186,0.888236427489117,0.803991917727185,0.0834239481366512
A3,ARX,I,175,12,187,0.897249236755849,0.796783382885541,0.0996534760229276
A3,ARX,I,175,13,188,0.908608620655388,0.790523770012864,0.117279666967394
A3,ARX,I,175,14,189,0.922249266582213,0.785199084084293,0.136251213704963
A3,ARX,I,182,1,183,0.875738187189561,0.874500916039064,0.000476180271955851
A3,ARX,I,182,2,184,0.877447460689384,0.87371928779945,0.00282611194729127
A3,ARX,I,182,3,185,0.881622598785737,0.874147095283371,0.00657339738520031
A3,ARX,I,182,4,186,0.888236427489117,0.87576830630385,0.0115647207746956
A3,ARX,I,182,5,187,0.897249236755849,0.878568326376851,0.0177749788843023
A3,ARX,I,182,6,188,0.908608620655388,0.882533902772238,0.025165029983392
A3,ARX,I,182,7,189,0.922249266582213,0.887652996571405,0.0336816110249778
A3,ARX,I,182,8,190,0.938092712963733,0.89391462588754,0.0432572522024452
A3,ARX,I,182,9,191,0.956047098776359,0.901308682925733,0.0538102095136874
A3,ARX,I,182,10,192,0.976006931269497,0.909825727135447,0.0652444394786928
A3,ARX,I,182,11,193,0.997852900502735,0.919456756322051,0.077449642748603
A3,ARX,I,182,12,194,1.02145177053989,0.930192957211942,0.0903014049558507
A3,ARX,I,182,13,195,1.04665637735629,0.94202543656836,0.103661463766747
A3,ARX,I,182,14,196,1.07330576267278,0.954944933473314,0.11737813073921
A3,ARX,I,189,1,190,0.938092712963733,0.937477637792238,0.000245105281234082
A3,ARX,I,189,2,191,0.956047098776359,0.954301972548248,0.000779807756598669
A3,ARX,I,189,3,192,0.976006931269497,0.972733719112626,0.00226395479787619
A3,ARX,I,189,4,193,0.997852900502735,0.99278522663649,0.00403733513966721
A3,ARX,I,189,5,194,1.02145177053989,1.01446923765761,0.00592934276323652
A3,ARX,I,189,6,195,1.04665637735629,1.03779833555622,0.0077802128392393
A3,ARX,I,189,7,196,1.07330576267278,1.06278433012607,0.00941716105217775
A3,ARX,I,189,8,197,1.10122547103208,1.08943755125163,0.010655388512665
A3,ARX,I,189,9,198,1.13022803451074,1.11776599744924,0.0112994202108571
A3,ARX,I,189,10,199,1.16011366557638,1.14777424450433,0.0111448928643213
A3,ARX,I,189,11,200,1.19067117384528,1.17946194417876,0.00998097898633213
A3,ARX,I,189,12,201,1.22167911699159,1.21282160569868,0.00759376658600701
A3,ARX,I,189,13,202,1.25290718995044,1.24783510940204,0.00377115232070873
A3,ARX,I,189,14,203,1.28411785001158,1.28446803861836,0.000282434983932002
A3,ARX,I,196,1,197,1.10122547103208,1.10171824996033,0.000258811862235904
A3,ARX,I,196,2,198,1.13022803451074,1.13190310244956,0.000661317696668144
A3,ARX,I,196,3,199,1.16011366557638,1.16386983779058,0.00257119734434843
A3,ARX,I,196,4,200,1.19067117384528,1.19762311486967,0.00573185186231558
A3,ARX,I,196,5,201,1.22167911699159,1.23316048248901,0.0102242881441253
A3,ARX,I,196,6,202,1.25290718995044,1.27046878375981,0.0162657130337157
A3,ARX,I,196,7,203,1.28411785001158,1.30951817575832,0.0240639453326708
A3,ARX,I,196,8,204,1.31506816860202,1.35025245127519,0.0338059162500856
A3,ARX,I,196,9,205,1.34551189370352,1.39257689575905,0.045643440743877
A3,ARX,I,196,10,206,1.37520170014791,1.43635553719396,0.0596879913100774
A3,ARX,I,196,11,207,1.40389159868553,1.48142280308875,0.0760198830338675
A3,ARX,I,196,12,208,1.43133946892857,1.52759109757171,0.0946936770659863
A3,ARX,I,196,13,209,1.45730967622088,1.5746533918602,0.115738148160455
A3,ARX,I,196,14,210,1.4815757283465,1.62238410789305,0.139154438533125
A3,ARX,I,203,1,204,1.31506816860202,1.31640186440878,0.000495839412586652
A3,ARX,I,203,2,205,1.34551189370352,1.34966348224905,0.00279213939905293
A3,ARX,I,203,3,206,1.37520170014791,1.38377604256594,0.00718083694448221
A3,ARX,I,203,4,207,1.40389159868553,1.41858729256117,0.0132675778173314
A3,ARX,I,203,5,208,1.43133946892857,1.45392913743035,0.0211264003444869
A3,ARX,I,203,6,209,1.45730967622088,1.48962193525907,0.0308134254481059
A3,ARX,I,203,7,210,1.4815757283465,1.52547638270548,0.0423660240255299
A3,ARX,I,203,8,211,1.50392292490877,1.56129462273431,0.055801244892125
A3,ARX,I,203,9,212,1.52415095030417,1.59687120431289,0.0711141699831646
A3,ARX,I,203,10,213,1.54207636056499,1.63199414744956,0.088276487684646
A3,ARX,I,203,11,214,1.55753491499715,1.66644621286355,0.107235428312717
A3,ARX,I,203,12,215,1.57038370550039,1.70000641914555,0.127913149980993
A3,ARX,I,203,13,216,1.58050303969516,1.73245181477915,0.150206625647749
A3,ARX,I,203,14,217,1.58779803841969,1.76355944396565,0.173988009957702
A3,ARX,I,210,1,211,1.50392292490877,1.50529413199781,0.00051543120335274
A3,ARX,I,210,2,212,1.52415095030417,1.52831030255672,0.00262720199645778
A3,ARX,I,210,3,213,1.54207636056499,1.55047185036592,0.00684130391937371
A3,ARX,I,210,4,214,1.55753491499715,1.57162965142972,0.0125194885811773
A3,ARX,I,210,5,215,1.57038370550039,1.59163898677866,0.0196600974825925
A3,ARX,I,210,6,216,1.58050303969516,1.61036075988329,0.0282438718512738
A3,ARX,I,210,7,217,1.58779803841969,1.62766272957638,0.0382335873486112
A3,ARX,I,210,8,218,1.59219991369156,1.64342075377893,0.0495740185519063
A3,ARX,I,210,9,219,1.59366689970428,1.65752002290196,0.0621922402096204
A3,ARX,I,210,10,220,1.59218481667631,1.66985625257567,0.0759982550570523
A3,ARX,I,210,11,221,1.58776725518506,1.68033680617304,0.090885930982827
A3,ARX,I,210,12,222,1.58045537678451,1.68888171905766,0.10673422371292
A3,ARX,I,210,13,223,1.57031733499036,1.69542459861446,0.123408655018752
A3,ARX,I,210,14,224,1.55744732888769,1.69991337690615,0.14076301106449
A3,ARX,I,217,1,218,1.59219991369156,1.59345919323552,0.000481190444777909
A3,ARX,I,217,2,219,1.59366689970428,1.5974389244938,0.0021794782518642
A3,ARX,I,217,3,220,1.59218481667631,1.59970215368985,0.00592261704456283
A3,ARX,I,217,4,221,1.58776725518506,1.60022653427416,0.0108641129436991
A3,ARX,I,217,5,222,1.58045537678451,1.59900254642995,0.0169532955721262
A3,ARX,I,217,6,223,1.57031733499036,1.59603344923516,0.0241252684295303
A3,ARX,I,217,7,224,1.55744732888769,1.59133508757981,0.0323016624515364
A3,ARX,I,217,8,225,1.54196430944264,1.58493555486779,0.0413915927820359
A3,ARX,I,217,9,226,1.5240103658617,1.57687471606358,0.0512927959733267
A3,ARX,I,217,10,227,1.50374882584088,1.56720359895398,0.0618929216362097
A3,ARX,I,217,11,228,1.48136210910434,1.55598366449403,0.0730709500000793
A3,ARX,I,217,12,229,1.45704937810415,1.5432859697172,0.0846987049790991
A3,ARX,I,217,13,230,1.43102403302791,1.52919023884868,0.0966424312219544
A3,ARX,I,217,14,231,1.40351110026551,1.51378385992018,0.10876440327553
A3,ARX,I,224,1,225,1.54196430944264,1.54304973081824,0.000420894455264912
A3,ARX,I,224,2,226,1.5240103658617,1.52721638508725,0.00169366367927941
A3,ARX,I,224,3,227,1.50374882584088,1.51004717322365,0.00480304728833252
A3,ARX,I,224,4,228,1.48136210910434,1.49164873532567,0.00880959590137741
A3,ARX,I,224,5,229,1.45704937810415,1.47213316475015,0.0136261298388933
A3,ARX,I,224,6,230,1.43102403302791,1.45161669925539,0.0191553719221913
A3,ARX,I,224,7,231,1.40351110026551,1.43021843030336,0.0252912695953706
A3,ARX,I,224,8,232,1.37474456418714,1.40805905077136,0.0319204121055963
A3,ARX,I,224,9,233,1.34496469148778,1.38525965941199,0.0389235118074471
A3,ARX,I,224,10,234,1.31441539550377,1.36194063812471,0.0461769182337896
A3,ARX,I,224,11,235,1.28334168488708,1.33822061556367,0.0535541340589447
A3,ARX,I,224,12,236,1.25198723694768,1.31421552790259,0.0609273034543235
A3,ARX,I,224,13,237,1.22059213098797,1.29003778480721,0.0681686455549206
A3,ARX,I,224,14,238,1.18939077122458,1.26579554591758,0.0751518087388681
A3,ARX,I,231,1,232,1.37474456418714,1.37550741851299,0.000330844635485417
A3,ARX,I,231,2,233,1.34496469148778,1.34715985974318,0.000935208133010111
A3,ARX,I,231,3,234,1.31441539550377,1.31861035119129,0.00289958437360094
A3,ARX,I,231,4,235,1.28334168488708,1.28999486197383,0.00538593840962763
A3,ARX,I,231,5,236,1.25198723694768,1.26144255759926,0.00821615154863374
A3,ARX,I,231,6,237,1.22059213098797,1.23307512355532,0.0112717107642417
A3,ARX,I,231,7,238,1.18939077122458,1.20500625436476,0.0144317949476562
A3,ARX,I,231,8,239,1.15861002260672,1.17734130132927,0.0175747871802752
A3,ARX,I,231,9,240,1.12846757619503,1.15017706952486,0.0205797065513248
A3,ARX,I,231,10,241,1.09917055396317,1.12360175249146,0.0233275381125944
A3,ARX,I,231,11,242,1.07091435612846,1.09769499147753,0.0257024447374504
A3,ARX,I,231,12,243,1.04388174760131,1.07252804503522,0.0275928501035354
A3,ARX,I,231,13,244,1.0182421740505,1.0481640541796,0.028892387530459
A3,ARX,I,231,14,245,0.994151292574028,1.02465838817848,0.0295007147631697
A3,ARX,I,238,1,239,1.15861002260672,1.15877403120766,0.000223098074273279
A3,ARX,I,238,2,240,1.12846757619503,1.12884333721871,0.000241334050295113
A3,ARX,I,238,3,241,1.09917055396317,1.09968942697761,0.000252080679574043
A3,ARX,I,238,4,242,1.07091435612846,1.0713925992,0.000242563049268679
A3,ARX,I,238,5,243,1.04388174760131,1.04402308490121,0.000200289766059548
A3,ARX,I,238,6,244,1.0182421740505,1.0176415215699,0.000246660048946799
A3,ARX,I,238,7,245,0.994151292574028,0.992299510225515,0.000886735284920074
A3,ARX,I,238,8,246,0.971750697189491,0.968040236246837,0.00276901075516655
A3,ARX,I,238,9,247,0.951167815427898,0.944899136059863,0.00534973936133307
A3,ARX,I,238,10,248,0.932515949323159,0.922904593262549,0.00871381191766985
A3,ARX,I,238,11,249,0.915894432094175,0.902078649539781,0.0129384984668603
A3,ARX,I,238,12,250,0.90138887084891,0.882437717323807,0.0180929776364644
A3,ARX,I,238,13,251,0.889071445699282,0.863993283050321,0.0242379318186454
A3,ARX,I,238,14,252,0.879001236732783,0.846752591611979,0.0314251890272285
A3,ARX,I,245,1,246,0.971750697189491,0.971090059298426,0.000256077795976943
A3,ARX,I,245,2,247,0.951167815427898,0.949093221440406,0.00116439674003013
A3,ARX,I,245,3,248,0.932515949323159,0.928189020005433,0.0034367791821392
A3,ARX,I,245,4,249,0.915894432094175,0.9083998317089,0.00662342743211877
A3,ARX,I,245,5,250,0.90138887084891,0.889742811748139,0.0107927770212418
A3,ARX,I,245,6,251,0.889071445699282,0.872230528839339,0.0160044273352409
A3,ARX,I,245,7,252,0.879001236732783,0.855871584007832,0.022308849204879
A3,ARX,I,245,8,253,0.871224552284233,0.840671206078644,0.0297471171187985
A3,ARX,I,245,9,254,0.865775234806229,0.826631818173028,0.0383506480569351
A3,ARX,I,245,10,255,0.862674924244031,0.813753570750638,0.0481409313148156
A3,ARX,I,245,11,256,0.86193326305471,0.802034837828821,0.0591292368303873
A3,ARX,I,245,12,257,0.863548031730286,0.791472673949069,0.071316293305419
A3,ARX,I,245,13,258,0.867505208736847,0.782063230240495,0.0846919316853033
A3,ARX,I,245,14,259,0.873778954004929,0.773802128549643,0.0992346941643882
A3,ARX,I,252,1,253,0.871224552284233,0.869890880291603,0.000548161515849469
A3,ARX,I,252,2,254,0.865775234806229,0.861744678943738,0.00319995754245696
A3,ARX,I,252,3,255,0.862674924244031,0.854565665182651,0.00728557057160406
A3,ARX,I,252,4,256,0.86193326305471,0.848355838620395,0.0127597096453103
A3,ARX,I,252,5,257,0.863548031730286,0.843116375053231,0.0196189783189541
A3,ARX,I,252,6,258,0.867505208736847,0.838847807496841,0.0278488215167768
A3,ARX,I,252,7,259,0.873778954004929,0.835550178580565,0.0374233564821154
A3,ARX,I,252,8,260,0.882331520335425,0.833223163893836,0.048305160719004
A3,ARX,I,252,9,261,0.893113102154743,0.831866166038227,0.0604450266056925
A3,ARX,I,252,10,262,0.906061635802463,0.831478379263892,0.0737816969846532
A3,ARX,I,252,11,263,0.921102569812158,0.832058824668845,0.0882416002112713
A3,ARX,I,252,12,264,0.938148627311978,0.833606356023396,0.10373860672542
A3,ARX,I,252,13,265,0.957099585602796,0.836119636360021,0.120173832063245
A3,ARX,I,252,14,266,0.977842100064535,0.839597085550971,0.137435513237203
A3,ARX,I,259,1,260,0.882331520335425,0.881014596609147,0.000527461848244757
A3,ARX,I,259,2,261,0.893113102154743,0.889206647920823,0.00302509061701071
A3,ARX,I,259,3,262,0.906061635802463,0.89834835991931,0.00682279913382095
A3,ARX,I,259,4,263,0.921102569812158,0.908431481487488,0.0117705625303367
A3,ARX,I,259,5,264,0.938148627311978,0.91944599371737,0.0177911328471893
A3,ARX,I,259,6,265,0.957099585602796,0.931379824650117,0.0247963714053991
A3,ARX,I,259,7,266,0.977842100064535,0.944218546067387,0.0326873762244311
A3,ARX,I,259,8,267,1.00024960071493,0.957945055444166,0.0413546969459791
A3,ARX,I,259,9,268,1.0241822899436,0.972539246713747,0.0506786621320277
A3,ARX,I,259,10,269,1.04948726913959,0.987977674078934,0.0605298424169361
A3,ARX,I,259,11,270,1.07599882012239,1.00423321372261,0.0707696705655228
A3,ARX,I,259,12,271,1.10353886450486,1.02127472891558,0.0812512360619316
A3,ARX,I,259,13,272,1.13191762041928,1.03906674467506,0.0918202675009242
A3,ARX,I,259,14,273,1.16093447151329,1.05756913877407,0.102316310881039
A3,ARX,I,266,1,267,1.00024960071493,0.999705405771228,0.000242062084560099
A3,ARX,I,266,2,268,1.0241822899436,1.02265816906748,0.000607785560478185
A3,ARX,I,266,3,269,1.04948726913959,1.04666221368044,0.00177899100218778
A3,ARX,I,266,4,270,1.07599882012239,1.07167184730494,0.00325580764347733
A3,ARX,I,266,5,271,1.10353886450486,1.09763323006319,0.00480841474978365
A3,ARX,I,266,6,272,1.13191762041928,1.12448378755284,0.006309668056402
A3,ARX,I,266,7,273,1.16093447151329,1.15215168595253,0.00763085757550446
A3,ARX,I,266,8,274,1.19037905788322,1.18055538790494,0.00864324308480528
A3,ARX,I,266,9,275,1.22003259279743,1.20960330876376,0.00921971493939247
A3,ARX,I,266,10,276,1.24966940282979,1.23919359316397,0.00923655784781658
A3,ARX,I,266,11,277,1.27905868254927,1.26921403165744,0.00857528899707719
A3,ARX,I,266,12,278,1.30796644838275,1.2995421362697,0.00712453626906797
A3,ARX,I,266,13,279,1.33615766987952,1.3300453922251,0.00478191751276604
A3,ARX,I,266,14,280,1.36339855055086,1.36058170072306,0.00145587814821495
A3,ARX,I,273,1,274,1.19037905788322,1.19072954549272,0.000252784202008745
A3,ARX,I,273,2,275,1.22003259279743,1.22120633513015,0.000437818870690299
A3,ARX,I,273,3,276,1.24966940282979,1.25225712248182,0.0013525707238074
A3,ARX,I,273,4,277,1.27905868254927,1.28376285533067,0.00343784694626848
A3,ARX,I,273,5,278,1.30796644838275,1.3155932154732,0.00632894516573302
A3,ARX,I,273,6,279,1.33615766987952,1.34760688292684,0.0101197162591878
A3,ARX,I,273,7,280,1.36339855055086,1.37965201309778,0.0148922629550803
A3,ARX,I,273,8,281,1.38945892492818,1.41156694040665,0.0207152456917122
A3,ARX,I,273,9,282,1.41411473365438,1.44318111747205,0.0276423457656595
A3,ARX,I,273,10,283,1.43715053445933,1.47431629139988,0.0357109294778414
A3,ARX,I,273,11,284,1.45836200390782,1.50478793058323,0.0449409716803867
A3,ARX,I,273,12,285,1.47755838295945,1.53440686864166,0.0553342526376153
A3,ARX,I,273,13,286,1.49456481872371,1.56298116084773,0.0668738707852534
A3,ARX,I,273,14,287,1.50922455537381,1.59031813151676,0.0795240971582605
A3,ARX,I,280,1,281,1.38945892492818,1.39032881513466,0.000343795878184613
A3,ARX,I,280,2,282,1.41411473365438,1.41680221379314,0.00130445301648741
A3,ARX,I,280,3,283,1.43715053445933,1.44266845763685,0.00410959725677161
A3,ARX,I,280,4,284,1.45836200390782,1.46777451468144,0.0079796319278912
A3,ARX,I,280,5,285,1.47755838295945,1.49196605739013,0.0129511397184404
A3,ARX,I,280,6,286,1.49456481872371,1.51508902721753,0.0190450659061658
A3,ARX,I,280,7,287,1.50922455537381,1.53699130246925,0.0262661936218879
A3,ARX,I,280,8,288,1.52140092900778,1.55752444257489,0.0346028915474589
A3,ARX,I,280,9,289,1.53097912428407,1.57654547801873,0.0440271454531146
A3,ARX,I,280,10,290,1.53786765484385,1.59391871199406,0.0544948776613654
A3,ARX,I,280,11,291,1.54199953476026,1.60951749751321,0.0659465509650544
A3,ARX,I,280,12,292,1.54333311438952,1.62322595236154,0.0783080460499025
A3,ARX,I,280,13,293,1.54185256087665,1.63494057404273,0.0914917943533357
A3,ARX,I,280,14,294,1.53756797100109,1.64457171779511,0.10539814179023
A3,ARX,I,287,1,288,1.52140092900778,1.52242971742862,0.000399979985752928
A3,ARX,I,287,2,289,1.53097912428407,1.53408942118417,0.00162351327452137
A3,ARX,I,287,3,290,1.53786765484385,1.54412239644901,0.00475823527007852
A3,ARX,I,287,4,291,1.54199953476026,1.55245805201516,0.00895393641538138
A3,ARX,I,287,5,292,1.54333311438952,1.55903741867601,0.0141933542927125
A3,ARX,I,287,6,293,1.54185256087665,1.5638139479486,0.0204458183482471
A3,ARX,I,287,7,294,1.53756797100109,1.56675414828919,0.0276677726458568
A3,ARX,I,287,8,295,1.53051511183088,1.56783804412161,0.0358034937975821
A3,ARX,I,287,9,296,1.52075479257251,1.56705944702066,0.0447859900360576
A3,ARX,I,287,10,297,1.50837187883864,1.56442603277463,0.0545380639368218
A3,ARX,I,287,11,298,1.49347396809301,1.55995922264482,0.0649735183507734
A3,ARX,I,287,12,299,1.47618975206608,1.55369387178748,0.0759984827154782
A3,ARX,I,287,13,300,1.45666709828001,1.54567777234417,0.0875128351055909
A3,ARX,I,287,14,301,1.43507088831336,1.53597098298639,0.0994116941662127
A3,ARX,I,294,1,295,1.53051511183088,1.5315441988831,0.00040006610931971
A3,ARX,I,294,2,296,1.52075479257251,1.52382754789998,0.00160505487512356
A3,ARX,I,294,3,297,1.50837187883864,1.51447616274623,0.00464561074334607
A3,ARX,I,294,4,298,1.49347396809301,1.50355922981966,0.00863712443033784
A3,ARX,I,294,5,299,1.47618975206608,1.49115604429013,0.0135301229181773
A3,ARX,I,294,6,300,1.45666709828001,1.47735496495263,0.0192650122959317
A3,ARX,I,294,7,301,1.43507088831336,1.46225227968439,0.0257731060445241
A3,ARX,I,294,8,302,1.41158065493821,1.44595100552914,0.0329777891390325
A3,ARX,I,294,9,303,1.38638806367263,1.42855964791302,0.0407957969067365
A3,ARX,I,294,10,304,1.35969428653969,1.41019094327593,0.0491385851099602
A3,ARX,I,294,11,305,1.33170731687803,1.3909606085228,0.0579137657907472
A3,ARX,I,294,12,306,1.30263927391294,1.37098611923099,0.0670265820834915
A3,ARX,I,294,13,307,1.27270374450828,1.3503855365763,0.0763813945186071
A3,ARX,I,294,14,308,1.24211320715162,1.32927640056195,0.0858831513320861
A3,ARX,I,301,1,302,1.41158065493821,1.41253912467616,0.000371811433986597
A3,ARX,I,301,2,303,1.38638806367263,1.38921517300729,0.00149626248195781
A3,ARX,I,301,3,304,1.35969428653969,1.36524209515928,0.00423994437038796
A3,ARX,I,301,4,305,1.33170731687803,1.34076125585838,0.00776954340623454
A3,ARX,I,301,5,306,1.30263927391294,1.31591105212339,0.0120112048902602
A3,ARX,I,301,6,307,1.27270374450828,1.29082578083313,0.0168855102625612
A3,ARX,I,301,7,308,1.24211320715162,1.26563465440423,0.0223090697357584
A3,ARX,I,301,8,309,1.21107657987791,1.2404609702845,0.0281961446585579
A3,ARX,I,301,9,310,1.17979692963724,1.21542143596137,0.0344602638020004
A3,ARX,I,301,10,311,1.14846937570652,1.19062564753528,0.0410157990202239
A3,ARX,I,301,11,312,1.11727921429272,1.16617571669209,0.0477794679770006
A3,ARX,I,301,12,313,1.08640028564772,1.14216603818123,0.0546717347324399
A3,ARX,I,301,13,314,1.05599359898214,1.11868318769489,0.061618082807043
A3,ARX,I,301,14,315,1.02620622439843,1.09580593835263,0.0685501397187586
A3,ARX,I,308,1,309,1.21107657987791,1.21184576878249,0.000301065459263783
A3,ARX,I,308,2,310,1.17979692963724,1.18203140795317,0.00110760231229908
A3,ARX,I,308,3,311,1.14846937570652,1.15278887041492,0.00322050127982364
A3,ARX,I,308,4,312,1.11727921429272,1.12422559286865,0.00587462028763083
A3,ARX,I,308,5,313,1.08640028564772,1.09643780658464,0.00899225873629965
A3,ARX,I,308,6,314,1.05599359898214,1.06951080044839,0.0124976150794847
A3,ARX,I,308,7,315,1.02620622439843,1.04351932036062,0.0163182939117821
A3,ARX,I,308,8,316,0.997170455122115,1.01852808174286,0.0203866557567338
A3,ARX,I,308,9,317,0.969003237643621,0.994592372383654,0.024640989199256
A3,ARX,I,308,10,318,0.941805862121847,0.971758723886932,0.0290264912934037
A3,ARX,I,308,11,319,0.915663900657319,0.95006563140787,0.0334960483422125
A3,ARX,I,308,12,320,0.890647376905549,0.929544303103371,0.0380108150238454
A3,ARX,I,308,13,321,0.866811147036355,0.910219422818748,0.0425405953944111
A3,ARX,I,308,14,322,0.844195469293703,0.892109911391712,0.0470640339098961
A3,ARX,I,315,1,316,0.997170455122115,0.997650296115547,0.00022545797348438
A3,ARX,I,315,2,317,0.969003237643621,0.970380234855346,0.00055002769573157
A3,ARX,I,315,3,318,0.941805862121847,0.944439628873834,0.00173885881018063
A3,ARX,I,315,4,319,0.915663900657319,0.919862286166243,0.00332675879908124
A3,ARX,I,315,5,320,0.890647376905549,0.896673305762669,0.0051762683971694
A3,ARX,I,315,6,321,0.866811147036355,0.874890148150673,0.00724997539111321
A3,ARX,I,315,7,322,0.844195469293703,0.854523686406114,0.00951848429368572
A3,ARX,I,315,8,323,0.822826737391113,0.835579222838381,0.0119606986341708
A3,ARX,I,315,9,324,0.802718351685404,0.818057459007079,0.0145639188860496
A3,ARX,I,315,10,325,0.783871701481476,0.801955409767149,0.0173237733450783
A3,ARX,I,315,11,326,0.766277231889985,0.787267254493689,0.0202440016936702
A3,ARX,I,315,12,327,0.749915569329688,0.773985120790296,0.023336112468154
A3,ARX,I,315,13,328,0.734758680966771,0.76209979777528,0.0266189362338873
A3,ARX,I,315,14,329,0.720771045035154,0.751601377459358,0.0301180960394825
A3,ARX,I,322,1,323,0.822826737391113,0.823117435603618,0.000173141469309571
A3,ARX,I,322,2,324,0.802718351685404,0.80357371448654,0.000314314997556442
A3,ARX,I,322,3,325,0.783871701481476,0.785556705414464,0.000946832518982712
A3,ARX,I,322,4,326,0.766277231889985,0.769055562886694,0.00205564788744482
A3,ARX,I,322,5,327,0.749915569329688,0.754057137278085,0.00343296110722626
A3,ARX,I,322,6,328,0.734758680966771,0.740546831585395,0.00509222171676472
A3,ARX,I,322,7,329,0.720771045035154,0.728509372864385,0.0070536928705113
A3,ARX,I,322,8,330,0.707910811000185,0.71792949847406,0.00934397678237292
A3,ARX,I,322,9,331,0.696130930825997,0.708792558047124,0.0119954848737297
A3,ARX,I,322,10,332,0.685380245097845,0.70108503235523,0.0150458700438617
A3,ARX,I,322,11,333,0.675604510351626,0.69479496986834,0.0185374355117264
A3,ARX,I,322,12,334,0.666747356595904,0.689912340688392,0.022516530928353
A3,ARX,I,322,13,335,0.65875116660666,0.686429305414851,0.0270329417460705
A3,ARX,I,322,14,336,0.651557871070137,0.684340392871641,0.0321392717155788
A3,ARX,I,329,1,330,0.707910811000185,0.708300040083339,0.000163432917267476
A3,ARX,I,329,2,331,0.696130930825997,0.697326622212665,0.000550863555698385
A3,ARX,I,329,3,332,0.685380245097845,0.687832736890331,0.00181150795967672
A3,ARX,I,329,4,333,0.675604510351626,0.67980186701328,0.00356382799706231
A3,ARX,I,329,5,334,0.666747356595904,0.673219484545428,0.0058447043294384
A3,ARX,I,329,6,335,0.65875116660666,0.668073409459757,0.00869958586266626
A3,ARX,I,329,7,336,0.651557871070137,0.664354069124687,0.0121769787971691
A3,ARX,I,329,8,337,0.645109655992451,0.662054642999203,0.0163278839473523
A3,ARX,I,329,9,338,0.639349580944498,0.661171062248906,0.0212051784088751
A3,ARX,I,329,10,339,0.634222108635578,0.661701815760335,0.0268628926203225
A3,ARX,I,329,11,340,0.629673547987681,0.66364755583553,0.0333553733785922
A3,ARX,I,329,12,341,0.625652414302759,0.667010677022331,0.0407365012289809
A3,ARX,I,329,13,342,0.622109711274304,0.671795144474096,0.0490592343406572
A3,ARX,I,329,14,343,0.61899914049669,0.678006597469005,0.0583755021654006
A3,ARX,I,336,1,337,0.645109655992451,0.645810332437862,0.0002567748719096
A3,ARX,I,336,2,338,0.639349580944498,0.64149581750391,0.00154974000844268
A3,ARX,I,336,3,339,0.634222108635578,0.638604178560424,0.00378823893633934
A3,ARX,I,336,4,340,0.629673547987681,0.637127600612776,0.00686158137540828
A3,ARX,I,336,5,341,0.625652414302759,0.637060275244285,0.0108154532587567
A3,ARX,I,336,6,342,0.622109711274304,0.638398401706405,0.015695054283848
A3,ARX,I,336,7,343,0.61899914049669,0.641140538914752,0.0215452397425585
A3,ARX,I,336,8,344,0.616277244782181,0.645287997108241,0.0284107713264419
A3,ARX,I,336,9,345,0.613903492022681,0.650845059206703,0.0363364564232134
A3,ARX,I,336,10,346,0.611840306551803,0.657819003317733,0.0453671395848998
A3,ARX,I,336,11,347,0.610053054996294,0.66621996035751,0.0555475741552974
A3,ARX,I,336,12,348,0.608509993479626,0.676060641089393,0.06692220204416
A3,ARX,I,336,13,349,0.60718218278076,0.687355954961706,0.0795348575333954
A3,ARX,I,336,14,350,0.606043377683961,0.70012253318303,0.0934284012985005
A3,ARX,I,343,1,344,0.616277244782181,0.617239942801327,0.00040988478172595
A3,ARX,I,343,2,345,0.613903492022681,0.616821549665474,0.00233765031995848
A3,ARX,I,343,3,346,0.611840306551803,0.61773682266789,0.00531528239225449
A3,ARX,I,343,4,347,0.610053054996294,0.619982275140672,0.00934590706580396
A3,ARX,I,343,5,348,0.608509993479626,0.62355807542333,0.0144614355564854
A3,ARX,I,343,6,349,0.60718218278076,0.628467956462913,0.0206945360711456
A3,ARX,I,343,7,350,0.606043377683961,0.634719048280132,0.0280785769373634
A3,ARX,I,343,8,351,0.605069896306006,0.642321642301238,0.0366475217372806
A3,ARX,I,343,9,352,0.604240474679024,0.651288891615369,0.0464357752047388
A3,ARX,I,343,10,353,0.603536111322109,0.661636447986507,0.0574779759687168
A3,ARX,I,343,11,354,0.602939905971983,0.673382034339129,0.0698087306854301
A3,ARX,I,343,12,355,0.602436896079178,0.686544950102564,0.0834622833353668
A3,ARX,I,343,13,356,0.602013894125443,0.701145506052551,0.0984721132681982
A3,ARX,I,343,14,357,0.601659328291778,0.717204385033997,0.114870455851629
A3,ARX,I,350,1,351,0.605069896306006,0.606134814728337,0.000487716726097289
A3,ARX,I,350,2,352,0.604240474679024,0.607452292952443,0.00262686856276934
A3,ARX,I,350,3,353,0.603536111322109,0.609994933440324,0.00587144144261073
A3,ARX,I,350,4,354,0.602939905971983,0.613765107081193,0.0102342043275412
A3,ARX,I,350,5,355,0.602436896079178,0.618768294632266,0.0157355954036216
A3,ARX,I,350,6,356,0.602013894125443,0.62501290465125,0.0223972028203958
A3,ARX,I,350,7,357,0.601659328291778,0.632510048235274,0.0302416989707721
A3,ARX,I,350,8,358,0.601363088513552,0.641273268549162,0.0392927242194596
A3,ARX,I,350,9,359,0.601116379505959,0.651318222373195,0.0495747157287412
A3,ARX,I,350,10,360,0.600911581933904,0.662662310340418,0.0611126768801367
A3,ARX,I,350,11,361,0.600742122537656,0.67532425216923,0.0739318827895196
A3,ARX,I,350,12,362,0.600602353709816,0.689323603040738,0.0880575175729423
A3,ARX,I,350,13,363,0.600487442749733,0.704680207340883,0.10351423936047
A3,ARX,I,350,14,364,0.600393270796466,0.721413586308668,0.120325669601379
A3,AR,None,49,1,50,1.09716515595028,1.09707202401477,0.000141307735496921
A3,AR,None,49,2,51,1.131911791421,1.1317353724336,0.00033304079787853
A3,AR,None,49,3,52,1.1673808365351,1.16724565081465,0.000574293544221372
A3,AR,None,49,4,53,1.2034007320129,1.20355672029964,0.000888024319680319
A3,AR,None,49,5,54,1.2397836577668,1.24061569440226,0.0013434062106948
A3,AR,None,49,6,55,1.27632682519514,1.27836272504936,0.00193006007993316
A3,AR,None,49,7,56,1.31281408089058,1.3167308360225,0.00266857768208381
A3,AR,None,49,8,57,1.34901781099478,1.35564581037535,0.00358008333149593
A3,AR,None,49,9,58,1.38470112835164,1.39502613825672,0.00468586065180911
A3,AR,None,49,10,59,1.4196203175717,1.4347830312861,0.00600698068195527
A3,AR,None,49,11,60,1.45352750631936,1.47482050920122,0.00822593053342228
A3,AR,None,49,12,61,1.4861735247717,1.51503556391709,0.0109645866804815
A3,AR,None,49,13,62,1.5173109094711,1.55531840540073,0.0142521064473739
A3,AR,None,49,14,63,1.54669700289137,1.5955527928758,0.0181315507052361
A3,AR,None,56,1,57,1.34901781099478,1.34949124825773,0.000226753984975277
A3,AR,None,56,2,58,1.38470112835164,1.38623097842572,0.00059691973645595
A3,AR,None,56,3,59,1.4196203175717,1.42289767508629,0.00124516563604924
A3,AR,None,56,4,60,1.45352750631936,1.45934810535091,0.00217429493504221
A3,AR,None,56,5,61,1.4861735247717,1.49543215735175,0.00341748091401743
A3,AR,None,56,6,62,1.5173109094711,1.53099374442088,0.00500542739509007
A3,AR,None,56,7,63,1.54669700289137,1.56587185266565,0.00724336184154702
A3,AR,None,56,8,64,1.57409709612835,1.59990172554098,0.0100785978233096
A3,AR,None,56,9,65,1.59928755935892,1.63291617567806,0.013489151971819
A3,AR,None,56,10,66,1.62205890320497,1.66474701085131,0.017672854293267
A3,AR,None,56,11,67,1.64221871397501,1.69522655765079,0.0229358638325518
A3,AR,None,56,12,68,1.65959440698018,1.72418926327846,0.0289871344234007
A3,AR,None,56,13,69,1.6740357447402,1.7514733530126,0.0358303773845476
A3,AR,None,56,14,70,1.68541707086717,1.77692251839042,0.0440537149886747
A3,AR,None,63,1,64,1.57409709612835,1.57494999983709,0.000328000472787241
A3,AR,None,63,2,65,1.59928755935892,1.60191766175946,0.00097758296327003
A3,AR,None,63,3,66,1.62205890320497,1.62745030945501,0.00197100442544041
A3,AR,None,63,4,67,1.64221871397501,1.65140235689635,0.00353052817087579
A3,AR,None,63,5,68,1.65959440698018,1.67363386445061,0.00562382258453539
A3,AR,None,63,6,69,1.6740357447402,1.69401208584674,0.00840812824913383
A3,AR,None,63,7,70,1.68541707086717,1.71241298211037,0.0119952467363994
A3,AR,None,63,8,71,1.69363921566415,1.72872267517692,0.0162510541476904
A3,AR,None,63,9,72,1.69863103587811,1.74283881406903,0.0215634792558792
A3,AR,None,63,10,73,1.70035055844617,1.75467182740811,0.0277155094833196
A3,AR,None,63,11,74,1.69878570627929,1.7641460376259,0.0345972750556208
A3,AR,None,63,12,75,1.69395459292062,1.77120061452472,0.0421610034611847
A3,AR,None,63,13,76,1.68590538205909,1.77579034875745,0.0503462590970442
A3,AR,None,63,14,77,1.67471571712173,1.77788622928628,0.059080761383358
A3,AR,None,70,1,71,1.69363921566415,1.69493443444459,0.00047608409116662
A3,AR,None,70,2,72,1.69863103587811,1.70253565983367,0.00156149347694831
A3,AR,None,70,3,73,1.70035055844617,1.70817899608656,0.00352367371734491
A3,AR,None,70,4,74,1.69878570627929,1.71183357192345,0.00655712072434145
A3,AR,None,70,5,75,1.69395459292062,1.7134797330916,0.010678704180031
A3,AR,None,70,6,76,1.68590538205909,1.71310925608966,0.0157720353624116
A3,AR,None,70,7,77,1.67471571712173,1.71072543445191,0.0217918529526236
A3,AR,None,70,8,78,1.66049173525736,1.70634303609584,0.0286747422065686
A3,AR,None,70,9,79,1.64336668870719,1.6999881325831,0.0363409434076064
A3,AR,None,70,10,80,1.62349920459827,1.69169780346621,0.0446960453008835
A3,AR,None,70,11,81,1.60107122137404,1.68151972113265,0.0536326834150397
A3,AR,None,70,12,82,1.57628564620134,1.6695116236541,0.06303228784905
A3,AR,None,70,13,83,1.54936378260769,1.65574068505222,0.0727668880997987
A3,AR,None,70,14,84,1.520542581185,1.64028279405475,0.0827009630783257
A3,AR,None,77,1,78,1.66049173525736,1.66200716188642,0.000569248319372469
A3,AR,None,77,2,79,1.64336668870719,1.64784001723437,0.00195988533257953
A3,AR,None,77,3,80,1.62349920459827,1.63228046806985,0.00443823009081295
A3,AR,None,77,4,81,1.60107122137404,1.61539999500993,0.00800299883978647
A3,AR,None,77,5,82,1.57628564620134,1.59727475245836,0.0124803052845165
A3,AR,None,77,6,83,1.54936378260769,1.5779849216674,0.0177649660411396
A3,AR,None,77,7,84,1.520542581185,1.55761404747637,0.0237349063378528
A3,AR,None,77,8,85,1.49007176836835,1.53624836733807,0.0302548494864633
A3,AR,None,77,9,86,1.45821090902455,1.51397614101353,0.0371793648468599
A3,AR,None,77,10,87,1.42522645787431,1.49088698894334,0.0443555729735016
A3,AR,None,77,11,88,1.39138885267405,1.4670712468048,0.0516256286225567
A3,AR,None,77,12,89,1.35696969869133,1.44261934315609,0.058829025668309
A3,AR,None,77,13,90,1.32223908944989,1.41762120637035,0.0658047335928267
A3,AR,None,77,14,91,1.28746310315571,1.39216570629382,0.0723931601271274
A3,AR,None,84,1,85,1.49007176836835,1.49117828341282,0.000411197636762691
A3,AR,None,84,2,86,1.45821090902455,1.46137446718777,0.00119152767738904
A3,AR,None,84,3,87,1.42522645787431,1.43123220706498,0.00240260301889826
A3,AR,None,84,4,88,1.39138885267405,1.40084954268587,0.00399811193977429
A3,AR,None,84,5,89,1.35696969869133,1.37032100697003,0.00590961407940787
A3,AR,None,84,6,90,1.32223908944989,1.339737215707,0.0079555375777078
A3,AR,None,84,7,91,1.28746310315571,1.30918451918131,0.0100131321646373
A3,AR,None,84,8,92,1.2529015078321,1.27874471552793,0.011958583510231
A3,AR,None,84,9,93,1.2188057011947,1.24849482466039,0.0136689770938216
A3,AR,None,84,10,94,1.18541690390552,1.21850692084877,0.0150238999936072
A3,AR,None,84,11,95,1.1529646172836,1.18884802135992,0.0159067659035902
A3,AR,None,84,12,96,1.12166534904193,1.15958002800833,0.0162059076635267
A3,AR,None,84,13,97,1.09172160338137,1.13075971800834,0.0158684186582016
A3,AR,None,84,14,98,1.06332112500423,1.10243878016258,0.0154174876891541
A3,AR,None,91,1,92,1.2529015078321,1.25301419442102,0.000172322266576343
A3,AR,None,91,2,93,1.2188057011947,1.21897952636685,0.000370197296080195
A3,AR,None,91,3,94,1.18541690390552,1.18543899183199,0.00057828436312622
A3,AR,None,91,4,95,1.1529646172836,1.15246520908924,0.000881398986262811
A3,AR,None,91,5,96,1.12166534904193,1.12012359000918,0.00126611381884617
A3,AR,None,91,6,97,1.09172160338137,1.08847247330328,0.00173867330141696
A3,AR,None,91,7,98,1.06332112500423,1.05756331521037,0.00231030994727412
A3,AR,None,91,8,99,1.03663638049503,1.02744092989412,0.00347775910725252
A3,AR,None,91,9,100,1.01182425521157,0.998143771875777,0.00503527020479459
A3,AR,None,91,10,101,0.989025939465599,0.969704253017586,0.00737508055477106
A3,AR,None,91,11,102,0.968366974448647,0.94214908687702,0.0110088563014489
A3,AR,None,91,12,103,0.949957426141047,0.91549965365063,0.0166313840949604
A3,AR,None,91,13,104,0.933892154364197,0.889772379398038,0.0245691267761457
A3,AR,None,91,14,105,0.920251144197055,0.864979123762595,0.0340106583270247
A3,AR,None,98,1,99,1.03663638049503,1.03553230420754,0.000457873644907901
A3,AR,None,98,2,100,1.01182425521157,1.0084057075068,0.00191094895436881
A3,AR,None,98,3,101,0.989025939465599,0.981985742487053,0.00456629314289284
A3,AR,None,98,4,102,0.968366974448647,0.956310914574507,0.00850603221827013
A3,AR,None,98,5,103,0.949957426141047,0.931414119031899,0.0138326697203475
A3,AR,None,98,6,104,0.933892154364197,0.907322961009041,0.0206324324199294
A3,AR,None,98,7,105,0.920251144197055,0.884060096870733,0.0289774599644519
A3,AR,None,98,8,106,0.909099868145179,0.861643590493091,0.0389270120342094
A3,AR,None,98,9,107,0.900489649660571,0.840087278745985,0.0505281859795685
A3,AR,None,98,10,108,0.894458001771371,0.819401140944103,0.0638163520913679
A3,AR,None,98,11,109,0.891028918575113,0.799591667634734,0.0788153984877434
A3,AR,None,98,12,110,0.890213102038943,0.780662224680939,0.0955378290711637
A3,AR,None,98,13,111,0.892008111778536,0.762613409181057,0.113984737277456
A3,AR,None,98,14,112,0.896398431084497,0.745443394328115,0.134145670240307
A3,AR,None,105,1,106,0.909099868145179,0.907002904137116,0.00138842737849629
A3,AR,None,105,2,107,0.900489649660571,0.894167553235847,0.00475661715991259
A3,AR,None,105,3,108,0.894458001771371,0.881763309410401,0.010106576993683
A3,AR,None,105,4,109,0.891028918575113,0.869806581797317,0.017479324972372
A3,AR,None,105,5,110,0.890213102038943,0.858312068855383,0.0268940263241723
A3,AR,None,105,6,111,0.892008111778536,0.847292860683984,0.0383523050401452
A3,AR,None,105,7,112,0.896398431084497,0.836760544124287,0.0518403906109929
A3,AR,None,105,8,113,0.903355448251897,0.826725309318431,0.0673301813374211
A3,AR,None,105,9,114,0.912837358062052,0.817196056513589,0.0847797452268809
A3,AR,None,105,10,115,0.924788993882884,0.808180502010879,0.104133497953713
A3,AR,None,105,11,116,0.939141606117093,0.799685282271391,0.125322184288196
A3,AR,None,105,12,117,0.955812607467806,0.791716055301166,0.148262741550939
A3,AR,None,105,13,118,0.974705309554556,0.784277598542279,0.172858102291937
A3,AR,None,105,14,119,0.995708678662191,0.777373902596937,0.198996983425876
A3,AR,None,112,1,113,0.903355448251897,0.901044757494393,0.0014039845893969
A3,AR,None,112,2,114,0.912837358062052,0.905939097877688,0.00485965982472375
A3,AR,None,112,3,115,0.924788993882884,0.911072881713955,0.0102862008080348
A3,AR,None,112,4,116,0.939141606117093,0.916436949369198,0.0176566538258278
A3,AR,None,112,5,117,0.955812607467806,0.92202154157197,0.0269198965111619
A3,AR,None,112,6,118,0.974705309554556,0.92781629038872,0.0380052950573227
A3,AR,None,112,7,119,0.995708678662191,0.933810212003756,0.0508249887777331
A3,AR,None,112,8,120,1.01869714072669,0.939991701612625,0.0652750653881912
A3,AR,None,112,9,121,1.04353046696545,0.946348530738297,0.0812362570188857
A3,AR,None,112,10,122,1.07005377178376,0.952867847276977,0.0985744524855823
A3,AR,None,112,11,123,1.09809765370247,0.959536178574463,0.117141182565857
A3,AR,None,112,12,124,1.1274785080547,0.966339437824338,0.136774172054396
A3,AR,None,112,13,125,1.15799903712437,0.97326293406581,0.157298020030586
A3,AR,None,112,14,126,1.18944897931223,0.980291386041435,0.178525050601985
A3,AR,None,119,1,120,1.01869714072669,1.01713851601411,0.000597067893740155
A3,AR,None,119,2,121,1.04353046696545,1.03894667856379,0.00202680175310172
A3,AR,None,119,3,122,1.07005377178376,1.0610806682284,0.00444921049050767
A3,AR,None,119,4,123,1.09809765370247,1.08348362038987,0.00782840962183543
A3,AR,None,119,5,124,1.1274785080547,1.10609433972501,0.0119751630675309
A3,AR,None,119,6,125,1.15799903712437,1.12884738730936,0.0167653918394361
A3,AR,None,119,7,126,1.18944897931223,1.1516732224618,0.0220636115109705
A3,AR,None,119,8,127,1.22160607391179,1.17449840219408,0.0277253758008197
A3,AR,None,119,9,128,1.25423727228529,1.1972458404016,0.0335992807652167
A3,AR,None,119,10,129,1.2871001998011,1.21983512808351,0.0395288280606918
A3,AR,None,119,11,130,1.3199448660054,1.24218291492127,0.0453542822414225
A3,AR,None,119,12,131,1.35251561334646,1.26420335148816,0.0509145815835595
A3,AR,None,119,13,132,1.38455328755885,1.28580859022552,0.0560493227567278
A3,AR,None,119,14,133,1.41579760576024,1.30690934212753,0.0606008169092393
A3,AR,None,126,1,127,1.22160607391179,1.2211019999792,0.000308661861152041
A3,AR,None,126,2,128,1.25423727228529,1.25283766335256,0.000738639489558094
A3,AR,None,126,3,129,1.2871001998011,1.2845275286005,0.0012914205455844
A3,AR,None,126,4,130,1.3199448660054,1.31603576349511,0.00194908309570534
A3,AR,None,126,5,131,1.35251561334646,1.34721991550649,0.00269577003610414
A3,AR,None,126,6,132,1.38455328755885,1.37793184025533,0.00351663025149881
A3,AR,None,126,7,133,1.41579760576024,1.40801878368633,0.00439732856317937
A3,AR,None,126,8,134,1.44598969163355,1.43732461050908,0.00532383781981889
A3,AR,None,126,9,135,1.47487474097027,1.46569116748742,0.00628236938868326
A3,AR,None,126,10,136,1.50220477553552,1.49295976615962,0.00725937832087566
A3,AR,None,126,11,137,1.52774143885977,1.51897276567005,0.00824161224027664
A3,AR,None,126,12,138,1.55125878431978,1.5435752327281,0.00921618727805137
A3,AR,None,126,13,139,1.57254600386394,1.56661665242175,0.0101706810827953
A3,AR,None,126,14,140,1.59141004505287,1.58795266084101,0.0110932363067807
A3,AR,None,133,1,134,1.44598969163355,1.44618950970814,0.000315602473650925
A3,AR,None,133,2,135,1.47487474097027,1.47555304210308,0.000748486743141667
A3,AR,None,133,3,136,1.50220477553552,1.50371178701563,0.00132059478091709
A3,AR,None,133,4,137,1.52774143885977,1.53049076224268,0.00203017110913625
A3,AR,None,133,5,138,1.55125878431978,1.55571840281438,0.00287658962243914
A3,AR,None,133,6,139,1.57254600386394,1.57922860178548,0.00385890897739527
A3,AR,None,133,7,140,1.59141004505287,1.60086277091993,0.00497512230765976
A3,AR,None,133,8,141,1.60767806477234,1.62047188125338,0.00622176306157608
A3,AR,None,133,9,142,1.62119967003926,1.63791844194663,0.00759369941170779
A3,AR,None,133,10,143,1.63184889972795,1.65307837544164,0.00908404387047174
A3,AR,None,133,11,144,1.63952590571536,1.66584274777828,0.0106841428217892
A3,AR,None,133,12,145,1.64415829776442,1.67611931505116,0.0125928849680398
A3,AR,None,133,13,146,1.64570212328021,1.68383385035804,0.0149006008733541
A3,AR,None,133,14,147,1.64414246069943,1.68893122013794,0.0173771237767255
A3,AR,None,140,1,141,1.60767806477234,1.60829777425014,0.00038565027568646
A3,AR,None,140,2,142,1.62119967003926,1.6230951596769,0.000928548949422012
A3,AR,None,140,3,143,1.63184889972795,1.63570118671363,0.00164282985989887
A3,AR,None,140,4,144,1.63952590571536,1.64602921659098,0.00255105015460564
A3,AR,None,140,5,145,1.64415829776442,1.65400816826291,0.00380714939625049
A3,AR,None,140,6,146,1.64570212328021,1.65958349716641,0.00530602638870316
A3,AR,None,140,7,147,1.64414246069943,1.66271794881853,0.00703860271987826
A3,AR,None,140,8,148,1.63949361349869,1.66339207016136,0.00899201609195832
A3,AR,None,140,9,149,1.63179890040021,1.66160446708461,0.0111497399841065
A3,AR,None,140,10,150,1.62113004607299,1.65737180245238,0.0134917717129745
A3,AR,None,140,11,151,1.60758618522636,1.65072853503917,0.0159948758541336
A3,AR,None,140,12,152,1.59129250122879,1.64172640583569,0.0186328733591628
A3,AR,None,140,13,153,1.57239852802776,1.63043368401421,0.021376968029717
A3,AR,None,140,14,154,1.55107615098467,1.61693419025325,0.0241961025104968
A3,AR,None,147,1,148,1.63949361349869,1.64040900905858,0.00041732774259454
A3,AR,None,147,2,149,1.63179890040021,1.63452962174597,0.00106032767531356
A3,AR,None,147,3,150,1.62113004607299,1.62654611424357,0.00205644606762337
A3,AR,None,147,4,151,1.60758618522636,1.61651371028403,0.00334272204125123
A3,AR,None,147,5,152,1.59129250122879,1.60450032358018,0.00489764776890304
A3,AR,None,147,6,153,1.57239852802776,1.5905856901972,0.00669592800954154
A3,AR,None,147,7,154,1.55107615098467,1.57486036943452,0.00870864744857053
A3,AR,None,147,8,155,1.52751734808735,1.55742463335736,0.0111332715487273
A3,AR,None,147,9,156,1.50193171770902,1.53838726681473,0.0138748021229799
A3,AR,None,147,10,157,1.47454384252821,1.51786430087099,0.0167828726735516
A3,AR,None,147,11,158,1.44559054133432,1.49597770305325,0.0198026582529234
A3,AR,None,147,12,159,1.4153180611801,1.47285404769062,0.0228759506509786
A3,AR,None,147,13,160,1.38397926171425,1.44862318892692,0.0259419729621812
A3,AR,None,147,14,161,1.3518308415805,1.4234169577762,0.0289381794444604
A3,AR,None,154,1,155,1.52751734808735,1.52840076343344,0.000389022289056563
A3,AR,None,154,2,156,1.50193171770902,1.50449804404318,0.000992081825609995
A3,AR,None,154,3,157,1.47454384252821,1.47949663963238,0.00187683386753054
A3,AR,None,154,4,158,1.44559054133432,1.45352692738873,0.00297177252450388
A3,AR,None,154,5,159,1.4153180611801,1.42671982031572,0.00423603477413438
A3,AR,None,154,6,160,1.38397926171425,1.39920563187352,0.00562682837672697
A3,AR,None,154,7,161,1.3518308415805,1.37111301366049,0.00709983108989604
A3,AR,None,154,8,162,1.31913065359098,1.34256797768772,0.00860967154832614
A3,AR,None,154,9,163,1.28613515109258,1.31369301240818,0.0101104370475537
A3,AR,None,154,10,164,1.25309700269766,1.28460629924514,0.0115561788218216
A3,AR,None,154,11,165,1.2202629065207,1.25542103399027,0.0129013966621776
A3,AR,None,154,12,166,1.18787162844738,1.22624485516816,0.01410149061899
A3,AR,None,154,13,167,1.1561522819687,1.19717937934324,0.0151131713051966
A3,AR,None,154,14,168,1.12532285995501,1.16831984141744,0.015894823176478
A3,AR,None,161,1,162,1.31913065359098,1.31947647950649,0.000285235570981895
A3,AR,None,161,2,163,1.28613515109258,1.287046611326,0.000641689042346311
A3,AR,None,161,3,164,1.25309700269766,1.25466471160341,0.00105851386649776
A3,AR,None,161,4,165,1.2202629065207,1.22244675621257,0.00150714615652101
A3,AR,None,161,5,166,1.18787162844738,1.19050081808183,0.00196282167798919
A3,AR,None,161,6,167,1.1561522819687,1.15892679065952,0.00240323648522044
A3,AR,None,161,7,168,1.12532285995501,1.1278162317945,0.00280793311211617
A3,AR,None,161,8,169,1.09558902163416,1.09725231922623,0.00315802142234927
A3,AR,None,161,9,170,1.06714313118089,1.067309907736,0.00343604961281338
A3,AR,None,161,10,171,1.04016353791194,1.03805567721668,0.00409435788758894
A3,AR,None,161,11,172,1.01481408228635,1.00954836044968,0.00488314273260665
A3,AR,None,161,12,173,0.991243806884174,0.981839039208935,0.00577372179884055
A3,AR,None,161,13,174,0.969586847401787,0.954971497408026,0.00677410359970189
A3,AR,None,161,14,175,0.949962475553668,0.928982620331675,0.00812698628754106
A3,AR,None,168,1,169,1.09558902163416,1.09500636788735,0.000263975981949526
A3,AR,None,168,2,170,1.06714313118089,1.06528434029663,0.000711585585543733
A3,AR,None,168,3,171,1.04016353791194,1.03622968560362,0.00146114800228532
A3,AR,None,168,4,172,1.01481408228635,1.0079068910248,0.00252930108016495
A3,AR,None,168,5,173,0.991243806884174,0.980372307955282,0.00431131160334361
A3,AR,None,168,6,174,0.969586847401787,0.953674505136827,0.00696776039564283
A3,AR,None,168,7,175,0.949962475553668,0.927854677183157,0.0108888060433045
A3,AR,None,168,8,176,0.932475263671701,0.902947096539409,0.0163228280692241
A3,AR,None,168,9,177,0.917215339775503,0.878979597652889,0.0230183112561069
A3,AR,None,168,10,178,0.904258701950913,0.855974082981449,0.0310421489235623
A3,AR,None,168,11,179,0.893667561987406,0.833947041421199,0.0404503335932656
A3,AR,None,168,12,180,0.885490690328758,0.812910070756554,0.0512881853486002
A3,AR,None,168,13,181,0.879763737397501,0.792870396787196,0.0635904702263209
A3,AR,None,168,14,182,0.876509510151597,0.773831382837217,0.0773814232152347
A3,AR,None,175,1,176,0.932475263671701,0.930896276969509,0.000684032527854592
A3,AR,None,175,2,177,0.917215339775503,0.912423376880823,0.00274346800849631
A3,AR,None,175,3,178,0.904258701950913,0.894574721211419,0.00631721893381683
A3,AR,None,175,4,179,0.893667561987406,0.877377308402403,0.0114498403343648
A3,AR,None,175,5,180,0.885490690328758,0.860854438858762,0.0181994529108045
A3,AR,None,175,6,181,0.879763737397501,0.845025977002689,0.0266059774416202
A3,AR,None,175,7,182,0.876509510151597,0.829908621317576,0.0366941354684517
A3,AR,None,175,8,183,0.875738187189561,0.815516178195439,0.0484750320967255
A3,AR,None,175,9,184,0.877447460689384,0.801859835845017,0.0619470107735955
A3,AR,None,175,10,185,0.881622598785737,0.788948434965193,0.0770960857617371
A3,AR,None,175,11,186,0.888236427489117,0.77678873332805,0.0938961029028658
A3,AR,None,175,12,187,0.897249236755849,0.765385661838676,0.112308713195985
A3,AR,None,175,13,188,0.908608620655388,0.754742570037728,0.132283214318952
A3,AR,None,175,14,189,0.922249266582213,0.744861459382162,0.153756302067202
A3,AR,None,182,1,183,0.875738187189561,0.873606825925874,0.00119551752608482
A3,AR,None,182,2,184,0.877447460689384,0.871060167507765,0.00430113982690973
A3,AR,None,182,3,185,0.881622598785737,0.868873337527206,0.00926896849866564
A3,AR,None,182,4,186,0.888236427489117,0.867049476952648,0.0161074742612076
A3,AR,None,182,5,187,0.897249236755849,0.865591081449316,0.0248008840224004
A3,AR,None,182,6,188,0.908608620655388,0.864500015402391,0.0353143484263529
A3,AR,None,182,7,189,0.922249266582213,0.863777523446474,0.0475964597988227
A3,AR,None,182,8,190,0.938092712963733,0.863424239381082,0.0615804872846891
A3,AR,None,182,9,191,0.956047098776359,0.863440192389909,0.0771850009465838
A3,AR,None,182,10,192,0.976006931269497,0.863824810519167,0.0943141979149476
A3,AR,None,182,11,193,0.997852900502735,0.864576921407563,0.112858096784051
A3,AR,None,182,12,194,1.02145177053989,0.865694750297363,0.132692701581263
A3,AR,None,182,13,195,1.04665637735629,0.867175915392601,0.15368020500022
A3,AR,None,182,14,196,1.07330576267278,0.869017420666832,0.175669283247803
A3,AR,None,189,1,190,0.938092712963733,0.936291440139915,0.00077186421355487
A3,AR,None,189,2,191,0.956047098776359,0.95070490610094,0.00289169793983142
A3,AR,None,189,3,192,0.976006931269497,0.965456848620797,0.00638402941029032
A3,AR,None,189,4,193,0.997852900502735,0.980511822127052,0.0111468455713755
A3,AR,None,189,5,194,1.02145177053989,0.995831724636381,0.0171044077704716
A3,AR,None,189,6,195,1.04665637735629,1.01137579607609,0.0241638054729245
A3,AR,None,189,7,196,1.07330576267278,1.02710064405519,0.0322179545807241
A3,AR,None,189,8,197,1.10122547103208,1.04296029933768,0.0411474354411096
A3,AR,None,189,9,198,1.13022803451074,1.05890630301436,0.0508218627795958
A3,AR,None,189,10,199,1.16011366557638,1.07488782704733,0.0611010999379362
A3,AR,None,189,11,200,1.19067117384528,1.0908518294731,0.0718364703791685
A3,AR,None,189,12,201,1.22167911699159,1.10674324509881,0.0828720459735049
A3,AR,None,189,13,202,1.25290718995044,1.12250521201368,0.0940460532752696
A3,AR,None,189,14,203,1.28411785001158,1.13807933367241,0.105192416270018
A3,AR,None,196,1,197,1.10122547103208,1.10034559946231,0.000342912726249975
A3,AR,None,196,2,198,1.13022803451074,1.12768585092605,0.000961135380983259
A3,AR,None,196,3,199,1.16011366557638,1.1552290166078,0.00182301444645291
A3,AR,None,196,4,200,1.19067117384528,1.18287037943051,0.00289169235996236
A3,AR,None,196,5,201,1.22167911699159,1.2104983779942,0.00412958908411219
A3,AR,None,196,6,202,1.25290718995044,1.23799510964681,0.00549845946207417
A3,AR,None,196,7,203,1.28411785001158,1.26523696750399,0.00695959925587758
A3,AR,None,196,8,204,1.31506816860202,1.29209541191407,0.00847413880073061
A3,AR,None,196,9,205,1.34551189370352,1.31843787388711,0.0100033910703075
A3,AR,None,196,10,206,1.37520170014791,1.34412878479884,0.0115092359732176
A3,AR,None,196,11,207,1.40389159868553,1.36903072332319,0.0129545283393704
A3,AR,None,196,12,208,1.43133946892857,1.39300566713777,0.0143035191435002
A3,AR,None,196,13,209,1.45730967622088,1.41591633359444,0.0155222802867088
A3,AR,None,196,14,210,1.4815757283465,1.43762759036768,0.016579123588389
A3,AR,None,203,1,204,1.31506816860202,1.31498411810572,0.000286356234807048
A3,AR,None,203,2,205,1.34551189370352,1.34534272453471,0.000654204320803014
A3,AR,None,203,3,206,1.37520170014791,1.37502529019326,0.0011082757489704
A3,AR,None,203,4,207,1.40389159868553,1.40385983221563,0.00163236798755432
A3,AR,None,203,5,208,1.43133946892857,1.43167243859781,0.00228698741584166
A3,AR,None,203,6,209,1.45730967622088,1.45828909031474,0.00305580637989232
A3,AR,None,203,7,210,1.4815757283465,1.48353760400221,0.0039327386657248
A3,AR,None,203,8,211,1.50392292490877,1.50724966321536,0.00491761505620382
A3,AR,None,203,9,212,1.52415095030417,1.52926290183035,0.00600888031257253
A3,AR,None,203,10,213,1.54207636056499,1.5494229995366,0.00720345564842632
A3,AR,None,203,11,214,1.55753491499715,1.56758574676693,0.00849667539193483
A3,AR,None,203,12,215,1.57038370550039,1.58361903499616,0.00988228105002289
A3,AR,None,203,13,216,1.58050303969516,1.59740472822731,0.0113524627478494
A3,AR,None,203,14,217,1.58779803841969,1.6088403727513,0.0128979410104281
A3,AR,None,210,1,211,1.50392292490877,1.50427309755848,0.000350490678915539
A3,AR,None,210,2,212,1.52415095030417,1.5252453470432,0.000829564098507983
A3,AR,None,210,3,213,1.54207636056499,1.54434466808627,0.00145313621159678
A3,AR,None,210,4,214,1.55753491499715,1.56143387373707,0.00221199571176428
A3,AR,None,210,5,215,1.57038370550039,1.5763883041023,0.00309847744395805
A3,AR,None,210,6,216,1.58050303969516,1.58909760057018,0.0041049874495801
A3,AR,None,210,7,217,1.58779803841969,1.59946730798188,0.00522329806820974
A3,AR,None,210,8,218,1.59219991369156,1.60742026682773,0.00644423081431357
A3,AR,None,210,9,219,1.59366689970428,1.61289776188899,0.00775753727740011
A3,AR,None,210,10,220,1.59218481667631,1.61586039925075,0.00931210202031775
A3,AR,None,210,11,221,1.58776725518506,1.61628869010396,0.0111348508081755
A3,AR,None,210,12,222,1.58045537678451,1.61418332701339,0.0130829446521308
A3,AR,None,210,13,223,1.57031733499036,1.60956514609496,0.0151387695192001
A3,AR,None,210,14,224,1.55744732888769,1.60247477654007,0.0172826075568443
A3,AR,None,217,1,218,1.59219991369156,1.59281490950296,0.000392389096126074
A3,AR,None,217,2,219,1.59366689970428,1.59551988135063,0.00093294501091989
A3,AR,None,217,3,220,1.59218481667631,1.59589640880461,0.00163040175068917
A3,AR,None,217,4,221,1.58776725518506,1.5939453923499,0.00246765870627941
A3,AR,None,217,5,222,1.58045537678451,1.58968514205381,0.00359158452283726
A3,AR,None,217,6,223,1.57031733499036,1.58315108747841,0.00493877273788356
A3,AR,None,217,7,224,1.55744732888769,1.57439524087194,0.00646550526533376
A3,AR,None,217,8,225,1.54196430944264,1.56348542674832,0.00815292376967594
A3,AR,None,217,9,226,1.5240103658617,1.55050429631075,0.0099794705619534
A3,AR,None,217,10,227,1.50374882584088,1.53554814988995,0.0119211150682977
A3,AR,None,217,11,228,1.48136210910434,1.51872559450523,0.0139516195490512
A3,AR,None,217,12,229,1.45704937810415,1.50015606670613,0.016042834305049
A3,AR,None,217,13,230,1.43102403302791,1.47996825294121,0.0181650143648984
A3,AR,None,217,14,231,1.40351110026551,1.4582984407977,0.0202871504683267
A3,AR,None,224,1,225,1.54196430944264,1.54268624122338,0.000390162871374204
A3,AR,None,224,2,226,1.5240103658617,1.52613600694813,0.000922867873065482
A3,AR,None,224,3,227,1.50374882584088,1.50790841111074,0.00162870493460068
A3,AR,None,224,4,228,1.48136210910434,1.48812368240141,0.00260458446983475
A3,AR,None,224,5,229,1.45704937810415,1.46690902660749,0.00375565485990319
A3,AR,None,224,6,230,1.43102403302791,1.4443971282974,0.00505286678744781
A3,AR,None,224,7,231,1.40351110026551,1.42072464838841,0.00646491414806846
A3,AR,None,224,8,232,1.37474456418714,1.39603074390162,0.00795854386946624
A3,AR,None,224,9,233,1.34496469148778,1.37045563424497,0.00949892457923391
A3,AR,None,224,10,234,1.31441539550377,1.34413923589296,0.0110500454443143
A3,AR,None,224,11,235,1.28334168488708,1.31721988446195,0.012575127023593
A3,AR,None,224,12,236,1.25198723694768,1.28983316002813,0.0140370309286607
A3,AR,None,224,13,237,1.22059213098797,1.26211082822093,0.0153986578935159
A3,AR,None,224,14,238,1.18939077122458,1.23417990625991,0.0166233258184837
A3,AR,None,231,1,232,1.37474456418714,1.37522270139234,0.0003263740805618
A3,AR,None,231,2,233,1.34496469148778,1.34630873320106,0.000748526404766476
A3,AR,None,231,3,234,1.31441539550377,1.31691579440281,0.00125956712528189
A3,AR,None,231,4,235,1.28334168488708,1.28718603288161,0.00183237075891271
A3,AR,None,231,5,236,1.25198723694768,1.25725613458837,0.00244343045430358
A3,AR,None,231,6,237,1.22059213098797,1.2272564600528,0.00307140301432562
A3,AR,None,231,7,238,1.18939077122458,1.19731033092456,0.0036964524671119
A3,AR,None,231,8,239,1.15861002260672,1.16753346566312,0.00429996611417089
A3,AR,None,231,9,240,1.12846757619503,1.13803356054735,0.00486444029700822
A3,AR,None,231,10,241,1.09917055396317,1.10891000962198,0.00537344592060194
A3,AR,None,231,11,242,1.07091435612846,1.08025375506877,0.00581163050961611
A3,AR,None,231,12,243,1.04388174760131,1.05214725779969,0.00616473462632189
A3,AR,None,231,13,244,1.0182421740505,1.0246645768123,0.00641961091004173
A3,AR,None,231,14,245,0.994151292574028,0.997871545009386,0.00656423963151229
A3,AR,None,238,1,239,1.15861002260672,1.15843362488533,0.000245993022930675
A3,AR,None,238,2,240,1.12846757619503,1.12783293645075,0.000564252906626223
A3,AR,None,238,3,241,1.09917055396317,1.09769154347355,0.000969291545754128
A3,AR,None,238,4,242,1.07091435612846,1.06810278666767,0.00145944950466885
A3,AR,None,238,5,243,1.04388174760131,1.039150552874,0.00203638950305345
A3,AR,None,238,6,244,1.0182421740505,1.01090943655591,0.00283992684593375
A3,AR,None,238,7,245,0.994151292574028,0.983445004740275,0.00404412187231924
A3,AR,None,238,8,246,0.971750697189491,0.956814150040775,0.00553423984871521
A3,AR,None,238,9,247,0.951167815427898,0.931065516526063,0.0073357576371246
A3,AR,None,238,10,248,0.932515949323159,0.906239983667277,0.0100802597112496
A3,AR,None,238,11,249,0.915894432094175,0.882371194354809,0.0135878882397476
A3,AR,None,238,12,250,0.90138887084891,0.859486113951457,0.0187682789018446
A3,AR,None,238,13,251,0.889071445699282,0.837605608487947,0.0255797893272251
A3,AR,None,238,14,252,0.879001236732783,0.816745031351612,0.0342403412442891
A3,AR,None,245,1,246,0.971750697189491,0.970681761394694,0.000395993091480543
A3,AR,None,245,2,247,0.951167815427898,0.947887440319299,0.00129520537189208
A3,AR,None,245,3,248,0.932515949323159,0.925815573971063,0.00305851189350411
A3,AR,None,245,4,249,0.915894432094175,0.904507120760122,0.00610324442394785
A3,AR,None,245,5,250,0.90138887084891,0.883997123018422,0.0103950483795434
A3,AR,None,245,6,251,0.889071445699282,0.86431510827649,0.015955769246541
A3,AR,None,245,7,252,0.879001236732783,0.845485512365257,0.0228416804671308
A3,AR,None,245,8,253,0.871224552284233,0.827528115834039,0.0310963240164982
A3,AR,None,245,9,254,0.865775234806229,0.810458486049109,0.0407515054665292
A3,AR,None,245,10,255,0.862674924244031,0.794288418242611,0.0518278590437926
A3,AR,None,245,11,256,0.86193326305471,0.779026369689895,0.0643351393231821
A3,AR,None,245,12,257,0.863548031730286,0.764677882080398,0.0782723200614866
A3,AR,None,245,13,258,0.867505208736847,0.751245987992899,0.093627546315615
A3,AR,None,245,14,259,0.873778954004929,0.738731598175163,0.110377970477579
A3,AR,None,252,1,253,0.871224552284233,0.869420258089265,0.000864833432090889
A3,AR,None,252,2,254,0.865775234806229,0.860344694455117,0.0033514740130254
A3,AR,None,252,3,255,0.862674924244031,0.85178897865785,0.00744249565304122
A3,AR,None,252,4,256,0.86193326305471,0.843765907011608,0.0131776310882361
A3,AR,None,252,5,257,0.863548031730286,0.836286754375854,0.0205728536405434
A3,AR,None,252,6,258,0.867505208736847,0.829361387313857,0.0296259369392709
A3,AR,None,252,7,259,0.873778954004929,0.822998373902136,0.040319213491165
A3,AR,None,252,8,260,0.882331520335425,0.817205088903196,0.0526209549224871
A3,AR,None,252,9,261,0.893113102154743,0.811987813169576,0.066486061378413
A3,AR,None,252,10,262,0.906061635802463,0.807351826295316,0.0818563748344982
A3,AR,None,252,11,263,0.921102569812158,0.803301491670478,0.098660779733612
A3,AR,None,252,12,264,0.938148627311978,0.799840333224318,0.116815188886359
A3,AR,None,252,13,265,0.957099585602796,0.79697110326309,0.136222482099811
A3,AR,None,252,14,266,0.977842100064535,0.79469584091916,0.156772449733521
A3,AR,None,259,1,260,0.882331520335425,0.880467971940688,0.000868797522637303
A3,AR,None,259,2,261,0.893113102154743,0.887558765410874,0.00331150816234876
A3,AR,None,259,3,262,0.906061635802463,0.895036592763445,0.00724287332016231
A3,AR,None,259,4,263,0.921102569812158,0.90288541595003,0.0126380025311318
A3,AR,None,259,5,264,0.938148627311978,0.911087851924851,0.0194495011563985
A3,AR,None,259,6,265,0.957099585602796,0.919625128541994,0.0276121283128619
A3,AR,None,259,7,266,0.977842100064535,0.928477046216993,0.0370454280355768
A3,AR,None,259,8,267,1.00024960071493,0.93762194665,0.0476551718880292
A3,AR,None,259,9,268,1.0241822899436,0.947036689924199,0.0593342893253963
A3,AR,None,259,10,269,1.04948726913959,0.956696641292013,0.071963597987544
A3,AR,None,259,11,270,1.07599882012239,0.96657566894086,0.085412494566571
A3,AR,None,259,12,271,1.10353886450486,0.976646153987561,0.0995396979348592
A3,AR,None,259,13,272,1.13191762041928,0.986879013884008,0.114194100798896
A3,AR,None,259,14,273,1.16093447151329,0.997243740324822,0.129215765324366
A3,AR,None,266,1,267,1.00024960071493,0.999069262411667,0.000437954614246654
A3,AR,None,266,2,268,1.0241822899436,1.0207214435789,0.00130430153385626
A3,AR,None,266,3,269,1.04948726913959,1.04273336601153,0.00269415990617468
A3,AR,None,266,4,270,1.07599882012239,1.06503409769376,0.0045809018515734
A3,AR,None,266,5,271,1.10353886450486,1.08754712168192,0.00698149092070115
A3,AR,None,266,6,272,1.13191762041928,1.11019048780095,0.00973894301093633
A3,AR,None,266,7,273,1.16093447151329,1.1328770521999,0.0127710188880466
A3,AR,None,266,8,274,1.19037905788322,1.15551480923831,0.0159914720873941
A3,AR,None,266,9,275,1.22003259279743,1.1780073186947,0.019311365091269
A3,AR,None,266,10,276,1.24966940282979,1.2002542295657,0.0226402779514574
A3,AR,None,266,11,277,1.27905868254927,1.22215189978477,0.0258874836368828
A3,AR,None,266,12,278,1.30796644838275,1.243594109071,0.0289631199611365
A3,AR,None,266,13,279,1.33615766987952,1.26447285986703,0.0317793653168403
A3,AR,None,266,14,280,1.36339855055086,1.28467925900029,0.0342516128222784
A3,AR,None,273,1,274,1.19037905788322,1.19003740707871,0.000287239929864
A3,AR,None,273,2,275,1.22003259279743,1.21909422235526,0.00067586588840204
A3,AR,None,273,3,276,1.24966940282979,1.24796505769164,0.00116874154058055
A3,AR,None,273,4,277,1.27905868254927,1.27650327215506,0.00174967459015341
A3,AR,None,273,5,278,1.30796644838275,1.30455650093229,0.00240472090289276
A3,AR,None,273,6,279,1.33615766987952,1.33196789155135,0.0031210829553936
A3,AR,None,273,7,280,1.36339855055086,1.35857750897613,0.00388658395438409
A3,AR,None,273,8,281,1.38945892492818,1.38422389446276,0.00468942611591821
A3,AR,None,273,9,282,1.41411473365438,1.4087457578897,0.00551808772286159
A3,AR,None,273,10,283,1.43715053445933,1.4319837782726,0.00636129482676939
A3,AR,None,273,11,284,1.45836200390782,1.45378248255375,0.0072080368006448
A3,AR,None,273,12,285,1.47755838295945,1.47399216871721,0.0080476094948404
A3,AR,None,273,13,286,1.49456481872371,1.49247083602161,0.00886967657686883
A3,AR,None,273,14,287,1.50922455537381,1.50908608283993,0.00966434303179778
A3,AR,None,280,1,281,1.38945892492818,1.38964224939433,0.000308166696532065
A3,AR,None,280,2,282,1.41411473365438,1.41471880214379,0.000722908655308063
A3,AR,None,280,3,283,1.43715053445933,1.43846032253652,0.0012614892706208
A3,AR,None,280,4,284,1.45836200390782,1.46070304238721,0.00191801775623525
A3,AR,None,280,5,285,1.47755838295945,1.48128940044173,0.00268802829562937
A3,AR,None,280,6,286,1.49456481872371,1.50007013837088,0.00356709455435454
A3,AR,None,280,7,287,1.50922455537381,1.51690635966901,0.00455014738990151
A3,AR,None,280,8,288,1.52140092900778,1.5316715059035,0.00563115001417792
A3,AR,None,280,9,289,1.53097912428407,1.54425320484435,0.00680295878592268
A3,AR,None,280,10,290,1.53786765484385,1.55455494656062,0.00805729305662208
A3,AR,None,280,11,291,1.54199953476026,1.56249754660976,0.00938477617699962
A3,AR,None,280,12,292,1.54333311438952,1.56802035990965,0.0107750263772131
A3,AR,None,280,13,293,1.54185256087665,1.57108221464727,0.0122167838667943
A3,AR,None,280,14,294,1.53756797100109,1.57166204245613,0.0136980642374895
A3,AR,None,287,1,288,1.52140092900778,1.52185143608357,0.000361119005364062
A3,AR,None,287,2,289,1.53097912428407,1.53235196486434,0.000853345871296048
A3,AR,None,287,3,290,1.53786765484385,1.54064809851004,0.00148780558716026
A3,AR,None,287,4,291,1.54199953476026,1.54667839899381,0.00225081823472111
A3,AR,None,287,5,292,1.54333311438952,1.55039894672108,0.00313072946044395
A3,AR,None,287,6,293,1.54185256087665,1.55178399218865,0.00411644181536365
A3,AR,None,287,7,294,1.53756797100109,1.55082632999363,0.00522173240363087
A3,AR,None,287,8,295,1.53051511183088,1.54753738610316,0.0066399866576195
A3,AR,None,287,9,296,1.52075479257251,1.54194701658356,0.00820039093594824
A3,AR,None,287,10,297,1.50837187883864,1.53410302332933,0.00988886953842886
A3,AR,None,287,11,298,1.49347396809301,1.52407039945917,0.0116895182822463
A3,AR,None,287,12,299,1.47618975206608,1.51193032369936,0.0135848238539117
A3,AR,None,287,13,300,1.45666709828001,1.49777892901999,0.0155559057927374
A3,AR,None,287,14,301,1.43507088831336,1.48172587582807,0.0175827766966158
A3,AR,None,294,1,295,1.53051511183088,1.53113057914195,0.000377803767459744
A3,AR,None,294,2,296,1.52075479257251,1.52259209067281,0.000892491544084062
A3,AR,None,294,3,297,1.50837187883864,1.51201929106397,0.00154879009939192
A3,AR,None,294,4,298,1.49347396809301,1.4994930694143,0.00236066903009781
A3,AR,None,294,5,299,1.47618975206608,1.48510725938271,0.0034480614795474
A3,AR,None,294,6,300,1.45666709828001,1.46896732445823,0.00470541302655463
A3,AR,None,294,7,301,1.43507088831336,1.45118891736285,0.00611440319528411
A3,AR,None,294,8,302,1.41158065493821,1.43189634527981,0.00765488588107783
A3,AR,None,294,9,303,1.38638806367263,1.41122097351453,0.00930515781722385
A3,AR,None,294,10,304,1.35969428653969,1.38929960014323,0.0110422736136028
A3,AR,None,294,11,305,1.33170731687803,1.36627283323629,0.0128423920547154
A3,AR,None,294,12,306,1.30263927391294,1.34228350044491,0.0146811423086872
A3,AR,None,294,13,307,1.27270374450828,1.31747511822343,0.016534000480348
A3,AR,None,294,14,308,1.24211320715162,1.29199044485603,0.0183766678502278
A3,AR,None,301,1,302,1.41158065493821,1.41219565449439,0.000351248919621142
A3,AR,None,301,2,303,1.38638806367263,1.3881870754037,0.000822101903199873
A3,AR,None,301,3,304,1.35969428653969,1.36319294639506,0.00141098753599975
A3,AR,None,301,4,305,1.33170731687803,1.33736160369117,0.00219810265059126
A3,AR,None,301,5,306,1.30263927391294,1.3108404370526,0.00315000309995842
A3,AR,None,301,6,307,1.27270374450828,1.28377451195553,0.00421497411352058
A3,AR,None,301,7,308,1.24211320715162,1.25630531824846,0.00536769880614753
A3,AR,None,301,8,309,1.21107657987791,1.22856965815637,0.00658272150218241
A3,AR,None,301,9,310,1.17979692963724,1.20069868240447,0.00783484089243841
A3,AR,None,301,10,311,1.14846937570652,1.1728170792725,0.00909950898193073
A3,AR,None,301,11,312,1.11727921429272,1.14504241767462,0.0103532180491935
A3,AR,None,301,12,313,1.08640028564772,1.11748464198008,0.011573863072153
A3,AR,None,301,13,314,1.05599359898214,1.09024571331405,0.0127410702299252
A3,AR,None,301,14,315,1.02620622439843,1.06341938955231,0.0138364843809081
A3,AR,None,308,1,309,1.21107657987791,1.21145531286635,0.000282338045246632
A3,AR,None,308,2,310,1.17979692963724,1.18086846819072,0.00064316676112887
A3,AR,None,308,3,311,1.14846937570652,1.15048210054112,0.00107815835504736
A3,AR,None,308,4,312,1.11727921429272,1.12041615960997,0.00156604835715236
A3,AR,None,308,5,313,1.08640028564772,1.0907807973313,0.00208961968483859
A3,AR,None,308,6,314,1.05599359898214,1.06167621445573,0.00263434370537965
A3,AR,None,308,7,315,1.02620622439843,1.03319265948278,0.00318774025781269
A3,AR,None,308,8,316,0.997170455122115,1.00541056405003,0.00373906903981939
A3,AR,None,308,9,317,0.969003237643621,0.978400797844122,0.00427916927406669
A3,AR,None,308,10,318,0.941805862121847,0.95222502562813,0.00480036684189397
A3,AR,None,308,11,319,0.915663900657319,0.92693614901089,0.00529641043769899
A3,AR,None,308,12,320,0.890647376905549,0.902578816044939,0.00576241735468798
A3,AR,None,308,13,321,0.866811147036355,0.87918998255521,0.00619481890136078
A3,AR,None,308,14,322,0.844195469293703,0.856799510193865,0.0065913004535956
A3,AR,None,315,1,316,0.997170455122115,0.997214979920628,0.000200330101454632
A3,AR,None,315,2,317,0.969003237643621,0.969093845133443,0.00043507047228795
A3,AR,None,315,3,318,0.941805862121847,0.941906361685951,0.000702555236883909
A3,AR,None,315,4,319,0.915663900657319,0.915706204113703,0.000988183594152792
A3,AR,None,315,5,320,0.890647376905549,0.890537823904163,0.00130571366785646
A3,AR,None,315,6,321,0.866811147036355,0.866437147074891,0.00165739948484527
A3,AR,None,315,7,322,0.844195469293703,0.843432307117105,0.00203082995537344
A3,AR,None,315,8,323,0.822826737391113,0.821544396964232,0.00242322509414445
A3,AR,None,315,9,324,0.802718351685404,0.800788225584381,0.00283181795343903
A3,AR,None,315,10,325,0.783871701481476,0.78117306678688,0.00325372587952889
A3,AR,None,315,11,326,0.766277231889985,0.762703389807159,0.00368587645643155
A3,AR,None,315,12,327,0.749915569329688,0.745379563135158,0.00412496960097952
A3,AR,None,315,13,328,0.734758680966771,0.729198524835952,0.00456746464815913
A3,AR,None,315,14,329,0.720771045035154,0.714154414245065,0.00500958509623965
A3,AR,None,322,1,323,0.822826737391113,0.822694470545923,0.000174204954229994
A3,AR,None,322,2,324,0.802718351685404,0.802325234228929,0.000391811672084449
A3,AR,None,322,3,325,0.783871701481476,0.783099126994154,0.000654438231816099
A3,AR,None,322,4,326,0.766277231889985,0.765022549116592,0.000951956628733228
A3,AR,None,322,5,327,0.749915569329688,0.748097658646788,0.00127628843551405
A3,AR,None,322,6,328,0.734758680966771,0.732323061883925,0.00162040427099018
A3,AR,None,322,7,329,0.720771045035154,0.717694464493336,0.00197783264972294
A3,AR,None,322,8,330,0.707910811000185,0.704205279156597,0.00234241392073941
A3,AR,None,322,9,331,0.696130930825997,0.691847187010895,0.00270817390978055
A3,AR,None,322,10,332,0.685380245097845,0.680610651300858,0.00306926085047741
A3,AR,None,322,11,333,0.675604510351626,0.670485382631818,0.00341991770860057
A3,AR,None,322,12,334,0.666747356595904,0.661460755985907,0.00375447480529628
A3,AR,None,322,13,335,0.65875116660666,0.653526180253032,0.00406735394718819
A3,AR,None,322,14,336,0.651557871070137,0.646671421452364,0.00435307864917621
A3,AR,None,329,1,330,0.707910811000185,0.707902834278574,0.00013676440985964
A3,AR,None,329,2,331,0.696130930825997,0.696147268091255,0.000300767648366887
A3,AR,None,329,3,332,0.685380245097845,0.685496377331281,0.000505367365557638
A3,AR,None,329,4,333,0.675604510351626,0.675941448732171,0.000747560714108845
A3,AR,None,329,5,334,0.666747356595904,0.667473422650973,0.00102846579376212
A3,AR,None,329,6,335,0.65875116660666,0.660083244707838,0.00135062524862896
A3,AR,None,329,7,336,0.651557871070137,0.653762172271775,0.00171750144645369
A3,AR,None,329,8,337,0.645109655992451,0.648502037004602,0.00213317593950785
A3,AR,None,329,9,338,0.639349580944498,0.644295464807068,0.00260215136395575
A3,AR,None,329,10,339,0.634222108635578,0.641136054535431,0.00312921048849995
A3,AR,None,329,11,340,0.629673547987681,0.639018516790949,0.00371931033241071
A3,AR,None,329,12,341,0.625652414302759,0.637938773946114,0.00475446246969852
A3,AR,None,329,13,342,0.622109711274304,0.637894022376819,0.00599800988433405
A3,AR,None,329,14,343,0.61899914049669,0.638882757635179,0.00744510222431824
A3,AR,None,336,1,337,0.645109655992451,0.64542975036818,0.000158105683734348
A3,AR,None,336,2,338,0.639349580944498,0.6403581556454,0.000394040279404106
A3,AR,None,336,3,339,0.634222108635578,0.636335379904672,0.000800773590822206
A3,AR,None,336,4,340,0.629673547987681,0.633354824240528,0.0013676389683417
A3,AR,None,336,5,341,0.625652414302759,0.631411125473366,0.00210941820587439
A3,AR,None,336,6,342,0.622109711274304,0.630500246383891,0.00321432850441515
A3,AR,None,336,7,343,0.61899914049669,0.630619529522562,0.0046701148809844
A3,AR,None,336,8,344,0.616277244782181,0.631767715309252,0.00668682453919178
A3,AR,None,336,9,345,0.613903492022681,0.633944924858477,0.00927235592495306
A3,AR,None,336,10,346,0.611840306551803,0.637152607679905,0.0127737495223507
A3,AR,None,336,11,347,0.610053054996294,0.641393454126254,0.0169939354992173
A3,AR,None,336,12,348,0.608509993479626,0.646671272205161,0.0219204866138238
A3,AR,None,336,13,349,0.60718218278076,0.65299082815178,0.0275867882570861
A3,AR,None,336,14,350,0.606043377683961,0.660357649988937,0.0340238322823445
A3,AR,None,343,1,344,0.616277244782181,0.616913969834965,0.000236979356202021
A3,AR,None,343,2,345,0.613903492022681,0.615849587998364,0.000747469797932953
A3,AR,None,343,3,346,0.611840306551803,0.615802937237881,0.00169046117669308
A3,AR,None,343,4,347,0.610053054996294,0.616772533691379,0.00323109953403165
A3,AR,None,343,5,348,0.608509993479626,0.618758455216039,0.00552527009679403
A3,AR,None,343,6,349,0.60718218278076,0.621762296881851,0.00850018235358767
A3,AR,None,343,7,350,0.606043377683961,0.625787093992476,0.0121910773290283
A3,AR,None,343,8,351,0.605069896306006,0.630837212210682,0.0166296388970344
A3,AR,None,343,9,352,0.604240474679024,0.636918204106665,0.0218446580642342
A3,AR,None,343,10,353,0.603536111322109,0.644036631231318,0.0278624525095013
A3,AR,None,343,11,354,0.602939905971983,0.652199850655681,0.0347071324070278
A3,AR,None,343,12,355,0.602436896079178,0.66141576482523,0.0424007583570708
A3,AR,None,343,13,356,0.602013894125443,0.671692533567045,0.0509634157070263
A3,AR,None,343,14,357,0.601659328291778,0.683038247172503,0.0604132186513014
A3,AR,None,350,1,351,0.605069896306006,0.605893127706839,0.000309850578741351
A3,AR,None,350,2,352,0.604240474679024,0.60672977780161,0.00111213152593241
A3,AR,None,350,3,353,0.603536111322109,0.608553279507895,0.00265004252286245
A3,AR,None,350,4,354,0.602939905971983,0.611365152881964,0.00495177582586512
A3,AR,None,350,5,355,0.602436896079178,0.615168419631592,0.00801362482958578
A3,AR,None,350,6,356,0.602013894125443,0.619967507060109,0.0118614412592466
A3,AR,None,350,7,357,0.601659328291778,0.625768122164691,0.0165174958481879
A3,AR,None,350,8,358,0.601363088513552,0.632577095010111,0.0220015199001151
A3,AR,None,350,9,359,0.601116379505959,0.640402190320733,0.0283313034092267
A3,AR,None,350,10,360,0.600911581933904,0.649251886111313,0.035523040341216
A3,AR,None,350,11,361,0.600742122537656,0.659135118122615,0.0435915122475272
A3,AR,None,350,12,362,0.600602353709816,0.670060988852603,0.0525501574274687
A3,AR,None,350,13,363,0.600487442749733,0.682038440090116,0.0624110518293756
A3,AR,None,350,14,364,0.600393270796466,0.695075888077219,0.0731848171697179
A3,N4SID,I,49,1,50,1.09716515595028,1.02983956703755,0.0324115521631244
A3,N4SID,I,49,2,51,1.131911791421,1.02941548248251,0.0690880651485651
A3,N4SID,I,49,3,52,1.1673808365351,1.02899670932471,0.105413451680849
A3,N4SID,I,49,4,53,1.2034007320129,1.02858317862057,0.141992403421186
A3,N4SID,I,49,5,54,1.2397836577668,1.02817482239006,0.178847165809583
A3,N4SID,I,49,6,55,1.27632682519514,1.0277715736017,0.215832140918855
A3,N4SID,I,49,7,56,1.31281408089058,1.02737336615782,0.252747590814126
A3,N4SID,I,49,8,57,1.34901781099478,1.02698013488015,0.289371074273015
A3,N4SID,I,49,9,58,1.38470112835164,1.0265918154955,0.325467557619149
A3,N4SID,I,49,10,59,1.4196203175717,1.0262083446219,0.360794095479698
A3,N4SID,I,49,11,60,1.45352750631936,1.02582965975477,0.395103187346592
A3,N4SID,I,49,12,61,1.4861735247717,1.02545569925352,0.42814587153988
A3,N4SID,I,49,13,62,1.5173109094711,1.02508640232827,0.459674819331316
A3,N4SID,I,49,14,63,1.54669700289137,1.02472170902682,0.489447472932775
A3,N4SID,I,56,1,57,1.34901781099478,1.25340821696116,0.0725655911757211
A3,N4SID,I,56,2,58,1.38470112835164,1.24303198070429,0.0751748565943783
A3,N4SID,I,56,3,59,1.4196203175717,1.23296946048936,0.0776500569420571
A3,N4SID,I,56,4,60,1.45352750631936,1.22320837481029,0.0854665021801162
A3,N4SID,I,56,5,61,1.4861735247717,1.21373715651247,0.0991995862581397
A3,N4SID,I,56,6,62,1.5173109094711,1.20454490765578,0.112342012939442
A3,N4SID,I,56,7,63,1.54669700289137,1.19562135703661,0.124817063064383
A3,N4SID,I,56,8,64,1.57409709612835,1.18695682020135,0.14634112995355
A3,N4SID,I,56,9,65,1.59928755935892,1.1785421617984,0.168582755548935
A3,N4SID,I,56,10,66,1.62205890320497,1.17036876012863,0.198272798441447
A3,N4SID,I,56,11,67,1.64221871397501,1.16242847376556,0.2287296602607
A3,N4SID,I,56,12,68,1.65959440698018,1.15471361012726,0.267280320744476
A3,N4SID,I,56,13,69,1.6740357447402,1.14721689589075,0.302056918034144
A3,N4SID,I,56,14,70,1.68541707086717,1.13993144914806,0.332971519095882
A3,N4SID,I,63,1,64,1.57409709612835,1.45386647418432,0.126299870106554
A3,N4SID,I,63,2,65,1.59928755935892,1.425916687739,0.124959999969378
A3,N4SID,I,63,3,66,1.62205890320497,1.39929659824977,0.123266502317445
A3,N4SID,I,63,4,67,1.64221871397501,1.37392099149355,0.121411867519859
A3,N4SID,I,63,5,68,1.65959440698018,1.34971274129627,0.119470458147447
A3,N4SID,I,63,6,69,1.6740357447402,1.32660197852727,0.127405936912143
A3,N4SID,I,63,7,70,1.68541707086717,1.30452534025699,0.137901400324556
A3,N4SID,I,63,8,71,1.69363921566415,1.28342529096182,0.147043501458788
A3,N4SID,I,63,9,72,1.69863103587811,1.26324950874655,0.154824304670663
A3,N4SID,I,63,10,73,1.70035055844617,1.24395033046212,0.16318142557188
A3,N4SID,I,63,11,74,1.69878570627929,1.2254842503513,0.180546024156352
A3,N4SID,I,63,12,75,1.69395459292062,1.20781146748195,0.195063451522466
A3,N4SID,I,63,13,76,1.68590538205909,1.19089547774801,0.216037053563668
A3,N4SID,I,63,14,77,1.67471571712173,1.17470270665024,0.235617246970086
A3,N4SID,I,70,1,71,1.69363921566415,1.62967982607915,0.0351937158745738
A3,N4SID,I,70,2,72,1.69863103587811,1.61055674624473,0.0365992727082012
A3,N4SID,I,70,3,73,1.70035055844617,1.59219792090952,0.040961848795591
A3,N4SID,I,70,4,74,1.69878570627929,1.57457264542849,0.0461480969312673
A3,N4SID,I,70,5,75,1.69395459292062,1.55765190239393,0.0500225841745196
A3,N4SID,I,70,6,76,1.68590538205909,1.54140825286362,0.0526074447114383
A3,N4SID,I,70,7,77,1.67471571712173,1.52581573570195,0.0539357600531175
A3,N4SID,I,70,8,78,1.66049173525736,1.51084977443713,0.0540503731851297
A3,N4SID,I,70,9,79,1.64336668870719,1.49648709108594,0.0530030793642541
A3,N4SID,I,70,10,80,1.62349920459827,1.48270562643997,0.0508539023676297
A3,N4SID,I,70,11,81,1.60107122137404,1.46948446634736,0.047670351798826
A3,N4SID,I,70,12,82,1.57628564620134,1.45680377356024,0.0435266268990554
A3,N4SID,I,70,13,83,1.54936378260769,1.44464472475101,0.038502761282342
A3,N4SID,I,70,14,84,1.520542581185,1.43298945233176,0.0326837160505436
A3,N4SID,I,77,1,78,1.66049173525736,1.73469621814753,0.0604261146609337
A3,N4SID,I,77,2,79,1.64336668870719,1.7662966014299,0.0683831513769472
A3,N4SID,I,77,3,80,1.62349920459827,1.80178861452806,0.0774024909685739
A3,N4SID,I,77,4,81,1.60107122137404,1.84194745045831,0.0962449823915232
A3,N4SID,I,77,5,82,1.57628564620134,1.88776959804234,0.120892795348677
A3,N4SID,I,77,6,83,1.54936378260769,1.94055853905956,0.148771809737557
A3,N4SID,I,77,7,84,1.520542581185,2.00205386598397,0.189994679836331
A3,N4SID,I,77,8,85,1.49007176836835,2.07463196256279,0.241624928563437
A3,N4SID,I,77,9,86,1.45821090902455,2.16162941712259,0.316086600066012
A3,N4SID,I,77,10,87,1.42522645787431,2.26788700868879,0.411385251772744
A3,N4SID,I,77,11,88,1.39138885267405,2.40071286963408,0.531180254567633
A3,N4SID,I,77,12,89,1.35696969869133,2.57169821421705,0.675793649437589
A3,N4SID,I,77,13,90,1.32223908944989,2.80041991622154,0.857206727552339
A3,N4SID,I,77,14,91,1.28746310315571,3.1227961376877,1.09750052762305
A3,N4SID,I,84,1,85,1.49007176836835,1.59696380505638,0.0403319008898726
A3,N4SID,I,84,2,86,1.45821090902455,1.62584040872659,0.0677661845261467
A3,N4SID,I,84,3,87,1.42522645787431,1.65723682708861,0.118787454980229
A3,N4SID,I,84,4,88,1.39138885267405,1.69153967542764,0.182131401855188
A3,N4SID,I,84,5,89,1.35696969869133,1.72922342491921,0.248944661907264
A3,N4SID,I,84,6,90,1.32223908944989,1.77087727738959,0.319476217608729
A3,N4SID,I,84,7,91,1.28746310315571,1.81724260775037,0.394100453821232
A3,N4SID,I,84,8,92,1.2529015078321,1.86926617804459,0.473372368485135
A3,N4SID,I,84,9,93,1.2188057011947,1.92817748326936,0.558096450559625
A3,N4SID,I,84,10,94,1.18541690390552,1.99560407771871,0.64942502711142
A3,N4SID,I,84,11,95,1.1529646172836,2.07374863788108,0.74900578475612
A3,N4SID,I,84,12,96,1.12166534904193,2.16567018284347,0.859211058834777
A3,N4SID,I,84,13,97,1.09172160338137,2.27574882328153,0.983507450415068
A3,N4SID,I,84,14,98,1.06332112500423,2.41049093418322,1.12707650194711
A3,N4SID,I,91,1,92,1.2529015078321,1.30000446055191,0.0188996592226762
A3,N4SID,I,91,2,93,1.2188057011947,1.28750445649734,0.0259512008843746
A3,N4SID,I,91,3,94,1.18541690390552,1.2740797225289,0.0331565135411098
A3,N4SID,I,91,4,95,1.1529646172836,1.2597473333469,0.0434922490610279
A3,N4SID,I,91,5,96,1.12166534904193,1.24453258463686,0.056580107088077
A3,N4SID,I,91,6,97,1.09172160338137,1.22846907679421,0.0713775738922513
A3,N4SID,I,91,7,98,1.06332112500423,1.21159861189362,0.0842946083813653
A3,N4SID,I,91,8,99,1.03663638049503,1.19397089300799,0.0948108167897957
A3,N4SID,I,91,9,100,1.01182425521157,1.17564302297763,0.102819282082739
A3,N4SID,I,91,10,101,0.989025939465599,1.15667880859508,0.108233961857789
A3,N4SID,I,91,11,102,0.968366974448647,1.13714788532843,0.110988962403352
A3,N4SID,I,91,12,103,0.949957426141047,1.11712468649977,0.111037472797279
A3,N4SID,I,91,13,104,0.933892154364197,1.09668728859449,0.108350478506934
A3,N4SID,I,91,14,105,0.920251144197055,1.0759161704909,0.102915345848965
A3,N4SID,I,98,1,99,1.03663638049503,1.0442147946796,0.00843626903842587
A3,N4SID,I,98,2,100,1.01182425521157,1.02008857240004,0.00828810928757668
A3,N4SID,I,98,3,101,0.989025939465599,0.996272008670829,0.00796024289294639
A3,N4SID,I,98,4,102,0.968366974448647,0.972846138378987,0.00744723320535682
A3,N4SID,I,98,5,103,0.949957426141047,0.949883576200291,0.0067618870085434
A3,N4SID,I,98,6,104,0.933892154364197,0.927448000529248,0.00728420262543126
A3,N4SID,I,98,7,105,0.920251144197055,0.905593898228475,0.00802218403999408
A3,N4SID,I,98,8,106,0.909099868145179,0.884366549260084,0.00950581351190473
A3,N4SID,I,98,9,107,0.900489649660571,0.863802222484557,0.0134598409671193
A3,N4SID,I,98,10,108,0.894458001771371,0.843928548931437,0.0201738296584651
A3,N4SID,I,98,11,109,0.891028918575113,0.824765036517595,0.0332431344127493
A3,N4SID,I,98,12,110,0.890213102038943,0.806323690179001,0.051536882868516
A3,N4SID,I,98,13,111,0.892008111778536,0.788609703239605,0.0716524710930221
A3,N4SID,I,98,14,112,0.896398431084497,0.77162218906663,0.0935782032760839
A3,N4SID,I,105,1,106,0.909099868145179,0.894962018880957,0.0074554231430579
A3,N4SID,I,105,2,107,0.900489649660571,0.875516223123848,0.00949181409444364
A3,N4SID,I,105,3,108,0.894458001771371,0.856780288111122,0.0137001358110985
A3,N4SID,I,105,4,109,0.891028918575113,0.838768380754504,0.0225037312658823
A3,N4SID,I,105,5,110,0.890213102038943,0.821488139326086,0.0382490764665965
A3,N4SID,I,105,6,111,0.892008111778536,0.804941302804662,0.0572296624078995
A3,N4SID,I,105,7,112,0.896398431084497,0.789124366230091,0.0780417697845535
A3,N4SID,I,105,8,113,0.903355448251897,0.774029240544423,0.100665364260133
A3,N4SID,I,105,9,114,0.912837358062052,0.759643899226632,0.125071387726286
A3,N4SID,I,105,10,115,0.924788993882884,0.745952997839757,0.15122093639572
A3,N4SID,I,105,11,116,0.939141606117093,0.732938456202105,0.179064419978864
A3,N4SID,I,105,12,117,0.955812607467806,0.720579996130837,0.208540733522757
A3,N4SID,I,105,13,118,0.974705309554556,0.708855630507364,0.239576471984617
A3,N4SID,I,105,14,119,0.995708678662191,0.697742101747866,0.272085217774976
A3,N4SID,I,112,1,113,0.903355448251897,0.864562979000926,0.0140832542881467
A3,N4SID,I,112,2,114,0.912837358062052,0.850288298298629,0.031038110219007
A3,N4SID,I,112,3,115,0.924788993882884,0.836473314243655,0.0573674346666458
A3,N4SID,I,112,4,116,0.939141606117093,0.823123082130902,0.085591307735423
A3,N4SID,I,112,5,117,0.955812607467806,0.810239713977361,0.115641457724909
A3,N4SID,I,112,6,118,0.974705309554556,0.797822647992049,0.147425997909696
A3,N4SID,I,112,7,119,0.995708678662191,0.785868922560061,0.180838064731347
A3,N4SID,I,112,8,120,1.01869714072669,0.774373448825241,0.215757666583843
A3,N4SID,I,112,9,121,1.04353046696545,0.763329276959315,0.252051893704101
A3,N4SID,I,112,10,122,1.07005377178376,0.752727852183106,0.289574808187584
A3,N4SID,I,112,11,123,1.09809765370247,0.742559257523656,0.328167374101571
A3,N4SID,I,112,12,124,1.1274785080547,0.73281244112632,0.367657543480394
A3,N4SID,I,112,13,125,1.15799903712437,0.723475426679093,0.407860548221283
A3,N4SID,I,112,14,126,1.18944897931223,0.714535506140994,0.448579426794315
A3,N4SID,I,119,1,120,1.01869714072669,0.956057888338075,0.0265027638498867
A3,N4SID,I,119,2,121,1.04353046696545,0.945910242786898,0.0602387471945574
A3,N4SID,I,119,3,122,1.07005377178376,0.935869864382861,0.0973024930267367
A3,N4SID,I,119,4,123,1.09809765370247,0.925948514341567,0.135695230721467
A3,N4SID,I,119,5,124,1.1274785080547,0.916156996582436,0.175271863316059
A3,N4SID,I,119,6,125,1.15799903712437,0.906505138631094,0.215837910345292
A3,N4SID,I,119,7,126,1.18944897931223,0.897001782799026,0.257177424912973
A3,N4SID,I,119,8,127,1.22160607391179,0.887654786988607,0.29906093369923
A3,N4SID,I,119,9,128,1.25423727228529,0.878471034361648,0.341248472342457
A3,N4SID,I,119,10,129,1.2871001998011,0.869456451027708,0.383491532522673
A3,N4SID,I,119,11,130,1.3199448660054,0.860616030853677,0.425534893922247
A3,N4SID,I,119,12,131,1.35251561334646,0.851953866466789,0.467118587863042
A3,N4SID,I,119,13,132,1.38455328755885,0.843473185516956,0.50798004654511
A3,N4SID,I,119,14,133,1.41579760576024,0.835176391278298,0.54785643523848
A3,N4SID,I,126,1,127,1.22160607391179,1.14747299627308,0.0298084030401897
A3,N4SID,I,126,2,128,1.25423727228529,1.14172600338903,0.0645810295084453
A3,N4SID,I,126,3,129,1.2871001998011,1.1358286657741,0.103698572825175
A3,N4SID,I,126,4,130,1.3199448660054,1.12978549483278,0.142858903756414
A3,N4SID,I,126,5,131,1.35251561334646,1.12360146648746,0.181866345369578
A3,N4SID,I,126,6,132,1.38455328755885,1.11728200939883,0.220474137351525
A3,N4SID,I,126,7,133,1.41579760576024,1.11083298956543,0.258421314694304
A3,N4SID,I,126,8,134,1.44598969163355,1.10426069134008,0.295444308940225
A3,N4SID,I,126,9,135,1.47487474097027,1.09757179495199,0.331282105654926
A3,N4SID,I,126,10,136,1.50220477553552,1.09077335067513,0.365679746537302
A3,N4SID,I,126,11,137,1.52774143885977,1.08387274983379,0.398391387716116
A3,N4SID,I,126,12,138,1.55125878431978,1.07687769288557,0.429183204692706
A3,N4SID,I,126,13,139,1.57254600386394,1.06979615486724,0.457836190256775
A3,N4SID,I,126,14,140,1.59141004505287,1.06263634853041,0.484148823936544
A3,N4SID,I,133,1,134,1.44598969163355,1.3777364770938,0.024821306977264
A3,N4SID,I,133,2,135,1.47487474097027,1.37486908799627,0.0439823390223613
A3,N4SID,I,133,3,136,1.50220477553552,1.37193643386745,0.0723289773005698
A3,N4SID,I,133,4,137,1.52774143885977,1.36893550859427,0.100899811419162
A3,N4SID,I,133,5,138,1.55125878431978,1.36586325075426,0.127497941334018
A3,N4SID,I,133,6,139,1.57254600386394,1.36271654965416,0.15192640151906
A3,N4SID,I,133,7,140,1.59141004505287,1.3594922522336,0.173997547382005
A3,N4SID,I,133,8,141,1.60767806477234,1.35618717088299,0.193541740129999
A3,N4SID,I,133,9,142,1.62119967003926,1.35279809222137,0.210411178098589
A3,N4SID,I,133,10,143,1.63184889972795,1.34932178687661,0.224482295630896
A3,N4SID,I,133,11,144,1.63952590571536,1.34575502030537,0.235657559067553
A3,N4SID,I,133,12,145,1.64415829776442,1.34209456468404,0.243866845359208
A3,N4SID,I,133,13,146,1.64570212328021,1.3383372118945,0.249068432082316
A3,N4SID,I,133,14,147,1.64414246069943,1.33447978761976,0.251249593492889
A3,N4SID,I,140,1,141,1.60767806477234,1.57653881097091,0.0152779841329516
A3,N4SID,I,140,2,142,1.62119967003926,1.58145130326105,0.0163119836788452
A3,N4SID,I,140,3,143,1.63184889972795,1.58734620818376,0.0172557332493911
A3,N4SID,I,140,4,144,1.63952590571536,1.59432330420457,0.0175142938923884
A3,N4SID,I,140,5,145,1.64415829776442,1.60249772364024,0.0169133121707026
A3,N4SID,I,140,6,146,1.64570212328021,1.61200306795545,0.0162121340740119
A3,N4SID,I,140,7,147,1.64414246069943,1.62299531481768,0.0150356968776748
A3,N4SID,I,140,8,148,1.63949361349869,1.6356577607009,0.0133721240676905
A3,N4SID,I,140,9,149,1.63179890040021,1.65020733208537,0.0153015265853202
A3,N4SID,I,140,10,150,1.62113004607299,1.666902725771,0.0187134323644172
A3,N4SID,I,140,11,151,1.60758618522636,1.68605502336146,0.0293092278408072
A3,N4SID,I,140,12,152,1.59129250122879,1.70804169603078,0.0468916484494612
A3,N4SID,I,140,13,153,1.57239852802776,1.73332531994018,0.080546228211901
A3,N4SID,I,140,14,154,1.55107615098467,1.76247893532743,0.126937354202304
A3,N4SID,I,147,1,148,1.63949361349869,1.66903471408944,0.0157513345374988
A3,N4SID,I,147,2,149,1.63179890040021,1.68587491081505,0.0208607563925785
A3,N4SID,I,147,3,150,1.62113004607299,1.70507154156538,0.0308859243801186
A3,N4SID,I,147,4,151,1.60758618522636,1.72699150573167,0.0514363813742661
A3,N4SID,I,147,5,152,1.59129250122879,1.75208330807058,0.0875646845900667
A3,N4SID,I,147,6,153,1.57239852802776,1.78090109902512,0.13244279984723
A3,N4SID,I,147,7,154,1.55107615098467,1.81413764284124,0.183514311345765
A3,N4SID,I,147,8,155,1.52751734808735,1.85267025450475,0.241274260592487
A3,N4SID,I,147,9,156,1.50193171770902,1.89762590928162,0.306381300363662
A3,N4SID,I,147,10,157,1.47454384252821,1.95047520927916,0.379725166548889
A3,N4SID,I,147,11,158,1.44559054133432,2.01317054239336,0.462523792109859
A3,N4SID,I,147,12,159,1.4153180611801,2.0883529084567,0.556465988081523
A3,N4SID,I,147,13,160,1.38397926171425,2.1796661500885,0.66392482713002
A3,N4SID,I,147,14,161,1.3518308415805,2.29223678014917,0.788280067180612
A3,N4SID,I,154,1,155,1.52751734808735,1.57314404023559,0.0178497696197513
A3,N4SID,I,154,2,156,1.50193171770902,1.57556634072854,0.0272223557314515
A3,N4SID,I,154,3,157,1.47454384252821,1.57837819978397,0.0430234944687988
A3,N4SID,I,154,4,158,1.44559054133432,1.58161317075065,0.07028602751221
A3,N4SID,I,154,5,159,1.4153180611801,1.5853080577965,0.102904306569067
A3,N4SID,I,154,6,160,1.38397926171425,1.58950322942822,0.136875956315464
A3,N4SID,I,154,7,161,1.3518308415805,1.59424293717485,0.171960948019474
A3,N4SID,I,154,8,162,1.31913065359098,1.59957561944131,0.207919474567469
A3,N4SID,I,154,9,163,1.28613515109258,1.60555415486307,0.244515291638338
A3,N4SID,I,154,10,164,1.25309700269766,1.61223600277935,0.281518864530655
A3,N4SID,I,154,11,165,1.2202629065207,1.61968312224919,0.318710489703777
A3,N4SID,I,154,12,166,1.18787162844738,1.62796147947816,0.355883509375404
A3,N4SID,I,154,13,167,1.1561522819687,1.63713980551988,0.392847805338485
A3,N4SID,I,154,14,168,1.12532285995501,1.64728698793334,0.429433935893043
A3,N4SID,I,161,1,162,1.31913065359098,1.34433385154993,0.0127591460504004
A3,N4SID,I,161,2,163,1.28613515109258,1.32403220863886,0.0148327805958275
A3,N4SID,I,161,3,164,1.25309700269766,1.30325986741577,0.0189042707999526
A3,N4SID,I,161,4,165,1.2202629065207,1.28207957554732,0.0227709545480852
A3,N4SID,I,161,5,166,1.18787162844738,1.26055946732966,0.0284882939241348
A3,N4SID,I,161,6,167,1.1561522819687,1.2387721068298,0.0347736924810237
A3,N4SID,I,161,7,168,1.12532285995501,1.21679340655544,0.0419730529082469
A3,N4SID,I,161,8,169,1.09558902163416,1.19470145712202,0.0497648529960251
A3,N4SID,I,161,9,170,1.06714313118089,1.17257530775299,0.0566870155478166
A3,N4SID,I,161,10,171,1.04016353791194,1.15049373945041,0.0622194669323804
A3,N4SID,I,161,11,172,1.01481408228635,1.12853407217771,0.0662754212935297
A3,N4SID,I,161,12,173,0.991243806884174,1.10677104450065,0.0687795634356506
A3,N4SID,I,161,13,174,0.969586847401787,1.08527579914111,0.0696671511150921
A3,N4SID,I,161,14,175,0.949962475553668,1.06411500128432,0.0688831339536214
A3,N4SID,I,168,1,169,1.09558902163416,1.10251282919988,0.00863143452034906
A3,N4SID,I,168,2,170,1.06714313118089,1.07601051481188,0.00867522623053021
A3,N4SID,I,168,3,171,1.04016353791194,1.05003531288754,0.00861477280727827
A3,N4SID,I,168,4,172,1.01481408228635,1.0246711681836,0.00844186367775675
A3,N4SID,I,168,5,173,0.991243806884174,0.999991286537731,0.008148852835838
A3,N4SID,I,168,6,174,0.969586847401787,0.976057759890772,0.00772846465032226
A3,N4SID,I,168,7,175,0.949962475553668,0.952921516407862,0.00717376576213201
A3,N4SID,I,168,8,176,0.932475263671701,0.930622556799232,0.00688988881163575
A3,N4SID,I,168,9,177,0.917215339775503,0.909190430224473,0.00741880849026862
A3,N4SID,I,168,10,178,0.904258701950913,0.888644899549434,0.00810967324440143
A3,N4SID,I,168,11,179,0.893667561987406,0.868996745676898,0.00948338459496118
A3,N4SID,I,168,12,180,0.885490690328758,0.850248663457732,0.0129784385171971
A3,N4SID,I,168,13,181,0.879763737397501,0.832396206500208,0.0183990774131715
A3,N4SID,I,168,14,182,0.876509510151597,0.815428744248646,0.028239789552468
A3,N4SID,I,175,1,176,0.932475263671701,0.924161360587364,0.0072566038612869
A3,N4SID,I,175,2,177,0.917215339775503,0.90214101930776,0.00785546937567586
A3,N4SID,I,175,3,178,0.904258701950913,0.881060298916901,0.00895595127371298
A3,N4SID,I,175,4,179,0.893667561987406,0.860928235260985,0.0121076650165802
A3,N4SID,I,175,5,180,0.885490690328758,0.841745234354347,0.0166528622917195
A3,N4SID,I,175,6,181,0.879763737397501,0.823504151616325,0.0251438598890494
A3,N4SID,I,175,7,182,0.876509510151597,0.806191372087783,0.0390607182030731
A3,N4SID,I,175,8,183,0.875738187189561,0.789787859021149,0.0553596088859731
A3,N4SID,I,175,9,184,0.877447460689384,0.774270146101163,0.0732192090140945
A3,N4SID,I,175,10,185,0.881622598785737,0.759611255777041,0.0926522679420527
A3,N4SID,I,175,11,186,0.888236427489117,0.745781532506843,0.113661978153142
A3,N4SID,I,175,12,187,0.897249236755849,0.732749385015103,0.136241102077987
A3,N4SID,I,175,13,188,0.908608620655388,0.720481935939452,0.160371127989693
A3,N4SID,I,175,14,189,0.922249266582213,0.70894558055968,0.186021468586798
A3,N4SID,I,182,1,183,0.875738187189561,0.848221637051509,0.0103214005813143
A3,N4SID,I,182,2,184,0.877447460689384,0.832534283949167,0.0175851017534547
A3,N4SID,I,182,3,185,0.881622598785737,0.817571600687549,0.0331638403030946
A3,N4SID,I,182,4,186,0.888236427489117,0.803321207169642,0.0545890436331531
A3,N4SID,I,182,5,187,0.897249236755849,0.789767505882743,0.0776876597778026
A3,N4SID,I,182,6,188,0.908608620655388,0.776892267261167,0.102427516281027
A3,N4SID,I,182,7,189,0.922249266582213,0.764675172715591,0.128764704989363
A3,N4SID,I,182,8,190,0.938092712963733,0.753094310300697,0.156643540701935
A3,N4SID,I,182,9,191,0.956047098776359,0.74212662010439,0.185996055984678
A3,N4SID,I,182,10,192,0.976006931269497,0.731748288173349,0.21674142516343
A3,N4SID,I,182,11,193,0.997852900502735,0.721935089197641,0.248785444383978
A3,N4SID,I,182,12,194,1.02145177053989,0.71266267932415,0.282020124886515
A3,N4SID,I,182,13,195,1.04665637735629,0.70390684140889,0.316323436546407
A3,N4SID,I,182,14,196,1.07330576267278,0.695643685789253,0.351559231213356
A3,N4SID,I,189,1,190,0.938092712963733,0.887017702502695,0.0204596079693814
A3,N4SID,I,189,2,191,0.956047098776359,0.875804760016789,0.046994212944049
A3,N4SID,I,189,3,192,0.976006931269497,0.864981553421379,0.0782371069392431
A3,N4SID,I,189,4,193,0.997852900502735,0.854546422441474,0.110935559475844
A3,N4SID,I,189,5,194,1.02145177053989,0.844495982561664,0.144979796695338
A3,N4SID,I,189,6,195,1.04665637735629,0.83482531294773,0.18023309042953
A3,N4SID,I,189,7,196,1.07330576267278,0.825528146221665,0.216542471254923
A3,N4SID,I,189,8,197,1.10122547103208,0.816597057973517,0.253741615054284
A3,N4SID,I,189,9,198,1.13022803451074,0.808023653968209,0.291651882126648
A3,N4SID,I,189,10,199,1.16011366557638,0.799798752938538,0.330083034914371
A3,N4SID,I,189,11,200,1.19067117384528,0.791912562682588,0.368834039246965
A3,N4SID,I,189,12,201,1.22167911699159,0.784354846973772,0.407694065157692
A3,N4SID,I,189,13,202,1.25290718995044,0.77711508063876,0.446443723499015
A3,N4SID,I,189,14,203,1.28411785001158,0.770182590164625,0.484856547867104
A3,N4SID,I,196,1,197,1.10122547103208,1.03029883424688,0.0313862342330527
A3,N4SID,I,196,2,198,1.13022803451074,1.02179938000033,0.0682010982365105
A3,N4SID,I,196,3,199,1.16011366557638,1.01343914436167,0.106848400932499
A3,N4SID,I,196,4,200,1.19067117384528,1.0052331915472,0.145957692978557
A3,N4SID,I,196,5,201,1.22167911699159,0.997196633688108,0.185328895574251
A3,N4SID,I,196,6,202,1.25290718995044,0.989344677104735,0.224725615391533
A3,N4SID,I,196,7,203,1.28411785001158,0.981692612120651,0.263897073140642
A3,N4SID,I,196,8,204,1.31506816860202,0.974255652241594,0.302585288568383
A3,N4SID,I,196,9,205,1.34551189370352,0.967048453107801,0.340528976294801
A3,N4SID,I,196,10,206,1.37520170014791,0.960084043973723,0.377467246610608
A3,N4SID,I,196,11,207,1.40389159868553,0.953371961214556,0.413144024938983
A3,N4SID,I,196,12,208,1.43133946892857,0.946915802847553,0.447313132661157
A3,N4SID,I,196,13,209,1.45730967622088,0.94071131672106,0.479742920970574
A3,N4SID,I,196,14,210,1.4815757283465,0.934746521905423,0.510218891849701
A3,N4SID,I,203,1,204,1.31506816860202,1.24092812899603,0.0292361699526191
A3,N4SID,I,203,2,205,1.34551189370352,1.23554369636884,0.059393844684013
A3,N4SID,I,203,3,206,1.37520170014791,1.23043094755768,0.094498763869836
A3,N4SID,I,203,4,207,1.40389159868553,1.22558099275219,0.128280547012547
A3,N4SID,I,203,5,208,1.43133946892857,1.22096897118959,0.160557915825972
A3,N4SID,I,203,6,209,1.45730967622088,1.21656661528007,0.191133215939399
A3,N4SID,I,203,7,210,1.4815757283465,1.21234673848669,0.219810524611977
A3,N4SID,I,203,8,211,1.50392292490877,1.20828473172493,0.246401587591246
A3,N4SID,I,203,9,212,1.52415095030417,1.20435891135837,0.27072916211956
A3,N4SID,I,203,10,213,1.54207636056499,1.20055042471796,0.292629834030143
A3,N4SID,I,203,11,214,1.55753491499715,1.19684299602047,0.311956653756087
A3,N4SID,I,203,12,215,1.57038370550039,1.19322262932267,0.328581580543313
A3,N4SID,I,203,13,216,1.58050303969516,1.1896773165932,0.342397672773526
A3,N4SID,I,203,14,217,1.58779803841969,1.18619676929865,0.353320969906231
A3,N4SID,I,210,1,211,1.50392292490877,1.45249107875135,0.0192896990147376
A3,N4SID,I,210,2,212,1.52415095030417,1.45128740306083,0.0264269398184789
A3,N4SID,I,210,3,213,1.54207636056499,1.45016275468348,0.0369919316100341
A3,N4SID,I,210,4,214,1.55753491499715,1.44910562611363,0.0493513450809981
A3,N4SID,I,210,5,215,1.57038370550039,1.44810607212091,0.0622598409094703
A3,N4SID,I,210,6,216,1.58050303969516,1.44715553859683,0.0733768560073056
A3,N4SID,I,210,7,217,1.58779803841969,1.44624670073038,0.0816244915781204
A3,N4SID,I,210,8,218,1.59219991369156,1.44537328540796,0.0869410528993539
A3,N4SID,I,210,9,219,1.59366689970428,1.44452991949015,0.0892906357876472
A3,N4SID,I,210,10,220,1.59218481667631,1.44371200013767,0.0886640161041327
A3,N4SID,I,210,11,221,1.58776725518506,1.44291558393989,0.0850790066299597
A3,N4SID,I,210,12,222,1.58045537678451,1.44213729208856,0.0785803764679915
A3,N4SID,I,210,13,223,1.57031733499036,1.44137422925113,0.0692393652497098
A3,N4SID,I,210,14,224,1.55744732888769,1.44062391414823,0.0571528137704578
A3,N4SID,I,217,1,218,1.59219991369156,1.57908087236566,0.0128745606884514
A3,N4SID,I,217,2,219,1.59366689970428,1.57984888033821,0.012953795722413
A3,N4SID,I,217,3,220,1.59218481667631,1.58064444604502,0.0127051753678819
A3,N4SID,I,217,4,221,1.58776725518506,1.58146432263963,0.0121286042092227
A3,N4SID,I,217,5,222,1.58045537678451,1.58230572955627,0.0116396328754174
A3,N4SID,I,217,6,223,1.57031733499036,1.58316628597764,0.0128676994037706
A3,N4SID,I,217,7,224,1.55744732888769,1.58404395383138,0.0144014027585796
A3,N4SID,I,217,8,225,1.54196430944264,1.58493698894237,0.0168711494216113
A3,N4SID,I,217,9,226,1.5240103658617,1.5858438991678,0.0231595397787949
A3,N4SID,I,217,10,227,1.50374882584088,1.58676340851235,0.0319216570399726
A3,N4SID,I,217,11,228,1.48136210910434,1.58769442636594,0.0471359213994806
A3,N4SID,I,217,12,229,1.45704937810415,1.58863602113033,0.0706802924920694
A3,N4SID,I,217,13,230,1.43102403302791,1.58958739760666,0.0976204621397127
A3,N4SID,I,217,14,231,1.40351110026551,1.59054787760619,0.126056894776519
A3,N4SID,I,224,1,225,1.54196430944264,1.56812098066544,0.0140457498607015
A3,N4SID,I,224,2,226,1.5240103658617,1.56847079909214,0.0172956596136743
A3,N4SID,I,224,3,227,1.50374882584088,1.56882987700293,0.0241696553517514
A3,N4SID,I,224,4,228,1.48136210910434,1.56919712318501,0.0349878528647237
A3,N4SID,I,224,5,229,1.45704937810415,1.5695716028974,0.0533395468793337
A3,N4SID,I,224,6,230,1.43102403302791,1.5699525155586,0.0797317509698774
A3,N4SID,I,224,7,231,1.40351110026551,1.57033917562018,0.107616967162157
A3,N4SID,I,224,8,232,1.37474456418714,1.57073099617039,0.136760679582868
A3,N4SID,I,224,9,233,1.34496469148778,1.57112747487759,0.16692215480134
A3,N4SID,I,224,10,234,1.31441539550377,1.57152818193885,0.197857076330246
A3,N4SID,I,224,11,235,1.28334168488708,1.57193274974754,0.229320089321607
A3,N4SID,I,224,12,236,1.25198723694768,1.57234086403424,0.26106721993256
A3,N4SID,I,224,13,237,1.22059213098797,1.57275225627084,0.292858135233181
A3,N4SID,I,224,14,238,1.18939077122458,1.57316669715742,0.324458214311227
A3,N4SID,I,231,1,232,1.37474456418714,1.42635451185964,0.0194310284437706
A3,N4SID,I,231,2,233,1.34496469148778,1.42507732041522,0.0321005156684596
A3,N4SID,I,231,3,234,1.31441539550377,1.42380162186447,0.0562938952108285
A3,N4SID,I,231,4,235,1.28334168488708,1.42252700815954,0.0861455100254818
A3,N4SID,I,231,5,236,1.25198723694768,1.42125312988095,0.116275430795921
A3,N4SID,I,231,6,237,1.22059213098797,1.41997968783004,0.146445557031534
A3,N4SID,I,231,7,238,1.18939077122458,1.41870642582771,0.176421841482269
A3,N4SID,I,231,8,239,1.15861002260672,1.41743312454636,0.205977378370919
A3,N4SID,I,231,9,240,1.12846757619503,1.4161595962266,0.234894348946946
A3,N4SID,I,231,10,241,1.09917055396317,1.41488568015178,0.262965495676262
A3,N4SID,I,231,11,242,1.07091435612846,1.41361123877167,0.289995294217949
A3,N4SID,I,231,12,243,1.04388174760131,1.41233615438194,0.315800870653908
A3,N4SID,I,231,13,244,1.0182421740505,1.41106032627999,0.340212684973324
A3,N4SID,I,231,14,245,0.994151292574028,1.40978366832852,0.363074998921771
A3,N4SID,I,238,1,239,1.15861002260672,1.21511790781231,0.0207668806710511
A3,N4SID,I,238,2,240,1.12846757619503,1.212789524265,0.0390941038588344
A3,N4SID,I,238,3,241,1.09917055396317,1.21046517536152,0.0660718779817293
A3,N4SID,I,238,4,242,1.07091435612846,1.20814470076769,0.0921014134856982
A3,N4SID,I,238,5,243,1.04388174760131,1.20582796315695,0.116905903723923
A3,N4SID,I,238,6,244,1.0182421740505,1.20351484489047,0.140319545060554
A3,N4SID,I,238,7,245,0.994151292574028,1.20120524517633,0.162187534533893
A3,N4SID,I,238,8,246,0.971750697189491,1.19889907763854,0.182368439486735
A3,N4SID,I,238,9,247,0.951167815427898,1.19659626823677,0.200734825881284
A3,N4SID,I,238,10,248,0.932515949323159,1.19429675348625,0.21717334878959
A3,N4SID,I,238,11,249,0.915894432094175,1.19200047893445,0.231584628323403
A3,N4SID,I,238,12,250,0.90138887084891,1.18970739785752,0.243883014592782
A3,N4SID,I,238,13,251,0.889071445699282,1.18741747014479,0.253996289946712
A3,N4SID,I,238,14,252,0.879001236732783,1.18513066134419,0.261865341790587
A3,N4SID,I,245,1,246,0.971750697189491,1.01353311215971,0.0155301451378727
A3,N4SID,I,245,2,247,0.951167815427898,1.01083315428897,0.0242549051226738
A3,N4SID,I,245,3,248,0.932515949323159,1.00813914390951,0.0376428126089747
A3,N4SID,I,245,4,249,0.915894432094175,1.00545101086702,0.051681933353801
A3,N4SID,I,245,5,250,0.90138887084891,1.00276869418337,0.0636069558191724
A3,N4SID,I,245,6,251,0.889071445699282,1.00009214072701,0.0733484981812297
A3,N4SID,I,245,7,252,0.879001236732783,0.99742130407583,0.0808481214629228
A3,N4SID,I,245,8,253,0.871224552284233,0.994756143601149,0.0860596368316987
A3,N4SID,I,245,9,254,0.865775234806229,0.992096623600318,0.0889492008495693
A3,N4SID,I,245,10,255,0.862674924244031,0.989442712575026,0.0894951485456926
A3,N4SID,I,245,11,256,0.86193326305471,0.986794382629294,0.0876878104827238
A3,N4SID,I,245,12,257,0.863548031730286,0.984151608955018,0.083529381602096
A3,N4SID,I,245,13,258,0.867505208736847,0.981514369392244,0.0770338616757729
A3,N4SID,I,245,14,259,0.873778954004929,0.978882644053698,0.0682270714561413
A3,N4SID,I,252,1,253,0.871224552284233,0.885094281928695,0.00781752461597441
A3,N4SID,I,252,2,254,0.865775234806229,0.882141945442723,0.00807043074447901
A3,N4SID,I,252,3,255,0.862674924244031,0.879195725169966,0.00806599379714867
A3,N4SID,I,252,4,256,0.86193326305471,0.876255605605427,0.00780089782043839
A3,N4SID,I,252,5,257,0.863548031730286,0.873321576182449,0.00727484942228072
A3,N4SID,I,252,6,258,0.867505208736847,0.87039363106592,0.00648928178538371
A3,N4SID,I,252,7,259,0.873778954004929,0.867471769091298,0.0068486367124743
A3,N4SID,I,252,8,260,0.882331520335425,0.864555993856555,0.00810243191640304
A3,N4SID,I,252,9,261,0.893113102154743,0.861646313980306,0.0117249840446602
A3,N4SID,I,252,10,262,0.906061635802463,0.858742743547046,0.018190716433304
A3,N4SID,I,252,11,263,0.921102569812158,0.855845302769528,0.0307675319105263
A3,N4SID,I,252,12,264,0.938148627311978,0.852954018910071,0.0508201894588503
A3,N4SID,I,252,13,265,0.957099585602796,0.850068927517155,0.0727712991443117
A3,N4SID,I,252,14,266,0.977842100064535,0.847190074052468,0.0965074692314071
A3,N4SID,I,259,1,260,0.882331520335425,0.864061175682372,0.0080756096135368
A3,N4SID,I,259,2,261,0.893113102154743,0.861188515265007,0.0118616865451154
A3,N4SID,I,259,3,262,0.906061635802463,0.858322294333788,0.0185368231063528
A3,N4SID,I,259,4,263,0.921102569812158,0.855462531928678,0.031628545949554
A3,N4SID,I,259,5,264,0.938148627311978,0.85260925454352,0.0516403958580623
A3,N4SID,I,259,6,265,0.957099585602796,0.849762497476962,0.0735502444403904
A3,N4SID,I,259,7,266,0.977842100064535,0.846922306601339,0.0972447698002916
A3,N4SID,I,259,8,267,1.00024960071493,0.844088740658472,0.12259736750314
A3,N4SID,I,259,9,268,1.0241822899436,0.841261874227754,0.149468174028512
A3,N4SID,I,259,10,269,1.04948726913959,0.83844180156082,0.177704198712465
A3,N4SID,I,259,11,270,1.07599882012239,0.835628641545265,0.207139603434005
A3,N4SID,I,259,12,271,1.10353886450486,0.832822544153486,0.237596156715276
A3,N4SID,I,259,13,272,1.13191762041928,0.830023698866435,0.26888388239696
A3,N4SID,I,259,14,273,1.16093447151329,0.827232345754787,0.300801917532941
A3,N4SID,I,266,1,267,1.00024960071493,0.953640609081297,0.0170308389849661
A3,N4SID,I,266,2,268,1.0241822899436,0.951126695612362,0.0353527708204059
A3,N4SID,I,266,3,269,1.04948726913959,0.948619223477478,0.0632836835865235
A3,N4SID,I,266,4,270,1.07599882012239,0.946118189283863,0.0924001796433243
A3,N4SID,I,266,5,271,1.10353886450486,0.943623589556123,0.122534666720043
A3,N4SID,I,266,6,272,1.13191762041928,0.941135420982227,0.153500101174051
A3,N4SID,I,266,7,273,1.16093447151329,0.938653680657866,0.185096612375679
A3,N4SID,I,266,8,274,1.19037905788322,0.936178366335002,0.217114058662296
A3,N4SID,I,266,9,275,1.22003259279743,0.933709476680809,0.249333724062343
A3,N4SID,I,266,10,276,1.24966940282979,0.931247011553531,0.281529960485787
A3,N4SID,I,266,11,277,1.27905868254927,0.928790972302472,0.313471971421326
A3,N4SID,I,266,12,278,1.30796644838275,0.926341362099849,0.344925774682974
A3,N4SID,I,266,13,279,1.33615766987952,0.923898186313842,0.375656336555757
A3,N4SID,I,266,14,280,1.36339855055086,0.921461452933349,0.405429853498099
A3,N4SID,I,273,1,274,1.19037905788322,1.1275538020112,0.0242722768492635
A3,N4SID,I,273,2,275,1.22003259279743,1.12530134837342,0.049531431610118
A3,N4SID,I,273,3,276,1.24966940282979,1.12305393041272,0.0815415252894967
A3,N4SID,I,273,4,277,1.27905868254927,1.1208115673171,0.113272393174529
A3,N4SID,I,273,5,278,1.30796644838275,1.11857427116729,0.144509739551228
A3,N4SID,I,273,6,279,1.33615766987952,1.11634204833036,0.175023510382103
A3,N4SID,I,273,7,280,1.36339855055086,1.11411490059803,0.204581184085719
A3,N4SID,I,273,8,281,1.38945892492818,1.11189282611453,0.232952932720809
A3,N4SID,I,273,9,282,1.41411473365438,1.10967582013146,0.259914794257918
A3,N4SID,I,273,10,283,1.43715053445933,1.10746387562048,0.285251361167814
A3,N4SID,I,273,11,284,1.45836200390782,1.10525698376947,0.308758328231552
A3,N4SID,I,273,12,285,1.47755838295945,1.10305513438324,0.330244950379454
A3,N4SID,I,273,13,286,1.49456481872371,1.10085831620605,0.349536387824709
A3,N4SID,I,273,14,287,1.50922455537381,1.09866651718056,0.366475897911604
A3,N4SID,I,280,1,281,1.38945892492818,1.33145136418854,0.0212662056436185
A3,N4SID,I,280,2,282,1.41411473365438,1.32976915131881,0.0342024077605291
A3,N4SID,I,280,3,283,1.43715053445933,1.32808802690919,0.0550733016938817
A3,N4SID,I,280,4,284,1.45836200390782,1.32640798592734,0.078040637932348
A3,N4SID,I,280,5,285,1.47755838295945,1.32472902416482,0.0989864008193052
A3,N4SID,I,280,6,286,1.49456481872371,1.32305113811847,0.117739806925531
A3,N4SID,I,280,7,287,1.50922455537381,1.32137432488889,0.134145094195916
A3,N4SID,I,280,8,288,1.52140092900778,1.31969858209352,0.148065836681752
A3,N4SID,I,280,9,289,1.53097912428407,1.31802390779212,0.159387274057499
A3,N4SID,I,280,10,290,1.53786765484385,1.31635030042312,0.168017932000053
A3,N4SID,I,280,11,291,1.54199953476026,1.31467775874893,0.173890827100442
A3,N4SID,I,280,12,292,1.54333311438952,1.31300628180924,0.176964310361388
A3,N4SID,I,280,13,293,1.54185256087665,1.31133586888099,0.177222549278472
A3,N4SID,I,280,14,294,1.53756797100109,1.30966651944406,0.174675640926764
A3,N4SID,I,287,1,288,1.52140092900778,1.4908389167556,0.0140617737530717
A3,N4SID,I,287,2,289,1.53097912428407,1.49018249710555,0.0157544764849565
A3,N4SID,I,287,3,290,1.53786765484385,1.48952517628921,0.0182684976192813
A3,N4SID,I,287,4,291,1.54199953476026,1.48886695280963,0.0198641726755439
A3,N4SID,I,287,5,292,1.54333311438952,1.48820782528196,0.0205274346369442
A3,N4SID,I,287,6,293,1.54185256087665,1.4875477924176,0.0202529631920851
A3,N4SID,I,287,7,294,1.53756797100109,1.48688685301067,0.0190441150149318
A3,N4SID,I,287,8,295,1.53051511183088,1.48622500592638,0.0169128112340896
A3,N4SID,I,287,9,296,1.52075479257251,1.4855622500911,0.0145294555212297
A3,N4SID,I,287,10,297,1.50837187883864,1.48489858448381,0.0132225210354376
A3,N4SID,I,287,11,298,1.49347396809301,1.48423400812881,0.0116362363106607
A3,N4SID,I,287,12,299,1.47618975206608,1.48356852008947,0.0114246271559334
A3,N4SID,I,287,13,300,1.45666709828001,1.48290211946287,0.0135149496311333
A3,N4SID,I,287,14,301,1.43507088831336,1.48223480537515,0.0180763445645215
A3,N4SID,I,294,1,295,1.53051511183088,1.53846693665308,0.0117668662122037
A3,N4SID,I,294,2,296,1.52075479257251,1.53817234242843,0.0128165147906834
A3,N4SID,I,294,3,297,1.50837187883864,1.53787719334602,0.0141575027943534
A3,N4SID,I,294,4,298,1.49347396809301,1.53758148840565,0.0171190361178106
A3,N4SID,I,294,5,299,1.47618975206608,1.53728522661619,0.0227812174814544
A3,N4SID,I,294,6,300,1.45666709828001,1.53698840699415,0.0311487881039183
A3,N4SID,I,294,7,301,1.43507088831336,1.53669102856243,0.0453120592297652
A3,N4SID,I,294,8,302,1.41158065493821,1.53639309034928,0.0671028027372941
A3,N4SID,I,294,9,303,1.38638806367263,1.53609459138733,0.0920082342110738
A3,N4SID,I,294,10,304,1.35969428653969,1.53579553071289,0.118414312134383
A3,N4SID,I,294,11,305,1.33170731687803,1.53549590736521,0.146113041717387
A3,N4SID,I,294,12,306,1.30263927391294,1.53519572038595,0.174892302547614
A3,N4SID,I,294,13,307,1.27270374450828,1.53489496881868,0.204538506707957
A3,N4SID,I,294,14,308,1.24211320715162,1.53459365170843,0.234839174725339
A3,N4SID,I,301,1,302,1.41158065493821,1.45220423789822,0.0157988874027856
A3,N4SID,I,301,2,303,1.38638806367263,1.45118690452198,0.023854541136947
A3,N4SID,I,301,3,304,1.35969428653969,1.4501690183566,0.0388796331847546
A3,N4SID,I,301,4,305,1.33170731687803,1.44915057943886,0.0635890330364408
A3,N4SID,I,301,5,306,1.30263927391294,1.44813158788686,0.09167697877887
A3,N4SID,I,301,6,307,1.27270374450828,1.44711204388873,0.120631444841836
A3,N4SID,I,301,7,308,1.24211320715162,1.44609194769295,0.15024023783128
A3,N4SID,I,301,8,309,1.21107657987791,1.44507129960007,0.18029453129966
A3,N4SID,I,301,9,310,1.17979692963724,1.44405009995557,0.210591291469556
A3,N4SID,I,301,10,311,1.14846937570652,1.44302834914382,0.240935412635071
A3,N4SID,I,301,11,312,1.11727921429272,1.4420060475828,0.271141604777951
A3,N4SID,I,301,12,313,1.08640028564772,1.44098319571971,0.301036030761337
A3,N4SID,I,301,13,314,1.05599359898214,1.43995979402707,0.330457683116812
A3,N4SID,I,301,14,315,1.02620622439843,1.43893584299949,0.359259492846371
A3,N4SID,I,308,1,309,1.21107657987791,1.26764993166435,0.0208272427443264
A3,N4SID,I,308,2,310,1.17979692963724,1.26587730568049,0.0395060479484709
A3,N4SID,I,308,3,311,1.14846937570652,1.264106882092,0.0687492360174163
A3,N4SID,I,308,4,312,1.11727921429272,1.26233865699993,0.0982419317908127
A3,N4SID,I,308,5,313,1.08640028564772,1.2605726267365,0.127421941633775
A3,N4SID,I,308,6,314,1.05599359898214,1.25880878783212,0.156130864426617
A3,N4SID,I,308,7,315,1.02620622439843,1.25704713698712,0.184222310177809
A3,N4SID,I,308,8,316,0.997170455122115,1.25528767104763,0.21156416867941
A3,N4SID,I,308,9,317,0.969003237643621,1.25353038698488,0.238039544610112
A3,N4SID,I,308,10,318,0.941805862121847,1.25177528187746,0.263547162270055
A3,N4SID,I,308,11,319,0.915663900657319,1.25002235289616,0.288001453009166
A3,N4SID,I,308,12,320,0.890647376905549,1.24827159729101,0.3113323929887
A3,N4SID,I,308,13,321,0.866811147036355,1.24652301238012,0.333485124532247
A3,N4SID,I,308,14,322,0.844195469293703,1.24477659554018,0.354419387370998
A3,N4SID,I,315,1,316,0.997170455122115,1.05150393827831,0.0209767859490257
A3,N4SID,I,315,2,317,0.969003237643621,1.04945947801372,0.0411662511183518
A3,N4SID,I,315,3,318,0.941805862121847,1.04741912429178,0.0664212411711521
A3,N4SID,I,315,4,319,0.915663900657319,1.0453828656445,0.0906081898462556
A3,N4SID,I,315,5,320,0.890647376905549,1.04335069106808,0.113669589512698
A3,N4SID,I,315,6,321,0.866811147036355,1.04132258995843,0.135553653380034
A3,N4SID,I,315,7,322,0.844195469293703,1.03929855205602,0.156220857714756
A3,N4SID,I,315,8,323,0.822826737391113,1.03727856739863,0.17564497271739
A3,N4SID,I,315,9,324,0.802718351685404,1.03526262628093,0.193812625761587
A3,N4SID,I,315,10,325,0.783871701481476,1.03325071921993,0.210722424506647
A3,N4SID,I,315,11,326,0.766277231889985,1.03124283692536,0.226383914821961
A3,N4SID,I,315,12,327,0.749915569329688,1.0292389702743,0.240816460686158
A3,N4SID,I,315,13,328,0.734758680966771,1.02723911028953,0.254048085690664
A3,N4SID,I,315,14,329,0.720771045035154,1.02524324812097,0.266114302742933
A3,N4SID,I,322,1,323,0.822826737391113,0.862494036255859,0.0145933947279911
A3,N4SID,I,322,2,324,0.802718351685404,0.860098490007897,0.0255894015926498
A3,N4SID,I,322,3,325,0.783871701481476,0.857707021517504,0.0413540530837862
A3,N4SID,I,322,4,326,0.766277231889985,0.855319636774379,0.0566538232195987
A3,N4SID,I,322,5,327,0.749915569329688,0.852936344047863,0.0707221454419995
A3,N4SID,I,322,6,328,0.734758680966771,0.850557154226756,0.0835891180058577
A3,N4SID,I,322,7,329,0.720771045035154,0.848182081268852,0.0952907274740196
A3,N4SID,I,322,8,330,0.707910811000185,0.845811142784698,0.105868923307933
A3,N4SID,I,322,9,331,0.696130930825997,0.843444360787433,0.115370779917493
A3,N4SID,I,322,10,332,0.685380245097845,0.841081762650556,0.123847476822234
A3,N4SID,I,322,11,333,0.675604510351626,0.838723382327534,0.131353284985777
A3,N4SID,I,322,12,334,0.666747356595904,0.83636926190455,0.137944611996435
A3,N4SID,I,322,13,335,0.65875116660666,0.834019453579304,0.143679124029463
A3,N4SID,I,322,14,336,0.651557871070137,0.831674022188804,0.148614952511429
A3,N4SID,I,329,1,330,0.707910811000185,0.729569111477122,0.0083839163671466
A3,N4SID,I,329,2,331,0.696130930825997,0.726556075369746,0.0113004085093729
A3,N4SID,I,329,3,332,0.685380245097845,0.723547765169258,0.0147760489350088
A3,N4SID,I,329,4,333,0.675604510351626,0.720544577966898,0.0189261525554575
A3,N4SID,I,329,5,334,0.666747356595904,0.717547070352646,0.0235494044829189
A3,N4SID,I,329,6,335,0.65875116660666,0.714556033495738,0.0285999134775396
A3,N4SID,I,329,7,336,0.651557871070137,0.711572608745449,0.0329217863049227
A3,N4SID,I,329,8,337,0.645109655992451,0.708598470533412,0.0365076079970734
A3,N4SID,I,329,9,338,0.639349580944498,0.705636124753196,0.0394167485068934
A3,N4SID,I,329,10,339,0.634222108635578,0.702689382532844,0.0417084512852121
A3,N4SID,I,329,11,340,0.629673547987681,0.699763937490713,0.0434419525444897
A3,N4SID,I,329,12,341,0.625652414302759,0.69686758119168,0.0446763200978477
A3,N4SID,I,329,13,342,0.622109711274304,0.694009428904869,0.0454693958043769
A3,N4SID,I,329,14,343,0.61899914049669,0.691198331942406,0.0458760220650162
A3,N4SID,I,336,1,337,0.645109655992451,0.652586658372853,0.00549151736301316
A3,N4SID,I,336,2,338,0.639349580944498,0.649157632173893,0.0057257207202112
A3,N4SID,I,336,3,339,0.634222108635578,0.64575784825827,0.00589359296200373
A3,N4SID,I,336,4,340,0.629673547987681,0.642399983268655,0.00600210694202535
A3,N4SID,I,336,5,341,0.625652414302759,0.639097323498575,0.00605844558278652
A3,N4SID,I,336,6,342,0.622109711274304,0.63586060839105,0.00606931537053688
A3,N4SID,I,336,7,343,0.61899914049669,0.632696871916185,0.00604071443751138
A3,N4SID,I,336,8,344,0.616277244782181,0.629609940820839,0.00597795161197075
A3,N4SID,I,336,9,345,0.613903492022681,0.62660134024633,0.00588573527043129
A3,N4SID,I,336,10,346,0.611840306551803,0.623671046227468,0.0057682564217061
A3,N4SID,I,336,11,347,0.610053054996294,0.620818009482195,0.00562925248019069
A3,N4SID,I,336,12,348,0.608509993479626,0.618040504059305,0.00547205544706391
A3,N4SID,I,336,13,349,0.60718218278076,0.615336359553671,0.00529962993462063
A3,N4SID,I,336,14,350,0.606043377683961,0.612703118306364,0.00511460498713696
A3,N4SID,I,343,1,344,0.616277244782181,0.615761686942748,0.00441335281544135
A3,N4SID,I,343,2,345,0.613903492022681,0.612506828413906,0.00448810515518884
A3,N4SID,I,343,3,346,0.611840306551803,0.609333678240996,0.00458884385605303
A3,N4SID,I,343,4,347,0.610053054996294,0.606240815290686,0.00471188380286782
A3,N4SID,I,343,5,348,0.608509993479626,0.603226142722192,0.0048539271593745
A3,N4SID,I,343,6,349,0.60718218278076,0.600287130917668,0.00501202855839431
A3,N4SID,I,343,7,350,0.606043377683961,0.597420979944104,0.00518356710610446
A3,N4SID,I,343,8,351,0.605069896306006,0.59462473063428,0.0053662213475596
A3,N4SID,I,343,9,352,0.604240474679024,0.591895342074749,0.0055579457612726
A3,N4SID,I,343,10,353,0.603536111322109,0.589229746542341,0.00575694823418905
A3,N4SID,I,343,11,354,0.602939905971983,0.586624888905492,0.00627816266890166
A3,N4SID,I,343,12,355,0.602436896079178,0.584077755066335,0.0069558864876779
A3,N4SID,I,343,13,356,0.602013894125443,0.581585392506351,0.00764210431040713
A3,N4SID,I,343,14,357,0.601659328291778,0.579144925036974,0.00833391328081824
A3,N4SID,I,350,1,351,0.605069896306006,0.601391192612401,0.00461955002996639
A3,N4SID,I,350,2,352,0.604240474679024,0.598517969515821,0.0048263017041875
A3,N4SID,I,350,3,353,0.603536111322109,0.595708019975833,0.0050404844747497
A3,N4SID,I,350,4,354,0.602939905971983,0.59295838114108,0.00526045930567142
A3,N4SID,I,350,5,355,0.602436896079178,0.590266118974188,0.00548484639970971
A3,N4SID,I,350,6,356,0.602013894125443,0.587628349761382,0.00571247196083644
A3,N4SID,I,350,7,357,0.601659328291778,0.585042255832342,0.00636853106214989
A3,N4SID,I,350,8,358,0.601363088513552,0.582505096935673,0.00711191473825859
A3,N4SID,I,350,9,359,0.601116379505959,0.580014218311018,0.00785645022179537
A3,N4SID,I,350,10,360,0.600911581933904,0.577567056221964,0.0086004484372733
A3,N4SID,I,350,11,361,0.600742122537656,0.5751611415204,0.00934253764281898
A3,N4SID,I,350,12,362,0.600602353709816,0.572794101675084,0.0101155626813791
A3,N4SID,I,350,13,363,0.600487442749733,0.570463661597144,0.0113679723694106
A3,N4SID,I,350,14,364,0.600393270796466,0.568167643521457,0.0126124474564785
A3,SSEST,I,49,1,50,1.09716515595028,1.07725532831494,0.00957272455154155
A3,SSEST,I,49,2,51,1.131911791421,1.07505641943871,0.0224180487249363
A3,SSEST,I,49,3,52,1.1673808365351,1.07289935627068,0.0551974960820082
A3,SSEST,I,49,4,53,1.2034007320129,1.07078327832566,0.0953952325879831
A3,SSEST,I,49,5,54,1.2397836577668,1.06870734881514,0.134092788482622
A3,SSEST,I,49,6,55,1.27632682519514,1.06667075382814,0.174350078726947
A3,SSEST,I,49,7,56,1.31281408089058,1.06467270154145,0.213287788821557
A3,SSEST,I,49,8,57,1.34901781099478,1.06271242145833,0.252858138922463
A3,SSEST,I,49,9,58,1.38470112835164,1.06078916367462,0.291045930881021
A3,SSEST,I,49,10,59,1.4196203175717,1.05890219817128,0.329062985477448
A3,SSEST,I,49,11,60,1.45352750631936,1.05705081413255,0.365474902524038
A3,SSEST,I,49,12,61,1.4861735247717,1.05523431928868,0.401003809726196
A3,SSEST,I,49,13,62,1.5173109094711,1.05345203928243,0.434611285767074
A3,SSEST,I,49,14,63,1.54669700289137,1.05170331705863,0.46670236884426
A3,SSEST,I,56,1,57,1.34901781099478,1.33403571154181,0.03382494736573
A3,SSEST,I,56,2,58,1.38470112835164,1.34006064818713,0.0770316309995727
A3,SSEST,I,56,3,59,1.4196203175717,1.34634358345229,0.0417042974756506
A3,SSEST,I,56,4,60,1.45352750631936,1.35290300315896,0.0848415611459964
A3,SSEST,I,56,5,61,1.4861735247717,1.35975921597754,0.0492268955938118
A3,SSEST,I,56,6,62,1.5173109094711,1.36693458426394,0.0921883955071391
A3,SSEST,I,56,7,63,1.54669700289137,1.37445379102141,0.0640030539724476
A3,SSEST,I,56,8,64,1.57409709612835,1.38234414978534,0.0988709899796246
A3,SSEST,I,56,9,65,1.59928755935892,1.39063596573589,0.076465386262062
A3,SSEST,I,56,10,66,1.62205890320497,1.39936295823841,0.104706595644686
A3,SSEST,I,56,11,67,1.64221871397501,1.40856275740795,0.0851694183778047
A3,SSEST,I,56,12,68,1.65959440698018,1.41827749034513,0.10954323081029
A3,SSEST,I,56,13,69,1.6740357447402,1.42855447660126,0.0895295166044076
A3,SSEST,I,56,14,70,1.68541707086717,1.43944705747885,0.11327179810549
A3,SSEST,I,63,1,64,1.57409709612835,1.57479308708353,0.0441609930686796
A3,SSEST,I,63,2,65,1.59928755935892,1.60370331100021,0.0469859132070179
A3,SSEST,I,63,3,66,1.62205890320497,1.63497827915161,0.0509671535412206
A3,SSEST,I,63,4,67,1.64221871397501,1.66895400213766,0.0554786058089994
A3,SSEST,I,63,5,68,1.65959440698018,1.70603857347443,0.0613121541396779
A3,SSEST,I,63,6,69,1.6740357447402,1.74673316143521,0.0679631378089606
A3,SSEST,I,63,7,70,1.68541707086717,1.79166086273087,0.0761900660684505
A3,SSEST,I,63,8,71,1.69363921566415,1.84160709767347,0.085623865867465
A3,SSEST,I,63,9,72,1.69863103587811,1.89757734191553,0.0970437532004904
A3,SSEST,I,63,10,73,1.70035055844617,1.96088158283228,0.110263054770594
A3,SSEST,I,63,11,74,1.69878570627929,2.03326120445485,0.136378997943038
A3,SSEST,I,63,12,75,1.69395459292062,2.11708555144862,0.168813225233063
A3,SSEST,I,63,13,76,1.68590538205909,2.21566750982228,0.207986219532963
A3,SSEST,I,63,14,77,1.67471571712173,2.33379198550442,0.255571710841191
A3,SSEST,I,70,1,71,1.69363921566415,1.71154464998165,0.0464984229414462
A3,SSEST,I,70,2,72,1.69863103587811,1.74974655548796,0.0531823898308537
A3,SSEST,I,70,3,73,1.70035055844617,1.79209910578259,0.0607819725162225
A3,SSEST,I,70,4,74,1.69878570627929,1.83940282070872,0.069888670489853
A3,SSEST,I,70,5,75,1.69395459292062,1.89268669216258,0.0813364927875603
A3,SSEST,I,70,6,76,1.68590538205909,1.9532969733824,0.105622080994934
A3,SSEST,I,70,7,77,1.67471571712173,2.02303113254083,0.13424467498182
A3,SSEST,I,70,8,78,1.66049173525736,2.1043463776962,0.168089585511672
A3,SSEST,I,70,9,79,1.64336668870719,2.20069635806469,0.222780505752709
A3,SSEST,I,70,10,80,1.62349920459827,2.31709886128143,0.293161962462483
A3,SSEST,I,70,11,81,1.60107122137404,2.46114405697699,0.393001559821171
A3,SSEST,I,70,12,82,1.57628564620134,2.64490296160932,0.532664328274955
A3,SSEST,I,70,13,83,1.54936378260769,2.88884088963494,0.715690923389289
A3,SSEST,I,70,14,84,1.520542581185,3.23071994748385,0.961411733353559
A3,SSEST,I,77,1,78,1.66049173525736,1.67648131568759,0.046581202694181
A3,SSEST,I,77,2,79,1.64336668870719,1.69188912840509,0.0514744150080129
A3,SSEST,I,77,3,80,1.62349920459827,1.70897152703975,0.0568017858171414
A3,SSEST,I,77,4,81,1.60107122137404,1.72798071535592,0.0629572773863704
A3,SSEST,I,77,5,82,1.57628564620134,1.74922053130567,0.0705256598465254
A3,SSEST,I,77,6,83,1.54936378260769,1.77306046575555,0.0879991163428267
A3,SSEST,I,77,7,84,1.520542581185,1.79995454549562,0.107161681539188
A3,SSEST,I,77,8,85,1.49007176836835,1.83046717896228,0.128207793104335
A3,SSEST,I,77,9,86,1.45821090902455,1.86530916843221,0.161882548607522
A3,SSEST,I,77,10,87,1.42522645787431,1.90538890011646,0.201519045098898
A3,SSEST,I,77,11,88,1.39138885267405,1.95188676768261,0.254733529100883
A3,SSEST,I,77,12,89,1.35696969869133,2.00636618304949,0.321354739205111
A3,SSEST,I,77,13,90,1.32223908944989,2.07094410306594,0.398427042462456
A3,SSEST,I,77,14,91,1.28746310315571,2.14856206600778,0.483675246334395
A3,SSEST,I,84,1,85,1.49007176836835,1.50702660137107,0.00723740225224881
A3,SSEST,I,84,2,86,1.45821090902455,1.50909308159832,0.0209457874044042
A3,SSEST,I,84,3,87,1.42522645787431,1.51148487113286,0.0571150587969781
A3,SSEST,I,84,4,88,1.39138885267405,1.51422886538613,0.090887005685088
A3,SSEST,I,84,5,89,1.35696969869133,1.51735480877858,0.13094918828135
A3,SSEST,I,84,6,90,1.32223908944989,1.52089568507513,0.166561561119699
A3,SSEST,I,84,7,91,1.28746310315571,1.52488817510333,0.207607661271418
A3,SSEST,I,84,8,92,1.2529015078321,1.52937319588751,0.244121097458318
A3,SSEST,I,84,9,93,1.2188057011947,1.53439653867341,0.285277281146252
A3,SSEST,I,84,10,94,1.18541690390552,1.54000962773988,0.321844717112167
A3,SSEST,I,84,11,95,1.1529646172836,1.54627042761598,0.36234640225201
A3,SSEST,I,84,12,96,1.12166534904193,1.55324453378429,0.398252401786115
A3,SSEST,I,84,13,97,1.09172160338137,1.56100649176201,0.437481165382622
A3,SSEST,I,84,14,98,1.06332112500423,1.56964140246144,0.47217724424968
A3,SSEST,I,91,1,92,1.2529015078321,1.26156540156569,0.00658236537814674
A3,SSEST,I,91,2,93,1.2188057011947,1.24413222306522,0.0105671160812343
A3,SSEST,I,91,3,94,1.18541690390552,1.22650505401599,0.0162949696826893
A3,SSEST,I,91,4,95,1.1529646172836,1.20872354522245,0.0413957047614276
A3,SSEST,I,91,5,96,1.12166534904193,1.19082934406036,0.0434421984889555
A3,SSEST,I,91,6,97,1.09172160338137,1.17286562054534,0.0679141388721031
A3,SSEST,I,91,7,98,1.06332112500423,1.15487656261839,0.0680259198236969
A3,SSEST,I,91,8,99,1.03663638049503,1.13690685342168,0.0879786914593788
A3,SSEST,I,91,9,100,1.01182425521157,1.11900114392001,0.0857594474435355
A3,SSEST,I,91,10,101,0.989025939465599,1.10120353421316,0.100586454707417
A3,SSEST,I,91,11,102,0.968366974448647,1.08355707629203,0.0957730539767795
A3,SSEST,I,91,12,103,0.949957426141047,1.06610330986488,0.10499186143778
A3,SSEST,I,91,13,104,0.933892154364197,1.04888184130199,0.0974303448339071
A3,SSEST,I,91,14,105,0.920251144197055,1.03192997382435,0.100697239332998
A3,SSEST,I,98,1,99,1.03663638049503,1.03836968469906,0.00228714786149404
A3,SSEST,I,98,2,100,1.01182425521157,1.01631686692532,0.0032212840963898
A3,SSEST,I,98,3,101,0.989025939465599,0.994820115130559,0.00275313970239793
A3,SSEST,I,98,4,102,0.968366974448647,0.973926819219563,0.00306196209033568
A3,SSEST,I,98,5,103,0.949957426141047,0.953677293981288,0.00256534817765646
A3,SSEST,I,98,6,104,0.933892154364197,0.934104777651332,0.00223564795513582
A3,SSEST,I,98,7,105,0.920251144197055,0.915235578103928,0.00276997828519938
A3,SSEST,I,98,8,106,0.909099868145179,0.897089344420731,0.00442692189379254
A3,SSEST,I,98,9,107,0.900489649660571,0.879679439920094,0.00877858084892775
A3,SSEST,I,98,10,108,0.894458001771371,0.863013392509531,0.020970574643129
A3,SSEST,I,98,11,109,0.891028918575113,0.847093399193635,0.0308133182357608
A3,SSEST,I,98,12,110,0.890213102038943,0.831916863443829,0.0483773187876651
A3,SSEST,I,98,13,111,0.892008111778536,0.817476946626133,0.0609984836719085
A3,SSEST,I,98,14,112,0.896398431084497,0.8037631175221,0.0830748711580303
A3,SSEST,I,105,1,106,0.909099868145179,0.905097556252618,0.00204382177322239
A3,SSEST,I,105,2,107,0.900489649660571,0.887652319188176,0.0050473352993832
A3,SSEST,I,105,3,108,0.894458001771371,0.870933148956245,0.0151110763482205
A3,SSEST,I,105,4,109,0.891028918575113,0.854944269407903,0.0272358727067545
A3,SSEST,I,105,5,110,0.890213102038943,0.839685077637968,0.0424718078929541
A3,SSEST,I,105,6,111,0.892008111778536,0.825150664530405,0.0580401383105525
A3,SSEST,I,105,7,112,0.896398431084497,0.811332339911391,0.0772864713136131
A3,SSEST,I,105,8,113,0.903355448251897,0.798218148900874,0.0963282851364
A3,SSEST,I,105,9,114,0.912837358062052,0.785793368782765,0.119472691302063
A3,SSEST,I,105,10,115,0.924788993882884,0.774040978314015,0.141931882098087
A3,SSEST,I,105,11,116,0.939141606117093,0.76294209376421,0.168780799694547
A3,SSEST,I,105,12,117,0.955812607467806,0.752476368058875,0.194503527784602
A3,SSEST,I,105,13,118,0.974705309554556,0.742622351162575,0.224772621087621
A3,SSEST,I,105,14,119,0.995708678662191,0.733357811278498,0.253496484200326
A3,SSEST,I,112,1,113,0.903355448251897,0.893001487983969,0.00385944880118733
A3,SSEST,I,112,2,114,0.912837358062052,0.880930920698021,0.0238484437623891
A3,SSEST,I,112,3,115,0.924788993882884,0.869326177574348,0.0475386308465034
A3,SSEST,I,112,4,116,0.939141606117093,0.858187090665709,0.0730823279013233
A3,SSEST,I,112,5,117,0.955812607467806,0.847511542606941,0.100521962903228
A3,SSEST,I,112,6,118,0.974705309554556,0.837295657484025,0.129697013855668
A3,SSEST,I,112,7,119,0.995708678662191,0.827533991143057,0.160519229814004
A3,SSEST,I,112,8,120,1.01869714072669,0.818219717791293,0.192900801166366
A3,SSEST,I,112,9,121,1.04353046696545,0.8093448103203,0.22663496517792
A3,SSEST,I,112,10,122,1.07005377178376,0.800900212330368,0.261692151093392
A3,SSEST,I,112,11,123,1.09809765370247,0.792876000342021,0.297759297800491
A3,SSEST,I,112,12,124,1.1274785080547,0.785261535135627,0.334852597051681
A3,SSEST,I,112,13,125,1.15799903712437,0.778045601558907,0.372565248326912
A3,SSEST,I,112,14,126,1.18944897931223,0.771216536483062,0.410949356226592
A3,SSEST,I,119,1,120,1.01869714072669,1.00252115208531,0.00671080996615733
A3,SSEST,I,119,2,121,1.04353046696545,0.994709118306699,0.0388215772184566
A3,SSEST,I,119,3,122,1.07005377178376,0.987009401808059,0.0731669486539795
A3,SSEST,I,119,4,123,1.09809765370247,0.979428406469274,0.108830732825828
A3,SSEST,I,119,5,124,1.1274785080547,0.971972096909096,0.145805888494884
A3,SSEST,I,119,6,125,1.15799903712437,0.964645986408721,0.183668591916022
A3,SSEST,I,119,7,126,1.18944897931223,0.957455128587976,0.222458403385622
A3,SSEST,I,119,8,127,1.22160607391179,0.950404112695057,0.261664137470999
A3,SSEST,I,119,9,128,1.25423727228529,0.943497062332678,0.301358485615478
A3,SSEST,I,119,10,129,1.2871001998011,0.936737637411569,0.340963789259513
A3,SSEST,I,119,11,130,1.3199448660054,0.930129039096516,0.380576938710831
A3,SSEST,I,119,12,131,1.35251561334646,0.923674017490549,0.419574188286829
A3,SSEST,I,119,13,132,1.38455328755885,0.917374881789227,0.458071933495114
A3,SSEST,I,119,14,133,1.41579760576024,0.911233512628929,0.495420331983667
A3,SSEST,I,126,1,127,1.22160607391179,1.20323889806519,0.00713888431642932
A3,SSEST,I,126,2,128,1.25423727228529,1.19932623796484,0.0421516229309051
A3,SSEST,I,126,3,129,1.2871001998011,1.1953605333606,0.0787449547898954
A3,SSEST,I,126,4,130,1.3199448660054,1.1913420449616,0.115919511961027
A3,SSEST,I,126,5,131,1.35251561334646,1.18727114810677,0.152358637284534
A3,SSEST,I,126,6,132,1.38455328755885,1.18314833597349,0.188798846535394
A3,SSEST,I,126,7,133,1.41579760576024,1.17897422243154,0.224044808799496
A3,SSEST,I,126,8,134,1.44598969163355,1.17474954450806,0.258712455648834
A3,SSEST,I,126,9,135,1.47487474097027,1.17047516443017,0.291726901274992
A3,SSEST,I,126,10,136,1.50220477553552,1.16615207121363,0.323604726635143
A3,SSEST,I,126,11,137,1.52774143885977,1.16178138176799,0.353392179010749
A3,SSEST,I,126,12,138,1.55125878431978,1.15736434149102,0.381527555266115
A3,SSEST,I,126,13,139,1.57254600386394,1.15290232432835,0.407179727248785
A3,SSEST,I,126,14,140,1.59141004505287,1.14839683227711,0.430728854844956
A3,SSEST,I,133,1,134,1.44598969163355,1.4305023267951,0.00579365082193218
A3,SSEST,I,133,2,135,1.47487474097027,1.42988499525265,0.0286374090951993
A3,SSEST,I,133,3,136,1.50220477553552,1.42950510994996,0.0559390288711012
A3,SSEST,I,133,4,137,1.52774143885977,1.42937478764942,0.0819485093950331
A3,SSEST,I,133,5,138,1.55125878431978,1.42950717455732,0.104952167519713
A3,SSEST,I,133,6,139,1.57254600386394,1.42991655824442,0.126114055181539
A3,SSEST,I,133,7,140,1.59141004505287,1.43061849503354,0.143913913824581
A3,SSEST,I,133,8,141,1.60767806477234,1.4316299553666,0.159397018996109
A3,SSEST,I,133,9,142,1.62119967003926,1.43296949013834,0.171227549621777
A3,SSEST,I,133,10,143,1.63184889972795,1.43465742156239,0.180357133828391
A3,SSEST,I,133,11,144,1.63952590571536,1.4367160628426,0.185625524852679
A3,SSEST,I,133,12,145,1.64415829776442,1.43916997179079,0.187911259612906
A3,SSEST,I,133,13,146,1.64570212328021,1.44204624460378,0.186219959862982
A3,SSEST,I,133,14,147,1.64414246069943,1.44537485734083,0.181372610331012
A3,SSEST,I,140,1,141,1.60767806477234,1.60353962754025,0.00391125577092051
A3,SSEST,I,140,2,142,1.62119967003926,1.61103241037367,0.00459801176407914
A3,SSEST,I,140,3,143,1.63184889972795,1.61949280192885,0.00489283497975657
A3,SSEST,I,140,4,144,1.63952590571536,1.6290337579689,0.00471708864621475
A3,SSEST,I,140,5,145,1.64415829776442,1.63978608399131,0.00410142389915102
A3,SSEST,I,140,6,146,1.64570212328021,1.65190214919737,0.00435541414768107
A3,SSEST,I,140,7,147,1.64414246069943,1.66556057128817,0.00794667328549107
A3,SSEST,I,140,8,148,1.63949361349869,1.68097218013607,0.0206638143007703
A3,SSEST,I,140,9,149,1.63179890040021,1.69838768449952,0.0451546865100022
A3,SSEST,I,140,10,150,1.62113004607299,1.71810763318241,0.0748961808414961
A3,SSEST,I,140,11,151,1.60758618522636,1.74049550625262,0.109947282128826
A3,SSEST,I,140,12,152,1.59129250122879,1.76599513380718,0.150748964084941
A3,SSEST,I,140,13,153,1.57239852802776,1.79515418419072,0.197498785563401
A3,SSEST,I,140,14,154,1.55107615098467,1.82865629544195,0.250776421991216
A3,SSEST,I,147,1,148,1.63949361349869,1.64879195588446,0.00433035507759995
A3,SSEST,I,147,2,149,1.63179890040021,1.66167787498526,0.0125044377610346
A3,SSEST,I,147,3,150,1.62113004607299,1.67619708201678,0.0363961446004756
A3,SSEST,I,147,4,151,1.60758618522636,1.69257674932502,0.0657388998395845
A3,SSEST,I,147,5,152,1.59129250122879,1.71108756266036,0.100084112887697
A3,SSEST,I,147,6,153,1.57239852802776,1.73205466138473,0.139152443292012
A3,SSEST,I,147,7,154,1.55107615098467,1.75587200812216,0.183555900900437
A3,SSEST,I,147,8,155,1.52751734808735,1.78302147743139,0.233133590302104
A3,SSEST,I,147,9,156,1.50193171770902,1.81409851395531,0.288618449919709
A3,SSEST,I,147,10,157,1.47454384252821,1.84984703931541,0.350070715803006
A3,SSEST,I,147,11,158,1.44559054133432,1.8912075088642,0.418478236064302
A3,SSEST,I,147,12,159,1.4153180611801,1.93938378987407,0.494307317674125
A3,SSEST,I,147,13,160,1.38397926171425,1.99593696801162,0.579048264263729
A3,SSEST,I,147,14,161,1.3518308415805,2.06291705685243,0.673922423712415
A3,SSEST,I,154,1,155,1.52751734808735,1.53853066898489,0.00435281881037494
A3,SSEST,I,154,2,156,1.50193171770902,1.5353038529697,0.0161178377765227
A3,SSEST,I,154,3,157,1.47454384252821,1.53199053354512,0.0400978852472737
A3,SSEST,I,154,4,158,1.44559054133432,1.52858494034523,0.0653809661864731
A3,SSEST,I,154,5,159,1.4153180611801,1.5250811446686,0.0919877290908772
A3,SSEST,I,154,6,160,1.38397926171425,1.52147309319741,0.11940381978038
A3,SSEST,I,154,7,161,1.3518308415805,1.51775465234748,0.147596420659748
A3,SSEST,I,154,8,162,1.31913065359098,1.51391966592659,0.17608740963528
A3,SSEST,I,154,9,163,1.28613515109258,1.50996202963015,0.204806118053857
A3,SSEST,I,154,10,164,1.25309700269766,1.50587578713185,0.233317381440661
A3,SSEST,I,154,11,165,1.2202629065207,1.50165525434707,0.261527466428595
A3,SSEST,I,154,12,166,1.18787162844738,1.49729518122102,0.289049858780317
A3,SSEST,I,154,13,167,1.1561522819687,1.49279096475323,0.315781487680824
A3,SSEST,I,154,14,168,1.12532285995501,1.48813893405538,0.341389155991662
A3,SSEST,I,161,1,162,1.31913065359098,1.32485966515504,0.0032379497618308
A3,SSEST,I,161,2,163,1.28613515109258,1.30296325716287,0.00616280205326516
A3,SSEST,I,161,3,164,1.25309700269766,1.28077262826975,0.013831834407581
A3,SSEST,I,161,4,165,1.2202629065207,1.25835629700095,0.0244076343425219
A3,SSEST,I,161,5,166,1.18787162844738,1.23578628754303,0.0344124315604309
A3,SSEST,I,161,6,167,1.1561522819687,1.21313701567631,0.0436584271716881
A3,SSEST,I,161,7,168,1.12532285995501,1.19048411609195,0.0520259601076237
A3,SSEST,I,161,8,169,1.09558902163416,1.16790325113953,0.0593718645853471
A3,SSEST,I,161,9,170,1.06714313118089,1.14546894126553,0.0655826531169384
A3,SSEST,I,161,10,171,1.04016353791194,1.12325345526917,0.0705546778256603
A3,SSEST,I,161,11,172,1.01481408228635,1.10132579425682,0.0741831396289889
A3,SSEST,I,161,12,173,0.991243806884174,1.07975079723232,0.0763981645472681
A3,SSEST,I,161,13,174,0.969586847401787,1.05858838914833,0.077104773250276
A3,SSEST,I,161,14,175,0.949962475553668,1.03789298455359,0.0762612612705489
A3,SSEST,I,168,1,169,1.09558902163416,1.09707642311359,0.00225608510075095
A3,SSEST,I,168,2,170,1.06714313118089,1.07113094636428,0.00248601949168971
A3,SSEST,I,168,3,171,1.04016353791194,1.04577950577776,0.00262103642876474
A3,SSEST,I,168,4,172,1.01481408228635,1.0210952908012,0.00264802520652096
A3,SSEST,I,168,5,173,0.991243806884174,0.997141220724872,0.00256113868650388
A3,SSEST,I,168,6,174,0.969586847401787,0.97396974877097,0.0023476195330446
A3,SSEST,I,168,7,175,0.949962475553668,0.951622947911209,0.00200307484499696
A3,SSEST,I,168,8,176,0.932475263671701,0.930132839454437,0.00203591099892392
A3,SSEST,I,168,9,177,0.917215339775503,0.909521920266913,0.00292809052268875
A3,SSEST,I,168,10,178,0.904258701950913,0.889803842759621,0.0058302514792464
A3,SSEST,I,168,11,179,0.893667561987406,0.870984202939383,0.0134779493286802
A3,SSEST,I,168,12,180,0.885490690328758,0.853061395190252,0.0234296250157712
A3,SSEST,I,168,13,181,0.879763737397501,0.836027497320118,0.0349213508762968
A3,SSEST,I,168,14,182,0.876509510151597,0.819869155115352,0.0480131462332987
A3,SSEST,I,175,1,176,0.932475263671701,0.930000051300432,0.00196915675487096
A3,SSEST,I,175,2,177,0.917215339775503,0.909255590428099,0.00300038860389041
A3,SSEST,I,175,3,178,0.904258701950913,0.889417180982077,0.00630946231843706
A3,SSEST,I,175,4,179,0.893667561987406,0.870490024741214,0.0143925288603564
A3,SSEST,I,175,5,180,0.885490690328758,0.852471993188435,0.0244270064609819
A3,SSEST,I,175,6,181,0.879763737397501,0.835354539586667,0.0359892678453363
A3,SSEST,I,175,7,182,0.876509510151597,0.819123608959029,0.0491421195014178
A3,SSEST,I,175,8,183,0.875738187189561,0.803760520678199,0.06388765295492
A3,SSEST,I,175,9,184,0.877447460689384,0.78924280443104,0.0802736690647174
A3,SSEST,I,175,10,185,0.881622598785737,0.775544975873303,0.098283154505597
A3,SSEST,I,175,11,186,0.888236427489117,0.762639243136247,0.117945158376385
A3,SSEST,I,175,12,187,0.897249236755849,0.750496139409085,0.139221391690115
A3,SSEST,I,175,13,188,0.908608620655388,0.73908508009735,0.162118573903877
A3,SSEST,I,175,14,189,0.922249266582213,0.728374845602661,0.186574815195729
A3,SSEST,I,182,1,183,0.875738187189561,0.868205885409195,0.00283572648535683
A3,SSEST,I,182,2,184,0.877447460689384,0.854279734836218,0.0146907932608562
A3,SSEST,I,182,3,185,0.881622598785737,0.841000856960501,0.0323062761860277
A3,SSEST,I,182,4,186,0.888236427489117,0.828358705493121,0.0516663105553193
A3,SSEST,I,182,5,187,0.897249236755849,0.816340229798435,0.0728466221981127
A3,SSEST,I,182,6,188,0.908608620655388,0.804930290873058,0.0957073810575632
A3,SSEST,I,182,7,189,0.922249266582213,0.794112052388901,0.120302831086476
A3,SSEST,I,182,8,190,0.938092712963733,0.783867343313166,0.146470823958935
A3,SSEST,I,182,9,191,0.956047098776359,0.774176989863342,0.17423995588624
A3,SSEST,I,182,10,192,0.976006931269497,0.765021115551368,0.20342494190227
A3,SSEST,I,182,11,193,0.997852900502735,0.7563794088497,0.234025344400065
A3,SSEST,I,182,12,194,1.02145177053989,0.748231358617606,0.265832013654157
A3,SSEST,I,182,13,195,1.04665637735629,0.740556457908466,0.298813230007517
A3,SSEST,I,182,14,196,1.07330576267278,0.733334377185057,0.332735902489818
A3,SSEST,I,189,1,190,0.938092712963733,0.925124915531188,0.00508127099039647
A3,SSEST,I,189,2,191,0.956047098776359,0.916527915330761,0.0304925349889001
A3,SSEST,I,189,3,192,0.976006931269497,0.908234018918558,0.0588699193506077
A3,SSEST,I,189,4,193,0.997852900502735,0.900242248361644,0.0887514571269517
A3,SSEST,I,189,5,194,1.02145177053989,0.89255063227327,0.120160469180447
A3,SSEST,I,189,6,195,1.04665637735629,0.885156274135967,0.152796399171641
A3,SSEST,I,189,7,196,1.07330576267278,0.878055422021185,0.186659595528157
A3,SSEST,I,189,8,197,1.10122547103208,0.871243539426375,0.221421897855433
A3,SSEST,I,189,9,198,1.13022803451074,0.864715377219489,0.25705974461193
A3,SSEST,I,189,10,199,1.16011366557638,0.858465046914747,0.29322072503116
A3,SSEST,I,189,11,200,1.19067117384528,0.852486095668151,0.329858341575167
A3,SSEST,I,189,12,201,1.22167911699159,0.846771583438102,0.366600668008041
A3,SSEST,I,189,13,202,1.25290718995044,0.84131416266836,0.403381350648825
A3,SSEST,I,189,14,203,1.28411785001158,0.836106160591292,0.439815262162099
A3,SSEST,I,196,1,197,1.10122547103208,1.08342534590318,0.00736417499952435
A3,SSEST,I,196,2,198,1.13022803451074,1.07672111716162,0.0424717228503248
A3,SSEST,I,196,3,199,1.16011366557638,1.07012914986086,0.0790189764216876
A3,SSEST,I,196,4,200,1.19067117384528,1.06366284544306,0.116114124539131
A3,SSEST,I,196,5,201,1.22167911699159,1.05733726922828,0.153518295424797
A3,SSEST,I,196,6,202,1.25290718995044,1.05116964499404,0.19097981681773
A3,SSEST,I,196,7,203,1.28411785001158,1.04517985151003,0.228250720366763
A3,SSEST,I,196,8,204,1.31506816860202,1.03939054773882,0.265050921687396
A3,SSEST,I,196,9,205,1.34551189370352,1.03382590835664,0.301128028694619
A3,SSEST,I,196,10,206,1.37520170014791,1.02850719043495,0.33619154559788
A3,SSEST,I,196,11,207,1.40389159868553,1.02344499759119,0.370008433169289
A3,SSEST,I,196,12,208,1.43133946892857,1.01863465750174,0.402314897988873
A3,SSEST,I,196,13,209,1.45730967622088,1.0140601333574,0.432919035559504
A3,SSEST,I,196,14,210,1.4815757283465,1.00970059460985,0.461586335109599
A3,SSEST,I,203,1,204,1.31506816860202,1.29688018375368,0.00692676160370225
A3,SSEST,I,203,2,205,1.34551189370352,1.29157139788667,0.0404773421189328
A3,SSEST,I,203,3,206,1.37520170014791,1.28644941343043,0.0752950178309263
A3,SSEST,I,203,4,207,1.40389159868553,1.28150832018512,0.109041139843794
A3,SSEST,I,203,5,208,1.43133946892857,1.27673389791102,0.141267279143832
A3,SSEST,I,203,6,209,1.45730967622088,1.27211033070045,0.171967438696845
A3,SSEST,I,203,7,210,1.4815757283465,1.26762252405398,0.200723900817268
A3,SSEST,I,203,8,211,1.50392292490877,1.26325684265346,0.227535557442506
A3,SSEST,I,203,9,212,1.52415095030417,1.25900125835779,0.252021496961685
A3,SSEST,I,203,10,213,1.54207636056499,1.25484527811956,0.2741950748948
A3,SSEST,I,203,11,214,1.55753491499715,1.25077979651415,0.293721850849985
A3,SSEST,I,203,12,215,1.57038370550039,1.24679693091496,0.310639907090382
A3,SSEST,I,203,13,216,1.58050303969516,1.24288986429259,0.324669888551807
A3,SSEST,I,203,14,217,1.58779803841969,1.23905269462989,0.335883306895672
A3,SSEST,I,210,1,211,1.50392292490877,1.49124118091286,0.0048105590787651
A3,SSEST,I,210,2,212,1.52415095030417,1.48732769140828,0.0214652179257778
A3,SSEST,I,210,3,213,1.54207636056499,1.4834923067718,0.0432300186661408
A3,SSEST,I,210,4,214,1.55753491499715,1.47972634766488,0.062534285481113
A3,SSEST,I,210,5,215,1.57038370550039,1.47602230530179,0.0790907908448378
A3,SSEST,I,210,6,216,1.58050303969516,1.47237372460379,0.0929351005080893
A3,SSEST,I,210,7,217,1.58779803841969,1.46877507208013,0.103832437474829
A3,SSEST,I,210,8,218,1.59219991369156,1.46522160157615,0.111861312809351
A3,SSEST,I,210,9,219,1.59366689970428,1.46170923971441,0.116844588521569
A3,SSEST,I,210,10,220,1.59218481667631,1.45823448810932,0.118908283599532
A3,SSEST,I,210,11,221,1.58776725518506,1.45479433987671,0.117935189368201
A3,SSEST,I,210,12,222,1.58045537678451,1.45138620833171,0.114100237446309
A3,SSEST,I,210,13,223,1.57031733499036,1.44800786608316,0.107345343069483
A3,SSEST,I,210,14,224,1.55744732888769,1.4446573929991,0.0978925812396208
A3,SSEST,I,217,1,218,1.59219991369156,1.5892862053972,0.00325916971685331
A3,SSEST,I,217,2,219,1.59366689970428,1.58645907490129,0.00372466777212757
A3,SSEST,I,217,3,220,1.59218481667631,1.58365724883899,0.00387200873717152
A3,SSEST,I,217,4,221,1.58776725518506,1.58087840998631,0.00367863401742339
A3,SSEST,I,217,5,222,1.58045537678451,1.5781205698161,0.00317323600673561
A3,SSEST,I,217,6,223,1.57031733499036,1.57538202102004,0.00346556561030831
A3,SSEST,I,217,7,224,1.55744732888769,1.57266129690773,0.00569458760860006
A3,SSEST,I,217,8,225,1.54196430944264,1.56995713668302,0.0125756985599813
A3,SSEST,I,217,9,226,1.5240103658617,1.56726845574378,0.0274996269970951
A3,SSEST,I,217,10,227,1.50374882584088,1.56459432027626,0.0451436474281835
A3,SSEST,I,217,11,228,1.48136210910434,1.56193392552147,0.0648689081975229
A3,SSEST,I,217,12,229,1.45704937810415,1.55928657718152,0.0865895530286356
A3,SSEST,I,217,13,230,1.43102403302791,1.55665167551164,0.109979640716227
A3,SSEST,I,217,14,231,1.40351110026551,1.5540287017089,0.134923575263139
A3,SSEST,I,224,1,225,1.54196430944264,1.54899212789487,0.00356866273590624
A3,SSEST,I,224,2,226,1.5240103658617,1.54620698597548,0.00877611287563681
A3,SSEST,I,224,3,227,1.50374882584088,1.54343756579041,0.0245551882427176
A3,SSEST,I,224,4,228,1.48136210910434,1.54068303131636,0.0441652945304883
A3,SSEST,I,224,5,229,1.45704937810415,1.53794266052817,0.0658143943445019
A3,SSEST,I,224,6,230,1.43102403302791,1.53521582897855,0.0890918914911813
A3,SSEST,I,224,7,231,1.40351110026551,1.53250199575013,0.113966055124819
A3,SSEST,I,224,8,232,1.37474456418714,1.52980069143654,0.140011337930871
A3,SSEST,I,224,9,233,1.34496469148778,1.52711150785914,0.167175467735711
A3,SSEST,I,224,10,234,1.31441539550377,1.52443408926831,0.19502846021216
A3,SSEST,I,224,11,235,1.28334168488708,1.52176812481478,0.223508071683359
A3,SSEST,I,224,12,236,1.25198723694768,1.51911334210751,0.252189904806667
A3,SSEST,I,224,13,237,1.22059213098797,1.51646950170113,0.281011505122972
A3,SSEST,I,224,14,238,1.18939077122458,1.51383639237864,0.309562959577358
A3,SSEST,I,231,1,232,1.37474456418714,1.38800053471803,0.00495329207715413
A3,SSEST,I,231,2,233,1.34496469148778,1.38490848587792,0.0263800856054213
A3,SSEST,I,231,3,234,1.31441539550377,1.38183498161816,0.0539074869702106
A3,SSEST,I,231,4,235,1.28334168488708,1.37877959205714,0.0819362481982676
A3,SSEST,I,231,5,236,1.25198723694768,1.37574193482289,0.110303516949356
A3,SSEST,I,231,6,237,1.22059213098797,1.37272166829257,0.138689126705986
A3,SSEST,I,231,7,238,1.18939077122458,1.36971848580987,0.166936696432467
A3,SSEST,I,231,8,239,1.15861002260672,1.36673211073883,0.194742159967903
A3,SSEST,I,231,9,240,1.12846757619503,1.3637622922326,0.221963135485567
A3,SSEST,I,231,10,241,1.09917055396317,1.36080880161375,0.248318064743768
A3,SSEST,I,231,11,242,1.07091435612846,1.35787142927754,0.273684229753341
A3,SSEST,I,231,12,243,1.04388174760131,1.3549499820423,0.297807083395731
A3,SSEST,I,231,13,244,1.0182421740505,1.35204428088229,0.320587320768691
A3,SSEST,I,231,14,245,0.994151292574028,1.34915415898769,0.341800053916513
A3,SSEST,I,238,1,239,1.15861002260672,1.17276438588539,0.00518278435218572
A3,SSEST,I,238,2,240,1.12846757619503,1.17000858869204,0.0297671086441954
A3,SSEST,I,238,3,241,1.09917055396317,1.16727121421295,0.0563677406934664
A3,SSEST,I,238,4,242,1.07091435612846,1.16455199050028,0.0819218123694862
A3,SSEST,I,238,5,243,1.04388174760131,1.16185066646136,0.106292542056589
A3,SSEST,I,238,6,244,1.0182421740505,1.15916700901141,0.129266049050463
A3,SSEST,I,238,7,245,0.994151292574028,1.15650080063697,0.150728731825393
A3,SSEST,I,238,8,246,0.971750697189491,1.15385183731056,0.170498395134307
A3,SSEST,I,238,9,247,0.951167815427898,1.15121992670562,0.188486035417393
A3,SSEST,I,238,10,248,0.932515949323159,1.14860488666829,0.204541282988763
A3,SSEST,I,238,11,249,0.915894432094175,1.14600654390873,0.218599873331491
A3,SSEST,I,238,12,250,0.90138887084891,1.14342473288024,0.230542388155623
A3,SSEST,I,238,13,251,0.889071445699282,1.14085929481897,0.240328618238568
A3,SSEST,I,238,14,252,0.879001236732783,1.13831007692099,0.247868672825446
A3,SSEST,I,245,1,246,0.971750697189491,0.98155990116304,0.00365917255033842
A3,SSEST,I,245,2,247,0.951167815427898,0.979324122288417,0.0182999268602052
A3,SSEST,I,245,3,248,0.932515949323159,0.977102444558965,0.034751082528492
A3,SSEST,I,245,4,249,0.915894432094175,0.974894708053905,0.0491897025724593
A3,SSEST,I,245,5,250,0.90138887084891,0.972700762004161,0.0615217700435015
A3,SSEST,I,245,6,251,0.889071445699282,0.970520463601416,0.0716835571713729
A3,SSEST,I,245,7,252,0.879001236732783,0.968353676978825,0.0796069498835349
A3,SSEST,I,245,8,253,0.871224552284233,0.966200272338688,0.085254701483624
A3,SSEST,I,245,9,254,0.865775234806229,0.964060125205877,0.088583390576474
A3,SSEST,I,245,10,255,0.862674924244031,0.961933115788919,0.0895809659508192
A3,SSEST,I,245,11,256,0.86193326305471,0.959819128433326,0.0882277346862111
A3,SSEST,I,245,12,257,0.863548031730286,0.957718051153966,0.0845359571509049
A3,SSEST,I,245,13,258,0.867505208736847,0.955629775235218,0.0785092008032895
A3,SSEST,I,245,14,259,0.873778954004929,0.953554194889298,0.070183730298476
A3,SSEST,I,252,1,253,0.871224552284233,0.87351875187024,0.00182615719897432
A3,SSEST,I,252,2,254,0.865775234806229,0.87145654109537,0.00222928223327603
A3,SSEST,I,252,3,255,0.862674924244031,0.869405936005562,0.00257929508586329
A3,SSEST,I,252,4,256,0.86193326305471,0.8673668436391,0.002159852048959
A3,SSEST,I,252,5,257,0.863548031730286,0.865339176227232,0.00175566337611735
A3,SSEST,I,252,6,258,0.867505208736847,0.863322851014849,0.00201359623649749
A3,SSEST,I,252,7,259,0.873778954004929,0.8613177902093,0.00491388243950321
A3,SSEST,I,252,8,260,0.882331520335425,0.859323921062137,0.014460571451619
A3,SSEST,I,252,9,261,0.893113102154743,0.857341176093684,0.0272211781182776
A3,SSEST,I,252,10,262,0.906061635802463,0.855369493475944,0.0421842819881629
A3,SSEST,I,252,11,263,0.921102569812158,0.853408817596436,0.0591818915874414
A3,SSEST,I,252,12,264,0.938148627311978,0.851459099833844,0.0782203847346749
A3,SSEST,I,252,13,265,0.957099585602796,0.849520299586635,0.0991058758488698
A3,SSEST,I,252,14,266,0.977842100064535,0.847592385609596,0.121818844469659
A3,SSEST,I,259,1,260,0.882331520335425,0.876489747648949,0.00227231258047426
A3,SSEST,I,259,2,261,0.893113102154743,0.874505410252736,0.0100033449998559
A3,SSEST,I,259,3,262,0.906061635802463,0.872532366373291,0.024972665316035
A3,SSEST,I,259,4,263,0.921102569812158,0.87057055032723,0.0419661328040834
A3,SSEST,I,259,5,264,0.938148627311978,0.868619901395561,0.0610105402952826
A3,SSEST,I,259,6,265,0.957099585602796,0.866680364367988,0.081891354139612
A3,SSEST,I,259,7,266,0.977842100064535,0.864751890256123,0.104609990895572
A3,SSEST,I,259,8,267,1.00024960071493,0.862834437208413,0.128924880514437
A3,SSEST,I,259,9,268,1.0241822899436,0.860927971669359,0.154811619248626
A3,SSEST,I,259,10,269,1.04948726913959,0.859032469838191,0.182001669270909
A3,SSEST,I,259,11,270,1.07599882012239,0.85714791949855,0.210445278602047
A3,SSEST,I,259,12,271,1.10353886450486,0.855274322311643,0.239848137282069
A3,SSEST,I,259,13,272,1.13191762041928,0.853411696694917,0.270136938389951
A3,SSEST,I,259,14,273,1.16093447151329,0.851560081446011,0.300994284323916
A3,SSEST,I,266,1,267,1.00024960071493,0.987541371204754,0.00472716952811096
A3,SSEST,I,266,2,268,1.0241822899436,0.985482114584854,0.0287445218565172
A3,SSEST,I,266,3,269,1.04948726913959,0.983435905669549,0.0561195536830776
A3,SSEST,I,266,4,270,1.07599882012239,0.981402656095403,0.0846834517377843
A3,SSEST,I,266,5,271,1.10353886450486,0.979382276786359,0.114267527475103
A3,SSEST,I,266,6,272,1.13191762041928,0.977374678218987,0.144672476254863
A3,SSEST,I,266,7,273,1.16093447151329,0.975379770650773,0.175707684713145
A3,SSEST,I,266,8,274,1.19037905788322,0.973397464317191,0.207152701746459
A3,SSEST,I,266,9,275,1.22003259279743,0.971427669602556,0.238799269525552
A3,SSEST,I,266,10,276,1.24966940282979,0.969470297188954,0.27041113704921
A3,SSEST,I,266,11,277,1.27905868254927,0.967525258187012,0.301768473959162
A3,SSEST,I,266,12,278,1.30796644838275,0.965592464251785,0.33262630791914
A3,SSEST,I,266,13,279,1.33615766987952,0.963671827686662,0.362760956879566
A3,SSEST,I,266,14,280,1.36339855055086,0.961763261537839,0.391927293177966
A3,SSEST,I,273,1,274,1.19037905788322,1.17418188535726,0.00615548750890919
A3,SSEST,I,273,2,275,1.22003259279743,1.17165017328142,0.0362695039347887
A3,SSEST,I,273,3,276,1.24966940282979,1.16914390055431,0.0684266945721908
A3,SSEST,I,273,4,277,1.27905868254927,1.1666627908546,0.100337899920653
A3,SSEST,I,273,5,278,1.30796644838275,1.16420656634275,0.131716522260689
A3,SSEST,I,273,6,279,1.33615766987952,1.16177494884036,0.162378250203918
A3,SSEST,I,273,7,280,1.36339855055086,1.15936766075387,0.192041503647461
A3,SSEST,I,273,8,281,1.38945892492818,1.15698442579362,0.220522209018579
A3,SSEST,I,273,9,282,1.41411473365438,1.15462496952966,0.247552946175553
A3,SSEST,I,273,10,283,1.43715053445933,1.15228901981726,0.272960123467865
A3,SSEST,I,273,11,284,1.45836200390782,1.14997630711891,0.296500105650114
A3,SSEST,I,273,12,285,1.47755838295945,1.14768656474398,0.31802009859854
A3,SSEST,I,273,13,286,1.49456481872371,1.14541952921787,0.337309643282677
A3,SSEST,I,273,14,287,1.50922455537381,1.14317494080585,0.35424638976007
A3,SSEST,I,280,1,281,1.38945892492818,1.37519688724589,0.00529269731549151
A3,SSEST,I,280,2,282,1.41411473365438,1.37230696421854,0.0276004790163139
A3,SSEST,I,280,3,283,1.43715053445933,1.36943338907582,0.0535192168969409
A3,SSEST,I,280,4,284,1.45836200390782,1.36657604463552,0.0776397893999453
A3,SSEST,I,280,5,285,1.47755838295945,1.36373481519894,0.0996876720136063
A3,SSEST,I,280,6,286,1.49456481872371,1.36090958646533,0.119569358055123
A3,SSEST,I,280,7,287,1.50922455537381,1.3581002454575,0.137049553138003
A3,SSEST,I,280,8,288,1.52140092900778,1.35530668045696,0.152067869324521
A3,SSEST,I,280,9,289,1.53097912428407,1.35252878094715,0.164435859991524
A3,SSEST,I,280,10,290,1.53786765484385,1.34976643756371,0.174133554883693
A3,SSEST,I,280,11,291,1.54199953476026,1.34701954205074,0.181024943648607
A3,SSEST,I,280,12,292,1.54333311438952,1.34428798722211,0.185135424516074
A3,SSEST,I,280,13,293,1.54185256087665,1.3415716669273,0.186384464728624
A3,SSEST,I,280,14,294,1.53756797100109,1.33887047602094,0.184845014708671
A3,SSEST,I,287,1,288,1.52140092900778,1.51461657661702,0.00351556212832092
A3,SSEST,I,287,2,289,1.53097912428407,1.51199792068061,0.00697815273946097
A3,SSEST,I,287,3,290,1.53786765484385,1.50939015495127,0.0132510756824479
A3,SSEST,I,287,4,291,1.54199953476026,1.50679322296962,0.0200076845337566
A3,SSEST,I,287,5,292,1.54333311438952,1.5042070686641,0.0239215413823288
A3,SSEST,I,287,6,293,1.54185256087665,1.50163163634308,0.0250748804550054
A3,SSEST,I,287,7,294,1.53756797100109,1.49906687068777,0.0233499147540516
A3,SSEST,I,287,8,295,1.53051511183088,1.49651271674588,0.0189084911742737
A3,SSEST,I,287,9,296,1.52075479257251,1.49396911992569,0.0120284930746907
A3,SSEST,I,287,10,297,1.50837187883864,1.49143602599084,0.00621381139478499
A3,SSEST,I,287,11,298,1.49347396809301,1.48891338105535,0.00322040029175864
A3,SSEST,I,287,12,299,1.47618975206608,1.48640113157916,0.00398412232896243
A3,SSEST,I,287,13,300,1.45666709828001,1.48389922436389,0.0125819201351631
A3,SSEST,I,287,14,301,1.43507088831336,1.48140760654894,0.0316567990851701
A3,SSEST,I,294,1,295,1.53051511183088,1.53352380957104,0.00307371857380751
A3,SSEST,I,294,2,296,1.52075479257251,1.53110052291205,0.0040376603284429
A3,SSEST,I,294,3,297,1.50837187883864,1.52868622040668,0.00780824674095797
A3,SSEST,I,294,4,298,1.49347396809301,1.52628086066091,0.0178987378408754
A3,SSEST,I,294,5,299,1.47618975206608,1.52388440250911,0.0328628213699794
A3,SSEST,I,294,6,300,1.45666709828001,1.52149680501289,0.0499695604769352
A3,SSEST,I,294,7,301,1.43507088831336,1.51911802745992,0.0692620223373847
A3,SSEST,I,294,8,302,1.41158065493821,1.51674802936265,0.0903548638440304
A3,SSEST,I,294,9,303,1.38638806367263,1.51438677045709,0.113259952443668
A3,SSEST,I,294,10,304,1.35969428653969,1.51203421070153,0.137574680205363
A3,SSEST,I,294,11,305,1.33170731687803,1.50969031027525,0.16329025505273
A3,SSEST,I,294,12,306,1.30263927391294,1.50735502957723,0.18999741297541
A3,SSEST,I,294,13,307,1.27270374450828,1.50502832922483,0.217677519178957
A3,SSEST,I,294,14,308,1.24211320715162,1.50271017005245,0.245925159770567
A3,SSEST,I,301,1,302,1.41158065493821,1.42260420542983,0.00422005572077698
A3,SSEST,I,301,2,303,1.38638806367263,1.42006897422769,0.0198423078750294
A3,SSEST,I,301,3,304,1.35969428653969,1.41754532922482,0.0440492150473825
A3,SSEST,I,301,4,305,1.33170731687803,1.4150332044744,0.0695374661400084
A3,SSEST,I,301,5,306,1.30263927391294,1.41253253455374,0.0961410128007541
A3,SSEST,I,301,6,307,1.27270374450828,1.41004325454964,0.123600783390679
A3,SSEST,I,301,7,308,1.24211320715162,1.40756530004545,0.151748952615053
A3,SSEST,I,301,8,309,1.21107657987791,1.40509860710943,0.180332515414675
A3,SSEST,I,301,9,310,1.17979692963724,1.40264311228436,0.209191683735584
A3,SSEST,I,301,10,311,1.14846937570652,1.40019875257822,0.238088606231673
A3,SSEST,I,301,11,312,1.11727921429272,1.39776546545564,0.266879933349486
A3,SSEST,I,301,12,313,1.08640028564772,1.39534318883022,0.295350406251785
A3,SSEST,I,301,13,314,1.05599359898214,1.39293186105747,0.323379670903403
A3,SSEST,I,301,14,315,1.02620622439843,1.39053142092828,0.350780511910236
A3,SSEST,I,308,1,309,1.21107657987791,1.2258085933529,0.00539155542036471
A3,SSEST,I,308,2,310,1.17979692963724,1.22352990828397,0.0315422153745177
A3,SSEST,I,308,3,311,1.14846937570652,1.22126378112914,0.060636814755407
A3,SSEST,I,308,4,312,1.11727921429272,1.21901012579866,0.0895874605350516
A3,SSEST,I,308,5,313,1.08640028564772,1.21676885713752,0.118257280648716
A3,SSEST,I,308,6,314,1.05599359898214,1.21453989088332,0.14644945107615
A3,SSEST,I,308,7,315,1.02620622439843,1.21232314362931,0.174051282692513
A3,SSEST,I,308,8,316,0.997170455122115,1.21011853279191,0.200897170209353
A3,SSEST,I,308,9,317,0.969003237643621,1.20792597658205,0.226902132799437
A3,SSEST,I,308,10,318,0.941805862121847,1.20574539397981,0.251933904503165
A3,SSEST,I,308,11,319,0.915663900657319,1.20357670471184,0.275936624441368
A3,SSEST,I,308,12,320,0.890647376905549,1.20141982923128,0.298811473657926
A3,SSEST,I,308,13,321,0.866811147036355,1.19927468869966,0.320531203292639
A3,SSEST,I,308,14,322,0.844195469293703,1.19714120497067,0.341028794588323
A3,SSEST,I,315,1,316,0.997170455122115,1.01118597084103,0.00539476055005485
A3,SSEST,I,315,2,317,0.969003237643621,1.01003008655361,0.0308098576459213
A3,SSEST,I,315,3,318,0.941805862121847,1.00888448808822,0.0568716268101475
A3,SSEST,I,315,4,319,0.915663900657319,1.00774907181691,0.0818939162750491
A3,SSEST,I,315,5,320,0.890647376905549,1.00662373560444,0.105794729375081
A3,SSEST,I,315,6,321,0.866811147036355,1.0055083787442,0.128531023376434
A3,SSEST,I,315,7,322,0.844195469293703,1.00440290190135,0.150050513843479
A3,SSEST,I,315,8,323,0.822826737391113,1.00330720706215,0.170338654301977
A3,SSEST,I,315,9,324,0.802718351685404,1.00222119748869,0.189370011661399
A3,SSEST,I,315,10,325,0.783871701481476,1.00114477767822,0.207155033437298
A3,SSEST,I,315,11,326,0.766277231889985,1.00007785332641,0.2236912765845
A3,SSEST,I,315,12,327,0.749915569329688,0.999020331294156,0.239009901991674
A3,SSEST,I,315,13,328,0.734758680966771,0.997972119587288,0.25312701586654
A3,SSEST,I,315,14,329,0.720771045035154,0.996933127319996,0.266089843357481
A3,SSEST,I,322,1,323,0.822826737391113,0.832656854083306,0.00361606698894564
A3,SSEST,I,322,2,324,0.802718351685404,0.831104038304359,0.0198030597998865
A3,SSEST,I,322,3,325,0.783871701481476,0.829558109851759,0.0371139849583207
A3,SSEST,I,322,4,326,0.766277231889985,0.828019040100734,0.0531920403866445
A3,SSEST,I,322,5,327,0.749915569329688,0.826486803886991,0.0680317637778179
A3,SSEST,I,322,6,328,0.734758680966771,0.824961380102889,0.0816853179851458
A3,SSEST,I,322,7,329,0.720771045035154,0.823442752474816,0.0941647161167624
A3,SSEST,I,322,8,330,0.707910811000185,0.821930910566825,0.105534660893716
A3,SSEST,I,322,9,331,0.696130930825997,0.820425851069592,0.115819961747235
A3,SSEST,I,322,10,332,0.685380245097845,0.818927579451835,0.125093417998167
A3,SSEST,I,322,11,333,0.675604510351626,0.817436112075711,0.133388252003013
A3,SSEST,I,322,12,334,0.666747356595904,0.815951478910031,0.140781328220945
A3,SSEST,I,322,13,335,0.65875116660666,0.814473727020062,0.147310414079749
A3,SSEST,I,322,14,336,0.651557871070137,0.813002925073729,0.15305299822084
A3,SSEST,I,329,1,330,0.707910811000185,0.713186682092244,0.00204263745254453
A3,SSEST,I,329,2,331,0.696130930825997,0.71128260189755,0.00797146416000878
A3,SSEST,I,329,3,332,0.685380245097845,0.709385983043133,0.0168381584363783
A3,SSEST,I,329,4,333,0.675604510351626,0.707497184179248,0.0247504201835922
A3,SSEST,I,329,5,334,0.666747356595904,0.70561673851704,0.0317397578330573
A3,SSEST,I,329,6,335,0.65875116660666,0.703745438264605,0.03788964793739
A3,SSEST,I,329,7,336,0.651557871070137,0.701884466030836,0.0432345880838194
A3,SSEST,I,329,8,337,0.645109655992451,0.70003560564495,0.0478586004254508
A3,SSEST,I,329,9,338,0.639349580944498,0.698201587982896,0.0517972319817029
A3,SSEST,I,329,10,339,0.634222108635578,0.69638660433579,0.0551339934789574
A3,SSEST,I,329,11,340,0.629673547987681,0.694596769128542,0.0579051763370955
A3,SSEST,I,329,12,341,0.625652414302759,0.692839919956655,0.0601932098808056
A3,SSEST,I,329,13,342,0.622109711274304,0.691124412616193,0.0620325062735609
A3,SSEST,I,329,14,343,0.61899914049669,0.689457609910184,0.0634991573410131
A3,SSEST,I,336,1,337,0.645109655992451,0.64707173790296,0.00139895120028725
A3,SSEST,I,336,2,338,0.639349580944498,0.644881484369117,0.00209633679074006
A3,SSEST,I,336,3,339,0.634222108635578,0.642721319793083,0.0032282738385143
A3,SSEST,I,336,4,340,0.629673547987681,0.640602942645747,0.00478706702562745
A3,SSEST,I,336,5,341,0.625652414302759,0.638538385506077,0.00653790074406262
A3,SSEST,I,336,6,342,0.622109711274304,0.636537149177691,0.0081058956290332
A3,SSEST,I,336,7,343,0.61899914049669,0.634605294474366,0.00929813355291337
A3,SSEST,I,336,8,344,0.616277244782181,0.632745996906232,0.0101857833624832
A3,SSEST,I,336,9,345,0.613903492022681,0.63096039943963,0.0107861656880044
A3,SSEST,I,336,10,346,0.611840306551803,0.629248295910801,0.0111606853117306
A3,SSEST,I,336,11,347,0.610053054996294,0.627608598738299,0.0113191234945661
A3,SSEST,I,336,12,348,0.608509993479626,0.626039647027444,0.0113150670366354
A3,SSEST,I,336,13,349,0.60718218278076,0.624539410095104,0.0111522254821451
A3,SSEST,I,336,14,350,0.606043377683961,0.623105624146356,0.0108775470862411
A3,SSEST,I,343,1,344,0.616277244782181,0.616569776619201,0.00113922531478211
A3,SSEST,I,343,2,345,0.613903492022681,0.614652013193875,0.00118779059948116
A3,SSEST,I,343,3,346,0.611840306551803,0.612811594213599,0.00120775038188669
A3,SSEST,I,343,4,347,0.610053054996294,0.611047082980133,0.00120842756438168
A3,SSEST,I,343,5,348,0.608509993479626,0.609356463062446,0.00118754916887748
A3,SSEST,I,343,6,349,0.60718218278076,0.607737356372799,0.00115357360167658
A3,SSEST,I,343,7,350,0.606043377683961,0.606187167137966,0.00110367362814819
A3,SSEST,I,343,8,351,0.605069896306006,0.604703179009136,0.00112705718305163
A3,SSEST,I,343,9,352,0.604240474679024,0.603282621804919,0.00118881973202183
A3,SSEST,I,343,10,353,0.603536111322109,0.601922718048505,0.00126047524838447
A3,SSEST,I,343,11,354,0.602939905971983,0.600620715714725,0.00133522730323688
A3,SSEST,I,343,12,355,0.602436896079178,0.599373911346749,0.0014168732383685
A3,SSEST,I,343,13,356,0.602013894125443,0.598179666310368,0.00150298506033235
A3,SSEST,I,343,14,357,0.601659328291778,0.597035418073296,0.00176603506211128
A3,SSEST,I,350,1,351,0.605069896306006,0.604794935153465,0.00110284646330212
A3,SSEST,I,350,2,352,0.604240474679024,0.603381661530546,0.00116224992511989
A3,SSEST,I,350,3,353,0.603536111322109,0.602029040072096,0.00123473496662099
A3,SSEST,I,350,4,354,0.602939905971983,0.600734320242945,0.00130714192063205
A3,SSEST,I,350,5,355,0.602436896079178,0.599494799946751,0.00138959720953788
A3,SSEST,I,350,6,356,0.602013894125443,0.598307841797397,0.00146951649129364
A3,SSEST,I,350,7,357,0.601659328291778,0.597170884411544,0.0017180286137445
A3,SSEST,I,350,8,358,0.601363088513552,0.596081450039588,0.00198143907891729
A3,SSEST,I,350,9,359,0.601116379505959,0.595037149472626,0.0022474843307823
A3,SSEST,I,350,10,360,0.600911581933904,0.594035684905153,0.00251209411158847
A3,SSEST,I,350,11,361,0.600742122537656,0.593074851254331,0.00289693244467678
A3,SSEST,I,350,12,362,0.600602353709816,0.592152536310211,0.00333736707026963
A3,SSEST,I,350,13,363,0.600487442749733,0.591266720000323,0.00378431563253125
A3,SSEST,I,350,14,364,0.600393270796466,0.590415472985498,0.00438679061131295
A4,ARX,I,49,1,50,1.02620622439843,1.02673927312715,0.000300981870229436
A4,ARX,I,49,2,51,1.05599359898214,1.05773249612038,0.00149777358093704
A4,ARX,I,49,3,52,1.08640028564772,1.09016724151843,0.00351612456915069
A4,ARX,I,49,4,53,1.11727921429272,1.12405455881963,0.00651414487658084
A4,ARX,I,49,5,54,1.14846937570652,1.15939835832581,0.0106567305322144
A4,ARX,I,49,6,55,1.17979692963724,1.19619423579022,0.0161132960308198
A4,ARX,I,49,7,56,1.21107657987791,1.23442818975277,0.0230551168687407
A4,ARX,I,49,8,57,1.24211320715162,1.27407522897863,0.0316523043321865
A4,ARX,I,49,9,58,1.27270374450828,1.31509786807872,0.0420704258744958
A4,ARX,I,49,10,59,1.30263927391294,1.35744450999629,0.0544667910479162
A4,ARX,I,49,11,60,1.33170731687803,1.40104771450833,0.0689864292364862
A4,ARX,I,49,12,61,1.35969428653969,1.44582235210496,0.085757791087577
A4,ARX,I,49,13,62,1.38638806367263,1.49166364243841,0.104888210255696
A4,ARX,I,49,14,63,1.41158065493821,1.53844507581801,0.126459165532704
A4,ARX,I,56,1,57,1.24211320715162,1.24267734105347,0.000233995343478339
A4,ARX,I,56,2,58,1.27270374450828,1.27447173948304,0.00140648935743407
A4,ARX,I,56,3,59,1.30263927391294,1.30631776615428,0.00330626729006354
A4,ARX,I,56,4,60,1.33170731687803,1.33805995080736,0.00596955025462995
A4,ARX,I,56,5,61,1.35969428653969,1.36952944684534,0.00944112327952217
A4,ARX,I,56,6,62,1.38638806367263,1.40054430136618,0.0137512012730972
A4,ARX,I,56,7,63,1.41158065493821,1.43090992651456,0.0189132416562067
A4,ARX,I,56,8,64,1.43507088831336,1.46041978624538,0.0249219350936565
A4,ARX,I,56,9,65,1.45666709828001,1.48885631011823,0.0317514333692151
A4,ARX,I,56,10,66,1.47618975206608,1.51599204303335,0.0393538720368753
A4,ARX,I,56,11,67,1.49347396809301,1.54159103704936,0.0476582428583171
A4,ARX,I,56,12,68,1.50837187883864,1.56541048880449,0.0565696673771338
A4,ARX,I,56,13,69,1.52075479257251,1.58720262383331,0.0659691185189844
A4,ARX,I,56,14,70,1.53051511183088,1.60671682747249,0.0757136321175771
A4,ARX,I,63,1,64,1.43507088831336,1.43537377340559,0.000117241027674885
A4,ARX,I,63,2,65,1.45666709828001,1.45755292996768,0.000456419331250183
A4,ARX,I,63,3,66,1.47618975206608,1.47790053381716,0.00127394511733866
A4,ARX,I,63,4,67,1.49347396809301,1.49619993014524,0.00228215616858158
A4,ARX,I,63,5,68,1.50837187883864,1.5122379294809,0.00341578657488891
A4,ARX,I,63,6,69,1.52075479257251,1.52580749506986,0.00459654571534956
A4,ARX,I,63,7,70,1.53051511183088,1.53671055904221,0.00573401546639674
A4,ARX,I,63,8,71,1.53756797100109,1.54476093536585,0.00672692523428361
A4,ARX,I,63,9,72,1.54185256087665,1.54978729535519,0.007464802763166
A4,ARX,I,63,10,73,1.54333311438952,1.5516361695501,0.00782999036272327
A4,ARX,I,63,11,74,1.54199953476026,1.55017493771207,0.00770000708129753
A4,ARX,I,63,12,75,1.53786765484385,1.54529476600115,0.00695022710548193
A4,ARX,I,63,13,76,1.53097912428407,1.53691344653436,0.0054568329337714
A4,ARX,I,63,14,77,1.52140092900779,1.52497808894456,0.00309998832706865
A4,ARX,I,70,1,71,1.53756797100109,1.53737150608351,0.000100191840142287
A4,ARX,I,70,2,72,1.54185256087665,1.54116446186941,0.000282366573012151
A4,ARX,I,70,3,73,1.54333311438952,1.5417528438609,0.00114505267099872
A4,ARX,I,70,4,74,1.54199953476026,1.53901797654487,0.00254522485515662
A4,ARX,I,70,5,75,1.53786765484385,1.53286646004267,0.00456452286958196
A4,ARX,I,70,6,76,1.53097912428407,1.52323283620901,0.00731008084819858
A4,ARX,I,70,7,77,1.52140092900779,1.51008205075904,0.0108839638958868
A4,ARX,I,70,8,78,1.50922455537381,1.49341165038436,0.0153801357204862
A4,ARX,I,70,9,79,1.49456481872371,1.47325364544418,0.0208814249603405
A4,ARX,I,70,10,80,1.47755838295945,1.44967595944605,0.0274565954547933
A4,ARX,I,70,11,81,1.45836200390782,1.42278337734021,0.0351576410163231
A4,ARX,I,70,12,82,1.43715053445933,1.39271789744147,0.0440174377136772
A4,ARX,I,70,13,83,1.41411473365438,1.35965838889879,0.0540478938011535
A4,ARX,I,70,14,84,1.38945892492818,1.32381946070028,0.0652387364861294
A4,ARX,I,77,1,78,1.50922455537381,1.50848311929286,0.000326279174982553
A4,ARX,I,77,2,79,1.49456481872371,1.49222017248029,0.0019181456423774
A4,ARX,I,77,3,80,1.47755838295945,1.47263916732823,0.00449621858533913
A4,ARX,I,77,4,81,1.45836200390782,1.44979938569438,0.00814392185396427
A4,ARX,I,77,5,82,1.43715053445933,1.42379330839742,0.01294363483716
A4,ARX,I,77,6,83,1.41411473365438,1.3947471241012,0.0189599343645778
A4,ARX,I,77,7,84,1.38945892492818,1.36282065993828,0.0262373215798809
A4,ARX,I,77,8,85,1.36339855055086,1.32820664288868,0.0347985136435754
A4,ARX,I,77,9,86,1.33615766987951,1.29112920935843,0.0446434304420403
A4,ARX,I,77,10,87,1.30796644838275,1.25184159894149,0.0557489873860441
A4,ARX,I,77,11,88,1.27905868254927,1.21062299807455,0.0680697739181031
A4,ARX,I,77,12,89,1.24966940282979,1.1677745399072,0.0815396538704431
A4,ARX,I,77,13,90,1.22003259279743,1.12361451620902,0.0960742704142494
A4,ARX,I,77,14,91,1.19037905788322,1.07847291173797,0.111574378917118
A4,ARX,I,84,1,85,1.36339855055086,1.36226941380809,0.00066901022715628
A4,ARX,I,84,2,86,1.33615766987951,1.33268054703546,0.00302500472844653
A4,ARX,I,84,3,87,1.30796644838275,1.30085642511451,0.00666674235210775
A4,ARX,I,84,4,88,1.27905868254927,1.26698397462658,0.0116409907884417
A4,ARX,I,84,5,89,1.24966940282979,1.23127118010503,0.017974769183231
A4,ARX,I,84,6,90,1.22003259279743,1.19394475531068,0.0256753135555258
A4,ARX,I,84,7,91,1.19037905788322,1.15524726088466,0.0347308263986275
A4,ARX,I,84,8,92,1.16093447151329,1.11543370574076,0.0451119201701802
A4,ARX,I,84,9,93,1.13191762041928,1.07476770267202,0.0567737061919335
A4,ARX,I,84,10,94,1.10353886450486,1.03351728150922,0.0696584411989498
A4,ARX,I,84,11,95,1.07599882012239,0.991950492369191,0.0836986079857286
A4,ARX,I,84,12,96,1.04948726913959,0.950330953669326,0.0988202778936855
A4,ARX,I,84,13,97,1.0241822899436,0.908913511786539,0.114946584347635
A4,ARX,I,84,14,98,1.00024960071493,0.867940179621015,0.132001130354649
A4,ARX,I,91,1,92,1.16093447151329,1.15957891975511,0.000854817521996485
A4,ARX,I,91,2,93,1.13191762041928,1.12779641018075,0.00363300294349678
A4,ARX,I,91,3,94,1.10353886450486,1.09520799484887,0.00785574475304293
A4,ARX,I,91,4,95,1.07599882012239,1.06199407015594,0.0135430931049303
A4,ARX,I,91,5,96,1.04948726913959,1.02833669453811,0.0207027026540251
A4,ARX,I,91,6,97,1.0241822899436,0.994417253705275,0.0293311926658742
A4,ARX,I,91,7,98,1.00024960071493,0.960414125229685,0.0394158266879754
A4,ARX,I,91,8,99,0.977842100064535,0.926500411619535,0.0509363214122246
A4,ARX,I,91,9,100,0.957099585602796,0.892841810687417,0.0638666964171479
A4,ARX,I,91,10,101,0.938148627311978,0.859594687558037,0.0781770772184196
A4,ARX,I,91,11,102,0.921102569812158,0.826904404303487,0.0938353696136861
A4,ARX,I,91,12,103,0.906061635802463,0.794903951576323,0.110808733115163
A4,ARX,I,91,13,104,0.893113102154743,0.763712912657483,0.129064794423104
A4,ARX,I,91,14,105,0.882331520335425,0.733436775159657,0.148572557291087
A4,ARX,I,98,1,99,0.977842100064535,0.976195314758111,0.00109358813716524
A4,ARX,I,98,2,100,0.957099585602796,0.952115451567528,0.00444435005262426
A4,ARX,I,98,3,101,0.938148627311978,0.928105887488732,0.00951646445488207
A4,ARX,I,98,4,102,0.921102569812158,0.904258498841882,0.016331264731068
A4,ARX,I,98,5,103,0.906061635802463,0.880660506209416,0.0249016966500693
A4,ARX,I,98,6,104,0.893113102154743,0.857393912149537,0.0352329805076761
A4,ARX,I,98,7,105,0.882331520335425,0.834535041048246,0.0473232923545519
A4,ARX,I,98,8,106,0.873778954004929,0.812154186729419,0.0611643545570502
A4,ARX,I,98,9,107,0.867505208736847,0.790315370213157,0.0767419082195004
A4,ARX,I,98,10,108,0.863548031730286,0.769076206818037,0.0940360461301418
A4,ARX,I,98,11,109,0.86193326305471,0.748487878802183,0.113021391567941
A4,ARX,I,98,12,110,0.862674924244031,0.72859520706793,0.133667115263397
A4,ARX,I,98,13,111,0.865775234806229,0.709436813220545,0.155936789797538
A4,ARX,I,98,14,112,0.871224552284233,0.691045361542448,0.179788087527746
A4,ARX,I,105,1,106,0.873778954004929,0.871759796239439,0.00135170669072949
A4,ARX,I,105,2,107,0.867505208736847,0.861423100643269,0.00542286197305977
A4,ARX,I,105,3,108,0.863548031730286,0.85134555282379,0.0115512720497969
A4,ARX,I,105,4,109,0.86193326305471,0.841549702131984,0.0197401754884668
A4,ARX,I,105,5,110,0.862674924244031,0.832056534063682,0.0299825897619181
A4,ARX,I,105,6,111,0.865775234806229,0.822885488018141,0.0422612779145911
A4,ARX,I,105,7,112,0.871224552284233,0.814054485608197,0.0565486603061098
A4,ARX,I,105,8,113,0.879001236732783,0.805579968316583,0.0728066414072881
A4,ARX,I,105,9,114,0.889071445699282,0.79747694324834,0.0909863589885885
A4,ARX,I,105,10,115,0.90138887084891,0.789759035708102,0.111027868114756
A4,ARX,I,105,11,116,0.915894432094175,0.782438547331859,0.132859777078549
A4,ARX,I,105,12,117,0.932515949323159,0.775526518523521,0.156398856619902
A4,ARX,I,105,13,118,0.951167815427898,0.769032793984967,0.181549647345672
A4,ARX,I,105,14,119,0.971750697189491,0.762966090181605,0.208204093066774
A4,ARX,I,112,1,113,0.879001236732783,0.877062390078349,0.00108590806245478
A4,ARX,I,112,2,114,0.889071445699282,0.883276307661897,0.00493636081130688
A4,ARX,I,112,3,115,0.90138887084891,0.889853331386486,0.0106705307399167
A4,ARX,I,112,4,116,0.915894432094175,0.896779842108248,0.0182429877593096
A4,ARX,I,112,5,117,0.932515949323159,0.904041543805986,0.0275958622463288
A4,ARX,I,112,6,118,0.951167815427898,0.911623435072762,0.0386585635671501
A4,ARX,I,112,7,119,0.971750697189491,0.919509784073411,0.0513475060269735
A4,ARX,I,112,8,120,0.994151292574028,0.927684107557853,0.0655658871709284
A4,ARX,I,112,9,121,1.01824217405049,0.936129154512377,0.0812035474644597
A4,ARX,I,112,10,122,1.04388174760131,0.944826895017525,0.0981369404544878
A4,ARX,I,112,11,123,1.07091435612846,0.953758514861174,0.116229241565045
A4,ARX,I,112,12,124,1.09917055396317,0.962904416428217,0.135330621713369
A4,ARX,I,112,13,125,1.12846757619503,0.972244226353364,0.155278708975105
A4,ARX,I,112,14,126,1.15861002260672,0.981756810380607,0.175899257641021
A4,ARX,I,119,1,120,0.994151292574028,0.993213131784398,0.000352957122086217
A4,ARX,I,119,2,121,1.01824217405049,1.01553754728694,0.00163547855989255
A4,ARX,I,119,3,122,1.04388174760131,1.03870471298806,0.00408269205645839
A4,ARX,I,119,4,123,1.07091435612846,1.06269253106922,0.00710130562352486
A4,ARX,I,119,5,124,1.09917055396317,1.08747591075331,0.0105469787798418
A4,ARX,I,119,6,125,1.12846757619503,1.11302668616882,0.0142651279146878
A4,ARX,I,119,7,126,1.15861002260672,1.13931358609491,0.018091640038464
A4,ARX,I,119,8,127,1.18939077122458,1.16630226449933,0.0218537551690252
A4,ARX,I,119,9,128,1.22059213098797,1.1939554015499,0.025371117133348
A4,ARX,I,119,10,129,1.25198723694768,1.22223288558809,0.0284569856528998
A4,ARX,I,119,11,130,1.28334168488708,1.25109208741904,0.0309195951853139
A4,ARX,I,119,12,131,1.31441539550377,1.28048823922951,0.03256363826379
A4,ARX,I,119,13,132,1.34496469148778,1.31037493154006,0.0331918431558464
A4,ARX,I,119,14,133,1.37474456418714,1.34070474289489,0.032606607688651
A4,ARX,I,126,1,127,1.18939077122458,1.18972823306939,0.000260656222139079
A4,ARX,I,126,2,128,1.22059213098797,1.22179141297376,0.000448479853142149
A4,ARX,I,126,3,129,1.25198723694768,1.25476777830654,0.00148495407663982
A4,ARX,I,126,4,130,1.28334168488708,1.28862278327111,0.00394858041441353
A4,ARX,I,126,5,131,1.31441539550377,1.32331961604392,0.00753356818374752
A4,ARX,I,126,6,132,1.34496469148778,1.35881988126204,0.0124451763970836
A4,ARX,I,126,7,133,1.37474456418714,1.39508450187774,0.0188892984669155
A4,ARX,I,126,8,134,1.40351110026551,1.43207487865071,0.0270711889999834
A4,ARX,I,126,9,135,1.43102403302791,1.46975435271534,0.0371943670413263
A4,ARX,I,126,10,136,1.45704937810415,1.50809002593146,0.0494597901192144
A4,ARX,I,126,11,137,1.48136210910434,1.54705500589909,0.0640654094304942
A4,ARX,I,126,12,138,1.50374882584088,1.58663115870746,0.0812062353475163
A4,ARX,I,126,13,139,1.5240103658617,1.62681247427093,0.101075065534623
A4,ARX,I,126,14,140,1.54196430944264,1.6676091787225,0.12386405742602
A4,ARX,I,133,1,134,1.40351110026551,1.40470239310745,0.000452043839326399
A4,ARX,I,133,2,135,1.43102403302791,1.43477862434671,0.00230097878926286
A4,ARX,I,133,3,136,1.45704937810415,1.46491902768535,0.00638269577984261
A4,ARX,I,133,4,137,1.48136210910434,1.4950735390365,0.012190542697171
A4,ARX,I,133,5,138,1.50374882584088,1.52519794368892,0.0198936167789476
A4,ARX,I,133,6,139,1.5240103658617,1.55525580507032,0.029654511461231
A4,ARX,I,133,7,140,1.54196430944264,1.58522067196085,0.0416290054013732
A4,ARX,I,133,8,141,1.55744732888769,1.61507860610132,0.0559662237258633
A4,ARX,I,133,9,142,1.57031733499036,1.64483108451051,0.0728093717149442
A4,ARX,I,133,10,143,1.58045537678451,1.67449834778433,0.0922971543917824
A4,ARX,I,133,11,144,1.58776725518506,1.70412328891592,0.11456601370864
A4,ARX,I,133,12,145,1.59218481667631,1.73377600918668,0.139753340720103
A4,ARX,I,133,13,146,1.59366689970428,1.76355921192795,0.168001856889332
A4,ARX,I,133,14,147,1.59219991369156,1.79361466652019,0.199465411671982
A4,ARX,I,140,1,141,1.55744732888769,1.55902440620295,0.000586853889275215
A4,ARX,I,140,2,142,1.57031733499036,1.57517318806569,0.00325283323603058
A4,ARX,I,140,3,143,1.58045537678451,1.590407455527,0.00832736059818842
A4,ARX,I,140,4,144,1.58776725518506,1.60473753692279,0.0153234347628056
A4,ARX,I,140,5,145,1.59218481667631,1.61818844466727,0.024333909354707
A4,ARX,I,140,6,146,1.59366689970428,1.6308010437514,0.0354404209919251
A4,ARX,I,140,7,147,1.59219991369156,1.64263324747424,0.0487139922512519
A4,ARX,I,140,8,148,1.58779803841969,1.65376126330846,0.0642160620658581
A4,ARX,I,140,9,149,1.58050303969516,1.66428092175182,0.0819999800938691
A4,ARX,I,140,10,150,1.5703837055004,1.67430913353318,0.102113005737012
A4,ARX,I,140,11,151,1.55753491499715,1.68398553637776,0.124598860012389
A4,ARX,I,140,12,152,1.54207636056499,1.69347441273642,0.149500890624777
A4,ARX,I,140,13,153,1.52415095030417,1.70296698592482,0.176865928982679
A4,ARX,I,140,14,154,1.50392292490877,1.71268423609871,0.206748944757106
A4,ARX,I,147,1,148,1.58779803841969,1.58923821194289,0.000543489374710895
A4,ARX,I,147,2,149,1.58050303969516,1.58485593503034,0.00270577047407165
A4,ARX,I,147,3,150,1.5703837055004,1.57913833711224,0.00710019405006191
A4,ARX,I,147,4,151,1.55753491499715,1.57218103720117,0.0129835596568012
A4,ARX,I,147,5,152,1.54207636056499,1.56408903879621,0.0203408672123835
A4,ARX,I,147,6,153,1.52415095030417,1.55497566447814,0.029142217968749
A4,ARX,I,147,7,154,1.50392292490877,1.54496142945318,0.039343578428644
A4,ARX,I,147,8,155,1.4815757283465,1.53417287954048,0.0508877548763471
A4,ARX,I,147,9,156,1.45730967622088,1.5227414199722,0.0637055604609876
A4,ARX,I,147,10,157,1.43133946892857,1.51080216159026,0.0777171537089143
A4,ARX,I,147,11,158,1.40389159868553,1.4984928105823,0.0928335249623486
A4,ARX,I,147,12,159,1.37520170014791,1.48595262683607,0.10895810561775
A4,ARX,I,147,13,160,1.34551189370352,1.4733214743721,0.125988474219984
A4,ARX,I,147,14,161,1.31506816860202,1.46073898523649,0.143818133487953
A4,ARX,I,154,1,155,1.4815757283465,1.48226215414366,0.00035780506389923
A4,ARX,I,154,2,156,1.45730967622088,1.45930281547539,0.000748011460115548
A4,ARX,I,154,3,157,1.43133946892857,1.43518283869318,0.00231653678406147
A4,ARX,I,154,4,158,1.40389159868553,1.41004241854828,0.00463422293686854
A4,ARX,I,154,5,159,1.37520170014791,1.38402259816262,0.00731491584830346
A4,ARX,I,154,6,160,1.34551189370352,1.35726392364203,0.0102571526214724
A4,ARX,I,154,7,161,1.31506816860202,1.32990518791905,0.0133538775515427
A4,ARX,I,154,8,162,1.28411785001158,1.30208227873907,0.0164938135576912
A4,ARX,I,154,9,163,1.25290718995044,1.27392714246219,0.0195628240812242
A4,ARX,I,154,10,164,1.22167911699159,1.24556687209014,0.0224452398261205
A4,ARX,I,154,11,165,1.19067117384528,1.21712292473887,0.0250251273468178
A4,ARX,I,154,12,166,1.16011366557638,1.18871047074907,0.0271874797337712
A4,ARX,I,154,13,167,1.13022803451074,1.16043787383037,0.0288193134015839
A4,ARX,I,154,14,168,1.10122547103208,1.13240629912448,0.0298106591262626
A4,ARX,I,161,1,162,1.28411785001158,1.28400980720935,0.000251284625329379
A4,ARX,I,161,2,163,1.25290718995044,1.25248463757638,0.00028195302603471
A4,ARX,I,161,3,164,1.22167911699159,1.22063859298452,0.000395656054700793
A4,ARX,I,161,4,165,1.19067117384528,1.18861307512307,0.000876194933407902
A4,ARX,I,161,5,166,1.16011366557638,1.15654401399795,0.00235426403847387
A4,ARX,I,161,6,167,1.13022803451074,1.12456103898871,0.00447895483511468
A4,ARX,I,161,7,168,1.10122547103208,1.09278676614881,0.0072787357820383
A4,ARX,I,161,8,169,1.07330576267278,1.06133620537803,0.0108383176624615
A4,ARX,I,161,9,170,1.04665637735629,1.03031628954462,0.0152381445477328
A4,ARX,I,161,10,171,1.02145177053989,0.999825525984445,0.0205540508450347
A4,ARX,I,161,11,172,0.997852900502735,0.969953769066361,0.0268570069173896
A4,ARX,I,161,12,173,0.976006931269497,0.940782110721242,0.034212935546496
A4,ARX,I,161,13,174,0.956047098776359,0.912382884038395,0.0426825793581603
A4,ARX,I,161,14,175,0.938092712963733,0.884819773305026,0.052321398119061
A4,ARX,I,168,1,169,1.07330576267278,1.07262961229057,0.000268399398786958
A4,ARX,I,168,2,170,1.04665637735629,1.04452643478979,0.00109225843191867
A4,ARX,I,168,3,171,1.02145177053989,1.01699428824481,0.00344555455227735
A4,ARX,I,168,4,172,0.997852900502735,0.990103545237162,0.00676297456621602
A4,ARX,I,168,5,173,0.976006931269497,0.963916761669638,0.0111290466773797
A4,ARX,I,168,6,174,0.956047098776359,0.938488914723835,0.0166219479089587
A4,ARX,I,168,7,175,0.938092712963733,0.913867707414856,0.0233132033003757
A4,ARX,I,168,8,176,0.922249266582213,0.890093928861486,0.0312674361700135
A4,ARX,I,168,9,177,0.908608620655388,0.867201859625099,0.0405421499078865
A4,ARX,I,168,10,178,0.897249236755849,0.845219711888545,0.0511875215782243
A4,ARX,I,168,11,179,0.888236427489117,0.82417009481763,0.0632461883053218
A4,ARX,I,168,12,180,0.881622598785737,0.804070496142486,0.0767530089550951
A4,ARX,I,168,13,181,0.877447460689384,0.784933771783654,0.0917347859519904
A4,ARX,I,168,14,182,0.875738187189561,0.766768636198707,0.108209935104658
A4,ARX,I,175,1,176,0.922249266582213,0.921077517412304,0.0004412322986609
A4,ARX,I,175,2,177,0.908608620655388,0.905008707242521,0.00271853842391242
A4,ARX,I,175,3,178,0.897249236755849,0.889889018905181,0.00649385270969824
A4,ARX,I,175,4,179,0.888236427489117,0.875718253155947,0.0116659895648535
A4,ARX,I,175,5,180,0.881622598785737,0.862493735557282,0.0182900159100006
A4,ARX,I,175,6,181,0.877447460689384,0.850210740157849,0.0264103572587904
A4,ARX,I,175,7,182,0.875738187189561,0.83886287533406,0.0360605715761032
A4,ARX,I,175,8,183,0.876509510151597,0.828442431601338,0.0472630952166479
A4,ARX,I,175,9,184,0.879763737397501,0.818940691859041,0.0600289505433338
A4,ARX,I,175,10,185,0.885490690328758,0.810348205037798,0.0743574096583977
A4,ARX,I,175,11,186,0.893667561987406,0.802655024488463,0.0902356138150791
A4,ARX,I,175,12,187,0.904258701950913,0.79585091270611,0.107638153322049
A4,ARX,I,175,13,188,0.917215339775503,0.789925514138547,0.126526617914744
A4,ARX,I,175,14,189,0.932475263671701,0.78486849790429,0.146849132460182
A4,ARX,I,182,1,183,0.876509510151597,0.875197127339324,0.000526381847780337
A4,ARX,I,182,2,184,0.879763737397501,0.875809744146102,0.00308661990025161
A4,ARX,I,182,3,185,0.885490690328758,0.877562380520869,0.0070594521678288
A4,ARX,I,182,4,186,0.893667561987406,0.880442419827623,0.0123536650180025
A4,ARX,I,182,5,187,0.904258701950913,0.884438220735141,0.0189452577926149
A4,ARX,I,182,6,188,0.917215339775503,0.889539023454196,0.026796227653123
A4,ARX,I,182,7,189,0.932475263671701,0.89573483078658,0.0358543672295572
A4,ARX,I,182,8,190,0.949962475553668,0.903016267212801,0.0460530606278494
A4,ARX,I,182,9,191,0.969586847401787,0.91137441912601,0.0573110996237699
A4,ARX,I,182,10,192,0.991243806884174,0.920800659285896,0.0695325449112844
A4,ARX,I,182,11,193,1.01481408228635,0.931286458621246,0.0826066593211124
A4,ARX,I,182,12,194,1.04016353791194,0.942823188655672,0.0964079408924862
A4,ARX,I,182,13,195,1.06714313118089,0.955401918068499,0.110796283506491
A4,ARX,I,182,14,196,1.09558902163416,0.969013207231815,0.125617291441897
A4,ARX,I,189,1,190,0.949962475553668,0.949317574578392,0.000251573241355103
A4,ARX,I,189,2,191,0.969586847401787,0.967753313922554,0.000864153458952106
A4,ARX,I,189,3,192,0.991243806884174,0.987797048961873,0.00245684991493481
A4,ARX,I,189,4,193,1.01481408228635,1.00946438626802,0.00433752638666015
A4,ARX,I,189,5,194,1.04016353791194,1.03277171518404,0.0063556281176332
A4,ARX,I,189,6,195,1.06714313118089,1.05773599837776,0.00834511682880166
A4,ARX,I,189,7,196,1.09558902163416,1.08437462945994,0.0101247215943191
A4,ARX,I,189,8,197,1.12532285995501,1.11270538238463,0.0114982776751555
A4,ARX,I,189,9,198,1.1561522819687,1.14274648313802,0.0122551476729864
A4,ARX,I,189,10,199,1.18787162844738,1.17451684129102,0.0121707081337738
A4,ARX,I,189,11,200,1.2202629065207,1.20803648766226,0.0110068709915821
A4,ARX,I,189,12,201,1.25309700269766,1.24332727505687,0.00851259267394047
A4,ARX,I,189,13,202,1.28613515109258,1.28041391242496,0.00442430382054898
A4,ARX,I,189,14,203,1.31913065359098,1.31932541967776,0.000265065716090119
A4,ARX,I,196,1,197,1.12532285995501,1.12583437748024,0.000258421113094594
A4,ARX,I,196,2,198,1.1561522819687,1.15789789986522,0.00070338748267308
A4,ARX,I,196,3,199,1.18787162844738,1.19180403020959,0.00275833133190093
A4,ARX,I,196,4,200,1.2202629065207,1.22757874172425,0.00610506572042237
A4,ARX,I,196,5,201,1.25309700269766,1.26525042901132,0.0109037946431564
A4,ARX,I,196,6,202,1.28613515109258,1.30485120569974,0.0174253041765998
A4,ARX,I,196,7,203,1.31913065359098,1.34641872019637,0.0259538246332592
A4,ARX,I,196,8,204,1.3518308415805,1.38999862827617,0.0367875331184374
A4,ARX,I,196,9,205,1.38397926171425,1.43564789880605,0.0502396620610041
A4,ARX,I,196,10,206,1.4153180611801,1.48343917887957,0.0666404632828134
A4,ARX,I,196,11,207,1.44559054133432,1.53346651206028,0.086340350649148
A4,ARX,I,196,12,208,1.47454384252821,1.58585279558652,0.109714641688754
A4,ARX,I,196,13,209,1.50193171770902,1.64075948992908,0.137170450091056
A4,ARX,I,196,14,210,1.52751734808735,1.6983992726147,0.169156461878137
A4,ARX,I,203,1,204,1.3518308415805,1.35335096744851,0.000557888109128706
A4,ARX,I,203,2,205,1.38397926171425,1.38879532665643,0.00345595516491493
A4,ARX,I,203,3,206,1.4153180611801,1.42547858065343,0.00876213450519954
A4,ARX,I,203,4,207,1.44559054133432,1.46342730956606,0.0163983293144351
A4,ARX,I,203,5,208,1.47454384252821,1.50268370376751,0.0266594079540597
A4,ARX,I,203,6,209,1.50193171770902,1.54331038946457,0.0398539975121569
A4,ARX,I,203,7,210,1.52751734808735,1.58539643123556,0.0563076485641248
A4,ARX,I,203,8,211,1.55107615098467,1.62906481379328,0.0763674789683992
A4,ARX,I,203,9,212,1.57239852802776,1.67448180318903,0.100408745507381
A4,ARX,I,203,10,213,1.59129250122879,1.72186872270846,0.128843926447004
A4,ARX,I,203,11,214,1.60758618522636,1.7715168652102,0.162135081885297
A4,ARX,I,203,12,215,1.62113004607299,1.82380652061091,0.200810510942202
A4,ARX,I,203,13,216,1.63179890040021,1.87923144771343,0.245487068566848
A4,ARX,I,203,14,217,1.63949361349869,1.93843058594132,0.296899963010857
A4,ARX,I,210,1,211,1.55107615098467,1.5533942700171,0.000925742735778239
A4,ARX,I,210,2,212,1.57239852802776,1.57963061862814,0.00565267775343298
A4,ARX,I,210,3,213,1.59129250122879,1.60632883327736,0.0134245063428593
A4,ARX,I,210,4,214,1.60758618522636,1.63362285464991,0.0243903987518101
A4,ARX,I,210,5,215,1.62113004607299,1.66168370870377,0.0388703586942471
A4,ARX,I,210,6,216,1.63179890040021,1.69072618561506,0.0572036460899777
A4,ARX,I,210,7,217,1.63949361349869,1.72101690794969,0.0797551039924761
A4,ARX,I,210,8,218,1.64414246069943,1.75288416242609,0.106923573876071
A4,ARX,I,210,9,219,1.64570212328021,1.7867299591697,0.139152889961287
A4,ARX,I,210,10,220,1.64415829776442,1.82304486437568,0.176946019402384
A4,ARX,I,210,11,221,1.63952590571536,1.86242617851485,0.220882938590777
A4,ARX,I,210,12,222,1.63184889972795,1.90559987646938,0.271642685957749
A4,ARX,I,210,13,223,1.62119967003926,1.95344606575392,0.330029399540777
A4,ARX,I,210,14,224,1.60767806477234,2.00702572081359,0.397000234570563
A4,ARX,I,217,1,218,1.64414246069943,1.64702730246277,0.00124062110025839
A4,ARX,I,217,2,219,1.64570212328021,1.65461180767792,0.00717067790552542
A4,ARX,I,217,3,220,1.64415829776442,1.66248724050137,0.0165674871401542
A4,ARX,I,217,4,221,1.63952590571536,1.67092030570444,0.0296071418206225
A4,ARX,I,217,5,222,1.63184889972795,1.68020560955116,0.0465395470051878
A4,ARX,I,217,6,223,1.62119967003926,1.69066702218328,0.0676153781780551
A4,ARX,I,217,7,224,1.60767806477234,1.70265879823064,0.0930882199956126
A4,ARX,I,217,8,225,1.59141004505287,1.71656577044806,0.123216191584158
A4,ARX,I,217,9,226,1.57254600386394,1.7328011145804,0.158261580398258
A4,ARX,I,217,10,227,1.55125878431978,1.75179840379672,0.198485283703892
A4,ARX,I,217,11,228,1.52774143885977,1.77399058654408,0.244128919647633
A4,ARX,I,217,12,229,1.50220477553552,1.79975866341246,0.295367975580628
A4,ARX,I,217,13,230,1.47487474097027,1.82930994442645,0.352197076088945
A4,ARX,I,217,14,231,1.44598969163355,1.86243564229818,0.414194353459025
A4,ARX,I,224,1,225,1.59141004505287,1.59380983372421,0.00092352288849941
A4,ARX,I,224,2,226,1.57254600386394,1.57981156746968,0.00551256817133924
A4,ARX,I,224,3,227,1.55125878431978,1.56588523076148,0.0128727793467697
A4,ARX,I,224,4,228,1.52774143885977,1.55221471621611,0.0227192414750065
A4,ARX,I,224,5,229,1.50220477553552,1.53895529490052,0.0349977417494867
A4,ARX,I,224,6,230,1.47487474097027,1.52621595178649,0.0495937857356486
A4,ARX,I,224,7,231,1.44598969163355,1.51402701659661,0.0663038759129577
A4,ARX,I,224,8,232,1.41579760576024,1.50228999454611,0.0847879214378361
A4,ARX,I,224,9,233,1.38455328755885,1.49080742034463,0.104588797925205
A4,ARX,I,224,10,234,1.35251561334646,1.47939579508146,0.125250379476741
A4,ARX,I,224,11,235,1.3199448660054,1.4679049163872,0.146360834983385
A4,ARX,I,224,12,236,1.2871001998011,1.45621638250382,0.167543601001983
A4,ARX,I,224,13,237,1.25423727228529,1.44423981103864,0.188453660494198
A4,ARX,I,224,14,238,1.22160607391179,1.43190918728122,0.20877582529478
A4,ARX,I,231,1,232,1.41579760576024,1.41677810113844,0.000388848246505247
A4,ARX,I,231,2,233,1.38455328755885,1.38730286834981,0.00126672540429978
A4,ARX,I,231,3,234,1.35251561334646,1.35763064491428,0.00366167627340216
A4,ARX,I,231,4,235,1.3199448660054,1.3278370503755,0.00647758252964681
A4,ARX,I,231,5,236,1.2871001998011,1.29800480695645,0.00952694449716627
A4,ARX,I,231,6,237,1.25423727228529,1.26822121542231,0.012641767121444
A4,ARX,I,231,7,238,1.22160607391179,1.23857583533943,0.0156618766105907
A4,ARX,I,231,8,239,1.18944897931223,1.2091584586776,0.0184348604573066
A4,ARX,I,231,9,240,1.15799903712437,1.18005740998552,0.0208160975971612
A4,ARX,I,231,10,241,1.1274785080547,1.1513581484841,0.0226688419644594
A4,ARX,I,231,11,242,1.09809765370247,1.12314214755985,0.0238643276995899
A4,ARX,I,231,12,243,1.07005377178376,1.09548602704039,0.0242818769592548
A4,ARX,I,231,13,244,1.04353046696545,1.06846091365538,0.0238089974450424
A4,ARX,I,231,14,245,1.01869714072669,1.04213200520919,0.0223414624717736
A4,ARX,I,238,1,239,1.18944897931223,1.18931909035736,0.000239068681869288
A4,ARX,I,238,2,240,1.15799903712437,1.15748068992077,0.000276028496204738
A4,ARX,I,238,3,241,1.1274785080547,1.12618883802463,0.000474877948346845
A4,ARX,I,238,4,242,1.09809765370247,1.09553428650958,0.00142735761005121
A4,ARX,I,238,5,243,1.07005377178376,1.06560001680422,0.00334918773247584
A4,ARX,I,238,6,244,1.04353046696545,1.03646090989912,0.00599547909929318
A4,ARX,I,238,7,245,1.01869714072669,1.00818361560476,0.00946894552827478
A4,ARX,I,238,8,246,0.995708678662191,0.980826593851009,0.0138659754412818
A4,ARX,I,238,9,247,0.974705309554556,0.954440301554045,0.0192763059907319
A4,ARX,I,238,10,248,0.955812607467806,0.929067499756909,0.0257827192247589
A4,ARX,I,238,11,249,0.939141606117094,0.904743657288637,0.0334607534869772
A4,ARX,I,238,12,250,0.924788993882884,0.881497428990638,0.0423784205113189
A4,ARX,I,238,13,251,0.912837358062052,0.859351188561934,0.0525959168583935
A4,ARX,I,238,14,252,0.903355448251897,0.838321598187519,0.0641653175056048
A4,ARX,I,245,1,246,0.995708678662191,0.994621152266506,0.00040172234331927
A4,ARX,I,245,2,247,0.974705309554556,0.971349262908772,0.0023615931120733
A4,ARX,I,245,3,248,0.955812607467806,0.948922475396576,0.005918691923439
A4,ARX,I,245,4,249,0.939141606117094,0.927376217585833,0.0108160261946963
A4,ARX,I,245,5,250,0.924788993882884,0.90674060071898,0.0171201494848445
A4,ARX,I,245,6,251,0.912837358062052,0.887040736262141,0.0248885175981135
A4,ARX,I,245,7,252,0.903355448251897,0.868297096493746,0.0341693913957531
A4,ARX,I,245,8,253,0.896398431084497,0.850525905608586,0.0450017003085597
A4,ARX,I,245,9,254,0.892008111778536,0.833739549691426,0.0574148537030903
A4,ARX,I,245,10,255,0.890213102038943,0.817946995484006,0.0714284897383574
A4,ARX,I,245,11,256,0.891028918575113,0.803154209292187,0.0870521546640448
A4,ARX,I,245,12,257,0.894458001771371,0.789364568801302,0.104284909340395
A4,ARX,I,245,13,258,0.900489649660571,0.77657926183261,0.123114864113457
A4,ARX,I,245,14,259,0.909099868145179,0.764797667216409,0.143518647825124
A4,ARX,I,252,1,253,0.896398431084497,0.89453433022724,0.000929498775502036
A4,ARX,I,252,2,254,0.892008111778536,0.886382586573338,0.00469943933592107
A4,ARX,I,252,3,255,0.890213102038943,0.878907572448462,0.0103872420402208
A4,ARX,I,252,4,256,0.891028918575113,0.872115484338073,0.0180022227352068
A4,ARX,I,252,5,257,0.894458001771371,0.86601143253785,0.0275417079335988
A4,ARX,I,252,6,258,0.900489649660571,0.860599514278057,0.0389908956459264
A4,ARX,I,252,7,259,0.909099868145179,0.855882884635537,0.0523226346680107
A4,ARX,I,252,8,260,0.920251144197055,0.85186382283777,0.0674971314486563
A4,ARX,I,252,9,261,0.933892154364197,0.848543791967875,0.0844615988617246
A4,ARX,I,252,10,262,0.949957426141047,0.845923490436521,0.103149866076914
A4,ARX,I,252,11,263,0.968366974448647,0.844002893901334,0.123481973097826
A4,ARX,I,252,12,264,0.989025939465599,0.842781286592769,0.145363777251458
A4,ARX,I,252,13,265,1.01182425521157,0.842257281250071,0.168686601828959
A4,ARX,I,252,14,266,1.03663638049503,0.842428827091464,0.193326959066341
A4,ARX,I,259,1,260,0.920251144197055,0.91839726588544,0.000853711153776134
A4,ARX,I,259,2,261,0.933892154364197,0.928363199413478,0.00450979416551092
A4,ARX,I,259,3,262,0.949957426141047,0.93897703117794,0.00994960341255471
A4,ARX,I,259,4,263,0.968366974448647,0.950215933419843,0.0171079340570257
A4,ARX,I,259,5,264,0.989025939465599,0.962054699227252,0.0259151615629753
A4,ARX,I,259,6,265,1.01182425521157,0.97446556294125,0.0362890167034816
A4,ARX,I,259,7,266,1.03663638049503,0.987418032963912,0.0481344838927756
A4,ARX,I,259,8,267,1.06332112500423,1.00087874033132,0.0613437788770968
A4,ARX,I,259,9,268,1.09172160338137,1.01481130667227,0.0757964350000687
A4,ARX,I,259,10,269,1.12166534904193,1.02917623537617,0.0913595259770451
A4,ARX,I,259,11,270,1.1529646172836,1.04393082991344,0.10788805077582
A4,ARX,I,259,12,271,1.18541690390552,1.05902914330239,0.125225502825788
A4,ARX,I,259,13,272,1.2188057011947,1.07442196266486,0.14320464146659
A4,ARX,I,259,14,273,1.2529015078321,1.09005683266348,0.161648478391434
A4,ARX,I,266,1,267,1.06332112500423,1.06234613090117,0.000370804766881279
A4,ARX,I,266,2,268,1.09172160338137,1.08888734816256,0.00161472698412515
A4,ARX,I,266,3,269,1.12166534904193,1.1161844850622,0.00423080477209347
A4,ARX,I,266,4,270,1.1529646172836,1.14415220143931,0.0075310815053153
A4,ARX,I,266,5,271,1.18541690390552,1.17269507489764,0.0114085828098454
A4,ARX,I,266,6,272,1.2188057011947,1.20170744342584,0.0157525818201735
A4,ARX,I,266,7,273,1.2529015078321,1.23107339915754,0.0204496153233519
A4,ARX,I,266,8,274,1.28746310315571,1.26066695055544,0.0253845956582871
A4,ARX,I,266,9,275,1.32223908944989,1.29035237312024,0.0304420018360273
A4,ARX,I,266,10,276,1.35696969869133,1.31998475692831,0.0355071382040667
A4,ARX,I,266,11,277,1.39138885267405,1.34941076258034,0.0404674377400965
A4,ARX,I,266,12,278,1.42522645787431,1.37846959147075,0.0452137855489585
A4,ARX,I,266,13,279,1.45821090902455,1.40699417109776,0.0496418357914299
A4,ARX,I,266,14,280,1.49007176836835,1.43481255055303,0.0536532938807218
A4,ARX,I,273,1,274,1.28746310315571,1.28743283587771,0.000263013855882974
A4,ARX,I,273,2,275,1.32223908944989,1.32224427843071,0.0002672416955898
A4,ARX,I,273,3,276,1.35696969869133,1.35716709269311,0.000295633885277173
A4,ARX,I,273,4,277,1.39138885267405,1.39201990044059,0.000350838814440291
A4,ARX,I,273,5,278,1.42522645787431,1.42660969098487,0.000522172119228091
A4,ARX,I,273,6,279,1.45821090902455,1.46073313527284,0.00102310971098361
A4,ARX,I,273,7,280,1.49007176836835,1.49417821352674,0.00245212095586192
A4,ARX,I,273,8,281,1.520542581185,1.52672615013278,0.00449326692617436
A4,ARX,I,273,9,282,1.54936378260769,1.5581536399842,0.00706482433375612
A4,ARX,I,273,10,283,1.57628564620134,1.58823534048151,0.0101914267690595
A4,ARX,I,273,11,284,1.60107122137404,1.61674659325307,0.0138856153694967
A4,ARX,I,273,12,285,1.62349920459827,1.64346632979976,0.01814787000974
A4,ARX,I,273,13,286,1.64336668870719,1.66818010613567,0.0229668912710578
A4,ARX,I,273,14,287,1.66049173525737,1.69068320355206,0.0283201253955572
A4,ARX,I,280,1,281,1.520542581185,1.52096486220389,0.000349511480036603
A4,ARX,I,280,2,282,1.54936378260769,1.55067670575775,0.00050315262395343
A4,ARX,I,280,3,283,1.57628564620134,1.57899326614209,0.00110099214933362
A4,ARX,I,280,4,284,1.60107122137404,1.60570259652927,0.00287747318908935
A4,ARX,I,280,5,285,1.62349920459827,1.6305976156515,0.0053173555669446
A4,ARX,I,280,6,286,1.64336668870719,1.65347897706666,0.00830628033621143
A4,ARX,I,280,7,287,1.66049173525737,1.67415796723685,0.011837678903349
A4,ARX,I,280,8,288,1.67471571712173,1.69245936663253,0.0158951506051108
A4,ARX,I,280,9,289,1.68590538205909,1.70822420524293,0.0204531516203697
A4,ARX,I,280,10,290,1.69395459292062,1.7213123432981,0.0254778326474244
A4,ARX,I,280,11,291,1.69878570627929,1.73160480985244,0.0309279962854073
A4,ARX,I,280,12,292,1.70035055844617,1.73900583619759,0.0367561421932522
A4,ARX,I,280,13,293,1.69863103587811,1.74344452779754,0.0429095667772094
A4,ARX,I,280,14,294,1.69363921566415,1.74487612738314,0.0493314844089786
A4,ARX,I,287,1,288,1.67471571712173,1.67519513475211,0.000382390307163324
A4,ARX,I,287,2,289,1.68590538205909,1.68734881049368,0.000551539412185489
A4,ARX,I,287,3,290,1.69395459292062,1.69684473625425,0.00117993178433632
A4,ARX,I,287,4,291,1.69878570627929,1.70359674807265,0.00297333333439403
A4,ARX,I,287,5,292,1.70035055844617,1.70754201825424,0.00534951961789686
A4,ARX,I,287,6,293,1.69863103587811,1.70864214993443,0.0081680109584604
A4,ARX,I,287,7,294,1.69363921566415,1.70688386112032,0.0114034629191602
A4,ARX,I,287,8,295,1.68541707086717,1.70227923841346,0.015025976253798
A4,ARX,I,287,9,296,1.6740357447402,1.69486555272599,0.0190016385922499
A4,ARX,I,287,10,297,1.65959440698018,1.68470464174062,0.0232930513029671
A4,ARX,I,287,11,298,1.64221871397501,1.67188187612433,0.0278598365686654
A4,ARX,I,287,12,299,1.62205890320497,1.6565047380857,0.0326591230735134
A4,ARX,I,287,13,300,1.59928755935892,1.63870105130351,0.0376460117269867
A4,ARX,I,287,14,301,1.57409709612835,1.6186169101478,0.0427740253304864
A4,ARX,I,294,1,295,1.68541707086717,1.68585689417307,0.000376174037555404
A4,ARX,I,294,2,296,1.6740357447402,1.67534962406253,0.000507030074053246
A4,ARX,I,294,3,297,1.65959440698018,1.66220628934945,0.00103676805291518
A4,ARX,I,294,4,298,1.64221871397501,1.64653762066353,0.00256364186723596
A4,ARX,I,294,5,299,1.62205890320497,1.62847436795552,0.00467945632801012
A4,ARX,I,294,6,300,1.59928755935892,1.60816518035506,0.00716326177367648
A4,ARX,I,294,7,301,1.57409709612835,1.58577424945564,0.00998666123836747
A4,ARX,I,294,8,302,1.54669700289137,1.56147877690104,0.0131171781882565
A4,ARX,I,294,9,303,1.5173109094711,1.53546632951165,0.0165185497103239
A4,ARX,I,294,10,304,1.4861735247717,1.50793214532871,0.0201510967964973
A4,ARX,I,294,11,305,1.45352750631936,1.47907645198313,0.0239721760364628
A4,ARX,I,294,12,306,1.4196203175717,1.44910185491591,0.0279367133208596
A4,ARX,I,294,13,307,1.38470112835164,1.4182108474657,0.0319978161585455
A4,ARX,I,294,14,308,1.34901781099478,1.38660348802728,0.0361074571738931
A4,ARX,I,301,1,302,1.54669700289137,1.54712220100828,0.000344258497272476
A4,ARX,I,301,2,303,1.5173109094711,1.51856914404748,0.000481319048033119
A4,ARX,I,301,3,304,1.4861735247717,1.48864936681054,0.00101006290162286
A4,ARX,I,301,4,305,1.45352750631936,1.45757666690448,0.00251258444389281
A4,ARX,I,301,5,306,1.4196203175717,1.42556451734829,0.00444133647261632
A4,ARX,I,301,6,307,1.38470112835164,1.39282357110347,0.00665405836083776
A4,ARX,I,301,7,308,1.34901781099478,1.35955939158304,0.00910822472195379
A4,ARX,I,301,8,309,1.31281408089058,1.32597044065486,0.0117583730283385
A4,ARX,I,301,9,310,1.27632682519514,1.29224634615445,0.0145570442399408
A4,ARX,I,301,10,311,1.2397836577668,1.25856646160721,0.0174557891118845
A4,ARX,I,301,11,312,1.2034007320129,1.22509872206316,0.0204062123913997
A4,ARX,I,301,12,313,1.1673808365351,1.19199879194473,0.0233610259215762
A4,ARX,I,301,13,314,1.131911791421,1.15940949380749,0.026275081715402
A4,ARX,I,301,14,315,1.09716515595028,1.12746050105411,0.0291063572901632
A4,ARX,I,308,1,309,1.31281408089058,1.31315815934226,0.000287694130688074
A4,ARX,I,308,2,310,1.27632682519514,1.27732002972867,0.000382597478944593
A4,ARX,I,308,3,311,1.2397836577668,1.24168858047762,0.000755436429787409
A4,ARX,I,308,4,312,1.2034007320129,1.2064352581254,0.00177584841012184
A4,ARX,I,308,5,313,1.1673808365351,1.17171711026365,0.00311374016953645
A4,ARX,I,308,6,314,1.131911791421,1.13767640722443,0.00457751853611856
A4,ARX,I,308,7,315,1.09716515595028,1.10444054772062,0.00612289046949783
A4,ARX,I,308,8,316,1.06329525155106,1.07212221927281,0.00770810489499216
A4,ARX,I,308,9,317,1.03043849723047,1.0408197814253,0.00929500008787005
A4,ARX,I,308,10,318,0.99871304856474,1.01061783828043,0.0108499366196313
A4,ARX,I,308,11,319,0.968218725799696,0.981587966619064,0.0123445966184355
A4,ARX,I,308,12,320,0.939037211785664,0.953789566654976,0.0137566357019058
A4,ARX,I,308,13,321,0.911232496427786,0.927270804036492,0.0150701795477737
A4,ARX,I,308,14,322,0.88485154112303,0.902069614138228,0.0162761627022448
A4,ARX,I,315,1,316,1.06329525155106,1.06344025939153,0.00021605968949976
A4,ARX,I,315,2,317,1.03043849723047,1.03083571325638,0.0002379712219531
A4,ARX,I,315,3,318,0.99871304856474,0.999435227493276,0.000280636422228113
A4,ARX,I,315,4,319,0.968218725799696,0.969308495221973,0.00040196777995438
A4,ARX,I,315,5,320,0.939037211785664,0.940512199279727,0.000592324253965016
A4,ARX,I,315,6,321,0.911232496427786,0.913091107039733,0.00091539986488832
A4,ARX,I,315,7,322,0.88485154112303,0.887079221595158,0.0013112249814766
A4,ARX,I,315,8,323,0.859925134298608,0.862500960536322,0.00168464763335735
A4,ARX,I,315,9,324,0.836468907658617,0.839372337404043,0.00203603339648055
A4,ARX,I,315,10,325,0.814484482056953,0.817702124674871,0.00237252505306619
A4,ARX,I,315,11,326,0.793960711994814,0.797492980848187,0.00270792402214097
A4,ARX,I,315,12,327,0.774874998522355,0.778742527736477,0.00306245364167444
A4,ARX,I,315,13,328,0.757194641724101,0.761444367310616,0.0034624224856759
A4,ARX,I,315,14,329,0.740878205894322,0.745589030348321,0.00393980686650325
A4,ARX,I,322,1,323,0.859925134298608,0.859927977685531,0.000160298003510745
A4,ARX,I,322,2,324,0.836468907658617,0.836477056624856,0.000156546445085837
A4,ARX,I,322,3,325,0.814484482056953,0.814506647697904,0.00015403794765237
A4,ARX,I,322,4,326,0.793960711994814,0.794018403258501,0.000154194737514759
A4,ARX,I,322,5,327,0.774874998522355,0.775008867671959,0.000159143149039005
A4,ARX,I,322,6,328,0.757194641724101,0.757470523532406,0.000171679791531525
A4,ARX,I,322,7,329,0.740878205894322,0.741392766879763,0.000200835001905691
A4,ARX,I,322,8,330,0.72587687286279,0.726762806202348,0.00032405194771699
A4,ARX,I,322,9,331,0.712135761611693,0.713566482129619,0.00070086536721684
A4,ARX,I,322,10,332,0.699595195230141,0.701789006328933,0.00147588782751841
A4,ARX,I,322,11,333,0.688191899286525,0.691415619171832,0.0025162975349139
A4,ARX,I,322,12,334,0.677860118770424,0.682432166150048,0.0038737097213436
A4,ARX,I,322,13,335,0.668532643782675,0.674825592653437,0.00560229341179278
A4,ARX,I,322,14,336,0.660141737062666,0.668584355289358,0.00775825489415964
A4,ARX,I,329,1,330,0.72587687286279,0.72601718756585,0.000149280292731333
A4,ARX,I,329,2,331,0.712135761611693,0.712597023530424,0.000182491417023152
A4,ARX,I,329,3,332,0.699595195230141,0.700602474237437,0.000393921211569768
A4,ARX,I,329,4,333,0.688191899286525,0.690018299751826,0.00112834351262135
A4,ARX,I,329,5,334,0.677860118770424,0.680829850951873,0.00228085634726822
A4,ARX,I,329,6,335,0.668532643782675,0.673023579388582,0.0038098468166923
A4,ARX,I,329,7,336,0.660141737062666,0.666587464814361,0.00577104469500628
A4,ARX,I,329,8,337,0.652619959175408,0.661511356887505,0.00822175025456928
A4,ARX,I,329,9,338,0.645900889688645,0.657787222734615,0.0112203606180271
A4,ARX,I,329,10,339,0.639919744915631,0.655409282845179,0.0148258881512965
A4,ARX,I,329,11,340,0.634613894757176,0.654374001600103,0.0190974348181669
A4,ARX,I,329,12,341,0.629923282833409,0.654679896368496,0.0240935820088985
A4,ARX,I,329,13,342,0.625790755447622,0.656327224686629,0.0298717479043051
A4,ARX,I,329,14,343,0.62216230597695,0.659317773429882,0.03648772811478
A4,ARX,I,336,1,337,0.652619959175408,0.653131073268499,0.000195716840223845
A4,ARX,I,336,2,338,0.645900889688645,0.647488287053387,0.000937500493324346
A4,ARX,I,336,3,339,0.639919744915631,0.643203198000842,0.00263776020652069
A4,ARX,I,336,4,340,0.634613894757176,0.6402679129715,0.00501118559294696
A4,ARX,I,336,5,341,0.629923282833409,0.638676718635774,0.00811213147911963
A4,ARX,I,336,6,342,0.625790755447622,0.638425824406041,0.0119939724719384
A4,ARX,I,336,7,343,0.62216230597695,0.639513201083047,0.0167086928539284
A4,ARX,I,336,8,344,0.618987242050321,0.641938715757072,0.0223068502619249
A4,ARX,I,336,9,345,0.616218283372411,0.64570442555352,0.0288377736433185
A4,ARX,I,336,10,346,0.613811598307235,0.650814797766749,0.0363497509328484
A4,ARX,I,336,11,347,0.61172678737402,0.657276767545236,0.0448901050021286
A4,ARX,I,336,12,348,0.609926821660739,0.66509964164115,0.0545051590573901
A4,ARX,I,336,13,349,0.6083779438577,0.674294876058347,0.065240113001647
A4,ARX,I,336,14,350,0.607049539185223,0.684875749063405,0.0771388454322805
A4,ARX,I,343,1,344,0.618987242050321,0.619831941938419,0.000323499472003324
A4,ARX,I,343,2,345,0.616218283372411,0.618790831452643,0.00195007731886735
A4,ARX,I,343,3,346,0.613811598307235,0.619032735390813,0.0045984481356527
A4,ARX,I,343,4,347,0.61172678737402,0.62055435005805,0.00820337649459175
A4,ARX,I,343,5,348,0.609926821660739,0.623355424776855,0.012801637875592
A4,ARX,I,343,6,349,0.6083779438577,0.627438763776604,0.0184297891582684
A4,ARX,I,343,7,350,0.607049539185223,0.632810137075276,0.0251242082746345
A4,ARX,I,343,8,351,0.605913982965154,0.639478115576315,0.0329210816305371
A4,ARX,I,343,9,352,0.604946470993227,0.647453838590322,0.0418563413143242
A4,ARX,I,343,10,353,0.604124838233415,0.656750717410912,0.0519655501638729
A4,ARX,I,343,11,354,0.603429370698877,0.667384075660292,0.0632837305187748
A4,ARX,I,343,12,355,0.602842614726408,0.679370725294132,0.0758451313268352
A4,ARX,I,343,13,356,0.602349187208828,0.692728476073512,0.0896829278415028
A4,ARX,I,343,14,357,0.601935589735858,0.707475575787813,0.104828848240799
A4,ARX,I,350,1,351,0.605913982965154,0.606905693844765,0.00041039160767138
A4,ARX,I,350,2,352,0.604946470993227,0.607943036757033,0.00237688882063058
A4,ARX,I,350,3,353,0.604124838233415,0.610161064218068,0.00541430978450763
A4,ARX,I,350,4,354,0.603429370698877,0.613562097438763,0.00950736506198433
A4,ARX,I,350,5,355,0.602842614726408,0.618151175389828,0.0146785422480098
A4,ARX,I,350,6,356,0.602349187208828,0.623935905340385,0.0209508241410423
A4,ARX,I,350,7,357,0.601935589735858,0.63092627057954,0.028347682498231
A4,ARX,I,350,8,358,0.601590029018961,0.639134393890288,0.0368930213098225
A4,ARX,I,350,9,359,0.601302245447017,0.64857425462949,0.0466110656000619
A4,ARX,I,350,10,360,0.6010633511424,0.659261356737611,0.0575261917101253
A4,ARX,I,350,11,361,0.600865678463854,0.671212344653757,0.0696626950944006
A4,ARX,I,350,12,362,0.600702639534245,0.684444563952494,0.0830444918710614
A4,ARX,I,350,13,363,0.600568597056949,0.698975563563217,0.097694750726651
A4,ARX,I,350,14,364,0.600458746422175,0.714822536700083,0.113635452303951
A4,AR,None,49,1,50,1.02620622439843,1.02614029618864,0.000115844295219277
A4,AR,None,49,2,51,1.05599359898214,1.0558992286697,0.000269811620682636
A4,AR,None,49,3,52,1.08640028564772,1.08643025756001,0.000465384597189331
A4,AR,None,49,4,53,1.11727921429272,1.11771272305876,0.000766592614637879
A4,AR,None,49,5,54,1.14846937570652,1.14972210770454,0.0011702697970407
A4,AR,None,49,6,55,1.17979692963724,1.18242985523837,0.00169570457853226
A4,AR,None,49,7,56,1.21107657987791,1.21580320395612,0.00236327851144883
A4,AR,None,49,8,57,1.24211320715162,1.24980503741836,0.00319414195985241
A4,AR,None,49,9,58,1.27270374450828,1.28439375546286,0.00452331869570656
A4,AR,None,49,10,59,1.30263927391294,1.31952316850686,0.00639569338609657
A4,AR,None,49,11,60,1.33170731687803,1.35514241812994,0.00873827069965694
A4,AR,None,49,12,61,1.35969428653969,1.3911959268882,0.0116047480400397
A4,AR,None,49,13,62,1.38638806367263,1.42762338022364,0.0153970664471154
A4,AR,None,49,14,63,1.41158065493821,1.46435974319561,0.0206081244052731
A4,AR,None,56,1,57,1.24211320715162,1.2427395648554,0.00023725041749302
A4,AR,None,56,2,58,1.27270374450828,1.27471393046859,0.000736940267025177
A4,AR,None,56,3,59,1.30263927391294,1.30692199130187,0.00167189218116395
A4,AR,None,56,4,60,1.33170731687803,1.33928044942423,0.003191488250493
A4,AR,None,56,5,61,1.35969428653969,1.37170057874112,0.00552955109913151
A4,AR,None,56,6,62,1.38638806367263,1.40408847800901,0.00896584187698538
A4,AR,None,56,7,63,1.41158065493821,1.43634539480482,0.0135133596910977
A4,AR,None,56,8,64,1.43507088831336,1.46836812180424,0.0192169774637484
A4,AR,None,56,9,65,1.45666709828001,1.50004946567176,0.0261595643659199
A4,AR,None,56,10,66,1.47618975206608,1.53127878771703,0.034410137539424
A4,AR,None,56,11,67,1.49347396809301,1.56194261424364,0.0440223020387511
A4,AR,None,56,12,68,1.50837187883864,1.5919253132296,0.055032833069273
A4,AR,None,56,13,69,1.52075479257251,1.62110983266039,0.0674604584495512
A4,AR,None,56,14,70,1.53051511183088,1.64937849451197,0.0813048855678771
A4,AR,None,63,1,64,1.43507088831336,1.43619358346596,0.000409730609646293
A4,AR,None,63,2,65,1.45666709828001,1.46012943809461,0.00145947258273716
A4,AR,None,63,3,66,1.47618975206608,1.48329046319403,0.00346837921433257
A4,AR,None,63,4,67,1.49347396809301,1.50557926118816,0.00665588783195192
A4,AR,None,63,5,68,1.50837187883864,1.52689952721989,0.0109792393743001
A4,AR,None,63,6,69,1.52075479257251,1.54715680774952,0.0164866286844475
A4,AR,None,63,7,70,1.53051511183088,1.56625927403185,0.0232070006109924
A4,AR,None,63,8,71,1.53756797100109,1.5841185007067,0.0311503151695594
A4,AR,None,63,9,72,1.54185256087665,1.60065023919082,0.0403076138613207
A4,AR,None,63,10,73,1.54333311438952,1.61577517519606,0.0506511310073064
A4,AR,None,63,11,74,1.54199953476026,1.62941965953824,0.0621345661197516
A4,AR,None,63,12,75,1.53786765484385,1.64151640145668,0.0746935734895253
A4,AR,None,63,13,76,1.53097912428407,1.65200511394289,0.0882464931877675
A4,AR,None,63,14,77,1.52140092900779,1.66083310108043,0.102695328203241
A4,AR,None,70,1,71,1.53756797100109,1.53905646841323,0.000590013764151235
A4,AR,None,70,2,72,1.54185256087665,1.54634193054979,0.0021980868623351
A4,AR,None,70,3,73,1.54333311438952,1.55233986929334,0.00513711344517804
A4,AR,None,70,4,74,1.54199953476026,1.5570242290469,0.0093168870028581
A4,AR,None,70,5,75,1.53786765484385,1.56037475184419,0.0147319411500457
A4,AR,None,70,6,76,1.53097912428407,1.56237715220196,0.0213519233040127
A4,AR,None,70,7,77,1.52140092900779,1.56302324005197,0.0291246576013513
A4,AR,None,70,8,78,1.50922455537381,1.56231099000074,0.0379782790808049
A4,AR,None,70,9,79,1.49456481872371,1.56024455594109,0.0478230551913842
A4,AR,None,70,10,80,1.47755838295945,1.55683423083577,0.0585531487471633
A4,AR,None,70,11,81,1.45836200390782,1.55209635229292,0.0700484251856796
A4,AR,None,70,12,82,1.43715053445933,1.54605315533875,0.0821763384470335
A4,AR,None,70,13,83,1.41411473365438,1.53873257454868,0.0947938958066788
A4,AR,None,70,14,84,1.38945892492818,1.53016799840854,0.107749683997621
A4,AR,None,77,1,78,1.50922455537381,1.51078954993733,0.000619840755750091
A4,AR,None,77,2,79,1.49456481872371,1.49918662985655,0.00224167171771906
A4,AR,None,77,3,80,1.47755838295945,1.48663700583102,0.00511383430871424
A4,AR,None,77,4,81,1.45836200390782,1.47318838445614,0.00905650882722827
A4,AR,None,77,5,82,1.43715053445933,1.45889100373101,0.0139837071393096
A4,AR,None,77,6,83,1.41411473365438,1.44379728539205,0.0197884081729126
A4,AR,None,77,7,84,1.38945892492818,1.42796148153194,0.0263473855110071
A4,AR,None,77,8,85,1.36339855055086,1.41143931926358,0.0335247515329503
A4,AR,None,77,9,86,1.33615766987951,1.39428764706731,0.0411748984217391
A4,AR,None,77,10,87,1.30796644838275,1.37656408628927,0.0491451122160822
A4,AR,None,77,11,88,1.27905868254927,1.35832669104283,0.0572779714247995
A4,AR,None,77,12,89,1.24966940282979,1.33963361951131,0.0654135708963487
A4,AR,None,77,13,90,1.22003259279743,1.32054281936431,0.0733915799479014
A4,AR,None,77,14,91,1.19037905788322,1.30111172968877,0.0810531299557538
A4,AR,None,84,1,85,1.36339855055086,1.36449547392305,0.000404806931759541
A4,AR,None,84,2,86,1.33615766987951,1.33929848624046,0.00122160489823043
A4,AR,None,84,3,87,1.30796644838275,1.31393983821164,0.00249037825396073
A4,AR,None,84,4,88,1.27905868254927,1.2884888858851,0.00422552942052372
A4,AR,None,84,5,89,1.24966940282979,1.26301221211686,0.0062422434686836
A4,AR,None,84,6,90,1.22003259279743,1.23757341189105,0.00856024409295517
A4,AR,None,84,7,91,1.19037905788322,1.21223291550247,0.0109111910428348
A4,AR,None,84,8,92,1.16093447151329,1.18704784878037,0.0131482698462008
A4,AR,None,84,9,93,1.13191762041928,1.16207192912991,0.0151252204034954
A4,AR,None,84,10,94,1.10353886450486,1.13735539581686,0.0166983568049032
A4,AR,None,84,11,95,1.07599882012239,1.11294497262378,0.0177282070565733
A4,AR,None,84,12,96,1.04948726913959,1.08888386076297,0.0181959248553519
A4,AR,None,84,13,97,1.0241822899436,1.06521175974183,0.0182473926211732
A4,AR,None,84,14,98,1.00024960071493,1.04196491373841,0.0175752614563962
A4,AR,None,91,1,92,1.16093447151329,1.16108629953725,0.000168109795638121
A4,AR,None,91,2,93,1.13191762041928,1.13221718218812,0.00036599067824275
A4,AR,None,91,3,94,1.10353886450486,1.1038291004901,0.000579392994779229
A4,AR,None,91,4,95,1.07599882012239,1.0759740389353,0.000789324135996958
A4,AR,None,91,5,96,1.04948726913959,1.04869867568289,0.00113287981451956
A4,AR,None,91,6,97,1.0241822899436,1.02204452547933,0.00155635280117791
A4,AR,None,91,7,98,1.00024960071493,0.996048116504756,0.00207058946441627
A4,AR,None,91,8,99,0.977842100064535,0.97074119603453,0.00276417425649437
A4,AR,None,91,9,100,0.957099585602796,0.946150959938324,0.0041083409960363
A4,AR,None,91,10,101,0.938148627311978,0.922300301241962,0.00580363629377567
A4,AR,None,91,11,102,0.921102569812158,0.899208073235358,0.00850149914084828
A4,AR,None,91,12,103,0.906061635802463,0.876889362912804,0.0125449539160754
A4,AR,None,91,13,104,0.893113102154743,0.855355770867422,0.0185998280588448
A4,AR,None,91,14,105,0.882331520335425,0.834615694119409,0.0268021094825983
A4,AR,None,98,1,99,0.977842100064535,0.976892025766053,0.000371064622186443
A4,AR,None,98,2,100,0.957099585602796,0.954145342329437,0.00147885119369301
A4,AR,None,98,3,101,0.938148627311978,0.932040864625833,0.00367918109938316
A4,AR,None,98,4,102,0.921102569812158,0.910605664804403,0.0070005900128397
A4,AR,None,98,5,103,0.906061635802463,0.889862812782794,0.0115437799970173
A4,AR,None,98,6,104,0.893113102154743,0.869831630409753,0.0173942450652457
A4,AR,None,98,7,105,0.882331520335425,0.850527955691314,0.0246243434921633
A4,AR,None,98,8,106,0.873778954004929,0.831964413173446,0.0332944180337421
A4,AR,None,98,9,107,0.867505208736847,0.814150686947507,0.0434534405077731
A4,AR,None,98,10,108,0.863548031730286,0.797093793129463,0.0551393818442488
A4,AR,None,98,11,109,0.86193326305471,0.780798349050181,0.0683793977150506
A4,AR,None,98,12,110,0.862674924244031,0.76526683677414,0.0831898730325923
A4,AR,None,98,13,111,0.865775234806229,0.750499858930859,0.099576348530299
A4,AR,None,98,14,112,0.871224552284233,0.736496385191698,0.1175333446941
A4,AR,None,105,1,106,0.873778954004929,0.871950241239547,0.00114924949903856
A4,AR,None,105,2,107,0.867505208736847,0.861982253526484,0.00401756605303211
A4,AR,None,105,3,108,0.863548031730286,0.852439254626908,0.00861291975866646
A4,AR,None,105,4,109,0.86193326305471,0.843331728654527,0.0149813935147253
A4,AR,None,105,5,110,0.862674924244031,0.834669025339165,0.0231487585694017
A4,AR,None,105,6,111,0.865775234806229,0.826459439094392,0.0331244444966267
A4,AR,None,105,7,112,0.871224552284233,0.818710287409223,0.0449034682693036
A4,AR,None,105,8,113,0.879001236732783,0.811427987829433,0.0584673450098959
A4,AR,None,105,9,114,0.889071445699282,0.804618132868583,0.0737844747162726
A4,AR,None,105,10,115,0.90138887084891,0.798285562260926,0.0908102324699912
A4,AR,None,105,11,116,0.915894432094175,0.792434432037176,0.109486882340534
A4,AR,None,105,12,117,0.932515949323159,0.787068279968987,0.129743389692499
A4,AR,None,105,13,118,0.951167815427898,0.782190086988594,0.151495186195465
A4,AR,None,105,14,119,0.971750697189491,0.777802334245947,0.174643932225295
A4,AR,None,112,1,113,0.879001236732783,0.876987227182876,0.00116954083114042
A4,AR,None,112,2,114,0.889071445699282,0.883054756185416,0.00411454678409779
A4,AR,None,112,3,115,0.90138887084891,0.889417951223575,0.00876461122453175
A4,AR,None,112,4,116,0.915894432094175,0.896066913389912,0.015099555520749
A4,AR,None,112,5,117,0.932515949323159,0.902991007983623,0.0230767461835851
A4,AR,None,112,6,118,0.951167815427898,0.910178841121196,0.0326353301092976
A4,AR,None,112,7,119,0.971750697189491,0.917618238359336,0.0436982912344902
A4,AR,None,112,8,120,0.994151292574028,0.9252962257906,0.0561734942236177
A4,AR,None,112,9,121,1.01824217405049,0.933199014081745,0.0699542974261184
A4,AR,None,112,10,122,1.04388174760131,0.941311985930229,0.0849200082095454
A4,AR,None,112,11,123,1.07091435612846,0.94961968741517,0.100936325409177
A4,AR,None,112,12,124,1.09917055396317,0.958105823714733,0.117855855314151
A4,AR,None,112,13,125,1.12846757619503,0.966753259651908,0.135518757584939
A4,AR,None,112,14,126,1.15861002260672,0.975544025514435,0.153753559634797
A4,AR,None,119,1,120,0.994151292574028,0.992811564974818,0.000497368880700036
A4,AR,None,119,2,121,1.01824217405049,1.01430772342475,0.00164566688123572
A4,AR,None,119,3,122,1.04388174760131,1.03619221865384,0.00355188107402643
A4,AR,None,119,4,123,1.07091435612846,1.0584137761713,0.00624803233073043
A4,AR,None,119,5,124,1.09917055396317,1.08091678027033,0.00957388262885118
A4,AR,None,119,6,125,1.12846757619503,1.10364129914924,0.0133859285411905
A4,AR,None,119,7,126,1.15861002260672,1.12652315970571,0.0175560719376573
A4,AR,None,119,8,127,1.18939077122458,1.14949407550492,0.0219477004689595
A4,AR,None,119,9,128,1.22059213098797,1.17248183085986,0.0264176311673284
A4,AR,None,119,10,129,1.25198723694768,1.19541052327815,0.0308179398201384
A4,AR,None,119,11,130,1.28334168488708,1.21820086572787,0.0349977977916246
A4,AR,None,119,12,131,1.31441539550377,1.24077054926318,0.0388053685573122
A4,AR,None,119,13,132,1.34496469148778,1.26303466554117,0.0420897800372132
A4,AR,None,119,14,133,1.37474456418714,1.28490618767019,0.0447031676831482
A4,AR,None,126,1,127,1.18939077122458,1.18901035572664,0.000272709198042902
A4,AR,None,126,2,128,1.22059213098797,1.21955878233174,0.000647027918334854
A4,AR,None,126,3,129,1.25198723694768,1.2501377630996,0.00112389793489038
A4,AR,None,126,4,130,1.28334168488708,1.28062249892892,0.0016865948630321
A4,AR,None,126,5,131,1.31441539550377,1.31088156085008,0.00232031005759542
A4,AR,None,126,6,132,1.34496469148778,1.3407776652511,0.00301120281227113
A4,AR,None,126,7,133,1.37474456418714,1.37016859309024,0.00374597035092519
A4,AR,None,126,8,134,1.40351110026551,1.39890824843988,0.00451167397181422
A4,AR,None,126,9,135,1.43102403302791,1.42684784818701,0.00529568997111406
A4,AR,None,126,10,136,1.45704937810415,1.45383723109938,0.00608572687973969
A4,AR,None,126,11,137,1.48136210910434,1.47972627086269,0.00686988043314064
A4,AR,None,126,12,138,1.50374882584088,1.50436637422158,0.00777394371387402
A4,AR,None,126,13,139,1.5240103658617,1.52761204214159,0.00917570479728317
A4,AR,None,126,14,140,1.54196430944264,1.5493224690763,0.0107106571647725
A4,AR,None,133,1,134,1.40351110026551,1.40377600339904,0.000296402580920516
A4,AR,None,133,2,135,1.43102403302791,1.43189557219995,0.00070955042507624
A4,AR,None,133,3,136,1.45704937810415,1.45893891710294,0.00126003592988188
A4,AR,None,133,4,137,1.48136210910434,1.48474246305891,0.00194684113647336
A4,AR,None,133,5,138,1.50374882584088,1.50914520037365,0.00276989176750648
A4,AR,None,133,6,139,1.5240103658617,1.53199053432447,0.00372872444448319
A4,AR,None,133,7,140,1.54196430944264,1.55312816487232,0.00482178676069927
A4,AR,None,133,8,141,1.55744732888769,1.57241596122218,0.00604606292554213
A4,AR,None,133,9,142,1.57031733499036,1.58972179422822,0.00760400145507135
A4,AR,None,133,10,143,1.58045537678451,1.60492528888791,0.00949398342232928
A4,AR,None,133,11,144,1.58776725518506,1.61791945950159,0.0116006713461879
A4,AR,None,133,12,145,1.59218481667631,1.62861219153322,0.0139146585340508
A4,AR,None,133,13,146,1.59366689970428,1.63692753679017,0.0164228028514079
A4,AR,None,133,14,147,1.59219991369156,1.64280679219576,0.0191084040236366
A4,AR,None,140,1,141,1.55744732888769,1.55810193715066,0.000360677568939016
A4,AR,None,140,2,142,1.57031733499036,1.57231656211156,0.000874843630381829
A4,AR,None,140,3,143,1.58045537678451,1.58451314520856,0.001587954864636
A4,AR,None,140,4,144,1.58776725518506,1.59460954360014,0.0026292602766776
A4,AR,None,140,5,145,1.59218481667631,1.60253760596376,0.00392733652803158
A4,AR,None,140,6,146,1.59366689970428,1.60824409057152,0.00547659771215619
A4,AR,None,140,7,147,1.59219991369156,1.61169138589886,0.00726756977756499
A4,AR,None,140,8,148,1.58779803841969,1.61285801770744,0.0092869233872793
A4,AR,None,140,9,149,1.58050303969516,1.61173893130035,0.0115175960633677
A4,AR,None,140,10,150,1.5703837055004,1.60834554276798,0.0139389835620296
A4,AR,None,140,11,151,1.55753491499715,1.60270555836062,0.0166125826836644
A4,AR,None,140,12,152,1.54207636056499,1.59486256646161,0.0198110015525624
A4,AR,None,140,13,153,1.52415095030417,1.58487541181589,0.0231884394978888
A4,AR,None,140,14,154,1.50392292490877,1.57281736652474,0.0267035408155144
A4,AR,None,147,1,148,1.58779803841969,1.58873011598549,0.00039068083954555
A4,AR,None,147,2,149,1.58050303969516,1.58328291340776,0.00106317007246456
A4,AR,None,147,3,150,1.5703837055004,1.57589629422073,0.00206600574984895
A4,AR,None,147,4,151,1.55753491499715,1.56662033691111,0.00336238056338511
A4,AR,None,147,5,152,1.54207636056499,1.55551657428022,0.00493072450885972
A4,AR,None,147,6,153,1.52415095030417,1.54265722591344,0.00685601505399266
A4,AR,None,147,7,154,1.50392292490877,1.52812431451744,0.00924437392402334
A4,AR,None,147,8,155,1.4815757283465,1.51200868358435,0.0119026257694414
A4,AR,None,147,9,156,1.45730967622088,1.49440893532214,0.0147836170095323
A4,AR,None,147,10,157,1.43133946892857,1.47543030875439,0.0178352364252208
A4,AR,None,147,11,158,1.40389159868553,1.45518351833142,0.0211593685218617
A4,AR,None,147,12,159,1.37520170014791,1.43378357332027,0.0247514143382123
A4,AR,None,147,13,160,1.34551189370352,1.41134859767895,0.0283456137016878
A4,AR,None,147,14,161,1.31506816860202,1.38799866911382,0.0318595214760503
A4,AR,None,154,1,155,1.4815757283465,1.48245991291506,0.000363800503862271
A4,AR,None,154,2,156,1.45730967622088,1.45987808819259,0.000980928334140144
A4,AR,None,154,3,157,1.43133946892857,1.43629614640466,0.00185862418843913
A4,AR,None,154,4,158,1.40389159868553,1.41183419781173,0.00294580412431363
A4,AR,None,154,5,159,1.37520170014791,1.38661270117956,0.00420188689147426
A4,AR,None,154,6,160,1.34551189370352,1.36075145256341,0.00558434067196624
A4,AR,None,154,7,161,1.31506816860202,1.33436864085361,0.00708448277472212
A4,AR,None,154,8,162,1.28411785001158,1.30757997994328,0.00874120866958968
A4,AR,None,154,9,163,1.25290718995044,1.28049792528131,0.0103737831154694
A4,AR,None,154,10,164,1.22167911699159,1.25323098046375,0.0119140213892758
A4,AR,None,154,11,165,1.19067117384528,1.22588309745095,0.0132933861236917
A4,AR,None,154,12,166,1.16011366557638,1.19855317202743,0.0144438053913596
A4,AR,None,154,13,167,1.13022803451074,1.17133463428728,0.0152984011882034
A4,AR,None,154,14,168,1.10122547103208,1.14431513226613,0.0158003472967853
A4,AR,None,161,1,162,1.28411785001158,1.28445514596632,0.000263733722811371
A4,AR,None,161,2,163,1.25290718995044,1.25379391272201,0.000594379740973133
A4,AR,None,161,3,164,1.22167911699159,1.22319902876569,0.000981042517238757
A4,AR,None,161,4,165,1.19067117384528,1.19277805456579,0.00139654289966235
A4,AR,None,161,5,166,1.16011366557638,1.16263119998069,0.00181714201737619
A4,AR,None,161,6,167,1.13022803451074,1.13285108897916,0.00222132645544741
A4,AR,None,161,7,168,1.10122547103208,1.10352263332624,0.00258925523340802
A4,AR,None,161,8,169,1.07330576267278,1.07472300700035,0.00290251185336944
A4,AR,None,161,9,170,1.04665637735629,1.0465217121323,0.00317391859319705
A4,AR,None,161,10,171,1.02145177053989,1.0189807265921,0.003846980840674
A4,AR,None,161,11,172,0.997852900502735,0.992154722975028,0.00461578007983582
A4,AR,None,161,12,173,0.976006931269497,0.966091348628337,0.00548907188767382
A4,AR,None,161,13,174,0.956047098776359,0.940831556483304,0.00647523323121778
A4,AR,None,161,14,175,0.938092712963733,0.916409976781116,0.00828459865987815
A4,AR,None,168,1,169,1.07330576267278,1.0727175528542,0.000249074189764969
A4,AR,None,168,2,170,1.04665637735629,1.04478055907304,0.000710221129554399
A4,AR,None,168,3,171,1.02145177053989,1.01748279943876,0.00146158545550889
A4,AR,None,168,4,172,0.997852900502735,0.990884810869006,0.00266049441394789
A4,AR,None,168,5,173,0.976006931269497,0.965039626967453,0.00453506728723905
A4,AR,None,168,6,174,0.956047098776359,0.939993108916201,0.00746708964645753
A4,AR,None,168,7,175,0.938092712963733,0.915784326378274,0.0118827843314771
A4,AR,None,168,8,176,0.922249266582213,0.89244597752811,0.0175149365357307
A4,AR,None,168,9,177,0.908608620655388,0.870004837982371,0.0244233162742134
A4,AR,None,168,10,178,0.897249236755849,0.848482229188897,0.0326768132164356
A4,AR,None,168,11,179,0.888236427489117,0.827894497709169,0.0423338616184823
A4,AR,None,168,12,180,0.881622598785737,0.808253497763267,0.0534425669434849
A4,AR,None,168,13,181,0.877447460689384,0.789567070364089,0.0660407226757514
A4,AR,None,168,14,182,0.875738187189561,0.771839513321479,0.0801557305678681
A4,AR,None,175,1,176,0.922249266582213,0.920671771535528,0.000718327892229448
A4,AR,None,175,2,177,0.908608620655388,0.903816843914503,0.00287392201146855
A4,AR,None,175,3,178,0.897249236755849,0.887556776476532,0.00653568671923512
A4,AR,None,175,4,179,0.888236427489117,0.871916900208009,0.0117741965903326
A4,AR,None,175,5,180,0.881622598785737,0.856919253244443,0.01864985459987
A4,AR,None,175,6,181,0.877447460689384,0.842582813907447,0.0272056033579637
A4,AR,None,175,7,182,0.875738187189561,0.828923740205534,0.0374696153532526
A4,AR,None,175,8,183,0.876509510151597,0.815955612135998,0.0494566606928467
A4,AR,None,175,9,184,0.879763737397501,0.803689673508809,0.063168792922979
A4,AR,None,175,10,185,0.885490690328758,0.7921350703981,0.0785956375983657
A4,AR,None,175,11,186,0.893667561987406,0.781299083703616,0.0957144248051383
A4,AR,None,175,12,187,0.904258701950913,0.771187353665904,0.114489845996988
A4,AR,None,175,13,188,0.917215339775503,0.761804094519243,0.134873788651043
A4,AR,None,175,14,189,0.932475263671701,0.753152297780777,0.156804990417938
A4,AR,None,182,1,183,0.876509510151597,0.874381418630734,0.00123363392337485
A4,AR,None,182,2,184,0.879763737397501,0.873379034211314,0.00438749786035431
A4,AR,None,182,3,185,0.885490690328758,0.87273226781785,0.00942108122004665
A4,AR,None,182,4,186,0.893667561987406,0.872441715899146,0.0163472071045406
A4,AR,None,182,5,187,0.904258701950913,0.872507342943799,0.0251549019383771
A4,AR,None,182,6,188,0.917215339775503,0.872928484519703,0.035814169193313
A4,AR,None,182,7,189,0.932475263671701,0.873703847871971,0.0482782607623694
A4,AR,None,182,8,190,0.949962475553668,0.874831510113331,0.0624847403683519
A4,AR,None,182,9,191,0.969586847401787,0.876308914078309,0.0783559777065183
A4,AR,None,182,10,192,0.991243806884174,0.878132861949434,0.0957993723980092
A4,AR,None,182,11,193,1.01481408228635,0.880299506800231,0.114707467722014
A4,AR,None,182,12,194,1.04016353791194,0.882804342235873,0.134958052625108
A4,AR,None,182,13,195,1.06714313118089,0.885642190347948,0.156414320431815
A4,AR,None,182,14,196,1.09558902163416,0.888807188234743,0.178925136059402
A4,AR,None,189,1,190,0.949962475553668,0.948159902177537,0.000789228109352553
A4,AR,None,189,2,191,0.969586847401787,0.964233322775355,0.00296212603519794
A4,AR,None,189,3,192,0.991243806884174,0.980656419089999,0.00651431074294434
A4,AR,None,189,4,193,1.01481408228635,0.997386861452348,0.0113605410248777
A4,AR,None,189,5,194,1.04016353791194,1.01437907848632,0.0174301233747612
A4,AR,None,189,6,195,1.06714313118089,1.03158427308103,0.024635185627714
A4,AR,None,189,7,196,1.09558902163416,1.04895047588037,0.0328735332755858
A4,AR,None,189,8,197,1.12532285995501,1.0664226391023,0.0420303992127857
A4,AR,None,189,9,198,1.1561522819687,1.08394277308597,0.0519797541332372
A4,AR,None,189,10,199,1.18787162844738,1.10145012745563,0.0625854784852558
A4,AR,None,189,11,200,1.2202629065207,1.11888141818836,0.0737025430310714
A4,AR,None,189,12,201,1.25309700269766,1.1361711011824,0.0851782740793773
A4,AR,None,189,13,202,1.28613515109258,1.15325169215317,0.0968537423589705
A4,AR,None,189,14,203,1.31913065359098,1.17005413184633,0.108565292417639
A4,AR,None,196,1,197,1.12532285995501,1.12440902111046,0.000353523356717662
A4,AR,None,196,2,198,1.1561522819687,1.15349768334503,0.000997198125107985
A4,AR,None,196,3,199,1.18787162844738,1.18274099455841,0.00190294839044733
A4,AR,None,196,4,200,1.2202629065207,1.21201675306989,0.00303754870555237
A4,AR,None,196,5,201,1.25309700269766,1.24119510826927,0.00436700280489921
A4,AR,None,196,6,202,1.28613515109258,1.27013926425034,0.00585656545669027
A4,AR,None,196,7,203,1.31913065359098,1.29870635004792,0.00747090469979037
A4,AR,None,196,8,204,1.3518308415805,1.32674845462978,0.00917434543850662
A4,AR,None,196,9,205,1.38397926171425,1.3541138206593,0.010931162659596
A4,AR,None,196,10,206,1.4153180611801,1.38064818667131,0.0127059074359092
A4,AR,None,196,11,207,1.44559054133432,1.40619626282318,0.0144637546222251
A4,AR,None,196,12,208,1.47454384252821,1.43060332094355,0.0161708634094388
A4,AR,None,196,13,209,1.50193171770902,1.45371687536363,0.0177947428501567
A4,AR,None,196,14,210,1.52751734808735,1.47538842714934,0.0193046149398048
A4,AR,None,203,1,204,1.3518308415805,1.35163222673586,0.000297319562552138
A4,AR,None,203,2,205,1.38397926171425,1.38344973876635,0.000691122691415718
A4,AR,None,203,3,206,1.4153180611801,1.41438815664911,0.00118797750274494
A4,AR,None,203,4,207,1.44559054133432,1.44424953801375,0.00177344719728319
A4,AR,None,203,5,208,1.47454384252821,1.47283521891866,0.00243551723854517
A4,AR,None,203,6,209,1.50193171770902,1.49994816391629,0.00316335166675417
A4,AR,None,203,7,210,1.52751734808735,1.52539543784545,0.0039466745628559
A4,AR,None,203,8,211,1.55107615098467,1.54899075253053,0.00477546204733607
A4,AR,None,203,9,212,1.57239852802776,1.57055703642593,0.00563978870035328
A4,AR,None,203,10,213,1.59129250122879,1.58992897149898,0.00652976060874439
A4,AR,None,203,11,214,1.60758618522636,1.60695543953867,0.00743550328129709
A4,AR,None,203,12,215,1.62113004607299,1.62150181979811,0.00842980454293869
A4,AR,None,203,13,216,1.63179890040021,1.63345208153478,0.00962246205745382
A4,AR,None,203,14,217,1.63949361349869,1.64271061863297,0.0108645484484736
A4,AR,None,210,1,211,1.55107615098467,1.55124478503657,0.000329147912658666
A4,AR,None,210,2,212,1.57239852802776,1.57293542591847,0.000765695090161432
A4,AR,None,210,3,213,1.59129250122879,1.59242244971872,0.00132432393464002
A4,AR,None,210,4,214,1.60758618522636,1.60955329134464,0.00199486427050483
A4,AR,None,210,5,215,1.62113004607299,1.62419196729498,0.00276888194154971
A4,AR,None,210,6,216,1.63179890040021,1.63622119546694,0.00363826037386751
A4,AR,None,210,7,217,1.63949361349869,1.64554425547592,0.00459453803310304
A4,AR,None,210,8,218,1.64414246069943,1.65208654140611,0.00562862312039632
A4,AR,None,210,9,219,1.64570212328021,1.6557967662317,0.00673069683762434
A4,AR,None,210,10,220,1.64415829776442,1.65664778600585,0.00789022023650329
A4,AR,None,210,11,221,1.63952590571536,1.65463702198975,0.00909600207059356
A4,AR,None,210,12,222,1.63184889972795,1.64978646980345,0.010336303623347
A4,AR,None,210,13,223,1.62119967003926,1.64214229599976,0.0115989653658899
A4,AR,None,210,14,224,1.60767806477234,1.63177403374615,0.0128715449733494
A4,AR,None,217,1,218,1.64414246069943,1.64459278935209,0.000372514190543676
A4,AR,None,217,2,219,1.64570212328021,1.64705985300707,0.000874931192767327
A4,AR,None,217,3,220,1.64415829776442,1.64687928435111,0.00151600019416492
A4,AR,None,217,4,221,1.63952590571536,1.64405683314244,0.00227893341196897
A4,AR,None,217,5,222,1.63184889972795,1.6386193997457,0.00314924859938165
A4,AR,None,217,6,223,1.62119967003926,1.6306145851445,0.00411323506692245
A4,AR,None,217,7,224,1.60767806477234,1.62010992222692,0.00515725315676744
A4,AR,None,217,8,225,1.59141004505287,1.60719180831095,0.0062674403013827
A4,AR,None,217,9,226,1.57254600386394,1.59196416610792,0.00761544760921226
A4,AR,None,217,10,227,1.55125878431978,1.57454686656494,0.00907677875967577
A4,AR,None,217,11,228,1.52774143885977,1.55507395208154,0.0105983750058258
A4,AR,None,217,12,229,1.50220477553552,1.53369170231626,0.0121570869452747
A4,AR,None,217,13,230,1.47487474097027,1.51055658710338,0.0137281930769944
A4,AR,None,217,14,231,1.44598969163355,1.48583315186689,0.0152856166156012
A4,AR,None,224,1,225,1.59141004505287,1.59202771433892,0.00037674023388437
A4,AR,None,224,2,226,1.57254600386394,1.57436283501635,0.000884830458111905
A4,AR,None,224,3,227,1.55125878431978,1.55480947012494,0.00152500200288959
A4,AR,None,224,4,228,1.52774143885977,1.53350380776303,0.00227402505642558
A4,AR,None,224,5,229,1.50220477553552,1.51059041867515,0.00326190964996447
A4,AR,None,224,6,230,1.47487474097027,1.4862204502556,0.00437393081789876
A4,AR,None,224,7,231,1.44598969163355,1.460549811961,0.00557640947130838
A4,AR,None,224,8,232,1.41579760576024,1.43373738573988,0.00683796287885304
A4,AR,None,224,9,233,1.38455328755885,1.40594329259557,0.00812550838227442
A4,AR,None,224,10,234,1.35251561334646,1.37732724321628,0.00940460884393387
A4,AR,None,224,11,235,1.3199448660054,1.34804699688401,0.0106398353617762
A4,AR,None,224,12,236,1.2871001998011,1.31825694877173,0.0117951349346939
A4,AR,None,224,13,237,1.25423727228529,1.28810686141823,0.0128341933251427
A4,AR,None,224,14,238,1.22160607391179,1.25774075178529,0.0137207851080793
A4,AR,None,231,1,232,1.41579760576024,1.41619818905045,0.000315604946692448
A4,AR,None,231,2,233,1.38455328755885,1.38566622470273,0.000718248479048616
A4,AR,None,231,3,234,1.35251561334646,1.35455659475313,0.00120105322893463
A4,AR,None,231,4,235,1.3199448660054,1.32302752324239,0.00173699583604016
A4,AR,None,231,5,236,1.2871001998011,1.29123144629812,0.00230256188739608
A4,AR,None,231,6,237,1.25423727228529,1.25931396606446,0.00287630606301094
A4,AR,None,231,7,238,1.22160607391179,1.22741297867451,0.00343820325746079
A4,AR,None,231,8,239,1.18944897931223,1.19565797649946,0.00396936890377264
A4,AR,None,231,9,240,1.15799903712437,1.16416952121353,0.0044519478332364
A4,AR,None,231,10,241,1.1274785080547,1.13305888098407,0.00486908267444097
A4,AR,None,231,11,242,1.09809765370247,1.10242782237613,0.00520491905609442
A4,AR,None,231,12,243,1.07005377178376,1.07236854537514,0.0054446257175635
A4,AR,None,231,13,244,1.04353046696545,1.04296374827984,0.00570035544655664
A4,AR,None,231,14,245,1.01869714072669,1.01428680808525,0.00656165238272944
A4,AR,None,238,1,239,1.18944897931223,1.18915805633314,0.00025599542888853
A4,AR,None,238,2,240,1.15799903712437,1.15701850169808,0.000596713869005067
A4,AR,None,238,3,241,1.1274785080547,1.12530259278949,0.0010368472101549
A4,AR,None,238,4,242,1.09809765370247,1.09411522640524,0.00157516197213067
A4,AR,None,238,5,243,1.07005377178376,1.06355098286301,0.00248094838460379
A4,AR,None,238,6,244,1.04353046696545,1.03369423617292,0.00366932234244228
A4,AR,None,238,7,245,1.01869714072669,1.00461938827014,0.00516161806158484
A4,AR,None,238,8,246,0.995708678662191,0.976391210105978,0.00730830846862643
A4,AR,None,238,9,247,0.974705309554556,0.949065272304345,0.0103105155769829
A4,AR,None,238,10,248,0.955812607467806,0.922688448434511,0.0146909423809515
A4,AR,None,238,11,249,0.939141606117094,0.897299474660147,0.0206855617217735
A4,AR,None,238,12,250,0.924788993882884,0.872929550525579,0.0285675961169445
A4,AR,None,238,13,251,0.912837358062052,0.84960296686159,0.037841232368748
A4,AR,None,238,14,252,0.903355448251897,0.827337748167224,0.0485630962167892
A4,AR,None,245,1,246,0.995708678662191,0.994431056690399,0.000471828230493077
A4,AR,None,245,2,247,0.974705309554556,0.970794081068449,0.00174324622037922
A4,AR,None,245,3,248,0.955812607467806,0.947841018723266,0.00432800160764237
A4,AR,None,245,4,249,0.939141606117094,0.925619899027592,0.00830676215978398
A4,AR,None,245,5,250,0.924788993882884,0.904172315272182,0.0137141335728644
A4,AR,None,245,6,251,0.912837358062052,0.88353380659638,0.0206254035704104
A4,AR,None,245,7,252,0.903355448251897,0.863734272008768,0.0291012461488258
A4,AR,None,245,8,253,0.896398431084497,0.844798406806705,0.0391893732610051
A4,AR,None,245,9,254,0.892008111778536,0.826746152552345,0.0509254167338904
A4,AR,None,245,10,255,0.890213102038943,0.809593152679332,0.0643333695871092
A4,AR,None,245,11,256,0.891028918575113,0.793351206753783,0.0794257420858757
A4,AR,None,245,12,257,0.894458001771371,0.778028717364724,0.0962035133121259
A4,AR,None,245,13,258,0.900489649660571,0.763631124547282,0.114655925714035
A4,AR,None,245,14,259,0.909099868145179,0.750161323525666,0.134760155357666
A4,AR,None,252,1,253,0.896398431084497,0.894282107500595,0.00117265974213564
A4,AR,None,252,2,254,0.892008111778536,0.885635574406376,0.00428295132552802
A4,AR,None,252,3,255,0.890213102038943,0.877432411183623,0.00931813434684371
A4,AR,None,252,4,256,0.891028918575113,0.869687584503791,0.0163219909374744
A4,AR,None,252,5,257,0.894458001771371,0.862414549142415,0.0253134311612453
A4,AR,None,252,6,258,0.900489649660571,0.855625332900129,0.0362919339795923
A4,AR,None,252,7,259,0.909099868145179,0.849330621382764,0.0492401813899525
A4,AR,None,252,8,260,0.920251144197055,0.843539841346807,0.0641253084723609
A4,AR,None,252,9,261,0.933892154364197,0.838261241439215,0.0808994591495816
A4,AR,None,252,10,262,0.949957426141047,0.833501969282628,0.0994999654453009
A4,AR,None,252,11,263,0.968366974448647,0.829268143976663,0.119849317219262
A4,AR,None,252,12,264,0.989025939465599,0.825564923201882,0.141855024296939
A4,AR,None,252,13,265,1.01182425521157,0.822396564224294,0.165409442726131
A4,AR,None,252,14,266,1.03663638049503,0.819766478204247,0.190389621783257
A4,AR,None,259,1,260,0.920251144197055,0.91806101505393,0.00115692444291771
A4,AR,None,259,2,261,0.933892154364197,0.927351758121191,0.00420729170351049
A4,AR,None,259,3,262,0.949957426141047,0.936949181626411,0.00906632618986192
A4,AR,None,259,4,263,0.968366974448647,0.946828758504441,0.0157132299939133
A4,AR,None,259,5,264,0.989025939465599,0.956964333347421,0.0241023322323295
A4,AR,None,259,6,265,1.01182425521157,0.967328117776302,0.0341682426024762
A4,AR,None,259,7,266,1.03663638049503,0.977890699612287,0.0458284056881336
A4,AR,None,259,8,267,1.06332112500423,0.988621067202741,0.0589844498647248
A4,AR,None,259,9,268,1.09172160338137,0.999486650150361,0.0735230265385885
A4,AR,None,259,10,269,1.12166534904193,1.01045337755726,0.0893164623127903
A4,AR,None,259,11,270,1.1529646172836,1.02148575472622,0.106223391279129
A4,AR,None,259,12,271,1.18541690390552,1.03254695905978,0.124089463797363
A4,AR,None,259,13,272,1.2188057011947,1.04359895566442,0.14274819156386
A4,AR,None,259,14,273,1.2529015078321,1.05460263290435,0.162021967087308
A4,AR,None,266,1,267,1.06332112500423,1.0618796723168,0.000528080578274547
A4,AR,None,266,2,268,1.09172160338137,1.08746882268824,0.00169931213432734
A4,AR,None,266,3,269,1.12166534904193,1.1133111059633,0.00365868720804767
A4,AR,None,266,4,270,1.1529646172836,1.13930656625298,0.00636595776209363
A4,AR,None,266,5,271,1.18541690390552,1.16534832966892,0.0099549221315729
A4,AR,None,266,6,272,1.2188057011947,1.191323048254,0.0141833079811359
A4,AR,None,266,7,273,1.2529015078321,1.21711148017278,0.0189457174894376
A4,AR,None,266,8,274,1.28746310315571,1.24258920805639,0.0241370818387162
A4,AR,None,266,9,275,1.32223908944989,1.26762749436683,0.0296479524541639
A4,AR,None,266,10,276,1.35696969869133,1.29209426932905,0.0353660778222669
A4,AR,None,266,11,277,1.39138885267405,1.31585524345849,0.0411778673986506
A4,AR,None,266,12,278,1.42522645787431,1.33877513308587,0.0469698045506575
A4,AR,None,266,13,279,1.45821090902455,1.36071898366706,0.0526298324218364
A4,AR,None,266,14,280,1.49007176836835,1.3815535721888,0.0580487163286927
A4,AR,None,273,1,274,1.28746310315571,1.28686061276607,0.00033940563561446
A4,AR,None,273,2,275,1.32223908944989,1.32049839650427,0.000819908196658186
A4,AR,None,273,3,276,1.35696969869133,1.3536214505098,0.00144800838625807
A4,AR,None,273,4,277,1.39138885267405,1.3860292481736,0.00220906737335574
A4,AR,None,273,5,278,1.42522645787431,1.41751608159714,0.00309047829060834
A4,AR,None,273,6,279,1.45821090902455,1.44787324321626,0.00408041318604735
A4,AR,None,273,7,280,1.49007176836835,1.47689142251179,0.00516718890348372
A4,AR,None,273,8,281,1.520542581185,1.5043632794698,0.00633894324768499
A4,AR,None,273,9,282,1.54936378260769,1.53008614844584,0.00758346831210484
A4,AR,None,273,10,283,1.57628564620134,1.55386481903598,0.00888813489032565
A4,AR,None,273,11,284,1.60107122137404,1.5755143348315,0.0102398774059065
A4,AR,None,273,12,285,1.62349920459827,1.5948627468705,0.0116252240148247
A4,AR,None,273,13,286,1.64336668870719,1.61175375648091,0.0130303633662732
A4,AR,None,273,14,287,1.66049173525737,1.62604918224163,0.0144412425667243
A4,AR,None,280,1,281,1.520542581185,1.52038693906526,0.000335904185823337
A4,AR,None,280,2,282,1.54936378260769,1.54892656954877,0.000775999562832058
A4,AR,None,280,3,283,1.57628564620134,1.57546734430368,0.00133062623023828
A4,AR,None,280,4,284,1.60107122137404,1.59979575985779,0.00198543475050121
A4,AR,None,280,5,285,1.62349920459827,1.62171139139144,0.00272857381975234
A4,AR,None,280,6,286,1.64336668870719,1.64103007107562,0.00354918385990226
A4,AR,None,280,7,287,1.66049173525737,1.65758689774832,0.00443664806701781
A4,AR,None,280,8,288,1.67471571712173,1.67123899887709,0.00538022773976807
A4,AR,None,280,9,289,1.68590538205909,1.68186797002361,0.00636889713461461
A4,AR,None,280,10,290,1.69395459292062,1.68938192417161,0.00739129664444188
A4,AR,None,280,11,291,1.69878570627929,1.69371709310458,0.00843576479058717
A4,AR,None,280,12,292,1.70035055844617,1.69483893518262,0.00949042699846282
A4,AR,None,280,13,293,1.69863103587811,1.69274271790241,0.0105433267369486
A4,AR,None,280,14,294,1.69363921566415,1.68745355896046,0.0115825879288485
A4,AR,None,287,1,288,1.67471571712173,1.67481585625103,0.000356816817402721
A4,AR,None,287,2,289,1.68590538205909,1.68621871576217,0.000814599083207581
A4,AR,None,287,3,290,1.69395459292062,1.6946045579307,0.00138500816100352
A4,AR,None,287,4,291,1.69878570627929,1.69990382265297,0.00205265671655588
A4,AR,None,287,5,292,1.70035055844617,1.70207431986379,0.00280493732878353
A4,AR,None,287,6,293,1.69863103587811,1.70110192990599,0.00363043855333873
A4,AR,None,287,7,294,1.69363921566415,1.69700081080352,0.0045182193340532
A4,AR,None,287,8,295,1.68541707086717,1.6898131073326,0.00545749961930864
A4,AR,None,287,9,296,1.6740357447402,1.67960817104863,0.0064375490506687
A4,AR,None,287,10,297,1.65959440698018,1.66648131428575,0.00744767624964872
A4,AR,None,287,11,298,1.64221871397501,1.6505521340413,0.00847727099293587
A4,AR,None,287,12,299,1.62205890320497,1.63196245307851,0.00951587370497067
A4,AR,None,287,13,300,1.59928755935892,1.61087393510046,0.0105532575292683
A4,AR,None,287,14,301,1.57409709612835,1.58746543814042,0.0115795140495106
A4,AR,None,294,1,295,1.68541707086717,1.68578109061759,0.000383919355705844
A4,AR,None,294,2,296,1.6740357447402,1.67512695207352,0.00088578626630347
A4,AR,None,294,3,297,1.65959440698018,1.66176940073122,0.00151205800870975
A4,AR,None,294,4,298,1.64221871397501,1.64582183034929,0.00224269337691055
A4,AR,None,294,5,299,1.62205890320497,1.62741660986382,0.00306095221581145
A4,AR,None,294,6,300,1.59928755935892,1.60670301064956,0.00395169607515313
A4,AR,None,294,7,301,1.57409709612835,1.58384493079643,0.00490061072854928
A4,AR,None,294,8,302,1.54669700289137,1.55901847159404,0.00589387237569199
A4,AR,None,294,9,303,1.5173109094711,1.53240942285963,0.00691802572354488
A4,AR,None,294,10,304,1.4861735247717,1.50421071334871,0.00795997069169876
A4,AR,None,294,11,305,1.45352750631936,1.4746198803693,0.00900700731438139
A4,AR,None,294,12,306,1.4196203175717,1.44383660906191,0.0100469117777379
A4,AR,None,294,13,307,1.38470112835164,1.41206038684426,0.0110680278046611
A4,AR,None,294,14,308,1.34901781099478,1.37948831252571,0.0120739664093641
A4,AR,None,301,1,302,1.54669700289137,1.54716912247992,0.000364900570989853
A4,AR,None,301,2,303,1.5173109094711,1.51869171029646,0.000840401164506675
A4,AR,None,301,3,304,1.4861735247717,1.48885705543801,0.00142623209213214
A4,AR,None,301,4,305,1.45352750631936,1.45785917287714,0.00209871269385206
A4,AR,None,301,5,306,1.4196203175717,1.42589170198773,0.00283800456059201
A4,AR,None,301,6,307,1.38470112835164,1.39314585741,0.00362647889589244
A4,AR,None,301,7,308,1.34901781099478,1.35980855486233,0.00444798371058509
A4,AR,None,301,8,309,1.31281408089058,1.32606073485228,0.00528753601012777
A4,AR,None,301,9,310,1.27632682519514,1.29207590070812,0.00619984638958064
A4,AR,None,301,10,311,1.2397836577668,1.25801888093712,0.00715349886284805
A4,AR,None,301,11,312,1.2034007320129,1.22404481982446,0.00807979759976969
A4,AR,None,301,12,313,1.1673808365351,1.19029839458484,0.00895844698100692
A4,AR,None,301,13,314,1.131911791421,1.15691325240131,0.00977060428852907
A4,AR,None,301,14,315,1.09716515595028,1.12401165642546,0.0104991829678218
A4,AR,None,308,1,309,1.31281408089058,1.3130895089949,0.000292909884873819
A4,AR,None,308,2,310,1.27632682519514,1.27709452859903,0.00065679088603977
A4,AR,None,308,3,311,1.2397836577668,1.24120036781918,0.00108779936283015
A4,AR,None,308,4,312,1.2034007320129,1.20556285516456,0.0015635657305008
A4,AR,None,308,5,313,1.1673808365351,1.17032553798972,0.00206609910301966
A4,AR,None,308,6,314,1.131911791421,1.13561930753297,0.00258029357156603
A4,AR,None,308,7,315,1.09716515595028,1.10156224370016,0.00309322434314616
A4,AR,None,308,8,316,1.06329525155106,1.0682596595679,0.00359380829872345
A4,AR,None,308,9,317,1.03043849723047,1.03580432342148,0.00407262818655033
A4,AR,None,308,10,318,0.99871304856474,1.00427683485368,0.00452183173663702
A4,AR,None,308,11,319,0.968218725799696,0.973746130957451,0.00493506338735977
A4,AR,None,308,12,320,0.939037211785664,0.94427009885224,0.00530740719304338
A4,AR,None,308,13,321,0.911232496427786,0.91589627158531,0.00563532977675108
A4,AR,None,308,14,322,0.88485154112303,0.888662585733147,0.00591661769362023
A4,AR,None,315,1,316,1.06329525155106,1.0632151430588,0.000218335695786023
A4,AR,None,315,2,317,1.03043849723047,1.03016015229084,0.000485473695099995
A4,AR,None,315,3,318,0.99871304856474,0.99808528642074,0.000807388984646728
A4,AR,None,315,4,319,0.968218725799696,0.967062931804932,0.00117493099469014
A4,AR,None,315,5,320,0.939037211785664,0.937153458268706,0.00158188738548375
A4,AR,None,315,6,321,0.911232496427786,0.908406011651711,0.00202355676639726
A4,AR,None,315,7,322,0.88485154112303,0.88085937374356,0.00249600571620556
A4,AR,None,315,8,323,0.859925134298608,0.854542866388612,0.00299565923333295
A4,AR,None,315,9,324,0.836468907658617,0.829477278892297,0.00351905962163828
A4,AR,None,315,10,325,0.814484482056953,0.805675800397188,0.00406272019355593
A4,AR,None,315,11,326,0.793960711994814,0.78314494150639,0.00462303758550006
A4,AR,None,315,12,327,0.774874998522355,0.761885432021892,0.00519624298820636
A4,AR,None,315,13,328,0.757194641724101,0.741893084160264,0.00593465116313651
A4,AR,None,315,14,329,0.740878205894322,0.72315961294836,0.00680199926449164
A4,AR,None,322,1,323,0.859925134298608,0.859635458476643,0.000199636386676653
A4,AR,None,322,2,324,0.836468907658617,0.835610891874194,0.000459770680542247
A4,AR,None,322,3,325,0.814484482056953,0.812796781123538,0.000780980072570072
A4,AR,None,322,4,326,0.793960711994814,0.791205249482432,0.00115160645738831
A4,AR,None,322,5,327,0.774874998522355,0.770842475158968,0.00157823273868058
A4,AR,None,322,6,328,0.757194641724101,0.751709535576237,0.00212067492136711
A4,AR,None,322,7,329,0.740878205894322,0.733803215039741,0.00271038030745174
A4,AR,None,322,8,330,0.72587687286279,0.717116768620126,0.0033327705220046
A4,AR,None,322,9,331,0.712135761611693,0.701640637028966,0.00397232440221051
A4,AR,None,322,10,332,0.699595195230141,0.687363108999138,0.00461274969643763
A4,AR,None,322,11,333,0.688191899286525,0.674270929173076,0.00523715834344477
A4,AR,None,322,12,334,0.677860118770424,0.66234985075095,0.0058282382093405
A4,AR,None,322,13,335,0.668532643782675,0.651585133163195,0.00636841619505219
A4,AR,None,322,14,336,0.660141737062666,0.641961985820533,0.00684000903759043
A4,AR,None,329,1,330,0.72587687286279,0.725710732075139,0.000158560681489162
A4,AR,None,329,2,331,0.712135761611693,0.711686998603936,0.000357304098789898
A4,AR,None,329,3,332,0.699595195230141,0.698799754082421,0.000593470634549119
A4,AR,None,329,4,333,0.688191899286525,0.6870402576431,0.000854279045296169
A4,AR,None,329,5,334,0.677860118770424,0.676398770853692,0.00112904636238971
A4,AR,None,329,6,335,0.668532643782675,0.66686500100512,0.00140834738807277
A4,AR,None,329,7,336,0.660141737062666,0.658428496217957,0.00168360209868475
A4,AR,None,329,8,337,0.652619959175408,0.651078993315038,0.00194686526219804
A4,AR,None,329,9,338,0.645900889688645,0.644806719760313,0.00219071135274606
A4,AR,None,329,10,339,0.639919744915631,0.639602651173274,0.00240816730808107
A4,AR,None,329,11,340,0.634613894757176,0.635458726012869,0.00278041057982891
A4,AR,None,329,12,341,0.629923282833409,0.63236801900306,0.00328131344824685
A4,AR,None,329,13,342,0.625790755447622,0.630324874762189,0.00384603223692085
A4,AR,None,329,14,343,0.62216230597695,0.629325002917793,0.00448013289691952
A4,AR,None,336,1,337,0.652619959175408,0.652821913451397,0.000147071185791584
A4,AR,None,336,2,338,0.645900889688645,0.646563784492508,0.000349822213517332
A4,AR,None,336,3,339,0.639919744915631,0.641358655438878,0.000618166958533481
A4,AR,None,336,4,340,0.634613894757176,0.637198734706214,0.00100380429373562
A4,AR,None,336,5,341,0.629923282833409,0.634077303650517,0.0015763932640226
A4,AR,None,336,6,342,0.625790755447622,0.631988848039171,0.00231187269081277
A4,AR,None,336,7,343,0.62216230597695,0.630929152423261,0.00322659347730521
A4,AR,None,336,8,344,0.618987242050321,0.630895358404943,0.00446069089399201
A4,AR,None,336,9,345,0.616218283372411,0.631885987543627,0.00617114282438126
A4,AR,None,336,10,346,0.613811598307235,0.633900929372737,0.00830106351280448
A4,AR,None,336,11,347,0.61172678737402,0.636941394719192,0.0112458899680554
A4,AR,None,336,12,348,0.609926821660739,0.64100983424408,0.0148952386354391
A4,AR,None,336,13,349,0.6083779438577,0.646109821868948,0.0196020000169958
A4,AR,None,336,14,350,0.607049539185223,0.652245902531256,0.0250437371761406
A4,AR,None,343,1,344,0.618987242050321,0.619558003149949,0.000215180700457981
A4,AR,None,343,2,345,0.616218283372411,0.617972539857496,0.000640472710843515
A4,AR,None,343,3,346,0.613811598307235,0.617402102916035,0.00143393282540112
A4,AR,None,343,4,347,0.61172678737402,0.61784441016273,0.00271235650917435
A4,AR,None,343,5,348,0.609926821660739,0.61929871504576,0.00462941751172819
A4,AR,None,343,6,349,0.6083779438577,0.621765779041329,0.00728857260910024
A4,AR,None,343,7,350,0.607049539185223,0.625247811926587,0.0106284375748461
A4,AR,None,343,8,351,0.605913982965154,0.629748379646891,0.014684127188394
A4,AR,None,343,9,352,0.604946470993227,0.635272279248888,0.0194874702603917
A4,AR,None,343,10,353,0.604124838233415,0.641825380119577,0.0250674785226108
A4,AR,None,343,11,354,0.603429370698877,0.649414430588423,0.0314506615600138
A4,AR,None,343,12,355,0.602842614726408,0.658046828827115,0.0386612337202522
A4,AR,None,343,13,356,0.602349187208828,0.667730356932916,0.0467212371851466
A4,AR,None,343,14,357,0.601935589735858,0.678472877119799,0.0556505944026169
A4,AR,None,350,1,351,0.605913982965154,0.606708535985619,0.000293525715394786
A4,AR,None,350,2,352,0.604946470993227,0.607352970350734,0.00104581421977972
A4,AR,None,350,3,353,0.604124838233415,0.608982472237968,0.00248581398240613
A4,AR,None,350,4,354,0.603429370698877,0.611598233051792,0.00468969051057702
A4,AR,None,350,5,355,0.602842614726408,0.615202944542522,0.00763630535334165
A4,AR,None,350,6,356,0.602349187208828,0.619800708686427,0.0113535273099885
A4,AR,None,350,7,357,0.601935589735858,0.625396917950948,0.0158653669395143
A4,AR,None,350,8,358,0.601590029018961,0.631998105121117,0.0211930547314134
A4,AR,None,350,9,359,0.601302245447017,0.639611761678701,0.0273556729838096
A4,AR,None,350,10,360,0.6010633511424,0.648246123594745,0.0343705326807476
A4,AR,None,350,11,361,0.600865678463854,0.657909923330469,0.0422533868493447
A4,AR,None,350,12,362,0.600702639534245,0.66861210685226,0.0510185277662843
A4,AR,None,350,13,363,0.600568597056949,0.68036151456575,0.0606787942953304
A4,AR,None,350,14,364,0.600458746422175,0.693166525273383,0.0712455048963113
A4,N4SID,I,49,1,50,1.02620622439843,0.970142547216095,0.0228409182063804
A4,N4SID,I,49,2,51,1.05599359898214,0.970550414724858,0.0517495339872473
A4,N4SID,I,49,3,52,1.08640028564772,0.970954283292771,0.0825519095135043
A4,N4SID,I,49,4,53,1.11727921429272,0.971354194818203,0.113425109418418
A4,N4SID,I,49,5,54,1.14846937570652,0.971750190732795,0.144457220453805
A4,N4SID,I,49,6,55,1.17979692963724,0.972142312007615,0.17556389445002
A4,N4SID,I,49,7,56,1.21107657987791,0.972530599159214,0.206595310802412
A4,N4SID,I,49,8,57,1.24211320715162,0.972915092255573,0.237371665127769
A4,N4SID,I,49,9,58,1.27270374450828,0.973295830921946,0.267696906306808
A4,N4SID,I,49,10,59,1.30263927391294,0.973672854346615,0.297365447318899
A4,N4SID,I,49,11,60,1.33170731687803,0.974046201286535,0.32616642216586
A4,N4SID,I,49,12,61,1.35969428653969,0.974415910072895,0.35388703175441
A4,N4SID,I,49,13,62,1.38638806367263,0.974782018616577,0.380315542662158
A4,N4SID,I,49,14,63,1.41158065493821,0.975144564413535,0.405244149854935
A4,N4SID,I,56,1,57,1.24211320715162,1.16792999923017,0.043752757253221
A4,N4SID,I,56,2,58,1.27270374450828,1.16258997443096,0.0466275036070361
A4,N4SID,I,56,3,59,1.30263927391294,1.15736740887475,0.0542785570224266
A4,N4SID,I,56,4,60,1.33170731687803,1.15225908117809,0.0655103189009488
A4,N4SID,I,56,5,61,1.35969428653969,1.14726190591221,0.076346526387627
A4,N4SID,I,56,6,62,1.38638806367263,1.14237292733952,0.091851105721127
A4,N4SID,I,56,7,63,1.41158065493821,1.13758931340479,0.110098391586894
A4,N4SID,I,56,8,64,1.43507088831336,1.13290834997039,0.134404935864949
A4,N4SID,I,56,9,65,1.45666709828001,1.12832743528583,0.16108447182846
A4,N4SID,I,56,10,66,1.47618975206608,1.12384407468205,0.191314941694979
A4,N4SID,I,56,11,67,1.49347396809301,1.11945587548195,0.219011240232285
A4,N4SID,I,56,12,68,1.50837187883864,1.11516054211879,0.244034163540731
A4,N4SID,I,56,13,69,1.52075479257251,1.11095587145475,0.266263476119558
A4,N4SID,I,56,14,70,1.53051511183088,1.10683974829235,0.285599714927059
A4,N4SID,I,63,1,64,1.43507088831336,1.34437954963672,0.0760410386764294
A4,N4SID,I,63,2,65,1.45666709828001,1.32579558417611,0.07701095260677
A4,N4SID,I,63,3,66,1.47618975206608,1.30795912722557,0.0776457050715967
A4,N4SID,I,63,4,67,1.49347396809301,1.29083079583903,0.0780316930974815
A4,N4SID,I,63,5,68,1.50837187883864,1.27437430974465,0.0865139541637712
A4,N4SID,I,63,6,69,1.52075479257251,1.25855622215731,0.0954948004296368
A4,N4SID,I,63,7,70,1.53051511183088,1.2433456725901,0.103411246070903
A4,N4SID,I,63,8,71,1.53756797100109,1.22871415979269,0.110244745959284
A4,N4SID,I,63,9,72,1.54185256087665,1.21463533315216,0.121453355002148
A4,N4SID,I,63,10,73,1.54333311438952,1.20108480107162,0.134063359209979
A4,N4SID,I,63,11,74,1.54199953476026,1.18803995499565,0.146238021216742
A4,N4SID,I,63,12,75,1.53786765484385,1.17547980788471,0.162110221928472
A4,N4SID,I,63,13,76,1.53097912428407,1.16338484605404,0.1758785512835
A4,N4SID,I,63,14,77,1.52140092900779,1.1517368933911,0.192256543543699
A4,N4SID,I,70,1,71,1.53756797100109,1.45938180319657,0.103131921173608
A4,N4SID,I,70,2,72,1.54185256087665,1.43232045861856,0.100820467090542
A4,N4SID,I,70,3,73,1.54333311438952,1.4064228339945,0.0981386652679029
A4,N4SID,I,70,4,74,1.54199953476026,1.38161898719369,0.0952266521783897
A4,N4SID,I,70,5,75,1.53786765484385,1.35784566522166,0.0921484406380274
A4,N4SID,I,70,6,76,1.53097912428407,1.33504565154474,0.0889309924163733
A4,N4SID,I,70,7,77,1.52140092900779,1.31316716730819,0.0855849968333059
A4,N4SID,I,70,8,78,1.50922455537381,1.29216332175959,0.0821152747255569
A4,N4SID,I,70,9,79,1.49456481872371,1.27199160788542,0.0828961944371698
A4,N4SID,I,70,10,80,1.47755838295945,1.25261343983871,0.08316673258747
A4,N4SID,I,70,11,81,1.45836200390782,1.23399372919625,0.0824715652739394
A4,N4SID,I,70,12,82,1.43715053445933,1.21610049744986,0.080878969220059
A4,N4SID,I,70,13,83,1.41411473365438,1.19890452242217,0.0784617416088779
A4,N4SID,I,70,14,84,1.38945892492818,1.18237901651582,0.0752965327301703
A4,N4SID,I,77,1,78,1.50922455537381,1.50197082707481,0.0144580136835085
A4,N4SID,I,77,2,79,1.49456481872371,1.48965417501256,0.0138873284327621
A4,N4SID,I,77,3,80,1.47755838295945,1.47774850476623,0.0130770366320298
A4,N4SID,I,77,4,81,1.45836200390782,1.46624123349168,0.0136623666023357
A4,N4SID,I,77,5,82,1.43715053445933,1.45512034315262,0.014528443567688
A4,N4SID,I,77,6,83,1.41411473365438,1.44437435130052,0.0156516461939497
A4,N4SID,I,77,7,84,1.38945892492818,1.43399228369721,0.0175471716606563
A4,N4SID,I,77,8,85,1.36339855055086,1.42396364867724,0.0228405987288361
A4,N4SID,I,77,9,86,1.33615766987951,1.41427841315387,0.0290682986127961
A4,N4SID,I,77,10,87,1.30796644838275,1.40492698017814,0.040096769691165
A4,N4SID,I,77,11,88,1.27905868254927,1.39590016796647,0.0573487642695653
A4,N4SID,I,77,12,89,1.24966940282979,1.3871891903174,0.0789049145080712
A4,N4SID,I,77,13,90,1.22003259279743,1.37878563834284,0.10095431977595
A4,N4SID,I,77,14,91,1.19037905788322,1.37068146344431,0.123257545355777
A4,N4SID,I,84,1,85,1.36339855055086,1.41993791855797,0.0297581015764464
A4,N4SID,I,84,2,86,1.33615766987951,1.42467036372495,0.0351068071536906
A4,N4SID,I,84,3,87,1.30796644838275,1.42983687053816,0.0462883509946153
A4,N4SID,I,84,4,88,1.27905868254927,1.43547363787866,0.058433631128435
A4,N4SID,I,84,5,89,1.24966940282979,1.441621082694,0.0778547258054711
A4,N4SID,I,84,6,90,1.22003259279743,1.44832448464552,0.104184879427139
A4,N4SID,I,84,7,91,1.19037905788322,1.45563475358126,0.13822546158075
A4,N4SID,I,84,8,92,1.16093447151329,1.46360934811679,0.173825023041517
A4,N4SID,I,84,9,93,1.13191762041928,1.47231338132347,0.209551728776451
A4,N4SID,I,84,10,94,1.10353886450486,1.48182095969894,0.245250844486629
A4,N4SID,I,84,11,95,1.07599882012239,1.49221681513085,0.28078557252497
A4,N4SID,I,84,12,96,1.04948726913959,1.50359830774586,0.316039548955527
A4,N4SID,I,84,13,97,1.0241822899436,1.51607790220306,0.350919519196322
A4,N4SID,I,84,14,98,1.00024960071493,1.5297862538285,0.385358280825753
A4,N4SID,I,91,1,92,1.16093447151329,1.21818096023828,0.0213359389213466
A4,N4SID,I,91,2,93,1.13191762041928,1.2176438372132,0.041139751216823
A4,N4SID,I,91,3,94,1.10353886450486,1.21707378438904,0.0689620512780376
A4,N4SID,I,91,4,95,1.07599882012239,1.21646985834668,0.095842086826809
A4,N4SID,I,91,5,96,1.04948726913959,1.21583110040495,0.121636405312702
A4,N4SID,I,91,6,97,1.0241822899436,1.21515653725274,0.146178902462286
A4,N4SID,I,91,7,98,1.00024960071493,1.21444518166419,0.169306611089902
A4,N4SID,I,91,8,99,0.977842100064535,1.21369603330148,0.190866763404125
A4,N4SID,I,91,9,100,0.957099585602796,1.2129080796098,0.210718876888833
A4,N4SID,I,91,10,101,0.938148627311978,1.21208029680885,0.228735409330051
A4,N4SID,I,91,11,102,0.921102569812158,1.21121165098541,0.244801927969528
A4,N4SID,I,91,12,103,0.906061635802463,1.21030109929123,0.258817069316787
A4,N4SID,I,91,13,104,0.893113102154743,1.20934759125046,0.270692389902203
A4,N4SID,I,91,14,105,0.882331520335425,1.20835007018068,0.280352159015171
A4,N4SID,I,98,1,99,0.977842100064535,1.00621307840405,0.0109128699063413
A4,N4SID,I,98,2,100,0.957099585602796,0.997028679421041,0.0147363885553027
A4,N4SID,I,98,3,101,0.938148627311978,0.987945486233385,0.0197699685949804
A4,N4SID,I,98,4,102,0.921102569812158,0.978973860278912,0.0254965634539883
A4,N4SID,I,98,5,103,0.906061635802463,0.970123542560907,0.0309941677628316
A4,N4SID,I,98,6,104,0.893113102154743,0.961403623256419,0.0354807805622322
A4,N4SID,I,98,7,105,0.882331520335425,0.952822518254811,0.0378653567816553
A4,N4SID,I,98,8,106,0.873778954004929,0.944387952491813,0.038096899290986
A4,N4SID,I,98,9,107,0.867505208736847,0.936106949846338,0.0361364768731415
A4,N4SID,I,98,10,108,0.863548031730286,0.927985829282029,0.0319570197101544
A4,N4SID,I,98,11,109,0.86193326305471,0.920030206844009,0.0261671518600302
A4,N4SID,I,98,12,110,0.862674924244031,0.912245003063988,0.0199110224967993
A4,N4SID,I,98,13,111,0.865775234806229,0.904634455283671,0.0143238446658301
A4,N4SID,I,98,14,112,0.871224552284233,0.897202134376993,0.0100406103040693
A4,N4SID,I,105,1,106,0.873778954004929,0.875477133560186,0.00601759982594204
A4,N4SID,I,105,2,107,0.867505208736847,0.866331364182064,0.00600034223659766
A4,N4SID,I,105,3,108,0.863548031730286,0.857522679869245,0.00658736655397894
A4,N4SID,I,105,4,109,0.86193326305471,0.849049427504237,0.00740240868289298
A4,N4SID,I,105,5,110,0.862674924244031,0.840908950177813,0.00847468250058864
A4,N4SID,I,105,6,111,0.865775234806229,0.833097685375906,0.0121228061425197
A4,N4SID,I,105,7,112,0.871224552284233,0.82561126141633,0.0171462297426904
A4,N4SID,I,105,8,113,0.879001236732783,0.818444591085981,0.0264853268958665
A4,N4SID,I,105,9,114,0.889071445699282,0.811591961628679,0.0416929963554276
A4,N4SID,I,105,10,115,0.90138887084891,0.80504712041999,0.0601684174939424
A4,N4SID,I,105,11,116,0.915894432094175,0.79880335583545,0.0805326610099066
A4,N4SID,I,105,12,117,0.932515949323159,0.792853572970955,0.102722962075696
A4,N4SID,I,105,13,118,0.951167815427898,0.787190364007908,0.126663070179433
A4,N4SID,I,105,14,119,0.971750697189491,0.781806073130988,0.152262926216539
A4,N4SID,I,112,1,113,0.879001236732783,0.853283859425954,0.00970220126480478
A4,N4SID,I,112,2,114,0.889071445699282,0.846336480075281,0.0163477720900524
A4,N4SID,I,112,3,115,0.90138887084891,0.839635259918128,0.030046037039763
A4,N4SID,I,112,4,116,0.915894432094175,0.833177742026785,0.0508831027038437
A4,N4SID,I,112,5,117,0.932515949323159,0.826960968148161,0.0735845486828848
A4,N4SID,I,112,6,118,0.951167815427898,0.820981531657062,0.0980709508289545
A4,N4SID,I,112,7,119,0.971750697189491,0.81523562864303,0.124248580664221
A4,N4SID,I,112,8,120,0.994151292574028,0.809719106821798,0.15200978242898
A4,N4SID,I,112,9,121,1.01824217405049,0.804427512033523,0.181232916397359
A4,N4SID,I,112,10,122,1.04388174760131,0.799356132154512,0.211782303184394
A4,N4SID,I,112,11,123,1.07091435612846,0.794500038306799,0.243508292659911
A4,N4SID,I,112,12,124,1.09917055396317,0.789854123300657,0.276247504740394
A4,N4SID,I,112,13,125,1.12846757619503,0.78541313728901,0.309823269185179
A4,N4SID,I,112,14,126,1.15861002260672,0.781171720650086,0.344046284034582
A4,N4SID,I,119,1,120,0.994151292574028,0.942454359502043,0.0208585223246934
A4,N4SID,I,119,2,121,1.01824217405049,0.937370611139127,0.0476664822759131
A4,N4SID,I,119,3,122,1.04388174760131,0.932358307465383,0.0785228731781754
A4,N4SID,I,119,4,123,1.07091435612846,0.927419734385912,0.110643839092943
A4,N4SID,I,119,5,124,1.09917055396317,0.922556978519646,0.143892531392071
A4,N4SID,I,119,6,125,1.12846757619503,0.917771928619519,0.178093282572589
A4,N4SID,I,119,7,126,1.15861002260672,0.913066277838318,0.213051458574101
A4,N4SID,I,119,8,127,1.18939077122458,0.908441526775914,0.248559231294662
A4,N4SID,I,119,9,128,1.22059213098797,0.903898987241174,0.284397970100914
A4,N4SID,I,119,10,129,1.25198723694768,0.899439786660455,0.320339953349582
A4,N4SID,I,119,11,130,1.28334168488708,0.895064873064016,0.356150080899349
A4,N4SID,I,119,12,131,1.31441539550377,0.890775020581897,0.391587753272044
A4,N4SID,I,119,13,132,1.34496469148778,0.886570835381797,0.426408946664681
A4,N4SID,I,119,14,133,1.37474456418714,0.882452761983049,0.460368472791034
A4,N4SID,I,126,1,127,1.18939077122458,1.12284722731366,0.0267699144944036
A4,N4SID,I,126,2,128,1.22059213098797,1.11979891484063,0.0577431820078696
A4,N4SID,I,126,3,129,1.25198723694768,1.11670531683671,0.0924777868406704
A4,N4SID,I,126,4,130,1.28334168488708,1.11356733014964,0.127138923093629
A4,N4SID,I,126,5,131,1.31441539550377,1.11038592658371,0.161541932852011
A4,N4SID,I,126,6,132,1.34496469148778,1.1071621525609,0.195457685883441
A4,N4SID,I,126,7,133,1.37474456418714,1.10389712851934,0.228644674711222
A4,N4SID,I,126,8,134,1.40351110026551,1.10059204804373,0.260859290113326
A4,N4SID,I,126,9,135,1.43102403302791,1.09724817672413,0.291860523855464
A4,N4SID,I,126,10,136,1.45704937810415,1.09386685074096,0.321413237768954
A4,N4SID,I,126,11,137,1.48136210910434,1.09044947517602,0.349291046537291
A4,N4SID,I,126,12,138,1.50374882584088,1.08699752205085,0.375279063049502
A4,N4SID,I,126,13,139,1.5240103658617,1.08351252809583,0.399176542898272
A4,N4SID,I,126,14,140,1.54196430944264,1.07999609225516,0.420799405549664
A4,N4SID,I,133,1,134,1.40351110026551,1.33374091188964,0.0265530087682616
A4,N4SID,I,133,2,135,1.43102403302791,1.3288317465724,0.0504320394093661
A4,N4SID,I,133,3,136,1.45704937810415,1.32396094767483,0.0815083914375574
A4,N4SID,I,133,4,137,1.48136210910434,1.31912693636247,0.110782526081925
A4,N4SID,I,133,5,138,1.50374882584088,1.31432816403918,0.13808245770259
A4,N4SID,I,133,6,139,1.5240103658617,1.30956311336797,0.163217956428058
A4,N4SID,I,133,7,140,1.54196430944264,1.30483029934438,0.186008652930432
A4,N4SID,I,133,8,141,1.55744732888769,1.30012827041898,0.206292131983279
A4,N4SID,I,133,9,142,1.57031733499036,1.29545560966527,0.223927200100905
A4,N4SID,I,133,10,143,1.58045537678451,1.29081093598885,0.238795914291651
A4,N4SID,I,133,11,144,1.58776725518506,1.28619290537344,0.250805154918662
A4,N4SID,I,133,12,145,1.59218481667631,1.28160021215891,0.259887873896267
A4,N4SID,I,133,13,146,1.59366689970428,1.2770315903463,0.26600401269325
A4,N4SID,I,133,14,147,1.59219991369156,1.27248581492421,0.269141066114578
A4,N4SID,I,140,1,141,1.55744732888769,1.51167091108094,0.0174100444650345
A4,N4SID,I,140,2,142,1.57031733499036,1.5078481684261,0.022969595224528
A4,N4SID,I,140,3,143,1.58045537678451,1.50463644734474,0.0280233700812967
A4,N4SID,I,140,4,144,1.58776725518506,1.50205752668705,0.033507494399299
A4,N4SID,I,140,5,145,1.59218481667631,1.50013625717471,0.0370068129759328
A4,N4SID,I,140,6,146,1.59366689970428,1.49890097638373,0.0384811217607829
A4,N4SID,I,140,7,147,1.59219991369156,1.49838399951906,0.0379028949405604
A4,N4SID,I,140,8,148,1.58779803841969,1.49862220183944,0.0352574077910376
A4,N4SID,I,140,9,149,1.58050303969516,1.49965771258382,0.0305421778706782
A4,N4SID,I,140,10,150,1.5703837055004,1.50153874540868,0.0251475150478998
A4,N4SID,I,140,11,151,1.55753491499715,1.50432059706036,0.0199563877541114
A4,N4SID,I,140,12,152,1.54207636056499,1.50806685481786,0.0148727558374093
A4,N4SID,I,140,13,153,1.52415095030417,1.5128508649011,0.0124925108004738
A4,N4SID,I,140,14,154,1.50392292490877,1.51875752961,0.0130558448572829
A4,N4SID,I,147,1,148,1.58779803841969,1.60527788725293,0.0128916216085329
A4,N4SID,I,147,2,149,1.58050303969516,1.61510085951606,0.0149203748362248
A4,N4SID,I,147,3,150,1.5703837055004,1.62650086549716,0.021197480141441
A4,N4SID,I,147,4,151,1.55753491499715,1.63967760824066,0.0314859056832668
A4,N4SID,I,147,5,152,1.54207636056499,1.65486892706375,0.0516407374058566
A4,N4SID,I,147,6,153,1.52415095030417,1.67236046728714,0.0850750085471739
A4,N4SID,I,147,7,154,1.50392292490877,1.69249845807899,0.123783887859303
A4,N4SID,I,147,8,155,1.4815757283465,1.71570683086392,0.167327246413405
A4,N4SID,I,147,9,156,1.45730967622088,1.74251050289332,0.215937233562833
A4,N4SID,I,147,10,157,1.43133946892857,1.77356758283355,0.269933982746997
A4,N4SID,I,147,11,158,1.40389159868553,1.80971475891469,0.329761160770603
A4,N4SID,I,147,12,159,1.37520170014791,1.85203262160447,0.396035472026198
A4,N4SID,I,147,13,160,1.34551189370352,1.90194192642589,0.469617499084434
A4,N4SID,I,147,14,161,1.31506816860202,1.96134931344321,0.551716144729511
A4,N4SID,I,154,1,155,1.4815757283465,1.52732574645114,0.017584259152662
A4,N4SID,I,154,2,156,1.45730967622088,1.53109456704794,0.0278124342612507
A4,N4SID,I,154,3,157,1.43133946892857,1.53537400008405,0.0475107354669433
A4,N4SID,I,154,4,158,1.40389159868553,1.54021085955584,0.0783088994539847
A4,N4SID,I,154,5,159,1.37520170014791,1.54565766199398,0.111467401225714
A4,N4SID,I,154,6,160,1.34551189370352,1.55177353219269,0.146135511962106
A4,N4SID,I,154,7,161,1.31506816860202,1.55862528833993,0.18210952182751
A4,N4SID,I,154,8,162,1.28411785001158,1.56628874908197,0.219188389635775
A4,N4SID,I,154,9,163,1.25290718995044,1.57485031684143,0.257177302388221
A4,N4SID,I,154,10,164,1.22167911699159,1.5844089072351,0.295890998824868
A4,N4SID,I,154,11,165,1.19067117384528,1.59507831504505,0.335157047391868
A4,N4SID,I,154,12,166,1.16011366557638,1.60699013474051,0.374819162303108
A4,N4SID,I,154,13,167,1.13022803451074,1.62029739062836,0.414740627152377
A4,N4SID,I,154,14,168,1.10122547103208,1.63517908196937,0.454807910087008
A4,N4SID,I,161,1,162,1.28411785001158,1.31404192473868,0.0123436190244455
A4,N4SID,I,161,2,163,1.25290718995044,1.29810421728365,0.0170533923792035
A4,N4SID,I,161,3,164,1.22167911699159,1.28178197423818,0.022354837114049
A4,N4SID,I,161,4,165,1.19067117384528,1.26510675205449,0.0304573753602979
A4,N4SID,I,161,5,166,1.16011366557638,1.24811370358706,0.041376232741581
A4,N4SID,I,161,6,167,1.13022803451074,1.23084127344597,0.0543381914483334
A4,N4SID,I,161,7,168,1.10122547103208,1.21333082195744,0.0661950859274233
A4,N4SID,I,161,8,169,1.07330576267278,1.19562618522999,0.0767926154621767
A4,N4SID,I,161,9,170,1.04665637735629,1.1777731813352,0.0859905701787783
A4,N4SID,I,161,10,171,1.02145177053989,1.15981907474046,0.093662960969339
A4,N4SID,I,161,11,172,0.997852900502735,1.14181201274484,0.0996978896987423
A4,N4SID,I,161,12,173,0.976006931269497,1.12380044866777,0.103997221923632
A4,N4SID,I,161,13,174,0.956047098776359,1.10583256686749,0.106476109490437
A4,N4SID,I,161,14,175,0.938092712963733,1.08795572430976,0.107062407690775
A4,N4SID,I,168,1,169,1.07330576267278,1.08456287134562,0.00846672588166788
A4,N4SID,I,168,2,170,1.04665637735629,1.06195878721063,0.00877822841120361
A4,N4SID,I,168,3,171,1.02145177053989,1.03974660177398,0.0089736821310326
A4,N4SID,I,168,4,172,0.997852900502735,1.01798769961076,0.00904174064417408
A4,N4SID,I,168,5,173,0.976006931269497,0.996737245904273,0.00897253093922722
A4,N4SID,I,168,6,174,0.956047098776359,0.976043814345662,0.00875709538824146
A4,N4SID,I,168,7,175,0.938092712963733,0.955949187442353,0.0083872589818068
A4,N4SID,I,168,8,176,0.922249266582213,0.936488317287593,0.00785559375491198
A4,N4SID,I,168,9,177,0.908608620655388,0.917689429951101,0.00715540704945785
A4,N4SID,I,168,10,178,0.897249236755849,0.899574253303526,0.0062807396114512
A4,N4SID,I,168,11,179,0.888236427489117,0.88215834624258,0.00657705703964612
A4,N4SID,I,168,12,180,0.881622598785737,0.865451506799939,0.00758141842031063
A4,N4SID,I,168,13,181,0.877447460689384,0.849458237258447,0.0104807497167522
A4,N4SID,I,168,14,182,0.875738187189561,0.834178245945103,0.0157038497754769
A4,N4SID,I,175,1,176,0.922249266582213,0.915996693132137,0.00656475285335762
A4,N4SID,I,175,2,177,0.908608620655388,0.89642177621869,0.00709798060600486
A4,N4SID,I,175,3,178,0.897249236755849,0.877630324328795,0.00780165517344069
A4,N4SID,I,175,4,179,0.888236427489117,0.85963327261241,0.0106534376194907
A4,N4SID,I,175,5,180,0.881622598785737,0.842435108792253,0.0146226824384824
A4,N4SID,I,175,6,181,0.877447460689384,0.826034528098837,0.0225518363980155
A4,N4SID,I,175,7,182,0.875738187189561,0.810425108413091,0.0359691395161057
A4,N4SID,I,175,8,183,0.876509510151597,0.795595984395919,0.0521317482243411
A4,N4SID,I,175,9,184,0.879763737397501,0.781532503388795,0.0699845562270807
A4,N4SID,I,175,10,185,0.885490690328758,0.768216849793549,0.0895353837539036
A4,N4SID,I,175,11,186,0.893667561987406,0.755628628288995,0.110782167351467
A4,N4SID,I,175,12,187,0.904258701950913,0.74374539949018,0.133712185778239
A4,N4SID,I,175,13,188,0.917215339775503,0.732543164434679,0.158301276856334
A4,N4SID,I,175,14,189,0.932475263671701,0.721996796567862,0.184513063244507
A4,N4SID,I,182,1,183,0.876509510151597,0.849012156949817,0.010246152752062
A4,N4SID,I,182,2,184,0.879763737397501,0.834675685296462,0.0181456438709439
A4,N4SID,I,182,3,185,0.885490690328758,0.820957423380515,0.0355411045604865
A4,N4SID,I,182,4,186,0.893667561987406,0.807851928595011,0.0573053852986343
A4,N4SID,I,182,5,187,0.904258701950913,0.795350936327043,0.080855865098594
A4,N4SID,I,182,6,188,0.917215339775503,0.783443750609887,0.106156201314659
A4,N4SID,I,182,7,189,0.932475263671701,0.772117616528678,0.133157718211162
A4,N4SID,I,182,8,190,0.949962475553668,0.761358069777742,0.161799427036761
A4,N4SID,I,182,9,191,0.969586847401787,0.751149260233764,0.192007558831248
A4,N4SID,I,182,10,192,0.991243806884174,0.741474247676815,0.223695011426161
A4,N4SID,I,182,11,193,1.01481408228635,0.73231526885348,0.256760841258786
A4,N4SID,I,182,12,194,1.04016353791194,0.723653975937508,0.291089859947951
A4,N4SID,I,182,13,195,1.06714313118089,0.715471647116946,0.326552375427161
A4,N4SID,I,182,14,196,1.09558902163416,0.707749370541366,0.363004110017625
A4,N4SID,I,189,1,190,0.949962475553668,0.897464808632757,0.0220684665435092
A4,N4SID,I,189,2,191,0.969586847401787,0.887014810617178,0.0508980154924933
A4,N4SID,I,189,3,192,0.991243806884174,0.876871438283105,0.0831098254028204
A4,N4SID,I,189,4,193,1.01481408228635,0.867038203640141,0.116883741657674
A4,N4SID,I,189,5,194,1.04016353791194,0.857517253700112,0.152105257541389
A4,N4SID,I,189,6,195,1.06714313118089,0.848309462952476,0.188630247405477
A4,N4SID,I,189,7,196,1.09558902163416,0.839414529519744,0.226296798335894
A4,N4SID,I,189,8,197,1.12532285995501,0.830831073221661,0.264928448246972
A4,N4SID,I,189,9,198,1.1561522819687,0.822556733979314,0.304335394303473
A4,N4SID,I,189,10,199,1.18787162844738,0.814588269199248,0.34431534454574
A4,N4SID,I,189,11,200,1.2202629065207,0.806921648985875,0.384654453473369
A4,N4SID,I,189,12,201,1.25309700269766,0.799552148231939,0.42512846512414
A4,N4SID,I,189,13,202,1.28613515109258,0.792474434827186,0.465504099745472
A4,N4SID,I,189,14,203,1.31913065359098,0.785682653401298,0.505540691188321
A4,N4SID,I,196,1,197,1.12532285995501,1.05233128362786,0.0337037324267943
A4,N4SID,I,196,2,198,1.1561522819687,1.04443247435292,0.0726930801018436
A4,N4SID,I,196,3,199,1.18787162844738,1.03655707691144,0.112652168671186
A4,N4SID,I,196,4,200,1.2202629065207,1.02871392090784,0.153195201222734
A4,N4SID,I,196,5,201,1.25309700269766,1.02091164583992,0.194124478084075
A4,N4SID,I,196,6,202,1.28613515109258,1.01315866383934,0.235203137801211
A4,N4SID,I,196,7,203,1.31913065359098,1.00546312504779,0.276178965089035
A4,N4SID,I,196,8,204,1.3518308415805,0.997832885892488,0.316792016046272
A4,N4SID,I,196,9,205,1.38397926171425,0.990275480474121,0.356778305192068
A4,N4SID,I,196,10,206,1.4153180611801,0.982798095228458,0.395872619606397
A4,N4SID,I,196,11,207,1.44559054133432,0.975407546970564,0.433811214287908
A4,N4SID,I,196,12,208,1.47454384252821,0.968110264379896,0.470334555497879
A4,N4SID,I,196,13,209,1.50193171770902,0.960912272935701,0.505190124880683
A4,N4SID,I,196,14,210,1.52751734808735,0.953819183266497,0.538135253712273
A4,N4SID,I,203,1,204,1.3518308415805,1.27436157797547,0.0313474506755824
A4,N4SID,I,203,2,205,1.38397926171425,1.26856553274963,0.0659196746915678
A4,N4SID,I,203,3,206,1.4153180611801,1.26264784392946,0.103435838657953
A4,N4SID,I,203,4,207,1.44559054133432,1.25660881067068,0.13995532232218
A4,N4SID,I,203,5,208,1.47454384252821,1.25044911960268,0.175264512966493
A4,N4SID,I,203,6,209,1.50193171770902,1.24416986124059,0.209126385146747
A4,N4SID,I,203,7,210,1.52751734808735,1.23777254445092,0.241305399103914
A4,N4SID,I,203,8,211,1.55107615098467,1.23125910869384,0.271575868503289
A4,N4SID,I,203,9,212,1.57239852802776,1.22463193377494,0.299726123078228
A4,N4SID,I,203,10,213,1.59129250122879,1.2178938468551,0.325561513227366
A4,N4SID,I,203,11,214,1.60758618522636,1.21104812648858,0.348906983305984
A4,N4SID,I,203,12,215,1.62113004607299,1.20409850348638,0.369609361822501
A4,N4SID,I,203,13,216,1.63179890040021,1.19704915843481,0.387539374031679
A4,N4SID,I,203,14,217,1.63949361349869,1.18990471573715,0.402593349732504
A4,N4SID,I,210,1,211,1.55107615098467,1.49577286702549,0.0205705375028457
A4,N4SID,I,210,2,212,1.57239852802776,1.49424014526261,0.029394575727132
A4,N4SID,I,210,3,213,1.59129250122879,1.49298071483456,0.0414940671295232
A4,N4SID,I,210,4,214,1.60758618522636,1.49200785947178,0.0553663387941431
A4,N4SID,I,210,5,215,1.62113004607299,1.4913357887558,0.0693685836573235
A4,N4SID,I,210,6,216,1.63179890040021,1.49097968650003,0.0801318280193575
A4,N4SID,I,210,7,217,1.63949361349869,1.49095575240722,0.0875368573658718
A4,N4SID,I,210,8,218,1.64414246069943,1.49128123131068,0.0914895436906602
A4,N4SID,I,210,9,219,1.64570212328021,1.4919744213587,0.0919224530957647
A4,N4SID,I,210,10,220,1.64415829776442,1.49305464800325,0.0887956387858831
A4,N4SID,I,210,11,221,1.63952590571536,1.49454218368974,0.0820970186990077
A4,N4SID,I,210,12,222,1.63184889972795,1.49645808217015,0.0718424756506932
A4,N4SID,I,210,13,223,1.62119967003926,1.49882387869743,0.0580757905085825
A4,N4SID,I,210,14,224,1.60767806477234,1.50166107819088,0.0445210187423253
A4,N4SID,I,217,1,218,1.64414246069943,1.64434610960822,0.0116770606227134
A4,N4SID,I,217,2,219,1.64570212328021,1.6545357355829,0.0127863345466434
A4,N4SID,I,217,3,220,1.64415829776442,1.66620814446713,0.0144329219448041
A4,N4SID,I,217,4,221,1.63952590571536,1.67952069732166,0.0166363814601862
A4,N4SID,I,217,5,222,1.63184889972795,1.69464693185826,0.0237008940349844
A4,N4SID,I,217,6,223,1.62119967003926,1.71177402316106,0.0345782711688403
A4,N4SID,I,217,7,224,1.60767806477234,1.73109520656108,0.055561943039927
A4,N4SID,I,217,8,225,1.59141004505287,1.75279162723473,0.0901950128394972
A4,N4SID,I,217,9,226,1.57254600386394,1.7769915277327,0.130992571937298
A4,N4SID,I,217,10,227,1.55125878431978,1.80367892698732,0.176478218269733
A4,N4SID,I,217,11,228,1.52774143885977,1.83248482843747,0.226248802714002
A4,N4SID,I,217,12,229,1.50220477553552,1.86221608230631,0.279319493375789
A4,N4SID,I,217,13,230,1.47487474097027,1.89025580004952,0.333645958367135
A4,N4SID,I,217,14,231,1.44598969163355,1.9147798950438,0.387278989153388
A4,N4SID,I,224,1,225,1.59141004505287,1.63382102977241,0.016727891941555
A4,N4SID,I,224,2,226,1.57254600386394,1.64337211402979,0.026237517594055
A4,N4SID,I,224,3,227,1.55125878431978,1.65380968372812,0.0425440419337826
A4,N4SID,I,224,4,228,1.52774143885977,1.66503631598685,0.0726094417396244
A4,N4SID,I,224,5,229,1.50220477553552,1.67678931241197,0.108970272706471
A4,N4SID,I,224,6,230,1.47487474097027,1.68846622575152,0.147313716769941
A4,N4SID,I,224,7,231,1.44598969163355,1.69904742922358,0.186666532461697
A4,N4SID,I,224,8,232,1.41579760576024,1.70811512756311,0.226247423547806
A4,N4SID,I,224,9,233,1.38455328755885,1.71579866667828,0.265643227979894
A4,N4SID,I,224,10,234,1.35251561334646,1.7222744756693,0.304618903648194
A4,N4SID,I,224,11,235,1.3199448660054,1.72770545017182,0.343019251111514
A4,N4SID,I,224,12,236,1.2871001998011,1.7322352707209,0.380716743366661
A4,N4SID,I,224,13,237,1.25423727228529,1.73598881911574,0.417587207162953
A4,N4SID,I,224,14,238,1.22160607391179,1.73907440622941,0.453501203199271
A4,N4SID,I,231,1,232,1.41579760576024,1.4593940993211,0.0167818420001053
A4,N4SID,I,231,2,233,1.38455328755885,1.45343323408945,0.0258269274120494
A4,N4SID,I,231,3,234,1.35251561334646,1.44782972948864,0.0432811811875919
A4,N4SID,I,231,4,235,1.3199448660054,1.44253586477661,0.0702194265393013
A4,N4SID,I,231,5,236,1.2871001998011,1.43751012517068,0.0984154450135616
A4,N4SID,I,231,6,237,1.25423727228529,1.43271691511296,0.126813469657765
A4,N4SID,I,231,7,238,1.22160607391179,1.42812587525856,0.155141469995156
A4,N4SID,I,231,8,239,1.18944897931223,1.42371109458901,0.183138885220547
A4,N4SID,I,231,9,240,1.15799903712437,1.41945044454436,0.210557076632238
A4,N4SID,I,231,10,241,1.1274785080547,1.41532501536058,0.237160164784205
A4,N4SID,I,231,11,242,1.09809765370247,1.41131863830515,0.262725907056448
A4,N4SID,I,231,12,243,1.07005377178376,1.4074174801214,0.287046453600033
A4,N4SID,I,231,13,244,1.04353046696545,1.40360969867129,0.309928919852278
A4,N4SID,I,231,14,245,1.01869714072669,1.39988515004733,0.331195762491175
A4,N4SID,I,238,1,239,1.18944897931223,1.23853074010705,0.0182123837929442
A4,N4SID,I,238,2,240,1.15799903712437,1.23204078333335,0.0318430038002653
A4,N4SID,I,238,3,241,1.1274785080547,1.22590725443002,0.0546444592859679
A4,N4SID,I,238,4,242,1.09809765370247,1.22008243356343,0.0784471486853983
A4,N4SID,I,238,5,243,1.07005377178376,1.21452572540603,0.101160837248272
A4,N4SID,I,238,6,244,1.04353046696545,1.20920256195632,0.122572811113532
A4,N4SID,I,238,7,245,1.01869714072669,1.20408348113176,0.142487135648216
A4,N4SID,I,238,8,246,0.995708678662191,1.19914335128349,0.16072577521874
A4,N4SID,I,238,9,247,0.974705309554556,1.19436071724801,0.177128549496006
A4,N4SID,I,238,10,248,0.955812607467806,1.18971724793776,0.191552750166783
A4,N4SID,I,238,11,249,0.939141606117094,1.18519726900182,0.203872641945586
A4,N4SID,I,238,12,250,0.924788993882884,1.18078736695021,0.213978922435124
A4,N4SID,I,238,13,251,0.912837358062052,1.17647605343857,0.221778177869995
A4,N4SID,I,238,14,252,0.903355448251897,1.17225348028537,0.227192361557104
A4,N4SID,I,245,1,246,0.995708678662191,1.03399155336512,0.0143074259526597
A4,N4SID,I,245,2,247,0.974705309554556,1.02924398524186,0.0216976459222523
A4,N4SID,I,245,3,248,0.955812607467806,1.02466068406138,0.0321852835319675
A4,N4SID,I,245,4,249,0.939141606117094,1.0202219917286,0.0445864831693213
A4,N4SID,I,245,5,250,0.924788993882884,1.01591111855953,0.0547883306585426
A4,N4SID,I,245,6,251,0.912837358062052,1.01171371283466,0.0626969467870648
A4,N4SID,I,245,7,252,0.903355448251897,1.00761749645368,0.0682324518699365
A4,N4SID,I,245,8,253,0.896398431084497,1.00361195617205,0.0713297933634521
A4,N4SID,I,245,9,254,0.892008111778536,0.999688081651957,0.0719386088266021
A4,N4SID,I,245,10,255,0.890213102038943,0.995838143059388,0.0700229254978967
A4,N4SID,I,245,11,256,0.891028918575113,0.992055502068213,0.0655608999177599
A4,N4SID,I,245,12,257,0.894458001771371,0.988334451146455,0.058544650137027
A4,N4SID,I,245,13,258,0.900489649660571,0.984670076807883,0.0489801923544219
A4,N4SID,I,245,14,259,0.909099868145179,0.981058143203302,0.0368874800784197
A4,N4SID,I,252,1,253,0.896398431084497,0.907046764660626,0.00725606796761351
A4,N4SID,I,252,2,254,0.892008111778536,0.903246057628273,0.00729346376361552
A4,N4SID,I,252,3,255,0.890213102038943,0.899519046720227,0.00705328705803504
A4,N4SID,I,252,4,256,0.891028918575113,0.895858726520185,0.00653134796157556
A4,N4SID,I,252,5,257,0.894458001771371,0.892259085373216,0.00621495063814826
A4,N4SID,I,252,6,258,0.900489649660571,0.888714959072774,0.00725525825099063
A4,N4SID,I,252,7,259,0.909099868145179,0.885221906415687,0.00916140802755297
A4,N4SID,I,252,8,260,0.920251144197055,0.881776103287856,0.0140224418008262
A4,N4SID,I,252,9,261,0.933892154364197,0.878374252510111,0.0237515649246971
A4,N4SID,I,252,10,262,0.949957426141047,0.875013507090435,0.0417133811876715
A4,N4SID,I,252,11,263,0.968366974448647,0.871691404891996,0.0635701661969607
A4,N4SID,I,252,12,264,0.989025939465599,0.868405813032994,0.0876383598102439
A4,N4SID,I,252,13,265,1.01182425521157,0.865154880592264,0.113809831886166
A4,N4SID,I,252,14,266,1.03663638049503,0.861936998420697,0.141960724847035
A4,N4SID,I,259,1,260,0.920251144197055,0.896200041758002,0.00922080996892875
A4,N4SID,I,259,2,261,0.933892154364197,0.892862591557081,0.0149566077469871
A4,N4SID,I,259,3,262,0.949957426141047,0.889566769433656,0.02753498152918
A4,N4SID,I,259,4,263,0.968366974448647,0.886310126653387,0.0488121030185373
A4,N4SID,I,259,5,264,0.989025939465599,0.883090538181314,0.0728111570000588
A4,N4SID,I,259,6,265,1.01182425521157,0.879906156069903,0.0989125619786644
A4,N4SID,I,259,7,266,1.03663638049503,0.876755369775591,0.126992679232151
A4,N4SID,I,259,8,267,1.06332112500423,0.873636772421811,0.156911877133406
A4,N4SID,I,259,9,268,1.09172160338137,0.870549132130096,0.188514596940934
A4,N4SID,I,259,10,269,1.12166534904193,0.86749136771876,0.221629520498567
A4,N4SID,I,259,11,270,1.1529646172836,0.864462528159833,0.256069906040593
A4,N4SID,I,259,12,271,1.18541690390552,0.861461775291194,0.291634129785541
A4,N4SID,I,259,13,272,1.2188057011947,0.858488369370895,0.32810645932877
A4,N4SID,I,259,14,273,1.2529015078321,0.855541657133413,0.365258077174887
A4,N4SID,I,266,1,267,1.06332112500423,1.00653367952083,0.0226254449794185
A4,N4SID,I,266,2,268,1.09172160338137,1.00311114146163,0.0507209538174152
A4,N4SID,I,266,3,269,1.12166534904193,0.999725450712885,0.0842082858952796
A4,N4SID,I,266,4,270,1.1529646172836,0.996375560795286,0.118991767962797
A4,N4SID,I,266,5,271,1.18541690390552,0.993060528317794,0.154886097456121
A4,N4SID,I,266,6,272,1.2188057011947,0.989779498656024,0.191679908296468
A4,N4SID,I,266,7,273,1.2529015078321,0.986531693706011,0.229145677116912
A4,N4SID,I,266,8,274,1.28746310315571,0.983316401415281,0.267043271895576
A4,N4SID,I,266,9,275,1.32223908944989,0.980132966830251,0.305122092650075
A4,N4SID,I,266,10,276,1.35696969869133,0.976980784438736,0.343123045925356
A4,N4SID,I,266,11,277,1.39138885267405,0.973859291618732,0.380780658277411
A4,N4SID,I,266,12,278,1.42522645787431,0.970767963036915,0.417825392048409
A4,N4SID,I,266,13,279,1.45821090902455,0.967706305854086,0.453986159491919
A4,N4SID,I,266,14,280,1.49007176836835,0.964673855622957,0.488993008618689
A4,N4SID,I,273,1,274,1.28746310315571,1.20976103466111,0.0330205521343429
A4,N4SID,I,273,2,275,1.32223908944989,1.2052996751995,0.0702417119807048
A4,N4SID,I,273,3,276,1.35696969869133,1.20088470380543,0.109605854163303
A4,N4SID,I,273,4,277,1.39138885267405,1.1965153609646,0.148574600708491
A4,N4SID,I,273,5,278,1.42522645787431,1.19219092490679,0.186906593087074
A4,N4SID,I,273,6,279,1.45821090902455,1.18791070716446,0.224337613171615
A4,N4SID,I,273,7,280,1.49007176836835,1.18367404876338,0.260599425924976
A4,N4SID,I,273,8,281,1.520542581185,1.17948031695272,0.295426544286226
A4,N4SID,I,273,9,282,1.54936378260769,1.17532890239605,0.328560082066067
A4,N4SID,I,273,10,283,1.57628564620134,1.17121921675589,0.359750920953402
A4,N4SID,I,273,11,284,1.60107122137404,1.16715069061453,0.388762694816197
A4,N4SID,I,273,12,285,1.62349920459827,1.16312277168218,0.41537466961919
A4,N4SID,I,273,13,286,1.64336668870719,1.15913492325066,0.439384493984378
A4,N4SID,I,273,14,287,1.66049173525737,1.15518662285704,0.460610771889253
A4,N4SID,I,280,1,281,1.520542581185,1.44579787831073,0.0281106278378189
A4,N4SID,I,280,2,282,1.54936378260769,1.4404941862297,0.0519120806049549
A4,N4SID,I,280,3,283,1.57628564620134,1.43523601117458,0.0843345726210672
A4,N4SID,I,280,4,284,1.60107122137404,1.43002281773171,0.114546355075311
A4,N4SID,I,280,5,285,1.62349920459827,1.42485408510782,0.142349122132676
A4,N4SID,I,280,6,286,1.64336668870719,1.41972930579235,0.167545205979391
A4,N4SID,I,280,7,287,1.66049173525737,1.41464798440388,0.18995392374663
A4,N4SID,I,280,8,288,1.67471571712173,1.40960963669364,0.209417124197719
A4,N4SID,I,280,9,289,1.68590538205909,1.40461378868352,0.225801937443221
A4,N4SID,I,280,10,290,1.69395459292062,1.39965997591898,0.239002631364714
A4,N4SID,I,280,11,291,1.69878570627929,1.39474774282019,0.248941992563517
A4,N4SID,I,280,12,292,1.70035055844617,1.38987664211733,0.255572300066784
A4,N4SID,I,280,13,293,1.69863103587811,1.38504623435781,0.258875886502676
A4,N4SID,I,280,14,294,1.69363921566415,1.38025608747507,0.258865273401823
A4,N4SID,I,287,1,288,1.67471571712173,1.63054655150416,0.017028827728841
A4,N4SID,I,287,2,289,1.68590538205909,1.62561031983472,0.0223954246024073
A4,N4SID,I,287,3,290,1.69395459292062,1.6207033555261,0.0267069243419148
A4,N4SID,I,287,4,291,1.69878570627929,1.61582542662293,0.0311025086592077
A4,N4SID,I,287,5,292,1.70035055844617,1.6109763055504,0.0347110573928012
A4,N4SID,I,287,6,293,1.69863103587811,1.60615576873351,0.0364789764360181
A4,N4SID,I,287,7,294,1.69363921566415,1.60136359626916,0.0364130588312942
A4,N4SID,I,287,8,295,1.68541707086717,1.59659957164338,0.0345366870177862
A4,N4SID,I,287,9,296,1.6740357447402,1.59186348148713,0.0308894673272541
A4,N4SID,I,287,10,297,1.65959440698018,1.58715511536519,0.0263883881113847
A4,N4SID,I,287,11,298,1.64221871397501,1.5824742655932,0.0221500675103548
A4,N4SID,I,287,12,299,1.62205890320497,1.57782072707898,0.0169746434064868
A4,N4SID,I,287,13,300,1.59928755935892,1.57319429718439,0.0138689441370818
A4,N4SID,I,287,14,301,1.57409709612835,1.56859477560503,0.0115485173376937
A4,N4SID,I,294,1,295,1.68541707086717,1.68629049527809,0.0117439175027461
A4,N4SID,I,294,2,296,1.6740357447402,1.68179111223526,0.0124774617729488
A4,N4SID,I,294,3,297,1.65959440698018,1.67731358115147,0.013553496271775
A4,N4SID,I,294,4,298,1.64221871397501,1.67285776504987,0.01495798101869
A4,N4SID,I,294,5,299,1.62205890320497,1.66842352864985,0.0180120270521721
A4,N4SID,I,294,6,300,1.59928755935892,1.66401073825069,0.0241246804710458
A4,N4SID,I,294,7,301,1.57409709612835,1.65961926163095,0.0332967795425233
A4,N4SID,I,294,8,302,1.54669700289137,1.65524896796151,0.0489390473359333
A4,N4SID,I,294,9,303,1.5173109094711,1.65089972773008,0.073008123216593
A4,N4SID,I,294,10,304,1.4861735247717,1.64657141267571,0.0999784393179449
A4,N4SID,I,294,11,305,1.45352750631936,1.64226389573172,0.128477398102152
A4,N4SID,I,294,12,306,1.4196203175717,1.63797705097593,0.158257410085779
A4,N4SID,I,294,13,307,1.38470112835164,1.63371075358708,0.189069183059741
A4,N4SID,I,294,14,308,1.34901781099478,1.62946487980659,0.220664724605756
A4,N4SID,I,301,1,302,1.54669700289137,1.58704747383604,0.0158586357522801
A4,N4SID,I,301,2,303,1.5173109094711,1.58240090952367,0.0240966059179786
A4,N4SID,I,301,3,304,1.4861735247717,1.57778190715716,0.0377529718234885
A4,N4SID,I,301,4,305,1.45352750631936,1.57319026061731,0.062502047772481
A4,N4SID,I,301,5,306,1.4196203175717,1.56862576592965,0.0920143523010115
A4,N4SID,I,301,6,307,1.38470112835164,1.56408822119708,0.122563655497609
A4,N4SID,I,301,7,308,1.34901781099478,1.55957742653982,0.153902420473453
A4,N4SID,I,301,8,309,1.31281408089058,1.5550931840416,0.185786961011564
A4,N4SID,I,301,9,310,1.27632682519514,1.55063529770129,0.21798029971286
A4,N4SID,I,301,10,311,1.2397836577668,1.54620357338916,0.250254682080953
A4,N4SID,I,301,11,312,1.2034007320129,1.5417978188071,0.282393791961376
A4,N4SID,I,301,12,313,1.1673808365351,1.53741784345229,0.314194668412962
A4,N4SID,I,301,13,314,1.131911791421,1.53306345858386,0.345469315226954
A4,N4SID,I,301,14,315,1.09716515595028,1.52873447719206,0.37604599598911
A4,N4SID,I,308,1,309,1.31281408089058,1.37420478904456,0.0225516977233761
A4,N4SID,I,308,2,310,1.27632682519514,1.36991577624341,0.0438013902107578
A4,N4SID,I,308,3,311,1.2397836577668,1.36565875827042,0.0762687247548146
A4,N4SID,I,308,4,312,1.2034007320129,1.361433436777,0.108588623862253
A4,N4SID,I,308,5,313,1.1673808365351,1.35723951709224,0.1405705370036
A4,N4SID,I,308,6,314,1.131911791421,1.35307670812585,0.172029879301186
A4,N4SID,I,308,7,315,1.09716515595028,1.34894472227962,0.202795884129627
A4,N4SID,I,308,8,316,1.06329525155106,1.34484327536622,0.232714318031461
A4,N4SID,I,308,9,317,1.03043849723047,1.34077208653432,0.261648628452648
A4,N4SID,I,308,10,318,0.99871304856474,1.3367308781993,0.289480449702437
A4,N4SID,I,308,11,319,0.968218725799696,1.33271937597864,0.316109723001825
A4,N4SID,I,308,12,320,0.939037211785664,1.32873730863154,0.341454516430319
A4,N4SID,I,308,13,321,0.911232496427786,1.32478440800214,0.36545058779917
A4,N4SID,I,308,14,322,0.88485154112303,1.32086040896597,0.3880507234279
A4,N4SID,I,315,1,316,1.06329525155106,1.12489813767414,0.0245477785656775
A4,N4SID,I,315,2,317,1.03043849723047,1.12170296156364,0.0500363413389239
A4,N4SID,I,315,3,318,0.99871304856474,1.11853201513233,0.0787349849082515
A4,N4SID,I,315,4,319,0.968218725799696,1.1153850684647,0.106204656733829
A4,N4SID,I,315,5,320,0.939037211785664,1.112261894801,0.132379161956552
A4,N4SID,I,315,6,321,0.911232496427786,1.10916227041567,0.157198229036568
A4,N4SID,I,315,7,322,0.88485154112303,1.10608597450911,0.180615670163934
A4,N4SID,I,315,8,323,0.859925134298608,1.10303278911073,0.202600734314954
A4,N4SID,I,315,9,324,0.836468907658617,1.10000249899194,0.223137644291269
A4,N4SID,I,315,10,325,0.814484482056953,1.09699489158752,0.242224589728897
A4,N4SID,I,315,11,326,0.793960711994814,1.09400975692427,0.259872517506583
A4,N4SID,I,315,12,327,0.774874998522355,1.09104688755599,0.276103827581344
A4,N4SID,I,315,13,328,0.757194641724101,1.08810607850386,0.290951022636697
A4,N4SID,I,315,14,329,0.740878205894322,1.08518712720152,0.304455343377773
A4,N4SID,I,322,1,323,0.859925134298608,0.906513844961601,0.0179764817304336
A4,N4SID,I,322,2,324,0.836468907658617,0.903941460886185,0.0337703532910303
A4,N4SID,I,322,3,325,0.814484482056953,0.901385074512753,0.0533094957627864
A4,N4SID,I,322,4,326,0.793960711994814,0.898844560760379,0.0713893245320776
A4,N4SID,I,322,5,327,0.774874998522355,0.896319797053285,0.0880434136711783
A4,N4SID,I,322,6,328,0.757194641724101,0.89381066329452,0.103306801598777
A4,N4SID,I,322,7,329,0.740878205894322,0.891317041876461,0.117221265017339
A4,N4SID,I,322,8,330,0.72587687286279,0.888838817729875,0.129835545062378
A4,N4SID,I,322,9,331,0.712135761611693,0.886375878414546,0.141204382853154
A4,N4SID,I,322,10,332,0.699595195230141,0.883928114255917,0.151387321671847
A4,N4SID,I,322,11,333,0.688191899286525,0.881495418533987,0.16044751612435
A4,N4SID,I,322,12,334,0.677860118770424,0.8790776877326,0.168450612298283
A4,N4SID,I,322,13,335,0.668532643782675,0.876674821859828,0.175463719089048
A4,N4SID,I,322,14,336,0.660141737062666,0.874286724853103,0.181554478976736
A4,N4SID,I,329,1,330,0.72587687286279,0.752374662073195,0.0100145975933316
A4,N4SID,I,329,2,331,0.712135761611693,0.749522245299091,0.0142079471498339
A4,N4SID,I,329,3,332,0.699595195230141,0.746684129311098,0.0202597229744409
A4,N4SID,I,329,4,333,0.688191899286525,0.743860442815155,0.0277639569852371
A4,N4SID,I,329,5,334,0.677860118770424,0.741051395223378,0.0353894873033714
A4,N4SID,I,329,6,335,0.668532643782675,0.738257309107982,0.0420253663954036
A4,N4SID,I,329,7,336,0.660141737062666,0.735478667223815,0.0477398008298047
A4,N4SID,I,329,8,337,0.652619959175408,0.732716181543111,0.0526008381386047
A4,N4SID,I,329,9,338,0.645900889688645,0.72997089636594,0.0566758532556261
A4,N4SID,I,329,10,339,0.639919744915631,0.727244345907788,0.0600310898875317
A4,N4SID,I,329,11,340,0.634613894757176,0.724538802209668,0.062731376479807
A4,N4SID,I,329,12,341,0.629923282833409,0.721857668694894,0.0648400830389784
A4,N4SID,I,329,13,342,0.625790755447622,0.719206036015037,0.0664193300093241
A4,N4SID,I,329,14,343,0.62216230597695,0.716591177793683,0.0675302205114885
A4,N4SID,I,336,1,337,0.652619959175408,0.6628269204363,0.00579600543562548
A4,N4SID,I,336,2,338,0.645900889688645,0.659587737724351,0.00615980110954524
A4,N4SID,I,336,3,339,0.639919744915631,0.656377282127145,0.00651132981431499
A4,N4SID,I,336,4,340,0.634613894757176,0.653204398405181,0.00721747907084539
A4,N4SID,I,336,5,341,0.629923282833409,0.650082450958019,0.00773556817359453
A4,N4SID,I,336,6,342,0.625790755447622,0.64702802209912,0.0080901978469755
A4,N4SID,I,336,7,343,0.62216230597695,0.644056980640683,0.0083046870021127
A4,N4SID,I,336,8,344,0.618987242050321,0.64118123525788,0.00839992769947308
A4,N4SID,I,336,9,345,0.616218283372411,0.638408118455589,0.00839414418483114
A4,N4SID,I,336,10,346,0.613811598307235,0.635741280656692,0.00830317786532639
A4,N4SID,I,336,11,347,0.61172678737402,0.633181786305342,0.00814085866358767
A4,N4SID,I,336,12,348,0.609926821660739,0.630728966490772,0.00791931079753425
A4,N4SID,I,336,13,349,0.6083779438577,0.628381005766181,0.00764918247277932
A4,N4SID,I,336,14,350,0.607049539185223,0.62613533463334,0.00733982067008749
A4,N4SID,I,343,1,344,0.618987242050321,0.620215574769405,0.00445553599981981
A4,N4SID,I,343,2,345,0.616218283372411,0.617358170504807,0.00442573591184189
A4,N4SID,I,343,3,346,0.613811598307235,0.614614209119144,0.00436894250392432
A4,N4SID,I,343,4,347,0.61172678737402,0.611983810286887,0.00428970693455509
A4,N4SID,I,343,5,348,0.609926821660739,0.60946540212845,0.00429453894881588
A4,N4SID,I,343,6,349,0.6083779438577,0.607056336566134,0.00437298283046623
A4,N4SID,I,343,7,350,0.607049539185223,0.604753287236658,0.00446488444406853
A4,N4SID,I,343,8,351,0.605913982965154,0.60255251060937,0.00456757422541612
A4,N4SID,I,343,9,352,0.604946470993227,0.600450020929711,0.00467871676415159
A4,N4SID,I,343,10,353,0.604124838233415,0.598441709783925,0.00479627997729342
A4,N4SID,I,343,11,354,0.603429370698877,0.596523429154276,0.00491850662030256
A4,N4SID,I,343,12,355,0.602842614726408,0.594691049771435,0.00504388765552749
A4,N4SID,I,343,13,356,0.602349187208828,0.592940502343264,0.00517113726006647
A4,N4SID,I,343,14,357,0.601935589735858,0.591267806655493,0.00529916938339655
A4,N4SID,I,350,1,351,0.605913982965154,0.604255128197142,0.00434636653854535
A4,N4SID,I,350,2,352,0.604946470993227,0.60226585002171,0.00444578218473344
A4,N4SID,I,350,3,353,0.604124838233415,0.600369917921233,0.00455175182724071
A4,N4SID,I,350,4,354,0.603429370698877,0.598563245435951,0.00466248247511315
A4,N4SID,I,350,5,355,0.602842614726408,0.596841764053938,0.00477644575189986
A4,N4SID,I,350,6,356,0.602349187208828,0.595201463893675,0.00489234367441091
A4,N4SID,I,350,7,357,0.601935589735858,0.593638422411015,0.00500908145270544
A4,N4SID,I,350,8,358,0.601590029018961,0.59214882446783,0.00512574390837892
A4,N4SID,I,350,9,359,0.601302245447017,0.590728976072507,0.0052415742975481
A4,N4SID,I,350,10,360,0.6010633511424,0.589375313426112,0.00535595505332898
A4,N4SID,I,350,11,361,0.600865678463854,0.588084408452343,0.00546839022832801
A4,N4SID,I,350,12,362,0.600702639534245,0.586852971675519,0.00557848951917045
A4,N4SID,I,350,13,363,0.600568597056949,0.585677853090395,0.00578064566119166
A4,N4SID,I,350,14,364,0.600458746422175,0.58455604150973,0.00611637967575093
A4,SSEST,I,49,1,50,1.02620622439843,1.00891393067864,0.00792585000611555
A4,SSEST,I,49,2,51,1.05599359898214,1.00618409469062,0.0408994180032655
A4,SSEST,I,49,3,52,1.08640028564772,1.00355816094427,0.0739965499737981
A4,SSEST,I,49,4,53,1.11727921429272,1.00103274509086,0.107632083995412
A4,SSEST,I,49,5,54,1.14846937570652,0.998604582206419,0.141288598604968
A4,SSEST,I,49,6,55,1.17979692963724,0.996270520968117,0.174952977574373
A4,SSEST,I,49,7,56,1.21107657987791,0.994027518222697,0.208460445332142
A4,SSEST,I,49,8,57,1.24211320715162,0.991872633917524,0.241508283434798
A4,SSEST,I,49,9,58,1.27270374450828,0.989803026366948,0.274094251056453
A4,SSEST,I,49,10,59,1.30263927391294,0.987815947828757,0.305787553839001
A4,SSEST,I,49,11,60,1.33170731687803,0.985908740367375,0.336636751441116
A4,SSEST,I,49,12,61,1.35969428653969,0.984078831982208,0.36618025066353
A4,SSEST,I,49,13,62,1.38638806367263,0.982323732981163,0.394463518361961
A4,SSEST,I,49,14,63,1.41158065493821,0.980641032580876,0.421047944681942
A4,SSEST,I,56,1,57,1.24211320715162,1.22570817630327,0.0337389513193244
A4,SSEST,I,56,2,58,1.27270374450828,1.22497743689969,0.0373469678172106
A4,SSEST,I,56,3,59,1.30263927391294,1.2242881105041,0.0404138151543008
A4,SSEST,I,56,4,60,1.33170731687803,1.22364088498803,0.043816550867768
A4,SSEST,I,56,5,61,1.35969428653969,1.22303647962546,0.0512017498353475
A4,SSEST,I,56,6,62,1.38638806367263,1.22247564668418,0.0602983215307216
A4,SSEST,I,56,7,63,1.41158065493821,1.22195917312596,0.0688313506778045
A4,SSEST,I,56,8,64,1.43507088831336,1.22148788242384,0.0768281977577168
A4,SSEST,I,56,9,65,1.45666709828001,1.22106263650544,0.0857477416342254
A4,SSEST,I,56,10,66,1.47618975206608,1.22068433783196,0.0967097650994711
A4,SSEST,I,56,11,67,1.49347396809301,1.22035393162351,0.106761275711376
A4,SSEST,I,56,12,68,1.50837187883864,1.22007240824225,0.115108354813471
A4,SSEST,I,56,13,69,1.52075479257251,1.21984080574604,0.122851834826825
A4,SSEST,I,56,14,70,1.53051511183088,1.21966021262624,0.130376229039907
A4,SSEST,I,63,1,64,1.43507088831336,1.42819564926863,0.0479261843922528
A4,SSEST,I,63,2,65,1.45666709828001,1.43772666988186,0.0497416875595637
A4,SSEST,I,63,3,66,1.47618975206608,1.44773683178067,0.0527375101604187
A4,SSEST,I,63,4,67,1.49347396809301,1.45826886502907,0.0541892169998888
A4,SSEST,I,63,5,68,1.50837187883864,1.46937085404634,0.0566230900769779
A4,SSEST,I,63,6,69,1.52075479257251,1.4810971035144,0.0576419558165868
A4,SSEST,I,63,7,70,1.53051511183088,1.49350917821896,0.0594761957184724
A4,SSEST,I,63,8,71,1.53756797100109,1.50667715912126,0.0600151278663571
A4,SSEST,I,63,9,72,1.54185256087665,1.52068117017102,0.0612334288022065
A4,SSEST,I,63,10,73,1.54333311438952,1.53561324671166,0.0612712216307076
A4,SSEST,I,63,11,74,1.54199953476026,1.55157963840831,0.0640116356331807
A4,SSEST,I,63,12,75,1.53786765484385,1.56870366978372,0.0682800362201529
A4,SSEST,I,63,13,76,1.53097912428407,1.58712932310274,0.073948466999557
A4,SSEST,I,63,14,77,1.52140092900779,1.60702576660418,0.0795914645874231
A4,SSEST,I,70,1,71,1.53756797100109,1.54245452794136,0.0437784170661553
A4,SSEST,I,70,2,72,1.54185256087665,1.55823587441869,0.0565524186052914
A4,SSEST,I,70,3,73,1.54333311438952,1.57509329044811,0.0502423970558521
A4,SSEST,I,70,4,74,1.54199953476026,1.59315650449955,0.063917549154162
A4,SSEST,I,70,5,75,1.53786765484385,1.61257737419464,0.0590445030578692
A4,SSEST,I,70,6,76,1.53097912428407,1.63353482349354,0.0737914129573727
A4,SSEST,I,70,7,77,1.52140092900779,1.65624116756614,0.0704730414264805
A4,SSEST,I,70,8,78,1.50922455537381,1.68095030442971,0.0865052077370383
A4,SSEST,I,70,9,79,1.49456481872371,1.70796845187489,0.0874495437142615
A4,SSEST,I,70,10,80,1.47755838295945,1.73766840641008,0.107113878360568
A4,SSEST,I,70,11,81,1.45836200390782,1.77050875554957,0.122533591636686
A4,SSEST,I,70,12,82,1.43715053445933,1.80706018269127,0.146241351170021
A4,SSEST,I,70,13,83,1.41411473365438,1.8480421325736,0.165938965102488
A4,SSEST,I,70,14,84,1.38945892492818,1.89437495297709,0.194606639552181
A4,SSEST,I,77,1,78,1.50922455537381,1.52338475762,0.0331379219326541
A4,SSEST,I,77,2,79,1.49456481872371,1.53713151206108,0.0373483528843147
A4,SSEST,I,77,3,80,1.47755838295945,1.55197814121029,0.0418269982516205
A4,SSEST,I,77,4,81,1.45836200390782,1.56806125406831,0.0469539459096268
A4,SSEST,I,77,5,82,1.43715053445933,1.58554090368454,0.0582890300028876
A4,SSEST,I,77,6,83,1.41411473365438,1.60460587430441,0.0727065378855997
A4,SSEST,I,77,7,84,1.38945892492818,1.62548047603494,0.0882728831513076
A4,SSEST,I,77,8,85,1.36339855055086,1.64843337581458,0.11279047175635
A4,SSEST,I,77,9,86,1.33615766987951,1.67378921733348,0.142530939741528
A4,SSEST,I,77,10,87,1.30796644838275,1.70194411924436,0.180882422639256
A4,SSEST,I,77,11,88,1.27905868254927,1.73338665758582,0.229924752125366
A4,SSEST,I,77,12,89,1.24966940282979,1.76872674852436,0.28292477141547
A4,SSEST,I,77,13,90,1.22003259279743,1.80873614952327,0.3394931313818
A4,SSEST,I,77,14,91,1.19037905788322,1.85440644710541,0.399569438679584
A4,SSEST,I,84,1,85,1.36339855055086,1.37759370687747,0.009530625165883
A4,SSEST,I,84,2,86,1.33615766987951,1.37891231294649,0.0165812932226173
A4,SSEST,I,84,3,87,1.30796644838275,1.38043454487058,0.0312633894574798
A4,SSEST,I,84,4,88,1.27905868254927,1.38217254652676,0.0478532251443766
A4,SSEST,I,84,5,89,1.24966940282979,1.38413949203787,0.0909379768296069
A4,SSEST,I,84,6,90,1.22003259279743,1.38634970025794,0.11084284844648
A4,SSEST,I,84,7,91,1.19037905788322,1.38881876512432,0.154238308301376
A4,SSEST,I,84,8,92,1.16093447151329,1.39156370450117,0.174898977107785
A4,SSEST,I,84,9,93,1.13191762041928,1.39460313064817,0.217692106304797
A4,SSEST,I,84,10,94,1.10353886450486,1.39795744607127,0.238279245706755
A4,SSEST,I,84,11,95,1.07599882012239,1.40164906927874,0.279723238701614
A4,SSEST,I,84,12,96,1.04948726913959,1.40570269591289,0.299493985336087
A4,SSEST,I,84,13,97,1.0241822899436,1.41014560190492,0.338938203761707
A4,SSEST,I,84,14,98,1.00024960071493,1.41500799677061,0.357257331559474
A4,SSEST,I,91,1,92,1.16093447151329,1.17323859319774,0.00497080687616037
A4,SSEST,I,91,2,93,1.13191762041928,1.16617214909329,0.0152683716783841
A4,SSEST,I,91,3,94,1.10353886450486,1.15909951246862,0.036844445475911
A4,SSEST,I,91,4,95,1.07599882012239,1.15202424096244,0.0574740717055712
A4,SSEST,I,91,5,96,1.04948726913959,1.1449500857417,0.0775421369665404
A4,SSEST,I,91,6,97,1.0241822899436,1.13788097594077,0.0960237493289044
A4,SSEST,I,91,7,98,1.00024960071493,1.13082100190547,0.11343349960249
A4,SSEST,I,91,8,99,0.977842100064535,1.12377439736641,0.129085193549944
A4,SSEST,I,91,9,100,0.957099585602796,1.11674552067956,0.143268303259829
A4,SSEST,I,91,10,101,0.938148627311978,1.10973883528383,0.155524091947627
A4,SSEST,I,91,11,102,0.921102569812158,1.10275888953505,0.166008001288225
A4,SSEST,I,91,12,103,0.906061635802463,1.09581029608322,0.174415857506471
A4,SSEST,I,91,13,104,0.893113102154743,1.0888977109648,0.18082724726879
A4,SSEST,I,91,14,105,0.882331520335425,1.08202581258431,0.185044779345585
A4,SSEST,I,98,1,99,0.977842100064535,0.984023582466185,0.00253365837778393
A4,SSEST,I,98,2,100,0.957099585602796,0.974070134095511,0.00735912595636586
A4,SSEST,I,98,3,101,0.938148627311978,0.96437075302529,0.0160785235576212
A4,SSEST,I,98,4,102,0.921102569812158,0.954931499819779,0.023580208401615
A4,SSEST,I,98,5,103,0.906061635802463,0.945757460209181,0.0291366392447506
A4,SSEST,I,98,6,104,0.893113102154743,0.936852763561612,0.0329521250582225
A4,SSEST,I,98,7,105,0.882331520335425,0.928220608924975,0.0346865323986766
A4,SSEST,I,98,8,106,0.873778954004929,0.919863297629523,0.0345701165738524
A4,SSEST,I,98,9,107,0.867505208736847,0.911782271433963,0.0322963283370831
A4,SSEST,I,98,10,108,0.863548031730286,0.903978155213298,0.0280893600229027
A4,SSEST,I,98,11,109,0.86193326305471,0.896450803221687,0.0216950081215829
A4,SSEST,I,98,12,110,0.862674924244031,0.889199348014896,0.0133201053749972
A4,SSEST,I,98,13,111,0.865775234806229,0.882222251180611,0.00602770331525834
A4,SSEST,I,98,14,112,0.871224552284233,0.875517355097731,0.00307283606178921
A4,SSEST,I,105,1,106,0.873778954004929,0.873155035063013,0.00248167472121884
A4,SSEST,I,105,2,107,0.867505208736847,0.864692422279935,0.00282278778044522
A4,SSEST,I,105,3,108,0.863548031730286,0.856609555598586,0.00337296158444632
A4,SSEST,I,105,4,109,0.86193326305471,0.848900720676404,0.00490380477946566
A4,SSEST,I,105,5,110,0.862674924244031,0.841559435635595,0.00809901046362551
A4,SSEST,I,105,6,111,0.865775234806229,0.834578551158567,0.0151832962520419
A4,SSEST,I,105,7,112,0.871224552284233,0.827950345837572,0.0268100904321668
A4,SSEST,I,105,8,113,0.879001236732783,0.821666616160312,0.0404252341824185
A4,SSEST,I,105,9,114,0.889071445699282,0.815718760700999,0.0560334657041185
A4,SSEST,I,105,10,115,0.90138887084891,0.810097858251224,0.0735699087909455
A4,SSEST,I,105,11,116,0.915894432094175,0.804794739766974,0.0930100328768815
A4,SSEST,I,105,12,117,0.932515949323159,0.799800054127745,0.114267091645652
A4,SSEST,I,105,13,118,0.951167815427898,0.795104327802226,0.137286419280042
A4,SSEST,I,105,14,119,0.971750697189491,0.790698018594019,0.161957523780038
A4,SSEST,I,112,1,113,0.879001236732783,0.87145091902616,0.00294424090546866
A4,SSEST,I,112,2,114,0.889071445699282,0.865776854673083,0.0114706299737474
A4,SSEST,I,112,3,115,0.90138887084891,0.860341301118675,0.0291584135065832
A4,SSEST,I,112,4,116,0.915894432094175,0.855140523885626,0.048447608651837
A4,SSEST,I,112,5,117,0.932515949323159,0.85017048622562,0.0699689779986522
A4,SSEST,I,112,6,118,0.951167815427898,0.845426886344793,0.0929782505687579
A4,SSEST,I,112,7,119,0.971750697189491,0.840905192897157,0.118011164987633
A4,SSEST,I,112,8,120,0.994151292574028,0.836600678615347,0.144361945742674
A4,SSEST,I,112,9,121,1.01824217405049,0.832508451988101,0.17247458146909
A4,SSEST,I,112,10,122,1.04388174760131,0.828623486929371,0.201676434160239
A4,SSEST,I,112,11,123,1.07091435612846,0.824940650414993,0.232324568509837
A4,SSEST,I,112,12,124,1.09917055396317,0.82145472808956,0.263774705522606
A4,SSEST,I,112,13,125,1.12846757619503,0.818160447868751,0.296303282315773
A4,SSEST,I,112,14,126,1.15861002260672,0.815052501581166,0.329291017906179
A4,SSEST,I,119,1,120,0.994151292574028,0.98015035705813,0.00558720084892376
A4,SSEST,I,119,2,121,1.01824217405049,0.976321705064553,0.0324858292047747
A4,SSEST,I,119,3,122,1.04388174760131,0.972564470522156,0.0620242350535036
A4,SSEST,I,119,4,123,1.07091435612846,0.968879403747774,0.0926541187602073
A4,SSEST,I,119,5,124,1.09917055396317,0.965267166452739,0.12466183832749
A4,SSEST,I,119,6,125,1.12846757619503,0.961728332248396,0.157395803799628
A4,SSEST,I,119,7,126,1.15861002260672,0.958263387455862,0.191136021602751
A4,SSEST,I,119,8,127,1.18939077122458,0.954872732200343,0.225197479291978
A4,SSEST,I,119,9,128,1.22059213098797,0.951556681769629,0.259838504840607
A4,SSEST,I,119,10,129,1.25198723694768,0.948315468215955,0.294361363628599
A4,SSEST,I,119,11,130,1.28334168488708,0.945149242180139,0.328994784819255
A4,SSEST,I,119,12,131,1.31441539550377,0.942058074916855,0.363046029482123
A4,SSEST,I,119,13,132,1.34496469148778,0.939041960500007,0.396712504985295
A4,SSEST,I,119,14,133,1.37474456418714,0.936100818187452,0.429322112905852
A4,SSEST,I,126,1,127,1.18939077122458,1.17154617862671,0.00661664270072069
A4,SSEST,I,126,2,128,1.22059213098797,1.1683748930193,0.0388348062317405
A4,SSEST,I,126,3,129,1.25198723694768,1.16520018280948,0.0729190601593472
A4,SSEST,I,126,4,130,1.28334168488708,1.16202203799911,0.108028274037045
A4,SSEST,I,126,5,131,1.31441539550377,1.15884048226216,0.14191222729473
A4,SSEST,I,126,6,132,1.34496469148778,1.15565557323206,0.176113486373134
A4,SSEST,I,126,7,133,1.37474456418714,1.15246740272322,0.208801410871762
A4,SSEST,I,126,8,134,1.40351110026551,1.14927609688357,0.241139212126034
A4,SSEST,I,126,9,135,1.43102403302791,1.14608181627544,0.271638832238867
A4,SSEST,I,126,10,136,1.45704937810415,1.14288475588223,0.301172026621799
A4,SSEST,I,126,11,137,1.48136210910434,1.1396851450385,0.328534244619325
A4,SSEST,I,126,12,138,1.50374882584088,1.13648324728153,0.354378748693881
A4,SSEST,I,126,13,139,1.5240103658617,1.1332793601227,0.377739419103822
A4,SSEST,I,126,14,140,1.54196430944264,1.1300738147371,0.399111242815938
A4,SSEST,I,133,1,134,1.40351110026551,1.38654514140731,0.00639347763994015
A4,SSEST,I,133,2,135,1.43102403302791,1.38303058233833,0.0292377208816845
A4,SSEST,I,133,3,136,1.45704937810415,1.37959133047638,0.0580583325240871
A4,SSEST,I,133,4,137,1.48136210910434,1.37622785756826,0.0864394874887678
A4,SSEST,I,133,5,138,1.50374882584088,1.37294068842802,0.11165063696976
A4,SSEST,I,133,6,139,1.5240103658617,1.36973040236553,0.135653298781325
A4,SSEST,I,133,7,140,1.54196430944264,1.36659763474235,0.15640898496244
A4,SSEST,I,133,8,141,1.55744732888769,1.36354307866594,0.175346716045413
A4,SSEST,I,133,9,142,1.57031733499036,1.36056748683424,0.190955943275686
A4,SSEST,I,133,10,143,1.58045537678451,1.35767167354379,0.204290898241902
A4,SSEST,I,133,11,144,1.58776725518506,1.35485651687567,0.214248450131697
A4,SSEST,I,133,12,145,1.59218481667631,1.35212296107481,0.221624522552443
A4,SSEST,I,133,13,146,1.59366689970428,1.34947201913962,0.225634050684053
A4,SSEST,I,133,14,147,1.59219991369156,1.34690477564058,0.22689958001374
A4,SSEST,I,140,1,141,1.55744732888769,1.55138266374357,0.00475661255068094
A4,SSEST,I,140,2,142,1.57031733499036,1.55514299135661,0.00590442073645039
A4,SSEST,I,140,3,143,1.58045537678451,1.55953311724703,0.00782880422484411
A4,SSEST,I,140,4,144,1.58776725518506,1.56461337411896,0.00857168444305547
A4,SSEST,I,140,5,145,1.59218481667631,1.57045210043188,0.00810577782649915
A4,SSEST,I,140,6,146,1.59366689970428,1.57712704379294,0.0063769786304687
A4,SSEST,I,140,7,147,1.59219991369156,1.58472707411615,0.00501434429957709
A4,SSEST,I,140,8,148,1.58779803841969,1.59335428942549,0.00482667235382414
A4,SSEST,I,140,9,149,1.58050303969516,1.60312662354708,0.00846007001800449
A4,SSEST,I,140,10,150,1.5703837055004,1.61418110114203,0.0204672524250565
A4,SSEST,I,140,11,151,1.55753491499715,1.6266779358281,0.0454765318521991
A4,SSEST,I,140,12,152,1.54207636056499,1.64080573789544,0.0747146566350333
A4,SSEST,I,140,13,153,1.52415095030417,1.656788199017,0.108164410834997
A4,SSEST,I,140,14,154,1.50392292490877,1.67489276735168,0.145981298140788
A4,SSEST,I,147,1,148,1.58779803841969,1.5955014697267,0.00400834566804134
A4,SSEST,I,147,2,149,1.58050303969516,1.60509563482447,0.00956635079318945
A4,SSEST,I,147,3,150,1.5703837055004,1.61585135058941,0.027900236497868
A4,SSEST,I,147,4,151,1.55753491499715,1.62791284961332,0.0523961196381229
A4,SSEST,I,147,5,152,1.54207636056499,1.64144910850585,0.0812447521176901
A4,SSEST,I,147,6,153,1.52415095030417,1.65665947096009,0.11388168315153
A4,SSEST,I,147,7,154,1.50392292490877,1.67378088580567,0.15093988875089
A4,SSEST,I,147,8,155,1.4815757283465,1.69309732876631,0.191963658465731
A4,SSEST,I,147,9,156,1.45730967622088,1.71495221752136,0.237580338516621
A4,SSEST,I,147,10,157,1.43133946892857,1.73976499154481,0.287488739063078
A4,SSEST,I,147,11,158,1.40389159868553,1.76805358236263,0.342388216530879
A4,SSEST,I,147,12,159,1.37520170014791,1.80046536653006,0.402217286830463
A4,SSEST,I,147,13,160,1.34551189370352,1.83782058065833,0.467874847328979
A4,SSEST,I,147,14,161,1.31506816860202,1.88117445491058,0.539701672131275
A4,SSEST,I,154,1,155,1.4815757283465,1.49242855229117,0.00422241745950965
A4,SSEST,I,154,2,156,1.45730967622088,1.49030516390405,0.0173728917177607
A4,SSEST,I,154,3,157,1.43133946892857,1.48840201558021,0.0415101638806657
A4,SSEST,I,154,4,158,1.40389159868553,1.48672980424573,0.066986145098975
A4,SSEST,I,154,5,159,1.37520170014791,1.48530009084637,0.0942491073244914
A4,SSEST,I,154,6,160,1.34551189370352,1.48412538369933,0.122436223929611
A4,SSEST,I,154,7,161,1.31506816860202,1.48321923242933,0.151900787690044
A4,SSEST,I,154,8,162,1.28411785001158,1.48259633403525,0.181858061813957
A4,SSEST,I,154,9,163,1.25290718995044,1.48227265288226,0.212585343637063
A4,SSEST,I,154,10,164,1.22167911699159,1.4822655567055,0.243377839917028
A4,SSEST,I,154,11,165,1.19067117384528,1.48259397105235,0.274454000125974
A4,SSEST,I,154,12,166,1.16011366557638,1.48327855498892,0.305190301110706
A4,SSEST,I,154,13,167,1.13022803451074,1.48434190136139,0.335761392596207
A4,SSEST,I,154,14,168,1.10122547103208,1.48580876544215,0.365625332914148
A4,SSEST,I,161,1,162,1.28411785001158,1.29152876595144,0.00318165675574963
A4,SSEST,I,161,2,163,1.25290718995044,1.27473205641373,0.00950512550073352
A4,SSEST,I,161,3,164,1.22167911699159,1.25771421075742,0.0234175327871424
A4,SSEST,I,161,4,165,1.19067117384528,1.24050831117355,0.0372891276977229
A4,SSEST,I,161,5,166,1.16011366557638,1.22314984359185,0.0506590823053471
A4,SSEST,I,161,6,167,1.13022803451074,1.20567633002826,0.0631605346521285
A4,SSEST,I,161,7,168,1.10122547103208,1.18812691910507,0.0747779081671101
A4,SSEST,I,161,8,169,1.07330576267278,1.17054194429772,0.0852204303050735
A4,SSEST,I,161,9,170,1.04665637735629,1.15296246063344,0.0944504054953289
A4,SSEST,I,161,10,171,1.02145177053989,1.13542977128593,0.10224695199928
A4,SSEST,I,161,11,172,0.997852900502735,1.11798495573702,0.108558785927598
A4,SSEST,I,161,12,173,0.976006931269497,1.10066841090707,0.113227689830119
A4,SSEST,I,161,13,174,0.956047098776359,1.08351941591358,0.116195084172112
A4,SSEST,I,161,14,175,0.938092712963733,1.06657572996056,0.117357724214371
A4,SSEST,I,168,1,169,1.07330576267278,1.07627480522873,0.00224751112636784
A4,SSEST,I,168,2,170,1.04665637735629,1.05491345363395,0.00315592372526867
A4,SSEST,I,168,3,171,1.02145177053989,1.03397300416258,0.00460645208775348
A4,SSEST,I,168,4,172,0.997852900502735,1.01350373080978,0.00642205904557914
A4,SSEST,I,168,5,173,0.976006931269497,0.993550439968394,0.00800156499199494
A4,SSEST,I,168,6,174,0.956047098776359,0.974152232990283,0.0086327474543709
A4,SSEST,I,168,7,175,0.938092712963733,0.955342402933275,0.00798916173297508
A4,SSEST,I,168,8,176,0.922249266582213,0.937148454363683,0.00627191983390732
A4,SSEST,I,168,9,177,0.908608620655388,0.919592231901905,0.0040135503280923
A4,SSEST,I,168,10,178,0.897249236755849,0.902690141142911,0.00221326179977553
A4,SSEST,I,168,11,179,0.888236427489117,0.886453444591037,0.00177929815596493
A4,SSEST,I,168,12,180,0.881622598785737,0.870888615194437,0.00395395926866275
A4,SSEST,I,168,13,181,0.877447460689384,0.855997730783597,0.0129978206919378
A4,SSEST,I,168,14,182,0.875738187189561,0.841778894026953,0.0256687713587781
A4,SSEST,I,175,1,176,0.922249266582213,0.920329315630126,0.00180299259833214
A4,SSEST,I,175,2,177,0.908608620655388,0.902214921970468,0.00245812727672886
A4,SSEST,I,175,3,178,0.897249236755849,0.884839742993433,0.00491437048421244
A4,SSEST,I,175,4,179,0.888236427489117,0.868210705755123,0.0117158387654644
A4,SSEST,I,175,5,180,0.881622598785737,0.852329524739526,0.0211449799562163
A4,SSEST,I,175,6,181,0.877447460689384,0.837193230063126,0.0322471724958506
A4,SSEST,I,175,7,182,0.875738187189561,0.822794708240391,0.0450846820232722
A4,SSEST,I,175,8,183,0.876509510151597,0.809123240186487,0.0596543254162564
A4,SSEST,I,175,9,184,0.879763737397501,0.796165024004557,0.0760013669067642
A4,SSEST,I,175,10,185,0.885490690328758,0.783903672902571,0.0941028468327421
A4,SSEST,I,175,11,186,0.893667561987406,0.772320681184276,0.113983881445698
A4,SSEST,I,175,12,187,0.904258701950913,0.76139585357834,0.135600059822536
A4,SSEST,I,175,13,188,0.917215339775503,0.751107695164849,0.158953116303797
A4,SSEST,I,175,14,189,0.932475263671701,0.741433760814081,0.18397507149303
A4,SSEST,I,182,1,183,0.876509510151597,0.86923747027643,0.0027264510005525
A4,SSEST,I,182,2,184,0.879763737397501,0.857237863352239,0.0146112224651932
A4,SSEST,I,182,3,185,0.885490690328758,0.845765698659612,0.0319603294348468
A4,SSEST,I,182,4,186,0.893667561987406,0.834815389133637,0.0511489526599946
A4,SSEST,I,182,5,187,0.904258701950913,0.824379533910336,0.0723172997336959
A4,SSEST,I,182,6,188,0.917215339775503,0.814449155222899,0.0952555621472052
A4,SSEST,I,182,7,189,0.932475263671701,0.805013925104184,0.120082925803728
A4,SSEST,I,182,8,190,0.949962475553668,0.79606237948478,0.146563731705212
A4,SSEST,I,182,9,191,0.969586847401787,0.787582117979326,0.174791214836584
A4,SSEST,I,182,10,192,0.991243806884174,0.779559988271351,0.204504103271108
A4,SSEST,I,182,11,193,1.01481408228635,0.771982254534961,0.235765611211107
A4,SSEST,I,182,12,194,1.04016353791194,0.764834749770821,0.268289014599061
A4,SSEST,I,182,13,195,1.06714313118089,0.758103012288654,0.302104674229795
A4,SSEST,I,182,14,196,1.09558902163416,0.7517724068456,0.336901089685612
A4,SSEST,I,189,1,190,0.949962475553668,0.936577172226272,0.00540442669549049
A4,SSEST,I,189,2,191,0.969586847401787,0.928783271062887,0.0321454404345198
A4,SSEST,I,189,3,192,0.991243806884174,0.921213819499226,0.0614930877079932
A4,SSEST,I,189,4,193,1.01481408228635,0.913870557371907,0.0924295203934472
A4,SSEST,I,189,5,194,1.04016353791194,0.906754585710357,0.125013916668342
A4,SSEST,I,189,6,195,1.06714313118089,0.899866398662775,0.158898426506066
A4,SSEST,I,189,7,196,1.09558902163416,0.893205917468898,0.194120695739508
A4,SSEST,I,189,8,197,1.12532285995501,0.886772525927524,0.230299217059171
A4,SSEST,I,189,9,198,1.1561522819687,0.880565106847136,0.267448242823214
A4,SSEST,I,189,10,199,1.18787162844738,0.874582079012416,0.305157119811257
A4,SSEST,I,189,11,200,1.2202629065207,0.868821434246442,0.343417018460579
A4,SSEST,I,189,12,201,1.25309700269766,0.863280774196413,0.381794068933691
A4,SSEST,I,189,13,202,1.28613515109258,0.85795734651877,0.420259044387735
A4,SSEST,I,189,14,203,1.31913065359098,0.852848080186484,0.458362418466086
A4,SSEST,I,196,1,197,1.12532285995501,1.10698952870835,0.00790965659663938
A4,SSEST,I,196,2,198,1.1561522819687,1.10106452416,0.0442857834279427
A4,SSEST,I,196,3,199,1.18787162844738,1.09516190905294,0.0819464809281795
A4,SSEST,I,196,4,200,1.2202629065207,1.08928493571709,0.120292305010569
A4,SSEST,I,196,5,201,1.25309700269766,1.08343688261046,0.159019103881753
A4,SSEST,I,196,6,202,1.28613515109258,1.07762104177669,0.197943182459718
A4,SSEST,I,196,7,203,1.31913065359098,1.07184070635609,0.236768605626875
A4,SSEST,I,196,8,204,1.3518308415805,1.06609915823573,0.275273861532844
A4,SSEST,I,196,9,205,1.38397926171425,1.06039965592198,0.313175407100014
A4,SSEST,I,196,10,206,1.4153180611801,1.05474542271532,0.350226194571935
A4,SSEST,I,196,11,207,1.44559054133432,1.04913963526267,0.38616130203841
A4,SSEST,I,196,12,208,1.47454384252821,1.04358541255764,0.420721519739649
A4,SSEST,I,196,13,209,1.50193171770902,1.03808580545319,0.453668310587897
A4,SSEST,I,196,14,210,1.52751734808735,1.03264378674446,0.484744204566485
A4,SSEST,I,203,1,204,1.3518308415805,1.3332369823907,0.00704487845957642
A4,SSEST,I,203,2,205,1.38397926171425,1.32927814218737,0.0407832851104116
A4,SSEST,I,203,3,206,1.4153180611801,1.32536331453378,0.0759812317361508
A4,SSEST,I,203,4,207,1.44559054133432,1.32149163294666,0.110235205290116
A4,SSEST,I,203,5,208,1.47454384252821,1.31766224496455,0.142971174640352
A4,SSEST,I,203,6,209,1.50193171770902,1.31387431218625,0.174240099729958
A4,SSEST,I,203,7,210,1.52751734808735,1.31012701033836,0.203533541853682
A4,SSEST,I,203,8,211,1.55107615098467,1.30641952937363,0.230877735510693
A4,SSEST,I,203,9,212,1.57239852802776,1.30275107360216,0.255834731301482
A4,SSEST,I,203,10,213,1.59129250122879,1.29912086185789,0.278422901064134
A4,SSEST,I,203,11,214,1.60758618522636,1.29552812770306,0.298279704641785
A4,SSEST,I,203,12,215,1.62113004607299,1.2919721196741,0.315430743057203
A4,SSEST,I,203,13,216,1.63179890040021,1.28845210157291,0.329592933504356
A4,SSEST,I,203,14,217,1.63949361349869,1.28496735280834,0.340811717981946
A4,SSEST,I,210,1,211,1.55107615098467,1.53927725535966,0.0045805821264095
A4,SSEST,I,210,2,212,1.57239852802776,1.53928174626833,0.0159818301461406
A4,SSEST,I,210,3,213,1.59129250122879,1.53983946018824,0.0341828454328263
A4,SSEST,I,210,4,214,1.60758618522636,1.54098571460046,0.0493222299566721
A4,SSEST,I,210,5,215,1.62113004607299,1.54275937439558,0.0609361117837051
A4,SSEST,I,210,6,216,1.63179890040021,1.54520323124365,0.0691026882940137
A4,SSEST,I,210,7,217,1.63949361349869,1.54836440471034,0.0734480538285622
A4,SSEST,I,210,8,218,1.64414246069943,1.55229474978352,0.074049828878555
A4,SSEST,I,210,9,219,1.64570212328021,1.55705124173066,0.0706198982818283
A4,SSEST,I,210,10,220,1.64415829776442,1.56269628567095,0.0632448742518945
A4,SSEST,I,210,11,221,1.63952590571536,1.56929785761057,0.0517171290227743
A4,SSEST,I,210,12,222,1.63184889972795,1.57692931251419,0.0361388525978099
A4,SSEST,I,210,13,223,1.62119967003926,1.58566856771812,0.0164669018855027
A4,SSEST,I,210,14,224,1.60767806477234,1.59559613612062,0.00485693725389664
A4,SSEST,I,217,1,218,1.64414246069943,1.64716751548682,0.00351313249610049
A4,SSEST,I,217,2,219,1.64570212328021,1.65679912507072,0.00445331100497879
A4,SSEST,I,217,3,220,1.64415829776442,1.66760138803014,0.00886804477925733
A4,SSEST,I,217,4,221,1.63952590571536,1.67969658174335,0.0220750014644924
A4,SSEST,I,217,5,222,1.63184889972795,1.69321775331645,0.0429316005280816
A4,SSEST,I,217,6,223,1.62119967003926,1.70830619676114,0.0682525158186988
A4,SSEST,I,217,7,224,1.60767806477234,1.72510507175268,0.0981160601549543
A4,SSEST,I,217,8,225,1.59141004505287,1.74374520144007,0.132488309265948
A4,SSEST,I,217,9,226,1.57254600386394,1.76431456313659,0.171353235177836
A4,SSEST,I,217,10,227,1.55125878431978,1.78679222924046,0.214513639352386
A4,SSEST,I,217,11,228,1.52774143885977,1.81090098429593,0.261617687908872
A4,SSEST,I,217,12,229,1.50220477553552,1.83577917230725,0.311750253150784
A4,SSEST,I,217,13,230,1.47487474097027,1.85953923730294,0.363094583939542
A4,SSEST,I,217,14,231,1.44598969163355,1.8807597107104,0.413492011453026
A4,SSEST,I,224,1,225,1.59141004505287,1.60245195372944,0.00434052012157014
A4,SSEST,I,224,2,226,1.57254600386394,1.60664131130068,0.0171603918025501
A4,SSEST,I,224,3,227,1.55125878431978,1.61122390444614,0.0429019768729078
A4,SSEST,I,224,4,228,1.52774143885977,1.61615137911367,0.0711566389609673
A4,SSEST,I,224,5,229,1.50220477553552,1.62130984701471,0.101780798474561
A4,SSEST,I,224,6,230,1.47487474097027,1.62645435300762,0.134226217266207
A4,SSEST,I,224,7,231,1.44598969163355,1.63114996653148,0.168016725716157
A4,SSEST,I,224,8,232,1.41579760576024,1.63514177961493,0.202325263813209
A4,SSEST,I,224,9,233,1.38455328755885,1.63847929695208,0.237063229416021
A4,SSEST,I,224,10,234,1.35251561334646,1.64124669793113,0.271929420549429
A4,SSEST,I,224,11,235,1.3199448660054,1.64352262776632,0.306879338182161
A4,SSEST,I,224,12,236,1.2871001998011,1.64537613287956,0.341601116834853
A4,SSEST,I,224,13,237,1.25423727228529,1.64686688561642,0.376027126396488
A4,SSEST,I,224,14,238,1.22160607391179,1.64804632052984,0.409841598582621
A4,SSEST,I,231,1,232,1.41579760576024,1.42716124777641,0.00437472000048255
A4,SSEST,I,231,2,233,1.38455328755885,1.41860619172663,0.0192941862164091
A4,SSEST,I,231,3,234,1.35251561334646,1.41081404519857,0.0437060071078792
A4,SSEST,I,231,4,235,1.3199448660054,1.40367526262858,0.0692221674069284
A4,SSEST,I,231,5,236,1.2871001998011,1.3970951810985,0.0956134779032146
A4,SSEST,I,231,6,237,1.25423727228529,1.39099306859898,0.122436762136136
A4,SSEST,I,231,7,238,1.22160607391179,1.38530042299302,0.149475956863654
A4,SSEST,I,231,8,239,1.18944897931223,1.3799590527445,0.176341070592766
A4,SSEST,I,231,9,240,1.15799903712437,1.37491947563659,0.202834390131815
A4,SSEST,I,231,10,241,1.1274785080547,1.37013957853689,0.22861644791388
A4,SSEST,I,231,11,242,1.09809765370247,1.36558349247928,0.25351180818691
A4,SSEST,I,231,12,243,1.07005377178376,1.36122064611594,0.277229382689281
A4,SSEST,I,231,13,244,1.04353046696545,1.35702496768713,0.299618712809011
A4,SSEST,I,231,14,245,1.01869714072669,1.35297421081022,0.320434812924991
A4,SSEST,I,238,1,239,1.18944897931223,1.20235890228587,0.00478590729383484
A4,SSEST,I,238,2,240,1.15799903712437,1.19557632377627,0.0253975097776925
A4,SSEST,I,238,3,241,1.1274785080547,1.18916390061513,0.0495973469497797
A4,SSEST,I,238,4,242,1.09809765370247,1.18307446311798,0.0729430915977145
A4,SSEST,I,238,5,243,1.07005377178376,1.17726784489096,0.0952602062534945
A4,SSEST,I,238,6,244,1.04353046696545,1.17170980147799,0.116274380837923
A4,SSEST,I,238,7,245,1.01869714072669,1.16637110289297,0.135839767908216
A4,SSEST,I,238,8,246,0.995708678662191,1.16122677041933,0.153729123520267
A4,SSEST,I,238,9,247,0.974705309554556,1.15625543345721,0.169824814665897
A4,SSEST,I,238,10,248,0.955812607467806,1.15143878659939,0.183943512950401
A4,SSEST,I,238,11,249,0.939141606117094,1.146761130634,0.195994872164778
A4,SSEST,I,238,12,250,0.924788993882884,1.14220898400029,0.205836107214359
A4,SSEST,I,238,13,251,0.912837358062052,1.13777075349419,0.213402965753686
A4,SSEST,I,238,14,252,0.903355448251897,1.13343645490531,0.218589928832327
A4,SSEST,I,245,1,246,0.995708678662191,1.00488315227969,0.00346665110564451
A4,SSEST,I,245,2,247,0.974705309554556,1.0005180380252,0.0155050613063234
A4,SSEST,I,245,3,248,0.955812607467806,0.99632012008802,0.0302425129264081
A4,SSEST,I,245,4,249,0.939141606117094,0.992270213346347,0.0429113526738685
A4,SSEST,I,245,5,250,0.924788993882884,0.988351903089119,0.0533844601710963
A4,SSEST,I,245,6,251,0.912837358062052,0.984551129926429,0.0615797928243895
A4,SSEST,I,245,7,252,0.903355448251897,0.980855838447562,0.0674022811035553
A4,SSEST,I,245,8,253,0.896398431084497,0.97725567946227,0.0708009662390122
A4,SSEST,I,245,9,254,0.892008111778536,0.973741757422978,0.0717109710204748
A4,SSEST,I,245,10,255,0.890213102038943,0.970306415946547,0.0701102813241636
A4,SSEST,I,245,11,256,0.891028918575113,0.966943055543263,0.0659629412053489
A4,SSEST,I,245,12,257,0.894458001771371,0.963645978619057,0.0592745749449111
A4,SSEST,I,245,13,258,0.900489649660571,0.960410257580626,0.0500376327112715
A4,SSEST,I,245,14,259,0.909099868145179,0.957231622620379,0.0382849761583456
A4,SSEST,I,252,1,253,0.896398431084497,0.897471246254573,0.00177405207516361
A4,SSEST,I,252,2,254,0.892008111778536,0.89388535348719,0.00185616289035831
A4,SSEST,I,252,3,255,0.890213102038943,0.890380005783034,0.0016602389933018
A4,SSEST,I,252,4,256,0.891028918575113,0.88694786093344,0.00208823603556695
A4,SSEST,I,252,5,257,0.894458001771371,0.883582602635538,0.00396646963025908
A4,SSEST,I,252,6,258,0.900489649660571,0.880278789801498,0.011213821448227
A4,SSEST,I,252,7,259,0.909099868145179,0.877031728356612,0.0231012951015349
A4,SSEST,I,252,8,260,0.920251144197055,0.87383736216855,0.0374821505120965
A4,SSEST,I,252,9,261,0.933892154364197,0.870692180225763,0.0542976385126759
A4,SSEST,I,252,10,262,0.949957426141047,0.86759313763684,0.0734959063317827
A4,SSEST,I,252,11,263,0.968366974448647,0.864537588399063,0.0949895360256547
A4,SSEST,I,252,12,264,0.989025939465599,0.86152322820089,0.1186956952616
A4,SSEST,I,252,13,265,1.01182425521157,0.858548045795093,0.144497059536342
A4,SSEST,I,252,14,266,1.03663638049503,0.855610281704875,0.172278772708064
A4,SSEST,I,259,1,260,0.920251144197055,0.912277133213158,0.00300783151158452
A4,SSEST,I,259,2,261,0.933892154364197,0.909148459190843,0.0155092279793078
A4,SSEST,I,259,3,262,0.949957426141047,0.906067295443763,0.0346976968340078
A4,SSEST,I,259,4,263,0.968366974448647,0.903031033350278,0.056165487238522
A4,SSEST,I,259,5,264,0.989025939465599,0.900037391872265,0.0798582512597542
A4,SSEST,I,259,6,265,1.01182425521157,0.897084370628709,0.105631183958767
A4,SSEST,I,259,7,266,1.03663638049503,0.894170209899287,0.133395921273089
A4,SSEST,I,259,8,267,1.06332112500423,0.891293356533817,0.162978828252519
A4,SSEST,I,259,9,268,1.09172160338137,0.888452434922475,0.194257115008856
A4,SSEST,I,259,10,269,1.12166534904193,0.885646222281305,0.227028161928785
A4,SSEST,I,259,11,270,1.1529646172836,0.882873627634764,0.261135467424912
A4,SSEST,I,259,12,271,1.18541690390552,0.880133673977905,0.296348618622048
A4,SSEST,I,259,13,272,1.2188057011947,0.877425483171541,0.332479708985593
A4,SSEST,I,259,14,273,1.2529015078321,0.87474826320136,0.369273494439127
A4,SSEST,I,266,1,267,1.06332112500423,1.04741716065705,0.00625153865711289
A4,SSEST,I,266,2,268,1.09172160338137,1.04416718056486,0.0365447037673243
A4,SSEST,I,266,3,269,1.12166534904193,1.04096352377112,0.0697304574819446
A4,SSEST,I,266,4,270,1.1529646172836,1.03780497511538,0.104224055828046
A4,SSEST,I,266,5,271,1.18541690390552,1.0346904125593,0.139827882080825
A4,SSEST,I,266,6,272,1.2188057011947,1.03161879517822,0.176321651467746
A4,SSEST,I,266,7,273,1.2529015078321,1.02858915286193,0.213482821123942
A4,SSEST,I,266,8,274,1.28746310315571,1.02560057747836,0.251064399054557
A4,SSEST,I,266,9,275,1.32223908944989,1.02265221528903,0.288823297931046
A4,SSEST,I,266,10,276,1.35696969869133,1.01974326043546,0.326492686790214
A4,SSEST,I,266,11,277,1.39138885267405,1.01687294934211,0.363815597450677
A4,SSEST,I,266,12,278,1.42522645787431,1.01404055590401,0.400514116214111
A4,SSEST,I,266,13,279,1.45821090902455,1.01124538734539,0.436326129104553
A4,SSEST,I,266,14,280,1.49007176836835,1.00848678065258,0.470973021911302
A4,SSEST,I,273,1,274,1.28746310315571,1.26694489588238,0.00822174811287052
A4,SSEST,I,273,2,275,1.32223908944989,1.26176166657319,0.0469932250075982
A4,SSEST,I,273,3,276,1.35696969869133,1.25665578621882,0.086854713936256
A4,SSEST,I,273,4,277,1.39138885267405,1.25162576980003,0.126395077239165
A4,SSEST,I,273,5,278,1.42522645787431,1.24667018114748,0.165216276084192
A4,SSEST,I,273,6,279,1.45821090902455,1.2417876292539,0.203166231612598
A4,SSEST,I,273,7,280,1.49007176836835,1.2369767650445,0.239868364990863
A4,SSEST,I,273,8,281,1.520542581185,1.23223627854012,0.275155612221148
A4,SSEST,I,273,9,282,1.54936378260769,1.22756489635771,0.308680487117122
A4,SSEST,I,273,10,283,1.57628564620134,1.22296137950035,0.340275833446896
A4,SSEST,I,273,11,284,1.60107122137404,1.21842452139639,0.369631987759494
A4,SSEST,I,273,12,285,1.62349920459827,1.21395314615304,0.396596177695716
A4,SSEST,I,273,13,286,1.64336668870719,1.20954610699483,0.420905465020998
A4,SSEST,I,273,14,287,1.66049173525737,1.20520228486164,0.442434734795269
A4,SSEST,I,280,1,281,1.520542581185,1.50144697759452,0.00698241462840607
A4,SSEST,I,280,2,282,1.54936378260769,1.49410453307735,0.0390555013293173
A4,SSEST,I,280,3,283,1.57628564620134,1.48686828385496,0.0732346744103162
A4,SSEST,I,280,4,284,1.60107122137404,1.47973633244874,0.105291812643167
A4,SSEST,I,280,5,285,1.62349920459827,1.4727068259865,0.134776703687644
A4,SSEST,I,280,6,286,1.64336668870719,1.4657779544842,0.1617007050256
A4,SSEST,I,280,7,287,1.66049173525737,1.45894794926356,0.185688338434255
A4,SSEST,I,280,8,288,1.67471571712173,1.45221508148863,0.206762498903714
A4,SSEST,I,280,9,289,1.68590538205909,1.44557766080697,0.224626351586871
A4,SSEST,I,280,10,290,1.69395459292062,1.43903403408276,0.239327540623806
A4,SSEST,I,280,11,291,1.69878570627929,1.43258258421153,0.2506502069007
A4,SSEST,I,280,12,292,1.70035055844617,1.42622172900702,0.258676468329874
A4,SSEST,I,280,13,293,1.69863103587811,1.4199499201525,0.263271470898706
A4,SSEST,I,280,14,294,1.69363921566415,1.41376564220955,0.264557668643408
A4,SSEST,I,287,1,288,1.67471571712173,1.66382314868806,0.00444048262933589
A4,SSEST,I,287,2,289,1.68590538205909,1.65547538144093,0.0133018153621283
A4,SSEST,I,287,3,290,1.69395459292062,1.64723668722339,0.0289858020710108
A4,SSEST,I,287,4,291,1.69878570627929,1.63910530254407,0.0420826756443219
A4,SSEST,I,287,5,292,1.70035055844617,1.6310794995088,0.0517210248450577
A4,SSEST,I,287,6,293,1.69863103587811,1.62315758482645,0.0580490809447472
A4,SSEST,I,287,7,294,1.69363921566415,1.61533789886718,0.0609278055171005
A4,SSEST,I,287,8,295,1.68541707086717,1.60761881476779,0.0605426725330677
A4,SSEST,I,287,9,296,1.6740357447402,1.5999987375793,0.0568347817023509
A4,SSEST,I,287,10,297,1.65959440698018,1.59247610345299,0.0500271133724238
A4,SSEST,I,287,11,298,1.64221871397501,1.58504937886118,0.0401334326660454
A4,SSEST,I,287,12,299,1.62205890320497,1.57771705984994,0.027410815020253
A4,SSEST,I,287,13,300,1.59928755935892,1.57047767132087,0.0125674736694253
A4,SSEST,I,287,14,301,1.57409709612835,1.56332976633988,0.00422229542620095
A4,SSEST,I,294,1,295,1.68541707086717,1.68669956973647,0.00337597871311015
A4,SSEST,I,294,2,296,1.6740357447402,1.67945048779892,0.00382128033829241
A4,SSEST,I,294,3,297,1.65959440698018,1.67227419465763,0.00491502257405312
A4,SSEST,I,294,4,298,1.64221871397501,1.66516977942087,0.00868863275213904
A4,SSEST,I,294,5,299,1.62205890320497,1.65813634546897,0.0187733236262978
A4,SSEST,I,294,6,300,1.59928755935892,1.65117301012189,0.0346539931907262
A4,SSEST,I,294,7,301,1.57409709612835,1.64427890432534,0.0530246048155039
A4,SSEST,I,294,8,302,1.54669700289137,1.63745317235328,0.0736703001670488
A4,SSEST,I,294,9,303,1.5173109094711,1.63069497152502,0.0963708121470741
A4,SSEST,I,294,10,304,1.4861735247717,1.62400347193525,0.120886718649832
A4,SSEST,I,294,11,305,1.45352750631936,1.61737785619576,0.146978165106396
A4,SSEST,I,294,12,306,1.4196203175717,1.6108173191876,0.174393541922649
A4,SSEST,I,294,13,307,1.38470112835164,1.60432106782267,0.20288600283176
A4,SSEST,I,294,14,308,1.34901781099478,1.59788832081392,0.232204020003284
A4,SSEST,I,301,1,302,1.54669700289137,1.5579811559097,0.00440703247542247
A4,SSEST,I,301,2,303,1.5173109094711,1.55127667060422,0.0176420555220123
A4,SSEST,I,301,3,304,1.4861735247717,1.54464578445274,0.0422468788549787
A4,SSEST,I,301,4,305,1.45352750631936,1.53808749833083,0.0683808072600672
A4,SSEST,I,301,5,306,1.4196203175717,1.53160082977896,0.0958935180828318
A4,SSEST,I,301,6,307,1.38470112835164,1.52518481264179,0.124445040520909
A4,SSEST,I,301,7,308,1.34901781099478,1.51883849672137,0.153868900396879
A4,SSEST,I,301,8,309,1.31281408089058,1.51256094744294,0.18384505864405
A4,SSEST,I,301,9,310,1.27632682519514,1.50635124553235,0.214204810991801
A4,SSEST,I,301,10,311,1.2397836577668,1.50020848670422,0.244656380452813
A4,SSEST,I,301,11,312,1.2034007320129,1.49413178135991,0.27504070446505
A4,SSEST,I,301,12,313,1.1673808365351,1.48812025429481,0.305101045233522
A4,SSEST,I,301,13,314,1.131911791421,1.4821730444141,0.334697364919094
A4,SSEST,I,301,14,315,1.09716515595028,1.47628930445662,0.363612733590753
A4,SSEST,I,308,1,309,1.31281408089058,1.32917115118885,0.00600239126785555
A4,SSEST,I,308,2,310,1.27632682519514,1.32422511628836,0.0339840474854985
A4,SSEST,I,308,3,311,1.2397836577668,1.31934526714734,0.0657252374120421
A4,SSEST,I,308,4,312,1.2034007320129,1.31453054311112,0.0973249604966413
A4,SSEST,I,308,5,313,1.1673808365351,1.30977990424616,0.12866620608327
A4,SSEST,I,308,6,314,1.131911791421,1.30509233083434,0.159480767151502
A4,SSEST,I,308,7,315,1.09716515595028,1.30046682288516,0.189668819419228
A4,SSEST,I,308,8,316,1.06329525155106,1.29590239966473,0.219008581542467
A4,SSEST,I,308,9,317,1.03043849723047,1.29139809924041,0.247423577031529
A4,SSEST,I,308,10,318,0.99871304856474,1.28695297804025,0.274739053388452
A4,SSEST,I,308,11,319,0.968218725799696,1.28256611042625,0.300905235176676
A4,SSEST,I,308,12,320,0.939037211785664,1.2782365882808,0.325792967581223
A4,SSEST,I,308,13,321,0.911232496427786,1.27396352060548,0.349380002227355
A4,SSEST,I,308,14,322,0.88485154112303,1.26974603313176,0.371579567901446
A4,SSEST,I,315,1,316,1.06329525155106,1.07940899323755,0.0062890331225282
A4,SSEST,I,315,2,317,1.03043849723047,1.07704007078822,0.0352352593163347
A4,SSEST,I,315,3,318,0.99871304856474,1.07470161494757,0.0646499430131914
A4,SSEST,I,315,4,319,0.968218725799696,1.07239317713203,0.0928631335333846
A4,SSEST,I,315,5,320,0.939037211785664,1.07011431692431,0.119791713514869
A4,SSEST,I,315,6,321,0.911232496427786,1.06786460184518,0.145373167239668
A4,SSEST,I,315,7,322,0.88485154112303,1.06564360713936,0.169557571215984
A4,SSEST,I,315,8,323,0.859925134298608,1.06345091557391,0.192316938803224
A4,SSEST,I,315,9,324,0.836468907658617,1.06128611724771,0.213631554641427
A4,SSEST,I,315,10,325,0.814484482056953,1.05914880941083,0.233503564310538
A4,SSEST,I,315,11,326,0.793960711994814,1.0570385962928,0.251939235698773
A4,SSEST,I,315,12,327,0.774874998522355,1.05495508893881,0.268965606735757
A4,SSEST,I,315,13,328,0.757194641724101,1.05289790505319,0.284609968291199
A4,SSEST,I,315,14,329,0.740878205894322,1.05086666884935,0.298918634234437
A4,SSEST,I,322,1,323,0.859925134298608,0.872025016805963,0.00456341385644252
A4,SSEST,I,322,2,324,0.836468907658617,0.871225493684426,0.0255503383796378
A4,SSEST,I,322,3,325,0.814484482056953,0.870434417605941,0.0467350033443651
A4,SSEST,I,322,4,326,0.793960711994814,0.869651693214294,0.0665041052826515
A4,SSEST,I,322,5,327,0.774874998522355,0.868877227633561,0.084807873500798
A4,SSEST,I,322,6,328,0.757194641724101,0.868110930472837,0.101747785717764
A4,SSEST,I,322,7,329,0.740878205894322,0.867352713864197,0.117299647637999
A4,SSEST,I,322,8,330,0.72587687286279,0.866602492535777,0.13157463131084
A4,SSEST,I,322,9,331,0.712135761611693,0.865860183922845,0.144568116152372
A4,SSEST,I,322,10,332,0.699595195230141,0.865125708320903,0.156396295310334
A4,SSEST,I,322,11,333,0.688191899286525,0.864398989086115,0.167068512089228
A4,SSEST,I,322,12,334,0.677860118770424,0.863679952889818,0.17670173555426
A4,SSEST,I,322,13,335,0.668532643782675,0.862968530035742,0.185314306348735
A4,SSEST,I,322,14,336,0.660141737062666,0.862264654850661,0.193020362380551
A4,SSEST,I,329,1,330,0.72587687286279,0.732942222255682,0.0026607086027679
A4,SSEST,I,329,2,331,0.712135761611693,0.732291416795612,0.0124372391632731
A4,SSEST,I,329,3,332,0.699595195230141,0.731646451701501,0.0243215277737569
A4,SSEST,I,329,4,333,0.688191899286525,0.731007464611618,0.035111074397908
A4,SSEST,I,329,5,334,0.677860118770424,0.730374666471946,0.0448001895381657
A4,SSEST,I,329,6,335,0.668532643782675,0.72974837037272,0.0535247377576957
A4,SSEST,I,329,7,336,0.660141737062666,0.729129032891783,0.0612877551078936
A4,SSEST,I,329,8,337,0.652619959175408,0.7285173141691,0.0682194744291546
A4,SSEST,I,329,9,338,0.645900889688645,0.727914166818599,0.0743280344786362
A4,SSEST,I,329,10,339,0.639919744915631,0.727320970862457,0.0797360673395607
A4,SSEST,I,329,11,340,0.634613894757176,0.726739743949822,0.0844543934137628
A4,SSEST,I,329,12,341,0.629923282833409,0.726173459331288,0.0885973288255807
A4,SSEST,I,329,13,342,0.625790755447622,0.725626426243519,0.0921774551070468
A4,SSEST,I,329,14,343,0.62216230597695,0.725104476755143,0.0953011184797638
A4,SSEST,I,336,1,337,0.652619959175408,0.655803340303506,0.00161316751316034
A4,SSEST,I,336,2,338,0.645900889688645,0.654898218702536,0.00340041924784785
A4,SSEST,I,336,3,339,0.639919744915631,0.654011887830912,0.00725373991202359
A4,SSEST,I,336,4,340,0.634613894757176,0.653151648357075,0.0117182687521239
A4,SSEST,I,336,5,341,0.629923282833409,0.652328345381469,0.0155855739307358
A4,SSEST,I,336,6,342,0.625790755447622,0.65155510301355,0.0189623766803929
A4,SSEST,I,336,7,343,0.62216230597695,0.650844171744264,0.02187992177947
A4,SSEST,I,336,8,344,0.618987242050321,0.650204572362604,0.0244309460818903
A4,SSEST,I,336,9,345,0.616218283372411,0.649641781857333,0.0266365314450507
A4,SSEST,I,336,10,346,0.613811598307235,0.64915848254811,0.0285731537945496
A4,SSEST,I,336,11,347,0.61172678737402,0.648755413200409,0.0302533757709533
A4,SSEST,I,336,12,348,0.609926821660739,0.648432019008318,0.0317407973335844
A4,SSEST,I,336,13,349,0.6083779438577,0.648186895827087,0.033041990276921
A4,SSEST,I,336,14,350,0.607049539185223,0.648018085943214,0.0342101335164195
A4,SSEST,I,343,1,344,0.618987242050321,0.620156121713725,0.00130376289571698
A4,SSEST,I,343,2,345,0.616218283372411,0.619519242959182,0.00153859781966645
A4,SSEST,I,343,3,346,0.613811598307235,0.618971534728425,0.00197149474465976
A4,SSEST,I,343,4,347,0.61172678737402,0.618512934373666,0.00251320599710506
A4,SSEST,I,343,5,348,0.609926821660739,0.618142045247984,0.00307570191744864
A4,SSEST,I,343,6,349,0.6083779438577,0.617856641582103,0.00377923481190276
A4,SSEST,I,343,7,350,0.607049539185223,0.617653989090421,0.00453513174149115
A4,SSEST,I,343,8,351,0.605913982965154,0.617531051832033,0.00532554671644743
A4,SSEST,I,343,9,352,0.604946470993227,0.617484628453653,0.00618045211486876
A4,SSEST,I,343,10,353,0.604124838233415,0.617511443627032,0.00703186571850834
A4,SSEST,I,343,11,354,0.603429370698877,0.617608210310122,0.00782142731306718
A4,SSEST,I,343,12,355,0.602842614726408,0.617771672516602,0.00857290660289377
A4,SSEST,I,343,13,356,0.602349187208828,0.617998634755884,0.00928944178504478
A4,SSEST,I,343,14,357,0.601935589735858,0.618285982169544,0.00999010339054439
A4,SSEST,I,350,1,351,0.605913982965154,0.60640181816756,0.00118823420312422
A4,SSEST,I,350,2,352,0.604946470993227,0.606347870578699,0.00128924435742216
A4,SSEST,I,350,3,353,0.604124838233415,0.606369350849486,0.00138309343966906
A4,SSEST,I,350,4,354,0.603429370698877,0.606462748495122,0.00147056019831781
A4,SSEST,I,350,5,355,0.602842614726408,0.606624599177681,0.00155415922219834
A4,SSEST,I,350,6,356,0.602349187208828,0.606851514277442,0.00174425947684985
A4,SSEST,I,350,7,357,0.601935589735858,0.607140200733465,0.00197849325037272
A4,SSEST,I,350,8,358,0.601590029018961,0.607487474025113,0.00220951280044456
A4,SSEST,I,350,9,359,0.601302245447017,0.607890266251448,0.00243988742120342
A4,SSEST,I,350,10,360,0.6010633511424,0.608345630670466,0.00267143101081397
A4,SSEST,I,350,11,361,0.600865678463854,0.608850743663952,0.00298817398678043
A4,SSEST,I,350,12,362,0.600702639534245,0.609402904824068,0.00338450457981232
A4,SSEST,I,350,13,363,0.600568597056949,0.609999535670558,0.00378891656590074
A4,SSEST,I,350,14,364,0.600458746422175,0.610638177375046,0.00429193170365713
