Scenario,ScenarioName,Model,ExoMode,HorizonIdx,NumPoints,NumFiniteWIS,MeanWIS,MedianWIS,StdWIS,RMSE,MAE,MeanWISMedianComponent,MeanWISDispersionComponent,MeanWISUnderpredictionComponent,MeanWISOverpredictionComponent,MeanCoverage,MeanCalibrationBias,MeanAbsoluteCalibrationError,MeanIntervalWidth
A1,Seasonal Forcing,AR,None,1,44,44,1.4604912313202e-11,2.58697384501892e-13,5.59178011420822e-11,9.29125271676123e-11,2.59630372756448e-11,2.88478191951608e-12,2.59697642178803e-12,1.51231440389723e-13,8.97192253150813e-12,0.75,-0.0375,0.296022727272727,3.97101594031633e-11
A1,Seasonal Forcing,AR,None,2,44,44,1.4628023050712e-10,2.59450855861271e-12,5.72601441421294e-10,8.67476330192373e-10,2.40137170249742e-10,2.66819078055269e-11,2.258279577648e-11,1.02652061934891e-12,9.5989006305764e-11,0.693181818181818,-0.0943181818181818,0.328409090909091,3.46173539328925e-10
A1,Seasonal Forcing,AR,None,3,44,44,7.89009832917787e-10,1.44969850938518e-11,3.12553030805833e-09,4.48540942177824e-09,1.22626904842559e-09,1.36252116491732e-10,1.11182236116939e-10,3.75378347934061e-12,5.37821696829775e-10,0.647727272727273,-0.139772727272727,0.3625,1.69920777827081e-09
A1,Seasonal Forcing,AR,None,4,44,44,3.05776526492485e-09,5.84519910868448e-11,1.21476047156468e-08,1.68248194421488e-08,4.58200551995363e-09,5.09111724439292e-10,4.02924571120919e-10,1.95302763860251e-11,2.12619869297862e-09,0.630681818181818,-0.156818181818182,0.377272727272727,6.10818523475644e-09
A1,Seasonal Forcing,AR,None,5,44,44,9.57292875382279e-09,1.91831770221837e-10,3.81289033973551e-08,5.14162179778106e-08,1.40061572996185e-08,1.55623969995761e-09,1.1819304238748e-09,7.15207304154941e-11,6.76323789957488e-09,0.596590909090909,-0.190909090909091,0.401136363636364,1.78259013087161e-08
A1,Seasonal Forcing,AR,None,6,44,44,2.54888066948019e-08,5.4527811155225e-10,1.01731285789035e-07,1.34487435680302e-07,3.65549090240094e-08,4.06165655822326e-09,2.98227059366406e-09,2.07171361995966e-10,1.82377081809186e-08,0.568181818181818,-0.219318181818182,0.417045454545454,4.48199641926843e-08
A1,Seasonal Forcing,AR,None,7,44,44,6.04496206312159e-08,1.39999328734813e-09,2.41226076354114e-07,3.1336077762768e-07,8.5493494859292e-08,9.499277206588e-09,6.68980372331261e-09,5.4611939773999e-10,4.37144203035753e-08,0.545454545454545,-0.242045454545455,0.435795454545454,1.00370171671446e-07
A1,Seasonal Forcing,AR,None,8,44,44,1.30555971687525e-07,3.24126945838721e-09,5.2127443336549e-07,6.66099856258453e-07,1.82430085174631e-07,2.02700094638479e-08,1.36417668953483e-08,1.19969583425777e-09,9.54444994940708e-08,0.505681818181818,-0.281818181818182,0.458522727272727,2.04513108759887e-07
A1,Seasonal Forcing,AR,None,9,44,44,2.61073613679235e-07,7.07377716217354e-09,1.04141884202478e-06,1.31619490972425e-06,3.60318871148937e-07,4.00354301276596e-08,2.60211661195268e-08,2.49305698251651e-09,1.92523960449532e-07,0.477272727272727,-0.310227272727273,0.471022727272727,3.880970552144e-07
A1,Seasonal Forcing,AR,None,10,44,44,4.88943163782235e-07,1.44699430079973e-08,1.94503837002929e-06,2.42635871688972e-06,6.65359849706292e-07,7.3928872189588e-08,4.64340485866177e-08,5.24719028721026e-09,3.63333052718819e-07,0.465909090909091,-0.321590909090909,0.476136363636364,6.90772811785054e-07
A1,Seasonal Forcing,AR,None,11,44,44,8.66440477056216e-07,2.78525197152904e-08,3.43489252289154e-06,4.24423071431124e-06,1.16438424173233e-06,1.29376026859148e-07,7.87489389747991e-08,1.04002909449546e-08,6.47915220277314e-07,0.465909090909091,-0.321590909090909,0.476136363636364,1.16891535440364e-06
A1,Seasonal Forcing,AR,None,12,44,44,1.46408209762118e-06,5.05438147113679e-08,5.77814868866049e-06,7.1058562179459e-06,1.9556808340941e-06,2.172978704549e-07,1.28360604885077e-07,1.84041799202302e-08,1.10001944236097e-06,0.460227272727273,-0.327272727272727,0.48125,1.89374560541355e-06
A1,Seasonal Forcing,AR,None,13,44,44,2.37539352571294e-06,8.82254135704653e-08,9.32216302813065e-06,1.13766404190244e-05,3.15751203171611e-06,3.50834670190679e-07,1.9886003691303e-07,3.30370261209584e-08,1.79266179248827e-06,0.454545454545455,-0.332954545454546,0.484659090909091,2.93882589289226e-06
A1,Seasonal Forcing,AR,None,14,44,44,3.72427851440933e-06,1.48769837399199e-07,1.4515061412115e-05,1.75434728110782e-05,4.91137781967592e-06,5.45708646630657e-07,2.97739784468786e-07,6.04314481592852e-08,2.8203986351506e-06,0.403409090909091,-0.384090909090909,0.504545454545455,4.40584037298295e-06
A1,Seasonal Forcing,ARX,Both,1,44,44,3.15882452139871e-10,2.60354063616772e-10,3.25409857036852e-10,7.93484454575856e-10,6.13773923100166e-10,6.81971025666851e-11,1.0501757971935e-10,9.85987761695032e-11,4.40689936843327e-11,0.448863636363636,-0.338636363636364,0.485227272727273,1.40542396155251e-09
A1,Seasonal Forcing,ARX,Both,2,44,44,2.32646755391508e-09,1.80298462394547e-09,2.4850305474304e-09,5.58767571036456e-09,4.31419653789223e-09,4.79355170876915e-10,6.34552383940415e-10,8.04304127788762e-10,4.08255871308991e-10,0.397727272727273,-0.389772727272727,0.521590909090909,8.57834841923437e-09
A1,Seasonal Forcing,ARX,Both,3,44,44,9.80646953477074e-09,7.30284981129456e-09,1.05883974255999e-08,2.25919520609453e-08,1.73623104706498e-08,1.92914560784997e-09,2.26482989118033e-09,3.58013231967115e-09,2.03236171606929e-09,0.340909090909091,-0.446590909090909,0.561363636363636,3.1023639409958e-08
A1,Seasonal Forcing,ARX,Both,4,44,44,3.08936964471849e-08,2.35497773260546e-08,3.34361060837574e-08,6.80217295983322e-08,5.20858636448624e-08,5.78731818276249e-09,6.18610856665684e-09,1.17723165447093e-08,7.1479531530562e-09,0.323863636363636,-0.463636363636364,0.573295454545455,8.57277552828515e-08
A1,Seasonal Forcing,ARX,Both,5,44,44,8.07707374506308e-08,6.17733208918558e-08,8.74431317596984e-08,1.73527032977735e-07,1.33103013817819e-07,1.47892237575354e-08,1.422634711084e-08,3.17598819163126e-08,1.99952846659428e-08,0.306818181818182,-0.480681818181818,0.583522727272727,1.99409361611497e-07
A1,Seasonal Forcing,ARX,Both,6,44,44,1.85220071450113e-07,1.4025944926425e-07,2.00343684611545e-07,3.85845115717208e-07,2.95754698726397e-07,3.28616331918218e-08,2.91693177068401e-08,7.48260307519558e-08,4.83630897994958e-08,0.284090909090909,-0.503409090909091,0.597727272727273,4.11807412560457e-07
A1,Seasonal Forcing,ARX,Both,7,44,44,3.84458636104772e-07,2.91711032715525e-07,4.15534053019281e-07,7.82565106141043e-07,5.99149328844861e-07,6.6572147649429e-08,5.49854621041385e-08,1.58564063245429e-07,1.04336963105776e-07,0.261363636363636,-0.526136363636364,0.605681818181818,7.78829776706831e-07
A1,Seasonal Forcing,ARX,Both,8,44,44,7.40852715051193e-07,5.69366949450102e-07,8.0128206124672e-07,1.47700042197813e-06,1.12723006293058e-06,1.25247784770065e-07,9.6660545432049e-08,3.12332938128874e-07,2.06611446720205e-07,0.221590909090909,-0.565909090909091,0.63125,1.37334345414413e-06
A1,Seasonal Forcing,ARX,Both,9,44,44,1.34450141738534e-06,1.03642961774903e-06,1.45382789650481e-06,2.62227690817677e-06,1.99638707253218e-06,2.21820785836908e-07,1.60501772094276e-07,5.79258826315589e-07,3.82920033138569e-07,0.215909090909091,-0.571590909090909,0.635795454545455,2.28993127419414e-06
A1,Seasonal Forcing,ARX,Both,10,44,44,2.3154956490875e-06,1.73869312050595e-06,2.50517710808548e-06,4.43657339206497e-06,3.36788932066921e-06,3.74209924518801e-07,2.55260218935556e-07,1.01763190009276e-06,6.68393605540382e-07,0.204545454545455,-0.582954545454545,0.645454545454546,3.65245917193956e-06
A1,Seasonal Forcing,ARX,Both,11,44,44,3.8187849344389e-06,2.81312667834957e-06,4.13257847950529e-06,7.1999356325426e-06,5.45506939207054e-06,6.06118821341171e-07,3.91140868732679e-07,1.7051620917906e-06,1.11636315257445e-06,0.198863636363636,-0.588636363636364,0.65,5.60899395181896e-06
A1,Seasonal Forcing,ARX,Both,12,44,44,6.07512718046213e-06,4.36429923495956e-06,6.57930524472373e-06,1.12922488989648e-05,8.53902254037798e-06,9.4878028226422e-07,5.81337646653359e-07,2.74963376345191e-06,1.79537548809264e-06,0.193181818181818,-0.594318181818182,0.655113636363636,8.34441679283172e-06
A1,Seasonal Forcing,ARX,Both,13,44,44,9.36871115100292e-06,6.65763879444701e-06,1.01517247701574e-05,1.71830739902911e-05,1.29695370869724e-05,1.44105967633027e-06,8.38559737162277e-07,4.2960250137774e-06,2.79306672373297e-06,0.176136363636364,-0.611363636363636,0.663636363636364,1.20723725174739e-05
A1,Seasonal Forcing,ARX,Both,14,44,44,1.40514533530087e-05,9.95464727525961e-06,1.52466027054604e-05,2.5455337165596e-05,1.91691184304959e-05,2.12990204783288e-06,1.18347804694354e-06,6.51846098760917e-06,4.21961227062312e-06,0.176136363636364,-0.611363636363636,0.663636363636364,1.70620814639254e-05
A1,Seasonal Forcing,ARX,I,1,44,44,4.4646252859707e-05,3.14696254140989e-05,3.81592628367745e-05,0.000105774276357839,8.26154557157081e-05,9.17949507952313e-06,1.45314543156663e-05,5.94686703042018e-07,2.03406167614755e-05,0.522727272727273,-0.264772727272727,0.432954545454545,0.000229690327598454
A1,Seasonal Forcing,ARX,I,2,44,44,0.000144321469042814,8.04491976001045e-05,0.00014200961235838,0.00031708389948066,0.000247286755444606,2.74763061605118e-05,3.36068353544859e-05,2.08684884302664e-06,8.11514786847897e-05,0.460227272727273,-0.327272727272727,0.470454545454545,0.000511552444858553
A1,Seasonal Forcing,ARX,I,3,44,44,0.000302984449014273,0.000157876125262494,0.00031256789236134,0.000625811885030603,0.000489952525246935,5.44391694718817e-05,5.69256413705128e-05,5.6736270495622e-06,0.000185946011122317,0.4375,-0.35,0.478977272727273,0.000854222816119916
A1,Seasonal Forcing,ARX,I,4,44,44,0.000521959687913163,0.000254885838653211,0.00055193715552094,0.0010428257325689,0.000814543960571946,9.0504884507994e-05,8.44534902094671e-05,1.12083533180767e-05,0.000335792959877625,0.397727272727273,-0.389772727272727,0.5,0.00125114253414291
A1,Seasonal Forcing,ARX,I,5,44,44,0.000803326124416326,0.000372419033911061,0.000853777266847735,0.00157068794865371,0.0012259854997298,0.000136220611081089,0.000115292982702696,2.03803339067333e-05,0.000531432196725807,0.380681818181818,-0.406818181818182,0.513068181818182,0.00169524001457482
A1,Seasonal Forcing,ARX,I,6,44,44,0.0011538585110567,0.000523124372095505,0.0012195915204467,0.00219726172250703,0.0017188780248241,0.000190986447202678,0.000149338641470075,3.01568391146274e-05,0.000783376583269319,0.340909090909091,-0.446590909090909,0.538636363636364,0.00219448668197489
A1,Seasonal Forcing,ARX,I,7,44,44,0.00156933542111624,0.000711201734267165,0.00165361920456889,0.00292302584581092,0.00228451500356737,0.000253835000396374,0.000185965441364035,4.4805775070619e-05,0.00108472920428521,0.329545454545455,-0.457954545454546,0.542045454545455,0.00272736348363867
A1,Seasonal Forcing,ARX,I,8,44,44,0.00205881690192071,0.000938094891603472,0.00215057323148295,0.00377628054157031,0.00296839243562066,0.000329821381735629,0.00022506067761826,6.30345095698139e-05,0.001440900332997,0.3125,-0.475,0.555681818181818,0.00329601959318199
A1,Seasonal Forcing,ARX,I,9,44,44,0.00262528282365534,0.00127085171506943,0.00271565250438446,0.00472430843098947,0.00372774766915169,0.000414194185461299,0.000266956096435162,8.5266838621157e-05,0.00185886570313772,0.272727272727273,-0.514772727272727,0.585795454545455,0.00390027822941593
A1,Seasonal Forcing,ARX,I,10,44,44,0.00326513142620918,0.00160552357917152,0.00335036582632635,0.00579713399623917,0.00458337615490961,0.000509264017212178,0.000310971172915611,0.000111762526474919,0.00233313370960647,0.255681818181818,-0.531818181818182,0.597727272727273,0.00453803920377549
A1,Seasonal Forcing,ARX,I,11,44,44,0.00398942288109235,0.00199972233522373,0.00405485236788807,0.00698917245461964,0.00553770486927968,0.000615300541031075,0.000356024126725809,0.000144761105381551,0.00287333710795392,0.238636363636364,-0.548863636363636,0.613068181818182,0.00520428385471589
A1,Seasonal Forcing,ARX,I,12,44,44,0.00479470946625817,0.00246596253785091,0.00482203094224159,0.00826534554629828,0.00657105545902688,0.000730117273225209,0.000399320366877976,0.000186966556042981,0.003478305270112,0.227272727272727,-0.560227272727273,0.622159090909091,0.00586968984503881
A1,Seasonal Forcing,ARX,I,13,44,44,0.00568092111992587,0.00300675211014251,0.00565220497454605,0.00964863828948846,0.00768951722888568,0.00085439080320952,0.000446608913878038,0.000235569154219563,0.00414435224861875,0.198863636363636,-0.588636363636364,0.639772727272727,0.0065682728657333
A1,Seasonal Forcing,ARX,I,14,44,44,0.00665562654603807,0.00367021491399258,0.00654626984010174,0.0111515073813361,0.00890082394479804,0.000988980438310893,0.000496256328580992,0.000292792289635213,0.00487759748951097,0.1875,-0.6,0.65,0.00729679227999135
A1,Seasonal Forcing,ARX,S,1,44,44,3.19439510883944e-10,2.5124105080327e-10,3.11252926822334e-10,8.34948582565996e-10,6.47333573108614e-10,7.19259525676237e-11,1.02771376552e-10,1.02383495060203e-10,4.23586867041172e-11,0.431818181818182,-0.355681818181818,0.497727272727273,1.36204817626571e-09
A1,Seasonal Forcing,ARX,S,2,44,44,2.36721236871832e-09,1.84654002397286e-09,2.38525170601129e-09,5.83251401279906e-09,4.496179050285e-09,4.99575450031666e-10,6.17211786001369e-10,8.84667509843233e-10,3.65757622842054e-10,0.380681818181818,-0.406818181818182,0.534090909090909,8.29806728759723e-09
A1,Seasonal Forcing,ARX,S,3,44,44,1.0062603828778e-08,7.7708180877699e-09,1.02665688069369e-08,2.35545171589262e-08,1.82210446150491e-08,2.02456051278323e-09,2.19213423538618e-09,4.12860437139747e-09,1.71730470921113e-09,0.3125,-0.475,0.575,2.98871965074226e-08
A1,Seasonal Forcing,ARX,S,4,44,44,3.17136271865103e-08,2.37159318572377e-08,3.25362348121876e-08,7.05897286083092e-08,5.4578990753663e-08,6.06433230596256e-09,5.95771156935426e-09,1.38717709967471e-08,5.81981231444641e-09,0.278409090909091,-0.509090909090909,0.597727272727273,8.23865460922169e-08
A1,Seasonal Forcing,ARX,S,5,44,44,8.30763983233923e-08,6.26082672785768e-08,8.51112665570681e-08,1.78504274891751e-07,1.37969728409747e-07,1.53299698233052e-08,1.38104044266024e-08,3.80007436213983e-08,1.59352804520864e-08,0.261363636363636,-0.526136363636364,0.604545454545455,1.92380762142013e-07
A1,Seasonal Forcing,ARX,S,6,44,44,1.90761916691982e-07,1.4536003051297e-07,1.95221826041779e-07,3.97730038304716e-07,3.06464066268159e-07,3.40515629186843e-08,2.83316762597966e-08,9.0344401274343e-08,3.80342762391583e-08,0.232954545454545,-0.554545454545455,0.627272727272727,3.97401253332793e-07
A1,Seasonal Forcing,ARX,S,7,44,44,3.97748605742213e-07,3.04538919555632e-07,4.05586957624345e-07,8.03409721853961e-07,6.19684107131737e-07,6.88537896813041e-08,5.31765282896981e-08,1.93914559939748e-07,8.18037278314627e-08,0.221590909090909,-0.565909090909091,0.635795454545455,7.50314780102987e-07
A1,Seasonal Forcing,ARX,S,8,44,44,7.67833405583703e-07,5.99388775494715e-07,7.79324014250334e-07,1.5021953311249e-06,1.15881026476295e-06,1.28756696084773e-07,9.30744425780135e-08,3.83030556720438e-07,1.62971710200479e-07,0.204545454545455,-0.582954545454545,0.648295454545455,1.32043208413651e-06
A1,Seasonal Forcing,ARX,S,9,44,44,1.39249395045899e-06,1.10632542568496e-06,1.40635020665915e-06,2.65774922916025e-06,2.04902567008114e-06,2.27669518897904e-07,1.55124189159797e-07,7.06379988260984e-07,3.03320254140305e-07,0.1875,-0.6,0.661931818181818,2.2051752932869e-06
A1,Seasonal Forcing,ARX,S,10,44,44,2.39857941028669e-06,1.99468813010775e-06,2.41410008556396e-06,4.47712234827034e-06,3.4549499487421e-06,3.83883327638011e-07,2.47036071114032e-07,1.23485003408388e-06,5.32809977450769e-07,0.176136363636364,-0.611363636363636,0.667045454545455,3.5148212206602e-06
A1,Seasonal Forcing,ARX,S,11,44,44,3.96258721053128e-06,3.49516093104531e-06,3.97427736372579e-06,7.23463223835989e-06,5.58983380864868e-06,6.21092645405409e-07,3.78007029903197e-07,2.06755618820277e-06,8.95931347019903e-07,0.176136363636364,-0.611363636363636,0.667045454545455,5.3871869762861e-06
A1,Seasonal Forcing,ARX,S,12,44,44,6.3078047025896e-06,5.8165695403567e-06,6.31246644749345e-06,1.13204166678437e-05,8.74088777158555e-06,9.71209752398394e-07,5.59902904596029e-07,3.33253203333501e-06,1.44416001226017e-06,0.170454545454545,-0.617045454545455,0.671590909090909,7.99699974843746e-06
A1,Seasonal Forcing,ARX,S,13,44,44,9.71658693445276e-06,8.88578654549462e-06,9.72476752462957e-06,1.72074735108281e-05,1.32729508487795e-05,1.47477231653106e-06,8.04236667519082e-07,5.18861467359145e-06,2.24896327681116e-06,0.170454545454545,-0.617045454545455,0.671590909090909,1.15362178292825e-05
A1,Seasonal Forcing,ARX,S,14,44,44,1.45622962298795e-05,1.28884457296483e-05,1.45943463991223e-05,2.54633685381898e-05,1.9586042297873e-05,2.17622692198589e-06,1.13187240119409e-06,7.84491576754973e-06,3.40928113914979e-06,0.159090909090909,-0.628409090909091,0.676704545454546,1.62599807050659e-05
A1,Seasonal Forcing,N4SID,Both,1,44,44,3.87473661311157e-05,2.88299791410503e-05,2.97879701219644e-05,9.88425646363324e-05,7.96929109492074e-05,8.85476788324526e-06,1.29787945657675e-05,3.5229292790627e-06,1.33908744030402e-05,0.488636363636364,-0.298863636363636,0.451136363636364,0.000171401315056316
A1,Seasonal Forcing,N4SID,Both,2,44,44,0.0024497644716796,0.000104738758164581,0.00789523373506815,0.00818394460985666,0.00253454662096852,0.000281616291218724,2.06130982482344e-05,2.07898303373216e-05,0.00212674525187532,0.386363636363636,-0.401136363636364,0.521022727272727,0.000293024634334715
A1,Seasonal Forcing,N4SID,Both,3,44,44,0.00477791936320397,0.000228779720888544,0.0153640701532576,0.0159273405170241,0.00490615350483934,0.000545128167204371,3.01464628131704e-05,4.78643458862923e-05,0.00415478038730014,0.301136363636364,-0.486363636363636,0.571022727272727,0.000431482273287506
A1,Seasonal Forcing,N4SID,Both,4,44,44,0.00702318728892613,0.000408791166168505,0.0223739140062268,0.0232139087034383,0.00719861587642335,0.000799846208491484,4.05367517912365e-05,8.59278955405628e-05,0.00609687643310285,0.232954545454545,-0.554545454545455,0.619886363636364,0.000585346985162668
A1,Seasonal Forcing,N4SID,Both,5,44,44,0.00917296475929827,0.00064643394063433,0.0289185843439007,0.0300345508282229,0.00941323513600288,0.00104591501511143,5.30478430725315e-05,0.000129362414294198,0.0079446394868201,0.210227272727273,-0.577272727272727,0.644318181818182,0.00076517424966845
A1,Seasonal Forcing,N4SID,Both,6,44,44,0.0112330939984167,0.000906484987485669,0.0349881234688852,0.0363812848191855,0.0115381499887751,0.00128201666541945,6.67612260184824e-05,0.000184463104520429,0.00969985300245829,0.176136363636364,-0.611363636363636,0.671022727272727,0.000958524446878415
A1,Seasonal Forcing,N4SID,Both,7,44,44,0.0132068092314851,0.00123685009555196,0.0405723905476712,0.0422463540813433,0.0135823517200392,0.00150915019111546,8.07537805233169e-05,0.000250515586832903,0.0113663896730134,0.147727272727273,-0.639772727272727,0.689204545454546,0.00115745040507978
A1,Seasonal Forcing,N4SID,Both,8,44,44,0.0150916528433433,0.00160331272258041,0.0456825294925509,0.0476406514149606,0.0155435024094944,0.00172705582327715,9.56292020884299e-05,0.000328356010641688,0.012940611807336,0.119318181818182,-0.668181818181818,0.701704545454545,0.00137226946687918
A1,Seasonal Forcing,N4SID,Both,9,44,44,0.0169154736611741,0.00201038745110893,0.0503992085184483,0.0526488514137628,0.0174502199109074,0.00193891332343416,0.000110315924402243,0.000421402161866503,0.0144448422514712,0.119318181818182,-0.668181818181818,0.706818181818182,0.00159375889768214
A1,Seasonal Forcing,N4SID,Both,10,44,44,0.018706728001241,0.00246347678119041,0.0548169747706213,0.0573690140312573,0.0193257283221849,0.00214730314690943,0.000126748788397195,0.00052517706106647,0.0159074990048679,0.113636363636364,-0.673863636363636,0.711931818181818,0.0018375155229759
A1,Seasonal Forcing,N4SID,Both,11,44,44,0.0204869104459529,0.00295560712595742,0.059021485122084,0.0618892115957821,0.0211896118159557,0.00235440131288397,0.000143984144074933,0.000641587532095368,0.0173469374568986,0.102272727272727,-0.685227272727273,0.720454545454545,0.00208873677154524
A1,Seasonal Forcing,N4SID,Both,12,44,44,0.0222827503566042,0.00342653712274573,0.063085098556592,0.066286859903872,0.0230840954819769,0.00256489949799743,0.000161283672724597,0.000770380176721557,0.0187861870091607,0.0909090909090909,-0.696590909090909,0.723295454545454,0.00234749275465351
A1,Seasonal Forcing,N4SID,Both,13,44,44,0.0241182982732201,0.00400306835247485,0.0670721670983408,0.0706303757851681,0.0250165869951554,0.00277962077723949,0.000178655339457,0.000915965573110519,0.0202440565834131,0.102272727272727,-0.685227272727273,0.713636363636364,0.0026074814919911
A1,Seasonal Forcing,N4SID,Both,14,44,44,0.0260023936015457,0.00462062645636423,0.071043930537753,0.0749794976846183,0.0269991049624375,0.00299990055138194,0.000196238818053206,0.00107382780485887,0.0217324264272517,0.0852272727272727,-0.702272727272727,0.723295454545455,0.00287606078637109
A1,Seasonal Forcing,N4SID,I,1,44,44,9.79976336421568e-06,1.36361793541385e-07,5.95683977729472e-05,8.12374105498287e-05,1.32725767568075e-05,1.47473075075639e-06,7.49113838253695e-07,1.93891209300705e-07,7.38202756590489e-06,0.573863636363636,-0.213636363636364,0.359659090909091,1.98727398927408e-05
A1,Seasonal Forcing,N4SID,I,2,44,44,0.000281497967859729,1.06610855491894e-06,0.00161026907101338,0.00163607328119425,0.000291741438138245,3.24157153486939e-05,3.70863066520068e-06,0.000214099398139938,3.12742237058965e-05,0.573863636363636,-0.213636363636364,0.373863636363636,8.9027000326756e-05
A1,Seasonal Forcing,N4SID,I,3,44,44,0.00058805100159297,3.25740554004694e-06,0.00323204647336952,0.00329695668816388,0.000608253765076177,6.75837516751308e-05,1.11158126096638e-05,0.00042637175440748,8.2979682900696e-05,0.602272727272727,-0.185227272727273,0.360227272727273,0.000258045759500856
A1,Seasonal Forcing,N4SID,I,4,44,44,0.000945648849137149,8.11061011679079e-06,0.00488776169360233,0.00503828003740142,0.000983205694522028,0.000109245077169114,2.73558146250977e-05,0.000633185174870174,0.000175862782472762,0.625,-0.1625,0.356818181818182,0.000628137954039429
A1,Seasonal Forcing,N4SID,I,5,44,44,0.00137862928516021,1.76393640682177e-05,0.00664213441728185,0.00696489683083926,0.00144110538024675,0.000160122820027416,5.85810068044145e-05,0.000829496561324101,0.000330428897004277,0.642045454545455,-0.145454545454546,0.353409090909091,0.00133719295882431
A1,Seasonal Forcing,N4SID,I,6,44,44,0.00191374215063042,2.70881957134261e-05,0.0086369404415018,0.00927197049808281,0.00201298879133999,0.000223665421259999,0.000113819016499923,0.00100975276034189,0.000566504952528607,0.647727272727273,-0.139772727272727,0.35,0.0025659127143241
A1,Seasonal Forcing,N4SID,I,7,44,44,0.00258627054480799,3.95272834137761e-05,0.0111034481906842,0.0122322570411265,0.00272128684185519,0.000302365204650577,0.000207800223277699,0.00116884116115247,0.00090726395572724,0.647727272727273,-0.139772727272727,0.35,0.0046012844740795
A1,Seasonal Forcing,N4SID,I,8,44,44,0.00343782513572163,6.41553848354089e-05,0.014349955152151,0.0161754779828153,0.00361409814267643,0.000401566460297381,0.000355166502909181,0.00130162182973468,0.00137947034278039,0.647727272727273,-0.139772727272727,0.35,0.00772990336885991
A1,Seasonal Forcing,N4SID,I,9,44,44,0.00451286971014887,0.000106407666032556,0.0186784521840799,0.0213858091717407,0.00471633618079156,0.000524037353421284,0.000580399996121275,0.00140462472552846,0.00200380763507785,0.659090909090909,-0.128409090909091,0.35,0.0123218027403951
A1,Seasonal Forcing,N4SID,I,10,44,44,0.00584523544995841,0.000163607188333817,0.0242926930047005,0.0280939479318487,0.00608801953701746,0.000676446615224163,0.000906449580592646,0.00147516951320494,0.00278716974093666,0.664772727272727,-0.122727272727273,0.346590909090909,0.0187285469227311
A1,Seasonal Forcing,N4SID,I,11,44,44,0.00746192814890432,0.000253772172311716,0.0312673915218648,0.0365655503805383,0.00776122705603404,0.00086235856178156,0.00135948502004941,0.00151253429319763,0.00372755027387572,0.659090909090909,-0.128409090909091,0.346590909090909,0.0273387337076931
A1,Seasonal Forcing,N4SID,I,12,44,44,0.00942076735159104,0.000379882269770278,0.0397086926584231,0.0466632906253424,0.00979003995381081,0.00108778221709009,0.00197566207362883,0.00151892544699369,0.00483839761387843,0.670454545454545,-0.117045454545455,0.343181818181818,0.0387415437116023
A1,Seasonal Forcing,N4SID,I,13,44,44,0.0117250327971881,0.000548006666282315,0.0495034268116805,0.0581202563269622,0.0120937299956649,0.0013437477772961,0.00277102382270733,0.0015022676781972,0.00610799351898745,0.664772727272727,-0.122727272727273,0.343181818181818,0.0536951613826303
A1,Seasonal Forcing,N4SID,I,14,44,44,0.0144707475916438,0.000772296684827659,0.0605802292007608,0.0707588720367545,0.0147348892736133,0.00163720991929036,0.00383718992550434,0.00146957969005991,0.00752676805678922,0.681818181818182,-0.105681818181818,0.343181818181818,0.0744092510295299
A1,Seasonal Forcing,N4SID,None,1,44,44,3.81228138799091e-05,1.70739548566032e-05,5.25726126640239e-05,0.000113597817387585,6.91923854551458e-05,7.68804282834954e-06,8.74278792910359e-06,1.17899396614295e-06,2.0512989156313e-05,0.511363636363636,-0.276136363636364,0.449431818181818,0.000120523537643326
A1,Seasonal Forcing,N4SID,None,2,44,44,0.000129039649183715,5.67076522248627e-05,0.000183753690165578,0.0003366841288732,0.000208851088437295,2.32056764930328e-05,2.00532485751127e-05,5.37600406329093e-06,8.04047200522784e-05,0.426136363636364,-0.361363636363636,0.496590909090909,0.000284532380173531
A1,Seasonal Forcing,N4SID,None,3,44,44,0.000277880428348101,0.000102126941836824,0.000398095088542104,0.00067257498804439,0.000417703113233969,4.64114570259966e-05,3.41677087319001e-05,1.34697832284708e-05,0.000183831479361734,0.386363636363636,-0.401136363636364,0.522727272727273,0.000492210317126792
A1,Seasonal Forcing,N4SID,None,4,44,44,0.000488319497265545,0.000175900492323841,0.000694930282258616,0.00111671004012801,0.000698294188366755,7.75882431518617e-05,5.04203407955554e-05,2.57056991711412e-05,0.000334605214146987,0.363636363636364,-0.423863636363636,0.5375,0.00074235680279565
A1,Seasonal Forcing,N4SID,None,5,44,44,0.000763717521342866,0.00027609321631564,0.00107275811393419,0.00166664451049684,0.00104956694467555,0.000116618549408394,6.98211248172283e-05,4.28030366380891e-05,0.000534474810479154,0.352272727272727,-0.435227272727273,0.549431818181818,0.00104763020986617
A1,Seasonal Forcing,N4SID,None,6,44,44,0.00110236951548899,0.000414386643227122,0.00152940125861808,0.00232969649823538,0.00147334191427732,0.000163704657141924,9.26563286320349e-05,6.31624184808497e-05,0.000782846111234176,0.335227272727273,-0.452272727272727,0.559090909090909,0.0014224180374627
A1,Seasonal Forcing,N4SID,None,7,44,44,0.00151155714974731,0.000587235818140506,0.00207246303481243,0.00311592725960555,0.00197560780365734,0.000219511978184149,0.000118771672086772,8.86197747789976e-05,0.00108465372469739,0.3125,-0.475,0.567045454545455,0.00187369161175579
A1,Seasonal Forcing,N4SID,None,8,44,44,0.00199353099304397,0.000836324041217567,0.0027039527842687,0.0040237726183382,0.00255701622626201,0.000284112914029112,0.000149481598488359,0.000116975772549449,0.00144296070797704,0.295454545454545,-0.492045454545455,0.583522727272727,0.00242152375956477
A1,Seasonal Forcing,N4SID,None,9,44,44,0.00255060118958844,0.00114133950439592,0.0034183586842996,0.00504099184616872,0.00320969096029123,0.000356632328921248,0.000185897383085263,0.000149866945477199,0.00185820453210473,0.289772727272727,-0.497727272727273,0.588636363636364,0.00309563854447553
A1,Seasonal Forcing,N4SID,None,10,44,44,0.00318535236566898,0.00146817140984327,0.00421657340744348,0.00617092860522279,0.00393941549622363,0.000437712832913736,0.000229728866132511,0.000185919065133285,0.00233199160148945,0.295454545454545,-0.492045454545455,0.588636363636364,0.00393294623970371
A1,Seasonal Forcing,N4SID,None,11,44,44,0.00389553685547934,0.00188331741530254,0.00509326700344393,0.00742054841950007,0.00475579129131665,0.000528421254590739,0.000283868895624963,0.000225665331054842,0.0028575813742088,0.295454545454545,-0.492045454545455,0.588636363636364,0.00498436685566279
A1,Seasonal Forcing,N4SID,None,12,44,44,0.0046875027614598,0.00240328477520541,0.00605041217896349,0.0087948450349258,0.00565213279442265,0.00062801475493585,0.000349005207875429,0.000268187859472168,0.00344229493917635,0.289772727272727,-0.497727272727273,0.592045454545454,0.00627731946829672
A1,Seasonal Forcing,N4SID,None,13,44,44,0.00557478413624944,0.002924327278507,0.0070927874621103,0.0102865333047086,0.00663977501246872,0.000737752779163191,0.000427054389433698,0.000316650091221267,0.00409332687643128,0.284090909090909,-0.503409090909091,0.592045454545454,0.00786233169430027
A1,Seasonal Forcing,N4SID,None,14,44,44,0.00655467024302415,0.00350378398052147,0.00821551567230014,0.011905556231779,0.00771461296581944,0.000857179218424382,0.000525570215220145,0.000369634043870794,0.00480228676550883,0.272727272727273,-0.514772727272727,0.601136363636364,0.0098497443026527
A1,Seasonal Forcing,N4SID,S,1,44,44,0.000142171595549005,9.24701320660402e-05,0.000122224615214538,0.000381543628119353,0.000311390016371137,3.45988907079041e-05,3.24653884302629e-05,0,7.51073164108377e-05,0.414772727272727,-0.372727272727273,0.510227272727273,0.000444216551126938
A1,Seasonal Forcing,N4SID,S,2,44,44,0.000369935768185137,0.000189227686813881,0.000361418801714354,0.000815161938499442,0.000640451364288013,7.11612626986681e-05,5.64767237631349e-05,7.4397949663982e-08,0.00024222338377367,0.375,-0.4125,0.5375,0.000778448266907269
A1,Seasonal Forcing,N4SID,S,3,44,44,0.000713570751637292,0.00036790833380833,0.000697279230218568,0.00141937551310592,0.0011041414533856,0.000122682383709512,8.33083479427903e-05,4.36623135875514e-07,0.000507143396849115,0.323863636363636,-0.463636363636364,0.565909090909091,0.00116384152689315
A1,Seasonal Forcing,N4SID,S,4,44,44,0.00115614079306266,0.000595692881474043,0.00113236725158473,0.00219931956087679,0.00170632559014899,0.000189591732238777,0.00011468019529133,5.69547108362189e-07,0.000851299318424189,0.289772727272727,-0.497727272727273,0.589772727272727,0.00160810057696113
A1,Seasonal Forcing,N4SID,S,5,44,44,0.00171422449902011,0.000959480265768178,0.00166979693094416,0.00313326932104606,0.00242847756548785,0.000269830840609761,0.000149020829742669,4.20203057690605e-07,0.00129495262560999,0.25,-0.5375,0.621022727272727,0.00209697596277665
A1,Seasonal Forcing,N4SID,S,6,44,44,0.00237582952712678,0.00130013176806582,0.00230462352921147,0.00425422393415201,0.00330910035608454,0.000367677817342727,0.000187282129492854,5.36289403996193e-08,0.0018208159513508,0.244318181818182,-0.543181818181818,0.622727272727273,0.00264808685302315
A1,Seasonal Forcing,N4SID,S,7,44,44,0.00316973624483348,0.00178206180422619,0.00305330528340863,0.00553761251403097,0.00431726410909302,0.000479696012121447,0.000225919527529547,0,0.00246412070518248,0.227272727272727,-0.560227272727273,0.630681818181818,0.00319788226761755
A1,Seasonal Forcing,N4SID,S,8,44,44,0.00408227750642349,0.00234690945216672,0.00388494384776161,0.00697670207068306,0.00546468255565655,0.000607186950628505,0.000265593023416134,0,0.00320949753237885,0.198863636363636,-0.588636363636364,0.640909090909091,0.00380248473994912
A1,Seasonal Forcing,N4SID,S,9,44,44,0.0051236591506023,0.00304602581805696,0.00483530466879395,0.00860228602465371,0.00674810019741517,0.000749788910823908,0.00030787441301577,0,0.00406599582676262,0.181818181818182,-0.605681818181818,0.653977272727273,0.00443135373857246
A1,Seasonal Forcing,N4SID,S,10,44,44,0.00628498463032088,0.00381775575742163,0.00588090433728629,0.0103849313189819,0.00816289853572112,0.000906988726191235,0.000353617963052009,0,0.00502437794107763,0.176136363636364,-0.611363636363636,0.658522727272727,0.00510107467502054
A1,Seasonal Forcing,N4SID,S,11,44,44,0.00758634651330694,0.00472545666393769,0.0070197929706426,0.0123405156077041,0.00972798385035962,0.0010808870944844,0.00039886582095136,0,0.00610659359787117,0.164772727272727,-0.622727272727273,0.666477272727273,0.00577649571528848
A1,Seasonal Forcing,N4SID,S,12,44,44,0.00899487121460099,0.00575787645549802,0.00824530263397388,0.0144294635135707,0.0114093608766354,0.00126770676407061,0.000447592072238171,0,0.00727957237829221,0.159090909090909,-0.628409090909091,0.671590909090909,0.00648200930604935
A1,Seasonal Forcing,N4SID,S,13,44,44,0.0105654252331881,0.00694171505722305,0.00957221754514836,0.0167221746423423,0.0132565394180663,0.00147294882422959,0.000493222251865541,0,0.00859925415709293,0.153409090909091,-0.634090909090909,0.676704545454546,0.00717428585009744
A1,Seasonal Forcing,N4SID,S,14,44,44,0.0122488552211777,0.00826131543280679,0.0109935243359972,0.0191752932515689,0.0152304578468336,0.00169227309409263,0.000541705995054086,0,0.010014876132031,0.147727272727273,-0.639772727272727,0.68125,0.00788959195627766
A1,Seasonal Forcing,SSEST,Both,1,44,44,0.00472246988979958,0.00165521483224412,0.0127446903992913,0.0348024895957285,0.00842190068747523,0.000935766743052803,0.00279690914975045,4.56912347152896e-05,0.000944102762281044,0.835227272727273,0.0477272727272727,0.250568181818182,0.0396689984699258
A1,Seasonal Forcing,SSEST,Both,2,44,44,0.0133904199633267,0.00439112850454865,0.053899997712536,0.0762275754966593,0.0203671220235613,0.00226301355817348,0.00322819763607833,0.000435229505805618,0.00746397926326928,0.619318181818182,-0.168181818181818,0.365340909090909,0.0472929137289153
A1,Seasonal Forcing,SSEST,Both,3,44,44,0.0166039339968733,0.00744541048662057,0.0532506285513688,0.0815197928838673,0.0268274688854308,0.00298082987615897,0.00357491373717862,0.00124257005459134,0.00880562032894432,0.471590909090909,-0.315909090909091,0.467045454545455,0.0521126477654997
A1,Seasonal Forcing,SSEST,Both,4,44,44,0.0203171279187614,0.0115929365054108,0.0520507132793538,0.0804749082784275,0.0322705944322083,0.0035856216035787,0.00383071529232623,0.00233657243499761,0.0105642185878589,0.403409090909091,-0.384090909090909,0.519318181818182,0.0560484765231685
A1,Seasonal Forcing,SSEST,Both,5,44,44,0.0246119446364775,0.0151784995852807,0.0527933146513648,0.0806046828384721,0.0378324591632285,0.00420360657369206,0.00400798447893701,0.0035725468013863,0.0128278067824621,0.369318181818182,-0.418181818181818,0.546022727272727,0.058450056413347
A1,Seasonal Forcing,SSEST,Both,6,44,44,0.0286153180990323,0.0203303493250408,0.0505067369414975,0.0784276141911072,0.0429105345181342,0.00476783716868158,0.00425191229134529,0.00490501493953551,0.0146905536994699,0.323863636363636,-0.463636363636364,0.574431818181818,0.0612182815415438
A1,Seasonal Forcing,SSEST,Both,7,44,44,0.033225796931084,0.0255402214214239,0.0510666566789115,0.0850305895288819,0.0494531922872772,0.0054947991430308,0.00438229783564894,0.00634053278759957,0.0170081671648047,0.301136363636364,-0.486363636363636,0.582954545454545,0.0639162404854345
A1,Seasonal Forcing,SSEST,Both,8,44,44,0.0377474971579636,0.0309793007929944,0.0506676370751426,0.0910280970535506,0.0558957902622541,0.00621064336247268,0.00459240982843999,0.00779960490149762,0.0191448390655533,0.278409090909091,-0.509090909090909,0.601704545454545,0.0666416722648516
A1,Seasonal Forcing,SSEST,Both,9,44,44,0.0424147826818216,0.0361876260743869,0.0509198639749348,0.092800338994139,0.0614894953435703,0.00683216614928559,0.00466866619601849,0.00928247990924545,0.021631470427272,0.272727272727273,-0.514772727272727,0.609659090909091,0.0680424713469553
A1,Seasonal Forcing,SSEST,Both,10,44,44,0.047285974109071,0.0407919459146462,0.0521348835539189,0.0967900177141182,0.0674307677707365,0.00749230753008183,0.00481833526986416,0.0107955485104277,0.0241797827986973,0.261363636363636,-0.526136363636364,0.617613636363636,0.0706441077352099
A1,Seasonal Forcing,SSEST,Both,11,44,44,0.0518897144941768,0.0451722534890619,0.0517616026329755,0.103174630322586,0.0738212019217766,0.00820235576908629,0.0050958679393663,0.0123313214721093,0.026260169313615,0.244318181818182,-0.543181818181818,0.629545454545455,0.0733661403048647
A1,Seasonal Forcing,SSEST,Both,12,44,44,0.0571444634811965,0.0500332531217151,0.0544143127033284,0.107102347886232,0.0796184083083982,0.00884648981204424,0.00518156046076188,0.0139169628354266,0.0291994503729639,0.221590909090909,-0.565909090909091,0.639204545454545,0.0749129187660541
A1,Seasonal Forcing,SSEST,Both,13,44,44,0.0622172476301212,0.0554484986303277,0.0558183092103008,0.111873056060704,0.0856086940895264,0.00951207712105849,0.00522768074860116,0.0155198066176998,0.0319576831427618,0.204545454545455,-0.582954545454545,0.648863636363636,0.07633709909629
A1,Seasonal Forcing,SSEST,Both,14,44,44,0.0673768727972898,0.0608559982206067,0.057514769960277,0.117232753350353,0.0916909743557117,0.0101878860395235,0.0053398871597304,0.0171136845992458,0.0347354149987901,0.204545454545455,-0.582954545454545,0.645454545454545,0.0777672445730992
A1,Seasonal Forcing,SSEST,I,1,44,44,0.00179908183660802,0.00143239852963142,0.00169549833289724,0.00361770650046538,0.00324699887782664,0.000360777653091849,0.00108159735746845,9.14217934549645e-05,0.000265285032592762,0.710227272727273,-0.0772727272727273,0.303409090909091,0.0158096930054368
A1,Seasonal Forcing,SSEST,I,2,44,44,0.00486647588389319,0.00430886706350835,0.00285568880205858,0.0107673336477102,0.00963258959815069,0.00107028773312785,0.00169747434076851,0.000645951963572777,0.00145276184642405,0.505681818181818,-0.281818181818182,0.436931818181818,0.0248115854531465
A1,Seasonal Forcing,SSEST,I,3,44,44,0.00887861850033621,0.0081949146158023,0.00542999477244805,0.0180960099707722,0.016230531406457,0.00180339237849523,0.00210869836099229,0.00169302723197024,0.00327350052887846,0.380681818181818,-0.406818181818182,0.524431818181818,0.0308223185851678
A1,Seasonal Forcing,SSEST,I,4,44,44,0.0134404979476513,0.0129015418615645,0.00842352232332359,0.0256080784125076,0.0230255868345404,0.00255839853717116,0.00244937721278425,0.00301779260759029,0.0054149295901056,0.329545454545455,-0.457954545454545,0.553977272727273,0.0358020148448311
A1,Seasonal Forcing,SSEST,I,5,44,44,0.0183992918355406,0.0167123336749148,0.011537967323758,0.0333086832134518,0.0300194189921433,0.00333549099912703,0.00275176766186934,0.00450051724225739,0.00781151593228683,0.278409090909091,-0.509090909090909,0.589772727272727,0.0402221407947746
A1,Seasonal Forcing,SSEST,I,6,44,44,0.023713271229445,0.0215503960088817,0.014690095825778,0.0411990623225686,0.0372168317955408,0.00413520353283786,0.00302979560410659,0.0060963802418717,0.0104518918506289,0.238636363636364,-0.548863636363636,0.619318181818182,0.0442862401740668
A1,Seasonal Forcing,SSEST,I,7,44,44,0.0293917801241597,0.0276225093691717,0.0178434491047124,0.0492748871765609,0.0446129996905654,0.00495699996561838,0.00329090180660575,0.00779448030640022,0.0133493980455353,0.1875,-0.6,0.656818181818182,0.0481030711354195
A1,Seasonal Forcing,SSEST,I,8,44,44,0.0353330815949854,0.0356170127916821,0.0210608042223569,0.0575308350542899,0.0521512791926756,0.00579458657696396,0.00353954854326114,0.00957630206378191,0.0164226444109783,0.181818181818182,-0.605681818181818,0.661931818181818,0.0517378591307359
A1,Seasonal Forcing,SSEST,I,9,44,44,0.0414599386445057,0.044645258966941,0.024421835669202,0.0659726085360285,0.0598178522925537,0.00664642803250597,0.0037787168220836,0.0113945011136501,0.0196402926762661,0.176136363636364,-0.611363636363636,0.666477272727273,0.0552341805879822
A1,Seasonal Forcing,SSEST,I,10,44,44,0.0477943262921654,0.0507978351934467,0.0279039072544161,0.0746064732838948,0.067603022166669,0.00751144690740766,0.00401050424800614,0.0132662367480327,0.023006138388719,0.159090909090909,-0.628409090909091,0.678409090909091,0.0586227012767223
A1,Seasonal Forcing,SSEST,I,11,44,44,0.0542969829044132,0.0574557145592728,0.0315254101629159,0.0834332350188174,0.0754952267880952,0.00838835853201058,0.00423641475617783,0.0151610219671931,0.0265111876490317,0.147727272727273,-0.639772727272727,0.678409090909091,0.0619254109728142
A1,Seasonal Forcing,SSEST,I,12,44,44,0.0610168769531301,0.0649863952034598,0.0352759374375904,0.0924467682812727,0.0834798740495114,0.00927554156105682,0.00445753451218925,0.0170671885889487,0.0302166122909353,0.142045454545455,-0.645454545454545,0.678409090909091,0.0651581943083327
A1,Seasonal Forcing,SSEST,I,13,44,44,0.0679176215546431,0.0767205028701338,0.0391807913229693,0.101633043017759,0.0915385112854264,0.0101709456983807,0.00467463929835397,0.0190118747115211,0.0340601618463873,0.142045454545455,-0.645454545454545,0.68125,0.0683324001229134
A1,Seasonal Forcing,SSEST,I,14,44,44,0.0749970589441208,0.0844477706183309,0.0432368712642219,0.110968597755302,0.0996473354634064,0.0110719261626007,0.00488825801712729,0.0209771955288533,0.0380596792355395,0.142045454545455,-0.645454545454545,0.684659090909091,0.0714557692430228
A1,Seasonal Forcing,SSEST,None,1,44,44,0.00344215292052172,0.00360234772016753,0.000628547310134471,0.00751722100252386,0.00685713802543772,0.000761904225048635,0.00263599805527425,3.36623300996042e-05,1.05883100992262e-05,0.920454545454545,0.132954545454545,0.2125,0.0385288367139938
A1,Seasonal Forcing,SSEST,None,2,44,44,0.0059429557686243,0.00616370939717844,0.00147214037708545,0.0151433785986793,0.0138144716129119,0.00153494129032354,0.00372623811918533,0.000477185384800404,0.000204590974315027,0.840909090909091,0.0534090909090909,0.2125,0.0544654687959729
A1,Seasonal Forcing,SSEST,None,3,44,44,0.00847788005862246,0.0087541714459213,0.00248472313075793,0.0228236442088482,0.0208134463519836,0.0023126051502204,0.00456853813084895,0.00110368153579017,0.000493055241762948,0.795454545454545,0.00795454545454546,0.232954545454545,0.0667786689855395
A1,Seasonal Forcing,SSEST,None,4,44,44,0.0113214609309504,0.011863904304467,0.00390217644409999,0.0305557831826872,0.0278464482149648,0.00309404980166276,0.00528298247813191,0.00202911069763497,0.000915317953520726,0.710227272727273,-0.0772727272727273,0.273863636363636,0.0772235158497872
A1,Seasonal Forcing,SSEST,None,5,44,44,0.014476497329357,0.0152721458349185,0.00559559919989328,0.03833786783543,0.0349058310696683,0.00387842567440759,0.00591617053475627,0.00321982433478533,0.00146207678540785,0.636363636363636,-0.151136363636364,0.322727272727273,0.0864810619198986
A1,Seasonal Forcing,SSEST,None,6,44,44,0.0180133540406068,0.0187371876212606,0.00766151334564407,0.0461679604728121,0.0419839258868568,0.00466488065409519,0.00649200812687976,0.00468693100373527,0.00216953425589654,0.568181818181818,-0.219318181818182,0.373863636363636,0.0949006854231171
A1,Seasonal Forcing,SSEST,None,7,44,44,0.0219280294118506,0.0229127739344111,0.0101154490999681,0.0540440694975269,0.049073049978263,0.00545256110869588,0.00702469401090077,0.00644837417744375,0.00300240011481015,0.511363636363636,-0.276136363636364,0.422727272727273,0.102689894332471
A1,Seasonal Forcing,SSEST,None,8,44,44,0.0261547433450632,0.0273961478964979,0.0128828616930368,0.0619641395943711,0.0561655162543311,0.0062406129171479,0.00752347673964131,0.00843940826823073,0.00395124542004326,0.448863636363636,-0.338636363636364,0.471590909090909,0.109983849691896
A1,Seasonal Forcing,SSEST,None,9,44,44,0.0306822636949194,0.0317931948355244,0.0158474944956672,0.0699260496033997,0.063314228639062,0.00703491429322911,0.00799477862939999,0.0106145453189236,0.00503802545336664,0.380681818181818,-0.406818181818182,0.522159090909091,0.116876407856348
A1,Seasonal Forcing,SSEST,None,10,44,44,0.0354974324693429,0.0365563319770907,0.0188876364792308,0.077927612814659,0.0706282683422541,0.00784758537136157,0.00844327494516269,0.0129282929218179,0.0062782792310007,0.357954545454545,-0.429545454545455,0.535227272727273,0.123435892865293
A1,Seasonal Forcing,SSEST,None,11,44,44,0.0404310881724127,0.0414740636872852,0.021997235576547,0.085966578247229,0.0779819002147878,0.00866465557942086,0.00887249510799434,0.015305055350908,0.00758888213408953,0.340909090909091,-0.446590909090909,0.548295454545455,0.129713883050901
A1,Seasonal Forcing,SSEST,None,12,44,44,0.045516302056272,0.0472013566378633,0.0251899398329164,0.0940406324306767,0.0853564851478661,0.00948405390531845,0.00928518166251477,0.0177822342118044,0.00896483227663438,0.323863636363636,-0.463636363636364,0.563068181818182,0.135750457276478
A1,Seasonal Forcing,SSEST,None,13,44,44,0.0506809381063721,0.0530059111329836,0.0284470313880794,0.102147401500475,0.0927441704092411,0.010304907823249,0.00968351655694969,0.0202911825138181,0.0104013312123553,0.318181818181818,-0.469318181818182,0.567613636363636,0.141577501944648
A1,Seasonal Forcing,SSEST,None,14,44,44,0.0559078325188287,0.0582265060400527,0.0317652569477055,0.110284453523535,0.10013709819763,0.0111263442441811,0.0100692701539586,0.022826262568077,0.011885955552612,0.3125,-0.475,0.567613636363636,0.147220888722326
A1,Seasonal Forcing,SSEST,S,1,44,44,0.00221368750518085,0.00161223942461216,0.00202309647050168,0.00391033022823263,0.00322145882766641,0.000357939869740712,0.0016034098237046,0.000125121598889892,0.000127216212845652,0.806818181818182,0.0193181818181818,0.251136363636364,0.0234371590391241
A1,Seasonal Forcing,SSEST,S,2,44,44,0.00488117464658186,0.00425372061169858,0.00291086463427699,0.0110219931900765,0.00915202355613956,0.00101689150623773,0.00212891999609348,0.000750512123941125,0.00098485102030953,0.602272727272727,-0.185227272727273,0.380113636363636,0.0311180501241966
A1,Seasonal Forcing,SSEST,S,3,44,44,0.00841983443190554,0.00698173088068092,0.00581567274052536,0.0180953284757817,0.0150570289366681,0.00167300321518535,0.002467713282569,0.00183260634213186,0.00244651159201932,0.471590909090909,-0.315909090909091,0.476704545454545,0.0360699364711495
A1,Seasonal Forcing,SSEST,S,4,44,44,0.0124046858026618,0.00938426335649541,0.00925965008376997,0.0251249406411426,0.0209284205750283,0.00232538006389203,0.00273500461224363,0.00316694902966398,0.0041773520968622,0.409090909090909,-0.378409090909091,0.516477272727273,0.0399767936737668
A1,Seasonal Forcing,SSEST,S,5,44,44,0.0166633720563242,0.013034253565358,0.0128347827971475,0.0321098266500464,0.0267573911611264,0.00297304346234738,0.00296084504435439,0.00465528941251323,0.00607419413710921,0.363636363636364,-0.423863636363636,0.551136363636364,0.0432778426043873
A1,Seasonal Forcing,SSEST,S,6,44,44,0.0210779411710909,0.0172631007133134,0.0164661087040188,0.0390488656306619,0.0325337922582388,0.00361486580647098,0.00315874638898179,0.00624049710445587,0.00806383187118231,0.335227272727273,-0.452272727272727,0.560795454545455,0.0461705677908478
A1,Seasonal Forcing,SSEST,S,7,44,44,0.0255813357123462,0.0218023575509701,0.0201200953276194,0.0459401602312331,0.0382990740979955,0.00425545267755506,0.00333620802060525,0.00785157746050305,0.0101380975536828,0.318181818181818,-0.469318181818182,0.573863636363636,0.0487645769085048
A1,Seasonal Forcing,SSEST,S,8,44,44,0.0301618643115174,0.0273698828845137,0.0237650366332171,0.0527815091139078,0.0440591013405131,0.00489545570450145,0.00349791723598303,0.00947777779687164,0.0122907135741612,0.289772727272727,-0.497727272727273,0.594318181818182,0.0511283769183815
A1,Seasonal Forcing,SSEST,S,9,44,44,0.0348242327776099,0.0331374815792412,0.0273706391362612,0.059572342589952,0.0497840193306291,0.00553155770340323,0.00364701609619887,0.0111318173539546,0.0145138416240532,0.267045454545455,-0.520454545454545,0.6125,0.0533078900195944
A1,Seasonal Forcing,SSEST,S,10,44,44,0.039554106350518,0.0383439385392121,0.0309368822136374,0.0663127643230897,0.0554466120511593,0.00616073467235103,0.00378573324750812,0.0128125066235893,0.0167951318070696,0.244318181818182,-0.543181818181818,0.626136363636364,0.0553356882712542
A1,Seasonal Forcing,SSEST,S,11,44,44,0.0443157766259733,0.0426499379200249,0.0344812042923195,0.0730028658070614,0.061038267014335,0.00678202966825944,0.00391571970500351,0.0144991851239105,0.0191188421287998,0.25,-0.5375,0.622727272727273,0.0572359013475278
A1,Seasonal Forcing,SSEST,S,12,44,44,0.0490807903068548,0.0467919713174453,0.038019863139752,0.0796424927245661,0.0665975796698402,0.00739973107442669,0.00403823859767266,0.0161754345687483,0.0214673860660072,0.227272727272727,-0.560227272727273,0.631818181818182,0.0590269897991719
A1,Seasonal Forcing,SSEST,S,13,44,44,0.0538811012833907,0.05075832215927,0.0415016485353687,0.0862310332011436,0.0721900571726735,0.00802111746363039,0.00415428063477869,0.0178450042242014,0.0238606989607802,0.227272727272727,-0.560227272727273,0.631818181818182,0.0607234326699715
A1,Seasonal Forcing,SSEST,S,14,44,44,0.0586593115532397,0.0562221747582699,0.0449825046393555,0.0927671225286289,0.0777561010175166,0.00863956677972407,0.00426463778099196,0.0194861615981914,0.0262689453943323,0.215909090909091,-0.571590909090909,0.642045454545455,0.0623368043015305
A2,Policy Intervention,AR,None,1,44,44,0.000279749180726825,4.12969220755418e-06,0.0015956198189004,0.00207717415314477,0.000359083925932003,3.98982139924447e-05,6.08737881040775e-06,0.000233042092543693,7.21495380280391e-07,0.471590909090909,-0.315909090909091,0.41875,0.000160402521482788
A2,Policy Intervention,AR,None,2,44,44,0.0012930930153084,3.15572773659835e-05,0.00725489545790542,0.00902280452302688,0.00159127529870437,0.000176808366522708,3.38049725796429e-05,0.00107891210609069,3.56757011536014e-06,0.528409090909091,-0.259090909090909,0.386363636363636,0.00084304647181622
A2,Policy Intervention,AR,None,3,44,44,0.00321664511747239,0.000127277325185874,0.0174696254948927,0.0209200572931441,0.00383003859135605,0.000425559843484005,0.000112910513407281,0.00266940576032629,8.76900025481295e-06,0.5625,-0.225,0.379545454545455,0.002652901422059
A2,Policy Intervention,AR,None,4,44,44,0.00580091834567942,0.000363392674880423,0.0298617224472073,0.0353020081418042,0.00684777722117576,0.000760864135686195,0.000288161813301869,0.00473755260646279,1.43397902285629e-05,0.585227272727273,-0.202272727272727,0.369318181818182,0.00657465516905365
A2,Policy Intervention,AR,None,5,44,44,0.00876861222233523,0.000848359305106396,0.0418901252377906,0.0495076207489413,0.0103721770648313,0.00115246411831459,0.000619519913309939,0.0069764168232781,2.02113674326046e-05,0.602272727272727,-0.185227272727273,0.364204545454545,0.0136146686192142
A2,Policy Intervention,AR,None,6,44,44,0.0120416119691968,0.00159934115802646,0.0526951299514806,0.0622624710014861,0.0142535984699217,0.00158373316332463,0.00114246780262315,0.00929978923291945,1.56217703295929e-05,0.613636363636364,-0.173863636363636,0.364204545454545,0.0243295096429765
A2,Policy Intervention,AR,None,7,44,44,0.0157263961752454,0.00266134219158622,0.0631351377067223,0.074336987628126,0.0186346214640896,0.00207051349600996,0.00189126078399827,0.0117646218952371,0,0.664772727272727,-0.122727272727273,0.359659090909091,0.0389189315979765
A2,Policy Intervention,AR,None,8,44,44,0.020063912038217,0.00402545587609823,0.0751301447366431,0.0869175027690164,0.023792247662005,0.00264358307355611,0.00284173740055009,0.0145785915641108,0,0.693181818181818,-0.0943181818181819,0.35625,0.0566762460547135
A2,Policy Intervention,AR,None,9,44,44,0.0249532592720886,0.00545727241568131,0.0896036296728887,0.101535763974875,0.0295552498045607,0.00328391664495119,0.00396116309648654,0.0177081795306509,0,0.698863636363636,-0.0886363636363637,0.35625,0.0765032443678314
A2,Policy Intervention,AR,None,10,44,44,0.0301511951610282,0.00724969064373314,0.105778567380435,0.118045493134903,0.0357960134844397,0.00397733483160441,0.00525092891302337,0.0209229314164004,0,0.715909090909091,-0.0715909090909092,0.35625,0.0977117337134868
A2,Policy Intervention,AR,None,11,44,44,0.0354718174693177,0.00917858131488382,0.122295374413702,0.134522643713808,0.0419652763895941,0.00466280848773268,0.0066046184903839,0.0242043904912011,0,0.721590909090909,-0.065909090909091,0.35625,0.119446495184169
A2,Policy Intervention,AR,None,12,44,44,0.0407163098757869,0.0111406187443057,0.137036679436975,0.150000303773339,0.047962538124697,0.00532917090274411,0.00800976470860759,0.0273773742644352,0,0.732954545454545,-0.0545454545454546,0.35625,0.14105368399877
A2,Policy Intervention,AR,None,13,44,44,0.0457486526868886,0.0132146433347652,0.149059366338246,0.162413562212657,0.0534083974476899,0.00593426638307665,0.00937888688910914,0.0304354994147028,0,0.732954545454545,-0.0545454545454546,0.35625,0.161943583288353
A2,Policy Intervention,AR,None,14,44,44,0.0507615449217734,0.0151112287146155,0.158923972215707,0.17371986521326,0.0590970596983846,0.00656633996648718,0.0107647408063528,0.0334304641489334,0,0.732954545454545,-0.0545454545454546,0.35625,0.182264522601979
A2,Policy Intervention,ARX,Both,1,44,44,0.00331740441951413,9.38532725720963e-06,0.0167146578824592,0.0168534039049136,0.00332403603367712,0.000369337337075236,7.53441038876511e-06,0.00293733791091348,3.19476113665244e-06,0.681818181818182,-0.105681818181818,0.364204545454545,0.000188038439125365
A2,Policy Intervention,ARX,Both,2,44,44,0.00686219367996075,5.49681928387955e-05,0.0358927264168272,0.036140808546186,0.00689692970758183,0.000766325523064648,4.4996204589003e-05,0.00603114112541959,1.9730826887503e-05,0.659090909090909,-0.128409090909091,0.375568181818182,0.00106035970293737
A2,Policy Intervention,ARX,Both,3,44,44,0.010551036158477,0.000194065485124086,0.0563626402521752,0.0567141442532346,0.0106542320069989,0.00118380355633321,0.000151604817130688,0.0091488248004177,6.6802984595399e-05,0.653409090909091,-0.134090909090909,0.372727272727273,0.00342374894863244
A2,Policy Intervention,ARX,Both,4,44,44,0.0141730858406627,0.000476519653738658,0.0759289465678403,0.0764112518962129,0.0144317997118482,0.00160353330131647,0.000372011120410339,0.0120375733278765,0.000159968091059397,0.653409090909091,-0.134090909090909,0.377272727272727,0.00813714305815849
A2,Policy Intervention,ARX,Both,5,44,44,0.0175520626088895,0.000981248036480429,0.0925991060648618,0.0932810414973949,0.0180710713225947,0.00200789681362163,0.000746747682781607,0.0144781255428646,0.000319292569621642,0.659090909090909,-0.128409090909091,0.372727272727273,0.0158692390420742
A2,Policy Intervention,ARX,Both,6,44,44,0.0205980996850073,0.00175813768740865,0.105435138682411,0.10642679031733,0.0215330021858797,0.00239255579843107,0.00129959839693628,0.0163706685195587,0.000535276970081178,0.647727272727273,-0.139772727272727,0.376136363636364,0.0268561140829672
A2,Policy Intervention,ARX,Both,7,44,44,0.0233498423030847,0.00276802284404267,0.114563465413262,0.116016447462356,0.0248247938423859,0.00275831042693176,0.00204382500882289,0.0177265016735668,0.000821205193763305,0.664772727272727,-0.122727272727273,0.369318181818182,0.0408762251684446
A2,Policy Intervention,ARX,Both,8,44,44,0.0259539450333714,0.0040502149731745,0.120669108074413,0.122773869567145,0.0281617537779671,0.00312908375310746,0.00294171043325239,0.0186564531426463,0.00122669770436529,0.670454545454545,-0.117045454545455,0.369318181818182,0.0569121295669941
A2,Policy Intervention,ARX,Both,9,44,44,0.0290428345675469,0.00550360600297023,0.124597945012978,0.127680638009843,0.03220435057667,0.00357826117518556,0.00398690676434265,0.0192494074425488,0.00222825918546994,0.653409090909091,-0.134090909090909,0.382386363636364,0.074467616221066
A2,Policy Intervention,ARX,Both,10,44,44,0.0351709587890656,0.00701129847693265,0.130391325948016,0.135240137551783,0.0392969424456428,0.00436632693840476,0.00508810520652045,0.0196119680439449,0.00610455860019548,0.659090909090909,-0.128409090909091,0.382386363636364,0.0925018722232324
A2,Policy Intervention,ARX,Both,11,44,44,0.0489327620501168,0.00835827655496094,0.167803975093812,0.174754215229956,0.0542261247945427,0.00602512497717141,0.00623581620664312,0.0198106059729343,0.0168612148933679,0.664772727272727,-0.122727272727273,0.382386363636364,0.110614878309228
A2,Policy Intervention,ARX,Both,12,44,44,0.0554698243834489,0.0099688929270031,0.190247116571817,0.198235627347668,0.0617350959666699,0.00685945510740776,0.0074371231788988,0.0199359497720081,0.0212372963251342,0.664772727272727,-0.122727272727273,0.382386363636364,0.128640791411744
A2,Policy Intervention,ARX,Both,13,44,44,0.0551637594594138,0.011674979668358,0.181189913162407,0.190410965143626,0.0627471280205017,0.00697190311338908,0.00856583916661274,0.0200966016734446,0.0195294155059674,0.664772727272727,-0.122727272727273,0.382386363636364,0.145894681905991
A2,Policy Intervention,ARX,Both,14,44,44,0.0554169603078618,0.0133871209383935,0.174736507457948,0.185349648947128,0.0644020640229777,0.00715578489144196,0.00975988864755856,0.0202755578649082,0.018225728903953,0.670454545454545,-0.117045454545455,0.382386363636364,0.162773469996625
A2,Policy Intervention,ARX,I,1,44,44,0.000711381702030716,0.000208348839751644,0.00233478716641581,0.00273743337021831,0.00100326861247533,0.000111474290275036,0.000138934946441965,3.69382931818714e-05,0.000424034172131844,0.465909090909091,-0.321590909090909,0.44375,0.00311843432837209
A2,Policy Intervention,ARX,I,2,44,44,0.00238152566675104,0.000751256576087035,0.0075610694218081,0.0085872495740693,0.00323636280012515,0.000359595866680572,0.000418701111471637,0.000155265183108087,0.00144796350549074,0.4375,-0.35,0.436363636363636,0.00948154327070298
A2,Policy Intervention,ARX,I,3,44,44,0.00525419937816503,0.00148741243278538,0.0178539358306754,0.0195983590745469,0.00696411925445835,0.00077379102827315,0.000813750718597883,0.000334668335509149,0.00333198929578485,0.465909090909091,-0.321590909090909,0.418181818181818,0.0175878958726118
A2,Policy Intervention,ARX,I,4,44,44,0.00958329666393493,0.00245736313464133,0.0356493314845419,0.0379783483982481,0.0123900460342326,0.0013766717815814,0.00131219119175304,0.000565494506573887,0.00632893918402661,0.5,-0.2875,0.396590909090909,0.0272303598423441
A2,Policy Intervention,ARX,I,5,44,44,0.0151921596949437,0.00373105302423591,0.0601115557979373,0.0630158818107356,0.0193009902727701,0.00214455447475223,0.00188143931837494,0.000891500975017795,0.0102746649267987,0.505681818181818,-0.281818181818182,0.393181818181818,0.0377775381433822
A2,Policy Intervention,ARX,I,6,44,44,0.0211892234087942,0.00512992518423988,0.0858677955042609,0.0894961204387795,0.026920549754366,0.00299117219492956,0.00251803054377515,0.00119632413056418,0.0144836965395253,0.517045454545455,-0.270454545454546,0.386363636363636,0.0491859469490109
A2,Policy Intervention,ARX,I,7,44,44,0.0265851663487361,0.00690661231498191,0.105100889487445,0.109788939778655,0.0342265358615255,0.00380294842905839,0.00321148241814552,0.00158275771181033,0.0179879777897219,0.517045454545455,-0.270454545454546,0.386363636363636,0.0612540874088497
A2,Policy Intervention,ARX,I,8,44,44,0.0310391675565316,0.00865414662116047,0.113902056488107,0.120180886269029,0.040895925961529,0.00454399177350322,0.00398871783072713,0.00200692024672411,0.0204995377055771,0.522727272727273,-0.264772727272727,0.382954545454545,0.0742735864757131
A2,Policy Intervention,ARX,I,9,44,44,0.0352334374800151,0.0107393365909276,0.115489783882462,0.124015613618328,0.0474198938795106,0.0052688770977234,0.00482657627734674,0.00246470099183158,0.0226732831131133,0.539772727272727,-0.247727272727273,0.376136363636364,0.0881127552998461
A2,Policy Intervention,ARX,I,10,44,44,0.0405171251255894,0.0128356042537754,0.119516985443351,0.130712616332879,0.0552985377995503,0.00614428197772781,0.00573975967450176,0.00290578459883288,0.025727298874527,0.534090909090909,-0.253409090909091,0.376136363636364,0.102515426693124
A2,Policy Intervention,ARX,I,11,44,44,0.0471103312566643,0.0151233522452004,0.131685327580173,0.145236644694622,0.064544673157422,0.00717163035082467,0.00667195043373831,0.00339929303457803,0.0298674574375233,0.528409090909091,-0.259090909090909,0.379545454545455,0.11741377120164
A2,Policy Intervention,ARX,I,12,44,44,0.0537130580612756,0.0172195480167225,0.14824958343603,0.164002047603428,0.0744884066374576,0.00827648962638418,0.00766419228613973,0.00380892423669307,0.0339634519120586,0.528409090909091,-0.259090909090909,0.379545454545455,0.132473264407573
A2,Policy Intervention,ARX,I,13,44,44,0.058675372818823,0.0197353150439214,0.159036935395704,0.177097707270065,0.0828231151936693,0.00920256835485214,0.00871777014999066,0.00419706725653348,0.0365579670574467,0.528409090909091,-0.259090909090909,0.384090909090909,0.147988629599346
A2,Policy Intervention,ARX,I,14,44,44,0.0619588289521963,0.0226589615811206,0.159777488064468,0.181303023422353,0.0899018190442511,0.00998909100491679,0.00978471997757471,0.00476082149319329,0.0374241964765115,0.534090909090909,-0.253409090909091,0.384090909090909,0.163945790414861
A2,Policy Intervention,ARX,S,1,44,44,0.00331616984589116,8.70771700395506e-06,0.0167149094528639,0.0168534001004653,0.00331969122066759,0.000368854580074177,7.18359644156063e-06,0.00293685245066517,3.27921871025667e-06,0.698863636363636,-0.0886363636363637,0.364204545454545,0.000185699514361688
A2,Policy Intervention,ARX,S,2,44,44,0.00685276282384788,5.37535824215378e-05,0.0358945427133129,0.0361407389508499,0.00686764677254518,0.000763071863616132,4.37477763596743e-05,0.00602687008319168,1.90731006804008e-05,0.676136363636364,-0.111363636363636,0.377272727272727,0.00106792404049208
A2,Policy Intervention,ARX,S,3,44,44,0.0105224467905166,0.000200733164244164,0.056367901850779,0.0567136527964394,0.0105698210786261,0.00117442456429179,0.000150118638737384,0.00913347615405489,6.4427433432544e-05,0.698863636363636,-0.0886363636363637,0.364204545454546,0.00350724876616257
A2,Policy Intervention,ARX,S,4,44,44,0.014121388690794,0.000536195181620794,0.0759387838149697,0.0764095626274103,0.0142440360311039,0.00158267067012266,0.00037663065804829,0.0120009262254795,0.000161161137143594,0.6875,-0.1,0.367613636363636,0.00845157222692196
A2,Policy Intervention,ARX,S,5,44,44,0.0174477538741381,0.00111334030711257,0.0926171074703206,0.0932758238767139,0.0176993263678386,0.00196659181864874,0.000766062511312059,0.0144060357417454,0.000309063802431938,0.676136363636364,-0.111363636363636,0.377272727272727,0.0166100987639582
A2,Policy Intervention,ARX,S,6,44,44,0.0204035280073962,0.00193302540056195,0.105461902153324,0.106411477605275,0.0208738847188035,0.00231932052431151,0.0013455699759915,0.0162433429999746,0.000495294507118618,0.676136363636364,-0.111363636363636,0.377272727272727,0.0281452741808278
A2,Policy Intervention,ARX,S,7,44,44,0.0230438202958144,0.00299900426414637,0.11458946842159,0.115967526305946,0.0238133884859135,0.00264593205399039,0.0021164101407641,0.0175506154587799,0.000730862642280026,0.681818181818182,-0.105681818181818,0.382386363636364,0.0426345993531831
A2,Policy Intervention,ARX,S,8,44,44,0.0255600901822366,0.00430339117757903,0.120704365932876,0.122671399335587,0.0266881606704146,0.00296535118560163,0.0030402548930141,0.0184209100425262,0.00113357406109476,0.698863636363636,-0.0886363636363637,0.369318181818182,0.0591016497457501
A2,Policy Intervention,ARX,S,9,44,44,0.028590204025618,0.00570352548320554,0.124665912788313,0.127473533567415,0.0301686005738908,0.00335206673043231,0.00408694919717039,0.0189711940166286,0.00217999408138669,0.681818181818182,-0.105681818181818,0.382386363636364,0.0764892209358288
A2,Policy Intervention,ARX,S,10,44,44,0.0347104221468015,0.00711094599817007,0.130502472735556,0.134919769950642,0.0368092924160331,0.00408992137955923,0.00518801667279786,0.0193330719930629,0.00609941210138143,0.681818181818182,-0.105681818181818,0.382386363636364,0.0940124872563536
A2,Policy Intervention,ARX,S,11,44,44,0.0483908744365858,0.00880068039547942,0.167936260178747,0.174323911429107,0.0510537522597057,0.0056726391399673,0.0063588562428361,0.0195325878949231,0.0168267911588593,0.698863636363636,-0.0886363636363637,0.382386363636364,0.111895355591839
A2,Policy Intervention,ARX,S,12,44,44,0.054935093755305,0.0104703467641839,0.190380252357287,0.197651608942958,0.0582094278601127,0.00646771420667919,0.00758823049960337,0.0196783685425448,0.0212007805064776,0.698863636363636,-0.0886363636363637,0.382386363636364,0.129447153952663
A2,Policy Intervention,ARX,S,13,44,44,0.0546700141858089,0.0124859687271749,0.181344690605564,0.189436654944459,0.0585216930205366,0.00650241033561517,0.00881437161877451,0.0197955659617156,0.0195576662697036,0.698863636363636,-0.0886363636363637,0.382386363636364,0.146535605604533
A2,Policy Intervention,ARX,S,14,44,44,0.0547347020127838,0.0137983389217116,0.174928192587856,0.18388026975035,0.0591346184334517,0.00657051315927242,0.00993882332728203,0.0199738311311239,0.0182515343951055,0.693181818181818,-0.0943181818181819,0.382386363636364,0.162873355227067
A2,Policy Intervention,N4SID,Both,1,44,44,0.000968261670993826,0.000296676646050173,0.00217308990700822,0.00471885792962244,0.00176648284748011,0.000196275871942234,0.00041262745965259,0.00021688228327896,0.000142476056120041,0.761363636363636,-0.0261363636363637,0.331818181818182,0.0076708637869883
A2,Policy Intervention,N4SID,Both,2,44,44,0.00330434980084096,0.000669760233144556,0.00877219100615077,0.0171903899504151,0.00560808379382976,0.00062312042153664,0.000827449568349666,0.00116407423224765,0.000689705578706996,0.659090909090909,-0.128409090909091,0.365909090909091,0.0160307312893046
A2,Policy Intervention,N4SID,Both,3,44,44,0.00932451770904409,0.0012278574244411,0.0320281482663765,0.0461388402620368,0.0132851557181052,0.0014761284131228,0.00137195168277354,0.00447473165360623,0.00200170595954152,0.636363636363636,-0.151136363636364,0.379545454545455,0.0257796388170345
A2,Policy Intervention,N4SID,Both,4,44,44,0.0212110635110289,0.00195086223204882,0.084323617327617,0.110103251598715,0.0279005752354539,0.00310006391505043,0.00222171509313925,0.0115364159091185,0.00435286859372074,0.625,-0.1625,0.380681818181818,0.0403324734136767
A2,Policy Intervention,N4SID,Both,5,44,44,0.0444373741854826,0.00279731210289631,0.200335946848751,0.263243903286476,0.0579453287010113,0.00643836985566792,0.00405427134037453,0.0262961932458744,0.00764853974356568,0.630681818181818,-0.156818181818182,0.384090909090909,0.0688796869929413
A2,Policy Intervention,N4SID,Both,6,44,44,0.0956766187821934,0.00353452450448602,0.494024807296281,0.703081313325877,0.13260761997088,0.0147341799967644,0.010572997726178,0.0591181960585552,0.0112512450006957,0.619318181818182,-0.168181818181818,0.389204545454545,0.167641333939312
A2,Policy Intervention,N4SID,Both,7,44,44,0.247191397009435,0.00443599850169034,1.4521067980719,2.31592503109338,0.384304147090113,0.0427004607877903,0.0475958875767366,0.142608484494642,0.0142865641502664,0.619318181818182,-0.168181818181818,0.389204545454545,0.741916175701731
A2,Policy Intervention,N4SID,Both,8,44,44,0.960639179977802,0.00549246779955145,6.14143105938842,10.2038056311139,1.58142912569004,0.175714347298894,0.372414171625237,0.39610199351429,0.0164086675393807,0.619318181818182,-0.168181818181818,0.390340909090909,6.21707084139544
A2,Policy Intervention,N4SID,Both,9,44,44,7.60264193584899,0.00656024541562064,50.1565018917931,63.6237513069384,9.64336263426735,1.07148473714082,5.17431723323647,1.3386288375611,0.0182111279106038,0.625,-0.1625,0.390340909090909,100.155529055604
A2,Policy Intervention,N4SID,Both,10,44,44,157.194272176476,0.00767319286486958,1042.38180883554,569.306836150743,85.888384409606,9.54315382328956,141.917235857805,5.7130490793363,0.0208334160449009,0.630681818181818,-0.156818181818182,0.390340909090909,3366.81654492527
A2,Policy Intervention,N4SID,Both,11,44,44,8617.97073636819,0.00877296495555504,57164.7574193354,7015.92924285718,1057.76600018354,117.529555575948,8469.97005638684,30.4465595459159,0.0245648594868343,0.630681818181818,-0.156818181818182,0.390340909090909,246540.661068896
A2,Policy Intervention,N4SID,Both,12,44,44,1063532.81251883,0.00981490576081315,7054678.117126,107001.18923027,16131.1243507771,1792.34715008635,1061556.2378539,184.199251111199,0.0282637259269369,0.619318181818182,-0.168181818181818,0.398863636363636,36289890.2790453
A2,Policy Intervention,N4SID,Both,13,44,44,219993891.173594,0.0114018408687487,1459274385.85517,1670245.33153983,251799.05863843,27977.6731820477,219964863.326551,1050.14339651516,0.0304647300342551,0.613636363636364,-0.173863636363636,0.402272727272727,8384787615.39544
A2,Policy Intervention,N4SID,Both,14,44,44,46959950066.4497,0.0127421066038409,311497069087.884,19871485.277475,2995739.23602815,332859.915114238,46959612866.0768,4340.42675875509,0.0309990389055198,0.613636363636364,-0.173863636363636,0.402272727272727,1914727635255.05
A2,Policy Intervention,N4SID,I,1,44,44,0.0337328242732197,2.81755905362924e-05,0.21954070890879,0.219637557364241,0.0337856186429104,0.00375395762699004,2.38636846291834e-05,0.000125989429498212,0.0298290135321022,0.511363636363636,-0.276136363636364,0.392613636363636,0.000587018393506091
A2,Policy Intervention,N4SID,I,2,44,44,0.035466934738155,0.000138118204469959,0.202228648414734,0.2030409749727,0.0356384964000139,0.00395983293333487,9.87468210219784e-05,0.00035473039217116,0.031053624591627,0.522727272727273,-0.264772727272727,0.390909090909091,0.00234440407681884
A2,Policy Intervention,N4SID,I,3,44,44,0.0429278923133019,0.000417337645090064,0.202213280194685,0.204468971965656,0.0433332526270348,0.00481480584744832,0.000267740460495931,0.000748685752255081,0.0370966602531026,0.556818181818182,-0.230681818181818,0.3875,0.00616553642274924
A2,Policy Intervention,N4SID,I,4,44,44,0.0425126722603872,0.000929074559585406,0.190056439965189,0.192660097563283,0.0433306050980386,0.00481451167755984,0.000583543678127888,0.00135781157892138,0.0357568053257781,0.5625,-0.225,0.384090909090909,0.012926312257869
A2,Policy Intervention,N4SID,I,5,44,44,0.0414943007636108,0.00176366545023192,0.175707862262285,0.178668457830706,0.042928520958934,0.00476983566210378,0.00108798529170636,0.00227382553792462,0.0333626542718761,0.590909090909091,-0.196590909090909,0.379545454545455,0.0232271920239311
A2,Policy Intervention,N4SID,I,6,44,44,0.0418379959571264,0.00289216065355218,0.165427915726317,0.16901221011331,0.0441363758213533,0.00490404175792814,0.00179800010359259,0.00360071493026987,0.0315352391653358,0.625,-0.1625,0.376136363636364,0.0371848429546854
A2,Policy Intervention,N4SID,I,7,44,44,0.0436326342875713,0.00433552259215722,0.159423374394486,0.163962681586472,0.046891980631195,0.00521022007013278,0.00271326377082395,0.00546966309629746,0.0302394873503171,0.647727272727273,-0.139772727272727,0.376136363636364,0.0543662860898635
A2,Policy Intervention,N4SID,I,8,44,44,0.0467582776805147,0.0060303269881914,0.157841892854644,0.163658006561809,0.0510511822965947,0.00567235358851052,0.00378491928752316,0.00793192816470813,0.0293690766397728,0.653409090909091,-0.134090909090909,0.376136363636364,0.0737954354861196
A2,Policy Intervention,N4SID,I,9,44,44,0.0509157997907525,0.00806763436235735,0.160775756077163,0.168070699779577,0.0561940465125733,0.00624378294584148,0.00496766276102592,0.0108986644032953,0.0288056896805898,0.653409090909091,-0.134090909090909,0.376136363636364,0.0943103761711126
A2,Policy Intervention,N4SID,I,10,44,44,0.0557520232600014,0.0102048732159462,0.167619821417563,0.17656671886232,0.0620753320328554,0.00689725911476171,0.00619044890965308,0.0142145112965898,0.0284498039389968,0.659090909090909,-0.128409090909091,0.376136363636364,0.114828816639857
A2,Policy Intervention,N4SID,I,11,44,44,0.0609247168686645,0.0122979554542575,0.176691406273498,0.187311086916448,0.0685130918293822,0.00761256575882024,0.00745989916693512,0.0176237949395433,0.0282284570033658,0.659090909090909,-0.128409090909091,0.380681818181818,0.135101791198805
A2,Policy Intervention,N4SID,I,12,44,44,0.0662508513389444,0.0145771055013015,0.185918288711246,0.198499855889045,0.0755915511143455,0.00839906123492728,0.0087527146436931,0.0210069577656053,0.0280921176947186,0.659090909090909,-0.128409090909091,0.384090909090909,0.154372143434152
A2,Policy Intervention,N4SID,I,13,44,44,0.0714796445459996,0.0167885214064737,0.194009751370941,0.208632857751876,0.0825056485087702,0.00916729427875225,0.00990738815483451,0.0243963207756058,0.028008641336807,0.647727272727273,-0.139772727272727,0.389204545454545,0.172284259386615
A2,Policy Intervention,N4SID,I,14,44,44,0.0766643231010846,0.0184098089985259,0.200788740999913,0.217657674485244,0.0891423140703166,0.00990470156336851,0.011029365836453,0.0277725366106135,0.0279577190906496,0.647727272727273,-0.139772727272727,0.389204545454545,0.18925141622492
A2,Policy Intervention,N4SID,None,1,44,44,0.00248635739868173,9.58566942402878e-06,0.0144974810121558,0.0160961364578331,0.00276555010406585,0.000307283344896206,1.55126618699408e-05,0.00216356139191558,0,0.443181818181818,-0.344318181818182,0.434090909090909,0.000490854610241847
A2,Policy Intervention,N4SID,None,2,44,44,0.00547720593934781,5.48683435208583e-05,0.0323331687539569,0.0353826532809197,0.00599207217807634,0.000665785797564037,5.612691665676e-05,0.00475529322512701,0,0.5,-0.2875,0.39375,0.00146137328596757
A2,Policy Intervention,N4SID,None,3,44,44,0.00894669876960064,0.000196802079362431,0.0522268374480054,0.0563578400536068,0.0097660869826772,0.00108512077585302,0.000146681396471549,0.00771489659727607,0,0.511363636363636,-0.276136363636364,0.391477272727273,0.00354628357349026
A2,Policy Intervention,N4SID,None,4,44,44,0.0127756899222699,0.000512435255880518,0.0722979847694454,0.0766673883618909,0.0138913775179209,0.0015434863908801,0.000321964508451407,0.0109102390229384,0,0.528409090909091,-0.259090909090909,0.384659090909091,0.00733028742788571
A2,Policy Intervention,N4SID,None,5,44,44,0.0164414010660936,0.00107336015795826,0.088189737895435,0.0944267687078476,0.0182428083279319,0.00202697870310355,0.00064150118094867,0.0137729211820414,0,0.545454545454545,-0.242045454545455,0.373295454545454,0.0139139645674327
A2,Policy Intervention,N4SID,None,6,44,44,0.0201868240625688,0.00193259803232653,0.100959322562844,0.109039368940446,0.0228561096089471,0.00253956773432746,0.00110668936219381,0.0165405669660475,0,0.568181818181818,-0.219318181818182,0.366477272727273,0.0233041520124578
A2,Policy Intervention,N4SID,None,7,44,44,0.0243143608931235,0.00301885110044662,0.112380841005905,0.121277894923094,0.0278260781392501,0.00309178645991668,0.00172233766877304,0.0195002367644338,0,0.579545454545455,-0.207954545454546,0.359659090909091,0.0350441618594638
A2,Policy Intervention,N4SID,None,8,44,44,0.0287802830169873,0.00433329994779007,0.12313575071093,0.132775882474342,0.0334862873626296,0.00372069859584774,0.00248179300375523,0.0225777914173843,0,0.596590909090909,-0.190909090909091,0.359659090909091,0.0487279352314731
A2,Policy Intervention,N4SID,None,9,44,44,0.0336502686817586,0.0056961759025793,0.134906091401611,0.145042415592459,0.0398102675328236,0.00442336305920263,0.00332897197677376,0.0258979336457822,0,0.607954545454545,-0.179545454545455,0.35625,0.0635602728074345
A2,Policy Intervention,N4SID,None,10,44,44,0.0387899063889727,0.00733495427730279,0.147857579847818,0.158475874137334,0.046253909730098,0.00513932330334423,0.00427343013816068,0.0293771529474678,0,0.636363636363636,-0.151136363636364,0.35625,0.0789502378131565
A2,Policy Intervention,N4SID,None,11,44,44,0.0439318789824809,0.0091096645015715,0.161184013890367,0.172339683766378,0.05297895167481,0.00588655018609,0.00524355694739429,0.0328017718489966,0,0.653409090909091,-0.134090909090909,0.35625,0.0946446859629564
A2,Policy Intervention,N4SID,None,12,44,44,0.048802479944656,0.0109742463014001,0.173060659309116,0.184833863481636,0.0596004007576099,0.00662226675084554,0.00624800450299453,0.035932208690816,0,0.664772727272727,-0.122727272727273,0.35625,0.110323875920843
A2,Policy Intervention,N4SID,None,13,44,44,0.0534134228573433,0.0124856132430872,0.182895421318389,0.195461830196554,0.0657349876057138,0.00730388751174598,0.00724576734834612,0.0388637679972512,0,0.676136363636364,-0.111363636363636,0.35625,0.125483849934725
A2,Policy Intervention,N4SID,None,14,44,44,0.0579863931557888,0.0138525644480317,0.190837200936831,0.20472204899185,0.0720688435904921,0.00800764928783245,0.00826845296716995,0.0417102909007864,0,0.6875,-0.1,0.35625,0.140069914337448
A2,Policy Intervention,N4SID,S,1,44,44,0.00105293912487289,0.000250681856293386,0.00408198393672736,0.00482018013856692,0.00135295825709122,0.000150328695232358,0.000221800282504649,5.24271626513152e-06,0.00067556743087075,0.744318181818182,-0.0431818181818182,0.343181818181818,0.00483595254656973
A2,Policy Intervention,N4SID,S,2,44,44,0.00287389335808918,0.000646161872932057,0.0104466986207763,0.011419241202763,0.00334033126183726,0.000371147917981918,0.000511405287462938,5.45433809223296e-05,0.001936796771722,0.693181818181818,-0.0943181818181819,0.35625,0.011332564195378
A2,Policy Intervention,N4SID,S,3,44,44,0.0057634828386085,0.00116236924733213,0.0209748086957703,0.0226145020692585,0.00655542397102367,0.000728380441224852,0.000907896501798431,0.000107372758967345,0.00401983313661787,0.664772727272727,-0.122727272727273,0.359659090909091,0.0192858202701603
A2,Policy Intervention,N4SID,S,4,44,44,0.00996637864000906,0.00171934279501043,0.0387340720189173,0.0407157481122459,0.0111332138080749,0.00123702375645276,0.00135133384482575,0.000146721919082327,0.00723129911964821,0.681818181818182,-0.105681818181818,0.35625,0.0276754449644748
A2,Policy Intervention,N4SID,S,5,44,44,0.0152870018411514,0.00239609318110916,0.0630893464809687,0.0654152564873818,0.0169225974008008,0.00188028860008898,0.00187997408249897,0.000171229625393638,0.0113555095331699,0.670454545454545,-0.117045454545455,0.35625,0.0371579603311505
A2,Policy Intervention,N4SID,S,6,44,44,0.0209661687176876,0.00334539478023875,0.0888635986244044,0.0915389670173571,0.023214005130196,0.00257933390335511,0.00246915659394196,0.00019061795381927,0.0157270602665712,0.681818181818182,-0.105681818181818,0.35625,0.0471774648160699
A2,Policy Intervention,N4SID,S,7,44,44,0.0259252293321942,0.00430260382258233,0.108416969275579,0.111553849005362,0.0289131808727962,0.00321257565253291,0.00307705347714312,0.000207979223304768,0.0194276209792134,0.698863636363636,-0.0886363636363637,0.35625,0.0571206237834394
A2,Policy Intervention,N4SID,S,8,44,44,0.0297624694789399,0.00511436851011148,0.117661828558603,0.121642246911989,0.0336516660431483,0.00373907400479425,0.0036927123555524,0.000270580792707247,0.022060102325886,0.6875,-0.1,0.35625,0.0678007861819115
A2,Policy Intervention,N4SID,S,9,44,44,0.0331606896460711,0.00604334728191634,0.119908742487388,0.125120872752706,0.0379540410010016,0.00421711566677796,0.00436692417815818,0.000245465665911904,0.0243311841352231,0.693181818181818,-0.0943181818181819,0.35625,0.0784012898951526
A2,Policy Intervention,N4SID,S,10,44,44,0.0376400328777717,0.00714826244022672,0.1246065716945,0.131354681091433,0.0433951960949462,0.00482168845499402,0.00506030557398435,0.000264518208334701,0.0274935206404587,0.710227272727273,-0.0772727272727274,0.35625,0.0893358706485207
A2,Policy Intervention,N4SID,S,11,44,44,0.0433508854948159,0.00818671561032797,0.137106116074342,0.145083423001045,0.0499774248119726,0.00555304720133029,0.00579597305522662,0.000275313375167494,0.0317265518630915,0.704545454545455,-0.0829545454545455,0.35625,0.100344812525905
A2,Policy Intervention,N4SID,S,12,44,44,0.0490889675343465,0.00937396585127756,0.153783259721901,0.162691886108496,0.0567375686522023,0.00630417429468914,0.00650958029913193,0.000368186048987048,0.0359070268915384,0.704545454545455,-0.0829545454545455,0.35625,0.111221675897534
A2,Policy Intervention,N4SID,S,13,44,44,0.0530889429117062,0.0107440186026304,0.164825159672706,0.17455186493336,0.0616655353848065,0.00685172615386738,0.00726556559416423,0.00039764972390304,0.0385740014397716,0.704545454545455,-0.0829545454545455,0.35625,0.122257354580669
A2,Policy Intervention,N4SID,S,14,44,44,0.0551129601507576,0.0116107672975939,0.166153061075826,0.176869575025291,0.0645551194735241,0.00717279105261379,0.00804899973776583,0.000360424765302424,0.0395307445950755,0.698863636363636,-0.0886363636363637,0.35625,0.133437869060511
A2,Policy Intervention,SSEST,Both,1,44,44,0.0612961670706532,0.0015605345309381,0.171318113701172,0.20805145573149,0.0699435411263979,0.00777150456959977,0.0028760561835903,2.69019734047699e-05,0.0506217043440583,0.767045454545455,-0.0204545454545455,0.343181818181818,0.0429223455996305
A2,Policy Intervention,SSEST,Both,2,44,44,0.0764773845107976,0.00337135476407475,0.218381169202644,0.241920467340381,0.0807355414518618,0.00897061571687353,0.00796448238584842,8.38118962201025e-05,0.0594584745118555,0.767045454545455,-0.0204545454545455,0.343181818181818,0.120481843973698
A2,Policy Intervention,SSEST,Both,3,44,44,0.0757605813197356,0.00460520834172612,0.21576763549487,0.238421320629829,0.0789558226167578,0.00877286917963976,0.00772467406121878,0.000111150507062362,0.0591518875718147,0.767045454545455,-0.0204545454545455,0.343181818181818,0.121633131453139
A2,Policy Intervention,SSEST,Both,4,44,44,0.07823631011937,0.00564179793844215,0.216105090946109,0.236040008333837,0.0781415586704055,0.00868239540782283,0.0104686126822704,0.000114135595992511,0.0589711664332843,0.767045454545455,-0.0204545454545455,0.343181818181818,0.152665103844488
A2,Policy Intervention,SSEST,Both,5,44,44,0.0760424374647028,0.00657053267697337,0.211082840232471,0.233799367401151,0.0792242469667406,0.00880269410741562,0.00921776665989482,0.000101291799408719,0.0579206848979836,0.761363636363636,-0.0261363636363637,0.343181818181818,0.14900278396846
A2,Policy Intervention,SSEST,Both,6,44,44,0.078304475076602,0.0074296923042583,0.214401790211144,0.230137205610019,0.079125030568012,0.00879167006311245,0.0102660836391248,7.88477924400684e-05,0.0591678735819247,0.761363636363636,-0.0261363636363637,0.343181818181818,0.154410386422831
A2,Policy Intervention,SSEST,Both,7,44,44,0.0759465183742101,0.00823981809819999,0.209459943450813,0.224873029911935,0.0775726022711477,0.00861917803012752,0.0100648456230882,5.08678299962091e-05,0.0572116268909982,0.755681818181818,-0.0318181818181819,0.343181818181818,0.151861104631116
A2,Policy Intervention,SSEST,Both,8,44,44,0.0739561146916791,0.00901342237039873,0.204174270700113,0.221506023508865,0.0797221961189214,0.00885802179099126,0.0106658453010009,1.98814507170641e-05,0.0544123661489698,0.755681818181818,-0.0318181818181819,0.343181818181818,0.166257053427591
A2,Policy Intervention,SSEST,Both,9,44,44,0.0729583641479545,0.0097587816246184,0.201675521944713,0.219625426651149,0.0806762075164506,0.00896402305738339,0.0109665245628939,1.35009625477056e-08,0.0530278030267146,0.761363636363636,-0.0261363636363637,0.343181818181818,0.166733364803981
A2,Policy Intervention,SSEST,Both,10,44,44,0.071166207547927,0.0104816988388675,0.19848550801175,0.212990184123477,0.0772487828526748,0.00858319809474164,0.0121362788936301,2.23577053571126e-08,0.0504467082018499,0.761363636363636,-0.0261363636363637,0.343181818181818,0.184359348883939
A2,Policy Intervention,SSEST,Both,11,44,44,0.0670436235483552,0.0111864234224264,0.195047247427474,0.20723182784996,0.073300164494214,0.00814446272157934,0.0118158371770669,7.6456317479922e-05,0.047006867332229,0.767045454545455,-0.0204545454545455,0.333522727272727,0.186290727688227
A2,Policy Intervention,SSEST,Both,12,44,44,0.0651453240344887,0.0118761738280623,0.184271592158628,0.206722458036234,0.0746460791181875,0.00829400879090972,0.0129049098640889,0.000544927185360427,0.0434014781941296,0.767045454545455,-0.0204545454545455,0.333522727272727,0.197256843794003
A2,Policy Intervention,SSEST,Both,13,44,44,0.0668037780841078,0.0124841745273484,0.182806990453876,0.211242001048938,0.0802885260239306,0.00892094733599229,0.0132458017001599,0.00182960131386875,0.0428074277340869,0.755681818181818,-0.0318181818181819,0.343181818181818,0.19946289740912
A2,Policy Intervention,SSEST,Both,14,44,44,0.066837715466695,0.0130701326889154,0.178430220608737,0.208385465075402,0.0814472031486796,0.00904968923874218,0.013990367652686,0.00253806044185685,0.04125959813341,0.761363636363636,-0.0261363636363637,0.338068181818182,0.209248304739911
A2,Policy Intervention,SSEST,I,1,44,44,0.0303338803397588,0.0014617503830628,0.12877104738048,0.173335892870056,0.0380183103758588,0.00422425670842876,0.002903349095181,0.00118235414272399,0.0220239203934251,0.801136363636364,0.0136363636363636,0.320454545454545,0.0409586508367598
A2,Policy Intervention,SSEST,I,2,44,44,0.0292180121924816,0.00318858990856579,0.118147110159591,0.166298559311909,0.0417604633688411,0.00464005148542679,0.0061062754625921,0.00375696133297253,0.0147147239114902,0.778409090909091,-0.00909090909090913,0.338068181818182,0.0851552748461483
A2,Policy Intervention,SSEST,I,3,44,44,0.0346157300176138,0.0043096139788952,0.12622744718576,0.174221522935691,0.0470060862578531,0.00522289847309479,0.00622071204215213,0.00672893939481263,0.0164431801075543,0.772727272727273,-0.0147727272727273,0.338068181818182,0.0938070640074264
A2,Policy Intervention,SSEST,I,4,44,44,0.0394721064170439,0.0052270149515039,0.13684241987196,0.18788701577388,0.0530794846280086,0.00589772051422318,0.00808461441364698,0.00973184874545243,0.0157579227437214,0.778409090909091,-0.00909090909090913,0.338068181818182,0.107257956723829
A2,Policy Intervention,SSEST,I,5,44,44,0.0428736115076336,0.00603030765483568,0.143892053330863,0.190731963040271,0.0563299421524374,0.00625888246138193,0.00826933840153277,0.0125840815210931,0.0157613091236258,0.778409090909091,-0.00909090909090913,0.338068181818182,0.116872637249369
A2,Policy Intervention,SSEST,I,6,44,44,0.0464598018908633,0.00675795839161571,0.151031580296086,0.194215744935922,0.0595268304836852,0.00661409227596502,0.00881145123926541,0.0152854294124947,0.0157488289631382,0.778409090909091,-0.00909090909090913,0.333522727272727,0.125043859878395
A2,Policy Intervention,SSEST,I,7,44,44,0.0501172061154454,0.00743069444961819,0.158049072743753,0.19692606917593,0.0625422679443133,0.00694914088270148,0.00923790292699993,0.01799977703103,0.015930385274714,0.767045454545455,-0.0204545454545455,0.341477272727273,0.130872119916166
A2,Policy Intervention,SSEST,I,8,44,44,0.0539467575256315,0.00818439091328347,0.16358003333806,0.207674188607745,0.0678780453094863,0.00754200503438736,0.00987634120840989,0.0209091537654654,0.0156192575173688,0.761363636363636,-0.0261363636363637,0.346590909090909,0.139439717826453
A2,Policy Intervention,SSEST,I,9,44,44,0.0594873038010325,0.00879034459721727,0.172439883953626,0.217847672214243,0.073064411676254,0.00811826796402822,0.00880934392000165,0.0240492762491567,0.0185104156678459,0.755681818181818,-0.0318181818181819,0.346590909090909,0.134363897270116
A2,Policy Intervention,SSEST,I,10,44,44,0.0624152567552636,0.00936800540158679,0.180867428743377,0.2274975059885,0.0779176903948691,0.00865752115498546,0.010700806962753,0.0273191979582416,0.0157377306792835,0.761363636363636,-0.0261363636363637,0.346590909090909,0.146307243751327
A2,Policy Intervention,SSEST,I,11,44,44,0.067964167432402,0.00992179790905311,0.19319952496738,0.235052913467615,0.0818940706954158,0.00909934118837954,0.00915351825743006,0.0305269503646059,0.0191843576219865,0.755681818181818,-0.0318181818181819,0.346590909090909,0.14188615054459
A2,Policy Intervention,SSEST,I,12,44,44,0.0697898703373857,0.010455086954731,0.199381219601179,0.244123033326399,0.086174557287774,0.00957495080975266,0.0111464863791469,0.0335487264989376,0.0155197066495485,0.767045454545455,-0.0204545454545455,0.343181818181818,0.158672138332008
A2,Policy Intervention,SSEST,I,13,44,44,0.0741735451021672,0.0109705012899153,0.206737998219177,0.248827641431287,0.0891887629895847,0.00990986255439829,0.0105250461624926,0.0363764947239844,0.0173621416612919,0.761363636363636,-0.0261363636363637,0.343181818181818,0.15980896409926
A2,Policy Intervention,SSEST,I,14,44,44,0.076351098053351,0.0114701403466876,0.211524566037337,0.2593102483712,0.0943754142924371,0.0104861571436041,0.0119696483899345,0.039149502966749,0.0147457895530634,0.767045454545455,-0.0204545454545455,0.343181818181818,0.169612272730794
A2,Policy Intervention,SSEST,None,1,44,44,0.00575408704519636,0.00457957657878837,0.0108052154455213,0.0154046812600594,0.00429500992593152,0.000477223325103502,0.00377713414317104,0.00149972957692181,0,0.835227272727273,0.0477272727272727,0.303977272727273,0.0552191126774435
A2,Policy Intervention,SSEST,None,2,44,44,0.0104593980696846,0.00677532008069747,0.0277799983147889,0.0346139774963662,0.0091557642173712,0.00101730713526347,0.00543573775839388,0.00400635317602723,0,0.8125,0.025,0.317045454545454,0.0794855272332223
A2,Policy Intervention,SSEST,None,3,44,44,0.0151551750481679,0.00843347496489222,0.0468473389946926,0.0551362485319013,0.0141494227914588,0.00157215808793986,0.00669228160021103,0.006890735360017,0,0.806818181818182,0.0193181818181818,0.320454545454545,0.0978824954709408
A2,Policy Intervention,SSEST,None,4,44,44,0.0196996334918047,0.00985014708861241,0.0654153941928105,0.0748876426075872,0.019065712703046,0.00211841252256067,0.00774547315952535,0.00983574780971869,0,0.801136363636364,0.0136363636363636,0.320454545454545,0.113312739758794
A2,Policy Intervention,SSEST,None,5,44,44,0.0239667480514129,0.0111135248969483,0.0815091528383518,0.0920735537039708,0.0237515381429956,0.00263905979366617,0.00866984512038825,0.0126578431373584,0,0.801136363636364,0.0136363636363636,0.320454545454545,0.126864698060783
A2,Policy Intervention,SSEST,None,6,44,44,0.0280169253301588,0.0122682435862235,0.094497543535206,0.106127978286157,0.0282267589328713,0.00313630654809681,0.00950307497258635,0.0153775438094756,0,0.789772727272727,0.00227272727272723,0.330113636363636,0.139088423153336
A2,Policy Intervention,SSEST,None,7,44,44,0.0320079050912716,0.0133406128699465,0.105175113232764,0.117835287269704,0.0326620088398865,0.00362911209332072,0.0102673558013939,0.018111437196557,0,0.789772727272727,0.00227272727272723,0.330113636363636,0.150307808586434
A2,Policy Intervention,SSEST,None,8,44,44,0.0361293274105799,0.0143476858143935,0.11524265473806,0.128813926638172,0.0372529075968188,0.00413921195520208,0.0109770658181572,0.0210130496372206,0,0.789772727272727,0.00227272727272723,0.330113636363636,0.160732626510183
A2,Policy Intervention,SSEST,None,9,44,44,0.040461576001837,0.0155142821379997,0.126341913930401,0.140608636646819,0.0420787611835211,0.00467541790928012,0.0116421512333292,0.0241440068592277,0,0.789772727272727,0.00227272727272723,0.330113636363636,0.170507939401809
A2,Policy Intervention,SSEST,None,10,44,44,0.0449032543021354,0.0164355777744765,0.138955697526919,0.15369035257687,0.0470375536101141,0.00522639484556823,0.0122698311261741,0.027407028330393,0,0.789772727272727,0.00227272727272723,0.330113636363636,0.179738999193738
A2,Policy Intervention,SSEST,None,11,44,44,0.0492472851014724,0.0173178426752511,0.152068708199289,0.167154146808628,0.0519190136920019,0.00576877929911133,0.0128655417246553,0.0306129640777058,0,0.784090909090909,-0.00340909090909095,0.330113636363636,0.18850503656954
A2,Policy Intervention,SSEST,None,12,44,44,0.05334302239415,0.0181661491403894,0.164087582262942,0.179556876387841,0.0565700473534019,0.00628556081704465,0.0134334977950609,0.0336239637820445,0,0.772727272727273,-0.0147727272727273,0.338068181818182,0.196867457941288
A2,Policy Intervention,SSEST,None,13,44,44,0.057225850393625,0.0189845244678065,0.17405443479817,0.190049521412279,0.0610105161222277,0.00677894623580308,0.0139770453617226,0.0364698587960993,0,0.767045454545455,-0.0204545454545455,0.343181818181818,0.204874994967272
A2,Policy Intervention,SSEST,None,14,44,44,0.0610578280506978,0.0197762295165626,0.182140158123987,0.198831511468181,0.0654110554452332,0.00726789504947035,0.0144988933865674,0.03929103961466,0,0.767045454545455,-0.0204545454545455,0.343181818181818,0.212567086534505
A2,Policy Intervention,SSEST,S,1,44,44,0.0120487371247887,0.00149419709911821,0.061614453867352,0.0762097003296264,0.0141284090049542,0.00156982322277269,0.00131376743134634,0.00124578146524899,0.00791936500542072,0.806818181818182,0.0193181818181818,0.320454545454545,0.0206988310583151
A2,Policy Intervention,SSEST,S,2,44,44,0.0237489702133541,0.00321213838331143,0.111323402327879,0.123848195108087,0.0256895021678747,0.00285438912976385,0.00276327447688439,0.00385304915089512,0.0142782574558108,0.778409090909091,-0.00909090909090913,0.338068181818182,0.0425771421621434
A2,Policy Intervention,SSEST,S,3,44,44,0.0294369339500937,0.00435968341767043,0.124781965301134,0.130445458086502,0.0306544959816388,0.00340605510907098,0.00354244323998671,0.00682828669805437,0.0156601489029817,0.778409090909091,-0.00909090909090913,0.338068181818182,0.0530435021572215
A2,Policy Intervention,SSEST,S,4,44,44,0.0329211762882554,0.00530982839263669,0.127832845698892,0.139391540960782,0.0355461391870774,0.00394957102078638,0.00419689399438003,0.00983827059007756,0.0149364406830114,0.778409090909091,-0.00909090909090913,0.338068181818182,0.0630036608781547
A2,Policy Intervention,SSEST,S,5,44,44,0.0361389127828219,0.00615041477424929,0.132193799310523,0.148890578855607,0.0402115330369568,0.00446794811521742,0.00479749180901942,0.0127045724946033,0.0141689003639818,0.772727272727273,-0.0147727272727273,0.338068181818182,0.0721971007393517
A2,Policy Intervention,SSEST,S,6,44,44,0.0396029963991254,0.00691909618779158,0.138775473532514,0.157645789324023,0.044670622748887,0.00496340252765411,0.00536322660564538,0.0154246339632605,0.0138517333025654,0.761363636363636,-0.0261363636363637,0.346022727272727,0.0806987154041385
A2,Policy Intervention,SSEST,S,7,44,44,0.0443581967045146,0.00763610286054549,0.150838597525122,0.165530083781428,0.0490941419294134,0.00545490465882371,0.00582972549428889,0.0181615083218487,0.0149120582295533,0.755681818181818,-0.0318181818181819,0.351136363636364,0.0869966439308023
A2,Policy Intervention,SSEST,S,8,44,44,0.0465220597031235,0.00856497126248305,0.150191691480569,0.173368340117865,0.0536777946999811,0.00596419941110901,0.00639446314499884,0.0210639641207458,0.0130994330262699,0.755681818181818,-0.0318181818181819,0.351136363636364,0.0957807633061726
A2,Policy Intervention,SSEST,S,9,44,44,0.0506227107199295,0.00924022444451298,0.158647513688588,0.182207108332704,0.0585009274645618,0.00650010305161798,0.00676295796686577,0.0241970766229877,0.013162573078458,0.761363636363636,-0.0261363636363637,0.346590909090909,0.101149897325694
A2,Policy Intervention,SSEST,S,10,44,44,0.0556160525584217,0.00989007354312247,0.171575294504042,0.192422682074215,0.0634615419845232,0.0070512824427248,0.00712733329983787,0.0274725300904228,0.0139649067254362,0.761363636363636,-0.0261363636363637,0.346590909090909,0.105769463308403
A2,Policy Intervention,SSEST,S,11,44,44,0.0604381609179474,0.0105187702235484,0.184677052510697,0.203304298289869,0.0683494083191156,0.00759437870212395,0.0074648990796455,0.0306862828363079,0.01469260029987,0.761363636363636,-0.0261363636363637,0.346590909090909,0.11038564045194
A2,Policy Intervention,SSEST,S,12,44,44,0.0647224341322218,0.011129536130491,0.195892792805589,0.213602575461413,0.0730109975558057,0.00811233306175619,0.00780675322643257,0.033697291575809,0.015106056268224,0.755681818181818,-0.0318181818181819,0.346590909090909,0.115514105224343
A2,Policy Intervention,SSEST,S,13,44,44,0.0678141503886737,0.0117248787707009,0.202153336381919,0.222493010903352,0.0774660530684455,0.00860733922982728,0.00823622292432337,0.0365239942705122,0.0144465939640108,0.755681818181818,-0.0318181818181819,0.346590909090909,0.12234826939872
A2,Policy Intervention,SSEST,S,14,44,44,0.071618943413568,0.0123067930213515,0.209556360559943,0.230046135914142,0.0818845557932156,0.00909828397702396,0.00858667946709877,0.0393250320451674,0.0146089479242779,0.744318181818182,-0.0431818181818182,0.354545454545455,0.127640085130005
A3,Damping Resurgence,AR,None,1,44,44,8.12922149026478e-10,7.27724828545699e-10,5.12842955579423e-10,2.09296661554089e-09,1.68419751125157e-09,1.87133056805731e-10,3.34915682126346e-10,1.38868523863074e-10,1.52004886231327e-10,0.710227272727273,-0.0772727272727273,0.314204545454545,4.96816850222646e-09
A3,Damping Resurgence,AR,None,2,44,44,7.94748405754406e-09,6.71773558385485e-09,5.24307774906448e-09,2.02200592251747e-08,1.6398310663902e-08,1.82203451821133e-09,2.95713197816225e-09,1.52279528156691e-09,1.64552227960358e-09,0.670454545454545,-0.117045454545455,0.339772727272727,4.38326484458487e-08
A3,Damping Resurgence,AR,None,3,44,44,4.24842872986465e-08,3.57632523910005e-08,2.89469309644031e-08,1.06496803006638e-07,8.67923163439987e-08,9.64359070488874e-09,1.45661608617295e-08,8.81401291851315e-09,9.46052281351512e-09,0.647727272727273,-0.139772727272727,0.352840909090909,2.16311800751106e-07
A3,Damping Resurgence,AR,None,4,44,44,1.64028073938881e-07,1.33474762333459e-07,1.14844386118154e-07,4.0491955266294e-07,3.30677511161216e-07,3.67419456845795e-08,5.25916373010399e-08,3.59392981721519e-08,3.87551927811096e-08,0.625,-0.1625,0.369318181818182,7.8411647762541e-07
A3,Damping Resurgence,AR,None,5,44,44,5.14239370253711e-07,4.13803383534731e-07,3.66700810193864e-07,1.24949711868383e-06,1.02075094832682e-06,1.13416772036313e-07,1.55406738212428e-07,1.17718731907138e-07,1.27697128097832e-07,0.607954545454545,-0.179545454545455,0.381818181818182,2.32104826545938e-06
A3,Damping Resurgence,AR,None,6,44,44,1.38040122383629e-06,1.1337576790307e-06,1.00411075934771e-06,3.32746383987313e-06,2.71272774321737e-06,3.01414193690819e-07,3.98037176772374e-07,3.27797716548564e-07,3.53152136824537e-07,0.602272727272727,-0.185227272727273,0.386363636363636,5.93814537940059e-06
A3,Damping Resurgence,AR,None,7,44,44,3.29940250008916e-06,2.71297415903901e-06,2.45107771014686e-06,7.86096593290305e-06,6.41033019694012e-06,7.12258910771125e-07,9.15669515023682e-07,8.07814238160036e-07,8.63659836134321e-07,0.573863636363636,-0.213636363636364,0.410795454545455,1.36095276138349e-05
A3,Damping Resurgence,AR,None,8,44,44,7.17145046889314e-06,6.05099205445344e-06,5.41935082572278e-06,1.69084820616364e-05,1.38380228713345e-05,1.53755809681494e-06,1.9268349046026e-06,1.78348293375963e-06,1.92357453371597e-06,0.551136363636364,-0.236363636363636,0.426136363636364,2.85652866058016e-05
A3,Damping Resurgence,AR,None,9,44,44,1.44678916104569e-05,1.12634902324925e-05,1.11193632986498e-05,3.37822838680518e-05,2.77317939825923e-05,3.08131044251026e-06,3.76730470988848e-06,3.67711651464408e-06,3.94215994341406e-06,0.545454545454545,-0.242045454545455,0.427272727272727,5.57645292368631e-05
A3,Damping Resurgence,AR,None,10,44,44,2.74107709438635e-05,1.88619498901683e-05,2.13126697888778e-05,6.35240938083632e-05,5.22038502830088e-05,5.8004278092232e-06,6.94243394858703e-06,7.10251218267407e-06,7.56539700337917e-06,0.522727272727273,-0.264772727272727,0.434090909090909,0.000102571054663005
A3,Damping Resurgence,AR,None,11,44,44,4.91414490578969e-05,3.3814343661324e-05,3.86697334380663e-05,0.000113324496101386,9.3085979702529e-05,1.03428866336143e-05,1.21328783550018e-05,1.2922142026547e-05,1.37435420427338e-05,0.528409090909091,-0.259090909090909,0.427840909090909,0.000179125778347762
A3,Damping Resurgence,AR,None,12,44,44,8.41436754407732e-05,5.56860146958857e-05,6.69470812930419e-05,0.000194192825166764,0.000158879212349242,1.76532458165825e-05,2.02399467686532e-05,2.24720815283072e-05,2.37784013272303e-05,0.517045454545455,-0.270454545454546,0.434659090909091,0.000299006176465429
A3,Damping Resurgence,AR,None,13,44,44,0.000138203432081236,9.47883487726194e-05,0.000110980889323487,0.000318455486621677,0.000259526037619016,2.88362264021129e-05,3.24991528480658e-05,3.75003419764428e-05,3.93677108546148e-05,0.522727272727273,-0.264772727272727,0.436363636363637,0.000480224208839477
A3,Damping Resurgence,AR,None,14,44,44,0.000218110985610444,0.000156791505639913,0.000176823781473723,0.000502256044847947,0.000407410424594288,4.52678249549209e-05,5.05118521707983e-05,5.98790609401054e-05,6.24522475446191e-05,0.522727272727273,-0.264772727272727,0.436363636363637,0.000745680967560201
A3,Damping Resurgence,ARX,Both,1,44,44,7.37272762058403e-08,5.29531960952795e-08,6.31636051728642e-08,1.81296913422004e-07,1.42608870379313e-07,1.58454300421459e-08,2.29363280581982e-08,1.85061321547636e-08,1.64393859507326e-08,0.573863636363636,-0.213636363636364,0.398295454545455,3.29562839844477e-07
A3,Damping Resurgence,ARX,Both,2,44,44,5.59102976952334e-07,3.9600368079398e-07,5.29716735286079e-07,1.29773626046348e-06,1.01963529358146e-06,1.1329281039794e-07,1.36897168330303e-07,1.65153603224198e-07,1.43759394999893e-07,0.471590909090909,-0.315909090909091,0.460227272727273,1.97541186458286e-06
A3,Damping Resurgence,ARX,Both,3,44,44,2.39936609334862e-06,1.53916402459616e-06,2.39998658428865e-06,5.33062500344146e-06,4.17668646301742e-06,4.64076273668602e-07,4.82119598885461e-07,7.80062748980423e-07,6.73107471814133e-07,0.431818181818182,-0.355681818181818,0.488068181818182,6.98762017254964e-06
A3,Damping Resurgence,ARX,Both,4,44,44,7.68961777389414e-06,4.61473597262205e-06,7.97243261008789e-06,1.63807122313205e-05,1.28062874830415e-05,1.42292083144905e-06,1.31108753544146e-06,2.65505433094839e-06,2.30055507605524e-06,0.409090909090909,-0.378409090909091,0.5125,1.90082012669762e-05
A3,Damping Resurgence,ARX,Both,5,44,44,2.02964046306334e-05,1.23544798531241e-05,2.17771723307525e-05,4.19025710377239e-05,3.24609150800817e-05,3.6067683422313e-06,2.99070733663725e-06,7.30557131629852e-06,6.3933576354663e-06,0.380681818181818,-0.406818181818182,0.523863636363636,4.34209361400226e-05
A3,Damping Resurgence,ARX,Both,6,44,44,4.67472166068545e-05,2.75788072238066e-05,5.16234094585789e-05,9.39039144005959e-05,7.19777283433915e-05,7.99752537148794e-06,6.06190365834402e-06,1.729972530392e-05,1.53880622731025e-05,0.357954545454545,-0.429545454545455,0.536931818181818,8.80569660945294e-05
A3,Damping Resurgence,ARX,Both,7,44,44,9.74453125354081e-05,5.34406321600835e-05,0.000110389517239686,0.000191243863278977,0.000145304718375806,1.61449687084229e-05,1.12265910843242e-05,3.67590648508689e-05,3.33146878917921e-05,0.346590909090909,-0.440909090909091,0.542045454545455,0.000163150034472222
A3,Damping Resurgence,ARX,Both,8,44,44,0.00018773393197409,0.000105859027430554,0.000218291053741602,0.000361935626313241,0.000272226944844805,3.02474383160895e-05,1.93844657958377e-05,7.17212527260762e-05,6.63807751360866e-05,0.3125,-0.475,0.560227272727273,0.000281630649625113
A3,Damping Resurgence,ARX,Both,9,44,44,0.000340601762217566,0.000192607633707261,0.000404187390525946,0.000646152741461234,0.000480680867586864,5.34089852874294e-05,3.16712217604226e-05,0.000130928442072386,0.000124593113097328,0.295454545454545,-0.492045454545455,0.569318181818182,0.000459808765612723
A3,Damping Resurgence,ARX,Both,10,44,44,0.000587553052013083,0.000336782651753545,0.000713240855933845,0.00110159868703287,0.000809699384629896,8.99665982922106e-05,4.92361339469397e-05,0.000226348996878627,0.000222001322895305,0.295454545454545,-0.492045454545455,0.569318181818182,0.000715973265877589
A3,Damping Resurgence,ARX,Both,11,44,44,0.000971118027753009,0.00056192055538508,0.00120899974753419,0.00181009993732412,0.00131013641422149,0.000145570712691277,7.39282801686824e-05,0.000373387548773827,0.000378231486119223,0.272727272727273,-0.514772727272727,0.589772727272727,0.00107405043548255
A3,Damping Resurgence,ARX,Both,12,44,44,0.00155099733358394,0.000878961881006493,0.00198511744271072,0.00288328496846882,0.00204665606206658,0.000227406229118509,0.000107119074815722,0.000594671815477728,0.000621800214171977,0.25,-0.5375,0.607386363636364,0.00155621029398186
A3,Damping Resurgence,ARX,Both,13,44,44,0.00240176026797205,0.00128763150784825,0.00317882529672119,0.00447074102071332,0.00309565701522242,0.000343961890580269,0.000150609426465945,0.000914914597074733,0.000992274353851103,0.238636363636364,-0.548863636363636,0.617613636363636,0.00218926765384652
A3,Damping Resurgence,ARX,Both,14,44,44,0.00362338108942553,0.00197750874389762,0.00498904722620226,0.00679236657573876,0.004581458847454,0.000509050983050445,0.000206507358881043,0.00136399577082704,0.001543826976667,0.215909090909091,-0.571590909090909,0.629545454545454,0.00300108289228502
A3,Damping Resurgence,ARX,I,1,44,44,0.00048134718286491,0.000388474297692985,0.000305924905828363,0.00115774232653128,0.000983196812376943,0.000109244090264105,0.00017382838726737,8.23632649222037e-05,0.000115911440411231,0.5625,-0.225,0.410795454545455,0.0026768179352415
A3,Damping Resurgence,ARX,I,2,44,44,0.0016482162870573,0.00128328631435381,0.00126808314718857,0.00355568604457191,0.00302259850738868,0.000335844278598743,0.000393973933670663,0.000431706618407309,0.000486691456380585,0.465909090909091,-0.321590909090909,0.457386363636364,0.00582832550011026
A3,Damping Resurgence,ARX,I,3,44,44,0.00363783143296786,0.0027516443850987,0.0029488539706228,0.00727159959690144,0.0061876017001476,0.0006875113000164,0.000654120699463413,0.00112168004613734,0.00117451938735071,0.392045454545455,-0.395454545454546,0.50625,0.00958444684666226
A3,Damping Resurgence,ARX,I,4,44,44,0.0065932140998303,0.0052125042408943,0.00546509809872672,0.0123498057183302,0.0105034133437701,0.00116704592708556,0.000951812754177457,0.00228079691496621,0.00219355850360107,0.323863636363636,-0.463636363636364,0.550568181818182,0.0138642797998253
A3,Damping Resurgence,ARX,I,5,44,44,0.0104644999140969,0.00809335311840587,0.00876269767610372,0.0188689629188452,0.0159813696303562,0.00177570773670625,0.00127993669253865,0.00385650495749776,0.00355235052735423,0.3125,-0.475,0.557386363636364,0.0186200450806722
A3,Damping Resurgence,ARX,I,6,44,44,0.0153560836189914,0.0117266845961236,0.01287926810516,0.0270646906296003,0.0228239144379437,0.00253599049310486,0.00163881264909998,0.00592466611025512,0.00525661436653142,0.255681818181818,-0.531818181818182,0.6,0.0238725412088742
A3,Damping Resurgence,ARX,I,7,44,44,0.0213950808205858,0.0163949460711699,0.0178572793961568,0.036637602367006,0.030780381531805,0.00342004239242278,0.0020287464267685,0.00859810009124347,0.00734819191015104,0.227272727272727,-0.560227272727273,0.619318181818182,0.0294615522039002
A3,Damping Resurgence,ARX,I,8,44,44,0.0286042339995575,0.022372571885223,0.0238768068078361,0.0479041397379564,0.0400955655481733,0.00445506283868592,0.00244211695866628,0.0118775325237461,0.00982952167845921,0.193181818181818,-0.594318181818182,0.646590909090909,0.0354316093332763
A3,Damping Resurgence,ARX,I,9,44,44,0.0370785068439822,0.0297517239722664,0.0309679712582445,0.0609715411983617,0.0508582615931033,0.00565091795478926,0.00288350850187833,0.0158465002731928,0.0126975801141218,0.181818181818182,-0.605681818181818,0.661363636363636,0.0418055638160579
A3,Damping Resurgence,ARX,I,10,44,44,0.0468419019857015,0.0389690060872149,0.0391712400947081,0.0756183953746431,0.0628983005689244,0.00698870006321382,0.00333029539700914,0.0205259286425275,0.015996977882951,0.153409090909091,-0.634090909090909,0.682954545454545,0.0484295905336012
A3,Damping Resurgence,ARX,I,11,44,44,0.0579497523898469,0.0492946778466927,0.0486261930890387,0.0923979259732905,0.0764406709465904,0.00849340788295448,0.00378609132959462,0.0259265914443081,0.0197436617329896,0.142045454545455,-0.645454545454545,0.682954545454545,0.0553146308428892
A3,Damping Resurgence,ARX,I,12,44,44,0.070260616255549,0.0580689244532853,0.0594414194764096,0.110913968355549,0.091187485850352,0.0101319428722613,0.00428504323517615,0.0320400305053182,0.0238035996427933,0.119318181818182,-0.668181818181818,0.702840909090909,0.0625424532425673
A3,Damping Resurgence,ARX,I,13,44,44,0.0840710040640294,0.0675053478325345,0.0718040769034886,0.13172767632963,0.107521585680598,0.0119468428533997,0.00481230361803571,0.0390911365256291,0.0282207210669649,0.113636363636364,-0.673863636363636,0.70625,0.0701662032372331
A3,Damping Resurgence,ARX,I,14,44,44,0.0992574603532566,0.0786637202331732,0.0859653375379109,0.154494789848686,0.12526833796923,0.0139187042188033,0.00535261898598839,0.0470055976306029,0.032980539517862,0.107954545454545,-0.679545454545455,0.710795454545455,0.0780988011883493
A3,Damping Resurgence,ARX,S,1,44,44,7.22807173922537e-08,5.37200841699281e-08,6.86081274599257e-08,1.81332026777354e-07,1.37951545406664e-07,1.53279494896293e-08,2.30875628258366e-08,1.8731712301918e-08,1.51334927748697e-08,0.539772727272727,-0.247727272727273,0.426704545454546,3.30131493428294e-07
A3,Damping Resurgence,ARX,S,2,44,44,5.45898717777919e-07,3.85118355867359e-07,5.651135072506e-07,1.31054226773175e-06,9.905330432446e-07,1.10059227027178e-07,1.3741453262747e-07,1.64842463281544e-07,1.33582494841727e-07,0.5,-0.2875,0.460795454545455,1.97223684492469e-06
A3,Damping Resurgence,ARX,S,3,44,44,2.3363142598885e-06,1.60873089356281e-06,2.55514832780875e-06,5.32593081792353e-06,4.02024961522347e-06,4.46694401691497e-07,4.82750537779913e-07,7.80487264660608e-07,6.26382055756484e-07,0.460227272727273,-0.327272727272727,0.482386363636364,6.9453947238811e-06
A3,Damping Resurgence,ARX,S,4,44,44,7.43935653203264e-06,5.04231809340918e-06,8.43369428312867e-06,1.62595035488983e-05,1.22574330707665e-05,1.36193700786294e-06,1.30027048748364e-06,2.68552957727375e-06,2.0916194594123e-06,0.426136363636364,-0.361363636363636,0.498863636363636,1.8705669321939e-05
A3,Damping Resurgence,ARX,S,5,44,44,1.97383667269572e-05,1.34387049434612e-05,2.29146893208226e-05,4.15553851037457e-05,3.12808880133923e-05,3.47565422371026e-06,2.95752250251807e-06,7.65544222306828e-06,5.64974777766061e-06,0.386363636363636,-0.401136363636364,0.526136363636364,4.25087557987649e-05
A3,Damping Resurgence,ARX,S,6,44,44,4.62536494206093e-05,2.90066735289616e-05,5.4859521988004e-05,9.38371063788655e-05,7.0147179545404e-05,7.79413106060044e-06,5.94656365953893e-06,1.93172803180793e-05,1.31956743823906e-05,0.352272727272727,-0.435227272727273,0.551136363636364,8.56521724683324e-05
A3,Damping Resurgence,ARX,S,7,44,44,9.94998958454763e-05,5.94071212530782e-05,0.000119206887372568,0.00019448207259977,0.00014453108060597,1.60590089562189e-05,1.09321650043204e-05,4.43692517268142e-05,2.81394701581228e-05,0.329545454545455,-0.457954545454545,0.563068181818182,0.000157832070535658
A3,Damping Resurgence,ARX,S,8,44,44,0.000198480429394559,0.000108420024515108,0.000242956895567087,0.000377879771266456,0.000277710406184679,3.08567117982976e-05,1.87612851254036e-05,9.36575023563451e-05,5.5204930114513e-05,0.301136363636364,-0.486363636363636,0.576704545454546,0.000271535201538274
A3,Damping Resurgence,ARX,S,9,44,44,0.000372337812896228,0.000196703876386555,0.000470738752253031,0.000697832479354904,0.000502201872805101,5.58002080894557e-05,3.05104683430522e-05,0.00018443015434157,0.00010159698212215,0.284090909090909,-0.503409090909091,0.588068181818182,0.000441674467759805
A3,Damping Resurgence,ARX,S,10,44,44,0.000662992142028084,0.000337896474775448,0.000871993370047959,0.00123683551624615,0.000864631242186876,9.6070138020764e-05,4.73444339010134e-05,0.000341679979276215,0.000177897590830091,0.301136363636364,-0.486363636363636,0.579545454545455,0.000685776238047986
A3,Damping Resurgence,ARX,S,11,44,44,0.0011263873634891,0.000548091381810014,0.00155002903961516,0.0021101036644548,0.00142669132157477,0.000158521257952752,7.06259007271843e-05,0.000600889793239082,0.000296350411570078,0.278409090909091,-0.509090909090909,0.597727272727273,0.00102352246137649
A3,Damping Resurgence,ARX,S,12,44,44,0.00184146978901312,0.000810094294845618,0.00265048831908538,0.00348102760764118,0.00227081353411784,0.000252312614901982,0.000101654271602272,0.00101010400731509,0.000477398895193771,0.272727272727273,-0.514772727272727,0.602840909090909,0.00147526909762799
A3,Damping Resurgence,ARX,S,13,44,44,0.00290491008864456,0.0012099692723867,0.00437727265426626,0.00557495383121151,0.00350067888815185,0.000388964320905761,0.000142215560893004,0.00163227334160541,0.000741456865240378,0.267045454545455,-0.520454545454545,0.604545454545455,0.0020662829042237
A3,Damping Resurgence,ARX,S,14,44,44,0.00444182496600703,0.00164843453935249,0.00700135509501638,0.00868675277897554,0.00526006079150281,0.000584451199055868,0.000194666629426348,0.0025478883304404,0.00111481880708441,0.272727272727273,-0.514772727272727,0.609090909090909,0.00282560424282594
A3,Damping Resurgence,N4SID,Both,1,44,44,0.00169119377399786,0.000844357131204121,0.00198707390573542,0.0037526601370605,0.00281049569536625,0.000312277299485139,0.000328309548558166,0.000597083871276733,0.000453523054677822,0.522727272727273,-0.264772727272727,0.414204545454546,0.00504632680531371
A3,Damping Resurgence,N4SID,Both,2,44,44,0.0250491662125254,0.00310953104710071,0.0562897899725203,0.0623234379319644,0.0272302194407844,0.00302557993786493,0.000559598764830399,0.0117695965399664,0.00969439096986372,0.318181818181818,-0.469318181818182,0.557386363636364,0.00828021691740548
A3,Damping Resurgence,N4SID,Both,3,44,44,0.051912402376705,0.00711048849870867,0.119863320764581,0.131606021060367,0.055619863481016,0.00617998483122401,0.000850226687726848,0.0269710213147283,0.0179111695430258,0.295454545454545,-0.492045454545455,0.575,0.0124409967198677
A3,Damping Resurgence,N4SID,Both,4,44,44,0.0833767339475925,0.0124097611731483,0.201383384689921,0.219869321243733,0.0889737933515498,0.00988597703906109,0.00121017528038535,0.0468944313835687,0.0253861502445773,0.227272727272727,-0.560227272727273,0.615909090909091,0.0175507555302696
A3,Damping Resurgence,N4SID,Both,5,44,44,0.121148897081721,0.0187126952516946,0.310499248821054,0.336800368588513,0.128788617811464,0.014309846423496,0.0016483736868801,0.0728111823101359,0.0323794946612085,0.221590909090909,-0.565909090909091,0.619886363636364,0.0238542383730698
A3,Damping Resurgence,N4SID,Both,6,44,44,0.164617690376889,0.024571807293044,0.444620580168379,0.479280075303264,0.174836599422793,0.0194262888247547,0.00217553322709582,0.104111400301262,0.0389044680237756,0.204545454545455,-0.582954545454545,0.633522727272727,0.0312171852295209
A3,Damping Resurgence,N4SID,Both,7,44,44,0.205274503256621,0.0326758607283402,0.550727060883933,0.594085049971624,0.217913965790675,0.0242126628656305,0.00267075091940625,0.133513580222643,0.044877509248941,0.1875,-0.6,0.641477272727273,0.0381746186105052
A3,Damping Resurgence,N4SID,Both,8,44,44,0.216233947737339,0.0417774629291486,0.468340555906469,0.521338363991123,0.230460327033504,0.0256067030037226,0.00289448444227306,0.137391465674842,0.0503412946165012,0.181818181818182,-0.605681818181818,0.646590909090909,0.0419589839898273
A3,Damping Resurgence,N4SID,Both,9,44,44,0.181669978729195,0.052578528163324,0.267415993181665,0.332957563705809,0.199535129135732,0.0221705699039702,0.00359817852614103,0.100657496298153,0.0552437340009304,0.176136363636364,-0.611363636363636,0.660227272727273,0.0523493256557502
A3,Damping Resurgence,N4SID,Both,10,44,44,0.241347786729183,0.0633529698802023,0.341150082266317,0.427759772802377,0.259815813659378,0.0288684237399309,0.00371758510593435,0.121689308260499,0.0870724696228185,0.153409090909091,-0.634090909090909,0.673295454545455,0.0541985419863131
A3,Damping Resurgence,N4SID,Both,11,44,44,0.280476016808385,0.0701994871920437,0.396501815901957,0.495076893414485,0.300554333511899,0.0333949259457666,0.00397882313258394,0.148229025183125,0.0948732425469089,0.119318181818182,-0.668181818181818,0.692045454545455,0.0583379710130975
A3,Damping Resurgence,N4SID,Both,12,44,44,0.338356777695649,0.0865680705228832,0.502905863609869,0.625721189610575,0.363103749199751,0.0403448610221946,0.0048896479292256,0.192374384051674,0.100747884692554,0.119318181818182,-0.668181818181818,0.692613636363636,0.0712204473458215
A3,Damping Resurgence,N4SID,Both,13,44,44,0.45961475352031,0.10452690341715,0.832426086104981,1.01158635919677,0.49541036608834,0.0550455962320378,0.00719151366492685,0.284013790943181,0.113363852680164,0.125,-0.6625,0.696022727272727,0.103144403666379
A3,Damping Resurgence,N4SID,Both,14,44,44,0.801684793096972,0.119948945098532,2.34773817850565,2.86529172061443,0.896926234489979,0.0996584704988866,0.0212073499471014,0.557561669889826,0.123257302761158,0.107954545454545,-0.679545454545455,0.710795454545455,0.297813073142377
A3,Damping Resurgence,N4SID,I,1,44,44,4.28543410326852e-05,7.18740591758459e-07,0.000184255539380512,0.00024849086453702,6.71185474018535e-05,7.45761637798372e-06,5.49032870674314e-06,5.26360269774471e-06,2.46427932502136e-05,0.517045454545455,-0.270454545454546,0.423295454545455,7.55505126415012e-05
A3,Damping Resurgence,N4SID,I,2,44,44,0.0117971087790027,1.76926508045769e-05,0.0621646867522076,0.0626629113499378,0.011911204301985,0.00132346714466501,2.40135195841682e-05,0.00895398485717537,0.00149564325757813,0.323863636363636,-0.463636363636364,0.561363636363637,0.000340141072915054
A3,Damping Resurgence,N4SID,I,3,44,44,0.0214641827100819,4.98555547332722e-05,0.115620314091223,0.116535768593723,0.0217723857742691,0.00241915397491879,7.02437502943449e-05,0.0166029025868459,0.0023718823980228,0.289772727272727,-0.497727272727273,0.578977272727273,0.00100200609462915
A3,Damping Resurgence,N4SID,I,4,44,44,0.0154129606436258,9.72946983607843e-05,0.0655863240562677,0.0671616124098403,0.0162353711332448,0.00180393012591609,0.000159985878173486,0.0103517164965308,0.00309732814300534,0.232954545454545,-0.554545454545455,0.624431818181818,0.00228951167889153
A3,Damping Resurgence,N4SID,I,5,44,44,0.0215989973608158,0.000185355790343806,0.0918332556091549,0.0941597339142393,0.0232090476458624,0.00257878307176249,0.00030855776674056,0.00231771955294885,0.0163939369693639,0.210227272727273,-0.577272727272727,0.6375,0.00444044356188234
A3,Damping Resurgence,N4SID,I,6,44,44,0.0406521772593985,0.00044344289818026,0.194182647927043,0.197412410023852,0.0434234274056919,0.00482482526729911,0.000544952202947812,0.00350719571312835,0.0317752040760233,0.198863636363636,-0.588636363636364,0.646590909090909,0.00787845873783458
A3,Damping Resurgence,N4SID,I,7,44,44,0.0494625147897349,0.000450183703528689,0.218790766702681,0.224653527333635,0.0538933275972131,0.00598814751080146,0.000891620649816119,0.00536428386659874,0.0372184627625186,0.204545454545455,-0.582954545454545,0.643181818181818,0.0129952364455834
A3,Damping Resurgence,N4SID,I,8,44,44,0.0526036296289573,0.0011286097617751,0.198632541983901,0.21022320584788,0.0593042946043399,0.00658936606714888,0.00137465540496361,0.00806692480924062,0.0365726833476042,0.170454545454545,-0.617045454545455,0.671022727272727,0.020024782354459
A3,Damping Resurgence,N4SID,I,9,44,44,0.0444026513122491,0.000980184496236068,0.133424364581131,0.159495872314183,0.0542392203850172,0.00602658004277968,0.00203855299150968,0.0203269171279817,0.0160106011499781,0.221590909090909,-0.565909090909091,0.640340909090909,0.0297084513215397
A3,Damping Resurgence,N4SID,I,10,44,44,0.335441765716574,0.00143586143787868,1.90204754997446,1.9560253920895,0.355184547427974,0.0394649497142193,0.00379508401951706,0.271236156913782,0.0209455750690556,0.1875,-0.6,0.658522727272727,0.0544046933125641
A3,Damping Resurgence,N4SID,I,11,44,44,0.761684908736044,0.00394231622257349,4.62161182870866,4.73094645148808,0.793169951240651,0.0881299945822945,0.00593857533146798,0.641142415647269,0.0264739231750131,0.147727272727273,-0.639772727272727,0.686363636363636,0.0849890834664314
A3,Damping Resurgence,N4SID,I,12,44,44,0.115381723112616,0.00369920804605794,0.329248176061811,0.380118225555291,0.136025591671698,0.0151139546301887,0.00386212481687414,0.0328608589556833,0.0635447847098703,0.170454545454545,-0.617045454545455,0.669886363636364,0.0582354241225211
A3,Damping Resurgence,N4SID,I,13,44,44,0.129186344775584,0.00654166717864736,0.345958579376557,0.408317791366427,0.152866884360065,0.0169852093733405,0.00429588756086706,0.0395887864270814,0.0683164614142952,0.153409090909091,-0.634090909090909,0.682954545454546,0.066963262627003
A3,Damping Resurgence,N4SID,I,14,44,44,0.139856453577891,0.00865159219892128,0.352481160395905,0.426172352549046,0.166360533743029,0.0184845037492255,0.00470988808258697,0.0439896974031586,0.0726723643429198,0.164772727272727,-0.622727272727273,0.673295454545455,0.0790791312970786
A3,Damping Resurgence,N4SID,None,1,44,44,0.000103009416610909,5.40990369820212e-07,0.000218192955689203,0.000449306825595887,0.000196037725494594,2.17819694993993e-05,3.64680149691705e-05,2.14463799149672e-05,2.33130522273718e-05,0.738636363636364,-0.0488636363636364,0.292613636363636,0.000538494990603474
A3,Damping Resurgence,N4SID,None,2,44,44,0.000345006854038171,3.01123868350936e-06,0.000761227263298051,0.0013932676863916,0.000610238593835988,6.78042882039987e-05,8.21192072612381e-05,7.54253904166366e-05,0.000119657968156298,0.602272727272727,-0.185227272727273,0.374431818181818,0.00122510880734301
A3,Damping Resurgence,N4SID,None,3,44,44,0.000782352394290236,1.03810756299369e-05,0.00173099215532498,0.00284875736367509,0.00124843047051862,0.000138714496724291,0.000138358677825449,0.000170988441076743,0.000334290778663754,0.551136363636364,-0.236363636363636,0.416477272727273,0.00203564007470013
A3,Damping Resurgence,N4SID,None,4,44,44,0.00140490755104191,2.51993184226748e-05,0.00310787589242861,0.00482921045232944,0.0021357087056172,0.0002373009672908,0.000201425535850819,0.000305426110291697,0.000660754937608599,0.511363636363636,-0.276136363636364,0.442613636363636,0.00295928452457561
A3,Damping Resurgence,N4SID,None,5,44,44,0.00225618964406341,5.8626278341884e-05,0.00492461472780056,0.00728859346775376,0.00326693269430657,0.000362992521589619,0.000277499944615978,0.000485253221702623,0.00113044395615519,0.494318181818182,-0.293181818181818,0.452840909090909,0.00403867445923247
A3,Damping Resurgence,N4SID,None,6,44,44,0.00335905032088838,0.00011462228551671,0.00719985050605837,0.0103343521574536,0.00471059963587699,0.000523399959541887,0.000358747375867728,0.000705422773524601,0.00177148021195416,0.477272727272727,-0.310227272727273,0.464204545454545,0.00521672166794849
A3,Damping Resurgence,N4SID,None,7,44,44,0.00467038520460007,0.00021588708258702,0.00988639458886847,0.0138618094994659,0.00640218460762196,0.000711353845291329,0.000450914821853091,0.000970425957856023,0.00253769057959963,0.465909090909091,-0.321590909090909,0.477272727272727,0.00656405608676633
A3,Damping Resurgence,N4SID,None,8,44,44,0.00623374861732841,0.00037341653215589,0.0130504328108758,0.0180320999021938,0.00836009477171348,0.000928899419079276,0.000552842172626629,0.00128975895002045,0.00346224807560206,0.4375,-0.35,0.501704545454546,0.00804356894748507
A3,Damping Resurgence,N4SID,None,9,44,44,0.00809264445022741,0.000617777189726463,0.0167105681697836,0.0227927231948192,0.010725455439656,0.00119171727107289,0.000662668006460725,0.00166106661185533,0.00457719256083847,0.414772727272727,-0.372727272727273,0.511363636363636,0.00963312280180696
A3,Damping Resurgence,N4SID,None,10,44,44,0.0102278323312557,0.000967918795878135,0.0207999606926416,0.0280030941948045,0.0133677699205788,0.0014853077689532,0.00078548331128632,0.00207972796022933,0.00587731329078683,0.397727272727273,-0.389772727272727,0.525,0.0114059556963421
A3,Damping Resurgence,N4SID,None,11,44,44,0.0126892620638108,0.00140115068463232,0.02538486034277,0.0337470790490301,0.0164056203855791,0.00182284670950879,0.000915083302021559,0.00255638405347755,0.00739494799880292,0.375,-0.4125,0.538068181818182,0.0132885429919138
A3,Damping Resurgence,N4SID,None,12,44,44,0.0154304456853424,0.00191326255404209,0.0303822919834676,0.0402381989417854,0.0198818405088002,0.00220909338986669,0.00105844862057834,0.00308531637477159,0.00907758730012578,0.363636363636364,-0.423863636363636,0.547159090909091,0.0153739817109558
A3,Damping Resurgence,N4SID,None,13,44,44,0.0185096980775073,0.0027007583386207,0.0357659438830815,0.0471242636664081,0.0236963340196841,0.00263292600218712,0.00121511621327274,0.00366645314721276,0.0109952027148347,0.363636363636364,-0.423863636363636,0.547159090909091,0.0176767089153315
A3,Damping Resurgence,N4SID,None,14,44,44,0.0219231445807186,0.00319774763693399,0.0415784721469123,0.0547598140086576,0.0280562379396294,0.00311735977106993,0.00138703202102727,0.00430929809762335,0.0131094546909981,0.352272727272727,-0.435227272727273,0.555681818181818,0.0201932843228845
A3,Damping Resurgence,N4SID,S,1,44,44,0.00152691691023247,0.000673683109066096,0.00185150420743897,0.00385617131549509,0.00254472475769658,0.00028274719529962,0.000392152232089639,0.000296723784500134,0.000555293698343075,0.619318181818182,-0.168181818181818,0.392613636363636,0.0061232613890069
A3,Damping Resurgence,N4SID,S,2,44,44,0.00408066404168762,0.00118459324686897,0.00499732186439335,0.00907702455105519,0.00615079553901893,0.000683421726557659,0.000681702241914101,0.000636898025108255,0.0020786420481076,0.522727272727273,-0.264772727272727,0.461363636363636,0.00998049821839545
A3,Damping Resurgence,N4SID,S,3,44,44,0.00805804660811001,0.00221636575154034,0.0100882916414395,0.0170162713602562,0.0115506918908679,0.00128341021009644,0.00104036239572493,0.00135610475180537,0.00437816925048328,0.482954545454545,-0.304545454545455,0.484659090909091,0.015094417780461
A3,Damping Resurgence,N4SID,S,4,44,44,0.0134773913185589,0.00376148866164063,0.0175067485855536,0.0276700881756481,0.0184119545728516,0.00204577273031684,0.00141664066830012,0.0024684729007067,0.0075465050192352,0.460227272727273,-0.327272727272727,0.5,0.0206761991925402
A3,Damping Resurgence,N4SID,S,5,44,44,0.0206813319155517,0.00597807896498129,0.0277909833047492,0.0418131494551274,0.027350064923656,0.00303889610262844,0.00185622370583574,0.00416062726481572,0.0116255848422718,0.448863636363636,-0.338636363636364,0.505113636363636,0.0270355347914364
A3,Damping Resurgence,N4SID,S,6,44,44,0.0299065704973213,0.00964021110296995,0.0411906385290976,0.0598391573779801,0.0386547529406598,0.0042949725489622,0.00233156930610143,0.00652267381432981,0.0167573548279278,0.426136363636364,-0.361363636363636,0.524431818181818,0.0339505651340244
A3,Damping Resurgence,N4SID,S,7,44,44,0.0413325386778436,0.0163086899705306,0.0580745421956163,0.0820624967922042,0.0519722580823061,0.00577469534247846,0.00283732753579676,0.00977027437370133,0.022950241425867,0.403409090909091,-0.384090909090909,0.534090909090909,0.0412084493588167
A3,Damping Resurgence,N4SID,S,8,44,44,0.0549781531977938,0.0223601239235301,0.0786915755553756,0.109057110215173,0.0681160230358018,0.00756844700397798,0.00337799001081424,0.0138671180944795,0.030164598088522,0.409090909090909,-0.378409090909091,0.534090909090909,0.0493153658880989
A3,Damping Resurgence,N4SID,S,9,44,44,0.071365326033483,0.0292619841947698,0.103836093309365,0.141268057350879,0.0867270170437906,0.00963633522708784,0.00395602319770343,0.0192654931004731,0.0385074745082186,0.375,-0.4125,0.552272727272727,0.0577637648668466
A3,Damping Resurgence,N4SID,S,10,44,44,0.090611312877919,0.0370925104336994,0.134141940712536,0.179505597018912,0.10854729226412,0.0120608102515689,0.004581774236074,0.0261374548006596,0.0478312735896165,0.363636363636364,-0.423863636363636,0.555681818181818,0.0667943619565194
A3,Damping Resurgence,N4SID,S,11,44,44,0.113218830603972,0.0457911214770746,0.170991448186398,0.225386405079308,0.133707392087452,0.0148563768986058,0.00527130162044256,0.0349863652702971,0.0581047868146267,0.352272727272727,-0.435227272727273,0.555681818181818,0.0765474093045824
A3,Damping Resurgence,N4SID,S,12,44,44,0.13954643437367,0.0530004002151197,0.215752474840415,0.281087695182389,0.163094401926069,0.0181216002140076,0.0060393831196738,0.0462541361203337,0.0691313149196546,0.346590909090909,-0.440909090909091,0.560227272727273,0.0872985347132888
A3,Damping Resurgence,N4SID,S,13,44,44,0.170854279351581,0.0605290146404704,0.272581835108621,0.350711040537601,0.19786121950411,0.0219845799449011,0.00690323989641418,0.0612071421421109,0.080759317368155,0.340909090909091,-0.446590909090909,0.565340909090909,0.0997249383880301
A3,Damping Resurgence,N4SID,S,14,44,44,0.208614747707176,0.0686931055449545,0.347940711821814,0.442032419151795,0.240337273688734,0.0267041415209705,0.00796663682628487,0.0812529399899793,0.0926910293699417,0.335227272727273,-0.452272727272727,0.56875,0.115063608136235
A3,Damping Resurgence,SSEST,Both,1,44,44,0.00609632381563389,0.00455453129263151,0.00549382137229174,0.011326758305274,0.00974753032024103,0.00108305892447123,0.00387698583769817,0.000169705522806327,0.00096657353065816,0.732954545454545,-0.0545454545454545,0.298863636363636,0.0566879857266388
A3,Damping Resurgence,SSEST,Both,2,44,44,0.0151450438358607,0.0135675117851426,0.00971264579735698,0.0333359232970513,0.0286152828539144,0.00317947587265716,0.00588068916747299,0.000937809925255538,0.005147068870475,0.585227272727273,-0.202272727272727,0.4,0.0859783636307374
A3,Damping Resurgence,SSEST,Both,3,44,44,0.0263930977483886,0.0209433670820392,0.0186922551652594,0.0557989427354565,0.0479421697902326,0.00532690775447029,0.00718345090037225,0.00245344643079787,0.0114292926627481,0.482954545454545,-0.304545454545455,0.469318181818182,0.105025771719597
A3,Damping Resurgence,SSEST,Both,4,44,44,0.0391863615662673,0.0346491240517961,0.0288528291923656,0.0786890089953641,0.0676377966672479,0.00751531074080532,0.00825118667795016,0.00471307098361625,0.0187067931638955,0.403409090909091,-0.384090909090909,0.520454545454546,0.120639859259463
A3,Damping Resurgence,SSEST,Both,5,44,44,0.0532258882766201,0.0462107481274342,0.0395084232835693,0.10200808328279,0.0876686265515546,0.00974095850572829,0.00919157289020876,0.0076496691933687,0.0266436876873144,0.375,-0.4125,0.535227272727273,0.134394514594858
A3,Damping Resurgence,SSEST,Both,6,44,44,0.0682012380878379,0.062737657086804,0.0503183496870653,0.125769824438599,0.108134186031,0.012014909559,0.0100504460890649,0.0110984893681914,0.0350373930715816,0.340909090909091,-0.446590909090909,0.560227272727273,0.146959907543096
A3,Damping Resurgence,SSEST,Both,7,44,44,0.0840120573984251,0.0850681324024341,0.0614208642446691,0.150000084988193,0.128807821461339,0.014311980162371,0.0108521836786106,0.0150850558412165,0.0437628377162269,0.318181818181818,-0.469318181818182,0.578409090909091,0.158692663024497
A3,Damping Resurgence,SSEST,Both,8,44,44,0.100755217658764,0.101117796842307,0.0730060989866461,0.174739428162016,0.149978927244086,0.0166643252493428,0.0116114067676333,0.0198026939659349,0.0526767916758527,0.289772727272727,-0.497727272727273,0.594318181818182,0.169806897119498
A3,Damping Resurgence,SSEST,Both,9,44,44,0.118228030340671,0.11683199112324,0.0852281904983261,0.200046429466932,0.171574215062142,0.0190638016735713,0.0123375836677234,0.0251372066231396,0.0616894383762365,0.267045454545455,-0.520454545454545,0.607954545454545,0.180441491045912
A3,Damping Resurgence,SSEST,Both,10,44,44,0.136271000205996,0.13304371523972,0.0984671434509209,0.22600155940468,0.193890303136174,0.0215433670151304,0.0130372238968956,0.0310532309056559,0.0706371783883143,0.255681818181818,-0.531818181818182,0.617045454545455,0.190692144812549
A3,Damping Resurgence,SSEST,Both,11,44,44,0.154634761983793,0.14453673418823,0.112893882244161,0.252711598481045,0.21635096304368,0.0240389958937422,0.0137150862847105,0.0373555398956679,0.0795251399096727,0.244318181818182,-0.543181818181818,0.625,0.200629015843402
A3,Damping Resurgence,SSEST,Both,12,44,44,0.173369652315081,0.155522176316453,0.12859938262408,0.28031435153514,0.238856779157042,0.0265396421285602,0.0143749253610579,0.0440385659817448,0.088416518843718,0.232954545454545,-0.554545454545455,0.625568181818182,0.210307603879782
A3,Damping Resurgence,SSEST,Both,13,44,44,0.192435107261188,0.171572374512758,0.14586198345248,0.308982894217335,0.261603414857477,0.0290670460952753,0.0150199982048864,0.0510722153116817,0.0972758476493441,0.210227272727273,-0.577272727272727,0.644318181818182,0.219776130874736
A3,Damping Resurgence,SSEST,Both,14,44,44,0.211794285098706,0.193203404414477,0.164974448365116,0.338928008797686,0.284698350481708,0.0316331500535231,0.0156534389220924,0.0583461558171368,0.106161540305953,0.221590909090909,-0.565909090909091,0.635227272727273,0.229080985101338
A3,Damping Resurgence,SSEST,I,1,44,44,0.00775362212171062,0.00434158694571283,0.0114711222487229,0.0114216878661279,0.00977721932682035,0.00108635770298004,0.00598259786590196,0.000186203775367466,0.000498462777461153,0.818181818181818,0.0306818181818182,0.252272727272727,0.0876102823772149
A3,Damping Resurgence,SSEST,I,2,44,44,0.0158450104559691,0.0125489485770606,0.0125564199585584,0.0338330377520102,0.0290384135729189,0.00322649039699099,0.00846393346874795,0.00119854443126114,0.002956042158969,0.653409090909091,-0.134090909090909,0.344318181818182,0.123912026777106
A3,Damping Resurgence,SSEST,I,3,44,44,0.0261943864811017,0.0215270786495268,0.017595635721741,0.0568101947184705,0.0486688382541469,0.00540764869490522,0.0101942045604529,0.00321245446674077,0.00738007875900286,0.551136363636364,-0.236363636363636,0.421590909090909,0.149244350001808
A3,Damping Resurgence,SSEST,I,4,44,44,0.0380063189912317,0.0315924096184502,0.0256911399947835,0.08038865190953,0.0685827683657266,0.00762030759619184,0.0116948133071301,0.005854851632825,0.0128363464550848,0.482954545454545,-0.304545454545455,0.469886363636364,0.171229107509801
A3,Damping Resurgence,SSEST,I,5,44,44,0.0507561323880844,0.0453272654547362,0.0350669159598936,0.104636101301592,0.0887009040260488,0.00985565600289431,0.0130908244362061,0.00899029230734688,0.0188193596416371,0.4375,-0.35,0.500568181818182,0.191695983167591
A3,Damping Resurgence,SSEST,I,6,44,44,0.0643760326572125,0.059446661489958,0.045219312903099,0.129648287571221,0.109403304791499,0.012155922754611,0.0144404015036387,0.0126217551999754,0.0251579531989875,0.414772727272727,-0.372727272727273,0.510227272727273,0.211497519879955
A3,Damping Resurgence,SSEST,I,7,44,44,0.0787520147309254,0.0720865972296179,0.0557215891314684,0.155558319542815,0.131441997285642,0.0146046663650714,0.0157799066493234,0.0166007734820486,0.0317666682344821,0.386363636363636,-0.401136363636364,0.527840909090909,0.231168492009389
A3,Damping Resurgence,SSEST,I,8,44,44,0.0935583124533909,0.0850610587885782,0.0664706358509845,0.182551796818768,0.154161624562787,0.0171290693958652,0.0171374342391054,0.020776064222824,0.0385157445955963,0.369318181818182,-0.418181818181818,0.540909090909091,0.251124052455043
A3,Damping Resurgence,SSEST,I,9,44,44,0.108632412382464,0.0967580285484922,0.0774974978594976,0.210890138937071,0.177560177622932,0.0197289086247702,0.0185387511963959,0.0250451423740116,0.045319610187286,0.363636363636364,-0.423863636363636,0.540340909090909,0.271747097350566
A3,Damping Resurgence,SSEST,I,10,44,44,0.124412746573792,0.112125426687874,0.0893003720232421,0.240947451644018,0.201573684187576,0.0223970760208418,0.0200110088073401,0.0298610773252203,0.0521435844203899,0.335227272727273,-0.452272727272727,0.561931818181818,0.293443387122643
A3,Damping Resurgence,SSEST,I,11,44,44,0.140673007831536,0.129086749838704,0.101904809686578,0.273271078902435,0.226266512905106,0.0251407236561229,0.0215861324665614,0.0350168064903255,0.0589293452185266,0.3125,-0.475,0.567045454545455,0.316692534411904
A3,Damping Resurgence,SSEST,I,12,44,44,0.157927123631015,0.155320310982382,0.116060773562016,0.30868576773844,0.252240429013824,0.0280267143348693,0.0233050994333772,0.0409036635577316,0.0656916463050373,0.306818181818182,-0.480681818181818,0.567045454545455,0.342113035269843
A3,Damping Resurgence,SSEST,I,13,44,44,0.176165657342807,0.177447244468723,0.132774236428263,0.348483129692152,0.279594494211765,0.0310660549124183,0.0252246159425998,0.0474433314054421,0.0724316550823464,0.301136363636364,-0.486363636363636,0.573295454545455,0.3705644770803
A3,Damping Resurgence,SSEST,I,14,44,44,0.195642855057294,0.194106099970814,0.154384164657366,0.394791288326606,0.308561608422492,0.0342846231580547,0.027429090055614,0.0548676400322444,0.0790615018113805,0.289772727272727,-0.497727272727273,0.576704545454545,0.403331677874395
A3,Damping Resurgence,SSEST,None,1,44,44,0.0108244496231733,0.0119728383518264,0.00280024817936728,0.0226037066654195,0.0200167332689287,0.00222408147432541,0.00844898630234874,2.00528874593203e-05,0.000131328959039857,0.954545454545455,0.167045454545454,0.2125,0.123518400173939
A3,Damping Resurgence,SSEST,None,2,44,44,0.0182280597360485,0.0191067984736149,0.00556657316587094,0.0453971759752529,0.0401578888889677,0.00446198765432975,0.0119767818299978,0.000705544045868769,0.00108374620585216,0.863636363636364,0.0761363636363637,0.215909090909091,0.175131559036157
A3,Damping Resurgence,SSEST,None,3,44,44,0.0256853004458788,0.0261291928448345,0.00920253981456504,0.067927560493442,0.0600859529651639,0.00667621699612933,0.0146441507393021,0.00180158932962369,0.00256334338082366,0.818181818181818,0.0306818181818182,0.230681818181818,0.214182789537988
A3,Damping Resurgence,SSEST,None,4,44,44,0.0335347812745473,0.0330633157782843,0.0139089942022847,0.0901517623489513,0.0796841064651579,0.00885378960723976,0.0168649659370584,0.00323042754342933,0.00458559818681976,0.75,-0.0375,0.269886363636364,0.246718010964328
A3,Damping Resurgence,SSEST,None,5,44,44,0.0419682129723107,0.0404800237368646,0.0195219921733189,0.112027439225438,0.0987969388394909,0.0109774376488323,0.0187986243630877,0.00501975629198121,0.00717239466840942,0.698863636363636,-0.0886363636363636,0.29375,0.275065034521511
A3,Damping Resurgence,SSEST,None,6,44,44,0.0509888040155859,0.0478845189307873,0.025788499497777,0.133513079902297,0.11760649009454,0.0130673877882822,0.0205268493864134,0.00721593350400429,0.010178633336886,0.647727272727273,-0.139772727272727,0.326704545454545,0.300416990044409
A3,Damping Resurgence,SSEST,None,7,44,44,0.0604145320990844,0.0574136274004572,0.0325674382366059,0.154568187931174,0.13588514295299,0.0150983492169989,0.0220982655348547,0.0097218510272806,0.0134960663199502,0.596590909090909,-0.190909090909091,0.367045454545455,0.323483569420044
A3,Damping Resurgence,SSEST,None,8,44,44,0.0702938349208816,0.0643953062938828,0.0400267200977285,0.175153482865025,0.153515143066619,0.0170572381185132,0.0235446345251479,0.0125904924627197,0.0171014698145008,0.539772727272727,-0.247727272727273,0.408522727272727,0.344728209816864
A3,Damping Resurgence,SSEST,None,9,44,44,0.0805716407573276,0.0719468141247407,0.0475984268813669,0.195231106691541,0.171256596024133,0.0190285106693481,0.0248880861690552,0.0156672415369011,0.0209878023820233,0.5,-0.2875,0.430113636363636,0.364473713863097
A3,Damping Resurgence,SSEST,None,10,44,44,0.0910284341495846,0.0807270250820012,0.0552439598573444,0.214764830489808,0.188360939031387,0.0209289932257097,0.026144788580362,0.0189515380472406,0.0250031142962724,0.460227272727273,-0.327272727272727,0.46875,0.382955853319718
A3,Damping Resurgence,SSEST,None,11,44,44,0.101578023749801,0.0910929566801695,0.0629118869687231,0.233720257404385,0.205161731314881,0.0227957479238757,0.027326992532145,0.0224564770365807,0.0289988062571997,0.443181818181818,-0.344318181818182,0.486363636363636,0.400353223594342
A3,Damping Resurgence,SSEST,None,12,44,44,0.11200916922745,0.0974608932094878,0.0703892930075072,0.252065018124504,0.22166320532902,0.0246292450365578,0.0284442526231846,0.0258942000425598,0.0330414715251479,0.4375,-0.35,0.491477272727273,0.416805074773009
A3,Damping Resurgence,SSEST,None,13,44,44,0.122044750487951,0.114173027657546,0.0778064406969653,0.269768954993645,0.237584164603706,0.0263982405115229,0.0295041976910633,0.0292671446165036,0.0368751676688613,0.420454545454545,-0.367045454545455,0.504545454545455,0.432422559554166
A3,Damping Resurgence,SSEST,None,14,44,44,0.132011192288029,0.124884828411147,0.0848899384544569,0.286804290844741,0.252565209338733,0.028062801037637,0.0305130387076789,0.0327238789597995,0.0407114735829133,0.386363636363636,-0.401136363636364,0.522727272727273,0.447296147544808
A3,Damping Resurgence,SSEST,S,1,44,44,0.0046360573189468,0.00419616846267861,0.00245340315130981,0.0126706120706718,0.0109862583373126,0.00122069537081251,0.00213046455719186,0.00100191372763806,0.000282983663304372,0.727272727272727,-0.0602272727272727,0.278409090909091,0.0311394902297404
A3,Damping Resurgence,SSEST,S,2,44,44,0.0153638480425274,0.0130410017747228,0.0106003103494019,0.0374737690054781,0.0325744647263041,0.00361938496958935,0.00451706009742009,0.00567011009638208,0.00155729287913588,0.505681818181818,-0.281818181818182,0.427840909090909,0.0660259720920578
A3,Damping Resurgence,SSEST,S,3,44,44,0.0293696463962142,0.0232413927559119,0.0214818163604302,0.0629309526142113,0.0545562791181055,0.00606180879090061,0.00604552175634301,0.0133008299650996,0.00396148588387104,0.375,-0.4125,0.525568181818182,0.0883720128823231
A3,Damping Resurgence,SSEST,S,4,44,44,0.0453138526024783,0.0408946352180227,0.0338005607398643,0.0891391180964973,0.0769644814628617,0.00855160905142908,0.00729176989474619,0.0223847248072721,0.00708574884903091,0.318181818181818,-0.469318181818182,0.568181818181818,0.106594777761174
A3,Damping Resurgence,SSEST,S,5,44,44,0.0624683820673788,0.0562632823307221,0.0473360439390802,0.116230171326894,0.0997081261701058,0.0110786806855673,0.00838878805638624,0.0324302754159501,0.0105706379094751,0.278409090909091,-0.509090909090909,0.594886363636364,0.122637752198448
A3,Damping Resurgence,SSEST,S,6,44,44,0.0805602317029161,0.0738331638418444,0.0621354620703462,0.144370329939617,0.122869710943331,0.0136521901048146,0.00939466138493135,0.043266539954925,0.0142468402582452,0.267045454545455,-0.520454545454545,0.607954545454545,0.137349809973938
A3,Damping Resurgence,SSEST,S,7,44,44,0.0996467280265115,0.0963304563821596,0.0782250708493909,0.173766776614692,0.146867031490002,0.0163185590544447,0.0103419697206881,0.0548400132144139,0.0181461860369648,0.25,-0.5375,0.617045454545455,0.151207099031036
A3,Damping Resurgence,SSEST,S,8,44,44,0.119579681415953,0.119721150628421,0.0959773296590852,0.204676453499042,0.171582667141579,0.0190647407935088,0.0112521003410479,0.0671544525957188,0.0221083876856778,0.227272727272727,-0.560227272727273,0.635227272727273,0.164522222821783
A3,Damping Resurgence,SSEST,S,9,44,44,0.140332296860856,0.137158624704227,0.115731927169738,0.237417109435601,0.197202049828789,0.0219113388698654,0.0121409061191599,0.0801705306380174,0.026109521233813,0.215909090909091,-0.571590909090909,0.642613636363636,0.177526938123285
A3,Damping Resurgence,SSEST,S,10,44,44,0.161940532408263,0.148942506577901,0.137842025469629,0.272381162659486,0.223437080266519,0.0248263422518354,0.013021433318778,0.0939525993702748,0.0301401574673752,0.210227272727273,-0.577272727272727,0.647159090909091,0.19041202998053
A3,Damping Resurgence,SSEST,S,11,44,44,0.184392367326925,0.163492432986168,0.162810998338453,0.310053203052451,0.250320459252154,0.0278133843613504,0.0139054700394584,0.108531826919734,0.034141686006382,0.181818181818182,-0.605681818181818,0.657386363636364,0.203349956024941
A3,Damping Resurgence,SSEST,S,12,44,44,0.207869990630667,0.179851794957835,0.191084740783654,0.351032239428093,0.278185864825696,0.0309095405361885,0.0148045810010014,0.124021225792385,0.0381346433010921,0.1875,-0.6,0.653977272727273,0.216509991253719
A3,Damping Resurgence,SSEST,S,13,44,44,0.232260931142805,0.196523780696753,0.223487246277031,0.396060166581138,0.307835214918669,0.034203912768741,0.0157309307710616,0.140336112755408,0.0419899748475947,0.193181818181818,-0.594318181818182,0.650568181818182,0.230070291901181
A3,Damping Resurgence,SSEST,S,14,44,44,0.257781709838776,0.214910483591922,0.260711055425424,0.446058548963326,0.338803494265218,0.0376448326961353,0.0166980602535666,0.15766835685526,0.0457704600338144,0.198863636363636,-0.588636363636364,0.648863636363636,0.244229292618924
A4,Amplifying Resurgence,AR,None,1,44,44,7.75642466865339e-10,6.78717357316394e-10,4.8761193198685e-10,1.99795572374042e-09,1.63375023105998e-09,1.81527803451109e-10,3.03714287950375e-10,1.3045912722724e-10,1.59941248236616e-10,0.681818181818182,-0.105681818181818,0.338068181818182,4.44815529927377e-09
A4,Amplifying Resurgence,AR,None,2,44,44,7.64506229460327e-09,6.56980666227349e-09,5.1927171952571e-09,1.95877592719658e-08,1.5835514500694e-08,1.75950161118822e-09,2.68073576842668e-09,1.40997882785707e-09,1.7948460871313e-09,0.625,-0.1625,0.370454545454546,3.93551276188887e-08
A4,Amplifying Resurgence,AR,None,3,44,44,4.15676575331076e-08,3.380450573292e-08,2.99003478470308e-08,1.04521416146587e-07,8.38437748169001e-08,9.31597497965557e-09,1.32354170422557e-08,8.33988686247658e-09,1.06763786487197e-08,0.579545454545455,-0.207954545454546,0.400568181818182,1.94606338163468e-07
A4,Amplifying Resurgence,AR,None,4,44,44,1.63680955007415e-07,1.23848924867152e-07,1.22846524722474e-07,4.02953457902132e-07,3.21575624194871e-07,3.57306249105412e-08,4.83711210904479e-08,3.48929427764452e-08,4.46862662299805e-08,0.5625,-0.225,0.413636363636364,7.08025406245437e-07
A4,Amplifying Resurgence,AR,None,5,44,44,5.21531154751021e-07,3.56345618435844e-07,4.06100920038601e-07,1.26414560435292e-06,1.00319622385224e-06,1.11466247094694e-07,1.43133959145958e-07,1.17176248885111e-07,1.49754699625258e-07,0.545454545454545,-0.242045454545455,0.427272727272727,2.09722261439424e-06
A4,Amplifying Resurgence,AR,None,6,44,44,1.42218427005353e-06,8.85130721189897e-07,1.1442490602202e-06,3.38964317561527e-06,2.68962193561933e-06,2.98846881735481e-07,3.67605211105945e-07,3.32240885776167e-07,4.23491291435941e-07,0.517045454545455,-0.270454545454546,0.4375,5.38501393610018e-06
A4,Amplifying Resurgence,AR,None,7,44,44,3.45673746325755e-06,2.00216467103578e-06,2.84826850902708e-06,8.09408485558377e-06,6.43592423800339e-06,7.15102693111488e-07,8.42204377271028e-07,8.4239593404066e-07,1.05703445883437e-06,0.517045454545455,-0.270454545454546,0.436363636363637,1.23484530402061e-05
A4,Amplifying Resurgence,AR,None,8,44,44,7.6498077339083e-06,4.14876655948576e-06,6.43172642001626e-06,1.75872330416749e-05,1.4011219862331e-05,1.55680220692567e-06,1.76812955579423e-06,1.94087779240604e-06,2.38399817878236e-06,0.522727272727273,-0.264772727272727,0.438068181818182,2.59308805520647e-05
A4,Amplifying Resurgence,AR,None,9,44,44,1.56424007086589e-05,8.82020295785651e-06,1.34209887855711e-05,3.56946933558214e-05,2.83941226548154e-05,3.15490251720171e-06,3.46130284840111e-06,4.11230786114342e-06,4.91388748191264e-06,0.5,-0.2875,0.451704545454546,5.06952619299079e-05
A4,Amplifying Resurgence,AR,None,10,44,44,3.00000533851937e-05,1.74639533363333e-05,2.61424874963668e-05,6.79027891281744e-05,5.39722956106628e-05,5.99692173451809e-06,6.35482990593841e-06,8.15003362758975e-06,9.49826811714749e-06,0.477272727272727,-0.310227272727273,0.460795454545455,9.32127801130339e-05
A4,Amplifying Resurgence,AR,None,11,44,44,5.43895594680479e-05,3.26634160097869e-05,4.79390335290459e-05,0.000121844566903115,9.66509627883906e-05,1.07389958653767e-05,1.11175778312624e-05,1.52800231846923e-05,1.72529625867164e-05,0.471590909090909,-0.315909090909091,0.457386363636364,0.00016288642688186
A4,Amplifying Resurgence,AR,None,12,44,44,9.39354118323351e-05,5.72721762735762e-05,8.38618875826912e-05,0.000208670388608708,0.000164815560384872,1.83128400427636e-05,1.85615660156041e-05,2.72340904371594e-05,2.98269153368079e-05,0.477272727272727,-0.310227272727273,0.460795454545455,0.0002718495828232
A4,Amplifying Resurgence,AR,None,13,44,44,0.00015557874462516,9.6406663688767e-05,0.00014014685077922,0.000343305751797487,0.000269895964842461,2.99884405380512e-05,2.98219482942455e-05,4.63994594154827e-05,4.93688963773811e-05,0.460227272727273,-0.327272727272727,0.477272727272727,0.00043659370596079
A4,Amplifying Resurgence,AR,None,14,44,44,0.00024834908236441,0.000138536311490646,0.000224753045202743,0.000543604926972854,0.00042682871737217,4.74254130413522e-05,4.63200664530893e-05,7.61137630132996e-05,7.84898398566694e-05,0.448863636363636,-0.338636363636364,0.488636363636364,0.000678085093866558
A4,Amplifying Resurgence,ARX,Both,1,44,44,7.19619192477209e-08,5.84703728292693e-08,4.96318942793742e-08,1.72069707169603e-07,1.39594822784472e-07,1.55105358649414e-08,2.23954794015128e-08,1.46133914823084e-08,1.94425124989582e-08,0.517045454545455,-0.270454545454546,0.43125,3.1913665168102e-07
A4,Amplifying Resurgence,ARX,Both,2,44,44,5.45825407529194e-07,4.21482211652539e-07,4.03057364705653e-07,1.23425429571904e-06,1.00392412989324e-06,1.11547125543694e-07,1.33696730196517e-07,1.31594087284153e-07,1.68987464504831e-07,0.460227272727273,-0.327272727272727,0.469318181818182,1.89984028870254e-06
A4,Amplifying Resurgence,ARX,Both,3,44,44,2.3128138974112e-06,1.81992754194739e-06,1.7741033128687e-06,4.99698346817947e-06,4.05918201677609e-06,4.51020224086232e-07,4.73975225812346e-07,6.16805807165523e-07,7.71012640347102e-07,0.403409090909091,-0.384090909090909,0.513636363636364,6.72944504131455e-06
A4,Amplifying Resurgence,ARX,Both,4,44,44,7.33825713603436e-06,6.26290708310625e-06,5.76074523576177e-06,1.50246852261921e-05,1.22130875115468e-05,1.3570097235052e-06,1.27197441518665e-06,2.09672453810597e-06,2.61254845923654e-06,0.375,-0.4125,0.540909090909091,1.81691743257303e-05
A4,Amplifying Resurgence,ARX,Both,5,44,44,1.93416674913242e-05,1.73714760426627e-05,1.53774260293042e-05,3.78581707780548e-05,3.08272113555552e-05,3.4252457061728e-06,2.88663118928934e-06,5.7781640286936e-06,7.25162656716844e-06,0.323863636363636,-0.463636363636364,0.572727272727273,4.13588986144412e-05
A4,Amplifying Resurgence,ARX,Both,6,44,44,4.43519290328189e-05,4.02708059128719e-05,3.55867904022087e-05,8.35171497987242e-05,6.81092580908901e-05,7.56769534343223e-06,5.84104727366781e-06,1.3622945906343e-05,1.73202405093758e-05,0.3125,-0.475,0.582954545454546,8.36618625370008e-05
A4,Amplifying Resurgence,ARX,Both,7,44,44,9.18773189687951e-05,8.24661755615593e-05,7.43781725860012e-05,0.000167548784756739,0.000137048977969428,1.52276642188254e-05,1.07823105484472e-05,2.88662089681212e-05,3.70011352334014e-05,0.295454545454545,-0.492045454545455,0.591477272727273,0.00015473067302809
A4,Amplifying Resurgence,ARX,Both,8,44,44,0.000176518598181916,0.000151859787696532,0.000143944847143945,0.000311782578546249,0.000255676256369741,2.84084729299712e-05,1.8553396276995e-05,5.67311423989014e-05,7.28255865760484e-05,0.272727272727273,-0.514772727272727,0.604545454545455,0.000266665074896374
A4,Amplifying Resurgence,ARX,Both,9,44,44,0.00031860388456491,0.000263212456791131,0.000261990715866778,0.000548041987417264,0.000451821390546427,5.02023767273808e-05,3.01743314557031e-05,0.00010457627376285,0.000133650902618976,0.244318181818182,-0.543181818181818,0.624431818181818,0.000434349034760758
A4,Amplifying Resurgence,ARX,Both,10,44,44,0.000546365243257766,0.000447136461780251,0.000453967382565621,0.000919135271319039,0.000758902451670199,8.43224946300221e-05,4.68895194014296e-05,0.00018271687229101,0.000232436356935304,0.198863636363636,-0.588636363636364,0.653977272727273,0.00067550155814715
A4,Amplifying Resurgence,ARX,Both,11,44,44,0.000898120940207352,0.000701440696089027,0.000755347813553131,0.00147686268690971,0.00122087855572387,0.000135653172858208,6.98121122026265e-05,0.000305522481914728,0.000387133173231789,0.1875,-0.6,0.663636363636364,0.00100834805866284
A4,Amplifying Resurgence,ARX,Both,12,44,44,0.00142062616167078,0.00107534066946456,0.00121819483651125,0.00229888838671637,0.00189580039745339,0.000210644488605932,0.000100518814644355,0.000490696248112678,0.000618766610307812,0.1875,-0.6,0.657386363636364,0.00145592391698884
A4,Amplifying Resurgence,ARX,Both,13,44,44,0.00217440615776628,0.00156579213416423,0.00191401027013248,0.00347860475779099,0.00284829924986289,0.00031647769442921,0.000140988210535086,0.000760311188523538,0.000956629064278446,0.1875,-0.6,0.658522727272727,0.00204389405319952
A4,Amplifying Resurgence,ARX,Both,14,44,44,0.00323594995598828,0.00230009304857868,0.002943334456869,0.00515088277504946,0.00417277624385297,0.000463641804872552,0.000193246902561323,0.00114168306170549,0.00143737818684892,0.176136363636364,-0.611363636363636,0.667045454545455,0.00280047054266188
A4,Amplifying Resurgence,ARX,I,1,44,44,0.000476717018178332,0.000364283134295881,0.000321788552690196,0.00115502358160958,0.000902840919506906,0.00010031565772299,0.000180311269250289,7.62727799759762e-05,0.000119817311229077,0.607954545454545,-0.179545454545455,0.389204545454545,0.00279742001849051
A4,Amplifying Resurgence,ARX,I,2,44,44,0.00161528758570197,0.00113873423788392,0.00132216719045797,0.00353696630599049,0.00280553429892186,0.00031172603321354,0.00041586789768724,0.000380975433001157,0.000506718221800034,0.488636363636364,-0.298863636363636,0.467613636363636,0.00617482775571332
A4,Amplifying Resurgence,ARX,I,3,44,44,0.00355785298969207,0.0024599950659194,0.0031070914327014,0.00717674065369835,0.00575692648621258,0.000639658498468065,0.000693236833007285,0.00101851202712496,0.00120644563109176,0.448863636363636,-0.338636363636364,0.490340909090909,0.0101810029367027
A4,Amplifying Resurgence,ARX,I,4,44,44,0.00632780853958792,0.00412290465553664,0.00567143186506582,0.0123797764196074,0.00991939036463702,0.00110215448495967,0.00101699550660563,0.00200567114882757,0.00220298739919505,0.403409090909091,-0.384090909090909,0.520454545454546,0.0148765627366987
A4,Amplifying Resurgence,ARX,I,5,44,44,0.00996730318811604,0.00627664447143321,0.0089695663441187,0.0188810215459033,0.0151269506419451,0.00168077229354946,0.001375543460879,0.00335452453600079,0.00355646289768679,0.386363636363636,-0.401136363636364,0.530113636363636,0.0200741198609452
A4,Amplifying Resurgence,ARX,I,6,44,44,0.014590613494409,0.00926711377465408,0.0132521282462422,0.0268005650730715,0.0214382916621402,0.00238203240690446,0.00175635575173866,0.00516980114479083,0.00528242419097501,0.357954545454545,-0.429545454545455,0.547159090909091,0.0255807166051312
A4,Amplifying Resurgence,ARX,I,7,44,44,0.0202174918336408,0.0133963213844689,0.0184383574177396,0.0363207198506582,0.02900455258865,0.00322272806540556,0.00217304967777264,0.00743457568075321,0.00738713840970936,0.323863636363636,-0.463636363636364,0.565340909090909,0.0315210061090705
A4,Amplifying Resurgence,ARX,I,8,44,44,0.0268849189243774,0.0188699395864179,0.0246271572081779,0.0472955632721194,0.037583509868664,0.00417594554096267,0.00261433344379493,0.010234013132368,0.00986062680725171,0.318181818181818,-0.469318181818182,0.570454545454545,0.0377950196005179
A4,Amplifying Resurgence,ARX,I,9,44,44,0.0346789259878013,0.0256092839613343,0.0318193481773826,0.0600453880277787,0.0475842092658041,0.00528713436286712,0.00308824383071023,0.0135899540281428,0.0127135937660812,0.323863636363636,-0.463636363636364,0.570454545454545,0.0445676354410562
A4,Amplifying Resurgence,ARX,I,10,44,44,0.0435889543283757,0.0343556335003996,0.0400518876399757,0.0741135746491207,0.0584838039637954,0.00649820044042171,0.00359488244762662,0.0175476609604856,0.0159482104798417,0.3125,-0.475,0.573863636363636,0.0516803602617252
A4,Amplifying Resurgence,ARX,I,11,44,44,0.0536661240028073,0.0460834492440139,0.0494313906733234,0.0900669377996425,0.0708929725827435,0.00787699695363817,0.00408714335986798,0.0221530046861065,0.0195489790031947,0.295454545454545,-0.492045454545455,0.588636363636364,0.0589656988638515
A4,Amplifying Resurgence,ARX,I,12,44,44,0.0648974016033634,0.0569259358746534,0.0599689178852795,0.107839164186626,0.0845369754880673,0.00939299727645192,0.00458853997981633,0.0274448889631391,0.023470975383956,0.284090909090909,-0.503409090909091,0.597727272727273,0.0665466348584075
A4,Amplifying Resurgence,ARX,I,13,44,44,0.0773653242206487,0.0690618612165608,0.0719722297214445,0.12793526951249,0.0994146129243049,0.0110460681027005,0.00513513179555013,0.0334014624828975,0.0277826618395005,0.284090909090909,-0.503409090909091,0.599431818181818,0.0746528199569941
A4,Amplifying Resurgence,ARX,I,14,44,44,0.0912140559005507,0.0824746922317966,0.0853778892613122,0.150036357334768,0.115977223791274,0.0128863581990305,0.00567631698806743,0.0401751579025791,0.0324762228108736,0.278409090909091,-0.509090909090909,0.604545454545455,0.0828389724529973
A4,Amplifying Resurgence,ARX,S,1,44,44,7.39703429629241e-08,5.16329670071894e-08,6.35483896099805e-08,1.8020816655642e-07,1.37376775220673e-07,1.52640861356303e-08,2.03611595587272e-08,2.85172477214871e-08,9.82784954707956e-09,0.471590909090909,-0.315909090909091,0.472727272727273,2.9276528607337e-07
A4,Amplifying Resurgence,ARX,S,2,44,44,5.60773726456919e-07,3.83488109349332e-07,5.06727190396389e-07,1.27079332960522e-06,9.68189083001962e-07,1.07576564777996e-07,1.2190369839787e-07,2.4106888447123e-07,9.02245788098223e-08,0.403409090909091,-0.384090909090909,0.5125,1.75729841770339e-06
A4,Amplifying Resurgence,ARX,S,3,44,44,2.40089637655665e-06,1.67635712343282e-06,2.21789529705026e-06,5.16023693853108e-06,3.95631111330119e-06,4.39590123700133e-07,4.31226281043531e-07,1.10423104098413e-06,4.25848930828858e-07,0.392045454545455,-0.395454545454546,0.522727272727273,6.2262549755419e-06
A4,Amplifying Resurgence,ARX,S,4,44,44,7.58723146434063e-06,5.21244537251522e-06,7.08913900457926e-06,1.56351162902425e-05,1.20982555695713e-05,1.34425061884126e-06,1.16705463945232e-06,3.6426775904872e-06,1.43324861555986e-06,0.335227272727273,-0.452272727272727,0.557954545454546,1.68633756766907e-05
A4,Amplifying Resurgence,ARX,S,5,44,44,1.99477876935833e-05,1.3186890857793e-05,1.8675089050273e-05,3.95087286996007e-05,3.07392262528113e-05,3.4154695836457e-06,2.66356322992e-06,9.92992373325206e-06,3.93883114676552e-06,0.301136363636364,-0.486363636363636,0.580681818181818,3.84678517715287e-05
A4,Amplifying Resurgence,ARX,S,6,44,44,4.58421656372576e-05,3.10338082354657e-05,4.27999534560919e-05,8.7419063771714e-05,6.83341717007452e-05,7.59268574452725e-06,5.36057719995489e-06,2.36469426885227e-05,9.24196000425276e-06,0.272727272727273,-0.514772727272727,0.602840909090909,7.76875402614554e-05
A4,Amplifying Resurgence,ARX,S,7,44,44,9.52522040673023e-05,6.47812341499854e-05,8.85817615030383e-05,0.000175786695883359,0.000137848333191339,1.53164814657044e-05,9.91233283408179e-06,5.04320744010087e-05,1.95913153665074e-05,0.232954545454545,-0.554545454545455,0.628409090909091,0.000143659390715362
A4,Amplifying Resurgence,ARX,S,8,44,44,0.000182804263740699,0.00012670417599581,0.000169321728384272,0.000327445890650209,0.000257815749088738,2.86461943431931e-05,1.70609616641746e-05,9.86754897047754e-05,3.8421618028556e-05,0.215909090909091,-0.571590909090909,0.640340909090909,0.000247644376708503
A4,Amplifying Resurgence,ARX,S,9,44,44,0.000328813066557356,0.000222432445530931,0.00030361024573473,0.000574450170529985,0.000453647253287895,5.04052503653216e-05,2.77549921801863e-05,0.000180182511965262,7.04703120465865e-05,0.204545454545455,-0.582954545454545,0.64375,0.00040329686904467
A4,Amplifying Resurgence,ARX,S,10,44,44,0.000560931098178583,0.000403522179697638,0.000516069990884177,0.000957482984106761,0.000757451795680733,8.41613106311926e-05,4.32600514369685e-05,0.000311407978718931,0.00012210175739149,0.176136363636364,-0.611363636363636,0.663068181818182,0.000627450214257591
A4,Amplifying Resurgence,ARX,S,11,44,44,0.00091592186928102,0.000659343468867541,0.00083975164759984,0.00153304278249563,0.00121473523992985,0.000134970582214428,6.47491816794166e-05,0.000514242200863065,0.00020195990452411,0.159090909090909,-0.628409090909091,0.676704545454546,0.000937961667606264
A4,Amplifying Resurgence,ARX,S,12,44,44,0.00143875647204699,0.0010362275636823,0.00131738117239228,0.00236650495008707,0.00187417714006622,0.000208241904451803,9.37412789093246e-05,0.000815577421626403,0.000321195867059458,0.142045454545455,-0.645454545454545,0.689772727272727,0.00135734964260528
A4,Amplifying Resurgence,ARX,S,13,44,44,0.00218829814706386,0.00159118681481373,0.00200368057275156,0.00354514880485636,0.00280425388026286,0.000311583764473651,0.000131550033313226,0.00125133182002424,0.000493832529252745,0.147727272727273,-0.639772727272727,0.689772727272727,0.00190585465361608
A4,Amplifying Resurgence,ARX,S,14,44,44,0.00323182812432936,0.00239746738919566,0.00297117192161398,0.00516669985934789,0.00407395470373774,0.000452661633748637,0.00017974982865508,0.00186091431962141,0.00073850234230423,0.147727272727273,-0.639772727272727,0.689772727272727,0.00260584818846602
A4,Amplifying Resurgence,N4SID,Both,1,44,44,0.00143800139110732,0.000846945590513882,0.0014353905200502,0.00289401238262601,0.00215707628386711,0.000239675142651901,0.000255584641927752,0.000321387237539324,0.000621354368988346,0.375,-0.4125,0.529545454545455,0.00385277680670232
A4,Amplifying Resurgence,N4SID,Both,2,44,44,0.00888055708294303,0.00491447721033638,0.01098863010139,0.015512242489089,0.0104317070177331,0.0011590785575259,0.000432176782534162,0.00201157969591981,0.00527772204696315,0.215909090909091,-0.571590909090909,0.638636363636364,0.00637271531617215
A4,Amplifying Resurgence,N4SID,Both,3,44,44,0.0179977012863262,0.00973104292308129,0.0236078504734721,0.031467194365445,0.020425560530688,0.002269506725632,0.000635895008140773,0.00403204769973996,0.0110602518528134,0.215909090909091,-0.571590909090909,0.638636363636364,0.00924819848508147
A4,Amplifying Resurgence,N4SID,Both,4,44,44,0.0284956141301021,0.0158944329400345,0.0386905965577434,0.0505580804226018,0.0320890769909563,0.00356545299899515,0.000866585173668573,0.00632993728557137,0.017733638671867,0.204545454545455,-0.582954545454545,0.647159090909091,0.0126262345386913
A4,Amplifying Resurgence,N4SID,Both,5,44,44,0.040644790348778,0.0235411520900265,0.0569968705244827,0.0731378793093209,0.0455389586083265,0.00505988428981406,0.00111029210968833,0.0089814041873597,0.025493209761916,0.181818181818182,-0.605681818181818,0.658522727272727,0.0162421985228148
A4,Amplifying Resurgence,N4SID,Both,6,44,44,0.0546611438996572,0.0309849409721957,0.0788878563526841,0.0999054505624626,0.0609600099551417,0.00677333443946019,0.00137842438731673,0.0120685848669176,0.0344408002059627,0.170454545454545,-0.617045454545455,0.663636363636364,0.0201988518906422
A4,Amplifying Resurgence,N4SID,Both,7,44,44,0.0705658850507176,0.0397030553481842,0.104597398840673,0.130563110775124,0.0783139779416419,0.00870155310462688,0.0016499139636699,0.0157243599668528,0.044490058015568,0.153409090909091,-0.634090909090909,0.667045454545455,0.0240939537088555
A4,Amplifying Resurgence,N4SID,Both,8,44,44,0.0885313734467344,0.048207449916833,0.133570386899398,0.164989764112685,0.0976355707272938,0.0108483967474771,0.00190409036378887,0.0200848337797192,0.0556940525557492,0.142045454545455,-0.645454545454545,0.675,0.0278829600653964
A4,Amplifying Resurgence,N4SID,Both,9,44,44,0.108323982471897,0.0615687475692049,0.164979593725729,0.20236848973828,0.118810612597491,0.013201179177499,0.00216821820666051,0.0254163625920642,0.067538222495673,0.153409090909091,-0.634090909090909,0.664772727272727,0.031698250066504
A4,Amplifying Resurgence,N4SID,Both,10,44,44,0.130893658893908,0.0749765075575792,0.197444231031493,0.242095072075756,0.14262994722381,0.0158477719137566,0.00244566709230825,0.0321245488606522,0.080475671027191,0.164772727272727,-0.622727272727273,0.665340909090909,0.0356991840753973
A4,Amplifying Resurgence,N4SID,Both,11,44,44,0.156998303250168,0.0900697105971775,0.231454171679727,0.285188006592885,0.170584593391978,0.0189538437102198,0.0027172565024283,0.0415033434840749,0.093823859553445,0.142045454545455,-0.645454545454545,0.678409090909091,0.0396394837032555
A4,Amplifying Resurgence,N4SID,Both,12,44,44,0.187004032311313,0.105580828313366,0.27411427943425,0.33783364850737,0.202162762420052,0.0224625291577835,0.0029894603552266,0.0544014734215643,0.107150569376738,0.107954545454545,-0.679545454545455,0.702840909090909,0.0436104300022297
A4,Amplifying Resurgence,N4SID,Both,13,44,44,0.224058894398119,0.123920230997484,0.348471169982522,0.422062694701788,0.241130285262421,0.0267922539180468,0.00333547612728423,0.073721054565783,0.120210109787005,0.107954545454545,-0.679545454545455,0.702840909090909,0.0483922616269884
A4,Amplifying Resurgence,N4SID,Both,14,44,44,0.278773878419832,0.14263219168633,0.529221871796001,0.612777124939874,0.298640745299479,0.0331823050332754,0.00379353290774513,0.108844778177068,0.132953262301744,0.0909090909090909,-0.696590909090909,0.715909090909091,0.0550013615010341
A4,Amplifying Resurgence,N4SID,I,1,44,44,0.000106286095475185,8.69119641108387e-07,0.000499828782213634,0.000715296803261801,0.000153557920972461,1.70619912191623e-05,8.66028050022349e-06,4.52989955380858e-06,7.60339242019911e-05,0.448863636363636,-0.338636363636364,0.478409090909091,0.000144446726983984
A4,Amplifying Resurgence,N4SID,I,2,44,44,0.00329196746443952,0.000326065313964185,0.00759744040863037,0.00842192167153364,0.00350634813603072,0.000389594237336747,3.43879408517259e-05,0.000950298130502543,0.00191768715574851,0.238636363636364,-0.548863636363636,0.626136363636364,0.000579516326166429
A4,Amplifying Resurgence,N4SID,I,3,44,44,0.00656124260033492,0.000750836849178334,0.0160906860931098,0.0180211342334969,0.00708883537628526,0.000787648375142806,9.38414635822817e-05,0.0022272932271691,0.00345245953444074,0.232954545454545,-0.554545454545455,0.621022727272727,0.0015655054155374
A4,Amplifying Resurgence,N4SID,I,4,44,44,0.0107654492920473,0.00141166261958332,0.0287857943153022,0.0328106559631051,0.0119113705913739,0.00132348562126377,0.00020138836576222,0.00395550540180066,0.00528506990322066,0.221590909090909,-0.565909090909091,0.630681818181818,0.00331810081378793
A4,Amplifying Resurgence,N4SID,I,5,44,44,0.016788717326828,0.00149277309489884,0.0476855901609305,0.0548031425595049,0.0188100313991858,0.00209000348879842,0.00036899644922633,0.00618371102979023,0.00814600635901303,0.215909090909091,-0.571590909090909,0.630681818181818,0.00599374823447052
A4,Amplifying Resurgence,N4SID,I,6,44,44,0.0249455385673839,0.00202915297545588,0.0721093183690257,0.0839639422817194,0.0286473944906999,0.00318304383229998,0.000609306298995309,0.00898107844157507,0.0121721099945135,0.176136363636364,-0.611363636363636,0.657954545454545,0.00984462614904381
A4,Amplifying Resurgence,N4SID,I,7,44,44,0.035274227744426,0.00258520147905013,0.0998729062402959,0.118303061611762,0.0411632143768433,0.00457369048631593,0.000950615998021991,0.0120878832704194,0.0176620379896687,0.153409090909091,-0.634090909090909,0.669886363636364,0.0152204000869635
A4,Amplifying Resurgence,N4SID,I,8,44,44,0.0468271484079669,0.00220746478854033,0.128590305910401,0.156341905778031,0.0558647247287539,0.00620719163652821,0.00144624208252054,0.0150883364190867,0.0240853782698314,0.164772727272727,-0.622727272727273,0.669886363636364,0.0231566052240245
A4,Amplifying Resurgence,N4SID,I,9,44,44,0.0592240709497062,0.00150352903546328,0.161037058808634,0.20581368567753,0.0732044110197916,0.00813382344664351,0.00218359927210314,0.0179202197027354,0.0309864285282242,0.164772727272727,-0.622727272727273,0.669318181818182,0.0351003354918196
A4,Amplifying Resurgence,N4SID,I,10,44,44,0.0735349350704056,0.0023704385158768,0.207490079069424,0.281949590622106,0.0950198987205168,0.0105577665245019,0.00323852434004946,0.0216194968805276,0.0381191473253267,0.1875,-0.6,0.65625,0.0528935058103011
A4,Amplifying Resurgence,N4SID,I,11,44,44,0.102613009997554,0.00255004058576988,0.275253272404911,0.401780294977489,0.135210650563277,0.0150234056181419,0.00472004327659717,0.0334141463464767,0.0494554147563379,0.142045454545455,-0.645454545454545,0.688068181818182,0.078719437027098
A4,Amplifying Resurgence,N4SID,I,12,44,44,0.138079813749342,0.00384521305380576,0.371315059635404,0.56637283466006,0.18471395056162,0.0205237722846244,0.00710682195451042,0.0496206804185334,0.060828539091674,0.125,-0.6625,0.694886363636364,0.116249215320376
A4,Amplifying Resurgence,N4SID,I,13,44,44,0.178007810500928,0.00538059064846595,0.497210973110375,0.770389179253267,0.240964830849678,0.0267738700944087,0.0100317105602394,0.071148865604437,0.0700533642418431,0.153409090909091,-0.634090909090909,0.677840909090909,0.159646492325072
A4,Amplifying Resurgence,N4SID,I,14,44,44,0.214057194010019,0.00817526135813481,0.609523937416245,0.957281845852476,0.292323243844618,0.0324803604271797,0.0125417525808567,0.0922417915910065,0.0767932894109763,0.159090909090909,-0.628409090909091,0.675,0.197823766527775
A4,Amplifying Resurgence,N4SID,None,1,44,44,0.000134030727264048,0.000104358336762012,0.000179839226467297,0.000479994139352561,0.000281598046112048,3.12886717902275e-05,5.84590221969489e-05,2.12541164597585e-06,4.21576216308955e-05,0.789772727272727,0.00227272727272727,0.280113636363636,0.000870209762048484
A4,Amplifying Resurgence,N4SID,None,2,44,44,0.000419655949457155,0.000290315614832673,0.000631128391092086,0.00140916964341018,0.000820516613557196,9.11685126174662e-05,0.000132193177221719,1.24017060126055e-05,0.000183892553605365,0.653409090909091,-0.134090909090909,0.351136363636364,0.00194936289754555
A4,Amplifying Resurgence,N4SID,None,3,44,44,0.000889325844981536,0.000504441335818712,0.00138492234544972,0.00279568823872689,0.00164985034651946,0.000183316705168829,0.00021957479217471,3.39210805657349e-05,0.000452513267072262,0.596590909090909,-0.190909090909091,0.397159090909091,0.00327125635683107
A4,Amplifying Resurgence,N4SID,None,4,44,44,0.00155648088894777,0.000750684622731077,0.00247067032157402,0.00463606579090635,0.00272846049645546,0.00030316227738394,0.000326459740861365,6.62642524928078e-05,0.000860594618209656,0.568181818181818,-0.219318181818182,0.426136363636364,0.00484811679431983
A4,Amplifying Resurgence,N4SID,None,5,44,44,0.00243857557066784,0.001065699954254,0.00394702925108013,0.00692128138537447,0.00408030368399148,0.000453367075999053,0.000448737362025466,0.000114304923474912,0.00142216620916841,0.539772727272727,-0.247727272727273,0.439204545454546,0.00662615499212083
A4,Amplifying Resurgence,N4SID,None,6,44,44,0.00352559101018253,0.00137509013156978,0.00578736935872208,0.00969911511268825,0.00566163988625388,0.000629071098472654,0.000579406500483779,0.000177932822689957,0.00213918058853614,0.511363636363636,-0.276136363636364,0.45625,0.00855652298324496
A4,Amplifying Resurgence,N4SID,None,7,44,44,0.00482813557266523,0.00166227205127725,0.0080086638880813,0.0129409355684806,0.00747793355078962,0.00083088150564329,0.000723887194139745,0.000253680903324814,0.00301968596955738,0.505681818181818,-0.281818181818182,0.45625,0.0107110691166313
A4,Amplifying Resurgence,N4SID,None,8,44,44,0.00633871125685915,0.00210029419342109,0.0106283158855155,0.0166738219908852,0.00960547797571339,0.00106727533063482,0.000879082501546166,0.000326835464666668,0.0040655179600115,0.511363636363636,-0.276136363636364,0.451704545454545,0.0129770798731972
A4,Amplifying Resurgence,N4SID,None,9,44,44,0.00807065919436881,0.00251455620065627,0.01362532281958,0.0209535548677789,0.0119805669950229,0.0013311741105581,0.00104273638476722,0.000415228784028765,0.00528151991501473,0.5,-0.2875,0.45625,0.0153476274810381
A4,Amplifying Resurgence,N4SID,None,10,44,44,0.0100085789809402,0.0029858636418784,0.016907936451448,0.0255517134104995,0.0146528931102265,0.00162809923446961,0.00121801171026248,0.000511374784466538,0.00665109325174156,0.488636363636364,-0.298863636363636,0.461931818181818,0.0178513398268357
A4,Amplifying Resurgence,N4SID,None,11,44,44,0.0121694522519465,0.00402192020941922,0.020505675054549,0.030684144384447,0.0177173022395706,0.00196858913773006,0.00140329233821544,0.000620664498997641,0.00817690627700337,0.465909090909091,-0.321590909090909,0.473863636363636,0.0204960209367182
A4,Amplifying Resurgence,N4SID,None,12,44,44,0.0145394163060788,0.004784202541929,0.0244428038322608,0.0361971857768311,0.0210759363570727,0.00234177070634142,0.00159423498331076,0.000731492576000665,0.00987191804042601,0.4375,-0.35,0.486931818181818,0.0232508512723102
A4,Amplifying Resurgence,N4SID,None,13,44,44,0.0171616784112573,0.00525530503139649,0.0287024673517244,0.0420472374770012,0.024625008260415,0.002736112028935,0.00179255823190433,0.000842318165939333,0.0117906899844787,0.448863636363636,-0.338636363636364,0.480681818181818,0.0261017913102678
A4,Amplifying Resurgence,N4SID,None,14,44,44,0.0200274841693959,0.00622044067358143,0.033295280632282,0.0484036911378227,0.0284291103535703,0.00315879003928559,0.00199557204323008,0.000980242887086981,0.0138928791997933,0.420454545454545,-0.367045454545455,0.489772727272727,0.0290503990634404
A4,Amplifying Resurgence,N4SID,S,1,44,44,0.00118471307974186,0.000779674308188824,0.00119870885046926,0.00290648569721449,0.00211030457760305,0.000234478286400339,0.00031860186653507,0.000502992818856412,0.000128640107950043,0.551136363636364,-0.236363636363636,0.427840909090909,0.00491268867839842
A4,Amplifying Resurgence,N4SID,S,2,44,44,0.00331337117912157,0.00225324378813631,0.00283130392055741,0.00651088922587773,0.00508759637510632,0.000565288486122925,0.000546354952548132,0.00179410496250339,0.000407622777947124,0.392045454545455,-0.395454545454545,0.535795454545455,0.00808585701782692
A4,Amplifying Resurgence,N4SID,S,3,44,44,0.00661307759444853,0.00459988115932433,0.00569534476039987,0.011966596258758,0.00944541903863264,0.00104949100429252,0.000809209932770383,0.00377432278200924,0.000980053875376394,0.346590909090909,-0.440909090909091,0.575,0.0119005432539906
A4,Amplifying Resurgence,N4SID,S,4,44,44,0.0107723082179258,0.00807758172691914,0.00961982423531022,0.0190674001175072,0.0148972796645275,0.00165525329605861,0.00112275089736239,0.00635688662399886,0.00163741740050598,0.329545454545455,-0.457954545454545,0.575568181818182,0.016427796173015
A4,Amplifying Resurgence,N4SID,S,5,44,44,0.0160630185458885,0.0121596985398158,0.0149101859911132,0.0278856655350953,0.0214994460613905,0.0023888273401545,0.00145262257103752,0.00974222398011472,0.00247934465458175,0.3125,-0.475,0.5875,0.0211609736539538
A4,Amplifying Resurgence,N4SID,S,6,44,44,0.0225023029745374,0.0175635247569301,0.0215913776491015,0.0387103885652364,0.0294834057119475,0.00327593396799417,0.00181367981473942,0.0138539805978104,0.00355870859399341,0.301136363636364,-0.486363636363636,0.597159090909091,0.0263669216507218
A4,Amplifying Resurgence,N4SID,S,7,44,44,0.0301662209773646,0.0224653881907208,0.0299936646556584,0.0515366178194366,0.0386999392284554,0.00429999324760616,0.00218558052381786,0.01887672839392,0.0048039188120206,0.295454545454545,-0.492045454545455,0.601136363636364,0.0318252964488483
A4,Amplifying Resurgence,N4SID,S,8,44,44,0.0390457949293184,0.0266227842147408,0.0402790344231887,0.0666841957274442,0.0492413579702459,0.00547126199669399,0.00257989352376665,0.0248151500891524,0.00617948931970535,0.301136363636364,-0.486363636363636,0.600568181818182,0.0376621028253609
A4,Amplifying Resurgence,N4SID,S,9,44,44,0.0494913910185659,0.0293197163429971,0.0525126135451899,0.0844877039202854,0.0614854762105092,0.00683171957894547,0.00300866583860782,0.0318798366766165,0.00777116892439604,0.278409090909091,-0.509090909090909,0.614204545454546,0.043887733350231
A4,Amplifying Resurgence,N4SID,S,10,44,44,0.0615609227340139,0.0372962366066021,0.0672318368428459,0.105743640465406,0.0758034660412727,0.00842260733791919,0.00345634011387498,0.040103576430529,0.00957839885169066,0.261363636363636,-0.526136363636364,0.622159090909091,0.0503602681896489
A4,Amplifying Resurgence,N4SID,S,11,44,44,0.0752911993162644,0.0437289090516185,0.0844803291127743,0.130231968148545,0.0918578365617609,0.0102064262846401,0.00393392360374156,0.0495508123755164,0.0116000370523663,0.261363636363636,-0.526136363636364,0.621022727272727,0.0573666387631718
A4,Amplifying Resurgence,N4SID,S,12,44,44,0.0911773272817265,0.0495118079199272,0.104729430657819,0.158367514563811,0.109984017473217,0.012220446385913,0.00440660912064818,0.0606465297363033,0.013903742038862,0.244318181818182,-0.543181818181818,0.6375,0.0645171590420694
A4,Amplifying Resurgence,N4SID,S,13,44,44,0.109304074499234,0.0547295648830523,0.128288434810965,0.190657542689838,0.130697920417618,0.0145219911575132,0.00497552643168367,0.0733739365832561,0.0164326203267813,0.238636363636364,-0.548863636363636,0.634090909090909,0.0724128088786298
A4,Amplifying Resurgence,N4SID,S,14,44,44,0.129801350766834,0.0580552232923502,0.155715444970764,0.227686135118002,0.153832923087235,0.0170925470096927,0.00554606874396841,0.087941180328437,0.0192215546847363,0.221590909090909,-0.565909090909091,0.64375,0.0808064515634778
A4,Amplifying Resurgence,SSEST,Both,1,44,44,0.00643186103282101,0.00399006576550748,0.00571444649538547,0.0125857040337121,0.00992951176502751,0.00110327908500306,0.00446656812916066,0.000149723236885704,0.00071229058177159,0.801136363636364,0.0136363636363636,0.271022727272727,0.0653070428021826
A4,Amplifying Resurgence,SSEST,Both,2,44,44,0.0147769928808227,0.0120472325540639,0.0101142886555078,0.0353115075754774,0.0286389362229617,0.00318210402477352,0.00636100695138478,0.000868444666112891,0.00436543723855153,0.653409090909091,-0.134090909090909,0.3625,0.0930024844609505
A4,Amplifying Resurgence,SSEST,Both,3,44,44,0.0255433276023092,0.022365376197003,0.0195169094930549,0.0586702320191953,0.0479948519746769,0.00533276133051966,0.00763436509489065,0.00234954722070045,0.0102266539561985,0.539772727272727,-0.247727272727273,0.436363636363636,0.111622556255251
A4,Amplifying Resurgence,SSEST,Both,4,44,44,0.0383082236292907,0.0327815529969872,0.0308182132363297,0.0825668953952033,0.0679074360323931,0.0075452706702659,0.00868889791660311,0.00468146600768815,0.0173925890347335,0.471590909090909,-0.315909090909091,0.467613636363636,0.12704646689913
A4,Amplifying Resurgence,SSEST,Both,5,44,44,0.0526126649041008,0.0442431482121962,0.0429165226100518,0.106969029329,0.0883121273781538,0.00981245859757265,0.00962386946833275,0.00777829088082842,0.025398045957367,0.403409090909091,-0.384090909090909,0.511363636363636,0.1407251754408
A4,Amplifying Resurgence,SSEST,Both,6,44,44,0.0681241290097855,0.0555187932419663,0.0555942372775866,0.131861741986651,0.109200511035482,0.0121333901150535,0.0104837950585978,0.0115082463645457,0.0339986974715885,0.369318181818182,-0.418181818181818,0.531818181818182,0.153309574388384
A4,Amplifying Resurgence,SSEST,Both,7,44,44,0.0846232274807815,0.0648727926585154,0.0686756990132152,0.157253086557795,0.130463898739755,0.0144959887488616,0.0112935946932094,0.0159705255720604,0.0428631184666501,0.346590909090909,-0.440909090909091,0.545454545454545,0.165164248430978
A4,Amplifying Resurgence,SSEST,Both,8,44,44,0.102038724438049,0.0774310725232471,0.0821496580766907,0.183186468434499,0.152052704045639,0.0168947448939599,0.0120689237578797,0.02121057086424,0.0518644849219691,0.323863636363636,-0.463636363636364,0.566477272727273,0.176518431437555
A4,Amplifying Resurgence,SSEST,Both,9,44,44,0.120483978614312,0.0911304248207262,0.0961807143131063,0.20975374199404,0.173921407389536,0.0193246008210595,0.0128213696006296,0.0273590824857595,0.0609789257068636,0.301136363636364,-0.486363636363636,0.591477272727273,0.187541975811844
A4,Amplifying Resurgence,SSEST,Both,10,44,44,0.139515195270911,0.104869545792975,0.11093298216153,0.237109270151212,0.19601420516128,0.0217793561290311,0.0135618230870589,0.0339856567217673,0.070188359333054,0.284090909090909,-0.503409090909091,0.604545454545455,0.19839473331175
A4,Amplifying Resurgence,SSEST,Both,11,44,44,0.158962585874659,0.118468693782841,0.126717897323006,0.265497592912338,0.218286785089286,0.0242540872321429,0.0143007283303262,0.0410311065224811,0.0793766637897086,0.278409090909091,-0.509090909090909,0.60625,0.209230243783971
A4,Amplifying Resurgence,SSEST,Both,12,44,44,0.178837786151089,0.135752151511867,0.143868129966654,0.295288210742574,0.240779241366725,0.0267532490407472,0.0150488112655511,0.0485580673757923,0.0884776584689982,0.267045454545455,-0.520454545454545,0.615909090909091,0.220206457195989
A4,Amplifying Resurgence,SSEST,Both,13,44,44,0.199054717842129,0.157324763765416,0.162918887250262,0.327021846562267,0.263846729823838,0.0293163033137598,0.0158180331561736,0.0565038634261676,0.0974165179460284,0.267045454545455,-0.520454545454545,0.619318181818182,0.231499803756296
A4,Amplifying Resurgence,SSEST,Both,14,44,44,0.219634646479204,0.169565229356082,0.184520043697262,0.361474102080277,0.288164593705693,0.0320182881895215,0.0166226934048833,0.0648850189538655,0.106108645930934,0.261363636363636,-0.526136363636364,0.624431818181818,0.24332153938948
A4,Amplifying Resurgence,SSEST,I,1,44,44,0.00768213507417502,0.00450194824748662,0.0105940876806601,0.0116991617756852,0.0101728435827054,0.00113031595363393,0.00573619623835223,0.000191416391807209,0.000624206490381644,0.795454545454545,0.00795454545454546,0.255681818181818,0.0840158062340365
A4,Amplifying Resurgence,SSEST,I,2,44,44,0.0163333737004402,0.0126211830122816,0.0118020088098592,0.0343260048138347,0.0299065392682738,0.00332294880758598,0.00813564263610738,0.00128416817451619,0.00359061408223068,0.636363636363636,-0.151136363636364,0.357954545454545,0.119109604618223
A4,Amplifying Resurgence,SSEST,I,3,44,44,0.026974547813512,0.0216418519440104,0.0176005285816012,0.0572007952736722,0.0499462069349276,0.00554957854832529,0.00976805533769684,0.00331002199808682,0.00834689192940301,0.528409090909091,-0.259090909090909,0.429545454545455,0.142997239373128
A4,Amplifying Resurgence,SSEST,I,4,44,44,0.0390069666127227,0.0335267397754526,0.0259139501967228,0.0803098796927572,0.0703625371362004,0.00781805968180005,0.0111476321544288,0.00602880842308724,0.0140124663534067,0.471590909090909,-0.315909090909091,0.470454545454546,0.163194296471618
A4,Amplifying Resurgence,SSEST,I,5,44,44,0.0520486181702249,0.0492666679552023,0.0353079251573881,0.103644752135935,0.0909624062182047,0.010106934024245,0.0123989674354663,0.00930441201258464,0.020238304697929,0.414772727272727,-0.372727272727273,0.502272727272727,0.181522309871136
A4,Amplifying Resurgence,SSEST,I,6,44,44,0.0660171047503973,0.0655013544114138,0.0452038276416992,0.127199521992631,0.111622125324868,0.0124024583694298,0.013577532333652,0.0132166892926327,0.0268204247546828,0.375,-0.4125,0.525568181818182,0.198792752164694
A4,Amplifying Resurgence,SSEST,I,7,44,44,0.0803025199017212,0.0804466539101868,0.0554021208839202,0.150969784260728,0.132221005714772,0.0146912228571969,0.0147142966024822,0.0173460956737776,0.0335509047682645,0.352272727272727,-0.435227272727273,0.538636363636364,0.215459202271716
A4,Amplifying Resurgence,SSEST,I,8,44,44,0.0948302989565351,0.0950524508919571,0.0657743780843009,0.174951769333954,0.152638654728553,0.0169598505253948,0.0158285179625441,0.0216341007522274,0.0404078297163688,0.335227272727273,-0.452272727272727,0.552272727272727,0.231804269586119
A4,Amplifying Resurgence,SSEST,I,9,44,44,0.109723657516653,0.112933756847647,0.076202774151459,0.199154148676908,0.173482997185403,0.0192758885761559,0.016935004069882,0.0261863025029529,0.0473264623676617,0.3125,-0.475,0.567613636363636,0.248045834143116
A4,Amplifying Resurgence,SSEST,I,10,44,44,0.124967045660369,0.123392598327649,0.086551204622904,0.223604094507225,0.194112273283218,0.021568030364802,0.0180476133695274,0.0310024333040302,0.0543489686220091,0.289772727272727,-0.497727272727273,0.580681818181818,0.264388381424034
A4,Amplifying Resurgence,SSEST,I,11,44,44,0.140577856480197,0.130193461467685,0.0968385988431538,0.248340824989369,0.214731552561183,0.023859061395687,0.0191790918652414,0.0359936760553686,0.0615460271638999,0.278409090909091,-0.509090909090909,0.603977272727273,0.28102072789053
A4,Amplifying Resurgence,SSEST,I,12,44,44,0.156493547305929,0.141773722945606,0.107002410316457,0.273413438002846,0.235999918608911,0.0262222131787679,0.0203412687818393,0.04113605495141,0.0687940103939118,0.272727272727273,-0.514772727272727,0.609090909090909,0.298119020753197
A4,Amplifying Resurgence,SSEST,I,13,44,44,0.17249275424076,0.16358223071244,0.117458635098727,0.298875055073554,0.257045170245577,0.0285605744717307,0.0215446441878882,0.0464590326572402,0.0759285029239006,0.261363636363636,-0.526136363636364,0.615909090909091,0.315840826760431
A4,Amplifying Resurgence,SSEST,I,14,44,44,0.188316831648169,0.176703622192691,0.128227524056252,0.324772632727132,0.277777169076008,0.0308641298973342,0.0227973501571843,0.0517952806526101,0.0828600709410401,0.261363636363636,-0.526136363636364,0.615909090909091,0.334309994027671
A4,Amplifying Resurgence,SSEST,None,1,44,44,0.0104671457021657,0.011076332203119,0.00270745692335371,0.0227656824240132,0.020187298279749,0.00224303314219433,0.00798804173924633,4.80777731481178e-05,0.00018799304757689,0.931818181818182,0.144318181818182,0.2125,0.116777032279941
A4,Amplifying Resurgence,SSEST,None,2,44,44,0.0179841076364058,0.0187210483178646,0.00555832424493326,0.0457381518214584,0.0405957857784828,0.00451064286427586,0.0113233467594798,0.000838214400535325,0.00131190361211486,0.857954545454545,0.0704545454545455,0.215909090909091,0.165569026267991
A4,Amplifying Resurgence,SSEST,None,3,44,44,0.0256039138321442,0.0256457074445082,0.00926828874200477,0.0684657324279734,0.0607664279120069,0.00675182532355633,0.0138420659157894,0.00205110470719731,0.00295891788560116,0.789772727272727,0.00227272727272727,0.240909090909091,0.20243765597168
A4,Amplifying Resurgence,SSEST,None,4,44,44,0.0338752564356274,0.0341418193515097,0.0140921493446269,0.0909066869874983,0.0805640671650078,0.0089515630183342,0.0159368327128971,0.00364420061302647,0.00534266009136965,0.732954545454545,-0.0545454545454545,0.273295454545455,0.233118878270663
A4,Amplifying Resurgence,SSEST,None,5,44,44,0.0428722611990606,0.0417065109082586,0.0199436963796873,0.113020000639307,0.0998613371980834,0.0110957041331204,0.0177588508499915,0.00567592572389256,0.00834178049205615,0.653409090909091,-0.134090909090909,0.326704545454545,0.259821031954212
A4,Amplifying Resurgence,SSEST,None,6,44,44,0.0525569673478259,0.0514440992826464,0.0265568092432042,0.134765461843664,0.118941147950117,0.0132156831055686,0.0193856598805588,0.00815298406275898,0.0118026402989395,0.596590909090909,-0.190909090909091,0.364772727272727,0.28367628998991
A4,Amplifying Resurgence,SSEST,None,7,44,44,0.062896397876969,0.0601963959955054,0.0340029248043525,0.156103827124336,0.137493551240815,0.0152770612489794,0.0208634102920535,0.0110008167782287,0.0157551095577075,0.517045454545455,-0.270454545454545,0.425568181818182,0.305358329642628
A4,Amplifying Resurgence,SSEST,None,8,44,44,0.0738078452017575,0.0693221373223912,0.0419323077569982,0.176996998810704,0.155714855948076,0.0173016506608973,0.0222222595183313,0.0142232570947734,0.0200606779277554,0.482954545454545,-0.304545454545455,0.44375,0.325307255887594
A4,Amplifying Resurgence,SSEST,None,9,44,44,0.0848695584727278,0.0782496689571879,0.0500106413023686,0.197408205975685,0.173201910929343,0.019244656769927,0.0234832285418974,0.0176269659620105,0.0245147071988929,0.448863636363636,-0.338636363636364,0.472159090909091,0.343829760414953
A4,Amplifying Resurgence,SSEST,None,10,44,44,0.0961512472912037,0.0931073394295795,0.0581357564683885,0.217302184533788,0.190503638413072,0.0211670709347858,0.0246616822435311,0.0213248824497108,0.028997611663176,0.420454545454545,-0.367045454545455,0.496590909090909,0.36114995608977
A4,Amplifying Resurgence,SSEST,None,11,44,44,0.107369655223511,0.103810919273553,0.0662546859332696,0.236645353331202,0.207582312811047,0.0230647014234496,0.0257692681547828,0.0250571412141152,0.0334785444311629,0.409090909090909,-0.378409090909091,0.505113636363636,0.377437691611005
A4,Amplifying Resurgence,SSEST,None,12,44,44,0.118391811033648,0.106520887757565,0.0742513862162042,0.255405983166622,0.224546894837291,0.0249496549819212,0.0268150746627409,0.0287025143522798,0.0379245670367066,0.380681818181818,-0.406818181818182,0.526704545454546,0.392825464761619
A4,Amplifying Resurgence,SSEST,None,13,44,44,0.129323319618052,0.120501885252276,0.0819939080298482,0.273554355670389,0.240667495987379,0.0267408328874865,0.0278063617917092,0.0323685994415353,0.0424075254973205,0.375,-0.4125,0.527840909090909,0.407419092819434
A4,Amplifying Resurgence,SSEST,None,14,44,44,0.139831515822451,0.133123950021289,0.0895546929023866,0.291062908986506,0.256037331660211,0.0284485924066901,0.0287490430384579,0.0359802610008201,0.0466536193764828,0.363636363636364,-0.423863636363636,0.535795454545455,0.421304747211438
A4,Amplifying Resurgence,SSEST,S,1,44,44,0.00489954318607141,0.00437667119395381,0.00277763685563098,0.0122250666228007,0.0107174604850005,0.00119082894277783,0.0027813244454055,0.000603811769606457,0.000323578028281614,0.784090909090909,-0.0034090909090909,0.25,0.0406550041872001
A4,Amplifying Resurgence,SSEST,S,2,44,44,0.0142129115700121,0.0124738316066674,0.00794682601314355,0.0362467771057448,0.0318563879339169,0.0035395986593241,0.0049755055452458,0.00385310145406703,0.00184470591137516,0.551136363636364,-0.236363636363636,0.392045454545455,0.0727291825095104
A4,Amplifying Resurgence,SSEST,S,3,44,44,0.026837963243815,0.0238968956919303,0.0167585681808942,0.0606878345721626,0.0532904791396516,0.00592116434885018,0.00639469767574073,0.00995409729864178,0.00456800392058232,0.403409090909091,-0.384090909090909,0.496590909090909,0.0934779817559483
A4,Amplifying Resurgence,SSEST,S,4,44,44,0.0419863075892202,0.0431596832075531,0.0269001886807614,0.0855906620916479,0.075093676509295,0.00834374183436611,0.00755338197340333,0.0180820393439032,0.00800714443754757,0.289772727272727,-0.497727272727273,0.586363636363636,0.110420624127781
A4,Amplifying Resurgence,SSEST,S,5,44,44,0.0589103510034595,0.063825115124066,0.0383115628182084,0.111017436248853,0.0972138033533911,0.0108015337059323,0.00857135688334001,0.0277348879953945,0.0118025724187927,0.261363636363636,-0.526136363636364,0.603409090909091,0.125307893852298
A4,Amplifying Resurgence,SSEST,S,6,44,44,0.0766191238918023,0.0817387903173993,0.0506669161563686,0.137048789509275,0.119815143011745,0.0133127936679716,0.00950066206554624,0.0380011828699368,0.0158044852883476,0.238636363636364,-0.548863636363636,0.615909090909091,0.138900298340274
A4,Amplifying Resurgence,SSEST,S,7,44,44,0.0950038999132609,0.0952879486236885,0.0639520501961439,0.163787259891599,0.142933026605269,0.0158814474005854,0.0103700012853612,0.048828751376503,0.0199236998508112,0.232954545454545,-0.554545454545455,0.629545454545455,0.151617312659272
A4,Amplifying Resurgence,SSEST,S,8,44,44,0.114085050403631,0.117866554125468,0.0782221460814338,0.191361736140416,0.166554263222054,0.0185060292468949,0.01119764480934,0.0602496520029325,0.0241317243444631,0.227272727272727,-0.560227272727273,0.632954545454545,0.163725945691096
A4,Amplifying Resurgence,SSEST,S,9,44,44,0.133747274141373,0.135147229416252,0.0936878889965534,0.219930220423698,0.190462761945817,0.0211625291050908,0.0119964791436935,0.0721683471531232,0.0284199187394657,0.215909090909091,-0.571590909090909,0.639204545454546,0.175414540728558
A4,Amplifying Resurgence,SSEST,S,10,44,44,0.154008997386933,0.155128349991422,0.110535814849011,0.249683830835717,0.214618061599632,0.023846451288848,0.0127763787807338,0.0846059629868874,0.0327802043304642,0.193181818181818,-0.594318181818182,0.648863636363636,0.186827438786191
A4,Amplifying Resurgence,SSEST,S,11,44,44,0.174851187044182,0.178140361419377,0.129088560347781,0.280855059797549,0.239015708187202,0.0265573009096891,0.0135455020119205,0.0976218714916905,0.0371265126308822,0.193181818181818,-0.594318181818182,0.650568181818182,0.198083918774314
A4,Amplifying Resurgence,SSEST,S,12,44,44,0.196218295864112,0.190035522467786,0.149679970119069,0.313726272194608,0.264443496287897,0.0293826106986552,0.0143110674491915,0.111109912301964,0.0414147054143014,0.181818181818182,-0.605681818181818,0.657386363636364,0.209289549801404
A4,Amplifying Resurgence,SSEST,S,13,44,44,0.218199916969074,0.204059441567374,0.172608520867635,0.348639760046887,0.290796704541006,0.0323107449490006,0.0150798768198884,0.125172659927748,0.0456366352724368,0.181818181818182,-0.605681818181818,0.656818181818182,0.220543837140261
A4,Amplifying Resurgence,SSEST,S,14,44,44,0.240860511200879,0.212416666119836,0.198277475009906,0.386010070137093,0.317578201277053,0.0352864668085614,0.0158587139759558,0.139921915669392,0.0497934147469698,0.1875,-0.6,0.661931818181818,0.231946061457188
