Scenario,Model,ExoMode,WindowDay,WindowDayIdx,HorizonIdx,ForecastDay,Truth_Rt,Median_Forecast,Error,AbsoluteError,SquaredError,WIS,MeanCoverage,MeanIntervalWidth
A1,ARX,I,49,50,1,50,1.13649504552614,1.13649525249894,2.06972798011407e-07,2.06972798011407e-07,4.28377391166705e-14,1.45800984522696e-07,0,2.24634476575503e-07
A1,ARX,I,49,50,2,51,1.13849466883911,1.13849537745666,7.08617546862911e-07,7.08617546862911e-07,5.0213882772201e-13,5.33617694875588e-07,0,4.80382419565384e-07
A1,ARX,I,49,50,3,52,1.14045325319274,1.14045474498396,1.49179122299614e-06,1.49179122299614e-06,2.22544105300832e-12,1.25857280294363e-06,0,7.75160130916941e-07
A1,ARX,I,49,50,4,53,1.14237021821622,1.14237296142411,2.74320788751226e-06,2.74320788751226e-06,7.52518951410945e-12,2.35899071489884e-06,0,1.14613503965355e-06
A1,ARX,I,49,50,5,54,1.14424499587144,1.14424946971978,4.47384833845987e-06,4.47384833845987e-06,2.00153189555402e-11,3.9545034761606e-06,0,1.52618648807668e-06
A1,ARX,I,49,50,6,55,1.14607703062133,1.14608381933161,6.78871028703121e-06,6.78871028703121e-06,4.60865873612433e-11,6.12972388830525e-06,0,1.90310135250726e-06
A1,ARX,I,49,50,7,56,1.14786577959443,1.14787544818401,9.66858957829331e-06,9.66858957829331e-06,9.34816244334819e-11,8.94049850122104e-06,0,2.2817852906587e-06
A1,ARX,I,49,50,8,57,1.14961071274585,1.14962406271875,1.33499729066955e-05,1.33499729066955e-05,1.78221776609503e-10,1.24757120978653e-05,0,2.77158468003913e-06
A1,ARX,I,49,50,9,58,1.15131131301421,1.1513292874531,1.79744388957293e-05,1.79744388957293e-05,3.23080453616305e-10,1.68827274056673e-05,0,3.2478365317723e-06
A1,ARX,I,49,50,10,59,1.15296707647496,1.15299061943923,2.35429642756468e-05,2.35429642756468e-05,5.54271166884383e-10,2.22292604188317e-05,0,3.80103575442492e-06
A1,ARX,I,49,50,11,60,1.15457751248964,1.15460773551565,3.02230260069702e-05,3.02230260069702e-05,9.13431301018e-10,2.86698219657544e-05,0,4.41138627665927e-06
A1,ARX,I,49,50,12,61,1.15614214385133,1.15618009524288,3.79513915573781e-05,3.79513915573781e-05,1.44030812114143e-09,3.6327042137358e-05,0,5.0227882485987e-06
A1,ARX,I,49,50,13,62,1.15766050692596,1.15770775254052,4.72456145517164e-05,4.72456145517164e-05,2.23214809436936e-09,4.53276428914314e-05,0,5.57410088425359e-06
A1,ARX,I,49,50,14,63,1.15913215178981,1.15918996212887,5.78103390611595e-05,5.78103390611595e-05,3.34203530236622e-09,5.57545866449615e-05,0,6.17467504238078e-06
A1,ARX,I,56,57,1,57,1.14961071274585,1.14961101437649,3.01630641130757e-07,3.01630641130757e-07,9.09810436689514e-14,2.2034495829172e-07,0,3.00703997757612e-07
A1,ARX,I,56,57,2,58,1.15131131301421,1.15131230470025,9.9168604861255e-07,9.9168604861255e-07,9.83441219012773e-13,7.06463146187768e-07,0,7.11755348492549e-07
A1,ARX,I,56,57,3,59,1.15296707647496,1.15296914220824,2.06573328620507e-06,2.06573328620507e-06,4.26725400973561e-12,1.59567481079481e-06,0,1.22430401988671e-06
A1,ARX,I,56,57,4,60,1.15457751248964,1.15458127796606,3.76547641378622e-06,3.76547641378622e-06,1.41788126227803e-11,3.06951445742233e-06,0,1.77428372416522e-06
A1,ARX,I,56,57,5,61,1.15614214385133,1.15614820527106,6.06141973658048e-06,6.06141973658048e-06,3.67408092230073e-11,5.17226581307175e-06,0,2.30781784454903e-06
A1,ARX,I,56,57,6,62,1.15766050692596,1.15766967492131,9.16799534289581e-06,9.16799534289581e-06,8.40521386073592e-11,7.99415242276582e-06,0,2.86660858433985e-06
A1,ARX,I,56,57,7,63,1.15913215178981,1.15914519277432,1.30409845155999e-05,1.30409845155999e-05,1.70067277136116e-10,1.16232689537976e-05,0,3.4872733051805e-06
A1,ARX,I,56,57,8,64,1.16055664236272,1.16057435639217,1.77140294517208e-05,1.77140294517208e-05,3.13786839416434e-10,1.6183359072962e-05,0,4.1682750998584e-06
A1,ARX,I,56,57,9,65,1.1619335565374,1.16195706879591,2.3512258504832e-05,2.3512258504832e-05,5.52826299998043e-10,2.17331894063021e-05,0,5.07933374049863e-06
A1,ARX,I,56,57,10,66,1.16326248630447,1.16329300091365,3.05146091761355e-05,3.05146091761355e-05,9.31141373172291e-10,2.8409670751095e-05,0,5.93598945919371e-06
A1,ARX,I,56,57,11,67,1.16454303787336,1.16458202749568,3.89896223214059e-05,3.89896223214059e-05,1.52019064876587e-09,3.63558080548949e-05,0,6.8766180615909e-06
A1,ARX,I,56,57,12,68,1.16577483178899,1.1658235377774,4.8705988406228e-05,4.8705988406228e-05,2.37227330662761e-09,4.56821159259737e-05,0,7.85499508448861e-06
A1,ARX,I,56,57,13,69,1.16695750304426,1.16701758748117,6.00844369180731e-05,6.00844369180731e-05,3.6101395597619e-09,5.66380966689385e-05,0,8.74577753851025e-06
A1,ARX,I,56,57,14,70,1.16809070118813,1.16816385592331,7.31547351819906e-05,7.31547351819906e-05,5.35161527954717e-09,6.92854060669138e-05,0,9.75411552178729e-06
A1,ARX,I,63,64,1,64,1.16055664236272,1.16055698904583,3.46683113328083e-07,3.46683113328083e-07,1.20189181066853e-13,2.72797091799898e-07,0,3.15516934135118e-07
A1,ARX,I,63,64,2,65,1.1619335565374,1.16193475381,1.1972725977305e-06,1.1972725977305e-06,1.43346167327635e-12,9.26234163203501e-07,0,8.35150590239309e-07
A1,ARX,I,63,64,3,66,1.16326248630447,1.16326513303582,2.64673134120486e-06,2.64673134120486e-06,7.00518679251605e-12,2.10316218537522e-06,0,1.47963963992304e-06
A1,ARX,I,63,64,4,67,1.16454303787336,1.16454763743262,4.5995592610204e-06,4.5995592610204e-06,2.11559453956386e-11,3.87710526750487e-06,0,2.24311679286604e-06
A1,ARX,I,63,64,5,68,1.16577483178899,1.16578221936458,7.38757558527148e-06,7.38757558527148e-06,5.45762730280992e-11,6.38192360182687e-06,0,3.15138953610461e-06
A1,ARX,I,63,64,6,69,1.16695750304426,1.16696848690302,1.09838587640798e-05,1.09838587640798e-05,1.20645153349253e-10,9.71880265898796e-06,0,4.15909413525872e-06
A1,ARX,I,63,64,7,70,1.16809070118813,1.16810631046128,1.56092731566915e-05,1.56092731566915e-05,2.43649408480209e-10,1.397301628573e-05,0,5.200733634525e-06
A1,ARX,I,63,64,8,71,1.16917409042954,1.16919535268158,2.12622520363581e-05,2.12622520363581e-05,4.52083361657615e-10,1.92712768938273e-05,0,6.32921042575951e-06
A1,ARX,I,63,64,9,72,1.17020734973689,1.17023550856167,2.81588247816877e-05,2.81588247816877e-05,7.92919413085792e-10,2.58716794459756e-05,0,7.33366216404407e-06
A1,ARX,I,63,64,10,73,1.17119017293313,1.17122632679785,3.61538647208892e-05,3.61538647208892e-05,1.30710193425636e-09,3.36670483476878e-05,0,8.5596437518487e-06
A1,ARX,I,63,64,11,74,1.17212226878654,1.1721679871914,4.57184048547887e-05,4.57184048547887e-05,2.09017254246637e-09,4.2777799941444e-05,0,9.84622735517027e-06
A1,ARX,I,63,64,12,75,1.17300336109701,1.17306038622843,5.70251314138126e-05,5.70251314138126e-05,3.2518656127626e-09,5.35031329073152e-05,0,1.11350838526425e-05
A1,ARX,I,63,64,13,76,1.17383318877787,1.17390326912881,7.00803509345871e-05,7.00803509345871e-05,4.91125558711488e-09,6.60281063079853e-05,0,1.24145213032945e-05
A1,ARX,I,63,64,14,77,1.17461150593327,1.17469665002967,8.51440963969274e-05,8.51440963969274e-05,7.24951715124927e-09,8.04299721261405e-05,0,1.37614630058014e-05
A1,ARX,I,70,71,1,71,1.16917409042954,1.16917453905277,4.48623228788136e-07,4.48623228788136e-07,2.01262801408293e-13,3.19588511729949e-07,0,4.94851414400976e-07
A1,ARX,I,70,71,2,72,1.17020734973689,1.17020888594392,1.53620703158275e-06,1.53620703158275e-06,2.35993204388428e-12,1.1370986387877e-06,0,1.16705507768877e-06
A1,ARX,I,70,71,3,73,1.17119017293313,1.17119346025383,3.28732069809767e-06,3.28732069809767e-06,1.08064773721414e-11,2.57195507361955e-06,0,1.83642811413254e-06
A1,ARX,I,70,71,4,74,1.17212226878654,1.1721280303622,5.7615756556828e-06,5.7615756556828e-06,3.31957540361567e-11,4.73181749323833e-06,0,2.63277279805019e-06
A1,ARX,I,70,71,5,75,1.17300336109701,1.17301250076797,9.13967095828028e-06,9.13967095828028e-06,8.35335852256319e-11,7.59750891032492e-06,0,3.76371062099645e-06
A1,ARX,I,70,71,6,76,1.17383318877787,1.17384669243518,1.35036573079006e-05,1.35036573079006e-05,1.82348760689217e-10,1.13218039862689e-05,0,4.98784218100345e-06
A1,ARX,I,70,71,7,77,1.17461150593327,1.17463046862489,1.8962691613833e-05,1.8962691613833e-05,3.59583673241333e-10,1.60653979325347e-05,0,6.2626252259057e-06
A1,ARX,I,70,71,8,78,1.17533808193104,1.17536349911319,2.54171821567617e-05,2.54171821567617e-05,6.46033148790005e-10,2.20126624008548e-05,0,7.57446583860011e-06
A1,ARX,I,70,71,9,79,1.17601270147102,1.17604587212113,3.31706501106588e-05,3.31706501106588e-05,1.10029202876375e-09,2.93061822558862e-05,0,9.05059670330832e-06
A1,ARX,I,70,71,10,80,1.17663516464889,1.17667747346803,4.23088191379151e-05,4.23088191379151e-05,1.79003617684481e-09,3.79773185000055e-05,0,1.05002333477544e-05
A1,ARX,I,70,71,11,81,1.17720528701538,1.17725813929805,5.2852282669491e-05,5.2852282669491e-05,2.79336378337578e-09,4.81172526710008e-05,0,1.19350223543591e-05
A1,ARX,I,70,71,12,82,1.17772289963092,1.17778781536046,6.49157295393721e-05,6.49157295393721e-05,4.2140519416289e-09,5.99240650145469e-05,0,1.34052548638741e-05
A1,ARX,I,70,71,13,83,1.17818784911572,1.17826665314503,7.88040293107084e-05,7.88040293107084e-05,6.21007503560299e-09,7.35130183044509e-05,0,1.49996387401319e-05
A1,ARX,I,70,71,14,84,1.17859999769523,1.17869483513089,9.4837435665962e-05,9.4837435665962e-05,8.99413920369549e-09,8.89887379606405e-05,0,1.69261983545832e-05
A1,ARX,I,77,78,1,78,1.17533808193104,1.17533870648585,6.24554813200007e-07,6.24554813200007e-07,3.90068714691295e-13,3.27714637535534e-07,0,5.4550833195055e-07
A1,ARX,I,77,78,2,79,1.17601270147102,1.176014393278,1.6918069785099e-06,1.6918069785099e-06,2.8622108525348e-12,1.21519886507388e-06,0,1.29032846812871e-06
A1,ARX,I,77,78,3,80,1.17663516464889,1.17663873405815,3.56940925883009e-06,3.56940925883009e-06,1.2740682457022e-11,2.81143825959414e-06,0,2.14310155882691e-06
A1,ARX,I,77,78,4,81,1.17720528701538,1.17721165619637,6.36918099150563e-06,6.36918099150563e-06,4.05664665025566e-11,5.17173389274052e-06,0,3.09735711190307e-06
A1,ARX,I,77,78,5,82,1.17772289963092,1.17773297372098,1.00740900661478e-05,1.00740900661478e-05,1.01487290660858e-10,8.44207674004135e-06,0,4.2945603320188e-06
A1,ARX,I,77,78,6,83,1.17818784911572,1.17820267016022,1.48210444927965e-05,1.48210444927965e-05,2.19663359857454e-10,1.27522240955148e-05,0,5.62595478076355e-06
A1,ARX,I,77,78,7,84,1.17859999769523,1.17862035475325,2.03570580212808e-05,2.03570580212808e-05,4.14409811281795e-10,1.80158318062519e-05,0,7.27876994394139e-06
A1,ARX,I,77,78,8,85,1.17895922324091,1.17898642647328,2.72032323640481e-05,2.72032323640481e-05,7.40015851052393e-10,2.438719265221e-05,0,9.04566966264397e-06
A1,ARX,I,77,78,9,86,1.17926541930649,1.17930082227649,3.5402969997822e-05,3.5402969997822e-05,1.25337028466668e-09,3.21589632646995e-05,0,1.05630223704578e-05
A1,ARX,I,77,78,10,87,1.17951849515947,1.17956378896478,4.52938053143725e-05,4.52938053143725e-05,2.05152879985628e-09,4.13504398701137e-05,0,1.21828188958117e-05
A1,ARX,I,77,78,11,88,1.179718375808,1.1797749036729,5.6527864900735e-05,5.6527864900735e-05,3.19539951023575e-09,5.19723275712123e-05,0,1.4087385971806e-05
A1,ARX,I,77,78,12,89,1.17986500202314,1.17993449977211,6.94977489681392e-05,6.94977489681392e-05,4.82993711163849e-09,6.42243136998492e-05,0,1.60209254983501e-05
A1,ARX,I,77,78,13,90,1.17995833035638,1.18004240983653,8.40794801517664e-05,8.40794801517664e-05,7.06935898259127e-09,7.82305708107963e-05,0,1.8320376694525e-05
A1,ARX,I,77,78,14,91,1.17999833315251,1.1800991538677,0.000100820715186467,0.000100820715186467,1.01648166107107e-08,9.41228284283126e-05,0,2.06037696677264e-05
A1,ARX,I,84,85,1,85,1.17895922324091,1.17895980513414,5.81893225604091e-07,5.81893225604091e-07,3.38599726003934e-13,3.51992938193065e-07,0,7.94965993367036e-07
A1,ARX,I,84,85,2,86,1.17926541930649,1.17926727879738,1.85949088749027e-06,1.85949088749027e-06,3.45770636065934e-12,1.27859645102646e-06,0,1.74418785842123e-06
A1,ARX,I,84,85,3,87,1.17951849515947,1.1795222894549,3.79429543562182e-06,3.79429543562182e-06,1.43966778527806e-11,2.88390095982077e-06,0,2.71146641361852e-06
A1,ARX,I,84,85,4,88,1.179718375808,1.17972483677913,6.46097113099486e-06,6.46097113099486e-06,4.1744147955549e-11,5.25257353409926e-06,0,3.82693913786314e-06
A1,ARX,I,84,85,5,89,1.17986500202314,1.17987502440327,1.00223801298149e-05,1.00223801298149e-05,1.00448103466509e-10,8.63402989846884e-06,0,4.99117627689172e-06
A1,ARX,I,84,85,6,90,1.17995833035638,1.17997301891102,1.46885546434827e-05,1.46885546434827e-05,2.15753637514578e-10,1.28748556518972e-05,0,6.0497147022498e-06
A1,ARX,I,84,85,7,91,1.17999833315251,1.18001873640883,2.04032563149159e-05,2.04032563149159e-05,4.16292868252156e-10,1.80508400250572e-05,0,7.65498791455155e-06
A1,ARX,I,84,85,8,92,1.17998499855785,1.1800124326547,2.74340968451359e-05,2.74340968451359e-05,7.52629669708294e-10,2.43845062310751e-05,0,9.20540100179945e-06
A1,ARX,I,84,85,9,93,1.17991833052372,1.17995379178357,3.54612598467696e-05,3.54612598467696e-05,1.25750094992012e-09,3.21018256976231e-05,0,1.05458864619323e-05
A1,ARX,I,84,85,10,94,1.17979834880531,1.17984343590596,4.50871006514308e-05,4.50871006514308e-05,2.03284664515226e-09,4.13559583044738e-05,0,1.19970505237932e-05
A1,ARX,I,84,85,11,95,1.17962508895577,1.17968133106432,5.62421085448239e-05,5.62421085448239e-05,3.16317477356776e-09,5.19241963762715e-05,0,1.36177482125133e-05
A1,ARX,I,84,85,12,96,1.17939860231575,1.17946736084775,6.87585319960604e-05,6.87585319960604e-05,4.72773572225326e-09,6.39445043785473e-05,0,1.5133942582235e-05
A1,ARX,I,84,85,13,97,1.17911895599813,1.17920214644323,8.31904451070731e-05,8.31904451070731e-05,6.92065015711294e-09,7.76009530200726e-05,0,1.67267864189524e-05
A1,ARX,I,84,85,14,98,1.17878623286813,1.17888570013299,9.94672648526596e-05,9.94672648526596e-05,9.89373677726912e-09,9.30807049314166e-05,0,1.8445926343591e-05
A1,ARX,I,91,92,1,92,1.17998499855785,1.17998560128343,6.02725581000385e-07,6.02725581000385e-07,3.63278125992252e-13,3.15931261196667e-07,0,8.70988393020244e-07
A1,ARX,I,91,92,2,93,1.17991833052372,1.17992011380739,1.78328366851055e-06,1.78328366851055e-06,3.18010064237644e-12,1.27318925433729e-06,0,1.85604832292352e-06
A1,ARX,I,91,92,3,94,1.17979834880531,1.17980198896884,3.64016353082697e-06,3.64016353082697e-06,1.32507905311627e-11,2.86681368429045e-06,0,3.20741829917814e-06
A1,ARX,I,91,92,4,95,1.17962508895577,1.1796316497515,6.56079573313484e-06,6.56079573313484e-06,4.30440406519203e-11,5.25158843111612e-06,0,4.78594371566832e-06
A1,ARX,I,91,92,5,96,1.17939860231575,1.17940920759345,1.0605277702247e-05,1.0605277702247e-05,1.12471915141776e-10,8.3371285798248e-06,0,6.73250422900118e-06
A1,ARX,I,91,92,6,97,1.17911895599813,1.17913437685875,1.54208606248929e-05,1.54208606248929e-05,2.37802942412372e-10,1.22481204546301e-05,0,8.81712090317066e-06
A1,ARX,I,91,92,7,98,1.17878623286813,1.17880760338481,2.13705166784983e-05,2.13705166784983e-05,4.56698983105975e-10,1.71624630030287e-05,0,1.11854265138489e-05
A1,ARX,I,91,92,8,99,1.17840053151882,1.17842846111034,2.7929591521092e-05,2.7929591521092e-05,7.80062082535053e-10,2.30373967613002e-05,0,1.39503346220371e-05
A1,ARX,I,91,92,9,100,1.17796196624182,1.17799811864428,3.61524024607984e-05,3.61524024607984e-05,1.30699620368754e-09,3.00369168670156e-05,0,1.62832117928113e-05
A1,ARX,I,91,92,10,101,1.17747066699349,1.17751600774073,4.5340747238054e-05,4.5340747238054e-05,2.0557833601051e-09,3.82590078926184e-05,0,1.85856428923659e-05
A1,ARX,I,91,92,11,102,1.1769267793564,1.17698234551627,5.55661598682367e-05,5.55661598682367e-05,3.08759812250243e-09,4.75704969571944e-05,0,2.12075070069595e-05
A1,ARX,I,91,92,12,103,1.17633046449619,1.17639751067911,6.70461829228586e-05,6.70461829228586e-05,4.49519064452541e-09,5.84283834641301e-05,0,2.43391917948421e-05
A1,ARX,I,91,92,13,104,1.17568189911383,1.17576176767343,7.98685595990722e-05,7.98685595990722e-05,6.37898681243055e-09,7.08194010053953e-05,0,2.74901954421258e-05
A1,ARX,I,91,92,14,105,1.17498127539323,1.17507610965636,9.48342631310606e-05,9.48342631310606e-05,8.99353746361124e-09,8.44648452770695e-05,0,3.09928483417932e-05
A1,ARX,I,98,99,1,99,1.17840053151882,1.1784011077445,5.76225680504194e-07,5.76225680504194e-07,3.32036034872522e-13,2.53117070341751e-07,0,7.75642605588267e-07
A1,ARX,I,98,99,2,100,1.17796196624182,1.17796355760041,1.59135858668336e-06,1.59135858668336e-06,2.53242215141085e-12,1.06871820769492e-06,0,1.75394855173039e-06
A1,ARX,I,98,99,3,101,1.17747066699349,1.17747392623074,3.25923724675548e-06,3.25923724675548e-06,1.06226274306382e-11,2.38362898888776e-06,0,3.19513755475676e-06
A1,ARX,I,98,99,4,102,1.1769267793564,1.17693265008144,5.87072504365516e-06,5.87072504365516e-06,3.44654125381998e-11,4.39532168940993e-06,0,4.53280581869109e-06
A1,ARX,I,98,99,5,103,1.17633046449619,1.17633964021793,9.17572174108372e-06,9.17572174108372e-06,8.41938694697965e-11,7.15461262414951e-06,0,6.1472252498862e-06
A1,ARX,I,98,99,6,104,1.17568189911383,1.17569482151218,1.29223983516003e-05,1.29223983516003e-05,1.66988379157441e-10,1.04486399616281e-05,0,7.95785210816469e-06
A1,ARX,I,98,99,7,105,1.17498127539323,1.17499914316252,1.78677692859175e-05,1.78677692859175e-05,3.19257179254776e-10,1.44361151255268e-05,0,1.00781806339212e-05
A1,ARX,I,98,99,8,106,1.17422880094433,1.17425244481959,2.36438752629908e-05,2.36438752629908e-05,5.5903283745187e-10,1.95008294599816e-05,0,1.20192234220884e-05
A1,ARX,I,98,99,9,107,1.17342469874155,1.17345529219875,3.05934571998012e-05,3.05934571998012e-05,9.35959623436069e-10,2.54592014401836e-05,0,1.43018393407024e-05
A1,ARX,I,98,99,10,108,1.17256920705771,1.17260809218256,3.88851248431799e-05,3.88851248431799e-05,1.51205293406968e-09,3.22965531724629e-05,0,1.68123529821207e-05
A1,ARX,I,98,99,11,109,1.17166257939348,1.17171072847674,4.81490832580089e-05,4.81490832580089e-05,2.31833421858668e-09,4.01732748008711e-05,0,1.92482352270873e-05
A1,ARX,I,98,99,12,110,1.17070508440219,1.17076360678254,5.85223803515333e-05,5.85223803515333e-05,3.42486900200954e-09,4.92802055373498e-05,0,2.17758993801831e-05
A1,ARX,I,98,99,13,111,1.16969700581028,1.16976680643778,6.9800627506611e-05,6.9800627506611e-05,4.87212760031666e-09,5.96774754622695e-05,0,2.38612852175857e-05
A1,ARX,I,98,99,14,112,1.16863864233318,1.16872121806361,8.2575730427914e-05,8.2575730427914e-05,6.81875125570352e-09,7.14484374275262e-05,0,2.63646629649061e-05
A1,ARX,I,105,106,1,106,1.17422880094433,1.17422912883461,3.27890280926724e-07,3.27890280926724e-07,1.07512036326206e-13,1.37084608060118e-07,0,7.80556036528157e-07
A1,ARX,I,105,106,2,107,1.17342469874155,1.17342590929548,1.21055393109692e-06,1.21055393109692e-06,1.46544082009422e-12,7.03316764306806e-07,0,1.90238183528368e-06
A1,ARX,I,105,106,3,108,1.17256920705771,1.17257189515694,2.6880992258782e-06,2.6880992258782e-06,7.225877448167e-12,1.70658494771998e-06,0,3.36993725463808e-06
A1,ARX,I,105,106,4,109,1.17166257939348,1.17166742669751,4.84730403460532e-06,4.84730403460532e-06,2.3496356403901e-11,3.3898688579158e-06,0,4.85394153815211e-06
A1,ARX,I,105,106,5,110,1.17070508440219,1.17071280892903,7.72452684083547e-06,7.72452684083547e-06,5.96683149147876e-11,5.69480478460246e-06,0,6.46648650781678e-06
A1,ARX,I,105,106,6,111,1.16969700581028,1.16970794488499,1.09390747189408e-05,1.09390747189408e-05,1.19663355706571e-10,8.53769586316321e-06,0,8.29602712759669e-06
A1,ARX,I,105,106,7,112,1.16863864233318,1.16865369958216,1.50572489849843e-05,1.50572489849843e-05,2.2672074699581e-10,1.20280493822289e-05,0,1.0365632362952e-05
A1,ARX,I,105,106,8,113,1.16753030758684,1.16755029890915,1.99913223140058e-05,1.99913223140058e-05,3.99652967862466e-10,1.60944319642395e-05,0,1.27073428992652e-05
A1,ARX,I,105,106,9,114,1.16637232999476,1.16639809485174,2.5764856979027e-05,2.5764856979027e-05,6.63827855149715e-10,2.08432924241738e-05,0,1.53061832106616e-05
A1,ARX,I,105,106,10,115,1.16516505269069,1.16519722998893,3.21772982352364e-05,3.21772982352364e-05,1.03537852171935e-09,2.63174062632321e-05,0,1.7607629692995e-05
A1,ARX,I,105,106,11,116,1.16390883341696,1.16394813618139,3.93027644327582e-05,3.93027644327582e-05,1.54470729205688e-09,3.25431311276294e-05,0,2.02286309450295e-05
A1,ARX,I,105,106,12,117,1.16260404441844,1.16265181922742,4.7774808972445e-05,4.7774808972445e-05,2.28243237235361e-09,3.9828824562312e-05,0,2.29031714104044e-05
A1,ARX,I,105,106,13,118,1.16125107233228,1.16130755177519,5.64794429052107e-05,5.64794429052107e-05,3.18992747088295e-09,4.79364273147838e-05,0,2.55803222074524e-05
A1,ARX,I,105,106,14,119,1.15985031807331,1.15991724831545,6.69302421447693e-05,6.69302421447693e-05,4.47965731355745e-09,5.68422339778126e-05,0,2.83887249981074e-05
A1,ARX,I,112,113,1,113,1.16753030758684,1.16753066299332,3.55406479801701e-07,3.55406479801701e-07,1.26313765885037e-13,1.32646797549688e-07,0.75,1.09692147676199e-06
A1,ARX,I,112,113,2,114,1.16637232999476,1.16637349180245,1.16180769249574e-06,1.16180769249574e-06,1.34979711434228e-12,4.72677137808297e-07,0,2.34022825640334e-06
A1,ARX,I,112,113,3,115,1.16516505269069,1.16516732793208,2.27524138418644e-06,2.27524138418644e-06,5.17672335631464e-12,1.17352970590382e-06,0,3.77545498148057e-06
A1,ARX,I,112,113,4,116,1.16390883341696,1.16391289366316,4.06024619947765e-06,4.06024619947765e-06,1.64855992003727e-11,2.3522633339601e-06,0,5.38561151730566e-06
A1,ARX,I,112,113,5,117,1.16260404441844,1.16261014681299,6.10239454190697e-06,6.10239454190697e-06,3.7239219145096e-11,3.96835889523316e-06,0,7.16463269734291e-06
A1,ARX,I,112,113,6,118,1.16125107233228,1.16126010784838,9.03551609998665e-06,9.03551609998665e-06,8.1640551193118e-11,6.24117691078544e-06,0,8.59559090193862e-06
A1,ARX,I,112,113,7,119,1.15985031807331,1.15986258344051,1.22653671972284e-05,1.22653671972284e-05,1.50439232482846e-10,8.91332359955878e-06,0,1.03614838259936e-05
A1,ARX,I,112,113,8,120,1.15840219671524,1.15841777252251,1.55758072695189e-05,1.55758072695189e-05,2.42605772097198e-10,1.19309651713337e-05,0,1.23078128480003e-05
A1,ARX,I,112,113,9,121,1.15690713736768,1.15692671826412,1.95808964393862e-05,1.95808964393862e-05,3.83411505369967e-10,1.54119702873453e-05,0,1.41062254273572e-05
A1,ARX,I,112,113,10,122,1.15536558304898,1.15539012403399,2.45409850103684e-05,2.45409850103684e-05,6.02259945279126e-10,1.94210113645572e-05,0,1.6174106749367e-05
A1,ARX,I,112,113,11,123,1.15377799055497,1.15380843545084,3.04448958734493e-05,3.04448958734493e-05,9.26891684745173e-10,2.37921626488329e-05,0,1.89561122683202e-05
A1,ARX,I,112,113,12,124,1.15214483032355,1.15218056307071,3.57327471589564e-05,3.57327471589564e-05,1.2768292195259e-09,2.85058992306217e-05,0,2.14755829259783e-05
A1,ARX,I,112,113,13,125,1.15046658629535,1.15050800416834,4.14178729826187e-05,4.14178729826187e-05,1.71544020240433e-09,3.35527627061325e-05,0,2.44418107235855e-05
A1,ARX,I,112,113,14,126,1.1487437557703,1.14879119744321,4.74416729070448e-05,4.74416729070448e-05,2.25071232821903e-09,3.89197084385994e-05,0,2.78002774206643e-05
A1,ARX,I,119,120,1,120,1.15840219671524,1.15840247593233,2.79217094334427e-07,2.79217094334427e-07,7.79621857685605e-14,8.98056893418165e-08,1,7.19155990092091e-07
A1,ARX,I,119,120,2,121,1.15690713736768,1.15690781926493,6.8189725688228e-07,6.8189725688228e-07,4.64983868943578e-13,2.58346527300575e-07,0.75,1.97071365265478e-06
A1,ARX,I,119,120,3,122,1.15536558304898,1.155366940916,1.35786701260798e-06,1.35786701260798e-06,1.84380282392893e-12,5.29887486577785e-07,0.75,3.34004074609151e-06
A1,ARX,I,119,120,4,123,1.15377799055497,1.15378035013198,2.35957701244516e-06,2.35957701244516e-06,5.56760367765962e-12,9.07391241923418e-07,0.75,5.3286213593795e-06
A1,ARX,I,119,120,5,124,1.15214483032355,1.15214834854557,3.51822201927199e-06,3.51822201927199e-06,1.23778861768903e-11,1.36429491579918e-06,0.5,7.47855381910689e-06
A1,ARX,I,119,120,6,125,1.15046658629535,1.15047174860936,5.16231400582434e-06,5.16231400582434e-06,2.66494858947302e-11,2.00483437774704e-06,0.5,1.00311641744177e-05
A1,ARX,I,119,120,7,126,1.1487437557703,1.1487511208882,7.36511789334315e-06,7.36511789334315e-06,5.42449615828435e-11,2.78705236350651e-06,0.5,1.24400573509598e-05
A1,ARX,I,119,120,8,127,1.14697684926026,1.14698605114104,9.20188077802031e-06,9.20188077802031e-06,8.46746098528997e-11,3.81973923404432e-06,0,1.48236569444404e-05
A1,ARX,I,119,120,9,128,1.14516639033777,1.14517788013007,1.14897922975921e-05,1.14897922975921e-05,1.32015327041806e-10,5.22672424116842e-06,0,1.71416562114168e-05
A1,ARX,I,119,120,10,129,1.14331291548087,1.14332633310561,1.34176247388318e-05,1.34176247388318e-05,1.80032653632111e-10,6.6725891316535e-06,0,1.9639195418697e-05
A1,ARX,I,119,120,11,130,1.14141697391417,1.14143287551772,1.59016035554682e-05,1.59016035554682e-05,2.52860995635279e-10,8.26335474620373e-06,0,2.2543332328484e-05
A1,ARX,I,119,120,12,131,1.13947912744607,1.13949775173836,1.86242922974866e-05,1.86242922974866e-05,3.4686426358222e-10,1.04696121598826e-05,0,2.51371414283774e-05
A1,ARX,I,119,120,13,132,1.1374999503023,1.13752216646836,2.22161660621278e-05,2.22161660621278e-05,4.93558034500041e-10,1.29504848891638e-05,0,2.76493882213069e-05
A1,ARX,I,119,120,14,133,1.13548002895576,1.13550543610797,2.54071522098887e-05,2.54071522098887e-05,6.4552338341645e-10,1.54433866711595e-05,0,3.01746432262995e-05
A1,ARX,I,126,127,1,127,1.14697684926026,1.14697681137509,-3.78851781057676e-08,3.78851781057676e-08,1.43528672010574e-15,6.20937604371245e-08,1,7.62801403486613e-07
A1,ARX,I,126,127,2,128,1.14516639033777,1.14516660003827,2.09700501629939e-07,2.09700501629939e-07,4.39743003838481e-14,1.60530425076367e-07,1,1.96644848193817e-06
A1,ARX,I,126,127,3,129,1.14331291548087,1.14331321262423,2.97143361915886e-07,2.97143361915886e-07,8.82941775306751e-14,2.77055315965767e-07,1,3.6060428407203e-06
A1,ARX,I,126,127,4,130,1.14141697391417,1.14141735329217,3.79377997017372e-07,3.79377997017372e-07,1.43927664620913e-13,3.97753246134731e-07,1,5.35302013976446e-06
A1,ARX,I,126,127,5,131,1.13947912744607,1.13947973163719,6.04191120467945e-07,6.04191120467945e-07,3.65046910052311e-13,5.56645254106641e-07,1,7.32544602266572e-06
A1,ARX,I,126,127,6,132,1.1374999503023,1.1375006773724,7.2707010057016e-07,7.2707010057016e-07,5.28630931143102e-13,7.22502169507126e-07,1,9.45953942976807e-06
A1,ARX,I,126,127,7,133,1.13548002895576,1.13548098239932,9.53443558771028e-07,9.53443558771028e-07,9.09054619761962e-13,9.284583041897e-07,1,1.20829053742999e-05
A1,ARX,I,126,127,8,134,1.13341996195275,1.13342108072027,1.11876752306728e-06,1.11876752306728e-06,1.25164077067009e-12,1.13516983438755e-06,1,1.50886825141527e-05
A1,ARX,I,126,127,9,135,1.13132035973557,1.13132176943634,1.40970076878411e-06,1.40970076878411e-06,1.9872562575105e-12,1.32709571866298e-06,1,1.75943515431931e-05
A1,ARX,I,126,127,10,136,1.12918184446167,1.12918338779581,1.54333413449059e-06,1.54333413449059e-06,2.38188025068383e-12,1.53850361937306e-06,1,2.02446994913563e-05
A1,ARX,I,126,127,11,137,1.12700504981929,1.12700656488177,1.5150624763649e-06,1.5150624763649e-06,2.29541430728895e-12,1.71927510207571e-06,1,2.28733977785112e-05
A1,ARX,I,126,127,12,138,1.12479062083966,1.12479130437388,6.83534221224136e-07,6.83534221224136e-07,4.67219031584486e-13,1.80422911012254e-06,1,2.57446740146161e-05
A1,ARX,I,126,127,13,139,1.12253921370586,1.12253918009886,-3.36070011819345e-08,3.36070011819345e-08,1.12943052844255e-15,1.90644993007928e-06,1,2.85260695507272e-05
A1,ARX,I,126,127,14,140,1.12025149555844,1.12025156679392,7.12354848442232e-08,7.12354848442232e-08,5.07449430099155e-15,2.07970971186633e-06,1,3.14559754485688e-05
A1,ARX,I,133,134,1,134,1.13341996195275,1.13341984693229,-1.15020456714632e-07,1.15020456714632e-07,1.32297054628425e-14,7.40244139800043e-08,1,1.02209672497855e-06
A1,ARX,I,133,134,2,135,1.13132035973557,1.13132015139579,-2.08339780316535e-07,2.08339780316535e-07,4.34054640623422e-14,1.66233802948816e-07,1,2.24813147015057e-06
A1,ARX,I,133,134,3,136,1.12918184446167,1.12918132411982,-5.20341851606432e-07,5.20341851606432e-07,2.7075564253321e-13,2.93929858705441e-07,1,3.62518407220902e-06
A1,ARX,I,133,134,4,137,1.12700504981929,1.1270042341558,-8.1566349385831e-07,8.1566349385831e-07,6.65306935213145e-13,4.494268606825e-07,1,5.46880305224429e-06
A1,ARX,I,133,134,5,138,1.12479062083966,1.12478924022242,-1.38061723875538e-06,1.38061723875538e-06,1.90610395994852e-12,6.42393859097269e-07,1,7.25803656037582e-06
A1,ARX,I,133,134,6,139,1.12253921370586,1.12253722141833,-1.9922875293954e-06,1.9922875293954e-06,3.96920959978442e-12,8.77839195564019e-07,0.75,9.02487457665746e-06
A1,ARX,I,133,134,7,140,1.12025149555844,1.12024862362919,-2.87192924863788e-06,2.87192924863788e-06,8.24797760918176e-12,1.15911745057022e-06,0.75,1.0920206245657e-05
A1,ARX,I,133,134,8,141,1.11792814429764,1.11792432950074,-3.81479689681719e-06,3.81479689681719e-06,1.4552675363966e-11,1.47340996322138e-06,0.75,1.31793356527576e-05
A1,ARX,I,133,134,9,142,1.11556984838258,1.11556501889215,-4.82949042912573e-06,4.82949042912573e-06,2.3323977805017e-11,1.86818770228451e-06,0.75,1.54251993676469e-05
A1,ARX,I,133,134,10,143,1.11317730662725,1.11317107577605,-6.23085119855205e-06,6.23085119855205e-06,3.88235066584975e-11,2.46693489960685e-06,0.75,1.77625816419891e-05
A1,ARX,I,133,134,11,144,1.1107512279934,1.11074344904637,-7.77894702719273e-06,7.77894702719273e-06,6.05120168518706e-11,3.38397198566234e-06,0.5,2.00946317535089e-05
A1,ARX,I,133,134,12,145,1.10829233138049,1.10828239852063,-9.93285985284587e-06,9.93285985284587e-06,9.86617048562772e-11,4.45229867898818e-06,0.25,2.26001877092208e-05
A1,ARX,I,133,134,13,146,1.10580134541265,1.10578877390171,-1.25715109389191e-05,1.25715109389191e-05,1.58042887287362e-10,5.96162286634616e-06,0.25,2.54706638923019e-05
A1,ARX,I,133,134,14,147,1.10327900822278,1.10326366528797,-1.53429348037637e-05,1.53429348037637e-05,2.35405648392543e-10,7.721814498766e-06,0.25,2.83065195987309e-05
A1,ARX,I,140,141,1,141,1.11792814429764,1.11792794316553,-2.01132110300151e-07,2.01132110300151e-07,4.0454125793792e-14,8.21576666340837e-08,0.75,7.32153679627867e-07
A1,ARX,I,140,141,2,142,1.11556984838258,1.11556916146963,-6.86912954961372e-07,6.86912954961372e-07,4.71849407693763e-13,2.57597491741072e-07,0.5,1.5839729040068e-06
A1,ARX,I,140,141,3,143,1.11317730662725,1.11317610692773,-1.19969951817289e-06,1.19969951817289e-06,1.43927893390427e-12,5.64074063947996e-07,0.5,2.78474618209401e-06
A1,ARX,I,140,141,4,144,1.1107512279934,1.11074902632323,-2.20167016462547e-06,2.20167016462547e-06,4.84735151380194e-12,8.81336438461765e-07,0.5,4.25955669935973e-06
A1,ARX,I,140,141,5,145,1.10829233138049,1.10828883311945,-3.49826103596129e-06,3.49826103596129e-06,1.2237830275725e-11,1.32147668327908e-06,0.5,5.95313944201648e-06
A1,ARX,I,140,141,6,146,1.10580134541265,1.10579572536307,-5.62004957593842e-06,5.62004957593842e-06,3.15849572360057e-11,2.06504843423858e-06,0.5,7.86645693484633e-06
A1,ARX,I,140,141,7,147,1.10327900822278,1.10327124998003,-7.7582427453482e-06,7.7582427453482e-06,6.0190330495748e-11,2.95023235499607e-06,0.5,1.00643659521338e-05
A1,ARX,I,140,141,8,148,1.10072606723383,1.1007158925756,-1.0174658232831e-05,1.0174658232831e-05,1.03523670154916e-10,3.93087448978813e-06,0.25,1.24584076887646e-05
A1,ARX,I,140,141,9,149,1.09814327893732,1.09813053841862,-1.27405187004825e-05,1.27405187004825e-05,1.62320816757345e-10,5.3842640771092e-06,0,1.5060070104933e-05
A1,ARX,I,140,141,10,150,1.09553140866915,1.0955157417509,-1.56669182480584e-05,1.56669182480584e-05,2.45452327391346e-10,7.38266619604546e-06,0,1.77125497018427e-05
A1,ARX,I,140,141,11,151,1.09289123038285,1.09287190155166,-1.9328831193377e-05,1.9328831193377e-05,3.73603715302065e-10,9.96885614413184e-06,0,2.03704205002375e-05
A1,ARX,I,140,141,12,152,1.09022352642024,1.09019986006289,-2.36663573500717e-05,2.36663573500717e-05,5.60096470221294e-10,1.30810295256757e-05,0,2.31256510513367e-05
A1,ARX,I,140,141,13,153,1.08752908727956,1.08750078967764,-2.8297601928351e-05,2.8297601928351e-05,8.00754274895412e-10,1.66023101215594e-05,0,2.59574496685455e-05
A1,ARX,I,140,141,14,154,1.0848087113813,1.08477511230454,-3.35990767574845e-05,3.35990767574845e-05,1.12889795895534e-09,2.08168628653163e-05,0,2.88026493881488e-05
A1,ARX,I,147,148,1,148,1.10072606723383,1.10072580580113,-2.61432699266706e-07,2.61432699266706e-07,6.83470562458759e-14,1.07737069004404e-07,0.5,9.53026579375571e-07
A1,ARX,I,147,148,2,149,1.09814327893732,1.09814234727058,-9.31666734205194e-07,9.31666734205194e-07,8.68002903624572e-13,3.97354327229414e-07,0.5,2.12162441015629e-06
A1,ARX,I,147,148,3,150,1.09553140866915,1.09552948143567,-1.9272334736975e-06,1.9272334736975e-06,3.71422886214013e-12,8.35206092269441e-07,0.5,3.58932689209501e-06
A1,ARX,I,147,148,4,151,1.09289123038285,1.09288792278333,-3.30759952249515e-06,3.30759952249515e-06,1.09402146012102e-11,1.46117341806646e-06,0.5,5.16831672070506e-06
A1,ARX,I,147,148,5,152,1.09022352642024,1.09021812066639,-5.40575384500031e-06,5.40575384500031e-06,2.92221746327356e-11,2.4266334307151e-06,0.25,6.86589696752282e-06
A1,ARX,I,147,148,6,153,1.08752908727956,1.08752149718812,-7.59009144779554e-06,7.59009144779554e-06,5.76094881858991e-11,3.84357640343083e-06,0,8.77177217173397e-06
A1,ARX,I,147,148,7,154,1.0848087113813,1.08479820669773,-1.05046835701117e-05,1.05046835701117e-05,1.10348376908175e-10,5.85288578207363e-06,0,1.08056750577346e-05
A1,ARX,I,147,148,8,155,1.08206320483152,1.0820493195637,-1.38852678270851e-05,1.38852678270851e-05,1.92800662629885e-10,8.31107865215058e-06,0,1.30508773538152e-05
A1,ARX,I,147,148,9,156,1.07929338118309,1.07927558758103,-1.77936020631098e-05,1.77936020631098e-05,3.16612274380304e-10,1.11604708256947e-05,0,1.53093036046603e-05
A1,ARX,I,147,148,10,157,1.07650006119452,1.07647788183001,-2.21793645074353e-05,2.21793645074353e-05,4.91924209953681e-10,1.43197144564961e-05,0,1.80225181318217e-05
A1,ARX,I,147,148,11,158,1.07368407258681,1.07365707597241,-2.6996614406416e-05,2.6996614406416e-05,7.28817189408707e-10,1.79273714284241e-05,0,2.09340415580628e-05
A1,ARX,I,147,148,12,159,1.07084624979816,1.07081370011202,-3.2549686139749e-05,3.2549686139749e-05,1.05948206779617e-09,2.20535507083971e-05,0,2.37900867182672e-05
A1,ARX,I,147,148,13,160,1.06798743373671,1.06794896642847,-3.84673082414189e-05,3.84673082414189e-05,1.47973380334033e-09,2.6754793318198e-05,0,2.70307459338537e-05
A1,ARX,I,147,148,14,161,1.06510847153136,1.06506346346111,-4.50080702456557e-05,4.50080702456557e-05,2.02572638723788e-09,3.20868869033844e-05,0,3.05543968868172e-05
A1,ARX,I,154,155,1,155,1.08206320483152,1.08206277499389,-4.29837631266139e-07,4.29837631266139e-07,1.84760389252485e-13,1.7229812533258e-07,0.5,8.66985244707408e-07
A1,ARX,I,154,155,2,156,1.07929338118309,1.079292147845,-1.23333808677017e-06,1.23333808677017e-06,1.52112283627792e-12,5.42845923646852e-07,0.25,1.93599376080433e-06
A1,ARX,I,154,155,3,157,1.07650006119452,1.07649742377551,-2.63741900963232e-06,2.63741900963232e-06,6.95597903236995e-12,1.2657400893105e-06,0.25,3.28505708180327e-06
A1,ARX,I,154,155,4,158,1.07368407258681,1.07367975632685,-4.31625996277774e-06,4.31625996277774e-06,1.86301000662781e-11,2.29056717333284e-06,0.25,4.75438064478917e-06
A1,ARX,I,154,155,5,159,1.07084624979816,1.07083963961658,-6.61018158321092e-06,6.61018158321092e-06,4.36945005630208e-11,3.99500800247877e-06,0,6.20785988886263e-06
A1,ARX,I,154,155,6,160,1.06798743373671,1.06797818758084,-9.24615587649669e-06,9.24615587649669e-06,8.54913984924742e-11,6.08722956609606e-06,0,7.87339483121485e-06
A1,ARX,I,154,155,7,161,1.06510847153136,1.0650957933981,-1.26781332616677e-05,1.26781332616677e-05,1.60735063000604e-10,8.58601130558665e-06,0,9.77677967339829e-06
A1,ARX,I,154,155,8,162,1.06221021628073,1.06219348647958,-1.67298011495287e-05,1.67298011495287e-05,2.79886246502772e-10,1.15346604518729e-05,0,1.17480610189458e-05
A1,ARX,I,154,155,9,163,1.05929352680042,1.05927230258122,-2.12242191937051e-05,2.12242191937051e-05,4.5046748038244e-10,1.51762814921451e-05,0,1.36824172271566e-05
A1,ARX,I,154,155,10,164,1.05635926736845,1.05633294838012,-2.63189883293879e-05,2.63189883293879e-05,6.92689146682459e-10,1.91252075620898e-05,0,1.59406847599075e-05
A1,ARX,I,154,155,11,165,1.05340830746923,1.0533765031544,-3.18043148253011e-05,3.18043148253011e-05,1.01151444150687e-09,2.36763806051002e-05,0,1.81878987123296e-05
A1,ARX,I,154,155,12,166,1.05044152153586,1.0504035191867,-3.80023491615145e-05,3.80023491615145e-05,1.44417854179366e-09,2.88433566999517e-05,0,2.04606267243945e-05
A1,ARX,I,154,155,13,167,1.04745978869104,1.04741496357934,-4.48251117060039e-05,4.48251117060039e-05,2.00929063945573e-09,3.46376417434698e-05,0,2.29194805524968e-05
A1,ARX,I,154,155,14,168,1.04446399248657,1.04441145519083,-5.25372957340675e-05,5.25372957340675e-05,2.76016744304887e-09,4.11376146535463e-05,0,2.53786424688762e-05
A1,ARX,I,161,162,1,162,1.06221021628073,1.06220976506559,-4.5121514502533e-07,4.5121514502533e-07,2.03595107100229e-13,2.0135132441738e-07,0.25,7.50114456993245e-07
A1,ARX,I,161,162,2,163,1.05929352680042,1.05929212660711,-1.40019330685526e-06,1.40019330685526e-06,1.96054129656226e-12,6.84325593319151e-07,0,1.73366242434136e-06
A1,ARX,I,161,162,3,164,1.05635926736845,1.05635644209613,-2.82527232275953e-06,2.82527232275953e-06,7.98216369775104e-12,1.60161499863519e-06,0,3.05963088736982e-06
A1,ARX,I,161,162,4,165,1.05340830746923,1.05340365656966,-4.65089956702691e-06,4.65089956702691e-06,2.16308667825711e-11,2.91710957594813e-06,0,4.630971402797e-06
A1,ARX,I,161,162,5,166,1.05044152153586,1.05043454490326,-6.97663259585646e-06,6.97663259585646e-06,4.86734023775668e-11,4.65719491380165e-06,0,6.31394738059843e-06
A1,ARX,I,161,162,6,167,1.04745978869104,1.04744976350059,-1.00251904471271e-05,1.00251904471271e-05,1.00504443501169e-10,6.64645703221852e-06,0,8.62458684941503e-06
A1,ARX,I,161,162,7,168,1.04446399248657,1.0444506743829,-1.33181036647834e-05,1.33181036647834e-05,1.77371885225916e-10,9.42107391155054e-06,0,1.06298953474471e-05
A1,ARX,I,161,162,8,169,1.04145502064151,1.04143757136653,-1.74492749815958e-05,1.74492749815958e-05,3.04477197383344e-10,1.2877913117679e-05,0,1.26623080228816e-05
A1,ARX,I,161,162,9,170,1.03843376477916,1.0384111123387,-2.26524404627337e-05,2.26524404627337e-05,5.13133058917697e-10,1.69054064367513e-05,0,1.47607475359801e-05
A1,ARX,I,161,162,10,171,1.03540112016284,1.03537273993013,-2.83802327143423e-05,2.83802327143423e-05,8.05437608920226e-10,2.17415782228349e-05,0,1.65964241656269e-05
A1,ARX,I,161,162,11,172,1.0323579854306,1.03232329761829,-3.46878123140826e-05,3.46878123140826e-05,1.20324432313702e-09,2.71761635328062e-05,0,1.85267006406753e-05
A1,ARX,I,161,162,12,173,1.02930526232893,1.02926408624923,-4.11760797029981e-05,4.11760797029981e-05,1.69546953970765e-09,3.30249102785735e-05,0,2.06838333688397e-05
A1,ARX,I,161,162,13,174,1.02624385544558,1.02619573121952,-4.81242260548242e-05,4.81242260548242e-05,2.31594113337583e-09,3.93635314109704e-05,0,2.30183977611431e-05
A1,ARX,I,161,162,14,175,1.02317467194146,1.02311845889155,-5.62130499111024e-05,5.62130499111024e-05,3.15990698030809e-09,4.65090360835196e-05,0,2.51835036401138e-05
A1,ARX,I,168,169,1,169,1.04145502064151,1.04145448306401,-5.37577500292485e-07,5.37577500292485e-07,2.88989568820717e-13,1.95957534073384e-07,0.5,9.01225090221836e-07
A1,ARX,I,168,169,2,170,1.03843376477916,1.0384321097728,-1.65500636017946e-06,1.65500636017946e-06,2.73904605223445e-12,7.09625181645931e-07,0.25,2.05548045828507e-06
A1,ARX,I,168,169,3,171,1.03540112016284,1.03539793320063,-3.18696221235371e-06,3.18696221235371e-06,1.01567281429704e-11,1.61436679316291e-06,0,3.64972974564726e-06
A1,ARX,I,168,169,4,172,1.0323579854306,1.03235275043158,-5.23499902094215e-06,5.23499902094215e-06,2.74052147492653e-11,3.03009157994379e-06,0,5.37050574617171e-06
A1,ARX,I,168,169,5,173,1.02930526232893,1.02929706365146,-8.19867747425818e-06,8.19867747425818e-06,6.72183123269084e-11,4.83224847766836e-06,0,7.2879620445776e-06
A1,ARX,I,168,169,6,174,1.02624385544558,1.02623233412661,-1.15213189637586e-05,1.15213189637586e-05,1.32740790664664e-10,7.1717378351161e-06,0,9.39606561850548e-06
A1,ARX,I,168,169,7,175,1.02317467194146,1.02315922791473,-1.54440267359224e-05,1.54440267359224e-05,2.38517961819885e-10,1.01261264256346e-05,0,1.12273987578071e-05
A1,ARX,I,168,169,8,176,1.0200986212819,1.02007868732592,-1.99339559814327e-05,1.99339559814327e-05,3.97362601069695e-10,1.36332577336893e-05,0,1.32841292050934e-05
A1,ARX,I,168,169,9,177,1.0170166149671,1.01699161240657,-2.50025605295079e-05,2.50025605295079e-05,6.25128033031706e-10,1.78391659485657e-05,0,1.53771102049394e-05
A1,ARX,I,168,169,10,178,1.01392956626202,1.0138987770105,-3.07892515254427e-05,3.07892515254427e-05,9.47978009496973e-10,2.27615749316167e-05,0,1.72772963964452e-05
A1,ARX,I,168,169,11,179,1.01083838992584,1.01080133943325,-3.70504925890636e-05,3.70504925890636e-05,1.37273900109225e-09,2.82192610498407e-05,0,1.93364339331481e-05
A1,ARX,I,168,169,12,180,1.00774400194082,1.00769958497452,-4.44169662923155e-05,4.44169662923155e-05,1.97286689461269e-09,3.42795013652308e-05,0,2.15371173884482e-05
A1,ARX,I,168,169,13,181,1.00464731924088,1.00459511597003,-5.22032708503151e-05,5.22032708503151e-05,2.72518148747135e-09,4.11051470204531e-05,0,2.39487447661335e-05
A1,ARX,I,168,169,14,182,1.00154925943996,1.00148852156951,-6.07378704544637e-05,6.07378704544637e-05,3.68908890734321e-09,4.84535576921013e-05,0,2.65987193054928e-05
A1,ARX,I,175,176,1,176,1.0200986212819,1.02009804560738,-5.75674521163805e-07,5.75674521163805e-07,3.31401154317176e-13,2.5399578120755e-07,0.25,8.14325273434946e-07
A1,ARX,I,175,176,2,177,1.0170166149671,1.0170149208414,-1.69412569994698e-06,1.69412569994698e-06,2.87006188722084e-12,1.03949304719464e-06,0,1.77450315741456e-06
A1,ARX,I,175,176,3,178,1.01392956626202,1.01392625346046,-3.3128015584083e-06,3.3128015584083e-06,1.09746541653924e-11,2.2457927841736e-06,0,2.89446855999964e-06
A1,ARX,I,175,176,4,179,1.01083838992584,1.01083280007536,-5.58985048515481e-06,5.58985048515481e-06,3.12464284463855e-11,3.85817422924564e-06,0,4.46386101060625e-06
A1,ARX,I,175,176,5,180,1.00774400194082,1.0077355469014,-8.45503941326875e-06,8.45503941326875e-06,7.1487691479928e-11,6.11349875779944e-06,0,6.1015527777486e-06
A1,ARX,I,175,176,6,181,1.00464731924088,1.00463526093104,-1.20583098455196e-05,1.20583098455196e-05,1.45402836330555e-10,8.76548621228225e-06,0,8.23412545980506e-06
A1,ARX,I,175,176,7,182,1.00154925943996,1.00153314772906,-1.61117109065412e-05,1.61117109065412e-05,2.59587228335958e-10,1.19964184386633e-05,0,1.05359592296184e-05
A1,ARX,I,175,176,8,183,0.998450740560036,0.998429775010641,-2.09655493954575e-05,2.09655493954575e-05,4.39554261453367e-10,1.58641900299973e-05,0,1.28590307902354e-05
A1,ARX,I,175,176,9,184,0.995352680759116,0.995326047991054,-2.66327680624734e-05,2.66327680624734e-05,7.09304334669503e-10,2.05048056777099e-05,0,1.51542645250025e-05
A1,ARX,I,175,176,10,185,0.992255998059185,0.992222954249824,-3.30438093604224e-05,3.30438093604224e-05,1.09189333704794e-09,2.57654249499541e-05,0,1.76896442227181e-05
A1,ARX,I,175,176,11,186,0.989161610074157,0.989121318486811,-4.02915873464194e-05,4.02915873464194e-05,1.62341201089414e-09,3.1921296990491e-05,0,2.01644111994248e-05
A1,ARX,I,175,176,12,187,0.986070433737977,0.986022127593213,-4.8306144763588e-05,4.8306144763588e-05,2.33348362192072e-09,3.88343200888671e-05,0,2.27693608734758e-05
A1,ARX,I,175,176,13,188,0.982983385032904,0.98292663872969,-5.67463032137283e-05,5.67463032137283e-05,3.22014292842439e-09,4.68225720931273e-05,0,2.52811442005285e-05
A1,ARX,I,175,176,14,189,0.979901378718095,0.979835121159012,-6.62575590829606e-05,6.62575590829606e-05,4.39006413563202e-09,5.55331783589815e-05,0,2.79474900876375e-05
A1,ARX,I,182,183,1,183,0.998450740560036,0.998450127253478,-6.13306557872839e-07,6.13306557872839e-07,3.7614493392983e-13,2.35664865841059e-07,0.25,8.96522675875033e-07
A1,ARX,I,182,183,2,184,0.995352680759116,0.99535087597575,-1.80478336608836e-06,1.80478336608836e-06,3.25724299850923e-12,9.07584713080414e-07,0,2.17174721117708e-06
A1,ARX,I,182,183,3,185,0.992255998059185,0.992252125064106,-3.87299507864647e-06,3.87299507864647e-06,1.50000908792198e-11,2.18761037796463e-06,0,3.61161738518523e-06
A1,ARX,I,182,183,4,186,0.989161610074157,0.989155178442588,-6.43163156965887e-06,6.43163156965887e-06,4.13658846478326e-11,4.17721849526598e-06,0,4.86207619598833e-06
A1,ARX,I,182,183,5,187,0.986070433737977,0.986060772020827,-9.66171714922304e-06,9.66171714922304e-06,9.33487782715905e-11,6.86239922990414e-06,0,6.2797029644901e-06
A1,ARX,I,182,183,6,188,0.982983385032904,0.982969385862244,-1.39991706604725e-05,1.39991706604725e-05,1.95976779181034e-10,1.03077587515395e-05,0,8.16524781546701e-06
A1,ARX,I,182,183,7,189,0.979901378718095,0.979882761526419,-1.86171916763955e-05,1.86171916763955e-05,3.46599825915651e-10,1.44684020667653e-05,0,9.94740638457503e-06
A1,ARX,I,182,183,8,190,0.976825328058536,0.976801371039882,-2.39570186539861e-05,2.39570186539861e-05,5.7393874278744e-10,1.91491239037179e-05,0,1.2360243493853e-05
A1,ARX,I,182,183,9,191,0.973756144554423,0.973725551502789,-3.0593051633665e-05,3.0593051633665e-05,9.35934808260092e-10,2.47310188537119e-05,0,1.51135651254852e-05
A1,ARX,I,182,183,10,192,0.970694737671067,0.970656389257904,-3.83484131627476e-05,3.83484131627476e-05,1.47060079210079e-09,3.11364878116844e-05,0,1.80541336947948e-05
A1,ARX,I,182,183,11,193,0.967642014569399,0.967594871716691,-4.71428527077933e-05,4.71428527077933e-05,2.22244856142869e-09,3.84410809666675e-05,0,2.10932875626402e-05
A1,ARX,I,182,183,12,194,0.964598879837156,0.964541946750398,-5.69330867579154e-05,5.69330867579154e-05,3.24137636778432e-09,4.69396138572522e-05,0,2.42592852192358e-05
A1,ARX,I,182,183,13,195,0.961566235220837,0.961498789899306,-6.74453215310233e-05,6.74453215310233e-05,4.54887139642312e-09,5.66490643042705e-05,0,2.72420458236056e-05
A1,ARX,I,182,183,14,196,0.95854497935849,0.958466424990282,-7.85543682079171e-05,7.85543682079171e-05,6.17078876454501e-09,6.73305728157288e-05,0,3.03128444336387e-05
A1,ARX,I,189,190,1,190,0.976825328058536,0.976824572200789,-7.5585774672593e-07,7.5585774672593e-07,5.713209332856e-13,4.40427780870303e-07,0,8.36956781713472e-07
A1,ARX,I,189,190,2,191,0.973756144554423,0.973753730387688,-2.41416673429917e-06,2.41416673429917e-06,5.82820102099673e-12,1.75276604965203e-06,0,1.76975488808129e-06
A1,ARX,I,189,190,3,192,0.970694737671067,0.970689755344557,-4.9823265098059e-06,4.9823265098059e-06,2.48235774503147e-11,3.90234906427879e-06,0,3.00163459565628e-06
A1,ARX,I,189,190,4,193,0.967642014569399,0.96763377642008,-8.23814931916189e-06,8.23814931916189e-06,6.78671042048075e-11,6.78342003923274e-06,0,4.48681551684649e-06
A1,ARX,I,189,190,5,194,0.964598879837156,0.964585995741398,-1.2884095758614e-05,1.2884095758614e-05,1.65999923517136e-10,1.06280445221109e-05,0,6.01837469049737e-06
A1,ARX,I,189,190,6,195,0.961566235220837,0.961547833434203,-1.84017866338149e-05,1.84017866338149e-05,3.38625751316447e-10,1.54088081206193e-05,0,7.64854207954691e-06
A1,ARX,I,189,190,7,196,0.95854497935849,0.958520088340906,-2.48910175838502e-05,2.48910175838502e-05,6.19562756359537e-10,2.11755053085479e-05,0,9.65475372788349e-06
A1,ARX,I,189,190,8,197,0.955536007513432,0.955503583366186,-3.24241472453579e-05,3.24241472453579e-05,1.05132532458865e-09,2.81643170851615e-05,0,1.16612581056441e-05
A1,ARX,I,189,190,9,198,0.952540211308959,0.952498996835353,-4.12144736054998e-05,4.12144736054998e-05,1.69863283457844e-09,3.63613813936983e-05,0,1.40283774287819e-05
A1,ARX,I,189,190,10,199,0.949558478464141,0.949506928025802,-5.1550438338821e-05,5.1550438338821e-05,2.65744769292459e-09,4.5794772726615e-05,0,1.66950022712498e-05
A1,ARX,I,189,190,11,200,0.946591692530772,0.946528518911404,-6.31736193674737e-05,6.31736193674737e-05,3.99090618398644e-09,5.67995213658141e-05,0,1.91860010927691e-05
A1,ARX,I,189,190,12,201,0.943640732631551,0.943564370599457,-7.63620320938241e-05,7.63620320938241e-05,5.83115994549822e-09,6.91288320376534e-05,0,2.15654188087111e-05
A1,ARX,I,189,190,13,202,0.940706473199585,0.9406157154868,-9.07577127842174e-05,9.07577127842174e-05,8.2369624298225e-09,8.2987761968015e-05,0,2.41894745642846e-05
A1,ARX,I,189,190,14,203,0.937789783719268,0.937682770595846,-0.000107013123422428,0.000107013123422428,1.14518085846238e-08,9.84911495932482e-05,0,2.68044112891885e-05
A1,ARX,I,196,197,1,197,0.955536007513432,0.955534930981835,-1.07653159708843e-06,1.07653159708843e-06,1.15892027952976e-12,6.1735310935809e-07,0,1.08807301824054e-06
A1,ARX,I,196,197,2,198,0.952540211308959,0.952536877049111,-3.33425984777591e-06,3.33425984777591e-06,1.11172887324906e-11,2.31818958826784e-06,0,2.33647061653741e-06
A1,ARX,I,196,197,3,199,0.949558478464141,0.94955145897004,-7.01949410164548e-06,7.01949410164548e-06,4.92732974430358e-11,5.28091139837292e-06,0,3.88679222534938e-06
A1,ARX,I,196,197,4,200,0.946591692530772,0.946579866664544,-1.18258662273885e-05,1.18258662273885e-05,1.39851112028087e-10,9.37073497425913e-06,0,5.83743029008987e-06
A1,ARX,I,196,197,5,201,0.943640732631551,0.943622612374662,-1.8120256889631e-05,1.8120256889631e-05,3.28343709746221e-10,1.49462296819176e-05,0,7.97243273653603e-06
A1,ARX,I,196,197,6,202,0.940706473199585,0.940680731642639,-2.57415569460129e-05,2.57415569460129e-05,6.62627754004824e-10,2.18672549271184e-05,0,1.05519923945252e-05
A1,ARX,I,196,197,7,203,0.937789783719268,0.93775469438187,-3.50893373983752e-05,3.50893373983752e-05,1.23126159905701e-09,3.03854894255945e-05,0,1.33409753778069e-05
A1,ARX,I,196,197,8,204,0.934891528468642,0.93484547456684,-4.60539018015682e-05,4.60539018015682e-05,2.12096187114849e-09,4.05124718275936e-05,0,1.62146202995761e-05
A1,ARX,I,196,197,9,205,0.932012566263286,0.931953447733957,-5.91185293288277e-05,5.91185293288277e-05,3.49500051000346e-09,5.25497061213138e-05,0,1.86151717757044e-05
A1,ARX,I,196,197,10,206,0.929153750201836,0.92907947739836,-7.42728034758278e-05,7.42728034758278e-05,5.51644933615893e-09,6.65297140882093e-05,0,2.10782230913309e-05
A1,ARX,I,196,197,11,207,0.926315927413188,0.926224783054583,-9.11443586053551e-05,9.11443586053551e-05,8.30729410558156e-09,8.24934375924747e-05,0,2.37859644831306e-05
A1,ARX,I,196,197,12,208,0.92349993880548,0.923389359861473,-0.000110578944007012,0.000110578944007012,1.22277028577058e-08,0.000100655709325792,0,2.67197455836865e-05
A1,ARX,I,196,197,13,209,0.920706618816911,0.920574335784307,-0.000132283032603819,0.000132283032603819,1.74988007148631e-08,0.000121000895961102,0,2.95493865845875e-05
A1,ARX,I,196,197,14,210,0.917936795168477,0.917779943387452,-0.000156851781025646,0.000156851781025646,2.46024812109173e-08,0.000143814628578866,0,3.25535591046422e-05
A1,ARX,I,203,204,1,204,0.934891528468642,0.934889706563351,-1.82190529074422e-06,1.82190529074422e-06,3.31933888844178e-12,1.08267964240818e-06,0,1.22185061732227e-06
A1,ARX,I,203,204,2,205,0.932012566263286,0.932007426267745,-5.13999554163647e-06,5.13999554163647e-06,2.64195541680427e-11,3.83316580749983e-06,0,2.80333187280268e-06
A1,ARX,I,203,204,3,206,0.929153750201836,0.929143422276359,-1.03279254765054e-05,1.03279254765054e-05,1.06666044648249e-10,8.45253895321246e-06,0,4.56760120620681e-06
A1,ARX,I,203,204,4,207,0.926315927413188,0.92629838842116,-1.75389920287206e-05,1.75389920287206e-05,3.07616241383523e-10,1.48946756168136e-05,0,6.67442202784141e-06
A1,ARX,I,203,204,5,208,0.92349993880548,0.923473055127545,-2.68836779353521e-05,2.68836779353521e-05,7.22732139331736e-10,2.33626294367307e-05,0,8.72916323818584e-06
A1,ARX,I,203,204,6,209,0.920706618816911,0.920668323771901,-3.82950450105168e-05,3.82950450105168e-05,1.46651047235751e-09,3.38029397152625e-05,0,1.11909430327017e-05
A1,ARX,I,203,204,7,210,0.917936795168477,0.91788510549848,-5.16896699970237e-05,5.16896699970237e-05,2.67182198440122e-09,4.66809251825931e-05,0,1.33368810554535e-05
A1,ARX,I,203,204,8,211,0.915191288618705,0.915123156526639,-6.81320920654649e-05,6.81320920654649e-05,4.64198196921698e-09,6.19417485016242e-05,0,1.59653958751171e-05
A1,ARX,I,203,204,9,212,0.912470912720436,0.912383769289088,-8.71434313478581e-05,8.71434313478581e-05,7.59397762707885e-09,7.97402846233333e-05,0,1.8784330439614e-05
A1,ARX,I,203,204,10,213,0.90977647357976,0.909667300958633,-0.000109172621127751,0.000109172621127751,1.19186612039035e-08,0.000100174760133468,0,2.18547060380769e-05
A1,ARX,I,203,204,11,214,0.907108769617147,0.90697513428564,-0.000133635331506565,0.000133635331506565,1.78584018268696e-08,0.000123526363336281,0,2.4929375810695e-05
A1,ARX,I,203,204,12,215,0.904468591330852,0.904306969276997,-0.000161622053855059,0.000161622053855059,2.61216882923277e-08,0.000150006583294954,0,2.82747641658088e-05
A1,ARX,I,203,204,13,216,0.901856721062683,0.901663817191704,-0.000192903870978478,0.000192903870978478,3.72119034384813e-08,0.000179388301485443,0,3.20826450855571e-05
A1,ARX,I,203,204,14,217,0.899273932766168,0.89904663113678,-0.000227301629387999,0.000227301629387999,5.16660307224394e-08,0.000212067925089265,0,3.61171613516009e-05
A1,ARX,I,210,211,1,211,0.915191288618705,0.915188588971026,-2.69964767896091e-06,2.69964767896091e-06,7.28809759051905e-12,2.06519546262928e-06,0,9.9481994747519e-07
A1,ARX,I,210,211,2,212,0.912470912720436,0.912463318978281,-7.59374215442143e-06,7.59374215442143e-06,5.76649199078371e-11,6.27809008604387e-06,0,2.66475798693655e-06
A1,ARX,I,210,211,3,213,0.90977647357976,0.909761308496944,-1.5165082816071e-05,1.5165082816071e-05,2.29979736818291e-10,1.24256398800001e-05,0,5.36543313509052e-06
A1,ARX,I,210,211,4,214,0.907108769617147,0.907083337091838,-2.54325253088439e-05,2.54325253088439e-05,6.46813343584984e-10,2.14663866334915e-05,0,7.82114090633335e-06
A1,ARX,I,210,211,5,215,0.904468591330852,0.904430383818197,-3.82075126551529e-05,3.82075126551529e-05,1.45981402329367e-09,3.33160370717511e-05,0,1.09518444305901e-05
A1,ARX,I,210,211,6,216,0.901856721062683,0.901802075326744,-5.46457359386077e-05,5.46457359386077e-05,2.98615645627204e-09,4.82911049874302e-05,0,1.38988313311272e-05
A1,ARX,I,210,211,7,217,0.899273932766168,0.899199687535182,-7.4245230986536e-05,7.4245230986536e-05,5.51235432424409e-09,6.6479747247427e-05,0,1.73708088361257e-05
A1,ARX,I,210,211,8,218,0.896720991777222,0.896623502767857,-9.74890093643488e-05,9.74890093643488e-05,9.50410694684209e-09,8.7928678972194e-05,0,2.14469975464149e-05
A1,ARX,I,210,211,9,219,0.894198654587355,0.894074540130317,-0.000124114457038194,0.000124114457038194,1.54043984458856e-08,0.00011296131821649,0,2.57237751160322e-05
A1,ARX,I,210,211,10,220,0.891707668619514,0.891552464699184,-0.000155203920330083,0.000155203920330083,2.40882568858266e-08,0.000142231581957461,0,2.93924387714528e-05
A1,ARX,I,210,211,11,221,0.889248772006601,0.889058704392538,-0.000190067614063372,0.000190067614063372,3.61256979157428e-08,0.000175164282186103,0,3.37115677990774e-05
A1,ARX,I,210,211,12,222,0.88682269337275,0.886593761824916,-0.000228931547833988,0.000228931547833988,5.24096535936656e-08,0.000212260432775198,0,3.76999901830488e-05
A1,ARX,I,210,211,13,223,0.884430151617419,0.884158305041929,-0.000271846575489842,0.000271846575489842,7.39005606055546e-08,0.000253536321353013,0,4.2008294624557e-05
A1,ARX,I,210,211,14,224,0.882071855702365,0.881751895656926,-0.000319960045438328,0.000319960045438328,1.02374430676897e-07,0.000299038418214052,0,4.67668813429745e-05
A1,ARX,I,217,218,1,218,0.896720991777222,0.896717754985086,-3.23679213587447e-06,3.23679213587447e-06,1.04768233308588e-11,2.35218639216951e-06,0,1.84047593754233e-06
A1,ARX,I,217,218,2,219,0.894198654587355,0.894188669465566,-9.98512178884692e-06,9.98512178884692e-06,9.97026571381055e-11,7.73317891035556e-06,0,4.30190434488886e-06
A1,ARX,I,217,218,3,220,0.891707668619514,0.891687368244122,-2.03003753922459e-05,2.03003753922459e-05,4.12105241066104e-10,1.70140018110776e-05,0,6.45160093024066e-06
A1,ARX,I,217,218,4,221,0.889248772006601,0.8892140723884,-3.46996182011283e-05,3.46996182011283e-05,1.20406350330408e-09,2.98804858974445e-05,0,9.38826794738556e-06
A1,ARX,I,217,218,5,222,0.88682269337275,0.886770187957218,-5.25054155323668e-05,5.25054155323668e-05,2.7568186602265e-09,4.65971644515093e-05,0,1.26318158991667e-05
A1,ARX,I,217,218,6,223,0.884430151617419,0.884354198855981,-7.59527614372368e-05,7.59527614372368e-05,5.76882196994181e-09,6.74060041291453e-05,0,1.65670957834874e-05
A1,ARX,I,217,218,7,224,0.882071855702365,0.881968615446315,-0.000103240256049797,0.000103240256049797,1.06585504692276e-08,9.25160960189575e-05,0,2.09858591580236e-05
A1,ARX,I,217,218,8,225,0.879748504441564,0.879613397799025,-0.00013510664253924,0.00013510664253924,1.8253804858226e-08,0.00012197271271359,0,2.55009246824534e-05
A1,ARX,I,217,218,9,226,0.877460786294137,0.877289409991809,-0.000171376302327997,0.000171376302327997,2.9369836999617e-08,0.000155718973684556,0,3.06450429269356e-05
A1,ARX,I,217,218,10,227,0.875209379160344,0.874996799139132,-0.000212580021211828,0.000212580021211828,4.51902654184212e-08,0.000194393226345143,0,3.62293327429986e-05
A1,ARX,I,217,218,11,228,0.872994950180708,0.87273588420037,-0.000259065980337758,0.000259065980337758,6.71151821683637e-08,0.000239136489142147,0,4.0805589639259e-05
A1,ARX,I,217,218,12,229,0.870818155538327,0.870507047081849,-0.000311108456478304,0.000311108456478304,9.67884716923128e-08,0.000289593648885581,0,4.43680534727431e-05
A1,ARX,I,217,218,13,230,0.868679640264432,0.868310869372053,-0.000368770892378967,0.000368770892378967,1.35991971065979e-07,0.000344698773362342,0,4.92987205492068e-05
A1,ARX,I,217,218,14,231,0.866580038047253,0.866147250599666,-0.00043278744758668,0.00043278744758668,1.87304974788593e-07,0.000405970046742952,0,5.39485887569302e-05
A1,ARX,I,224,225,1,225,0.879748504441564,0.879744239553002,-4.26488856253293e-06,4.26488856253293e-06,1.81892744508242e-11,2.60832044181961e-06,0,3.11607619329912e-06
A1,ARX,I,224,225,2,226,0.877460786294137,0.877447583586193,-1.32027079440267e-05,1.32027079440267e-05,1.74311497055265e-10,9.62448245698183e-06,0,6.66853871886253e-06
A1,ARX,I,224,225,3,227,0.875209379160344,0.875182134491348,-2.72446689966177e-05,2.72446689966177e-05,7.42271988735262e-10,2.13684493327463e-05,0,1.07442467119634e-05
A1,ARX,I,224,225,4,228,0.872994950180708,0.872948627943549,-4.63222371586136e-05,4.63222371586136e-05,2.14574965537884e-09,3.84462860071932e-05,0,1.46831633968947e-05
A1,ARX,I,224,225,5,229,0.870818155538327,0.870748335476155,-6.98200621721545e-05,6.98200621721545e-05,4.87484108172352e-09,5.99315136558679e-05,0,1.96735118784264e-05
A1,ARX,I,224,225,6,230,0.868679640264432,0.868580849638415,-9.87906260169202e-05,9.87906260169202e-05,9.759587788815e-09,8.70535705259998e-05,0,2.45690745989402e-05
A1,ARX,I,224,225,7,231,0.866580038047253,0.866446397267248,-0.000133640780004773,0.000133640780004773,1.78598580802842e-08,0.000119905116322575,0,2.85972034587689e-05
A1,ARX,I,224,225,8,232,0.864519971044239,0.864345538942807,-0.000174432101432087,0.000174432101432087,3.04265580100139e-08,0.000158731566329938,0,3.39093589920014e-05
A1,ARX,I,224,225,9,233,0.862500049697702,0.862277950559136,-0.000222099138566634,0.000222099138566634,4.93280273520408e-08,0.000203917037080195,0,3.87837942216473e-05
A1,ARX,I,224,225,10,234,0.860520872553933,0.86024558492483,-0.00027528762910245,0.00027528762910245,7.57832787368479e-08,0.000255657717559563,0,4.34862998067442e-05
A1,ARX,I,224,225,11,235,0.858583026085831,0.858247533966799,-0.000335492119032499,0.000335492119032499,1.12554961932916e-07,0.000313202795268769,0,4.92729211317988e-05
A1,ARX,I,224,225,12,236,0.856687084519129,0.85628517227035,-0.000401912248778835,0.000401912248778835,1.6153345571846e-07,0.000376959272159241,0,5.53499472855656e-05
A1,ARX,I,224,225,13,237,0.85483360966223,0.854359042513482,-0.000474567148747607,0.000474567148747607,2.25213978670433e-07,0.000447597944013197,0,6.24678453896022e-05
A1,ARX,I,224,225,14,238,0.853023150739735,0.852469843506396,-0.000553307233339573,0.000553307233339573,3.06148894465892e-07,0.000525569761341318,0,6.92702797361888e-05
A1,ARX,I,231,232,1,232,0.864519971044239,0.864514100477931,-5.87056630751981e-06,5.87056630751981e-06,3.44635487709868e-11,3.97988325010355e-06,0,3.33888263734372e-06
A1,ARX,I,231,232,2,233,0.862500049697702,0.862482210326132,-1.78393715707381e-05,1.78393715707381e-05,3.18243178038859e-10,1.3868408055753e-05,0,7.40839519514092e-06
A1,ARX,I,231,232,3,234,0.860520872553933,0.860484585463571,-3.62870903612977e-05,3.62870903612977e-05,1.31675292688899e-09,2.91138929828516e-05,0,1.26471436686371e-05
A1,ARX,I,231,232,4,235,0.858583026085831,0.858521933860398,-6.10922254338231e-05,6.10922254338231e-05,3.73226000845706e-09,5.03755812308555e-05,0,1.78331481914262e-05
A1,ARX,I,231,232,5,236,0.856687084519129,0.856595708076388,-9.13764427414865e-05,9.13764427414865e-05,8.34965428808816e-09,7.77061951935344e-05,0,2.39958990785327e-05
A1,ARX,I,231,232,6,237,0.85483360966223,0.854704875381486,-0.00012873428074367,0.00012873428074367,1.657251503859e-08,0.000111530716446543,0,3.05852163973996e-05
A1,ARX,I,231,232,7,238,0.853023150739735,0.852850379610108,-0.000172771129627214,0.000172771129627214,2.98498632326635e-08,0.000152896017889896,0,3.69637130459843e-05
A1,ARX,I,231,232,8,239,0.851256244229696,0.851032634404006,-0.000223609825690474,0.000223609825690474,5.00013541453241e-08,0.000200842440583426,0,4.48109952191911e-05
A1,ARX,I,231,232,9,240,0.849533413704645,0.849250044834213,-0.000283368870432343,0.000283368870432343,8.02979167301022e-08,0.000256304986026104,0,5.24354020158824e-05
A1,ARX,I,231,232,10,241,0.847855169676449,0.847505174764364,-0.000349994912084206,0.000349994912084206,1.22496438484831e-07,0.000319248847954119,0,6.106153493457e-05
A1,ARX,I,231,232,11,242,0.846222009445031,0.845797814407013,-0.000424195038018715,0.000424195038018715,1.79941430279699e-07,0.000389626081889998,0,6.9415837145953e-05
A1,ARX,I,231,232,12,243,0.844634416951016,0.844128174792703,-0.000506242158313519,0.000506242158313519,2.5628112285393e-07,0.000467681531860597,0,7.84399274942338e-05
A1,ARX,I,231,232,13,244,0.843092862632322,0.84249657403771,-0.00059628859461236,0.00059628859461236,3.55560088064783e-07,0.000552918973510695,0,8.87903526612666e-05
A1,ARX,I,231,232,14,245,0.841597803284764,0.840902863748334,-0.000694939536430073,0.000694939536430073,4.82940959293644e-07,0.000645693630092526,0,0.000100566133127256
A1,ARX,I,238,239,1,239,0.851256244229696,0.851249447838488,-6.7963912078195e-06,6.7963912078195e-06,4.61909334497262e-11,4.63211534980881e-06,0,4.33146695130726e-06
A1,ARX,I,238,239,2,240,0.849533413704645,0.849513046170339,-2.03675343067866e-05,2.03675343067866e-05,4.1483645373813e-10,1.52596576582934e-05,0,1.12386920029239e-05
A1,ARX,I,238,239,3,241,0.847855169676449,0.847813962604532,-4.12070719164603e-05,4.12070719164603e-05,1.69802277592833e-09,3.30107685162963e-05,0,1.81521115814598e-05
A1,ARX,I,238,239,4,242,0.846222009445031,0.846151978936284,-7.00305087474318e-05,7.00305087474318e-05,4.90427215542412e-09,5.8819596427571e-05,0,2.47293841232343e-05
A1,ARX,I,238,239,5,243,0.844634416951016,0.844527906249357,-0.00010651070165868,0.00010651070165868,1.13445295678243e-08,9.1643606270229e-05,0,3.13676393004503e-05
A1,ARX,I,238,239,6,244,0.843092862632322,0.842941405253995,-0.000151457378326669,0.000151457378326669,2.29393374495878e-08,0.000132427012388037,0,3.94157588703981e-05
A1,ARX,I,238,239,7,245,0.841597803284764,0.841392885835511,-0.000204917449252995,0.000204917449252995,4.19911610083537e-08,0.000179459175580351,0,4.93625345168447e-05
A1,ARX,I,238,239,8,246,0.840149681926691,0.839883077424842,-0.000266604501848788,0.000266604501848788,7.10779604060406e-08,0.000234657132849333,0,5.9803180111867e-05
A1,ARX,I,238,239,9,247,0.838748927667716,0.838413238743458,-0.000335688924258615,0.000335688924258615,1.12687053869906e-07,0.000298915865371996,0,6.95142364132428e-05
A1,ARX,I,238,239,10,248,0.837395955581557,0.836982606993228,-0.000413348588329088,0.000413348588329088,1.7085705547365e-07,0.000371762422669775,0,7.99626445933399e-05
A1,ARX,I,238,239,11,249,0.836091166583041,0.835593248355451,-0.000497918227590155,0.000497918227590155,2.47922561366521e-07,0.000453347953881401,0,9.09352318806123e-05
A1,ARX,I,238,239,12,250,0.834834947309309,0.834242286205491,-0.00059266110381806,0.00059266110381806,3.51247183978841e-07,0.000542961511443775,0,0.000103098555299913
A1,ARX,I,238,239,13,251,0.833627670005243,0.832930443866324,-0.000697226138919316,0.000697226138919316,4.86124288792337e-07,0.00064180443353697,0,0.000116098337445025
A1,ARX,I,238,239,14,252,0.832469692413164,0.83165961949746,-0.000810072915704008,0.000810072915704008,6.56218128757192e-07,0.00074959975321438,0,0.000128713672985725
A1,ARX,I,245,246,1,246,0.840149681926691,0.840141594947409,-8.08697928256219e-06,8.08697928256219e-06,6.53992339165901e-11,5.46823408141334e-06,0,5.2956266882731e-06
A1,ARX,I,245,246,2,247,0.838748927667716,0.838724653994124,-2.42736735921456e-05,2.42736735921456e-05,5.89211229658027e-10,1.88066660740178e-05,0,1.2205875046134e-05
A1,ARX,I,245,246,3,248,0.837395955581557,0.837346264760077,-4.96908214795422e-05,4.96908214795422e-05,2.46917773931173e-09,4.0051712280668e-05,0,1.94244839226698e-05
A1,ARX,I,245,246,4,249,0.836091166583041,0.836008192482503,-8.29741005377027e-05,8.29741005377027e-05,6.8847013600408e-09,6.87846600475538e-05,0,2.8457640276619e-05
A1,ARX,I,245,246,5,250,0.834834947309309,0.834709041874435,-0.000125905434874007,0.000125905434874007,1.58521785308129e-08,0.000106196457167834,0,3.76260951069074e-05
A1,ARX,I,245,246,6,251,0.833627670005243,0.833452021477447,-0.000175648527796723,0.000175648527796723,3.08524053171563e-08,0.000152383313558465,0,4.81539278070486e-05
A1,ARX,I,245,246,7,252,0.832469692413164,0.832234189947052,-0.000235502466112147,0.000235502466112147,5.54614115449031e-08,0.000207163575150942,0,5.96759951572712e-05
A1,ARX,I,245,246,8,253,0.831361357666822,0.831056988573475,-0.000304369093347634,0.000304369093347634,9.26405449852607e-08,0.000271670645119648,0,7.076964519942e-05
A1,ARX,I,245,246,9,254,0.830302994189724,0.829921513260137,-0.00038148092958723,0.00038148092958723,1.45527699638737e-07,0.000345199618561755,0,8.40707329018697e-05
A1,ARX,I,245,246,10,255,0.829294915597809,0.828827636971562,-0.00046727862624707,0.00046727862624707,2.18349314547349e-07,0.000427254401929092,0,9.90943895186058e-05
A1,ARX,I,245,246,11,256,0.82833742060652,0.827770707075234,-0.000566713531286234,0.000566713531286234,3.21164226542913e-07,0.000520011038214983,0,0.000113090320101539
A1,ARX,I,245,246,12,257,0.827430792942287,0.826755340860557,-0.000675452081729144,0.000675452081729144,4.56235514712235e-07,0.000622213869222095,0,0.000126958486759476
A1,ARX,I,245,246,13,258,0.826575301258453,0.825781640229605,-0.000793661028848036,0.000793661028848036,6.29897828712123e-07,0.000734327067879121,0,0.000141626932204542
A1,ARX,I,245,246,14,259,0.825771199055668,0.824850557772671,-0.000920641282996959,0.000920641282996959,8.47580371958287e-07,0.000855295008669851,0,0.000158052782845863
A1,ARX,I,252,253,1,253,0.831361357666822,0.83135250069148,-8.85697534236396e-06,8.85697534236396e-06,7.84460122152432e-11,5.66314808305959e-06,0,6.33306305128367e-06
A1,ARX,I,252,253,2,254,0.830302994189724,0.830277496828637,-2.54973610872566e-05,2.54973610872566e-05,6.50115422413949e-10,2.0467953046517e-05,0,1.28402098549807e-05
A1,ARX,I,252,253,3,255,0.829294915597809,0.829242608794693,-5.23068031160756e-05,5.23068031160756e-05,2.7360016522239e-09,4.41884912325601e-05,0,2.02769098538447e-05
A1,ARX,I,252,253,4,256,0.82833742060652,0.828249817455746,-8.76031507737185e-05,8.76031507737185e-05,7.67431202548286e-09,7.52737881051833e-05,0,3.1284552780203e-05
A1,ARX,I,252,253,5,257,0.827430792942287,0.827297989107596,-0.000132803834690831,0.000132803834690831,1.76368585085896e-08,0.000115235441098267,0,4.38764627664345e-05
A1,ARX,I,252,253,6,258,0.826575301258453,0.826388949331003,-0.000186351927450201,0.000186351927450201,3.47270408644051e-08,0.000164588918501248,0,5.69180500498423e-05
A1,ARX,I,252,253,7,259,0.825771199055668,0.825520958575043,-0.000250240480625274,0.000250240480625274,6.26202981435684e-08,0.000223610993291136,0,7.03131270638202e-05
A1,ARX,I,252,253,8,260,0.825018724606769,0.824697272335688,-0.000321452271081268,0.000321452271081268,1.03331562583305e-07,0.000290722825050583,0,8.53327726062503e-05
A1,ARX,I,252,253,9,261,0.824318100886174,0.823913899829521,-0.000404201056653064,0.000404201056653064,1.63378494199453e-07,0.000368103337004668,0,0.000102109954385921
A1,ARX,I,252,253,10,262,0.823669535503812,0.823172488827027,-0.00049704667678474,0.00049704667678474,2.47055398902754e-07,0.000454731265170008,0,0.000119714547475086
A1,ARX,I,252,253,11,263,0.823073220643603,0.822472288782129,-0.000600931861474585,0.000600931861474585,3.6111910213531e-07,0.000553141423494982,0,0.00013574764799415
A1,ARX,I,252,253,12,264,0.822529333006511,0.821814305636151,-0.000715027370359222,0.000715027370359222,5.11264140362825e-07,0.000662363785863805,0,0.000151606633229662
A1,ARX,I,252,253,13,265,0.822038033758179,0.821200343137713,-0.000837690620465459,0.000837690620465459,7.01725575615805e-07,0.00078021222346599,0,0.000170088773630117
A1,ARX,I,252,253,14,266,0.821599468481178,0.820628185753781,-0.000971282727397327,0.000971282727397327,9.4339013654039e-07,0.000907803423566894,0,0.000189353152501126
A1,ARX,I,259,260,1,260,0.825018724606769,0.82500846632641,-1.02582803590545e-05,1.02582803590545e-05,1.05232315924964e-10,5.78106105281134e-06,0,7.58071754872192e-06
A1,ARX,I,259,260,2,261,0.824318100886174,0.824290923316332,-2.71775698419408e-05,2.71775698419408e-05,7.38620302513567e-10,1.91790484343282e-05,0,1.77906725485344e-05
A1,ARX,I,259,260,3,262,0.823669535503812,0.823614379904919,-5.51555988924646e-05,5.51555988924646e-05,3.04214008918644e-09,4.17417468150235e-05,0,2.92003439250066e-05
A1,ARX,I,259,260,4,263,0.823073220643603,0.822979446057593,-9.37745860098982e-05,9.37745860098982e-05,8.79367298132779e-09,7.30011911559648e-05,0,4.29487436190423e-05
A1,ARX,I,259,260,5,264,0.822529333006511,0.822387671246198,-0.000141661760312606,0.000141661760312606,2.00680543348662e-08,0.000112097236957389,0,5.86047960616232e-05
A1,ARX,I,259,260,6,265,0.822038033758179,0.821837120738864,-0.000200913019315241,0.000200913019315241,4.03660413303663e-08,0.000160971734586899,0,7.35584880679208e-05
A1,ARX,I,259,260,7,266,0.821599468481178,0.82132873799923,-0.000270730481947701,0.000270730481947701,7.32949938556343e-08,0.000219492271011813,0,9.02384665479594e-05
A1,ARX,I,259,260,8,267,0.821213767131865,0.820865166362271,-0.000348600769594087,0.000348600769594087,1.2152249656159e-07,0.000287939619829099,0,0.000107352352646528
A1,ARX,I,259,260,9,268,0.820881044001874,0.820446989213109,-0.000434054788765237,0.000434054788765237,1.88403559650034e-07,0.000366279839007117,0,0.000124706097323291
A1,ARX,I,259,260,10,269,0.820601397684249,0.820070755270176,-0.00053064241407319,0.00053064241407319,2.81581371613423e-07,0.000456583440532967,0,0.000139774072099697
A1,ARX,I,259,260,11,270,0.820374911044229,0.819740657058955,-0.000634253985274502,0.000634253985274502,4.02278117836588e-07,0.000556147424195749,0,0.000155754172398326
A1,ARX,I,259,260,12,271,0.820201651194694,0.819455558689998,-0.000746092504695706,0.000746092504695706,5.56654025563112e-07,0.000663602195046091,0,0.00017265566652544
A1,ARX,I,259,260,13,272,0.820081669476276,0.819209568634156,-0.000872100842120194,0.000872100842120194,7.60559878826751e-07,0.000780643642504096,0,0.000193968373277731
A1,ARX,I,259,260,14,273,0.820015001442147,0.819003708192798,-0.00101129324934901,0.00101129324934901,1.02271403617888e-06,0.000906882820004819,0,0.000213958501467049
A1,ARX,I,266,267,1,267,0.821213767131865,0.821205223179664,-8.54395220106774e-06,8.54395220106774e-06,7.29991192141303e-11,4.32139235233183e-06,0,8.92460063234291e-06
A1,ARX,I,266,267,2,268,0.820881044001874,0.820854180088248,-2.68639136261628e-05,2.68639136261628e-05,7.21669855313936e-10,1.69040426135081e-05,0,2.04634268929915e-05
A1,ARX,I,266,267,3,269,0.820601397684249,0.820548568485776,-5.28291984736029e-05,5.28291984736029e-05,2.79092421136333e-09,3.80973556929657e-05,0,3.20353138146545e-05
A1,ARX,I,266,267,4,270,0.820374911044229,0.820285808358552,-8.91026856769672e-05,8.91026856769672e-05,7.93928859484842e-09,6.79143059077927e-05,0,4.70979282740092e-05
A1,ARX,I,266,267,5,271,0.820201651194694,0.820069035770576,-0.000132615424118132,0.000132615424118132,1.75868507140321e-08,0.000106551996744047,0,6.14330404645758e-05
A1,ARX,I,266,267,6,272,0.820081669476276,0.819896462191848,-0.000185207284427724,0.000185207284427724,3.43017382050919e-08,0.000155057324011006,0,7.4973706449516e-05
A1,ARX,I,266,267,7,273,0.820015001442147,0.819765359538619,-0.000249641903527831,0.000249641903527831,6.23210799969988e-08,0.000212377238905188,0,9.20332769915877e-05
A1,ARX,I,266,267,8,274,0.820001666847486,0.819680630435905,-0.000321036411580655,0.000321036411580655,1.03064377560584e-07,0.000275323495221783,0,0.000113626978494402
A1,ARX,I,266,267,9,275,0.82004166964362,0.81964038759718,-0.000401282046439411,0.000401282046439411,1.61027280794601e-07,0.000346277605919908,0,0.000139704073106789
A1,ARX,I,266,267,10,276,0.820134997976857,0.819641394089516,-0.000493603887340544,0.000493603887340544,2.43644797597696e-07,0.000427093246115838,0,0.000166289749007953
A1,ARX,I,266,267,11,277,0.820281624191998,0.819689126332014,-0.000592497859984498,0.000592497859984498,3.51053714086209e-07,0.000515972113359253,0,0.000193050562458719
A1,ARX,I,266,267,12,278,0.820481504840532,0.819783026926482,-0.0006984779140502,0.0006984779140502,4.87871396415918e-07,0.000612297551964491,0,0.000222689812413523
A1,ARX,I,266,267,13,279,0.820734580693508,0.819916240546338,-0.000818340147169971,0.000818340147169971,6.6968059647017e-07,0.000719241484349641,0,0.000251959696117465
A1,ARX,I,266,267,14,280,0.821040776759089,0.820091463746373,-0.000949313012715503,0.000949313012715503,9.01195196110984e-07,0.000836207840906025,0,0.000281835322731849
A1,ARX,I,273,274,1,274,0.820001666847486,0.819993229783194,-8.43706429198843e-06,8.43706429198843e-06,7.11840538671462e-11,4.07730814805632e-06,0,9.63656518088163e-06
A1,ARX,I,273,274,2,275,0.82004166964362,0.820016686661441,-2.49829821790115e-05,2.49829821790115e-05,6.24149398556807e-10,1.72539481076989e-05,0,1.96018546142207e-05
A1,ARX,I,273,274,3,276,0.820134997976857,0.82008391710826,-5.10808685966202e-05,5.10808685966202e-05,2.60925513658518e-09,3.65051465074977e-05,0,3.21982191906212e-05
A1,ARX,I,273,274,4,277,0.820281624191998,0.82019873751066,-8.28866813387119e-05,8.28866813387119e-05,6.87020194334517e-09,6.33515262724464e-05,0,4.70803598174863e-05
A1,ARX,I,273,274,5,278,0.820481504840532,0.820355909911916,-0.000125594928615747,0.000125594928615747,1.57740860939945e-08,9.77931251981115e-05,0,6.48184670769547e-05
A1,ARX,I,273,274,6,279,0.820734580693508,0.820559692244769,-0.000174888448738808,0.000174888448738808,3.05859695022667e-08,0.000140583222572606,0,8.54377958582342e-05
A1,ARX,I,273,274,7,280,0.821040776759089,0.820808099530778,-0.00023267722831033,0.00023267722831033,5.41386925741772e-08,0.000189661483740664,0,0.000107878916519366
A1,ARX,I,273,274,8,281,0.821400002304772,0.821101062816389,-0.00029893948838311,0.00029893948838311,8.93648177147554e-08,0.000244462157045992,0,0.000132021711646502
A1,ARX,I,273,274,9,282,0.821812150884276,0.82143777721785,-0.00037437366642612,0.00037437366642612,1.40155642113336e-07,0.000308318817779873,0,0.000155386909858335
A1,ARX,I,273,274,10,283,0.822277100369082,0.821817798975446,-0.000459301393636369,0.000459301393636369,2.10957770196311e-07,0.000382120459738765,0,0.000177684417979079
A1,ARX,I,273,274,11,284,0.822794712984623,0.82224482368335,-0.000549889301273532,0.000549889301273532,3.02378243655093e-07,0.000463829208815125,0,0.000202992379255251
A1,ARX,I,273,274,12,285,0.82336483535111,0.822716149926197,-0.000648685424913364,0.000648685424913364,4.20792780495032e-07,0.000553941621991258,0,0.000230481711508607
A1,ARX,I,273,274,13,286,0.823987298528982,0.823240702325097,-0.000746596203884953,0.000746596203884953,5.57405891655422e-07,0.00065079909935347,0,0.000258499296871995
A1,ARX,I,273,274,14,287,0.824661918068964,0.823805080764904,-0.000856837304060276,0.000856837304060276,7.34170165629282e-07,0.000755187050019065,0,0.000284351662250132
A1,ARX,I,280,281,1,281,0.821400002304772,0.821392018878414,-7.98342635854876e-06,7.98342635854876e-06,6.37350964223711e-11,3.83831029682819e-06,0,9.17227083724326e-06
A1,ARX,I,280,281,2,282,0.821812150884276,0.82178964571236,-2.25051719167091e-05,2.25051719167091e-05,5.06482763000631e-10,1.58867544467089e-05,0,1.97795294328562e-05
A1,ARX,I,280,281,3,283,0.822277100369082,0.822231955861959,-4.51445071235623e-05,4.51445071235623e-05,2.03802652342937e-09,3.41780079749511e-05,0,3.18279466686722e-05
A1,ARX,I,280,281,4,284,0.822794712984623,0.822721989317154,-7.27236674694653e-05,7.27236674694653e-05,5.28873181020937e-09,5.84225444485917e-05,0,4.55086744164945e-05
A1,ARX,I,280,281,5,285,0.82336483535111,0.823255393806905,-0.000109441544205113,0.000109441544205113,1.19774515979998e-08,9.13720845046509e-05,0,5.74601093527027e-05
A1,ARX,I,280,281,6,286,0.823987298528982,0.823834289042022,-0.000153009486959399,0.000153009486959399,2.34119030995785e-08,0.000130582872936195,0,7.39688981658271e-05
A1,ARX,I,280,281,7,287,0.824661918068964,0.824458500217859,-0.000203417851105669,0.000203417851105669,4.13788221484483e-08,0.000176463077765647,0,9.08057092230685e-05
A1,ARX,I,280,281,8,288,0.825388494066729,0.825129240882865,-0.000259253183863883,0.000259253183863883,6.72122133435605e-08,0.000229507226208105,0,0.00010841722622984
A1,ARX,I,280,281,9,289,0.826166811222126,0.825845224662813,-0.000321586559313025,0.000321586559313025,1.0341791513079e-07,0.000287289904937135,0,0.000128441803763757
A1,ARX,I,280,281,10,290,0.826996638902986,0.826606555390433,-0.000390083512552875,0.000390083512552875,1.52165146765589e-07,0.000350375712707958,0,0.000149346389411303
A1,ARX,I,280,281,11,291,0.827877731213457,0.827409348345332,-0.000468382868124562,0.000468382868124562,2.1938251115259e-07,0.000419993896911794,0,0.000172541874496834
A1,ARX,I,280,281,12,292,0.828809827066872,0.828262213269228,-0.000547613797644675,0.000547613797644675,2.99880871370823e-07,0.000493115791637915,0,0.000198517920030172
A1,ARX,I,280,281,13,293,0.829792650263114,0.829155594963645,-0.000637055299469669,0.000637055299469669,4.05839454582389e-07,0.000572127492490753,0,0.000228007527226542
A1,ARX,I,280,281,14,294,0.830825909570459,0.830090241049597,-0.000735668520861821,0.000735668520861821,5.41208172587019e-07,0.000658676115077853,0,0.000257326792045792
A1,ARX,I,287,288,1,288,0.825388494066729,0.825381857323572,-6.63674315615204e-06,6.63674315615204e-06,4.40463597207309e-11,2.82061774878205e-06,0,9.44552397583176e-06
A1,ARX,I,287,288,2,289,0.826166811222126,0.826146081547618,-2.07296745078356e-05,2.07296745078356e-05,4.29719405200808e-10,1.08758977808586e-05,0,2.04713354057529e-05
A1,ARX,I,287,288,3,290,0.826996638902986,0.826957408064117,-3.923083886892e-05,3.923083886892e-05,1.53905871835916e-09,2.48317950783012e-05,0,3.35461882292332e-05
A1,ARX,I,287,288,4,291,0.827877731213457,0.827812153002833,-6.55782106236957e-05,6.55782106236957e-05,4.3005017086058e-09,4.25163918292732e-05,0,5.06723889850125e-05
A1,ARX,I,287,288,5,292,0.828809827066872,0.8287142398936,-9.55871732721825e-05,9.55871732721825e-05,9.13690769416623e-09,6.73785605366233e-05,0,6.75097324575047e-05
A1,ARX,I,287,288,6,293,0.829792650263114,0.829662781194958,-0.000129869068156041,0.000129869068156041,1.68659748637184e-08,9.65264322842595e-05,0,8.70469470774238e-05
A1,ARX,I,287,288,7,294,0.830825909570459,0.830655325413489,-0.000170584156969578,0.000170584156969578,2.90989546090215e-08,0.0001298416269375,0,0.000106313634518879
A1,ARX,I,287,288,8,295,0.831909298811873,0.83169443625281,-0.000214862559063445,0.000214862559063445,4.61659192872922e-08,0.000167553524047848,0,0.000126198305908182
A1,ARX,I,287,288,9,296,0.833042496955745,0.832777496052962,-0.000265000902782253,0.000265000902782253,7.02254784754091e-08,0.000209953000823134,0,0.000148569758574163
A1,ARX,I,287,288,10,297,0.834225168211006,0.833905785275818,-0.000319382935188073,0.000319382935188073,1.02005459289349e-07,0.000254034893128639,0,0.000173611163291287
A1,ARX,I,287,288,11,298,0.83545696212664,0.835075306594833,-0.000381655531806913,0.000381655531806913,1.45660944958817e-07,0.000303406382858357,0,0.000201809965773458
A1,ARX,I,287,288,12,299,0.836737513695526,0.836289171269942,-0.000448342425583559,0.000448342425583559,2.01010930578149e-07,0.000358024558648007,0,0.000228672917492456
A1,ARX,I,287,288,13,300,0.838066443462596,0.837549535009522,-0.000516908453073728,0.000516908453073728,2.67194348859074e-07,0.000413604460850573,0,0.000261604404425519
A1,ARX,I,287,288,14,301,0.839443357637281,0.838855689710935,-0.000587667926346569,0.000587667926346569,3.45353591656476e-07,0.000469207165953733,0,0.000300340196479426
A1,ARX,I,294,295,1,295,0.831909298811873,0.831905296684449,-4.00212742446282e-06,4.00212742446282e-06,1.60170239216374e-11,1.50282161446672e-06,0.5,9.49199910921239e-06
A1,ARX,I,294,295,2,296,0.833042496955745,0.833030925907947,-1.15710477976982e-05,1.15710477976982e-05,1.33889147136617e-10,5.2514581194121e-06,0,2.15110466671165e-05
A1,ARX,I,294,295,3,297,0.834225168211006,0.834201820915106,-2.33472958993675e-05,2.33472958993675e-05,5.45096225812621e-10,1.2159832828799e-05,0,3.65499191241903e-05
A1,ARX,I,294,295,4,298,0.83545696212664,0.835415683702481,-4.12784241590192e-05,4.12784241590192e-05,1.7039083010519e-09,2.22656165054236e-05,0,5.46738448230222e-05
A1,ARX,I,294,295,5,299,0.836737513695526,0.836678704254174,-5.8809441351837e-05,5.8809441351837e-05,3.45855039211515e-09,3.64205708328896e-05,0,7.17211868280221e-05
A1,ARX,I,294,295,6,300,0.838066443462596,0.837984873558756,-8.15699038401174e-05,8.15699038401174e-05,6.653649212486e-09,5.32453554113848e-05,0,9.07549914727912e-05
A1,ARX,I,294,295,7,301,0.839443357637281,0.839340606737388,-0.000102750899893089,0.000102750899893089,1.05577474288397e-08,7.0601459882567e-05,0,0.000114299092652786
A1,ARX,I,294,295,8,302,0.840867848210195,0.840738253555671,-0.000129594654523224,0.000129594654523224,1.67947744809938e-08,9.03922749486221e-05,0,0.000139360293908486
A1,ARX,I,294,295,9,303,0.842339493074036,0.842177834011117,-0.000161659062919095,0.000161659062919095,2.61336526238799e-08,0.000113574869078413,0,0.00016423095135823
A1,ARX,I,294,295,10,304,0.843857856148672,0.843658791436389,-0.000199064712283592,0.000199064712283592,3.96267596765493e-08,0.000138761594433955,0,0.000187228362900749
A1,ARX,I,294,295,11,305,0.845422487510355,0.845185985188486,-0.000236502321869669,0.000236502321869669,5.59333482497447e-08,0.000166385044272324,0,0.00021378766056776
A1,ARX,I,294,295,12,306,0.847032923525045,0.846757986113635,-0.00027493741141027,0.00027493741141027,7.559058019298e-08,0.000196493818589695,0,0.000243430171223913
A1,ARX,I,294,295,13,307,0.848688686985794,0.848368287130873,-0.000320399854920828,0.000320399854920828,1.02656067033287e-07,0.00022903467485572,0,0.000273309454850407
A1,ARX,I,294,295,14,308,0.850389287254155,0.85002004473518,-0.000369242518974078,0.000369242518974078,1.36340037818322e-07,0.000260779967503444,0,0.000307203051328836
A1,ARX,I,301,302,1,302,0.840867848210195,0.840864484376214,-3.36383398047424e-06,3.36383398047424e-06,1.13153790481932e-11,1.15773763225012e-06,1,9.55700718993646e-06
A1,ARX,I,301,302,2,303,0.842339493074036,0.842331110829783,-8.38224425314671e-06,8.38224425314671e-06,7.0262018719411e-11,3.14384369529439e-06,0.75,2.24350592782363e-05
A1,ARX,I,301,302,3,304,0.843857856148672,0.843841374297118,-1.64818515548948e-05,1.64818515548948e-05,2.71651430677588e-10,6.38802767985632e-06,0.75,3.81853883961725e-05
A1,ARX,I,301,302,4,305,0.845422487510355,0.845398269614935,-2.42178954201755e-05,2.42178954201755e-05,5.86506458582557e-10,9.18671894170547e-06,0.75,5.58391850739304e-05
A1,ARX,I,301,302,5,306,0.847032923525045,0.846993319754473,-3.96037705723273e-05,3.96037705723273e-05,1.56845864354554e-09,1.39858618174091e-05,0.5,7.39197794586421e-05
A1,ARX,I,301,302,6,307,0.848688686985794,0.848632200200122,-5.64867856718276e-05,5.64867856718276e-05,3.19075695553499e-09,1.89532211637502e-05,0.5,9.58234796483437e-05
A1,ARX,I,301,302,7,308,0.850389287254155,0.850316876817089,-7.24104370658507e-05,7.24104370658507e-05,5.24327139606753e-09,2.37099582282617e-05,0.5,0.000121684360844504
A1,ARX,I,301,302,8,309,0.852134220405565,0.852042905426094,-9.13149794715684e-05,9.13149794715684e-05,8.33842547589296e-09,2.85205195756897e-05,0.5,0.000147277884703589
A1,ARX,I,301,302,9,310,0.853922969378675,0.853815280108726,-0.00010768926994853,0.00010768926994853,1.15969788620473e-08,3.45731535430167e-05,0.5,0.000177446152339028
A1,ARX,I,301,302,10,311,0.855755004128558,0.855633439198305,-0.000121564930252838,0.000121564930252838,1.47780322673773e-08,4.08144499656451e-05,0.5,0.000207964026098212
A1,ARX,I,301,302,11,312,0.85762978178378,0.857490000205911,-0.000139781577869424,0.000139781577869424,1.9538889511666e-08,4.82658226071125e-05,0.5,0.000239266573899111
A1,ARX,I,301,302,12,313,0.85954674680726,0.85939045371168,-0.000156293095580295,0.000156293095580295,2.44275317260714e-08,5.54761272514988e-05,0.5,0.000272534755933584
A1,ARX,I,301,302,13,314,0.861505331160891,0.861332402085737,-0.000172929075154205,0.000172929075154205,2.99044650336885e-08,6.03431013507682e-05,0.5,0.000308514933094584
A1,ARX,I,301,302,14,315,0.863504954473859,0.863312593839895,-0.000192360633963773,0.000192360633963773,3.70026134989446e-08,6.39027018153517e-05,0.75,0.000346051538354625
A1,ARX,I,308,309,1,309,0.852134220405565,0.852134077682672,-1.42722893392566e-07,1.42722893392566e-07,2.03698242983458e-14,7.85879298418088e-07,1,9.46777466689919e-06
A1,ARX,I,308,309,2,310,0.853922969378675,0.853922476571707,-4.92806967566928e-07,4.92806967566928e-07,2.42858707282511e-13,1.76919527236641e-06,1,2.26442118705927e-05
A1,ARX,I,308,309,3,311,0.855755004128558,0.855755797295757,7.9316719903133e-07,7.9316719903133e-07,6.29114205619206e-13,2.99418932029955e-06,1,3.91012555398806e-05
A1,ARX,I,308,309,4,312,0.85762978178378,0.857625566677983,-4.21510579706741e-06,4.21510579706741e-06,1.77671168804713e-11,4.75949378672865e-06,1,5.79775236342339e-05
A1,ARX,I,308,309,5,313,0.85954674680726,0.859544901159337,-1.845647923715e-06,1.845647923715e-06,3.40641625831349e-12,6.00025832037912e-06,1,7.6894569807362e-05
A1,ARX,I,308,309,6,314,0.861505331160891,0.861507203012819,1.87185192834782e-06,1.87185192834782e-06,3.50382964165946e-12,7.71763624295429e-06,1,0.000100282345788127
A1,ARX,I,308,309,7,315,0.863504954473859,0.863503564267293,-1.39020656542144e-06,1.39020656542144e-06,1.93267429454087e-12,9.44343248294794e-06,1,0.000126413186712082
A1,ARX,I,308,309,8,316,0.86554502421462,0.865542989742698,-2.03447192148598e-06,2.03447192148598e-06,4.13907599931486e-12,1.19039317975954e-05,1,0.000157213150128344
A1,ARX,I,308,309,9,317,0.867624935866483,0.867622463672345,-2.47219413807009e-06,2.47219413807009e-06,6.11174385630813e-12,1.43427320831341e-05,1,0.000187779463721505
A1,ARX,I,308,309,10,318,0.869744073106736,0.869742821534761,-1.2515719749473e-06,1.2515719749473e-06,1.56643240847348e-12,1.6415846276624e-05,1,0.000218932203042199
A1,ARX,I,308,309,11,319,0.871901807989281,0.871907099635221,5.29164594065268e-06,5.29164594065268e-06,2.8001516761226e-11,1.91227583747893e-05,1,0.000248866761795336
A1,ARX,I,308,309,12,320,0.874097501130703,0.874106206020887,8.70489018389708e-06,8.70489018389708e-06,7.57751131137078e-11,2.1788699662025e-05,1,0.000280478430255499
A1,ARX,I,308,309,13,321,0.87633050189974,0.876354324567462,2.38226677226061e-05,2.38226677226061e-05,5.67519497421699e-10,2.57699844515834e-05,1,0.000312928200260493
A1,ARX,I,308,309,14,322,0.87860014861007,0.878636325897113,3.61772870437482e-05,3.61772870437482e-05,1.30879609784575e-09,2.97461991269911e-05,1,0.000347964219348518
A1,ARX,I,315,316,1,316,0.86554502421462,0.865545909702497,8.85487877466673e-07,8.85487877466673e-07,7.84088781140434e-13,7.83646012537788e-07,1,8.86933224814035e-06
A1,ARX,I,315,316,2,317,0.867624935866483,0.867628849014992,3.91314850967106e-06,3.91314850967106e-06,1.53127312587408e-11,2.16109707961771e-06,1,2.29458842517238e-05
A1,ARX,I,315,316,3,318,0.869744073106736,0.869750004470106,5.93136337045941e-06,5.93136337045941e-06,3.51810714324276e-11,3.57634553232825e-06,1,4.08984786098021e-05
A1,ARX,I,315,316,4,319,0.871901807989281,0.871911813123673,1.00051343926433e-05,1.00051343926433e-05,1.00102714214853e-10,5.67563158025234e-06,1,6.35290835716562e-05
A1,ARX,I,315,316,5,320,0.874097501130703,0.874113441940526,1.59408098222569e-05,1.59408098222569e-05,2.54109417789361e-10,7.9084483910024e-06,1,8.5543881180844e-05
A1,ARX,I,315,316,6,321,0.87633050189974,0.876351781826087,2.12799263472618e-05,2.12799263472618e-05,4.52835265344888e-10,1.03522164445955e-05,1,0.00011285453496343
A1,ARX,I,315,316,7,322,0.87860014861007,0.878633945646945,3.37970368752272e-05,3.37970368752272e-05,1.14223970154547e-09,1.45981820521255e-05,0.75,0.000139108123829945
A1,ARX,I,315,316,8,323,0.88090576871639,0.880955694887762,4.99261713726717e-05,4.99261713726717e-05,2.49262258793339e-09,1.98048149432448e-05,0.75,0.000166901916679202
A1,ARX,I,315,316,9,324,0.883246679013703,0.88331257587572,6.58968620166345e-05,6.58968620166345e-05,4.34239642363936e-09,2.68959861847138e-05,0.75,0.000197088960179198
A1,ARX,I,315,316,10,325,0.885622185839768,0.885704823659611,8.26378198426347e-05,8.26378198426347e-05,6.82900926834376e-09,3.34304925448343e-05,0.75,0.000226920753083115
A1,ARX,I,315,316,11,326,0.888031585280644,0.888133368307455,0.000101783026811519,0.000101783026811519,1.03597845469145e-08,4.09108761737492e-05,0.75,0.000258143385468396
A1,ARX,I,315,316,12,327,0.890474163379277,0.890598753903708,0.000124590524431145,0.000124590524431145,1.55227987780278e-08,5.15567175595138e-05,0.5,0.000292266436493327
A1,ARX,I,315,316,13,328,0.892949196347062,0.893103289431209,0.000154093084146378,0.000154093084146378,2.37446785817428e-08,6.68499610760141e-05,0.5,0.000327410548786738
A1,ARX,I,315,316,14,329,0.895455950778316,0.895645354699365,0.000189403921049158,0.000189403921049158,3.58738453087958e-08,8.37053812673152e-05,0.25,0.000374719066388557
A1,ARX,I,322,323,1,323,0.88090576871639,0.880909114669945,3.34595355500067e-06,3.34595355500067e-06,1.11954051922216e-11,1.10909113152122e-06,1,9.50341630404083e-06
A1,ARX,I,322,323,2,324,0.883246679013703,0.883254243554298,7.56454059436251e-06,7.56454059436251e-06,5.72222744037583e-11,2.96192744078722e-06,0.75,2.2771014992401e-05
A1,ARX,I,322,323,3,325,0.885622185839768,0.885639436172321,1.72503325525097e-05,1.72503325525097e-05,2.97573973172177e-10,6.08839415991189e-06,0.75,3.95494059773072e-05
A1,ARX,I,322,323,4,326,0.888031585280644,0.888060431584,2.88463033562003e-05,2.88463033562003e-05,8.32109217317933e-10,1.06981534674231e-05,0.75,5.93042129757304e-05
A1,ARX,I,322,323,5,327,0.890474163379277,0.890517342322193,4.31789429162777e-05,4.31789429162777e-05,1.86442111136716e-09,1.64116959570261e-05,0.75,7.84396378154806e-05
A1,ARX,I,322,323,6,328,0.892949196347062,0.893012373061094,6.31767140314432e-05,6.31767140314432e-05,3.99129719581075e-09,2.33818142657703e-05,0.5,0.000100647602272963
A1,ARX,I,322,323,7,329,0.895455950778316,0.895542295892678,8.63451143618965e-05,8.63451143618965e-05,7.45547877416899e-09,3.2915999109753e-05,0.5,0.000125257672946189
A1,ARX,I,322,323,8,330,0.897993683867599,0.898105350737038,0.000111666869438976,0.000111666869438976,1.24694897303012e-08,4.40775593736046e-05,0.5,0.00015594630634308
A1,ARX,I,322,323,9,331,0.900561643629828,0.900704436437557,0.000142792807728997,0.000142792807728997,2.03897859391304e-08,5.81045960626352e-05,0,0.000186991582346113
A1,ARX,I,322,323,10,332,0.903159069123106,0.903340766654057,0.000181697530951319,0.000181697530951319,3.30139927538056e-08,8.03716076470173e-05,0,0.000217314370654781
A1,ARX,I,322,323,11,333,0.905785190674201,0.906002169346267,0.000216978672065715,0.000216978672065715,4.70797441314012e-08,0.000106161693780373,0,0.000249230632492575
A1,ARX,I,322,323,12,334,0.908439230106621,0.908702016605351,0.000262786498729684,0.000262786498729684,6.9056743914606e-08,0.000140208690652926,0,0.000279108439130427
A1,ARX,I,322,323,13,335,0.911120400971204,0.911433039695166,0.000312638723961478,0.000312638723961478,9.77429717202613e-08,0.00017859140474683,0,0.000310662336051815
A1,ARX,I,322,323,14,336,0.913827908779158,0.914202000604648,0.000374091825490086,0.000374091825490086,1.39944693898505e-07,0.00022212324031832,0,0.000341960871415165
A1,ARX,I,329,330,1,330,0.897993683867599,0.897997021144258,3.33727665879913e-06,3.33727665879913e-06,1.11374154973655e-11,1.13842291667937e-06,0.75,9.06645139761575e-06
A1,ARX,I,329,330,2,331,0.900561643629828,0.900572127934862,1.04843050338088e-05,1.04843050338088e-05,1.09920652041949e-10,3.65739012818358e-06,0.75,2.14236914337085e-05
A1,ARX,I,329,330,3,332,0.903159069123106,0.903180171240511,2.11021174052473e-05,2.11021174052473e-05,4.45299358984839e-10,8.06901521111884e-06,0.25,3.81465994557517e-05
A1,ARX,I,329,330,4,333,0.905785190674201,0.90581861572699,3.34250527894708e-05,3.34250527894708e-05,1.11723415397891e-09,1.76481119751018e-05,0,5.61654909245202e-05
A1,ARX,I,329,330,5,334,0.908439230106621,0.908491507244816,5.22771381950005e-05,5.22771381950005e-05,2.73289917785918e-09,2.9381252069324e-05,0,7.60398568872833e-05
A1,ARX,I,329,330,6,335,0.911120400971204,0.911200308546646,7.9907575441962e-05,7.9907575441962e-05,6.38522061301285e-09,4.40101355878575e-05,0,9.93305720226045e-05
A1,ARX,I,329,330,7,336,0.913827908779158,0.913938766067129,0.000110857287971,0.000110857287971,1.22893382962853e-08,6.08803938636049e-05,0,0.000127197084363678
A1,ARX,I,329,330,8,337,0.916560951237487,0.916704635133762,0.000143683896275171,0.000143683896275171,2.0645062048814e-08,8.25768142238417e-05,0,0.00015832115129169
A1,ARX,I,329,330,9,338,0.919318718486726,0.919503825094339,0.000185106607612617,0.000185106607612617,3.42644561818515e-08,0.000105884567146116,0,0.000194647603951659
A1,ARX,I,329,330,10,339,0.922100393340922,0.92233145722824,0.000231063887317418,0.000231063887317418,5.33905200222362e-08,0.000135599137944595,0,0.00022741838072865
A1,ARX,I,329,330,11,340,0.924905151529783,0.9251860572249,0.000280905695117295,0.000280905695117295,7.89080095493307e-08,0.000169790207544621,0,0.00026729546327936
A1,ARX,I,329,330,12,341,0.927732161942925,0.928072798533585,0.00034063659065986,0.00034063659065986,1.16033286896373e-07,0.000208731083286751,0,0.000310064101202878
A1,ARX,I,329,330,13,342,0.930580586876151,0.930987372289813,0.000406785413662791,0.000406785413662791,1.65474372768808e-07,0.000257078553673393,0,0.000349612515673864
A1,ARX,I,329,330,14,343,0.933449582279679,0.933926018962834,0.000476436683155779,0.000476436683155779,2.2699191305648e-07,0.000310750240485421,0,0.000394271016265046
A1,ARX,I,336,337,1,337,0.916560951237487,0.91656627309034,5.32185285273545e-06,5.32185285273545e-06,2.83221177861685e-11,1.54152282317916e-06,0.75,1.03677056328411e-05
A1,ARX,I,336,337,2,338,0.919318718486726,0.919333199483951,1.44809972253412e-05,1.44809972253412e-05,2.09699280640341e-10,5.06988864058595e-06,0.5,2.55623106560077e-05
A1,ARX,I,336,337,3,339,0.922100393340922,0.922127271587258,2.68782463359596e-05,2.68782463359596e-05,7.22440126096525e-10,1.13339977194112e-05,0.5,4.12600166509736e-05
A1,ARX,I,336,337,4,340,0.924905151529783,0.924951095691934,4.59441621508683e-05,4.59441621508683e-05,2.11086603574528e-09,2.16085457696851e-05,0,6.04552464329722e-05
A1,ARX,I,336,337,5,341,0.927732161942925,0.927799736156165,6.75742132397739e-05,6.75742132397739e-05,4.56627429497443e-09,3.72324048983229e-05,0,8.18325401630016e-05
A1,ARX,I,336,337,6,342,0.930580586876151,0.930681939757865,0.000101352881713979,0.000101352881713979,1.02724066317277e-08,5.81538537280965e-05,0,0.000105644037568492
A1,ARX,I,336,337,7,343,0.933449582279679,0.933588169325431,0.000138587045751981,0.000138587045751981,1.92063692502617e-08,8.27101795425383e-05,0,0.000133694391088596
A1,ARX,I,336,337,8,344,0.936338298008253,0.936524555089522,0.000186257081269403,0.000186257081269403,3.4691700322997e-08,0.000113177403712628,0,0.000162831850577222
A1,ARX,I,336,337,9,345,0.93924587807306,0.939482363664499,0.000236485591439295,0.000236485591439295,5.59254349583931e-08,0.000148651911491822,0,0.000191466344773544
A1,ARX,I,336,337,10,346,0.942171460895374,0.942465535131929,0.000294074236554365,0.000294074236554365,8.64796566050325e-08,0.000189056922211455,0,0.000219472296118239
A1,ARX,I,336,337,11,347,0.945114179561868,0.945468551732395,0.000354372170527362,0.000354372170527362,1.25579635244274e-07,0.000237233846125408,0,0.000246769349884934
A1,ARX,I,336,337,12,348,0.94807316208149,0.948488666723485,0.000415504641995135,0.000415504641995135,1.72644107519505e-07,0.000292174310206147,0,0.000276815056352353
A1,ARX,I,336,337,13,349,0.951047531643861,0.951534150478535,0.000486618834674268,0.000486618834674268,2.36797890259743e-07,0.000353778436724748,0,0.000303994000502517
A1,ARX,I,336,337,14,350,0.954036406879086,0.954602128121553,0.000565721242466233,0.000565721242466233,3.20040524177538e-07,0.000417465601344651,0,0.000335694270007653
A1,ARX,I,343,344,1,344,0.936338298008253,0.936342865393749,4.56738549603486e-06,4.56738549603486e-06,2.08610102693896e-11,1.53322326538197e-06,0.75,1.00000052480342e-05
A1,ARX,I,343,344,2,345,0.93924587807306,0.939259217502376,1.33394293165834e-05,1.33394293165834e-05,1.77940374492124e-10,6.54699311948528e-06,0,2.37558199639998e-05
A1,ARX,I,343,344,3,346,0.942171460895374,0.942201909554109,3.04486587344721e-05,3.04486587344721e-05,9.27120818728345e-10,1.57271378798729e-05,0,4.06027244601315e-05
A1,ARX,I,343,344,4,347,0.945114179561868,0.945167960923861,5.37813619928551e-05,5.37813619928551e-05,2.89243489780652e-09,2.94481837053927e-05,0,5.96952082178026e-05
A1,ARX,I,343,344,5,348,0.94807316208149,0.948156051543823,8.28894623322585e-05,8.28894623322585e-05,6.8706629657309e-09,4.94294777506411e-05,0,8.05570191018679e-05
A1,ARX,I,343,344,6,349,0.951047531643861,0.951164567753105,0.000117036109243962,0.000117036109243962,1.36974508669646e-08,7.39408996206559e-05,0,0.000102391301860932
A1,ARX,I,343,344,7,350,0.954036406879086,0.954197901719984,0.000161494840897891,0.000161494840897891,2.60805836366352e-08,0.000106326795569148,0,0.000128742253122316
A1,ARX,I,343,344,8,351,0.957038902118929,0.957250737548965,0.000211835430036,0.000211835430036,4.48742494185372e-08,0.000143298428024207,0,0.00015676239323445
A1,ARX,I,343,344,9,352,0.96005412765925,0.960324170182115,0.00027004252286511,0.00027004252286511,7.29229641553537e-08,0.000186797209300833,0,0.00018441726704499
A1,ARX,I,343,344,10,353,0.963081190023648,0.963407878256445,0.000326688232796912,0.000326688232796912,1.0672520144797e-07,0.000234855994291783,0,0.000218310087176848
A1,ARX,I,343,344,11,354,0.966119192228216,0.966512387021098,0.000393194792881579,0.000393194792881579,1.54602145149188e-07,0.000287385036258716,0,0.000255811456784216
A1,ARX,I,343,344,12,355,0.969167234047334,0.969631865744389,0.000464631697054796,0.000464631697054796,2.1588261390802e-07,0.000345804362334377,0,0.000292917156629824
A1,ARX,I,343,344,13,356,0.972224412280429,0.97277203734739,0.000547625066960933,0.000547625066960933,2.99893213963966e-07,0.000414075001681336,0,0.000327170783454289
A1,ARX,I,343,344,14,357,0.975289821019612,0.975922199460965,0.000632378441353221,0.000632378441353221,3.99902493088329e-07,0.000485879891133904,0,0.000365160220572341
A1,ARX,I,350,351,1,351,0.957038902118929,0.957042608592676,3.70647374736688e-06,3.70647374736688e-06,1.37379476399199e-11,1.47087318674916e-06,0.5,1.02174675579159e-05
A1,ARX,I,350,351,2,352,0.96005412765925,0.960067355924352,1.32282651015281e-05,1.32282651015281e-05,1.74986997596306e-10,6.11290393795113e-06,0,2.64255242962697e-05
A1,ARX,I,350,351,3,353,0.963081190023648,0.963112763652342,3.15736286938817e-05,3.15736286938817e-05,9.96894028899109e-10,1.51387723542932e-05,0,4.45254878797818e-05
A1,ARX,I,350,351,4,354,0.966119192228216,0.966174731960728,5.55397325121554e-05,5.55397325121554e-05,3.08466188752177e-09,2.76580273896179e-05,0,6.43285638122215e-05
A1,ARX,I,350,351,5,355,0.969167234047334,0.969250465983065,8.32319357307876e-05,8.32319357307876e-05,6.92755512549395e-09,4.5755190146795e-05,0,8.46160472766089e-05
A1,ARX,I,350,351,6,356,0.972224412280429,0.972346192983232,0.000121780702802665,0.000121780702802665,1.48305395751111e-08,7.01499482521998e-05,0,0.000109227470514256
A1,ARX,I,350,351,7,357,0.975289821019612,0.975457246924993,0.00016742590538088,0.00016742590538088,2.80314337926075e-08,9.90668231333184e-05,0,0.00013481405580637
A1,ARX,I,350,351,8,358,0.978362551918116,0.978575419274163,0.000212867356046531,0.000212867356046531,4.53125112702406e-08,0.000130288308972551,0,0.000165884109186415
A1,ARX,I,350,351,9,359,0.981441694459462,0.981706651260678,0.000264956801216631,0.000264956801216631,7.02021065109496e-08,0.000165077836451581,0,0.000203110841933585
A1,ARX,I,350,351,10,360,0.98452633622726,0.984854397394748,0.000328061167488292,0.000328061167488292,1.07624129613781e-07,0.00020851695911695,0,0.000242075952865489
A1,ARX,I,350,351,11,361,0.987615563175582,0.988009900324879,0.000394337149296264,0.000394337149296264,1.55501787315104e-07,0.000257875306506553,0,0.000284608665651304
A1,ARX,I,350,351,12,362,0.990708459899814,0.991172796536524,0.000464336636709972,0.000464336636709972,2.15608512191129e-07,0.000317127187170319,0,0.000324827199106231
A1,ARX,I,350,351,13,363,0.993804109907906,0.994347133144051,0.000543023236144968,0.000543023236144968,2.94874234993354e-07,0.000383412635928448,0,0.000363530951884988
A1,ARX,I,350,351,14,364,0.99690159589195,0.997534521151487,0.000632925259537842,0.000632925259537842,4.00594384161045e-07,0.000456601026702538,0,0.000400178726853356
A1,AR,None,49,50,1,50,1.13649504552614,1.13638342826693,-0.000111617259209718,0.000111617259209718,1.24584125534893e-08,8.01991285045643e-05,0,0.000103129015321057
A1,AR,None,49,50,2,51,1.13849466883911,1.13814953069733,-0.000345138141782719,0.000345138141782719,1.19120336913228e-07,0.000265260943669347,0,0.000233050423737891
A1,AR,None,49,50,3,52,1.14045325319274,1.13974801043315,-0.0007052427595855,0.0007052427595855,4.97367349947772e-07,0.000557531100673037,0,0.000388133230188603
A1,AR,None,49,50,4,53,1.14237021821622,1.14121102055465,-0.00115919766157124,0.00115919766157124,1.34373921859224e-06,0.000976285755067185,0,0.000535562856013194
A1,AR,None,49,50,5,54,1.14424499587144,1.14248594645963,-0.00175904941180782,0.00175904941180782,3.09425483318145e-06,0.00149557769351221,0,0.00074088362138286
A1,AR,None,49,50,6,55,1.14607703062133,1.14361235996908,-0.00246467065224576,0.00246467065224576,6.07460142404154e-06,0.00213520035379558,0,0.000951264623119008
A1,AR,None,49,50,7,56,1.14786577959443,1.1445749453624,-0.00329083423203147,0.00329083423203147,1.08295899427102e-05,0.00290740193216906,0,0.00117844103252179
A1,AR,None,49,50,8,57,1.14961071274585,1.14535962897166,-0.00425108377418271,0.00425108377418271,1.80717132551195e-05,0.00378851683022943,0,0.00142124936493915
A1,AR,None,49,50,9,58,1.15131131301421,1.14593359121612,-0.00537772179809104,0.00537772179809104,2.89198917376635e-05,0.00478508157125077,0,0.00170789368254348
A1,AR,None,49,50,10,59,1.15296707647496,1.14637147243768,-0.00659560403727255,0.00659560403727255,4.3501992616486e-05,0.00589781373186045,0,0.0019814395078826
A1,AR,None,49,50,11,60,1.15457751248964,1.14656083597811,-0.00801667651153481,0.00801667651153481,6.4267102290594e-05,0.00715620566345016,0,0.00223351192447824
A1,AR,None,49,50,12,61,1.15614214385133,1.14660939423642,-0.00953274961490891,0.00953274961490891,9.0873315220546e-05,0.00853355712548372,0,0.0025119103645988
A1,AR,None,49,50,13,62,1.15766050692596,1.14653767160977,-0.0111228353161912,0.0111228353161912,0.00012371746547111,0.0100355258399349,0,0.00278401549231616
A1,AR,None,49,50,14,63,1.15913215178981,1.14626738010158,-0.0128647716882258,0.0128647716882258,0.000165502350590175,0.0116528268426954,0,0.0030950134173926
A1,AR,None,56,57,1,57,1.14961071274585,1.14952296465885,-8.77480869996283e-05,8.77480869996283e-05,7.69972677209434e-09,6.32380448106898e-05,0,7.4750049888106e-05
A1,AR,None,56,57,2,58,1.15131131301421,1.15102694472305,-0.000284368291153525,0.000284368291153525,8.0865325013576e-08,0.000205436988138087,0,0.000184310121090658
A1,AR,None,56,57,3,59,1.15296707647496,1.15241552100743,-0.000551555467529052,0.000551555467529052,3.04213433761192e-07,0.000437255840555489,0,0.000292614815636527
A1,AR,None,56,57,4,60,1.15457751248964,1.15364922915149,-0.000928283338158087,0.000928283338158087,8.61709955901921e-07,0.000752516679907637,0,0.000418546928734942
A1,AR,None,56,57,5,61,1.15614214385133,1.15476589762768,-0.00137624622365107,0.00137624622365107,1.89405366811382e-06,0.0011429863365255,0,0.000570077448361905
A1,AR,None,56,57,6,62,1.15766050692596,1.15574577636258,-0.00191473056338043,0.00191473056338043,3.66619313034314e-06,0.00160747493369893,0,0.000739822409811797
A1,AR,None,56,57,7,63,1.15913215178981,1.15660364356416,-0.00252850822564432,0.00252850822564432,6.393353847151e-06,0.00216282396662038,0,0.000923071333410241
A1,AR,None,56,57,8,64,1.16055664236272,1.15732177265312,-0.00323486970959763,0.00323486970959763,1.04643820380723e-05,0.00281051583478571,0,0.00112680638051904
A1,AR,None,56,57,9,65,1.1619335565374,1.15788153534197,-0.00405202119543602,0.00405202119543602,1.64188757682627e-05,0.00356210986278235,0,0.00133275560553803
A1,AR,None,56,57,10,66,1.16326248630447,1.15828461404351,-0.0049778722609668,0.0049778722609668,2.47792122465027e-05,0.00441044039799074,0,0.00154314033236969
A1,AR,None,56,57,11,67,1.16454303787336,1.15853689261811,-0.00600614525525334,0.00600614525525334,3.60737808272022e-05,0.00534385113927157,0,0.00179246880379236
A1,AR,None,56,57,12,68,1.16577483178899,1.15869308784867,-0.00708174394032279,0.00708174394032279,5.01510972362986e-05,0.0063384408110209,0,0.00209179877453658
A1,AR,None,56,57,13,69,1.16695750304426,1.15859701511962,-0.00836048792463218,0.00836048792463218,6.98977583379204e-05,0.00745319871760145,0,0.0023788024889273
A1,AR,None,56,57,14,70,1.16809070118813,1.15830457758913,-0.00978612359899689,0.00978612359899689,9.57682150948438e-05,0.0086428629278641,0,0.00269924914825631
A1,AR,None,63,64,1,64,1.16055664236272,1.16049134595565,-6.52964070730899e-05,6.52964070730899e-05,4.26362077665467e-09,4.58645495618285e-05,0,5.16694526352945e-05
A1,AR,None,63,64,2,65,1.1619335565374,1.16174542022116,-0.000188136316246146,0.000188136316246146,3.53952734906698e-08,0.000143474058204735,0,0.000123808246734636
A1,AR,None,63,64,3,66,1.16326248630447,1.16288860819227,-0.000373878112202686,0.000373878112202686,1.39784842784244e-07,0.000297164646272324,0,0.000212898396556527
A1,AR,None,63,64,4,67,1.16454303787336,1.16393372722715,-0.000609310646211503,0.000609310646211503,3.71259463586679e-07,0.000520511294353202,0,0.000304827931809193
A1,AR,None,63,64,5,68,1.16577483178899,1.16485710305075,-0.000917728738240031,0.000917728738240031,8.4222603699164e-07,0.000811068572604533,0,0.000393903190820666
A1,AR,None,63,64,6,69,1.16695750304426,1.16565698824431,-0.00130051479994409,0.00130051479994409,1.69133874487361e-06,0.00117011808934181,0,0.000480412325387258
A1,AR,None,63,64,7,70,1.16809070118813,1.1663422785799,-0.00174842260822272,0.00174842260822272,3.05698161694434e-06,0.00160137131786813,0,0.000569138068855723
A1,AR,None,63,64,8,71,1.16917409042954,1.16690042595613,-0.0022736644734116,0.0022736644734116,5.16955013765403e-06,0.00207457964141401,0,0.000680436356292113
A1,AR,None,63,64,9,72,1.17020734973689,1.1673677069309,-0.0028396428059887,0.0028396428059887,8.06357126560335e-06,0.00261360851064585,0,0.000784843131489577
A1,AR,None,63,64,10,73,1.17119017293313,1.16770357967717,-0.00348659325595602,0.00348659325595602,1.2156332532478e-05,0.00322240649087035,0,0.000887462145326257
A1,AR,None,63,64,11,74,1.17212226878654,1.16786894198839,-0.00425332679815482,0.00425332679815482,1.80907888519019e-05,0.00390077341987372,0,0.000990055335620299
A1,AR,None,63,64,12,75,1.17300336109701,1.16795221592991,-0.00505114516710625,0.00505114516710625,2.55140674991808e-05,0.00463721741972367,0,0.00110765702041454
A1,AR,None,63,64,13,76,1.17383318877787,1.16793433448127,-0.00589885429660875,0.00589885429660875,3.47964820126195e-05,0.00543693569890916,0,0.0012280192499996
A1,AR,None,63,64,14,77,1.17461150593327,1.16779162261557,-0.00681988331769712,0.00681988331769712,4.65108084670034e-05,0.00628858043689041,0,0.00135402142355373
A1,AR,None,70,71,1,71,1.16917409042954,1.16912942356199,-4.46668675539996e-05,4.46668675539996e-05,1.99512905708654e-09,2.97869009803097e-05,0,4.23429872808412e-05
A1,AR,None,70,71,2,72,1.17020734973689,1.17007457748135,-0.00013277225553221,0.00013277225553221,1.76284718391104e-08,9.92643331660356e-05,0,9.71303034275062e-05
A1,AR,None,70,71,3,73,1.17119017293313,1.17092807270262,-0.000262100230506768,0.000262100230506768,6.86965308317007e-08,0.000202786015044853,0,0.000157732950973932
A1,AR,None,70,71,4,74,1.17212226878654,1.17169780090839,-0.00042446787815531,0.00042446787815531,1.80172979585671e-07,0.000354260780378561,0,0.000230287840012888
A1,AR,None,70,71,5,75,1.17300336109701,1.17235971953299,-0.000643641564027186,0.000643641564027186,4.14274462943363e-07,0.00055159431769572,0,0.000301160846047366
A1,AR,None,70,71,6,76,1.17383318877787,1.17292553743613,-0.000907651341742977,0.000907651341742977,8.23830958167826e-07,0.000788575903247257,0,0.000378372159886453
A1,AR,None,70,71,7,77,1.17461150593327,1.17339207803977,-0.00121942789350138,0.00121942789350138,1.48700438744921e-06,0.00106545636290776,0,0.000485352622337898
A1,AR,None,70,71,8,78,1.17533808193104,1.1737691949496,-0.00156888698143387,0.00156888698143387,2.46140636051268e-06,0.00137457699143281,0,0.000593561571923917
A1,AR,None,70,71,9,79,1.17601270147102,1.17401559374295,-0.00199710772806738,0.00199710772806738,3.98843927750646e-06,0.00172172027100741,0,0.000718051651105833
A1,AR,None,70,71,10,80,1.17663516464889,1.17420354343926,-0.00243162120963158,0.00243162120963158,5.91278170713017e-06,0.00210986089061027,0,0.000853005381657113
A1,AR,None,70,71,11,81,1.17720528701538,1.17425903898927,-0.00294624802610999,0.00294624802610999,8.680377431357e-06,0.0025550698731541,0,0.000972964990933356
A1,AR,None,70,71,12,82,1.17772289963092,1.17422301406046,-0.0034998855704611,0.0034998855704611,1.22491990063218e-05,0.00303710034571863,0,0.00109658710653138
A1,AR,None,70,71,13,83,1.17818784911572,1.17409096133541,-0.00409688778031514,0.00409688778031514,1.67844894844955e-05,0.0035582909886038,0,0.00124601896982474
A1,AR,None,70,71,14,84,1.17859999769523,1.17384237494806,-0.00475762274717062,0.00475762274717062,2.26349742043953e-05,0.00412612804348943,0,0.00138582071433485
A1,AR,None,77,78,1,78,1.17533808193104,1.17531517245248,-2.29094785515471e-05,2.29094785515471e-05,5.24844207503798e-10,1.56420690924376e-05,0,3.02414565988562e-05
A1,AR,None,77,78,2,79,1.17601270147102,1.17593785459363,-7.48468773930089e-05,7.48468773930089e-05,5.6020550554841e-09,5.24638235987942e-05,0,7.66676735058369e-05
A1,AR,None,77,78,3,80,1.17663516464889,1.17648105201448,-0.000154112634407788,0.000154112634407788,2.37507040841086e-08,0.000111634280237925,0,0.000128795854250907
A1,AR,None,77,78,4,81,1.17720528701538,1.17693785546786,-0.000267431547513963,0.000267431547513963,7.15196326057132e-08,0.000200351185662031,0,0.00018960127959966
A1,AR,None,77,78,5,82,1.17772289963092,1.17731752798888,-0.000405371642040464,0.000405371642040464,1.64326168170582e-07,0.000315164957787702,0,0.000252259331472549
A1,AR,None,77,78,6,83,1.17818784911572,1.17760782010474,-0.00058002901098364,0.00058002901098364,3.3643365358266e-07,0.000456390334101174,0,0.000317143784573759
A1,AR,None,77,78,7,84,1.17859999769523,1.17783398281796,-0.000766014877268795,0.000766014877268795,5.86778792197127e-07,0.00062486662538571,0,0.000384762817977058
A1,AR,None,77,78,8,85,1.17895922324091,1.17796668575072,-0.000992537490194234,0.000992537490194234,9.85130669441069e-07,0.000819487385628728,0,0.000455949557863822
A1,AR,None,77,78,9,86,1.17926541930649,1.17802144319283,-0.00124397611366267,0.00124397611366267,1.54747657136328e-06,0.00104165333617359,0,0.000535781221497
A1,AR,None,77,78,10,87,1.17951849515947,1.17800135276755,-0.00151714239191447,0.00151714239191447,2.30172103734397e-06,0.00128855634032028,0,0.000620688920862089
A1,AR,None,77,78,11,88,1.179718375808,1.17788465004121,-0.0018337257667953,0.0018337257667953,3.36255018780902e-06,0.00156013095297723,0,0.000719853303432771
A1,AR,None,77,78,12,89,1.17986500202314,1.17768523800999,-0.00217976401315711,0.00217976401315711,4.75137115305481e-06,0.00186410660242002,0,0.000810356542994273
A1,AR,None,77,78,13,90,1.17995833035638,1.17740759757315,-0.00255073278323459,0.00255073278323459,6.50623773146767e-06,0.00219320220117463,0,0.000901544320497605
A1,AR,None,77,78,14,91,1.17999833315251,1.17704743811047,-0.00295089504204626,0.00295089504204626,8.70778154917322e-06,0.00254976561405047,0,0.000991938748494847
A1,AR,None,84,85,1,85,1.17895922324091,1.17894462313983,-1.460010108012e-05,1.460010108012e-05,2.13162951549721e-10,7.70600749227832e-06,0,2.29785556865592e-05
A1,AR,None,84,85,2,86,1.17926541930649,1.17922125838572,-4.41609207686433e-05,4.41609207686433e-05,1.95018692313439e-09,2.87047964893896e-05,0,5.21980389636134e-05
A1,AR,None,84,85,3,87,1.17951849515947,1.17942496914008,-9.35260193903886e-05,9.35260193903886e-05,8.74711630301135e-09,6.39807761787082e-05,0,8.31438123552464e-05
A1,AR,None,84,85,4,88,1.179718375808,1.17956275279455,-0.000155623013450734,0.000155623013450734,2.42185223154874e-08,0.000112016369640163,0,0.000117198401189345
A1,AR,None,84,85,5,89,1.17986500202314,1.1796320985519,-0.00023290347124183,0.00023290347124183,5.42440269164939e-08,0.00017411055886519,0,0.000156911421267447
A1,AR,None,84,85,6,90,1.17995833035638,1.17963839949533,-0.00031993086105353,0.00031993086105353,1.02355755854453e-07,0.000250903871603814,0,0.000199347329770727
A1,AR,None,84,85,7,91,1.17999833315251,1.17957220252873,-0.000426130623787602,0.000426130623787602,1.81587308529611e-07,0.000341558698142043,0,0.000251371669374945
A1,AR,None,84,85,8,92,1.17998499855785,1.17944303879036,-0.000541959767497602,0.000541959767497602,2.93720389586055e-07,0.000441817800071976,0,0.000307109247088433
A1,AR,None,84,85,9,93,1.17991833052372,1.17923295020829,-0.000685380315438744,0.000685380315438744,4.69746176790912e-07,0.000562212857828886,0,0.000353501577502469
A1,AR,None,84,85,10,94,1.17979834880531,1.17896177356028,-0.000836575245026117,0.000836575245026117,6.99858140590507e-07,0.000689678105844823,0,0.000405841396058704
A1,AR,None,84,85,11,95,1.17962508895577,1.1786240709767,-0.0010010179790676,0.0010010179790676,1.00203699441658e-06,0.000832345950802662,0,0.000469260015476758
A1,AR,None,84,85,12,96,1.17939860231575,1.17822626173649,-0.00117234057926052,0.00117234057926052,1.3743824337809e-06,0.000992243602327473,0,0.000526894632082664
A1,AR,None,84,85,13,97,1.17911895599813,1.17776173688361,-0.0013572191145137,0.0013572191145137,1.84204372480134e-06,0.00115927027633835,0,0.000594882893196813
A1,AR,None,84,85,14,98,1.17878623286813,1.17722014624022,-0.00156608662791524,0.00156608662791524,2.45262732613493e-06,0.00134557445797917,0,0.000659911130364566
A1,AR,None,91,92,1,92,1.17998499855785,1.17997930957111,-5.68898674302432e-06,5.68898674302432e-06,3.23645701623064e-11,1.90086797719171e-06,1,1.47384921945215e-05
A1,AR,None,91,92,2,93,1.17991833052372,1.17990190991275,-1.64206109789511e-05,1.64206109789511e-05,2.69636464922049e-10,6.07128843345252e-06,0.5,3.32243491585893e-05
A1,AR,None,91,92,3,94,1.17979834880531,1.17976685023192,-3.1498573386024e-05,3.1498573386024e-05,9.92160125354741e-10,1.35870861818284e-05,0.25,5.76490638730109e-05
A1,AR,None,91,92,4,95,1.17962508895577,1.17957119120584,-5.38977499309201e-05,5.38977499309201e-05,2.904967447616e-09,2.45057373939897e-05,0.25,8.23211751137531e-05
A1,AR,None,91,92,5,96,1.17939860231575,1.17932408709362,-7.45152221339751e-05,7.45152221339751e-05,5.55251832967565e-09,3.97743804118216e-05,0,0.000110410578005371
A1,AR,None,91,92,6,97,1.17911895599813,1.17901769579863,-0.000101260199498743,0.000101260199498743,1.02536280025252e-08,5.66138883205829e-05,0,0.000142961367682493
A1,AR,None,91,92,7,98,1.17878623286813,1.1786469662372,-0.000139266630936774,0.000139266630936774,1.93951944924796e-08,8.03581403125e-05,0,0.000178439511429762
A1,AR,None,91,92,8,99,1.17840053151882,1.17821683481931,-0.000183696699515679,0.000183696699515679,3.37444774129535e-08,0.000106658388208841,0,0.000216072600396633
A1,AR,None,91,92,9,100,1.17796196624182,1.17772857268831,-0.000233393553507044,0.000233393553507044,5.44725508186455e-08,0.000138412225885616,0,0.000249653264880578
A1,AR,None,91,92,10,101,1.17747066699349,1.17718311299246,-0.000287554001032753,0.000287554001032753,8.26873035099443e-08,0.000176221443477033,0,0.000288905566437292
A1,AR,None,91,92,11,102,1.1769267793564,1.17658364781854,-0.000343131537856589,0.000343131537856589,1.17739252271828e-07,0.000218580393847563,0,0.000330600520701829
A1,AR,None,91,92,12,103,1.17633046449619,1.17592126581112,-0.000409198685066059,0.000409198685066059,1.67443563859792e-07,0.000264038782491466,0,0.000380126351008203
A1,AR,None,91,92,13,104,1.17568189911383,1.17520944346594,-0.000472455647882564,0.000472455647882564,2.23214339216133e-07,0.000312112743457738,0,0.000429000523776313
A1,AR,None,91,92,14,105,1.17498127539323,1.17443724011951,-0.000544035273719823,0.000544035273719823,2.95974379051403e-07,0.000363233944150598,0,0.000477591072664596
A1,AR,None,98,99,1,99,1.17840053151882,1.17840569503601,5.16351718937713e-06,5.16351718937713e-06,2.66619097649931e-11,1.33164424252917e-06,0.75,8.18974769423164e-06
A1,AR,None,98,99,2,100,1.17796196624182,1.17797399578865,1.20295468322151e-05,1.20295468322151e-05,1.44709996988457e-10,4.0326771875253e-06,0.75,2.16256352048583e-05
A1,AR,None,98,99,3,101,1.17747066699349,1.17749063155018,1.99645566871798e-05,1.99645566871798e-05,3.98583523715615e-10,7.52094044642851e-06,0.5,3.45212689068508e-05
A1,AR,None,98,99,4,102,1.1769267793564,1.17696049226208,3.37129056811047e-05,3.37129056811047e-05,1.13656000946306e-09,1.3418377695134e-05,0.25,4.75598872898275e-05
A1,AR,None,98,99,5,103,1.17633046449619,1.17637938732222,4.89228260358576e-05,4.89228260358576e-05,2.39344290733479e-09,2.28009543861522e-05,0,5.98992507903628e-05
A1,AR,None,98,99,6,104,1.17568189911383,1.17574853408076,6.66349669387056e-05,6.66349669387056e-05,4.44021881892239e-09,3.40791095179433e-05,0,7.69434832810778e-05
A1,AR,None,98,99,7,105,1.17498127539323,1.17506990293117,8.86275379363699e-05,8.86275379363699e-05,7.85484048066269e-09,4.71602383484944e-05,0,9.49684192554923e-05
A1,AR,None,98,99,8,106,1.17422880094433,1.17434044171233,0.000111640767999965,0.000111640767999965,1.24636610796221e-08,6.38307097616685e-05,0,0.000115100222020048
A1,AR,None,98,99,9,107,1.17342469874155,1.17356284433224,0.000138145590691918,0.000138145590691918,1.9084204227619e-08,8.17440650320275e-05,0,0.000136782540816893
A1,AR,None,98,99,10,108,1.17256920705771,1.17273815007695,0.00016894301923287,0.00016894301923287,2.85417437475179e-08,0.000103960659677858,0,0.000160983891915267
A1,AR,None,98,99,11,109,1.17166257939348,1.17186675388023,0.000204174486750475,0.000204174486750475,4.16872210398198e-08,0.000128592884857772,0,0.000186405118279331
A1,AR,None,98,99,12,110,1.17070508440219,1.17094833495267,0.000243250550482577,0.000243250550482577,5.91708303100765e-08,0.000156538724691834,0,0.000209445718292622
A1,AR,None,98,99,13,111,1.16969700581028,1.16997845301182,0.000281447201548879,0.000281447201548879,7.92125272596953e-08,0.000188492032645346,0,0.000228869431163514
A1,AR,None,98,99,14,112,1.16863864233318,1.16896373757743,0.000325095244256834,0.000325095244256834,1.05686917838411e-07,0.000222896311887492,0,0.000249190831770496
A1,AR,None,105,106,1,106,1.17422880094433,1.17423617519727,7.37425293606542e-06,7.37425293606542e-06,5.43796063650694e-11,6.66918324689902e-06,0,4.27878671899196e-06
A1,AR,None,105,106,2,107,1.17342469874155,1.17344805816539,2.33594238461254e-05,2.33594238461254e-05,5.45662682422934e-10,2.07253392037668e-05,0,1.08605505388382e-05
A1,AR,None,105,106,3,108,1.17256920705771,1.17261874404383,4.95369861188699e-05,4.95369861188699e-05,2.45391299374111e-09,4.31551613901811e-05,0,1.87624227903638e-05
A1,AR,None,105,106,4,109,1.17166257939348,1.17174436165517,8.17822616898667e-05,8.17822616898667e-05,6.68833832710984e-09,7.42354576089683e-05,0,2.70774598616907e-05
A1,AR,None,105,106,5,110,1.17070508440219,1.17082918596777,0.000124101565579515,0.000124101565579515,1.54011985792867e-08,0.000113500524206683,0,3.67466362120039e-05
A1,AR,None,105,106,6,111,1.16969700581028,1.16987261478115,0.000175608970876873,0.000175608970876873,3.08385106524343e-08,0.000160266997275411,0,4.67500812794674e-05
A1,AR,None,105,106,7,112,1.16863864233318,1.16887365368368,0.00023501135050652,0.00023501135050652,5.52303348668983e-08,0.000215367904762206,0,5.87479067306051e-05
A1,AR,None,105,106,8,113,1.16753030758684,1.16783469501445,0.000304387427617625,0.000304387427617625,9.26517060916749e-08,0.000278483346626594,0,7.25204385086387e-05
A1,AR,None,105,106,9,114,1.16637232999476,1.1667531022958,0.000380772301044718,0.000380772301044718,1.4498754524289e-07,0.000349391435759151,0,8.74330434760817e-05
A1,AR,None,105,106,10,115,1.16516505269069,1.1656271669537,0.000462114263006352,0.000462114263006352,2.13549592073904e-07,0.000428266009930193,0,0.000102622223453253
A1,AR,None,105,106,11,116,1.16390883341696,1.1644648130573,0.000555979640341597,0.000555979640341597,3.09113360474372e-07,0.000516655242840507,0,0.000119285853634965
A1,AR,None,105,106,12,117,1.16260404441844,1.16326377894342,0.000659734524975697,0.000659734524975697,4.35249643444909e-07,0.000613297296257115,0,0.000137646194533769
A1,AR,None,105,106,13,118,1.16125107233228,1.16202444797327,0.000773375640990448,0.000773375640990448,5.98109882077386e-07,0.000718309146225645,0,0.000155504144324303
A1,AR,None,105,106,14,119,1.15985031807331,1.16074655598352,0.000896237910208209,0.000896237910208209,8.03242391694377e-07,0.00083149429794553,0,0.000171896970931784
A1,AR,None,112,113,1,113,1.16753030758684,1.16754294437655,1.26367897159696e-05,1.26367897159696e-05,1.59688454325635e-10,1.16044656555866e-05,0,2.26069132425177e-06
A1,AR,None,112,113,2,114,1.16637232999476,1.16640975575166,3.74257569042413e-05,3.74257569042413e-05,1.40068727985537e-09,3.53360396397119e-05,0,5.39185305065137e-06
A1,AR,None,112,113,3,115,1.16516505269069,1.16524049264716,7.54399564673047e-05,7.54399564673047e-05,5.69118703178883e-09,7.12815513894978e-05,0,8.97155344786738e-06
A1,AR,None,112,113,4,116,1.16390883341696,1.16403444171944,0.000125608302478541,0.000125608302478541,1.57774456515408e-08,0.000119603482357992,0,1.3085623598641e-05
A1,AR,None,112,113,5,117,1.16260404441844,1.16279271928971,0.00018867487126939,0.00018867487126939,3.55982070485208e-08,0.00018024108686416,0,1.73007453000418e-05
A1,AR,None,112,113,6,118,1.16125107233228,1.16151487998756,0.000263807655272563,0.000263807655272563,6.95944789804076e-08,0.000253164003384923,0,2.25726855908048e-05
A1,AR,None,112,113,7,119,1.15985031807331,1.1602029088479,0.00035259077459493,0.00035259077459493,1.24320254329453e-07,0.000338810912670781,0,2.77871100462512e-05
A1,AR,None,112,113,8,120,1.15840219671524,1.15885526756464,0.000453070849401049,0.000453070849401049,2.05273194576988e-07,0.000436702831922897,0,3.3059613562425e-05
A1,AR,None,112,113,9,121,1.15690713736768,1.15747110083674,0.00056396346906018,0.00056396346906018,3.18054794434393e-07,0.000546924509916238,0,3.8793024193573e-05
A1,AR,None,112,113,10,122,1.15536558304898,1.15605407409397,0.000688491044982253,0.000688491044982253,4.74019919020755e-07,0.000669087804478203,0,4.55817113348411e-05
A1,AR,None,112,113,11,123,1.15377799055497,1.15460403804319,0.00082604748821824,0.00082604748821824,6.82354452791663e-07,0.00080418715992281,0,5.2510404294992e-05
A1,AR,None,112,113,12,124,1.15214483032355,1.15312163784084,0.000976807517290679,0.000976807517290679,9.5415292583558e-07,0.000951459090369022,0,6.05193111838931e-05
A1,AR,None,112,113,13,125,1.15046658629535,1.15160681117419,0.00114022487883636,0.00114022487883636,1.30011277431739e-06,0.0011109906820056,0,6.76524593791195e-05
A1,AR,None,112,113,14,126,1.1487437557703,1.15005990953158,0.00131615376127803,0.00131615376127803,1.7322607233263e-06,0.00128242798524528,0,7.56120644311853e-05
A1,AR,None,119,120,1,120,1.15840219671524,1.15841723263497,1.50359197343963e-05,1.50359197343963e-05,2.26078882259209e-10,1.43649566825863e-05,0,1.59053374160223e-06
A1,AR,None,119,120,2,121,1.15690713736768,1.15695198895854,4.48515908648695e-05,4.48515908648695e-05,2.01166520310964e-09,4.34256735601799e-05,0,4.12813272115953e-06
A1,AR,None,119,120,3,122,1.15536558304898,1.15545513762612,8.95545771402162e-05,8.95545771402162e-05,8.02002228676293e-09,8.71909293354826e-05,0,7.49462740384788e-06
A1,AR,None,119,120,4,123,1.15377799055497,1.15392733673113,0.000149346176166132,0.000149346176166132,2.23042803354453e-08,0.000145644019488444,0,1.16498363462725e-05
A1,AR,None,119,120,5,124,1.15214483032355,1.15236848026586,0.000223649942304727,0.000223649942304727,5.00192966929076e-08,0.000218919363436763,0,1.57412709526628e-05
A1,AR,None,119,120,6,125,1.15046658629535,1.15077998556791,0.000313399272553028,0.000313399272553028,9.82191040367669e-08,0.000306933961987178,0,2.07158903049454e-05
A1,AR,None,119,120,7,126,1.1487437557703,1.14916189630039,0.000418140530089817,0.000418140530089817,1.74841502903793e-07,0.000410265160767959,0,2.57300412018768e-05
A1,AR,None,119,120,8,127,1.14697684926026,1.14751371642565,0.000536867165389587,0.000536867165389587,2.88226353273451e-07,0.000528042706104915,0,3.08763422904867e-05
A1,AR,None,119,120,9,128,1.14516639033777,1.14583692174157,0.000670531403803354,0.000670531403803354,4.49612363486496e-07,0.000660407960938624,0,3.58327136046332e-05
A1,AR,None,119,120,10,129,1.14331291548087,1.1441319183066,0.00081900282573355,0.00081900282573355,6.7076562855954e-07,0.000807154519249293,0,4.17182122121607e-05
A1,AR,None,119,120,11,130,1.14141697391417,1.14239946751779,0.000982493603622459,0.000982493603622459,9.65293681159045e-07,0.000968418054381459,0,4.87228436595322e-05
A1,AR,None,119,120,12,131,1.13947912744607,1.14063856726708,0.00115943982100997,0.00115943982100997,1.34430069854362e-06,0.00114381747927092,0,5.57116975546945e-05
A1,AR,None,119,120,13,132,1.1374999503023,1.1388498133396,0.00134986303730544,0.00134986303730544,1.82213021948348e-06,0.00133345686348,0,6.28444900473979e-05
A1,AR,None,119,120,14,133,1.13548002895576,1.13703536915102,0.00155534019526304,0.00155534019526304,2.41908312300088e-06,0.00153777252283399,0,7.05965068970027e-05
A1,AR,None,126,127,1,127,1.14697684926026,1.14699272496913,1.58757088684069e-05,1.58757088684069e-05,2.52038132074415e-10,1.56692232922979e-05,0,2.10657946991821e-06
A1,AR,None,126,127,2,128,1.14516639033777,1.1452142917888,4.79014510308406e-05,4.79014510308406e-05,2.29454901086002e-09,4.72417948914283e-05,0,5.43905909272668e-06
A1,AR,None,126,127,3,129,1.14331291548087,1.14340865669056,9.57412096858068e-05,9.57412096858068e-05,9.16637923210162e-09,9.46625230117879e-05,0,9.78985160032808e-06
A1,AR,None,126,127,4,130,1.14141697391417,1.14157662248697,0.000159648572804594,0.000159648572804594,2.54876667985437e-08,0.000157981701299846,0,1.40531856844817e-05
A1,AR,None,126,127,5,131,1.13947912744607,1.13971866304249,0.000239535596425311,0.000239535596425311,5.73773019548294e-08,0.000237371174920863,0,1.95111065653952e-05
A1,AR,None,126,127,6,132,1.1374999503023,1.13783571693234,0.000335766630040979,0.000335766630040979,1.12739229849076e-07,0.000332212581357214,0,2.64342030985576e-05
A1,AR,None,126,127,7,133,1.13548002895576,1.13592667516217,0.000446646206411661,0.000446646206411661,1.99492833701928e-07,0.000442459874678625,0,3.44897631139318e-05
A1,AR,None,126,127,8,134,1.13341996195275,1.13399345479223,0.000573492839482492,0.000573492839482492,3.28894036937692e-07,0.000568084826980174,0,4.3740049407992e-05
A1,AR,None,126,127,9,135,1.13132035973557,1.13203838341603,0.000718023680462254,0.000718023680462254,5.15558005704561e-07,0.000709459998025835,0,5.297938980664e-05
A1,AR,None,126,127,10,136,1.12918184446167,1.1300590087217,0.000877164260028929,0.000877164260028929,7.69417139072098e-07,0.000866310695435918,0,6.29838219994849e-05
A1,AR,None,126,127,11,137,1.12700504981929,1.12805563265111,0.00105058283182036,0.00105058283182036,1.10372428651568e-06,0.00103850944045842,0,7.21394945563669e-05
A1,AR,None,126,127,12,138,1.12479062083966,1.12603196162327,0.00124134078361204,0.00124134078361204,1.54092694105856e-06,0.00122628526083039,0,8.10528737357763e-05
A1,AR,None,126,127,13,139,1.12253921370586,1.1239859595707,0.00144674586483506,0.00144674586483506,2.09307359741736e-06,0.00142890590856751,0,9.01589671699066e-05
A1,AR,None,126,127,14,140,1.12025149555844,1.12191854532399,0.00166704976555199,0.00166704976555199,2.77905492082693e-06,0.0016466215177386,0,9.87051588221544e-05
A1,AR,None,133,134,1,134,1.13341996195275,1.13343624747025,1.62855175074306e-05,1.62855175074306e-05,2.65218080484828e-10,1.60444097583991e-05,0,3.19613415850073e-06
A1,AR,None,133,134,2,135,1.13132035973557,1.13136903660738,4.86768718113151e-05,4.86768718113151e-05,2.3694378493352e-09,4.82581161538382e-05,0,7.13320020950814e-06
A1,AR,None,133,134,3,136,1.12918184446167,1.12927948685964,9.76423979643926e-05,9.76423979643926e-05,9.53403788023681e-09,9.64861068204148e-05,0,1.19210503202183e-05
A1,AR,None,133,134,4,137,1.12700504981929,1.12716835121729,0.000163301397995363,0.000163301397995363,2.66673465872401e-08,0.000160673844114619,0,1.73845650338067e-05
A1,AR,None,133,134,5,138,1.12479062083966,1.12503564277239,0.000245021932737677,0.000245021932737677,6.00357475225066e-08,0.00024052655480938,0,2.40271864462849e-05
A1,AR,None,133,134,6,139,1.12253921370586,1.12288163591789,0.000342422212031401,0.000342422212031401,1.17252971292478e-07,0.000336045159447681,0,3.08218360650647e-05
A1,AR,None,133,134,7,140,1.12025149555844,1.12070783574778,0.000456340189339377,0.000456340189339377,2.08246368406298e-07,0.00044773036882111,0,3.7736786635767e-05
A1,AR,None,133,134,8,141,1.11792814429764,1.1185130826848,0.00058493838716922,0.00058493838716922,3.42152916784129e-07,0.000575003918735198,0,4.5125584292538e-05
A1,AR,None,133,134,9,142,1.11556984838258,1.11629898744569,0.000729139063108564,0.000729139063108564,5.31643773350834e-07,0.000717223408745933,0,5.21255722287783e-05
A1,AR,None,133,134,10,143,1.11317730662725,1.11406688464055,0.000889578013303138,0.000889578013303138,7.91349041752359e-07,0.000875053476807214,0,6.07881676107369e-05
A1,AR,None,133,134,11,144,1.1107512279934,1.1118163080628,0.00106508006940165,0.00106508006940165,1.13439555423662e-06,0.0010486875792048,0,6.89243008292206e-05
A1,AR,None,133,134,12,145,1.10829233138049,1.10954858839073,0.00125625701024856,0.00125625701024856,1.57818167579866e-06,0.00123751442643999,0,7.71731452547941e-05
A1,AR,None,133,134,13,146,1.10580134541265,1.10726321630106,0.00146187088841643,0.00146187088841643,2.13706649439944e-06,0.00144075305972811,0,8.64358196790982e-05
A1,AR,None,133,134,14,147,1.10327900822278,1.10496086425548,0.00168185603270121,0.00168185603270121,2.82863971473346e-06,0.00165869288499379,0,9.64990793806964e-05
A1,AR,None,140,141,1,141,1.11792814429764,1.1179438027587,1.56584610613297e-05,1.56584610613297e-05,2.45187402809179e-10,1.54156213134539e-05,0,2.59624577458872e-06
A1,AR,None,140,141,2,142,1.11556984838258,1.1156171481111,4.7299728516359e-05,4.7299728516359e-05,2.23726431772126e-09,4.64101014053512e-05,0,5.51078607158306e-06
A1,AR,None,140,141,3,143,1.11317730662725,1.11327158598675,9.42793594991276e-05,9.42793594991276e-05,8.88859762756574e-09,9.30398168382745e-05,0,8.84915545562581e-06
A1,AR,None,140,141,4,144,1.1107512279934,1.11090988654158,0.000158658548180313,0.000158658548180313,2.51725349106846e-08,0.00015529307748475,0,1.32878388782731e-05
A1,AR,None,140,141,5,145,1.10829233138049,1.10853108320782,0.000238751827334127,0.000238751827334127,5.70024350553849e-08,0.000232601142000022,0,1.88083773131065e-05
A1,AR,None,140,141,6,146,1.10580134541265,1.10613542079721,0.000334075384568866,0.000334075384568866,1.11606362574836e-07,0.000325250901290147,0,2.55820732707468e-05
A1,AR,None,140,141,7,147,1.10327900822278,1.10372258338807,0.00044357516529514,0.00044357516529514,1.96758927266611e-07,0.000432921451455769,0,3.31262475537497e-05
A1,AR,None,140,141,8,148,1.10072606723383,1.10129396384056,0.000567896606725515,0.000567896606725515,3.22506555930355e-07,0.000555578010722094,0,4.12561993907157e-05
A1,AR,None,140,141,9,149,1.09814327893732,1.09884939113253,0.000706112195210995,0.000706112195210995,4.9859443222569e-07,0.000692915943842466,0,4.94050055637185e-05
A1,AR,None,140,141,10,150,1.09553140866915,1.09639195303043,0.000860544361286575,0.000860544361286575,7.40536597742119e-07,0.000844839462675853,0,5.73360384201194e-05
A1,AR,None,140,141,11,151,1.09289123038285,1.09392051934036,0.0010292889575052,0.0010292889575052,1.05943575804215e-06,0.00101126360089394,0,6.56080455601615e-05
A1,AR,None,140,141,12,152,1.09022352642024,1.09143362268623,0.00121009626598956,0.00121009626598956,1.46433297296187e-06,0.00119225789434723,0,7.39838730991482e-05
A1,AR,None,140,141,13,153,1.08752908727956,1.08893564500123,0.00140655772166531,0.00140655772166531,1.97840462437632e-06,0.00138685228292068,0,8.35093343189985e-05
A1,AR,None,140,141,14,154,1.0848087113813,1.0864249539422,0.00161624256090875,0.00161624256090875,2.61224001569289e-06,0.00159545664566028,0,9.23801079287245e-05
A1,AR,None,147,148,1,148,1.10072606723383,1.10074089439561,1.4827161775921e-05,1.4827161775921e-05,2.19844726329334e-10,1.4315517403544e-05,0,2.15259371516563e-06
A1,AR,None,147,148,2,149,1.09814327893732,1.09818750388314,4.42249458187938e-05,4.42249458187938e-05,1.95584583267524e-09,4.3093810146386e-05,0,5.17127675070395e-06
A1,AR,None,147,148,3,150,1.09553140866915,1.09561918821617,8.77795470266562e-05,8.77795470266562e-05,7.70524887620496e-09,8.62311671122076e-05,0,8.84024162345343e-06
A1,AR,None,147,148,4,151,1.09289123038285,1.0930376898488,0.000146459465951043,0.000146459465951043,2.14503751666648e-08,0.000143760970665725,0,1.28307938867533e-05
A1,AR,None,147,148,5,152,1.09022352642024,1.09044317027331,0.000219643853072826,0.000219643853072826,4.82434221926773e-08,0.000215217034799158,0,1.7622537321127e-05
A1,AR,None,147,148,6,153,1.08752908727956,1.0878356105636,0.000306523284036908,0.000306523284036908,9.3956523656771e-08,0.000300728740419911,0,2.25093180502567e-05
A1,AR,None,147,148,7,154,1.0848087113813,1.0852159278516,0.000407216470305061,0.000407216470305061,1.65825253687712e-07,0.000400205219201768,0,2.76641296944602e-05
A1,AR,None,147,148,8,155,1.08206320483152,1.08258597679718,0.000522771965653979,0.000522771965653979,2.73290528073725e-07,0.000513408423791555,0,3.37620412533823e-05
A1,AR,None,147,148,9,156,1.07929338118309,1.07994466750071,0.000651286317622235,0.000651286317622235,4.24173867521931e-07,0.000640487980399888,0,3.94497038349595e-05
A1,AR,None,147,148,10,157,1.07650006119452,1.07729211529686,0.000792054102336959,0.000792054102336959,6.27349701028805e-07,0.000780667462999633,0,4.56389349309805e-05
A1,AR,None,147,148,11,158,1.07368407258681,1.07463030973814,0.000946237151332019,0.000946237151332019,8.95364746560934e-07,0.000934023565374073,0,5.17189528457807e-05
A1,AR,None,147,148,12,159,1.07084624979816,1.07196025792209,0.00111400812392581,0.00111400812392581,1.24101410017271e-06,0.00110019687624634,0,5.75978453487558e-05
A1,AR,None,147,148,13,160,1.06798743373671,1.06928192596809,0.00129449223137357,0.00129449223137357,1.67571013708652e-06,0.00127951103873755,0,6.4367821772493e-05
A1,AR,None,147,148,14,161,1.06510847153136,1.06659590966389,0.00148743813253405,0.00148743813253405,2.21247219811637e-06,0.00147082239804041,0,7.16717435845782e-05
A1,AR,None,154,155,1,155,1.08206320483152,1.08207625290415,1.30480726228122e-05,1.30480726228122e-05,1.7025219917018e-10,1.25842087815298e-05,0,2.14590054647967e-06
A1,AR,None,154,155,2,156,1.07929338118309,1.07933327816394,3.98969808459437e-05,3.98969808459437e-05,1.5917690806216e-09,3.82794168701412e-05,0,5.16389137616979e-06
A1,AR,None,154,155,3,157,1.07650006119452,1.07657975461638,7.96934218614265e-05,7.96934218614265e-05,6.35104148798329e-09,7.65461357137595e-05,0,9.30393723702627e-06
A1,AR,None,154,155,4,158,1.07368407258681,1.07381652577809,0.000132453191273418,0.000132453191273418,1.75438478785128e-08,0.000127634582321622,0,1.35133110288344e-05
A1,AR,None,154,155,5,159,1.07084624979816,1.07104416336441,0.000197913566247987,0.000197913566247987,3.91697797049963e-08,0.000191463965643678,0,1.82360597548725e-05
A1,AR,None,154,155,6,160,1.06798743373671,1.06826373181375,0.000276298077033665,0.000276298077033665,7.63406273725013e-08,0.000268058775317068,0,2.32922725737494e-05
A1,AR,None,154,155,7,161,1.06510847153136,1.06547578255396,0.000367311022598349,0.000367311022598349,1.34917387322245e-07,0.000356687903843855,0,2.91732256638699e-05
A1,AR,None,154,155,8,162,1.06221021628073,1.06268076408837,0.000470547807640997,0.000470547807640997,2.21415239275749e-07,0.000457178311149057,0,3.47218374628366e-05
A1,AR,None,154,155,9,163,1.05929352680042,1.05988006533079,0.000586538530372938,0.000586538530372938,3.44027447612045e-07,0.000570078079110435,0,4.06999930706586e-05
A1,AR,None,154,155,10,164,1.05635926736845,1.05707391441586,0.000714647047415529,0.000714647047415529,5.10720402379733e-07,0.000695254136187463,0,4.72404266309567e-05
A1,AR,None,154,155,11,165,1.05340830746923,1.0542623731045,0.000854065635273793,0.000854065635273793,7.29428109355628e-07,0.000832660069838661,0,5.27330873725251e-05
A1,AR,None,154,155,12,166,1.05044152153586,1.0514467789246,0.00100525738874491,0.00100525738874491,1.01054241762623e-06,0.000981386460442731,0,5.86935914417275e-05
A1,AR,None,154,155,13,167,1.04745978869104,1.04862737764129,0.00116758895025049,0.00116758895025049,1.36326395674703e-06,0.00114080875606818,0,6.50453503898141e-05
A1,AR,None,154,155,14,168,1.04446399248657,1.04580530847337,0.00134131598680476,0.00134131598680476,1.79912857645802e-06,0.00131135087414645,0,7.10427071947684e-05
A1,AR,None,161,162,1,162,1.06221021628073,1.0622215639839,1.13477031671305e-05,1.13477031671305e-05,1.28770367169304e-10,1.06246425090359e-05,0,3.40236869045274e-06
A1,AR,None,161,162,2,163,1.05929352680042,1.05932836512143,3.48383210164727e-05,3.48383210164727e-05,1.2137086112468e-09,3.24624072686285e-05,0,7.45586691158762e-06
A1,AR,None,161,162,3,164,1.05635926736845,1.05642932201011,7.00546416643189e-05,7.00546416643189e-05,4.90765281871612e-09,6.5381532634945e-05,0,1.29201260458678e-05
A1,AR,None,161,162,4,165,1.05340830746923,1.05352522978522,0.000116922315990253,0.000116922315990253,1.36708279765246e-08,0.000109660635334072,0,1.85935952875527e-05
A1,AR,None,161,162,5,166,1.05044152153586,1.0506159872288,0.000174465692942327,0.000174465692942327,3.04382780138464e-08,0.000165428502683086,0,2.52288065452078e-05
A1,AR,None,161,162,6,167,1.04745978869104,1.04770353186676,0.000243743175722066,0.000243743175722066,5.94107357110782e-08,0.000231768001938823,0,3.30726325279418e-05
A1,AR,None,161,162,7,168,1.04446399248657,1.04478791597126,0.000323923484689015,0.000323923484689015,1.04926423933074e-07,0.000308973454439299,0,4.14968484983569e-05
A1,AR,None,161,162,8,169,1.04145502064151,1.04186982409684,0.000414803455333068,0.000414803455333068,1.72061906556253e-07,0.000396998388534805,0,4.96014696510505e-05
A1,AR,None,161,162,9,170,1.03843376477916,1.03894977417105,0.000516009391882344,0.000516009391882344,2.66265692510786e-07,0.000495717582841622,0,5.90525490270499e-05
A1,AR,None,161,162,10,171,1.03540112016284,1.03603050635311,0.000629386190268422,0.000629386190268422,3.96126976500598e-07,0.000605787137001561,0,6.71116319495568e-05
A1,AR,None,161,162,11,172,1.0323579854306,1.03311205009668,0.000754064666076637,0.000754064666076637,5.6861352062527e-07,0.000725953020457129,0,7.49357904185621e-05
A1,AR,None,161,162,12,173,1.02930526232893,1.03019379534704,0.000888533018104765,0.000888533018104765,7.89490924262362e-07,0.000856523594196133,0,8.26447595853597e-05
A1,AR,None,161,162,13,174,1.02624385544558,1.02727368168355,0.00102982623796777,0.00102982623796777,1.06054208040685e-06,0.000996298081285147,0,9.22689505576946e-05
A1,AR,None,161,162,14,175,1.02317467194146,1.02435564311885,0.00118097117738514,0.00118097117738514,1.39469292181444e-06,0.00114609217869242,0,0.000103507787095281
A1,AR,None,168,169,1,169,1.04145502064151,1.0414642201127,9.19947119015774e-06,9.19947119015774e-06,8.46302701785422e-11,8.33001992458627e-06,0,5.35454589495332e-06
A1,AR,None,168,169,2,170,1.03843376477916,1.03846340862171,2.96438425504419e-05,2.96438425504419e-05,8.78757401155392e-10,2.6186241641504e-05,0,1.19696483862897e-05
A1,AR,None,168,169,3,171,1.03540112016284,1.03546164662005,6.05264572015596e-05,6.05264572015596e-05,3.66345202137222e-09,5.31785143391213e-05,0,2.05695388512117e-05
A1,AR,None,168,169,4,172,1.0323579854306,1.03245994461695,0.000101959186348033,0.000101959186348033,1.03956756807529e-08,9.08366181479628e-05,0,2.97811298345385e-05
A1,AR,None,168,169,5,173,1.02930526232893,1.02945887631274,0.00015361398380942,0.00015361398380942,2.35972560218007e-08,0.000136316863772387,0,4.2549673184733e-05
A1,AR,None,168,169,6,174,1.02624385544558,1.02646036088586,0.000216505440278292,0.000216505440278292,4.6874605670097e-08,0.000191766270330216,0,5.5456607930382e-05
A1,AR,None,168,169,7,175,1.02317467194146,1.02346240422247,0.000287732281002873,0.000287732281002873,8.27898655311161e-08,0.000257577091473578,0,6.72340636792557e-05
A1,AR,None,168,169,8,176,1.0200986212819,1.02046806245205,0.000369441170148033,0.000369441170148033,1.36486778200348e-07,0.000333332694181236,0,8.13431728589054e-05
A1,AR,None,168,169,9,177,1.0170166149671,1.01747725539451,0.000460640427417225,0.000460640427417225,2.12189603371124e-07,0.000417366526629283,0,9.5367545868752e-05
A1,AR,None,168,169,10,178,1.01392956626202,1.01449138969396,0.000561823431933783,0.000561823431933783,3.15645568669855e-07,0.000509578679629721,0,0.000111104917997595
A1,AR,None,168,169,11,179,1.01083838992584,1.01150697206817,0.000668582142327789,0.000668582142327789,4.47002081039616e-07,0.000610558697125322,0,0.000126072990585091
A1,AR,None,168,169,12,180,1.00774400194082,1.00853326185542,0.00078925991460399,0.00078925991460399,6.22931212800698e-07,0.000722072862976194,0,0.000142038634434349
A1,AR,None,168,169,13,181,1.00464731924088,1.00556624392463,0.000918924683749989,0.000918924683749989,8.44422574405017e-07,0.000841990982579182,0,0.00015995012883574
A1,AR,None,168,169,14,182,1.00154925943996,1.00260784288809,0.00105858344812892,0.00105858344812892,1.12059891665252e-06,0.000970635145821183,0,0.000176931143153702
A1,AR,None,175,176,1,176,1.0200986212819,1.02010763808638,9.01680447107367e-06,9.01680447107367e-06,8.13027628695741e-11,6.41836491198397e-06,0,8.1036432975079e-06
A1,AR,None,175,176,2,177,1.0170166149671,1.017045087652,2.84726849026917e-05,2.84726849026917e-05,8.10693785567969e-10,2.19554012403774e-05,0,1.86770460597896e-05
A1,AR,None,175,176,3,178,1.01392956626202,1.01398579687033,5.62306083093933e-05,5.62306083093933e-05,3.16188131084441e-09,4.67844877673238e-05,0,3.17236763434647e-05
A1,AR,None,175,176,4,179,1.01083838992584,1.01093335644738,9.49665215337347e-05,9.49665215337347e-05,9.01864021221731e-09,8.08268321977729e-05,0,4.93326948710626e-05
A1,AR,None,175,176,5,180,1.00774400194082,1.00788757862287,0.000143576682057001,0.000143576682057001,2.0614263630497e-08,0.000125774147918176,0,6.44971699126362e-05
A1,AR,None,175,176,6,181,1.00464731924088,1.00484428341278,0.000196964171891301,0.000196964171891301,3.87948850088258e-08,0.000179827949184392,0,7.90364040278435e-05
A1,AR,None,175,176,7,182,1.00154925943996,1.00181189592226,0.000262636482293077,0.000262636482293077,6.89779218312818e-08,0.000242243889612174,0,9.53809220370916e-05
A1,AR,None,175,176,8,183,0.998450740560036,0.99878697471745,0.00033623415741435,0.00033623415741435,1.13053408612138e-07,0.000311109084681567,0,0.000116531762827138
A1,AR,None,175,176,9,184,0.995352680759116,0.995771115178058,0.00041843441894196,0.00041843441894196,1.75087362955295e-07,0.000388061319861202,0,0.000139855768792524
A1,AR,None,175,176,10,185,0.992255998059185,0.992772049788931,0.000516051729746891,0.000516051729746891,2.66309387774759e-07,0.000473298485978881,0,0.000161261093113402
A1,AR,None,175,176,11,186,0.989161610074157,0.989777382847374,0.000615772773216894,0.000615772773216894,3.79176108235224e-07,0.000566999906108625,0,0.000186827070606715
A1,AR,None,175,176,12,187,0.986070433737977,0.986797526881378,0.00072709314340158,0.00072709314340158,5.28664439181591e-07,0.000668458701809211,0,0.000210300538342173
A1,AR,None,175,176,13,188,0.982983385032904,0.983828514986802,0.000845129953898294,0.000845129953898294,7.14244638976132e-07,0.000779167587930704,0,0.000234273522736639
A1,AR,None,175,176,14,189,0.979901378718095,0.980873455249574,0.000972076531479238,0.000972076531479238,9.44932783052706e-07,0.0008971142077797,0,0.000259912608248591
A1,AR,None,182,183,1,183,0.998450740560036,0.998461210551725,1.04699916890771e-05,1.04699916890771e-05,1.09620725969344e-10,4.98609551885459e-06,0,1.17001665903838e-05
A1,AR,None,182,183,2,184,0.995352680759116,0.995383557625306,3.08768661893e-05,3.08768661893e-05,9.53380865671935e-10,1.79035829467112e-05,0,2.8443696975855e-05
A1,AR,None,182,183,3,185,0.992255998059185,0.992314811692338,5.88136331530764e-05,5.88136331530764e-05,3.45904344466465e-09,3.83558997506725e-05,0,4.87094011533684e-05
A1,AR,None,182,183,4,186,0.989161610074157,0.989260154616397,9.85445422396758e-05,9.85445422396758e-05,9.71102680522725e-09,6.83914647480392e-05,0,7.31859965832082e-05
A1,AR,None,182,183,5,187,0.986070433737977,0.986218075409168,0.00014764167119119,0.00014764167119119,2.17980630721274e-08,0.000106520287419169,0,0.000100558397493511
A1,AR,None,182,183,6,188,0.982983385032904,0.983187139029466,0.000203753996562028,0.000203753996562028,4.1515691114999e-08,0.000151486367773752,0,0.000134562598926496
A1,AR,None,182,183,7,189,0.979901378718095,0.980171502863657,0.000270124145562156,0.000270124145562156,7.29670540156849e-08,0.000205696325055356,0,0.000165924191327271
A1,AR,None,182,183,8,190,0.976825328058536,0.977177398117406,0.000352070058870835,0.000352070058870835,1.23953326353313e-07,0.000269483174486143,0,0.000197286378778999
A1,AR,None,182,183,9,191,0.973756144554423,0.974198146330232,0.000442001775809442,0.000442001775809442,1.953655698187e-07,0.000340682772304742,0,0.000231821837855029
A1,AR,None,182,183,10,192,0.970694737671067,0.971234287919903,0.000539550248836229,0.000539550248836229,2.91114471019237e-07,0.000419713343934998,0,0.000267291835581995
A1,AR,None,182,183,11,193,0.967642014569399,0.968279801048828,0.000637786479428915,0.000637786479428915,4.06771593342329e-07,0.000506713755447639,0,0.000303612320225188
A1,AR,None,182,183,12,194,0.964598879837156,0.965338745296751,0.000739865459594924,0.000739865459594924,5.47400898301608e-07,0.000604061931121605,0,0.000341122496086338
A1,AR,None,182,183,13,195,0.961566235220837,0.962424151387176,0.000857916166339345,0.000857916166339345,7.36020148466399e-07,0.000709991494864631,0,0.000378784307863811
A1,AR,None,182,183,14,196,0.95854497935849,0.959535538513146,0.000990559154656512,0.000990559154656512,9.81207438873823e-07,0.00082332461700541,0,0.000416158918299769
A1,AR,None,189,190,1,190,0.976825328058536,0.97683624138197,1.09133234340586e-05,1.09133234340586e-05,1.19100628376373e-10,4.14484399705965e-06,0,1.53885725461822e-05
A1,AR,None,189,190,2,191,0.973756144554423,0.97378843091847,3.22863640470628e-05,3.22863640470628e-05,1.04240930337947e-09,1.58264140047449e-05,0,3.73174840866963e-05
A1,AR,None,189,190,3,192,0.970694737671067,0.970755791886672,6.10542156047611e-05,6.10542156047611e-05,3.72761724311265e-09,3.49305160403225e-05,0,6.20442155982448e-05
A1,AR,None,189,190,4,193,0.967642014569399,0.967743848900836,0.000101834331436956,0.000101834331436956,1.03702310592119e-08,6.40480494251009e-05,0,9.06140419482948e-05
A1,AR,None,189,190,5,194,0.964598879837156,0.964746968969888,0.000148089132732121,0.000148089132732121,2.19303912333517e-08,0.000102145421414901,0,0.000122600286911717
A1,AR,None,189,190,6,195,0.961566235220837,0.961769654273202,0.000203419052365428,0.000203419052365428,4.13793108652487e-08,0.000145962196471391,0,0.000159849961133912
A1,AR,None,189,190,7,196,0.95854497935849,0.958822002429208,0.000277023070717752,0.000277023070717752,7.67417817098928e-08,0.00019908043712923,0,0.000196305543273656
A1,AR,None,189,190,8,197,0.955536007513432,0.955896337462243,0.000360329948811078,0.000360329948811078,1.29837672010194e-07,0.000260086223141125,0,0.000233861488548842
A1,AR,None,189,190,9,198,0.952540211308959,0.952985775659077,0.000445564350118666,0.000445564350118666,1.98527590096669e-07,0.000330714626078879,0,0.00027347464219335
A1,AR,None,189,190,10,199,0.949558478464141,0.950097679868459,0.00053920140431829,0.00053920140431829,2.90738154418816e-07,0.000408609153315632,0,0.000317129612407624
A1,AR,None,189,190,11,200,0.946591692530772,0.947234861204261,0.000643168673488903,0.000643168673488903,4.13665942557475e-07,0.000497685220614015,0,0.000357041371887051
A1,AR,None,189,190,12,201,0.943640732631551,0.944402915792485,0.000762183160933905,0.000762183160933905,5.80923170811198e-07,0.000594556210015442,0,0.000407712339636684
A1,AR,None,189,190,13,202,0.940706473199585,0.941596827615999,0.000890354416413941,0.000890354416413941,7.92730986827809e-07,0.000699814065500842,0,0.000455418621335635
A1,AR,None,189,190,14,203,0.937789783719268,0.938825763506243,0.00103597978697478,0.00103597978697478,1.07325411902032e-06,0.000819231483029801,0,0.000496811728459085
A1,AR,None,196,197,1,197,0.955536007513432,0.955550871996409,1.48644829773836e-05,1.48644829773836e-05,2.20952854184928e-10,4.1783442772657e-06,0.75,2.00879103157692e-05
A1,AR,None,196,197,2,198,0.952540211308959,0.952581037121989,4.08258130306649e-05,4.08258130306649e-05,1.66674700961481e-09,1.57720250206612e-05,0,4.7245082363645e-05
A1,AR,None,196,197,3,199,0.949558478464141,0.949634140869004,7.56624048628973e-05,7.56624048628973e-05,5.72479950963699e-09,3.5391192341642e-05,0,8.34122833703599e-05
A1,AR,None,196,197,4,200,0.946591692530772,0.946717239517983,0.000125546987211234,0.000125546987211234,1.57620459978176e-08,6.1585383854448e-05,0,0.000124629882167132
A1,AR,None,196,197,5,201,0.943640732631551,0.943826834543149,0.000186101911597403,0.000186101911597403,3.46339215002075e-08,0.000101000472158809,0,0.000170764392078332
A1,AR,None,196,197,6,202,0.940706473199585,0.940964813814359,0.000258340614774033,0.000258340614774033,6.67398732418253e-08,0.000146572616644921,0,0.000224384097493813
A1,AR,None,196,197,7,203,0.937789783719268,0.938127422700248,0.000337638980979604,0.000337638980979604,1.14000081476946e-07,0.000197771197257519,0,0.000277531747844811
A1,AR,None,196,197,8,204,0.934891528468642,0.935319105956627,0.000427577487984609,0.000427577487984609,1.82822508231229e-07,0.00025892180435814,0,0.000333811986472726
A1,AR,None,196,197,9,205,0.932012566263286,0.932544398882873,0.00053183261958667,0.00053183261958667,2.82845935256419e-07,0.000331454076687289,0,0.000387140105874817
A1,AR,None,196,197,10,206,0.929153750201836,0.929784338922789,0.000630588720952896,0.000630588720952896,3.97642134993009e-07,0.000413719641171909,0,0.00044128077576594
A1,AR,None,196,197,11,207,0.926315927413188,0.927064740282358,0.000748812869169946,0.000748812869169946,5.60720713034526e-07,0.000507269094178629,0,0.00050070109690703
A1,AR,None,196,197,12,208,0.92349993880548,0.924372895355973,0.000872956550492576,0.000872956550492576,7.62053139047898e-07,0.000607584612874016,0,0.000559788426679586
A1,AR,None,196,197,13,209,0.920706618816911,0.921714390610804,0.00100777179389322,0.00100777179389322,1.01560398856676e-06,0.000717749875131966,0,0.000615184860454976
A1,AR,None,196,197,14,210,0.917936795168477,0.919085928353948,0.00114913318547061,0.00114913318547061,1.32050707794983e-06,0.000841476050360192,0,0.00067320474183899
A1,AR,None,203,204,1,204,0.934891528468642,0.93490472187579,1.31934071478934e-05,1.31934071478934e-05,1.74065992170085e-10,4.14834717701194e-06,0.75,2.32619391087596e-05
A1,AR,None,203,204,2,205,0.932012566263286,0.932052268431146,3.97021678593124e-05,3.97021678593124e-05,1.57626213272901e-09,1.75122853846441e-05,0,4.98276978331824e-05
A1,AR,None,203,204,3,206,0.929153750201836,0.929235015724189,8.12655223526582e-05,8.12655223526582e-05,6.60408512325038e-09,4.41102156579251e-05,0,8.22344032976874e-05
A1,AR,None,203,204,4,207,0.926315927413188,0.926451530018725,0.000135602605537022,0.000135602605537022,1.83880666284292e-08,7.98967772824467e-05,0,0.000123396111113644
A1,AR,None,203,204,5,208,0.92349993880548,0.923691479695444,0.000191540889963426,0.000191540889963426,3.66879125279814e-08,0.000125558872842372,0,0.000167017144245746
A1,AR,None,203,204,6,209,0.920706618816911,0.920975477531276,0.000268858714364661,0.000268858714364661,7.22850082898186e-08,0.000181920355490143,0,0.000219014684784496
A1,AR,None,203,204,7,210,0.917936795168477,0.918288644723954,0.000351849555476957,0.000351849555476957,1.23798109689333e-07,0.000245466916620984,0,0.000277452571668502
A1,AR,None,203,204,8,211,0.915191288618705,0.915633574884161,0.000442286265456171,0.000442286265456171,1.95617140611167e-07,0.000325529989804088,0,0.000332167666292044
A1,AR,None,203,204,9,212,0.912470912720436,0.913021365945286,0.000550453224849812,0.000550453224849812,3.02998752747557e-07,0.000419493267891252,0,0.000392460835360264
A1,AR,None,203,204,10,213,0.90977647357976,0.910456329518393,0.00067985593863229,0.00067985593863229,4.62204097293592e-07,0.000529287268146869,0,0.000450951749335543
A1,AR,None,203,204,11,214,0.907108769617147,0.907934872191662,0.000826102574515208,0.000826102574515208,6.82445463620655e-07,0.000646898500581734,0,0.000519782898304066
A1,AR,None,203,204,12,215,0.904468591330852,0.905448217768928,0.000979626438076475,0.000979626438076475,9.59667958178402e-07,0.00077808670250818,0,0.000579552598354655
A1,AR,None,203,204,13,216,0.901856721062683,0.902995244742083,0.00113852367940037,0.00113852367940037,1.29623616855536e-06,0.000918453824093416,0,0.000644573331856663
A1,AR,None,203,204,14,217,0.899273932766168,0.900586773955684,0.00131284118951558,0.00131284118951558,1.72355198888868e-06,0.00107268833081316,0,0.000709421667040994
A1,AR,None,210,211,1,211,0.915191288618705,0.915203165335323,1.18767166186196e-05,1.18767166186196e-05,1.41056397638994e-10,4.61049657589332e-06,0.5,2.55556423172099e-05
A1,AR,None,210,211,2,212,0.912470912720436,0.912510029079626,3.91163591901833e-05,3.91163591901833e-05,1.53008955629544e-09,1.87147894776696e-05,0.25,6.3641568363082e-05
A1,AR,None,210,211,3,213,0.90977647357976,0.909860681120148,8.42075403875153e-05,8.42075403875153e-05,7.09090985811502e-09,4.67854935978951e-05,0,9.80924523526494e-05
A1,AR,None,210,211,4,214,0.907108769617147,0.907257391935973,0.000148622318826397,0.000148622318826397,2.20885936533352e-08,8.86589367805545e-05,0,0.00013818776500546
A1,AR,None,210,211,5,215,0.904468591330852,0.9046812130176,0.000212621686748293,0.000212621686748293,4.52079816756894e-08,0.000141222134469966,0,0.00018274013664113
A1,AR,None,210,211,6,216,0.901856721062683,0.902146769046495,0.000290047983812158,0.000290047983812158,8.41278329134981e-08,0.000207993128921681,0,0.000239806661744724
A1,AR,None,210,211,7,217,0.899273932766168,0.899665101465842,0.000391168699673483,0.000391168699673483,1.53012951604244e-07,0.000291974499156236,0,0.000291220397433956
A1,AR,None,210,211,8,218,0.896720991777222,0.897238033337494,0.000517041560272435,0.000517041560272435,2.67331975048954e-07,0.000384786377136611,0,0.00035803342898777
A1,AR,None,210,211,9,219,0.894198654587355,0.894852726657661,0.000654072070305989,0.000654072070305989,4.27810273154362e-07,0.000490468255246414,0,0.000420082408051636
A1,AR,None,210,211,10,220,0.891707668619514,0.892501267994397,0.000793599374883325,0.000793599374883325,6.29799967815204e-07,0.000603765579838797,0,0.000484093237871547
A1,AR,None,210,211,11,221,0.889248772006601,0.890206422022483,0.000957650015882106,0.000957650015882106,9.17093552918997e-07,0.000726121921727631,0,0.000556753884877997
A1,AR,None,210,211,12,222,0.88682269337275,0.887952481820322,0.00112978844757228,0.00112978844757228,1.27642193626778e-06,0.000863673891306865,0,0.000619515888130473
A1,AR,None,210,211,13,223,0.884430151617419,0.885746486938543,0.00131633532112452,0.00131633532112452,1.73273867763999e-06,0.00101567236288132,0,0.000691207431700064
A1,AR,None,210,211,14,224,0.882071855702365,0.883580719289263,0.00150886358689817,0.00150886358689817,2.27666932386721e-06,0.00117453672311869,0,0.000767821493690563
A1,AR,None,217,218,1,218,0.896720991777222,0.896741253976141,2.02621989198182e-05,2.02621989198182e-05,4.10556705066281e-10,6.64402784875364e-06,0.75,2.94905712330817e-05
A1,AR,None,217,218,2,219,0.894198654587355,0.894259564219622,6.09096322675695e-05,6.09096322675695e-05,3.70998330297055e-09,2.71911970069156e-05,0,6.79978923390778e-05
A1,AR,None,217,218,3,220,0.891707668619514,0.891822873022405,0.000115204402891145,0.000115204402891145,1.32720544455052e-08,6.30182569171596e-05,0,0.000112114741438379
A1,AR,None,217,218,4,221,0.889248772006601,0.889437025630924,0.000188253624322843,0.000188253624322843,3.5439427070686e-08,0.000113785316007832,0,0.000160389487081525
A1,AR,None,217,218,5,222,0.88682269337275,0.88709745719793,0.000274763825180324,0.000274763825180324,7.54951596277237e-08,0.000179192752335479,0,0.00021177091891042
A1,AR,None,217,218,6,223,0.884430151617419,0.884802322655632,0.000372171038213631,0.000372171038213631,1.38511281685012e-07,0.000262356583147026,0,0.000263319127547429
A1,AR,None,217,218,7,224,0.882071855702365,0.882555883830139,0.000484028127774372,0.000484028127774372,2.34283228476764e-07,0.000354180858124033,0,0.000315517963075607
A1,AR,None,217,218,8,225,0.879748504441564,0.880375907216265,0.000627402774701413,0.000627402774701413,3.93634241703032e-07,0.000462788626395831,0,0.000364757990233555
A1,AR,None,217,218,9,226,0.877460786294137,0.878260344870903,0.000799558576765613,0.000799558576765613,6.39293917679453e-07,0.000584027879974582,0,0.000419205960319358
A1,AR,None,217,218,10,227,0.875209379160344,0.876163711911429,0.000954332751085141,0.000954332751085141,9.10750999793733e-07,0.000711287606260939,0,0.000489729517098664
A1,AR,None,217,218,11,228,0.872994950180708,0.874120840716541,0.00112589053583245,0.00112589053583245,1.26762949867709e-06,0.000848519134734598,0,0.000571779724328425
A1,AR,None,217,218,12,229,0.870818155538327,0.87212991978523,0.00131176424690316,0.00131176424690316,1.72072543945341e-06,0.0010001402702555,0,0.00066327579469877
A1,AR,None,217,218,13,230,0.868679640264432,0.87019932756414,0.00151968729970764,0.00151968729970764,2.3094494888927e-06,0.0011709766156759,0,0.00074570146502409
A1,AR,None,217,218,14,231,0.866580038047253,0.868316320726052,0.00173628267879933,0.00173628267879933,3.01467754069857e-06,0.00134701315794857,0,0.000837695056813081
A1,AR,None,224,225,1,225,0.879748504441564,0.879769922849242,2.14184076783308e-05,2.14184076783308e-05,4.5874818747518e-10,6.1659761840718e-06,0.75,3.24452804023601e-05
A1,AR,None,224,225,2,226,0.877460786294137,0.877517524789016,5.67384948787497e-05,5.67384948787497e-05,3.21925680110591e-09,1.88023407729949e-05,0.5,7.78366619040294e-05
A1,AR,None,224,225,3,227,0.875209379160344,0.875313084714995,0.000103705554650446,0.000103705554650446,1.07548420653567e-08,4.51926877678631e-05,0,0.000124315929380864
A1,AR,None,224,225,4,228,0.872994950180708,0.873165627737203,0.00017067755649447,0.00017067755649447,2.91308282909229e-08,8.48974779413906e-05,0,0.000184293574642308
A1,AR,None,224,225,5,229,0.870818155538327,0.871064151143403,0.000245995605076099,0.000245995605076099,6.05138377167562e-08,0.000143946540909565,0,0.000229252415864328
A1,AR,None,224,225,6,230,0.868679640264432,0.86902451191899,0.000344871654557433,0.000344871654557433,1.18936458117181e-07,0.000216598342196264,0,0.000289957440324423
A1,AR,None,224,225,7,231,0.866580038047253,0.86703669678942,0.000456658742167604,0.000456658742167604,2.08537206798098e-07,0.000308865141691318,0,0.000357306077686831
A1,AR,None,224,225,8,232,0.864519971044239,0.865100652718784,0.000580681674545058,0.000580681674545058,3.37191207152453e-07,0.000401962845890965,0,0.000445150296081748
A1,AR,None,224,225,9,233,0.862500049697702,0.863212666749825,0.000712617052122222,0.000712617052122222,5.07823062975366e-07,0.000515252631745772,0,0.000522685159091069
A1,AR,None,224,225,10,234,0.860520872553933,0.861378966105901,0.000858093551968531,0.000858093551968531,7.36324543929969e-07,0.000646472343051042,0,0.000599717545342743
A1,AR,None,224,225,11,235,0.858583026085831,0.859585959860491,0.00100293377465921,0.00100293377465921,1.00587615635217e-06,0.000796723524384386,0,0.000687219094732239
A1,AR,None,224,225,12,236,0.856687084519129,0.857864138478174,0.00117705395904499,0.00117705395904499,1.38545602250349e-06,0.000956819617319298,0,0.000781231732414178
A1,AR,None,224,225,13,237,0.85483360966223,0.85619475732818,0.0013611476659503,0.0013611476659503,1.85272296852195e-06,0.00112412830128671,0,0.000873275805929358
A1,AR,None,224,225,14,238,0.853023150739735,0.854591357638342,0.00156820689860693,0.00156820689860693,2.45927287683836e-06,0.00130338035511612,0,0.000971639110377148
A1,AR,None,231,232,1,232,0.864519971044239,0.864539472176603,1.95011323642635e-05,1.95011323642635e-05,3.80294163488527e-10,6.19157751345788e-06,0.75,3.02851019604589e-05
A1,AR,None,231,232,2,233,0.862500049697702,0.862551011227259,5.09615295565258e-05,5.09615295565258e-05,2.59707749474065e-09,2.27763592345745e-05,0,6.95532139939059e-05
A1,AR,None,231,232,3,234,0.860520872553933,0.860623283953865,0.0001024113999325,0.0001024113999325,1.04880948361346e-08,4.99154456744132e-05,0,0.000115734498935566
A1,AR,None,231,232,4,235,0.858583026085831,0.858740781555123,0.000157755469291421,0.000157755469291421,2.48867880913564e-08,9.32212792963417e-05,0,0.000160403711758128
A1,AR,None,231,232,5,236,0.856687084519129,0.856922587083093,0.000235502563963541,0.000235502563963541,5.54614576334018e-08,0.000150056029333836,0,0.000207740565751013
A1,AR,None,231,232,6,237,0.85483360966223,0.855151939168552,0.00031832950632249,0.00031832950632249,1.0133367459552e-07,0.000217429207673466,0,0.000273452102601074
A1,AR,None,231,232,7,238,0.853023150739735,0.853435516563186,0.000412365823450944,0.000412365823450944,1.70045572350375e-07,0.000296907642845208,0,0.000338561602886117
A1,AR,None,231,232,8,239,0.851256244229696,0.851779553401997,0.000523309172300701,0.000523309172300701,2.73852489814045e-07,0.000386491867316172,0,0.000420928629407985
A1,AR,None,231,232,9,240,0.849533413704645,0.850182073733017,0.000648660028371273,0.000648660028371273,4.20759832406621e-07,0.000493243265625583,0,0.000494672365391746
A1,AR,None,231,232,10,241,0.847855169676449,0.848650770886379,0.000795601209929941,0.000795601209929941,6.32981285241987e-07,0.000613228608321152,0,0.000578020315495753
A1,AR,None,231,232,11,242,0.846222009445031,0.847171798779371,0.00094978933434009,0.00094978933434009,9.02099779626191e-07,0.000747728138222876,0,0.00066548117776144
A1,AR,None,231,232,12,243,0.844634416951016,0.845745829822904,0.00111141287188798,0.00111141287188798,1.2352385717983e-06,0.000892771689049153,0,0.000760510125949881
A1,AR,None,231,232,13,244,0.843092862632322,0.844403815845375,0.00131095321305341,0.00131095321305341,1.71859832681506e-06,0.00105692498252273,0,0.000850028404726588
A1,AR,None,231,232,14,245,0.841597803284764,0.843107614836859,0.00150981155209562,0.00150981155209562,2.27953092284138e-06,0.00122994356854952,0,0.000928217943869936
A1,AR,None,238,239,1,239,0.851256244229696,0.851273354773172,1.71105434757512e-05,1.71105434757512e-05,2.92770698035574e-10,5.09241637968912e-06,0.75,2.95346127303919e-05
A1,AR,None,238,239,2,240,0.849533413704645,0.84957735286951,4.39391648644483e-05,4.39391648644483e-05,1.93065020898516e-09,1.62087070923868e-05,0.25,7.14086367247513e-05
A1,AR,None,238,239,3,241,0.847855169676449,0.847941013741465,8.58440650165493e-05,8.58440650165493e-05,7.36920349856554e-09,3.60939473538879e-05,0,0.000122316663356131
A1,AR,None,238,239,4,242,0.846222009445031,0.846361189043404,0.00013917959837273,0.00013917959837273,1.93709606031943e-08,7.01860611716182e-05,0,0.000175300794021893
A1,AR,None,238,239,5,243,0.844634416951016,0.844840009313139,0.000205592362122586,0.000205592362122586,4.22682193631447e-08,0.000117780344099055,0,0.000237507979357066
A1,AR,None,238,239,6,244,0.843092862632322,0.843383033041845,0.000290170409523172,0.000290170409523172,8.41988665628451e-08,0.000174341790401635,0,0.00030514794072431
A1,AR,None,238,239,7,245,0.841597803284764,0.841976939773321,0.000379136488557141,0.000379136488557141,1.43744476955439e-07,0.000236450327272965,0,0.000377774247812129
A1,AR,None,238,239,8,246,0.840149681926691,0.840635328534275,0.000485646607583989,0.000485646607583989,2.35852627457837e-07,0.000317051082802605,0,0.000446144554126449
A1,AR,None,238,239,9,247,0.838748927667716,0.839352356450807,0.000603428783090387,0.000603428783090387,3.64126296261946e-07,0.000406135710840989,0,0.000527411349123291
A1,AR,None,238,239,10,248,0.837395955581557,0.838138158338571,0.000742202757013866,0.000742202757013866,5.50864932518983e-07,0.000503211464639923,0,0.000616266709003055
A1,AR,None,238,239,11,249,0.836091166583041,0.836977213598847,0.000886047015806302,0.000886047015806302,7.85079314219253e-07,0.000613114927472636,0,0.000708080879598699
A1,AR,None,238,239,12,250,0.834834947309309,0.835864068359932,0.00102912105062247,0.00102912105062247,1.0590901368343e-06,0.000729038265935303,0,0.000803738276249105
A1,AR,None,238,239,13,251,0.833627670005243,0.834822410637787,0.00119474063254377,0.00119474063254377,1.42740517905108e-06,0.000862581284909678,0,0.000901271466438341
A1,AR,None,238,239,14,252,0.832469692413164,0.8338504559151,0.00138076350193661,0.00138076350193661,1.90650784828025e-06,0.00101530445524158,0,0.000991465748549414
A1,AR,None,245,246,1,246,0.840149681926691,0.840160868080257,1.11861535654345e-05,1.11861535654345e-05,1.25130031589483e-10,3.48662094283735e-06,1,2.59824792269991e-05
A1,AR,None,245,246,2,247,0.838748927667716,0.838778523498825,2.95958311086197e-05,2.95958311086197e-05,8.75913219009944e-10,1.04495641588622e-05,0.5,6.26575421342201e-05
A1,AR,None,245,246,3,248,0.837395955581557,0.837458637465625,6.26818840683274e-05,6.26818840683274e-05,3.92901859035524e-09,2.44111423950428e-05,0.25,9.86933678721602e-05
A1,AR,None,245,246,4,249,0.836091166583041,0.836205354403985,0.000114187820943856,0.000114187820943856,1.30388584519062e-08,4.75887046423016e-05,0.25,0.000149956332653356
A1,AR,None,245,246,5,250,0.834834947309309,0.83500375329443,0.000168805985121034,0.000168805985121034,2.84954606126829e-08,7.29555890896757e-05,0.25,0.000214562164309956
A1,AR,None,245,246,6,251,0.833627670005243,0.833855533866415,0.000227863861172017,0.000227863861172017,5.19219392282204e-08,0.000104501048180805,0.25,0.000289474593362621
A1,AR,None,245,246,7,252,0.832469692413164,0.832787463846671,0.000317771433507308,0.000317771433507308,1.00978683953289e-07,0.000146411152694026,0.25,0.000363963620930413
A1,AR,None,245,246,8,253,0.831361357666822,0.83177667895386,0.000415321287037473,0.000415321287037473,1.72491771466463e-07,0.000195902154667755,0,0.000452240473177296
A1,AR,None,245,246,9,254,0.830302994189724,0.830822741944428,0.000519747754703204,0.000519747754703204,2.70137728519022e-07,0.000250345090836268,0,0.00054226315701425
A1,AR,None,245,246,10,255,0.829294915597809,0.829909658746609,0.00061474314879939,0.00061474314879939,3.77909138995789e-07,0.00030781419783001,0,0.000645331694194007
A1,AR,None,245,246,11,256,0.82833742060652,0.829059039641822,0.000721619035302101,0.000721619035302101,5.20734032110335e-07,0.000379807666080344,0,0.000748143999896228
A1,AR,None,245,246,12,257,0.827430792942287,0.828278807540002,0.000848014597714997,0.000848014597714997,7.19128757937728e-07,0.000461265967091328,0,0.000857597846302904
A1,AR,None,245,246,13,258,0.826575301258453,0.827563667051881,0.000988365793428203,0.000988365793428203,9.76866941618961e-07,0.000551713188778427,0,0.000967234559155733
A1,AR,None,245,246,14,259,0.825771199055668,0.826919009444425,0.00114781038875611,0.00114781038875611,1.31746868853645e-06,0.000654269204257688,0,0.00107757911150672
A1,AR,None,252,253,1,253,0.831361357666822,0.831368604767374,7.24710055188815e-06,7.24710055188815e-06,5.25204664091776e-11,2.69981657890926e-06,1,2.19100646969561e-05
A1,AR,None,252,253,2,254,0.830302994189724,0.830321463779805,1.84695900803389e-05,1.84695900803389e-05,3.41125757735752e-10,7.5381704293319e-06,0.75,5.31318888291332e-05
A1,AR,None,252,253,3,255,0.829294915597809,0.829337489607781,4.2574009971541e-05,4.2574009971541e-05,1.81254632505688e-09,1.69706070271792e-05,0.25,8.71619323832284e-05
A1,AR,None,252,253,4,256,0.82833742060652,0.828412437927334,7.50173208138305e-05,7.50173208138305e-05,5.62759842208517e-09,3.06518067986458e-05,0.25,0.000122420384957356
A1,AR,None,252,253,5,257,0.827430792942287,0.827539573641992,0.000108780699705546,0.000108780699705546,1.18332406284282e-08,4.90205371681287e-05,0.25,0.000168667746587803
A1,AR,None,252,253,6,258,0.826575301258453,0.826726552428024,0.000151251169570377,0.000151251169570377,2.28769162964068e-08,7.51276765047295e-05,0.25,0.000212020014949493
A1,AR,None,252,253,7,259,0.825771199055668,0.825967028242753,0.000195829187084606,0.000195829187084606,3.83490705142177e-08,9.8646429925355e-05,0.25,0.000264234533932289
A1,AR,None,252,253,8,260,0.825018724606769,0.82526513527953,0.000246410672760877,0.000246410672760877,6.07182196504681e-08,0.000132747660061612,0,0.000321320594211111
A1,AR,None,252,253,9,261,0.824318100886174,0.824622542899853,0.000304442013679518,0.000304442013679518,9.26849396932397e-08,0.000171914552992969,0,0.000371568598598077
A1,AR,None,252,253,10,262,0.823669535503812,0.824051744639616,0.00038220913580389,0.00038220913580389,1.46083823491957e-07,0.00021324143847737,0,0.00043378026922436
A1,AR,None,252,253,11,263,0.823073220643603,0.823527610138248,0.000454389494645047,0.000454389494645047,2.06469812843781e-07,0.000261506210394924,0,0.00049918229002538
A1,AR,None,252,253,12,264,0.822529333006511,0.823046477572187,0.000517144565676086,0.000517144565676086,2.67438501808308e-07,0.000309736535371994,0,0.000559947417232531
A1,AR,None,252,253,13,265,0.822038033758179,0.822636883251446,0.000598849493267273,0.000598849493267273,3.58620715586469e-07,0.000368485551883808,0,0.000622689533038262
A1,AR,None,252,253,14,266,0.821599468481178,0.822292537856703,0.00069306937552438,0.00069306937552438,4.80345159289754e-07,0.00043431848896291,0,0.000689791911941684
A1,AR,None,259,260,1,260,0.825018724606769,0.825018883476203,1.58869434052633e-07,1.58869434052633e-07,2.52394970762039e-14,1.42829344250941e-06,1,1.69408926252723e-05
A1,AR,None,259,260,2,261,0.824318100886174,0.824327075119862,8.9742336879528e-06,8.9742336879528e-06,8.0536870285987e-11,4.09324999441907e-06,1,3.987930590163e-05
A1,AR,None,259,260,3,262,0.823669535503812,0.823689358896712,1.98233929002978e-05,1.98233929002978e-05,3.92966906079576e-10,7.39153634060815e-06,0.75,6.74073236264505e-05
A1,AR,None,259,260,4,263,0.823073220643603,0.823104799756641,3.15791130376386e-05,3.15791130376386e-05,9.97240380243957e-10,1.17280384446669e-05,0.75,9.62622685366787e-05
A1,AR,None,259,260,5,264,0.822529333006511,0.822573300496505,4.39674899943565e-05,4.39674899943565e-05,1.93314017640384e-09,1.68009882316016e-05,0.75,0.000124981004554214
A1,AR,None,259,260,6,265,0.822038033758179,0.822089748438024,5.17146798448831e-05,5.17146798448831e-05,2.67440811145876e-09,2.14199516063928e-05,0.75,0.000151236608132238
A1,AR,None,259,260,7,266,0.821599468481178,0.821670936311012,7.14678298333604e-05,7.14678298333604e-05,5.10765070109016e-09,3.23665696375147e-05,0.5,0.000179271987212515
A1,AR,None,259,260,8,267,0.821213767131865,0.821312483968001,9.8716836136048e-05,9.8716836136048e-05,9.74501373671135e-09,4.27995420705559e-05,0.5,0.000212268356794193
A1,AR,None,259,260,9,268,0.820881044001874,0.82100926945178,0.000128225449905872,0.000128225449905872,1.64417660035633e-08,5.61236888490882e-05,0.25,0.000237630542702233
A1,AR,None,259,260,10,269,0.820601397684249,0.820757580418149,0.00015618273389939,0.00015618273389939,2.43930463682878e-08,7.40737369360823e-05,0,0.000267285024824232
A1,AR,None,259,260,11,270,0.820374911044229,0.820556603942259,0.000181692898029273,0.000181692898029273,3.30123091942758e-08,9.17378111769976e-05,0,0.000301031693480808
A1,AR,None,259,260,12,271,0.820201651194694,0.820405835211447,0.000204184016753262,0.000204184016753262,4.16911126974962e-08,0.000109568206890459,0,0.000339701287264099
A1,AR,None,259,260,13,272,0.820081669476276,0.820316158653297,0.000234489177021291,0.000234489177021291,5.49851741401223e-08,0.000128832776387823,0,0.000381066486548398
A1,AR,None,259,260,14,273,0.820015001442147,0.820292687355474,0.000277685913326442,0.000277685913326442,7.71094664599403e-08,0.000148501338555392,0,0.000430580156185578
A1,AR,None,266,267,1,267,0.821213767131865,0.821212885703035,-8.81428830257214e-07,8.81428830257214e-07,7.769167828086e-13,1.07220551472325e-06,1,1.22443073815315e-05
A1,AR,None,266,267,2,268,0.820881044001874,0.820878785584587,-2.25841728707099e-06,2.25841728707099e-06,5.10044864254109e-12,2.19780489335266e-06,1,2.91648823336488e-05
A1,AR,None,266,267,3,269,0.820601397684249,0.82059677949381,-4.61819043984235e-06,4.61819043984235e-06,2.13276829386513e-11,3.78887519266612e-06,1,4.65292754896762e-05
A1,AR,None,266,267,4,270,0.820374911044229,0.820367494580343,-7.41646388668915e-06,7.41646388668915e-06,5.50039365825643e-11,5.63210112157147e-06,1,6.81282576678877e-05
A1,AR,None,266,267,5,271,0.820201651194694,0.820186025104135,-1.56260905592731e-05,1.56260905592731e-05,2.44174706166604e-10,8.54546483303002e-06,1,9.46392707725507e-05
A1,AR,None,266,267,6,272,0.820081669476276,0.820056434571933,-2.5234904342919e-05,2.5234904342919e-05,6.36800397196271e-10,1.15019450735899e-05,1,0.000121451036097231
A1,AR,None,266,267,7,273,0.820015001442147,0.8199837127014,-3.1288740747204e-05,3.1288740747204e-05,9.78985297545744e-10,1.47331699089759e-05,1,0.00015737748870745
A1,AR,None,266,267,8,274,0.820001666847486,0.819959288476552,-4.23783709341263e-05,4.23783709341263e-05,1.7959263230304e-09,1.80427679184574e-05,1,0.000192884689799305
A1,AR,None,266,267,9,275,0.82004166964362,0.819984860618059,-5.68090255607112e-05,5.68090255607112e-05,3.22726538515754e-09,2.23862974986407e-05,1,0.000234726603420193
A1,AR,None,266,267,10,276,0.820134997976857,0.820065073902473,-6.9924074384442e-05,6.9924074384442e-05,4.88937617852098e-09,2.69808864774407e-05,1,0.000279802460740136
A1,AR,None,266,267,11,277,0.820281624191998,0.820201500935177,-8.01232568217181e-05,8.01232568217181e-05,6.41973628371899e-09,3.13542565473199e-05,0.75,0.000325000832371913
A1,AR,None,266,267,12,278,0.820481504840532,0.820388306198523,-9.31986420086295e-05,9.31986420086295e-05,8.68598687225268e-09,3.70270438638452e-05,0.75,0.000365934842212839
A1,AR,None,266,267,13,279,0.820734580693508,0.820637213490072,-9.73672034356721e-05,9.73672034356721e-05,9.48037230488355e-09,3.93395179589923e-05,0.75,0.000410154583635969
A1,AR,None,266,267,14,280,0.821040776759089,0.820929044967803,-0.000111731791285985,0.000111731791285985,1.24839931839749e-08,4.44958573062938e-05,0.75,0.000460131972048472
A1,AR,None,273,274,1,274,0.820001666847486,0.819997416450552,-4.25039693374707e-06,4.25039693374707e-06,1.80658740944065e-11,1.45191040189692e-06,0.75,1.1398112291533e-05
A1,AR,None,273,274,2,275,0.82004166964362,0.820028510845581,-1.31587980385373e-05,1.31587980385373e-05,1.73153965819012e-10,5.62030075562782e-06,0.5,2.46413516585553e-05
A1,AR,None,273,274,3,276,0.820134997976857,0.820107090443736,-2.79075331205414e-05,2.79075331205414e-05,7.78830404874115e-10,1.18614124980191e-05,0.25,4.04336080175594e-05
A1,AR,None,273,274,4,277,0.820281624191998,0.820234245239145,-4.73789528534496e-05,4.73789528534496e-05,2.2447651734894e-09,2.07604104521919e-05,0,5.96105526511903e-05
A1,AR,None,273,274,5,278,0.820481504840532,0.820412796451434,-6.87083890982265e-05,6.87083890982265e-05,4.72084273247329e-09,3.37238172166101e-05,0,8.28921535647176e-05
A1,AR,None,273,274,6,279,0.820734580693508,0.820639657419979,-9.49232735287797e-05,9.49232735287797e-05,9.01042785741953e-09,4.99450741111542e-05,0,0.000110415997798569
A1,AR,None,273,274,7,280,0.821040776759089,0.82091233692855,-0.000128439830538563,0.000128439830538563,1.64967900687747e-08,7.12262845689852e-05,0,0.000139598358212728
A1,AR,None,273,274,8,281,0.821400002304772,0.82123989997531,-0.000160102329461731,0.000160102329461731,2.56327558990726e-08,9.49538088747302e-05,0,0.000167369562738495
A1,AR,None,273,274,9,282,0.821812150884276,0.821612135346597,-0.000200015537679343,0.000200015537679343,4.00062153131568e-08,0.000121634436344784,0,0.000196105889545356
A1,AR,None,273,274,10,283,0.822277100369082,0.822033780704541,-0.00024331966454183,0.00024331966454183,5.92044591527487e-08,0.000153015361056699,0,0.000227545171441829
A1,AR,None,273,274,11,284,0.822794712984623,0.822501459836093,-0.000293253148530681,0.000293253148530681,8.59974091231577e-08,0.000188392145033825,0,0.00026229127758759
A1,AR,None,273,274,12,285,0.82336483535111,0.823017758991368,-0.00034707635974196,0.00034707635974196,1.20461999491731e-07,0.000229843759689088,0,0.00029713787812144
A1,AR,None,273,274,13,286,0.823987298528982,0.823585775738014,-0.000401522790967723,0.000401522790967723,1.6122055166651e-07,0.000276100515306777,0,0.000333135878548052
A1,AR,None,273,274,14,287,0.824661918068964,0.824205941569608,-0.000455976499356359,0.000455976499356359,2.07914567965279e-07,0.000323145584138636,0,0.000370500474835195
A1,AR,None,280,281,1,281,0.821400002304772,0.821391440454752,-8.56185002007237e-06,8.56185002007237e-06,7.33052757662132e-11,3.09511800385101e-06,0.5,1.22637345404131e-05
A1,AR,None,280,281,2,282,0.821812150884276,0.821789350628901,-2.28002553757101e-05,2.28002553757101e-05,5.19851645197596e-10,1.2529537962622e-05,0,2.68988644569201e-05
A1,AR,None,280,281,3,283,0.822277100369082,0.8222300076413,-4.70927277823607e-05,4.70927277823607e-05,2.21772500998353e-09,2.98518551128896e-05,0,4.12834229920056e-05
A1,AR,None,280,281,4,284,0.822794712984623,0.822716296920963,-7.84160636602138e-05,7.84160636602138e-05,6.1490790399627e-09,5.51754624048951e-05,0,5.57516045199269e-05
A1,AR,None,280,281,5,285,0.82336483535111,0.823250980603737,-0.000113854747373465,0.000113854747373465,1.29629034994756e-08,8.52045246260887e-05,0,7.46676929332946e-05
A1,AR,None,280,281,6,286,0.823987298528982,0.823828330472974,-0.000158968056008013,0.000158968056008013,2.52708428309668e-08,0.000120449209552492,0,9.89951234806052e-05
A1,AR,None,280,281,7,287,0.824661918068964,0.824450643207567,-0.000211274861397159,0.000211274861397159,4.46370670583889e-08,0.0001644535362182,0,0.000123074079917213
A1,AR,None,280,281,8,288,0.825388494066729,0.825122270165209,-0.000266223901519425,0.000266223901519425,7.08751657402243e-08,0.000210301770439294,0,0.000151384359211443
A1,AR,None,280,281,9,289,0.826166811222126,0.825840767269946,-0.000326043952180055,0.000326043952180055,1.0630465875319e-07,0.000264370473519051,0,0.000177511018888077
A1,AR,None,280,281,10,290,0.826996638902986,0.826600682968502,-0.000395955934484049,0.000395955934484049,1.56781102053137e-07,0.000323062827901294,0,0.000207050544280857
A1,AR,None,280,281,11,291,0.827877731213457,0.82740623715553,-0.000471494057926791,0.000471494057926791,2.22306646660272e-07,0.000388168243392388,0,0.000240884629488264
A1,AR,None,280,281,12,292,0.828809827066872,0.828263772944524,-0.000546054122347983,0.000546054122347983,2.98175104533226e-07,0.000454447097539464,0,0.000280477237777688
A1,AR,None,280,281,13,293,0.829792650263114,0.829160531692548,-0.000632118570566775,0.000632118570566775,3.99573887255383e-07,0.000524821050507739,0,0.000320346393210963
A1,AR,None,280,281,14,294,0.830825909570459,0.830107106790413,-0.000718802780045658,0.000718802780045658,5.16677436601366e-07,0.00060253334227802,0,0.000359366125816885
A1,AR,None,287,288,1,288,0.825388494066729,0.825377603147516,-1.08909192128026e-05,1.08909192128026e-05,1.18612121299793e-10,3.96514230571311e-06,0.75,1.43091311858856e-05
A1,AR,None,287,288,2,289,0.826166811222126,0.826135110645505,-3.17005766209411e-05,3.17005766209411e-05,1.00492655810015e-09,1.37708806232286e-05,0,3.23632431223075e-05
A1,AR,None,287,288,3,290,0.826996638902986,0.826937709735555,-5.89291674303327e-05,5.89291674303327e-05,3.47264677403219e-09,3.3815975251857e-05,0,5.33002214521405e-05
A1,AR,None,287,288,4,291,0.827877731213457,0.827780062456011,-9.76687574462121e-05,9.76687574462121e-05,9.539186181087e-09,6.03098234043648e-05,0,7.61975985502927e-05
A1,AR,None,287,288,5,292,0.828809827066872,0.82866797542637,-0.000141851640501955,0.000141851640501955,2.0121887913096e-08,9.16548870658211e-05,0,0.000106151940306137
A1,AR,None,287,288,6,293,0.829792650263114,0.829594088946465,-0.000198561316649526,0.000198561316649526,3.94265964695933e-08,0.000133635640578805,0,0.000135082207545101
A1,AR,None,287,288,7,294,0.830825909570459,0.830563030858361,-0.000262878712097958,0.000262878712097958,6.91052172742811e-08,0.00018378618961507,0,0.000164111564597003
A1,AR,None,287,288,8,295,0.831909298811873,0.831581031271264,-0.000328267540609106,0.000328267540609106,1.07759578217551e-07,0.000241386000658491,0,0.000192629762065244
A1,AR,None,287,288,9,296,0.833042496955745,0.832639152939818,-0.000403344015926677,0.000403344015926677,1.62686395183859e-07,0.000306928189590267,0,0.00022170458759177
A1,AR,None,287,288,10,297,0.834225168211006,0.833730541204982,-0.000494627006023429,0.000494627006023429,2.44655875087702e-07,0.000378698556576582,0,0.000256361310740083
A1,AR,None,287,288,11,298,0.83545696212664,0.834877149821782,-0.000579812304858374,0.000579812304858374,3.3618230886518e-07,0.000459013047034814,0,0.000290612627859288
A1,AR,None,287,288,12,299,0.836737513695526,0.836054754798567,-0.000682758896958457,0.000682758896958457,4.6615971137593e-07,0.000546416593199446,0,0.000323263499765941
A1,AR,None,287,288,13,300,0.838066443462596,0.83727049428816,-0.000795949174436039,0.000795949174436039,6.33535088285412e-07,0.000642240365513732,0,0.000356589479484692
A1,AR,None,287,288,14,301,0.839443357637281,0.838524198922498,-0.00091915871478343,0.00091915871478343,8.44852742962327e-07,0.000744462058343246,0,0.000397160195839963
A1,AR,None,294,295,1,295,0.831909298811873,0.831897493340702,-1.18054711715221e-05,1.18054711715221e-05,1.39369149581639e-10,3.24389475232254e-06,0.75,1.76662150595253e-05
A1,AR,None,294,295,2,296,0.833042496955745,0.833010507679329,-3.19892764155671e-05,3.19892764155671e-05,1.02331380559156e-09,1.09421939435663e-05,0.5,4.06989175837369e-05
A1,AR,None,294,295,3,297,0.834225168211006,0.834164011070579,-6.11571404263156e-05,6.11571404263156e-05,3.74019582512409e-09,2.61091750905952e-05,0.25,7.099316509937e-05
A1,AR,None,294,295,4,298,0.83545696212664,0.835364846905445,-9.21152211950105e-05,9.21152211950105e-05,8.48521397580571e-09,4.67299983112025e-05,0.25,0.000106187054389861
A1,AR,None,294,295,5,299,0.836737513695526,0.83659916525311,-0.000138348442415559,0.000138348442415559,1.91402915188112e-08,7.20992275901019e-05,0.25,0.000147707029195254
A1,AR,None,294,295,6,300,0.838066443462596,0.837874433379153,-0.000192010083443606,0.000192010083443606,3.68678721440204e-08,0.000106200024455419,0,0.00019166385493255
A1,AR,None,294,295,7,301,0.839443357637281,0.839199522188563,-0.00024383544871831,0.00024383544871831,5.94557260516597e-08,0.000150137745845991,0,0.000233292350157788
A1,AR,None,294,295,8,302,0.840867848210195,0.840553756861855,-0.000314091348339929,0.000314091348339929,9.86533751019945e-08,0.000199924071679272,0,0.000274556440250179
A1,AR,None,294,295,9,303,0.842339493074036,0.841938572504348,-0.00040092056968799,0.00040092056968799,1.60737303198943e-07,0.000258064991732406,0,0.000322166409948588
A1,AR,None,294,295,10,304,0.843857856148672,0.84336657932102,-0.000491276827652598,0.000491276827652598,2.41352921388401e-07,0.000323751763967125,0,0.000374878192660077
A1,AR,None,294,295,11,305,0.845422487510355,0.844842700416109,-0.000579787094246109,0.000579787094246109,3.36153074654347e-07,0.00039210692320893,0,0.000434975503631252
A1,AR,None,294,295,12,306,0.847032923525045,0.846348589078312,-0.000684334446733104,0.000684334446733104,4.68313634985503e-07,0.000463416021897228,0,0.000500015901223727
A1,AR,None,294,295,13,307,0.848688686985794,0.84788533666797,-0.000803350317824414,0.000803350317824414,6.45371733148587e-07,0.000540020714673151,0,0.000567437152592082
A1,AR,None,294,295,14,308,0.850389287254155,0.849465418743851,-0.000923868510303349,0.000923868510303349,8.5353302433013e-07,0.000621267840426179,0,0.000641414408916352
A1,AR,None,301,302,1,302,0.840867848210195,0.840854931575812,-1.29166343827425e-05,1.29166343827425e-05,1.66839443777445e-10,4.19392841344044e-06,0.75,1.82403069791393e-05
A1,AR,None,301,302,2,303,0.842339493074036,0.842303939226185,-3.55538478509221e-05,3.55538478509221e-05,1.26407609700652e-09,1.11735437405916e-05,0.5,4.22854637487369e-05
A1,AR,None,301,302,3,304,0.843857856148672,0.843790391761303,-6.74643873694869e-05,6.74643873694869e-05,4.55144356314018e-09,2.67464947650873e-05,0,7.10658934162944e-05
A1,AR,None,301,302,4,305,0.845422487510355,0.845319734330272,-0.000102753180083237,0.000102753180083237,1.05582160172182e-08,4.83696400221383e-05,0,0.000102739275486402
A1,AR,None,301,302,5,306,0.847032923525045,0.846884729174075,-0.000148194350970021,0.000148194350970021,2.19615656594258e-08,7.92971663871834e-05,0,0.000139263466090694
A1,AR,None,301,302,6,307,0.848688686985794,0.848485791801956,-0.000202895183838203,0.000202895183838203,4.11664556247383e-08,0.000112677903347307,0,0.000181154233919623
A1,AR,None,301,302,7,308,0.850389287254155,0.850127305000229,-0.000261982253925375,0.000261982253925375,6.86347013718195e-08,0.000155422692467349,0,0.000229168011850994
A1,AR,None,301,302,8,309,0.852134220405565,0.851803053547642,-0.000331166857923892,0.000331166857923892,1.09671487787184e-07,0.000200904467810342,0,0.000280287948682012
A1,AR,None,301,302,9,310,0.853922969378675,0.853520206648959,-0.000402762729715622,0.000402762729715622,1.62217816447979e-07,0.000252754726924864,0,0.000331210321889097
A1,AR,None,301,302,10,311,0.855755004128558,0.855274123786482,-0.000480880342075829,0.000480880342075829,2.31245903394966e-07,0.000307531249968627,0,0.000392219932438875
A1,AR,None,301,302,11,312,0.85762978178378,0.857058650255813,-0.000571131527967061,0.000571131527967061,3.2619122223799e-07,0.000366735900148346,0,0.000448284819442091
A1,AR,None,301,302,12,313,0.85954674680726,0.858880907931552,-0.000665838875708036,0.000665838875708036,4.43341408404141e-07,0.000435383633340949,0,0.000505675050051058
A1,AR,None,301,302,13,314,0.861505331160891,0.860734335472868,-0.000770995688023413,0.000770995688023413,5.94434350950695e-07,0.000505796091948042,0,0.000564785596526896
A1,AR,None,301,302,14,315,0.863504954473859,0.862619293925144,-0.00088566054871464,0.00088566054871464,7.84394607549517e-07,0.000578844807264511,0,0.000626267434997801
A1,AR,None,308,309,1,309,0.852134220405565,0.852123359766352,-1.08606392135169e-05,1.08606392135169e-05,1.1795348412618e-10,2.94534524058538e-06,1,2.09575865101896e-05
A1,AR,None,308,309,2,310,0.853922969378675,0.853899382409876,-2.35869687993384e-05,2.35869687993384e-05,5.56345097140964e-10,7.42995323970584e-06,0.75,4.66761533662874e-05
A1,AR,None,308,309,3,311,0.855755004128558,0.855709951029846,-4.50530987126108e-05,4.50530987126108e-05,2.02978170360825e-09,1.51982458300411e-05,0.75,8.07189069997327e-05
A1,AR,None,308,309,4,312,0.85762978178378,0.85755692683596,-7.28549478202778e-05,7.28549478202778e-05,5.3078434218954e-09,2.72963632062115e-05,0.5,0.00013012719993824
A1,AR,None,308,309,5,313,0.85954674680726,0.859429708803539,-0.000117038003721759,0.000117038003721759,1.36978943151744e-08,4.29753990112679e-05,0.5,0.000180028982766145
A1,AR,None,308,309,6,314,0.861505331160891,0.861347624548289,-0.000157706612601949,0.000157706612601949,2.48713756583812e-08,5.98566573562967e-05,0.5,0.000239093672760177
A1,AR,None,308,309,7,315,0.863504954473859,0.863293641564454,-0.000211312909405015,0.000211312909405015,4.4653145681212e-08,7.98881497358665e-05,0.5,0.00030416816155765
A1,AR,None,308,309,8,316,0.86554502421462,0.865269321034691,-0.000275703179929088,0.000275703179929088,7.60122434230109e-08,0.000103927603136485,0.5,0.000368133887042266
A1,AR,None,308,309,9,317,0.867624935866483,0.867295362608152,-0.000329573258330718,0.000329573258330718,1.08618532606726e-07,0.000130332762063602,0.5,0.000429760596006995
A1,AR,None,308,309,10,318,0.869744073106736,0.869359389886648,-0.000384683220087334,0.000384683220087334,1.4798117981676e-07,0.000159160456205662,0.5,0.000495940074257656
A1,AR,None,308,309,11,319,0.871901807989281,0.871454607598762,-0.000447200390518043,0.000447200390518043,1.9998818927949e-07,0.000191365395751115,0.25,0.000574023843247035
A1,AR,None,308,309,12,320,0.874097501130703,0.873576453513901,-0.000521047616802606,0.000521047616802606,2.71490618975675e-07,0.000228581226472267,0.25,0.000657356955091337
A1,AR,None,308,309,13,321,0.87633050189974,0.875730674843315,-0.000599827056425251,0.000599827056425251,3.59792497619781e-07,0.000271992334521766,0.25,0.000725852703710256
A1,AR,None,308,309,14,322,0.87860014861007,0.877910689766172,-0.000689458843897373,0.000689458843897373,4.75353497428302e-07,0.000316375973337802,0.25,0.000806925280256499
A1,AR,None,315,316,1,316,0.86554502421462,0.865535651342165,-9.37287245472707e-06,9.37287245472707e-06,8.78507380525814e-11,2.68958510248021e-06,1,2.07332532421167e-05
A1,AR,None,315,316,2,317,0.867624935866483,0.867609653357134,-1.52825093484577e-05,1.52825093484577e-05,2.33555091985696e-10,5.96122308058487e-06,0.75,5.21822403392047e-05
A1,AR,None,315,316,3,318,0.869744073106736,0.869717527234318,-2.65458724171275e-05,2.65458724171275e-05,7.04683342386409e-10,1.05043579876371e-05,0.75,9.07459416806811e-05
A1,AR,None,315,316,4,319,0.871901807989281,0.87185482396735,-4.6984021930041e-05,4.6984021930041e-05,2.20749831672258e-09,1.85440866300414e-05,0.75,0.000131152671671964
A1,AR,None,315,316,5,320,0.874097501130703,0.87401731984584,-8.01812848635342e-05,8.01812848635342e-05,6.42903844236721e-09,2.85787461127717e-05,0.75,0.0001771628536823
A1,AR,None,315,316,6,321,0.87633050189974,0.876222413619953,-0.000108088279787033,0.000108088279787033,1.16830762273199e-08,3.7655757381832e-05,0.75,0.000225972668904367
A1,AR,None,315,316,7,322,0.87860014861007,0.878449258759186,-0.000150889850884073,0.000150889850884073,2.27677470998177e-08,4.95842172016462e-05,0.75,0.00027331656003049
A1,AR,None,315,316,8,323,0.88090576871639,0.880713978753234,-0.00019178996315572,0.00019178996315572,3.67833899672723e-08,6.17397328297082e-05,0.75,0.000326475194704884
A1,AR,None,315,316,9,324,0.883246679013703,0.883014587249493,-0.000232091764210463,0.000232091764210463,5.38665870143249e-08,7.43516569001173e-05,0.75,0.000378683492346543
A1,AR,None,315,316,10,325,0.885622185839768,0.885350540327807,-0.000271645511961127,0.000271645511961127,7.37912841686229e-08,8.74076727954716e-05,0.75,0.000443968691537622
A1,AR,None,315,316,11,326,0.888031585280644,0.887736937419184,-0.000294647861459607,0.000294647861459607,8.68173622627198e-08,9.85964749029036e-05,0.75,0.000507931290272295
A1,AR,None,315,316,12,327,0.890474163379277,0.890132674563432,-0.000341488815844837,0.000341488815844837,1.16614611347109e-07,0.0001129755229467,0.75,0.000578440348443759
A1,AR,None,315,316,13,328,0.892949196347062,0.892561638902636,-0.000387557444426201,0.000387557444426201,1.50200772730168e-07,0.000131257621272821,0.75,0.000646856549385733
A1,AR,None,315,316,14,329,0.895455950778316,0.895008059325321,-0.000447891452994842,0.000447891452994842,2.00606753665831e-07,0.000153317800423945,0.5,0.000710217793397805
A1,AR,None,322,323,1,323,0.88090576871639,0.880899117422563,-6.65129382726448e-06,6.65129382726448e-06,4.42397095766066e-11,2.75986305398354e-06,0.75,1.73456921004345e-05
A1,AR,None,322,323,2,324,0.883246679013703,0.883229136134167,-1.75428795359256e-05,1.75428795359256e-05,3.07752622411997e-10,5.15523251576826e-06,0.75,4.15262521227255e-05
A1,AR,None,322,323,3,325,0.885622185839768,0.885594718162757,-2.7467677010784e-05,2.7467677010784e-05,7.54473280368752e-10,8.65132647266891e-06,1,7.31289716226768e-05
A1,AR,None,322,323,4,326,0.888031585280644,0.887990037003166,-4.15482774775988e-05,4.15482774775988e-05,1.72625936135554e-09,1.25072810757274e-05,1,0.000104291764159381
A1,AR,None,322,323,5,327,0.890474163379277,0.89042057832816,-5.35850511169667e-05,5.35850511169667e-05,2.87135770320793e-09,1.74221890883736e-05,0.75,0.000143005020393994
A1,AR,None,322,323,6,328,0.892949196347062,0.89288758432068,-6.16120263823294e-05,6.16120263823294e-05,3.79604179493686e-09,2.28248577128683e-05,0.75,0.000183818234406025
A1,AR,None,322,323,7,329,0.895455950778316,0.895374935093012,-8.10156853041644e-05,8.10156853041644e-05,6.56354126530339e-09,2.74196739976597e-05,0.75,0.000232350837544137
A1,AR,None,322,323,8,330,0.897993683867599,0.897896020617139,-9.76632504596786e-05,9.76632504596786e-05,9.53811049034991e-09,3.37059380780201e-05,0.75,0.000290712494109363
A1,AR,None,322,323,9,331,0.900561643629828,0.900453323340605,-0.000108320289223474,0.000108320289223474,1.1733285057457e-08,4.02922057517247e-05,0.75,0.000350744267778924
A1,AR,None,322,323,10,332,0.903159069123106,0.903032186058256,-0.000126883064849537,0.000126883064849537,1.60993121456117e-08,4.79178526018426e-05,0.75,0.000411436932732795
A1,AR,None,322,323,11,333,0.905785190674201,0.905652910393665,-0.000132280280535357,0.000132280280535357,1.74980726185128e-08,5.32635406333674e-05,0.75,0.000475244643746708
A1,AR,None,322,323,12,334,0.908439230106621,0.908294014634066,-0.000145215472554971,0.000145215472554971,2.10875334693637e-08,5.94907303713421e-05,0.75,0.000540927904404215
A1,AR,None,322,323,13,335,0.911120400971204,0.910957669342419,-0.000162731628785107,0.000162731628785107,2.64815830070537e-08,6.51961682745598e-05,0.75,0.000614809031641184
A1,AR,None,322,323,14,336,0.913827908779158,0.913642260872413,-0.000185647906745023,0.000185647906745023,3.44651452788089e-08,7.21880185015677e-05,0.75,0.00069036979684825
A1,AR,None,329,330,1,330,0.897993683867599,0.897990294108901,-3.38975869773606e-06,3.38975869773606e-06,1.14904640288772e-11,1.7819885701061e-06,1,1.91631809818849e-05
A1,AR,None,329,330,2,331,0.900561643629828,0.900561233210201,-4.10419626950542e-07,4.10419626950542e-07,1.68444270186222e-13,3.12256474616203e-06,1,4.58120531438011e-05
A1,AR,None,329,330,3,332,0.903159069123106,0.90315833928892,-7.29834186308231e-07,7.29834186308231e-07,5.32657939504198e-13,5.50347070997523e-06,1,7.89040690474807e-05
A1,AR,None,329,330,4,333,0.905785190674201,0.905790198495259,5.00782105816722e-06,5.00782105816722e-06,2.5078271750623e-11,8.60367741648919e-06,1,0.000116494884726592
A1,AR,None,329,330,5,334,0.908439230106621,0.908442190935358,2.96082873696424e-06,2.96082873696424e-06,8.76650680963325e-12,1.07296437740582e-05,1,0.000152381241224853
A1,AR,None,329,330,6,335,0.911120400971204,0.911127368911584,6.96794037990944e-06,6.96794037990944e-06,4.85521931379726e-11,1.49964525351271e-05,1,0.000198169185527314
A1,AR,None,329,330,7,336,0.913827908779158,0.913841194360988,1.32855818296695e-05,1.32855818296695e-05,1.76506684552846e-10,1.87723110360916e-05,1,0.000241569325777707
A1,AR,None,329,330,8,337,0.916560951237487,0.916599385054471,3.843381698454e-05,3.843381698454e-05,1.47715828800111e-09,2.52779107958105e-05,1,0.000299624450322417
A1,AR,None,329,330,9,338,0.919318718486726,0.919379426922616,6.07084358899002e-05,6.07084358899002e-05,3.68551418819812e-09,3.1892988887586e-05,1,0.000369650268870564
A1,AR,None,329,330,10,339,0.922100393340922,0.922171428331995,7.10349910730823e-05,7.10349910730823e-05,5.04596995675288e-09,3.73802142449321e-05,1,0.000448724179340637
A1,AR,None,329,330,11,340,0.924905151529783,0.925006815648148,0.000101664118365208,0.000101664118365208,1.0335592962975e-08,4.61353741207568e-05,1,0.000525285333833697
A1,AR,None,329,330,12,341,0.927732161942925,0.927867211304613,0.000135049361688622,0.000135049361688622,1.82383300925042e-08,5.5483810200556e-05,1,0.000602179095462368
A1,AR,None,329,330,13,342,0.930580586876151,0.930749252440278,0.000168665564127313,0.000168665564127313,2.84480725223846e-08,6.34785824558423e-05,1,0.000675522726887978
A1,AR,None,329,330,14,343,0.933449582279679,0.933649816323336,0.000200234043656877,0.000200234043656877,4.00936722391842e-08,7.66550071618713e-05,0.75,0.000754123843976995
A1,AR,None,336,337,1,337,0.916560951237487,0.916561425243361,4.74005873885019e-07,4.74005873885019e-07,2.24681568477501e-13,1.08880008296995e-06,1,1.65207738841433e-05
A1,AR,None,336,337,2,338,0.919318718486726,0.919323908031099,5.1895443726746e-06,5.1895443726746e-06,2.69313707959586e-11,3.20380299982011e-06,1,3.70657326099755e-05
A1,AR,None,336,337,3,339,0.922100393340922,0.922113140384296,1.27470433736177e-05,1.27470433736177e-05,1.6248711476889e-10,5.95554133352438e-06,1,6.04789184764365e-05
A1,AR,None,336,337,4,340,0.924905151529783,0.92493235240114,2.72008713572136e-05,2.72008713572136e-05,7.39887402591684e-10,1.00988133986062e-05,0.75,9.35067197272155e-05
A1,AR,None,336,337,5,341,0.927732161942925,0.927774178810837,4.20168679126087e-05,4.20168679126087e-05,1.76541718918561e-09,1.59089508849365e-05,0.75,0.000132301469926099
A1,AR,None,336,337,6,342,0.930580586876151,0.930646358885121,6.57720089703995e-05,6.57720089703995e-05,4.32595716400231e-09,2.34937197170382e-05,0.75,0.000172126990303667
A1,AR,None,336,337,7,343,0.933449582279679,0.933544778371774,9.51960920949624e-05,9.51960920949624e-05,9.06229595015256e-09,3.32804299146524e-05,0.75,0.000223692955517191
A1,AR,None,336,337,8,344,0.936338298008253,0.936463881090764,0.00012558308251065,0.00012558308251065,1.57711106128766e-08,4.41898098999064e-05,0.75,0.000275496317156287
A1,AR,None,336,337,9,345,0.93924587807306,0.939408688148529,0.000162810075469699,0.000162810075469699,2.65071206744492e-08,5.94409780699967e-05,0.5,0.000332406574762079
A1,AR,None,336,337,10,346,0.942171460895374,0.942372289882021,0.000200828986646528,0.000200828986646528,4.03322818774715e-08,7.97599935455732e-05,0,0.000387503754708085
A1,AR,None,336,337,11,347,0.945114179561868,0.945350480637396,0.000236301075528078,0.000236301075528078,5.58381982957265e-08,0.000113648781697088,0,0.000438385331252428
A1,AR,None,336,337,12,348,0.94807316208149,0.94835771671123,0.000284554629739531,0.000284554629739531,8.09713373062014e-08,0.000153208351174418,0,0.000496180048054767
A1,AR,None,336,337,13,349,0.951047531643861,0.951387322428451,0.000339790784590344,0.000339790784590344,1.15457777292521e-07,0.00019599763034542,0,0.000563133877351796
A1,AR,None,336,337,14,350,0.954036406879086,0.954436725275915,0.000400318396828858,0.000400318396828858,1.60254818839627e-07,0.000241310493054685,0,0.000637469359941634
A1,AR,None,343,344,1,344,0.936338298008253,0.936341937902205,3.63989395191222e-06,3.63989395191222e-06,1.32488279811672e-11,1.48549676005762e-06,0.75,1.47146803870513e-05
A1,AR,None,343,344,2,345,0.93924587807306,0.939258908325362,1.30302523021486e-05,1.30302523021486e-05,1.69787475057649e-10,5.06738964901795e-06,0.5,3.61808169673794e-05
A1,AR,None,343,344,3,346,0.942171460895374,0.942197328025174,2.58671298000168e-05,2.58671298000168e-05,6.69108404090918e-10,1.36655184329364e-05,0.25,6.14319695661503e-05
A1,AR,None,343,344,4,347,0.945114179561868,0.945164028088191,4.98485263226156e-05,4.98485263226156e-05,2.4848755765365e-09,2.52153383560963e-05,0.25,9.30262134624382e-05
A1,AR,None,343,344,5,348,0.94807316208149,0.948151374718827,7.82126373369829e-05,7.82126373369829e-05,6.11721663920641e-09,4.11416425981563e-05,0,0.000129045001555
A1,AR,None,343,344,6,349,0.951047531643861,0.951164592659443,0.000117061015581621,0.000117061015581621,1.37032813690005e-08,6.33230917753432e-05,0,0.00017380182372731
A1,AR,None,343,344,7,350,0.954036406879086,0.954202859948463,0.000166453069376904,0.000166453069376904,2.77066243049924e-08,9.50964467202966e-05,0,0.000217923269117071
A1,AR,None,343,344,8,351,0.957038902118929,0.957268038631025,0.000229136512096217,0.000229136512096217,5.250354117562e-08,0.000137572960110024,0,0.000266055028319639
A1,AR,None,343,344,9,352,0.96005412765925,0.960341762647151,0.000287634987900853,0.000287634987900853,8.2733886264724e-08,0.000184260920711438,0,0.000311485873967676
A1,AR,None,343,344,10,353,0.963081190023648,0.963443047232095,0.000361857208446836,0.000361857208446836,1.30940639304937e-07,0.00023538219231126,0,0.000363907585841816
A1,AR,None,343,344,11,354,0.966119192228216,0.966557513995036,0.000438321766820238,0.000438321766820238,1.92125971268415e-07,0.000292039611788165,0,0.000421185281744951
A1,AR,None,343,344,12,355,0.969167234047334,0.9696809782088,0.000513744161465768,0.000513744161465768,2.63933063440165e-07,0.000362812011325227,0,0.000467263657796813
A1,AR,None,343,344,13,356,0.972224412280429,0.972831306262371,0.000606893981941692,0.000606893981941692,3.68320305317043e-07,0.000443193589616666,0,0.00051680127190995
A1,AR,None,343,344,14,357,0.975289821019612,0.976003664028763,0.000713843009151227,0.000713843009151227,5.09571841714079e-07,0.000528543745514577,0,0.000581887229058858
A1,AR,None,350,351,1,351,0.957038902118929,0.95704531610298,6.41398405087923e-06,6.41398405087923e-06,4.11391914049331e-11,2.88467308629094e-06,0,1.46947534455377e-05
A1,AR,None,350,351,2,352,0.96005412765925,0.960073576519492,1.94488602422993e-05,1.94488602422993e-05,3.78258164724491e-10,1.1053052729626e-05,0,3.47766412085448e-05
A1,AR,None,350,351,3,353,0.963081190023648,0.963126419407027,4.52293833784756e-05,4.52293833784756e-05,2.04569712079712e-09,2.80974202172867e-05,0,5.41238457894e-05
A1,AR,None,350,351,4,354,0.966119192228216,0.966200331261769,8.11390335532236e-05,8.11390335532236e-05,6.58354276595115e-09,5.08106015333496e-05,0,7.69939185354673e-05
A1,AR,None,350,351,5,355,0.969167234047334,0.969293970301071,0.000126736253736603,0.000126736253736603,1.60620780111887e-08,8.17020857583006e-05,0,0.00010449132976223
A1,AR,None,350,351,6,356,0.972224412280429,0.972398808796792,0.000174396516362307,0.000174396516362307,3.04141449193085e-08,0.000117825662770186,0,0.000141218758552386
A1,AR,None,350,351,7,357,0.975289821019612,0.975521671599012,0.000231850579399784,0.000231850579399784,5.37546911680155e-08,0.000163255396902316,0,0.000179883481636001
A1,AR,None,350,351,8,358,0.978362551918116,0.978663039262043,0.000300487343926292,0.000300487343926292,9.02926438598779e-08,0.000215944486301636,0,0.000226755423937741
A1,AR,None,350,351,9,359,0.981441694459462,0.981824679340243,0.000382984880780923,0.000382984880780923,1.46677418906778e-07,0.000275451779875547,0,0.000279591374341498
A1,AR,None,350,351,10,360,0.98452633622726,0.985002076252647,0.000475740025386973,0.000475740025386973,2.26328571755197e-07,0.000344401187357474,0,0.000333916724328004
A1,AR,None,350,351,11,361,0.987615563175582,0.988192047777883,0.000576484602301086,0.000576484602301086,3.32334496690241e-07,0.000420873220004969,0,0.000391721927969046
A1,AR,None,350,351,12,362,0.990708459899814,0.991392519427879,0.000684059528064274,0.000684059528064274,4.67937437935517e-07,0.000507634188017313,0,0.000448950845046564
A1,AR,None,350,351,13,363,0.993804109907906,0.994600261001249,0.000796151093342967,0.000796151093342967,6.33856563431202e-07,0.000604818936042833,0,0.000503518219880789
A1,AR,None,350,351,14,364,0.99690159589195,0.997827580339061,0.000925984447111894,0.000925984447111894,8.5744719629312e-07,0.000709456705973428,0,0.000557395558161589
A2,ARX,I,49,50,1,50,1.02111528797425,1.01859189882385,-0.00252338915039885,0.00252338915039885,6.36749280435062e-06,0.00217514335292079,0,0.000852483263502291
A2,ARX,I,49,50,2,51,0.975,0.965694694844171,-0.00930530515582895,0.00930530515582895,8.65887040430968e-05,0.00871537143064048,0,0.00155522013328666
A2,ARX,I,49,50,3,52,0.928884712025747,0.906529032724405,-0.0223556793013423,0.0223556793013423,0.000499776397024465,0.0215382475603241,0,0.00233975629465405
A2,ARX,I,49,50,4,53,0.884589715644147,0.841177233209657,-0.0434124824344898,0.0434124824344898,0.00188464363112489,0.0422542526387134,0,0.00334806445443164
A2,ARX,I,49,50,5,54,0.843658809578696,0.770070225002179,-0.0735885845765168,0.0735885845765168,0.00541527977997517,0.0720828032242893,0,0.00441561741802299
A2,ARX,I,49,50,6,55,0.807167512064817,0.694051864338959,-0.113115647725858,0.113115647725858,0.0127951497604404,0.111251050210126,0,0.00556208916246378
A2,ARX,I,49,50,7,56,0.775658890371501,0.613919795276272,-0.161739095095229,0.161739095095229,0.0261595348822236,0.159270764967781,0,0.00659964425666765
A2,ARX,I,49,50,8,57,0.74919563214771,0.531581026970716,-0.217614605176995,0.217614605176995,0.0473561163863392,0.214741142625016,0,0.00741960985665807
A2,ARX,I,49,50,9,58,0.727481899314376,0.448931627552151,-0.278550271762226,0.278550271762226,0.0775902538988098,0.275450128527819,0,0.00796881669085651
A2,ARX,I,49,50,10,59,0.710003468688994,0.368304129406272,-0.341699339282722,0.341699339282722,0.116758438466248,0.338595748298784,0,0.00812722291206741
A2,ARX,I,49,50,11,60,0.696150012448019,0.292042603077001,-0.404107409371018,0.404107409371018,0.163302798308556,0.401144576463115,0,0.00794161606116321
A2,ARX,I,49,50,12,61,0.685303622986216,0.222418305156577,-0.462885317829639,0.462885317829639,0.214262817462246,0.460093238729715,0,0.00738637185589414
A2,ARX,I,49,50,13,62,0.676892873189049,0.161672121688484,-0.515220751500565,0.515220751500565,0.265452422776807,0.512730515673389,0,0.00651787214715603
A2,ARX,I,49,50,14,63,0.670419341170521,0.111310357103707,-0.559108984066814,0.559108984066814,0.312602856064225,0.557012521470971,0,0.00544094959957657
A2,ARX,I,56,57,1,57,0.74919563214771,0.744313904001371,-0.00488172814633936,0.00488172814633936,2.38312696947619e-05,0.00379588925227908,0,0.00353783051479331
A2,ARX,I,56,57,2,58,0.727481899314376,0.713291472142704,-0.0141904271716724,0.0141904271716724,0.000201368223314538,0.0117690160520493,0,0.0078676510702726
A2,ARX,I,56,57,3,59,0.710003468688994,0.682786161432483,-0.0272173072565109,0.0272173072565109,0.000740781814295323,0.0237235014644373,0,0.0121448030107379
A2,ARX,I,56,57,4,60,0.696150012448019,0.652715286181094,-0.043434726266925,0.043434726266925,0.00188657544588271,0.0385824005982965,0,0.0164701754215209
A2,ARX,I,56,57,5,61,0.685303622986216,0.623586654339989,-0.0617169686462271,0.0617169686462271,0.00380898421887938,0.0554874025659545,0,0.0214821243273227
A2,ARX,I,56,57,6,62,0.676892873189049,0.594004502402574,-0.082888370786475,0.082888370786475,0.00687048201163617,0.0742340494089742,0,0.0263846805548669
A2,ARX,I,56,57,7,63,0.670419341170521,0.565533516548898,-0.104885824621623,0.104885824621623,0.0110010362065578,0.0941520030011414,0,0.0311662941637351
A2,ARX,I,56,57,8,64,0.665465412558807,0.538136006817647,-0.12732940574116,0.12732940574116,0.0162127775663969,0.114619730215819,0,0.0360134056488499
A2,ARX,I,56,57,9,65,0.66169103647536,0.509988154631735,-0.151702881843624,0.151702881843624,0.0230137643596606,0.135422376463975,0,0.0402607250471342
A2,ARX,I,56,57,10,66,0.658824996013434,0.483958872696521,-0.174866123316912,0.174866123316912,0.0305781610838856,0.1562428619636,0,0.0441698273917564
A2,ARX,I,56,57,11,67,0.656654236655582,0.458257417261842,-0.19839681939374,0.19839681939374,0.0393612979455521,0.177242558496665,0,0.0479852134569824
A2,ARX,I,56,57,12,68,0.655013262483393,0.434888460618169,-0.220124801865224,0.220124801865224,0.048454928396204,0.19769128082718,0,0.0514568577144608
A2,ARX,I,56,57,13,69,0.653774587990147,0.412662215916147,-0.241112372073999,0.241112372073999,0.0581351759671508,0.217649749322594,0,0.0549708797757389
A2,ARX,I,56,57,14,70,0.652840616703239,0.391088084069398,-0.261752532633841,0.261752532633841,0.0685143883402298,0.237272979151398,0,0.0575768809434064
A2,ARX,I,63,64,1,64,0.665465412558807,0.666732239104912,0.00126682654610455,0.00126682654610455,1.60484949791518e-06,0.000433457177087189,1,0.00435879513175944
A2,ARX,I,63,64,2,65,0.66169103647536,0.665258477224733,0.00356744074937387,0.00356744074937387,1.27266335002932e-05,0.00121549586243706,0.75,0.00938143060162491
A2,ARX,I,63,64,3,66,0.658824996013434,0.666013112673271,0.00718811665983676,0.00718811665983676,5.16690211154228e-05,0.00217364540133218,0.75,0.0155459050436644
A2,ARX,I,63,64,4,67,0.656654236655582,0.669246623267396,0.0125923866118141,0.0125923866118141,0.000158568200581394,0.00435526334194633,0.5,0.0218522825525682
A2,ARX,I,63,64,5,68,0.655013262483393,0.675927847271817,0.0209145847884245,0.0209145847884245,0.000437419856872195,0.00833268359542132,0.25,0.0288115515893
A2,ARX,I,63,64,6,69,0.653774587990147,0.683312226787251,0.0295376387971045,0.0295376387971045,0.000872472105708211,0.0144883224593746,0,0.0367962511919002
A2,ARX,I,63,64,7,70,0.652840616703239,0.695699759347024,0.0428591426437848,0.0428591426437848,0.00183690610816029,0.0234836967900426,0,0.0469690690057185
A2,ARX,I,63,64,8,71,0.652136979900857,0.711933704955122,0.0597967250542644,0.0597967250542644,0.00357564832721529,0.0360780578465386,0,0.0565611571346868
A2,ARX,I,63,64,9,72,0.651607205051813,0.732185582829696,0.0805783777778838,0.0805783777778838,0.00649287496531536,0.0511304843501221,0,0.0685237207938607
A2,ARX,I,63,64,10,73,0.651208520741374,0.756372730184856,0.105164209443481,0.105164209443481,0.0110595109478724,0.069014659813387,0,0.083534265530083
A2,ARX,I,63,64,11,74,0.650908595729268,0.784396170786055,0.133487575056788,0.133487575056788,0.0178189326945415,0.0894206504519174,0,0.102165244100341
A2,ARX,I,63,64,12,75,0.650683026338981,0.81886304668965,0.168180020350669,0.168180020350669,0.0282845192451516,0.114350273150317,0,0.122627004596209
A2,ARX,I,63,64,13,76,0.650513412862129,0.858113643359761,0.207600230497632,0.207600230497632,0.0430978557026701,0.144175846049232,0,0.145606813829666
A2,ARX,I,63,64,14,77,0.650385893858681,0.901097186108126,0.250711292249445,0.250711292249445,0.0628561520613865,0.17901673727627,0,0.169541311321355
A2,ARX,I,70,71,1,71,0.652136979900857,0.653629270980021,0.00149229107916393,0.00149229107916393,2.22693266495225e-06,0.000488596795345737,0.75,0.00357480895086151
A2,ARX,I,70,71,2,72,0.651607205051813,0.654924783321271,0.00331757826945844,0.00331757826945844,1.10063255739829e-05,0.00124564824916755,0.75,0.00784517852644648
A2,ARX,I,70,71,3,73,0.651208520741374,0.65782046398372,0.00661194324234604,0.00661194324234604,4.37177934400055e-05,0.00235913588417227,0.5,0.0123489250270768
A2,ARX,I,70,71,4,74,0.650908595729268,0.661320617515046,0.0104120217857782,0.0104120217857782,0.000108410197667519,0.00495944822863619,0,0.0170834728421274
A2,ARX,I,70,71,5,75,0.650683026338981,0.666832909742402,0.0161498834034212,0.0161498834034212,0.000260818733944098,0.00954274473884442,0,0.0231252385106719
A2,ARX,I,70,71,6,76,0.650513412862129,0.674457960946738,0.0239445480846089,0.0239445480846089,0.000573341382976147,0.0138666608489899,0,0.031508819590133
A2,ARX,I,70,71,7,77,0.650385893858681,0.682769333103475,0.0323834392447939,0.0323834392447939,0.00104868713732126,0.0193618188251382,0,0.0402971195822565
A2,ARX,I,70,71,8,78,0.650290033264909,0.693015742312907,0.042725709047998,0.042725709047998,0.00182548621365418,0.0263316261604434,0,0.0498493318259581
A2,ARX,I,70,71,9,79,0.650217977584803,0.704351402431176,0.0541334248463727,0.0541334248463727,0.00293042768559789,0.0339139374271009,0,0.0609232572550379
A2,ARX,I,70,71,10,80,0.65016381885839,0.718986011117083,0.068822192258693,0.068822192258693,0.0047364941472925,0.0436542117244704,0,0.070560138404712
A2,ARX,I,70,71,11,81,0.650123113863486,0.734957763547959,0.0848346496844725,0.0848346496844725,0.00719691778708717,0.0558044871208219,0,0.0800687385424311
A2,ARX,I,70,71,12,82,0.650092521628021,0.753561338095551,0.10346881646753,0.10346881646753,0.0107057959811913,0.0699210485281911,0,0.0914558296648396
A2,ARX,I,70,71,13,83,0.65006953036221,0.773169687975004,0.123100157612794,0.123100157612794,0.0151536488042948,0.084305209437663,0,0.105338188436757
A2,ARX,I,70,71,14,84,0.650052251877466,0.792293404844831,0.142241152967365,0.142241152967365,0.0202325455974852,0.0991287822544085,0,0.119682067719926
A2,ARX,I,77,78,1,78,0.650290033264909,0.651640252000568,0.00135021873565944,0.00135021873565944,1.82309063412577e-06,0.000423324483906553,0.75,0.00416053633097196
A2,ARX,I,77,78,2,79,0.650217977584803,0.653113160693005,0.00289518310820136,0.00289518310820136,8.38208523001449e-06,0.00109840987964852,0.75,0.00874451328066744
A2,ARX,I,77,78,3,80,0.65016381885839,0.655410234474701,0.0052464156163109,0.0052464156163109,2.75248768190708e-05,0.00206978165046568,0.75,0.0150816131175118
A2,ARX,I,77,78,4,81,0.650123113863486,0.658487866070431,0.00836475220694455,0.00836475220694455,6.99690794835837e-05,0.00313429055355616,0.75,0.0216862134133251
A2,ARX,I,77,78,5,82,0.650092521628021,0.663232570927066,0.0131400492990448,0.0131400492990448,0.000172660895581327,0.00465113197410457,0.75,0.0282058479019462
A2,ARX,I,77,78,6,83,0.65006953036221,0.66835031711368,0.0182807867514694,0.0182807867514694,0.000334187164252698,0.00645947773915845,0.5,0.034460573729535
A2,ARX,I,77,78,7,84,0.650052251877466,0.673495216164418,0.023442964286952,0.023442964286952,0.000549572574559308,0.0090418309608093,0.5,0.0410838738642822
A2,ARX,I,77,78,8,85,0.650039266883915,0.679178201182283,0.0291389342983684,0.0291389342983684,0.000849077492044633,0.0116130011413768,0.5,0.0494324473814078
A2,ARX,I,77,78,9,86,0.650029508614657,0.686585804685035,0.0365562960703786,0.0365562960703786,0.00133636278238518,0.0145717686535893,0.5,0.0581202305557254
A2,ARX,I,77,78,10,87,0.650022175304055,0.695885021127984,0.0458628458239287,0.0458628458239287,0.00210340062706946,0.0204266366252887,0,0.0670261832998316
A2,ARX,I,77,78,11,88,0.650016664378755,0.706880593515023,0.0568639291362687,0.0568639291362687,0.00323350643681459,0.0275147788722546,0,0.0764308588176354
A2,ARX,I,77,78,12,89,0.650012522982027,0.717632124789914,0.0676196018078861,0.0676196018078861,0.00457241054865707,0.0350741043237121,0,0.0871189938905102
A2,ARX,I,77,78,13,90,0.650009410781695,0.727570545616729,0.0775611348350342,0.0775611348350342,0.00601572963689836,0.042905712754279,0,0.09900244153355
A2,ARX,I,77,78,14,91,0.6500070720142,0.741168604216952,0.0911615322027519,0.0911615322027519,0.00831042495355338,0.0529761138112795,0,0.109265281613899
A2,ARX,I,84,85,1,85,0.650039266883915,0.650915076497405,0.000875809613489875,0.000875809613489875,7.67042479081285e-07,0.000315543492637084,1,0.00341113055424744
A2,ARX,I,84,85,2,86,0.650029508614657,0.651594860725293,0.00156535211063646,0.00156535211063646,2.45032723027403e-06,0.000691379802151622,0.75,0.00711006628505834
A2,ARX,I,84,85,3,87,0.650022175304055,0.653776878397797,0.00375470309374204,0.00375470309374204,1.4097795322156e-05,0.00133072081254481,0.75,0.0109270615017315
A2,ARX,I,84,85,4,88,0.650016664378755,0.65655112559764,0.00653446121888557,0.00653446121888557,4.26991834211195e-05,0.00194977577443522,0.75,0.0173644942533415
A2,ARX,I,84,85,5,89,0.650012522982027,0.660035442572922,0.010022919590895,0.010022919590895,0.000100458917125546,0.00292749284930508,0.75,0.0243828033468996
A2,ARX,I,84,85,6,90,0.650009410781695,0.663950927140883,0.0139415163591885,0.0139415163591885,0.000194365878393521,0.00423643662187344,0.75,0.0319381341865602
A2,ARX,I,84,85,7,91,0.6500070720142,0.668228571815649,0.0182214998014495,0.0182214998014495,0.000332023055014224,0.00592350130591579,0.75,0.0401751765626579
A2,ARX,I,84,85,8,92,0.650005314472457,0.672931972206844,0.0229266577343862,0.0229266577343862,0.00052563163486969,0.00748036046079247,0.75,0.0483786830753325
A2,ARX,I,84,85,9,93,0.650003993713491,0.679114334491877,0.0291103407783858,0.0291103407783858,0.000847411940233752,0.00943499431727427,0.75,0.0563181119578804
A2,ARX,I,84,85,10,94,0.650003001189587,0.684425677553343,0.0344226763637567,0.0344226763637567,0.00118492064804394,0.0114662399012665,0.75,0.0655658887237961
A2,ARX,I,84,85,11,95,0.650002255328414,0.690429078909764,0.0404268235813493,0.0404268235813493,0.00163432806487754,0.0141128604708892,0.5,0.0750514111010522
A2,ARX,I,84,85,12,96,0.650001694829553,0.696928473076149,0.0469267782465954,0.0469267782465954,0.00220212251660514,0.0170499589305834,0.5,0.0842952281276275
A2,ARX,I,84,85,13,97,0.65000127362675,0.705646103303203,0.055644829676453,0.055644829676453,0.00309634706972147,0.0208124915599162,0.5,0.0942007718330122
A2,ARX,I,84,85,14,98,0.650000957102049,0.716156862972775,0.066155905870726,0.066155905870726,0.00437660388157635,0.0252978951802418,0.25,0.104941194146917
A2,ARX,I,91,92,1,92,0.650005314472457,0.650536197619126,0.000530883146668604,0.000530883146668604,2.81836915416758e-07,0.000195399175596861,0.75,0.00216374317840312
A2,ARX,I,91,92,2,93,0.650003993713491,0.651783102192014,0.00177910847852203,0.00177910847852203,3.16522697834897e-06,0.000723040096118704,0.75,0.00613821491786798
A2,ARX,I,91,92,3,94,0.650003001189587,0.653608001977689,0.00360500078810211,0.00360500078810211,1.29960306822168e-05,0.00129326596306918,0.75,0.0102278694154566
A2,ARX,I,91,92,4,95,0.650002255328414,0.656220278227093,0.00621802289867879,0.00621802289867879,3.86638087684938e-05,0.00219966233707044,0.75,0.0145672476018348
A2,ARX,I,91,92,5,96,0.650001694829553,0.659468397185646,0.00946670235609293,0.00946670235609293,8.96184534988554e-05,0.00332146728614383,0.75,0.018142826948068
A2,ARX,I,91,92,6,97,0.65000127362675,0.663159251078625,0.0131579774518745,0.0131579774518745,0.000173132370624038,0.00458367402980767,0.5,0.0226214070336872
A2,ARX,I,91,92,7,98,0.650000957102049,0.666930482884955,0.0169295257829061,0.0169295257829061,0.000286608843234082,0.00606900311023201,0.5,0.0279522970174614
A2,ARX,I,91,92,8,99,0.65000071924072,0.672308197871036,0.0223074786303156,0.0223074786303156,0.000497623602841986,0.00824733067712312,0.5,0.0331954351259851
A2,ARX,I,91,92,9,100,0.650000540493218,0.677178170551232,0.0271776300580138,0.0271776300580138,0.000738623575570253,0.0109607976557993,0.25,0.0392465675508072
A2,ARX,I,91,92,10,101,0.650000406168464,0.683444541376578,0.0334441352081133,0.0334441352081133,0.00111851017981856,0.0146578244676684,0.25,0.0454686810246709
A2,ARX,I,91,92,11,102,0.650000305226426,0.690007540087643,0.0400072348612173,0.0400072348612173,0.0016005788412406,0.0177677827502019,0.25,0.0522938222280666
A2,ARX,I,91,92,12,103,0.650000229370755,0.697962424901182,0.0479621955304269,0.0479621955304269,0.0023003722000989,0.0212621456025246,0.25,0.0596675063664339
A2,ARX,I,91,92,13,104,0.650000172366929,0.705747011641098,0.0557468392741691,0.0557468392741691,0.00310771008906005,0.0248413396587001,0,0.0677993712954313
A2,ARX,I,91,92,14,105,0.650000129529842,0.713107151190957,0.0631070216611148,0.0631070216611148,0.00398249618293641,0.0296457167305728,0,0.0753642446290721
A2,ARX,I,98,99,1,99,0.65000071924072,0.650991387153993,0.000990667913272625,0.000990667913272625,9.81422914387937e-07,0.000325517953918921,0.75,0.00365058449409755
A2,ARX,I,98,99,2,100,0.650000540493218,0.651974333064261,0.00197379257104302,0.00197379257104302,3.89585711350462e-06,0.000851294439965133,0.75,0.00744725440179925
A2,ARX,I,98,99,3,101,0.650000406168464,0.653231803219616,0.00323139705115172,0.00323139705115172,1.0441926902192e-05,0.00142471463837144,0.75,0.0127714002980444
A2,ARX,I,98,99,4,102,0.650000305226426,0.654753458528835,0.00475315330240988,0.00475315330240988,2.259246631621e-05,0.0020587065353724,0.75,0.018736670799306
A2,ARX,I,98,99,5,103,0.650000229370755,0.656980833503421,0.00698060413266577,0.00698060413266577,4.87288340569904e-05,0.00328322274112484,0.75,0.0254048592802794
A2,ARX,I,98,99,6,104,0.650000172366929,0.660204398054287,0.0102042256873583,0.0102042256873583,0.000104126221878544,0.0042646535555055,0.75,0.0333098007440894
A2,ARX,I,98,99,7,105,0.650000129529842,0.664205606121147,0.0142054765913052,0.0142054765913052,0.000201795565186121,0.0054972498624062,0.75,0.0415575568141761
A2,ARX,I,98,99,8,106,0.65000009733874,0.668481923648294,0.0184818263095542,0.0184818263095542,0.00034157790373653,0.00682879935643039,0.75,0.0496788643860135
A2,ARX,I,98,99,9,107,0.650000073147855,0.673401947079324,0.0234018739314691,0.0234018739314691,0.000547647703504372,0.00879868483912263,0.75,0.0564528621344142
A2,ARX,I,98,99,10,108,0.650000054968954,0.680267890691199,0.0302678357222449,0.0302678357222449,0.000916141879308804,0.0105404672560573,0.75,0.0648179081255112
A2,ARX,I,98,99,11,109,0.650000041307922,0.687237608516055,0.0372375672081332,0.0372375672081332,0.00138663641158024,0.0123789477174796,0.75,0.0726373989576208
A2,ARX,I,98,99,12,110,0.650000031041965,0.693440913652053,0.0434408826100874,0.0434408826100874,0.00188711028194339,0.0140368875274412,0.75,0.0802454553200435
A2,ARX,I,98,99,13,111,0.650000023327333,0.700200347277786,0.0502003239504533,0.0502003239504533,0.00252007252473045,0.0176969232999959,0.5,0.0876520459682008
A2,ARX,I,98,99,14,112,0.650000017529961,0.70736186852474,0.0573618509947789,0.0573618509947789,0.00329038194954721,0.0211438634227307,0.5,0.0966853026241594
A2,ARX,I,105,106,1,106,0.65000009733874,0.650673438143033,0.000673340804293487,0.000673340804293487,4.53387838726601e-07,0.00029192413946221,1,0.00376945401337758
A2,ARX,I,105,106,2,107,0.650000073147855,0.651873841357732,0.00187376820987672,0.00187376820987672,3.51100730434463e-06,0.000731247655833271,1,0.00815555667497431
A2,ARX,I,105,106,3,108,0.650000054968954,0.653311099166287,0.00331104419733308,0.00331104419733308,1.09630136766931e-05,0.00122262606689902,1,0.0128072746909204
A2,ARX,I,105,106,4,109,0.650000041307922,0.655045044799607,0.00504500349168502,0.00504500349168502,2.5452060231114e-05,0.0018215307970063,0.75,0.0173444502649102
A2,ARX,I,105,106,5,110,0.650000031041965,0.657492263841932,0.00749223279996614,0.00749223279996614,5.61335523288884e-05,0.00263798262870069,0.75,0.0223691131999324
A2,ARX,I,105,106,6,111,0.650000023327333,0.659947914708494,0.00994789138116126,0.00994789138116126,9.89605429313824e-05,0.00355688457178909,0.75,0.0277662700592818
A2,ARX,I,105,106,7,112,0.650000017529961,0.662508678415547,0.0125086608855859,0.0125086608855859,0.000156466597150586,0.00423331902990588,0.75,0.0321711477302057
A2,ARX,I,105,106,8,113,0.650000013173368,0.665596601454846,0.0155965882814779,0.0155965882814779,0.000243253566021934,0.00527655235606627,0.75,0.0371755582775913
A2,ARX,I,105,106,9,114,0.650000009899487,0.669412080637737,0.0194120707382499,0.0194120707382499,0.000376828490346818,0.00641869154767113,0.75,0.0420165436620803
A2,ARX,I,105,106,10,115,0.650000007439239,0.672634829051544,0.0226348216123043,0.0226348216123043,0.00051233514942084,0.00785271106843715,0.75,0.047688803100129
A2,ARX,I,105,106,11,116,0.65000000559042,0.677596377957063,0.0275963723666434,0.0275963723666434,0.000761559767798437,0.0102900668579936,0.5,0.0537709697024966
A2,ARX,I,105,106,12,117,0.650000004201073,0.682495404902947,0.032495400701874,0.032495400701874,0.00105595106677535,0.0119329226312246,0.5,0.0623445608193768
A2,ARX,I,105,106,13,118,0.650000003157011,0.688124084656481,0.03812408149947,0.03812408149947,0.00145344559017823,0.0139664908405795,0.5,0.0700950781866341
A2,ARX,I,105,106,14,119,0.650000002372422,0.695348757518332,0.04534875514591,0.04534875514591,0.0020565095932837,0.0166756521274355,0.25,0.0773349143749482
A2,ARX,I,112,113,1,113,0.650000013173368,0.650408479279036,0.00040846610566847,0.00040846610566847,1.66844559479966e-07,0.000194770595622416,0.5,0.00218538404980362
A2,ARX,I,112,113,2,114,0.650000009899487,0.65153546825043,0.00153545835094315,0.00153545835094315,2.35763234748107e-06,0.00067189452625802,0.75,0.00569705209304944
A2,ARX,I,112,113,3,115,0.650000007439239,0.65280346722787,0.00280345978863006,0.00280345978863006,7.85938678646569e-06,0.00123749724487342,0.75,0.00895335360761282
A2,ARX,I,112,113,4,116,0.65000000559042,0.654585623215327,0.00458561762490706,0.00458561762490706,2.10278890018582e-05,0.00190508287119758,0.75,0.0131054198904607
A2,ARX,I,112,113,5,117,0.650000004201073,0.656944544106341,0.00694453990526722,0.00694453990526722,4.82266344958489e-05,0.00276108788318426,0.75,0.0172886085682492
A2,ARX,I,112,113,6,118,0.650000003157011,0.65981177086187,0.00981176770485914,0.00981176770485914,9.62707854941168e-05,0.00370377908938194,0.5,0.021840216400175
A2,ARX,I,112,113,7,119,0.650000002372422,0.66265302775155,0.012653025379128,0.012653025379128,0.000160099051244858,0.00531238180313112,0.5,0.0269238758364325
A2,ARX,I,112,113,8,120,0.650000001782821,0.66601433183996,0.0160143300571389,0.0160143300571389,0.000256458767178983,0.00698596569478853,0.25,0.0324128747490673
A2,ARX,I,112,113,9,121,0.65000000133975,0.669812753448893,0.0198127521091436,0.0198127521091436,0.000392545146138373,0.0092975746686421,0.25,0.0382946990573759
A2,ARX,I,112,113,10,122,0.650000001006792,0.673801009960201,0.0238010089534092,0.0238010089534092,0.000566488027200265,0.0114113306414511,0.25,0.0449719060495399
A2,ARX,I,112,113,11,123,0.650000000756581,0.678498428183885,0.0284984274273045,0.0284984274273045,0.000812160365829339,0.0141364154635969,0,0.0519254151697489
A2,ARX,I,112,113,12,124,0.650000000568553,0.68342442082098,0.0334244202524269,0.0334244202524269,0.00111719186921084,0.0172314585812511,0,0.060127647343109
A2,ARX,I,112,113,13,125,0.650000000427255,0.688838793757303,0.0388387933300477,0.0388387933300477,0.00150845186733416,0.0201770857890831,0.25,0.0686705148503682
A2,ARX,I,112,113,14,126,0.650000000321072,0.694589526121515,0.0445895258004425,0.0445895258004425,0.00198822581110833,0.0229150485726399,0,0.0783273273731623
A2,ARX,I,119,120,1,120,0.650000001782821,0.650403599277329,0.000403597494507246,0.000403597494507246,1.62890937572527e-07,0.000195043127531814,0.5,0.00239286543561559
A2,ARX,I,119,120,2,121,0.65000000133975,0.651675203266101,0.00167520192635073,0.00167520192635073,2.80630149404921e-06,0.000658072845867193,0.75,0.00606559175158169
A2,ARX,I,119,120,3,122,0.650000001006792,0.653076149918844,0.00307614891205277,0.00307614891205277,9.46269212912343e-06,0.00122968028390916,0.75,0.00990515613919143
A2,ARX,I,119,120,4,123,0.650000000756581,0.655196366452092,0.00519636569551063,0.00519636569551063,2.70022164414797e-05,0.00196910816197703,0.75,0.0141445500752522
A2,ARX,I,119,120,5,124,0.650000000568553,0.657344111363627,0.00734411079507358,0.00734411079507358,5.39359633703163e-05,0.00282191459735911,0.75,0.01902764569111
A2,ARX,I,119,120,6,125,0.650000000427255,0.66005285946683,0.0100528590395751,0.0100528590395751,0.000101059974869567,0.00373149857017812,0.75,0.0230551052554708
A2,ARX,I,119,120,7,126,0.650000000321072,0.663507964129519,0.0135079638084464,0.0135079638084464,0.000182465086250299,0.00517336498680647,0.5,0.0276382349089781
A2,ARX,I,119,120,8,127,0.650000000241279,0.666512193590743,0.0165121933494639,0.0165121933494639,0.000272652529210078,0.00640486707926959,0.5,0.0313646687195308
A2,ARX,I,119,120,9,128,0.650000000181315,0.671081889945227,0.0210818897639117,0.0210818897639117,0.000444446076017724,0.00827043461910645,0.25,0.035491692489456
A2,ARX,I,119,120,10,129,0.650000000136254,0.674725595045715,0.0247255949094611,0.0247255949094611,0.00061135504362677,0.0101241923404095,0.25,0.039849663940787
A2,ARX,I,119,120,11,130,0.650000000102392,0.680460699351572,0.0304606992491799,0.0304606992491799,0.000927854198748991,0.0126282713766697,0,0.0443568459746324
A2,ARX,I,119,120,12,131,0.650000000076945,0.685644735159317,0.0356447350823718,0.0356447350823718,0.00127054713909246,0.0156617231774248,0,0.0511013068956193
A2,ARX,I,119,120,13,132,0.650000000057823,0.68941763526018,0.0394176352023571,0.0394176352023571,0.0015537499649461,0.0177903610101398,0,0.0594403526334009
A2,ARX,I,119,120,14,133,0.650000000043452,0.696272395406606,0.046272395363154,0.046272395363154,0.00214113457264403,0.0203269801491115,0,0.0673979495645132
A2,ARX,I,126,127,1,127,0.650000000241279,0.650283870388996,0.000283870147716914,0.000283870147716914,8.05822607648224e-08,0.000144683827612428,0.5,0.00146397071046386
A2,ARX,I,126,127,2,128,0.650000000181315,0.65138010680062,0.00138010661930443,0.00138010661930443,1.90469428064791e-06,0.000501665109983729,0.75,0.00420949903208653
A2,ARX,I,126,127,3,129,0.650000000136254,0.652624494229149,0.00262449409289423,0.00262449409289423,6.88796924363668e-06,0.00100550582939861,0.75,0.00749726763597552
A2,ARX,I,126,127,4,130,0.650000000102392,0.654406257965305,0.00440625786291271,0.00440625786291271,1.94151083544801e-05,0.00161775223660767,0.75,0.0114276341199487
A2,ARX,I,126,127,5,131,0.650000000076945,0.655813351104848,0.00581335102790226,0.00581335102790226,3.37950501736122e-05,0.00239528564581466,0.75,0.0155948205205633
A2,ARX,I,126,127,6,132,0.650000000057823,0.658892767991066,0.00889276793324367,0.00889276793324367,7.90813215145269e-05,0.00339688221419493,0.75,0.0198278727697595
A2,ARX,I,126,127,7,133,0.650000000043452,0.66156677685676,0.0115667768133075,0.0115667768133075,0.000133790325848869,0.0043876125622974,0.75,0.0241246389602713
A2,ARX,I,126,127,8,134,0.650000000032654,0.664082770704431,0.0140827706717778,0.0140827706717778,0.000198324429793884,0.00536854704712132,0.75,0.0305098904992981
A2,ARX,I,126,127,9,135,0.650000000024538,0.667060024801534,0.0170600247769953,0.0170600247769953,0.000291044445391694,0.00649903836736254,0.5,0.0365512991234527
A2,ARX,I,126,127,10,136,0.65000000001844,0.670102737113782,0.0201027370953424,0.0201027370953424,0.000404120038724455,0.00784717178532572,0.5,0.0427928082308655
A2,ARX,I,126,127,11,137,0.650000000013857,0.674459851559764,0.0244598515459069,0.0244598515459069,0.000598284337647804,0.00935031392355615,0.5,0.0494672306185007
A2,ARX,I,126,127,12,138,0.650000000010413,0.678443043360037,0.0284430433496231,0.0284430433496231,0.000809006714988539,0.0109561101146469,0.5,0.0576297974373885
A2,ARX,I,126,127,13,139,0.650000000007826,0.683046061114348,0.0330460611065222,0.0330460611065222,0.001092042154656,0.0128194595891464,0.5,0.0660380066223023
A2,ARX,I,126,127,14,140,0.650000000005881,0.689559573295363,0.0395595732894826,0.0395595732894826,0.00156495983884594,0.0150063698858265,0.5,0.0741775430970544
A2,ARX,I,133,134,1,134,0.650000000032654,0.650162844476864,0.000162844444210553,0.000162844444210553,2.65183130102438e-08,0.000141065294469282,0.25,0.00148336343482061
A2,ARX,I,133,134,2,135,0.650000000024538,0.651335742156311,0.0013357421317729,0.0013357421317729,1.78420704259321e-06,0.000504791244278762,0.75,0.00491816774369691
A2,ARX,I,133,134,3,136,0.65000000001844,0.652703623715232,0.002703623696792,0.002703623696792,7.30958109385525e-06,0.00112844278676616,0.75,0.00933230680918079
A2,ARX,I,133,134,4,137,0.650000000013857,0.65459656501747,0.00459656500361227,0.00459656500361227,2.11284098324331e-05,0.00177134170414052,0.75,0.0129956704916056
A2,ARX,I,133,134,5,138,0.650000000010413,0.65650306363682,0.00650306362640685,0.00650306362640685,4.22898365290958e-05,0.002645423802179,0.75,0.0187654045658726
A2,ARX,I,133,134,6,139,0.650000000007826,0.658723835860961,0.00872383585313574,0.00872383585313574,7.61053119924566e-05,0.00329156962197661,0.75,0.0250172717016925
A2,ARX,I,133,134,7,140,0.650000000005881,0.660261696311625,0.0102616963057444,0.0102616963057444,0.000105302411071327,0.00409849601786572,0.75,0.0315074152397298
A2,ARX,I,133,134,8,141,0.650000000004419,0.662822759009512,0.0128227590050924,0.0128227590050924,0.000164423148502679,0.00507524217739952,0.75,0.0382926868222815
A2,ARX,I,133,134,9,142,0.650000000003321,0.666419504706394,0.0164195047030732,0.0164195047030732,0.000269600134694242,0.00634977672863423,0.75,0.0447800471977468
A2,ARX,I,133,134,10,143,0.650000000002496,0.671469241419309,0.0214692414168131,0.0214692414168131,0.000460928327013401,0.00769839619270143,0.75,0.0514425677768383
A2,ARX,I,133,134,11,144,0.650000000001875,0.676710226870845,0.02671022686897,0.02671022686897,0.000713436219391845,0.00888861160759269,0.75,0.0577291944381718
A2,ARX,I,133,134,12,145,0.650000000001409,0.680644882452879,0.0306448824514697,0.0306448824514697,0.000939108820464394,0.0107504488986971,0.5,0.0640183574709342
A2,ARX,I,133,134,13,146,0.650000000001059,0.685657718918419,0.0356577189173604,0.0356577189173604,0.00127147291838948,0.0127194709027095,0.5,0.0717705039402143
A2,ARX,I,133,134,14,147,0.650000000000796,0.691214861679614,0.0412148616788179,0.0412148616788179,0.0016986648232041,0.0146971445533162,0.5,0.0801446954897843
A2,ARX,I,140,141,1,141,0.650000000004419,0.650164963473078,0.000164963468659018,0.000164963468659018,2.7212945992015e-08,0.000158676019648949,0.5,0.00242084783308497
A2,ARX,I,140,141,2,142,0.650000000003321,0.650730265215311,0.000730265211989933,0.000730265211989933,5.33287279842702e-07,0.000440203769128311,0.75,0.00575700086368194
A2,ARX,I,140,141,3,143,0.650000000002496,0.651650444013825,0.00165044401132974,0.00165044401132974,2.72396543453422e-06,0.000861589522123188,0.75,0.00924855279864803
A2,ARX,I,140,141,4,144,0.650000000001875,0.652990779449527,0.00299077944765125,0.00299077944765125,8.94476170449311e-06,0.00146010747332585,0.75,0.0132190311645388
A2,ARX,I,140,141,5,145,0.650000000001409,0.654456321481004,0.00445632147959507,0.00445632147959507,1.98588011295004e-05,0.00209493265432897,0.75,0.0171216029876431
A2,ARX,I,140,141,6,146,0.650000000001059,0.657572389452543,0.00757238945148386,0.00757238945148386,5.73410820049441e-05,0.00278708822403705,0.75,0.0228488479488349
A2,ARX,I,140,141,7,147,0.650000000000796,0.659693169332324,0.00969316933152864,0.00969316933152864,9.39575316896874e-05,0.00363053473578738,0.75,0.0294509477383904
A2,ARX,I,140,141,8,148,0.650000000000598,0.661298631246887,0.0112986312462888,0.0112986312462888,0.000127659068039614,0.00448747194811377,0.75,0.0360799310989908
A2,ARX,I,140,141,9,149,0.650000000000449,0.66445481310102,0.014454813100571,0.014454813100571,0.000208941621772438,0.00554549769375574,0.75,0.0434745102696064
A2,ARX,I,140,141,10,150,0.650000000000338,0.668771945418789,0.0187719454184514,0.0187719454184514,0.000352385934793318,0.00675472043987707,0.75,0.0506826530163956
A2,ARX,I,140,141,11,151,0.650000000000254,0.672620160546193,0.0226201605459393,0.0226201605459393,0.000511671663124069,0.00831503832007569,0.75,0.0584426730320445
A2,ARX,I,140,141,12,152,0.650000000000191,0.676943362656877,0.0269433626566863,0.0269433626566863,0.000725944791249717,0.0102914430714486,0.75,0.0654289322011753
A2,ARX,I,140,141,13,153,0.650000000000143,0.681583880344907,0.0315838803447632,0.0315838803447632,0.000997541497632321,0.0116099729272215,0.75,0.0730678757541773
A2,ARX,I,140,141,14,154,0.650000000000108,0.686532690945206,0.0365326909450987,0.0365326909450987,0.0013346375076901,0.0126777402982885,0.75,0.0807094706022693
A2,ARX,I,147,148,1,148,0.650000000000598,0.65015620199896,0.000156201998362304,0.000156201998362304,2.43990642923773e-08,0.000211492297696765,0.5,0.00337674165226798
A2,ARX,I,147,148,2,149,0.650000000000449,0.650821514848384,0.000821514847935023,0.000821514847935023,6.74886645377704e-07,0.000553582649772782,0.75,0.00754006669995669
A2,ARX,I,147,148,3,150,0.650000000000338,0.652015360593898,0.00201536059356011,0.00201536059356011,4.06167832207497e-06,0.00109475865023416,0.75,0.0119929180483559
A2,ARX,I,147,148,4,151,0.650000000000254,0.653791602553845,0.00379160255359079,0.00379160255359079,1.43762499243962e-05,0.00176170085009254,0.75,0.0168573659524491
A2,ARX,I,147,148,5,152,0.650000000000191,0.655168810813288,0.00516881081309717,0.00516881081309717,2.67166052215902e-05,0.00242795595856352,0.75,0.0209534567752438
A2,ARX,I,147,148,6,153,0.650000000000143,0.655954954619643,0.00595495461949946,0.00595495461949946,3.5461484520298e-05,0.00309798166517163,0.75,0.0252828169727408
A2,ARX,I,147,148,7,154,0.650000000000108,0.658145348037936,0.00814534803782785,0.00814534803782785,6.6346694657346e-05,0.00393207285968734,0.75,0.0299812724400942
A2,ARX,I,147,148,8,155,0.650000000000081,0.65986050169338,0.00986050169329855,0.00986050169329855,9.72294936435436e-05,0.00471315782165524,0.5,0.0346268134579812
A2,ARX,I,147,148,9,156,0.650000000000061,0.662603179662836,0.0126031796627755,0.0126031796627755,0.000158840137612197,0.00576729242118114,0.5,0.0403566712914579
A2,ARX,I,147,148,10,157,0.650000000000046,0.665526846754046,0.0155268467539998,0.0155268467539998,0.000241082970122196,0.00699541073196546,0.5,0.0463099145360381
A2,ARX,I,147,148,11,158,0.650000000000034,0.668056667775017,0.0180566677749823,0.0180566677749823,0.000326043251136083,0.0083048790148085,0.5,0.0522499233078637
A2,ARX,I,147,148,12,159,0.650000000000026,0.672155360222916,0.0221553602228901,0.0221553602228901,0.000490859986606021,0.0102283331728755,0.5,0.0590273682739056
A2,ARX,I,147,148,13,160,0.650000000000019,0.675126443184356,0.0251264431843362,0.0251264431843362,0.000631338147095676,0.0124221105671461,0.5,0.0654884341581143
A2,ARX,I,147,148,14,161,0.650000000000015,0.678114431564527,0.0281144315645127,0.0281144315645127,0.000790421262195665,0.0141983966884873,0.5,0.0733113266932459
A2,ARX,I,154,155,1,155,0.650000000000081,0.650146544646175,0.000146544646093649,0.000146544646093649,2.14753332987129e-08,0.000169316600273192,0.5,0.00274946233278794
A2,ARX,I,154,155,2,156,0.650000000000061,0.650875539402262,0.000875539402201642,0.000875539402201642,7.66569244807608e-07,0.00051145230141246,0.75,0.00632356412253912
A2,ARX,I,154,155,3,157,0.650000000000046,0.651761669655881,0.00176166965583546,0.00176166965583546,3.10347997629144e-06,0.000932914125810975,0.75,0.0101003516936636
A2,ARX,I,154,155,4,158,0.650000000000034,0.652838249065211,0.00283824906517716,0.00283824906517716,8.055657755979e-06,0.00142785808126007,0.75,0.0145020815275811
A2,ARX,I,154,155,5,159,0.650000000000026,0.654217648569668,0.00421764856964213,0.00421764856964213,1.77885594570043e-05,0.00201163690465827,0.75,0.0187780553007308
A2,ARX,I,154,155,6,160,0.650000000000019,0.655751672516534,0.00575167251651421,0.00575167251651421,3.30817367372249e-05,0.00267071277651827,0.75,0.0243328589975905
A2,ARX,I,154,155,7,161,0.650000000000015,0.657911506427843,0.00791150642782845,0.00791150642782845,6.25919339575709e-05,0.00340247215582368,0.75,0.0309062791678043
A2,ARX,I,154,155,8,162,0.650000000000011,0.660698046809592,0.0106980468095812,0.0106980468095812,0.00011444820553999,0.0043733982980736,0.75,0.037371178396805
A2,ARX,I,154,155,9,163,0.650000000000008,0.664218962993348,0.0142189629933397,0.0142189629933397,0.000202178908605964,0.00544507337038309,0.75,0.0438292721821295
A2,ARX,I,154,155,10,164,0.650000000000006,0.66670631859437,0.0167063185943639,0.0167063185943639,0.000279101080976389,0.00642380939797527,0.75,0.0519333278575802
A2,ARX,I,154,155,11,165,0.650000000000005,0.669935942167213,0.0199359421672086,0.0199359421672086,0.000397441790094287,0.00769315234995139,0.75,0.059201376376377
A2,ARX,I,154,155,12,166,0.650000000000003,0.673132231681883,0.0231322316818799,0.0231322316818799,0.00053510014258417,0.00897436735842839,0.75,0.0673815397870078
A2,ARX,I,154,155,13,167,0.650000000000003,0.676145555574478,0.0261455555744755,0.0261455555744755,0.000683590076297987,0.0103534058826324,0.75,0.0755658174854418
A2,ARX,I,154,155,14,168,0.650000000000002,0.678482537086323,0.0284825370863214,0.0284825370863214,0.000811254918873675,0.0118001862514047,0.75,0.0839822922439775
A2,ARX,I,161,162,1,162,0.650000000000011,0.650205949000988,0.000205949000976924,0.000205949000976924,4.2414991003393e-08,0.000184310407513594,0.5,0.00249042687129633
A2,ARX,I,161,162,2,163,0.650000000000008,0.650886675150511,0.000886675150503224,0.000886675150503224,7.86192822519916e-07,0.000513717886263524,0.5,0.00534397527089048
A2,ARX,I,161,162,3,164,0.650000000000006,0.651785976767696,0.00178597676768943,0.00178597676768943,3.1897130147264e-06,0.000842614460773053,0.75,0.00871066684425115
A2,ARX,I,161,162,4,165,0.650000000000005,0.653063426261495,0.00306342626149003,0.00306342626149003,9.38458045958679e-06,0.00136030052609884,0.75,0.0127211134039308
A2,ARX,I,161,162,5,166,0.650000000000003,0.654616485577646,0.00461648557764238,0.00461648557764238,2.13119390885801e-05,0.00203292498775673,0.75,0.0172373265391041
A2,ARX,I,161,162,6,167,0.650000000000003,0.656598857798291,0.0065988577982885,0.0065988577982885,4.3544924242033e-05,0.00263275959835467,0.75,0.0209733153054809
A2,ARX,I,161,162,7,168,0.650000000000002,0.658575965752032,0.00857596575203023,0.00857596575203023,7.35471885799955e-05,0.00338892508123602,0.75,0.0255229853394735
A2,ARX,I,161,162,8,169,0.650000000000001,0.661382675248266,0.0113826752482644,0.0113826752482644,0.000129565295807451,0.00405011613632243,0.75,0.0310699760605888
A2,ARX,I,161,162,9,170,0.650000000000001,0.664296023026089,0.0142960230260881,0.0142960230260881,0.000204376274362442,0.00509405907630148,0.75,0.0378022589740544
A2,ARX,I,161,162,10,171,0.650000000000001,0.667465510027498,0.0174655100274975,0.0174655100274975,0.000305044040520616,0.00601289781912044,0.75,0.045118882594833
A2,ARX,I,161,162,11,172,0.650000000000001,0.670184508022236,0.020184508022235,0.020184508022235,0.000407414364099671,0.00711280939218318,0.75,0.0521836814457462
A2,ARX,I,161,162,12,173,0.65,0.671979569661295,0.0219795696612948,0.0219795696612948,0.00048310148249571,0.00798355362758522,0.75,0.060416085805866
A2,ARX,I,161,162,13,174,0.65,0.67518514682605,0.0251851468260498,0.0251851468260498,0.000634291620649685,0.00921349868920801,0.75,0.0683695374040132
A2,ARX,I,161,162,14,175,0.65,0.678782639629859,0.0287826396298589,0.0287826396298589,0.000828440344062326,0.0107910669622559,0.75,0.0766114946605142
A2,ARX,I,168,169,1,169,0.650000000000001,0.650078873644616,7.88736446146743e-05,7.88736446146743e-05,6.22105181480194e-09,0.000101981348469057,0.5,0.00171181301131629
A2,ARX,I,168,169,2,170,0.650000000000001,0.650510024362368,0.000510024362367245,0.000510024362367245,2.60124850208115e-07,0.000390334424372632,0.75,0.0051798993495972
A2,ARX,I,168,169,3,171,0.650000000000001,0.651464017501051,0.00146401750105019,0.00146401750105019,2.14334724338123e-06,0.000805068932045371,0.75,0.00905239526386631
A2,ARX,I,168,169,4,172,0.650000000000001,0.652300387424969,0.00230038742496852,0.00230038742496852,5.2917823049533e-06,0.00120100086239697,0.75,0.0135657282665348
A2,ARX,I,168,169,5,173,0.65,0.653792948083897,0.0037929480838963,0.0037929480838963,1.43864551671326e-05,0.00168112443700112,0.75,0.0187617644277102
A2,ARX,I,168,169,6,174,0.65,0.655564540519801,0.0055645405198006,0.0055645405198006,3.09641111965027e-05,0.00222918033835113,1,0.0246883904127494
A2,ARX,I,168,169,7,175,0.65,0.656572447499715,0.00657244749971464,0.00657244749971464,4.31970661365052e-05,0.00283488633743287,1,0.0309335131560575
A2,ARX,I,168,169,8,176,0.65,0.658843522533604,0.00884352253360388,0.00884352253360388,7.82078908023595e-05,0.00368777656576711,0.75,0.0371476227412184
A2,ARX,I,168,169,9,177,0.65,0.66126123067775,0.0112612306777495,0.0112612306777495,0.000126815316377487,0.00467911958028128,0.75,0.0440563460861386
A2,ARX,I,168,169,10,178,0.65,0.663482647027889,0.0134826470278884,0.0134826470278884,0.000181781770878627,0.00592389846285347,0.75,0.0506651261595034
A2,ARX,I,168,169,11,179,0.65,0.666542593738496,0.0165425937384961,0.0165425937384961,0.00027365740759693,0.00711105055951205,0.75,0.0570531097163147
A2,ARX,I,168,169,12,180,0.65,0.670885324582865,0.0208853245828647,0.0208853245828647,0.000436196782931614,0.00826947440784127,0.75,0.0638474273403083
A2,ARX,I,168,169,13,181,0.65,0.673581270897948,0.0235812708979483,0.0235812708979483,0.000556076337162421,0.00929603499827876,0.75,0.0706184380924414
A2,ARX,I,168,169,14,182,0.65,0.676763725820988,0.026763725820988,0.026763725820988,0.000716297019821018,0.010412280041808,0.75,0.0771138859898295
A2,ARX,I,175,176,1,176,0.65,0.650121971785895,0.000121971785895347,0.000121971785895347,1.48771165545004e-08,0.000156808388819643,0.5,0.00251727467033899
A2,ARX,I,175,176,2,177,0.65,0.650762122313112,0.000762122313112235,0.000762122313112235,5.80830420143543e-07,0.000426095262472688,0.5,0.0057192029866619
A2,ARX,I,175,176,3,178,0.65,0.651584564510723,0.0015845645107232,0.0015845645107232,2.51084468864344e-06,0.000822783114678783,0.75,0.00920895975684
A2,ARX,I,175,176,4,179,0.65,0.652241467534927,0.00224146753492682,0.00224146753492682,5.02417671013092e-06,0.0011443698335055,0.75,0.0123114586128663
A2,ARX,I,175,176,5,180,0.65,0.653295214026269,0.00329521402626898,0.00329521402626898,1.08584354789198e-05,0.00159625958566554,0.75,0.0162432928546774
A2,ARX,I,175,176,6,181,0.65,0.655642151615554,0.00564215161555393,0.00564215161555393,3.18338748528978e-05,0.00222363108691343,0.75,0.0206903823112002
A2,ARX,I,175,176,7,182,0.65,0.657273731433874,0.00727373143387444,0.00727373143387444,5.29071689721331e-05,0.00294755685421593,0.75,0.0257135768332011
A2,ARX,I,175,176,8,183,0.65,0.659625288193315,0.00962528819331521,0.00962528819331521,9.26461728043731e-05,0.00374403060465264,0.75,0.0327334948044171
A2,ARX,I,175,176,9,184,0.65,0.661978821235748,0.0119788212357478,0.0119788212357478,0.000143492158198002,0.00470504132685124,0.75,0.0406744408551945
A2,ARX,I,175,176,10,185,0.65,0.664123015912405,0.0141230159124052,0.0141230159124052,0.00019945957846205,0.0057371702856768,0.75,0.0491356702354841
A2,ARX,I,175,176,11,186,0.65,0.666896610914253,0.0168966109142532,0.0168966109142532,0.000285495460387661,0.00655602257523975,0.75,0.0571391142425955
A2,ARX,I,175,176,12,187,0.65,0.670192773710555,0.0201927737105554,0.0201927737105554,0.000407748110125697,0.00744787678046026,0.75,0.0663788492483669
A2,ARX,I,175,176,13,188,0.65,0.672730711633328,0.0227307116333283,0.0227307116333283,0.000516685251357526,0.00825553624208489,0.75,0.0757993179598788
A2,ARX,I,175,176,14,189,0.65,0.676911609026218,0.0269116090262184,0.0269116090262184,0.000724234700380038,0.00896362504564835,0.75,0.0849600715397405
A2,ARX,I,182,183,1,183,0.65,0.650092087935731,9.20879357310112e-05,9.20879357310112e-05,8.48018790719884e-09,0.000103395628744656,0.5,0.00109953619998512
A2,ARX,I,182,183,2,184,0.65,0.650360459084121,0.000360459084120857,0.000360459084120857,1.29930751325247e-07,0.000280240485138265,0.75,0.0036595784636933
A2,ARX,I,182,183,3,185,0.65,0.650919826484719,0.000919826484719333,0.000919826484719333,8.46080761991125e-07,0.000621443724817272,0.75,0.00792266909567435
A2,ARX,I,182,183,4,186,0.65,0.652265604529483,0.00226560452948299,0.00226560452948299,5.13296388401384e-06,0.00117327979856415,0.75,0.0133487243328285
A2,ARX,I,182,183,5,187,0.65,0.65351796117733,0.00351796117733016,0.00351796117733016,1.23760508452022e-05,0.0017119273534857,0.75,0.018386637889416
A2,ARX,I,182,183,6,188,0.65,0.655090725785625,0.00509072578562531,0.00509072578562531,2.59154890244304e-05,0.00225790694444061,0.75,0.0234948358602552
A2,ARX,I,182,183,7,189,0.65,0.656712619218194,0.00671261921819355,0.00671261921819355,4.50592567684614e-05,0.00283938976146646,0.75,0.0277700395041613
A2,ARX,I,182,183,8,190,0.65,0.658892716140931,0.00889271614093101,0.00889271614093101,7.9080400363175e-05,0.00365188430832919,0.75,0.0328704496857953
A2,ARX,I,182,183,9,191,0.65,0.661117370186011,0.0111173701860107,0.0111173701860107,0.000123595919852799,0.00455685122078518,0.75,0.0387749026409547
A2,ARX,I,182,183,10,192,0.65,0.66360979934693,0.0136097993469299,0.0136097993469299,0.000185226638263692,0.0053008072775018,0.75,0.0450621046995966
A2,ARX,I,182,183,11,193,0.65,0.665744279863422,0.0157442798634223,0.0157442798634223,0.000247882348417765,0.00624348623512839,0.75,0.0510670567160621
A2,ARX,I,182,183,12,194,0.65,0.668547088444347,0.0185470884443469,0.0185470884443469,0.000343994489762428,0.0072031969237203,0.75,0.0579706912955527
A2,ARX,I,182,183,13,195,0.65,0.670952274283914,0.0209522742839144,0.0209522742839144,0.000438997797668382,0.008093202043544,0.75,0.0644774397089563
A2,ARX,I,182,183,14,196,0.65,0.673255574068868,0.0232555740688681,0.0232555740688681,0.000540821725272612,0.00881688374123638,0.75,0.0707784631608831
A2,ARX,I,189,190,1,190,0.65,0.650072998338717,7.29983387166566e-05,7.29983387166566e-05,5.32875745539173e-09,9.92062852935053e-05,0.75,0.00211792017435872
A2,ARX,I,189,190,2,191,0.65,0.650333707499331,0.000333707499330815,0.000333707499330815,1.11360695109626e-07,0.000337654757942618,0.75,0.00525739423468238
A2,ARX,I,189,190,3,192,0.65,0.651027665530512,0.00102766553051226,0.00102766553051226,1.05609644260304e-06,0.000697590380846043,0.75,0.00939856461115773
A2,ARX,I,189,190,4,193,0.65,0.651862826688426,0.00186282668842574,0.00186282668842574,3.47012327111123e-06,0.0010045823059128,0.75,0.0140621143593345
A2,ARX,I,189,190,5,194,0.65,0.653060776589574,0.00306077658957438,0.00306077658957438,9.36835333128655e-06,0.00155997284132408,0.75,0.0191862449202767
A2,ARX,I,189,190,6,195,0.65,0.654434212309818,0.00443421230981755,0.00443421230981755,1.96622388085375e-05,0.00202389724918169,0.75,0.0235728188093623
A2,ARX,I,189,190,7,196,0.65,0.655892159655475,0.00589215965547518,0.00589215965547518,3.47175454056094e-05,0.00245111511844185,1,0.0284691205092359
A2,ARX,I,189,190,8,197,0.65,0.658118340765843,0.00811834076584295,0.00811834076584295,6.59074567903474e-05,0.00307420059616791,1,0.033863801052622
A2,ARX,I,189,190,9,198,0.65,0.660788839100464,0.0107888391004639,0.0107888391004639,0.000116399049135699,0.00389229946201327,0.75,0.0391766829105668
A2,ARX,I,189,190,10,199,0.65,0.662536112270747,0.0125361122707471,0.0125361122707471,0.000157154110864777,0.00478796598053475,0.75,0.0446497470293239
A2,ARX,I,189,190,11,200,0.65,0.663566841881255,0.0135668418812546,0.0135668418812546,0.000184059198630963,0.00557290231256851,0.75,0.0507261740102733
A2,ARX,I,189,190,12,201,0.65,0.665837470331432,0.0158374703314325,0.0158374703314325,0.000250825466499003,0.00645409576274237,0.75,0.0582243698143436
A2,ARX,I,189,190,13,202,0.65,0.66778844838522,0.0177884483852203,0.0177884483852203,0.000316428895953647,0.00718514673866769,0.75,0.0658179817254891
A2,ARX,I,189,190,14,203,0.65,0.670119329645009,0.0201193296450092,0.0201193296450092,0.000404787425364545,0.0076586816626696,0.75,0.0735476373141165
A2,ARX,I,196,197,1,197,0.65,0.650082216669302,8.22166693021931e-05,8.22166693021931e-05,6.75958071114618e-09,9.08476345149746e-05,0.5,0.00104176326589306
A2,ARX,I,196,197,2,198,0.65,0.650515336333497,0.000515336333496874,0.000515336333496874,2.65571536622001e-07,0.000312003321376023,0.5,0.00305752584825947
A2,ARX,I,196,197,3,199,0.65,0.651095075984889,0.00109507598488923,0.00109507598488923,1.19919141268111e-06,0.000537123236245593,0.75,0.00536014096576645
A2,ARX,I,196,197,4,200,0.65,0.652218587176917,0.00221858717691725,0.00221858717691725,4.92212906158167e-06,0.00115211860364539,0.5,0.0087929139610903
A2,ARX,I,196,197,5,201,0.65,0.653245543843928,0.00324554384392806,0.00324554384392806,1.05335548428593e-05,0.00146575645318951,0.75,0.0122309316046038
A2,ARX,I,196,197,6,202,0.65,0.654387578946237,0.0043875789462372,0.0043875789462372,1.9250849009464e-05,0.00200581128170452,0.75,0.0175177034613117
A2,ARX,I,196,197,7,203,0.65,0.655734685385899,0.00573468538589872,0.00573468538589872,3.28866164752403e-05,0.00248744979002231,0.75,0.0232305119271824
A2,ARX,I,196,197,8,204,0.65,0.656856657584747,0.00685665758474663,0.00685665758474663,4.70137532344635e-05,0.00303405459447006,0.75,0.0287963912221567
A2,ARX,I,196,197,9,205,0.65,0.658212041078704,0.00821204107870444,0.00821204107870444,6.74376186783291e-05,0.00373586421691686,0.75,0.0346997558304103
A2,ARX,I,196,197,10,206,0.65,0.660069858034923,0.0100698580349226,0.0100698580349226,0.000101402040843494,0.00445266777581445,0.75,0.0398622474871263
A2,ARX,I,196,197,11,207,0.65,0.662396993809695,0.0123969938096947,0.0123969938096947,0.000153685455517609,0.00513351663327951,0.75,0.0451058480231307
A2,ARX,I,196,197,12,208,0.65,0.664205565707692,0.0142055657076919,0.0142055657076919,0.000201798097075553,0.00586092345100948,0.75,0.0505654784695457
A2,ARX,I,196,197,13,209,0.65,0.665985976641177,0.0159859766411771,0.0159859766411771,0.000255551449172259,0.00666810001338046,0.75,0.0561407647781973
A2,ARX,I,196,197,14,210,0.65,0.667288802397197,0.0172888023971967,0.0172888023971967,0.000298902688329313,0.00749593853572278,0.75,0.0616005902966318
A2,ARX,I,203,204,1,204,0.65,0.650074380274755,7.43802747550371e-05,7.43802747550371e-05,5.5324252726348e-09,0.000122238158812514,0.5,0.00187945547881455
A2,ARX,I,203,204,2,205,0.65,0.650342099170334,0.000342099170333898,0.000342099170333898,1.17031842343142e-07,0.000303592980289016,0.75,0.00444697505764424
A2,ARX,I,203,204,3,206,0.65,0.650971772317541,0.000971772317541197,0.000971772317541197,9.4434143713939e-07,0.000620636475972318,0.75,0.00767910660766019
A2,ARX,I,203,204,4,207,0.65,0.651797318767471,0.0017973187674708,0.0017973187674708,3.23035475190276e-06,0.000934999930113615,1,0.0123316357411345
A2,ARX,I,203,204,5,208,0.65,0.652863090749263,0.00286309074926305,0.00286309074926305,8.19728863851567e-06,0.00137865840626429,1,0.0165926948425273
A2,ARX,I,203,204,6,209,0.65,0.654093385987423,0.00409338598742282,0.00409338598742282,1.67558088420295e-05,0.00179729928398558,1,0.0205815330448658
A2,ARX,I,203,204,7,210,0.65,0.655616708390813,0.00561670839081274,0.00561670839081274,3.15474131474263e-05,0.00228590522145531,1,0.0247833283303728
A2,ARX,I,203,204,8,211,0.65,0.656975639455572,0.00697563945557189,0.00697563945557189,4.86595458141313e-05,0.00277365934057951,1,0.0287942832606963
A2,ARX,I,203,204,9,212,0.65,0.658271659055217,0.00827165905521732,0.00827165905521732,6.84203435257586e-05,0.0032077840717732,0.75,0.0330390581409152
A2,ARX,I,203,204,10,213,0.65,0.660612664634742,0.0106126646347424,0.0106126646347424,0.000112628650649512,0.00426759562578161,0.75,0.0375680763566996
A2,ARX,I,203,204,11,214,0.65,0.662334357504953,0.012334357504953,0.012334357504953,0.000152136375059991,0.00485594525426192,0.75,0.0428930218059148
A2,ARX,I,203,204,12,215,0.65,0.664095095197614,0.0140950951976135,0.0140950951976135,0.000198671708629788,0.00518512191077313,0.75,0.0485873743261964
A2,ARX,I,203,204,13,216,0.65,0.666064458577317,0.0160644585773171,0.0160644585773171,0.000258066829382337,0.00588690206564016,0.75,0.0539511552618991
A2,ARX,I,203,204,14,217,0.65,0.668119002132673,0.0181190021326726,0.0181190021326726,0.000328298238283794,0.00693865335857668,0.75,0.0597062572764408
A2,ARX,I,210,211,1,211,0.65,0.650082476078152,8.24760781515943e-05,8.24760781515943e-05,6.80230346726789e-09,0.000130827954555208,0.75,0.00232655721127278
A2,ARX,I,210,211,2,212,0.65,0.650323354769598,0.000323354769598327,0.000323354769598327,1.04558307021987e-07,0.000356406319090908,0.75,0.00544905217104505
A2,ARX,I,210,211,3,213,0.65,0.650937368741901,0.000937368741900646,0.000937368741900646,8.786601582924e-07,0.000588939989457063,0.75,0.00780930287711085
A2,ARX,I,210,211,4,214,0.65,0.651706837724053,0.00170683772405256,0.00170683772405256,2.91329501624891e-06,0.000929435655100356,0.75,0.0106564925279667
A2,ARX,I,210,211,5,215,0.65,0.652573564444726,0.0025735644447259,0.0025735644447259,6.62323395115731e-06,0.00130072904136885,0.75,0.0137590858190946
A2,ARX,I,210,211,6,216,0.65,0.653691401012601,0.00369140101260124,0.00369140101260124,1.36264414358334e-05,0.00178813159699847,0.75,0.0181202581356207
A2,ARX,I,210,211,7,217,0.65,0.655103698272851,0.00510369827285084,0.00510369827285084,2.60477360603007e-05,0.00240470823534517,0.75,0.0228781606392771
A2,ARX,I,210,211,8,218,0.65,0.65634456174877,0.00634456174876952,0.00634456174876952,4.02534637839493e-05,0.00306039047925572,0.75,0.0286420063551723
A2,ARX,I,210,211,9,219,0.65,0.658097951359663,0.00809795135966263,0.00809795135966263,6.55768162234618e-05,0.00367824326997563,0.75,0.0329301518736565
A2,ARX,I,210,211,10,220,0.65,0.660076591552612,0.0100765915526119,0.0100765915526119,0.000101537697318169,0.00432754542232915,0.75,0.0369876400159206
A2,ARX,I,210,211,11,221,0.65,0.663290650664612,0.013290650664612,0.013290650664612,0.000176641395088751,0.00509265423542109,0.75,0.0417667186168004
A2,ARX,I,210,211,12,222,0.65,0.666344586795952,0.0163445867959523,0.0163445867959523,0.000267145517530418,0.00579348301732088,0.75,0.0469654177786559
A2,ARX,I,210,211,13,223,0.65,0.669009833874598,0.0190098338745984,0.0190098338745984,0.00036137378393983,0.00608575804894393,0.75,0.0509311138483169
A2,ARX,I,210,211,14,224,0.65,0.672168959910799,0.0221689599107988,0.0221689599107988,0.000491462783526605,0.0068045101553729,0.75,0.0548517667807473
A2,ARX,I,217,218,1,218,0.65,0.650084952041092,8.49520410922677e-05,8.49520410922677e-05,7.21684928574234e-09,0.000128328400904544,0.5,0.00240056527289767
A2,ARX,I,217,218,2,219,0.65,0.650361981837244,0.000361981837243897,0.000361981837243897,1.31030850494467e-07,0.000417834929406254,0.5,0.00618644163372942
A2,ARX,I,217,218,3,220,0.65,0.650997134679915,0.000997134679914802,0.000997134679914802,9.94277569888794e-07,0.000688522792526337,0.75,0.00980964318665037
A2,ARX,I,217,218,4,221,0.65,0.651999022292538,0.00199902229253801,0.00199902229253801,3.99609012606392e-06,0.00112782516423143,0.75,0.0139846456824759
A2,ARX,I,217,218,5,222,0.65,0.65280262830123,0.00280262830123046,0.00280262830123046,7.85472539485793e-06,0.00158165913412282,0.75,0.0179350375515274
A2,ARX,I,217,218,6,223,0.65,0.654300852861149,0.00430085286114856,0.00430085286114856,1.84973353332498e-05,0.00211085547166732,0.75,0.0220047695191037
A2,ARX,I,217,218,7,224,0.65,0.655811616850291,0.0058116168502913,0.0058116168502913,3.37748904145898e-05,0.00278235385595613,0.75,0.0263479051006524
A2,ARX,I,217,218,8,225,0.65,0.657355658400871,0.00735565840087082,0.00735565840087082,5.41057105103015e-05,0.00343798600728987,0.75,0.0308180003851206
A2,ARX,I,217,218,9,226,0.65,0.659243656238385,0.00924365623838475,0.00924365623838475,8.54451806534292e-05,0.00418961444492957,0.75,0.035300207578896
A2,ARX,I,217,218,10,227,0.65,0.661583826084515,0.0115838260845148,0.0115838260845148,0.000134185026756286,0.00490965662231745,0.75,0.0399653495425189
A2,ARX,I,217,218,11,228,0.65,0.66359628907084,0.01359628907084,0.01359628907084,0.000184859076497843,0.00566994034036052,0.75,0.0445497379459188
A2,ARX,I,217,218,12,229,0.65,0.66719090102679,0.0171909010267903,0.0171909010267903,0.000295527078112901,0.00665812712664372,0.75,0.0494712358433097
A2,ARX,I,217,218,13,230,0.65,0.670069403560483,0.0200694035604828,0.0200694035604828,0.00040278095927352,0.00757485661099948,0.75,0.0541605809189079
A2,ARX,I,217,218,14,231,0.65,0.673837983388403,0.0238379833884034,0.0238379833884034,0.000568249452025795,0.00854709516922397,0.75,0.059964250041568
A2,ARX,I,224,225,1,225,0.65,0.650082046911287,8.20469112869926e-05,8.20469112869926e-05,6.73169565173563e-09,0.000101798364496093,0.5,0.00133689218294403
A2,ARX,I,224,225,2,226,0.65,0.65046398791362,0.000463987913620012,0.000463987913620012,2.15284783985452e-07,0.000256729274342993,0.5,0.00308721481607627
A2,ARX,I,224,225,3,227,0.65,0.650911662528392,0.000911662528392254,0.000911662528392254,8.31128565674558e-07,0.000465210477822547,0.75,0.005489780283365
A2,ARX,I,224,225,4,228,0.65,0.651781894993018,0.00178189499301828,0.00178189499301828,3.17514976614363e-06,0.000809827975196158,0.75,0.00904618560735224
A2,ARX,I,224,225,5,229,0.65,0.652481808693594,0.0024818086935936,0.0024818086935936,6.15937439159678e-06,0.00119119476337258,0.75,0.0128893591624849
A2,ARX,I,224,225,6,230,0.65,0.653469406896179,0.00346940689617881,0.00346940689617881,1.20367842112531e-05,0.00163252196874053,0.75,0.0165734458154964
A2,ARX,I,224,225,7,231,0.65,0.655224571427331,0.00522457142733102,0.00522457142733102,2.72961465992836e-05,0.00218834804537514,0.75,0.0205774212573257
A2,ARX,I,224,225,8,232,0.65,0.656744667979753,0.00674466797975282,0.00674466797975282,4.54905461571029e-05,0.0026989648339132,0.75,0.0254703664808861
A2,ARX,I,224,225,9,233,0.65,0.658014998595364,0.00801499859536425,0.00801499859536425,6.4240202483691e-05,0.0031978710809215,0.75,0.02963607355353
A2,ARX,I,224,225,10,234,0.65,0.659991501738022,0.00999150173802155,0.00999150173802155,9.98301069808876e-05,0.0039026985342055,0.75,0.0339900532579548
A2,ARX,I,224,225,11,235,0.65,0.661152646707808,0.011152646707808,0.011152646707808,0.000124381528589181,0.00463627604645463,0.75,0.0385987689956146
A2,ARX,I,224,225,12,236,0.65,0.663253350567306,0.0132533505673061,0.0132533505673061,0.000175651301259914,0.00541548232853653,0.75,0.0432519334366391
A2,ARX,I,224,225,13,237,0.65,0.664738450287068,0.0147384502870681,0.0147384502870681,0.000217221916864378,0.00619125840674836,0.75,0.0484755754644641
A2,ARX,I,224,225,14,238,0.65,0.666948156028159,0.0169481560281587,0.0169481560281587,0.000287239992754812,0.00711861233543734,0.75,0.0529274527153898
A2,ARX,I,231,232,1,232,0.65,0.650113308275309,0.000113308275309199,0.000113308275309199,1.28387652535451e-08,0.00014970449517169,0,0.00158664659516852
A2,ARX,I,231,232,2,233,0.65,0.650374952920284,0.000374952920284,0.000374952920284,1.40589692429499e-07,0.000332160419316306,0.5,0.00405040801260725
A2,ARX,I,231,232,3,234,0.65,0.650988948481992,0.000988948481992158,0.000988948481992158,9.78019100034593e-07,0.000587575310828747,0.75,0.00719820295950102
A2,ARX,I,231,232,4,235,0.65,0.651953531976817,0.0019535319768168,0.0019535319768168,3.81628718444576e-06,0.00103463790379909,0.75,0.0115589404503898
A2,ARX,I,231,232,5,236,0.65,0.653065662888777,0.00306566288877719,0.00306566288877719,9.39828894762569e-06,0.00145776808274485,0.75,0.0156806319169374
A2,ARX,I,231,232,6,237,0.65,0.654142139133245,0.00414213913324513,0.00414213913324513,1.71573165991607e-05,0.00195529825654223,0.75,0.0206854618048034
A2,ARX,I,231,232,7,238,0.65,0.655351585121026,0.00535158512102551,0.00535158512102551,2.86394633075817e-05,0.00253228639753085,0.75,0.025482727661967
A2,ARX,I,231,232,8,239,0.65,0.656848030201686,0.00684803020168634,0.00684803020168634,4.68955176432082e-05,0.00305736593257258,0.75,0.030510516745273
A2,ARX,I,231,232,9,240,0.65,0.658975574656564,0.00897557465656418,0.00897557465656418,8.05609404155572e-05,0.00377796329828196,0.75,0.0362669537194506
A2,ARX,I,231,232,10,241,0.65,0.660823595775871,0.010823595775871,0.010823595775871,0.000117150225519453,0.00442429495967329,0.75,0.0413694764951259
A2,ARX,I,231,232,11,242,0.65,0.662710007754913,0.0127100077549128,0.0127100077549128,0.000161544297129944,0.00503011713342766,0.75,0.0464832096195544
A2,ARX,I,231,232,12,243,0.65,0.664589808144579,0.0145898081445788,0.0145898081445788,0.000212862501695617,0.00580651374843931,0.75,0.0516796632126867
A2,ARX,I,231,232,13,244,0.65,0.666942133571319,0.016942133571319,0.016942133571319,0.000287035889948415,0.00645828274398771,0.75,0.0583953106480019
A2,ARX,I,231,232,14,245,0.65,0.669555503554589,0.019555503554589,0.019555503554589,0.000382417719273544,0.00708433861278712,0.75,0.0637911709324575
A2,ARX,I,238,239,1,239,0.65,0.650078744920676,7.87449206759439e-05,7.87449206759439e-05,6.20076253226069e-09,9.84508050249207e-05,0.5,0.00163612202021979
A2,ARX,I,238,239,2,240,0.65,0.650288174449774,0.000288174449774248,0.000288174449774248,8.30445135026905e-08,0.000253966557017288,0.75,0.00405081839750421
A2,ARX,I,238,239,3,241,0.65,0.650701824511318,0.00070182451131795,0.00070182451131795,4.92557644686679e-07,0.000510323645581499,0.75,0.00686605041534452
A2,ARX,I,238,239,4,242,0.65,0.651225100333139,0.00122510033313872,0.00122510033313872,1.5008708262566e-06,0.000796875730863928,0.75,0.00971639418225895
A2,ARX,I,238,239,5,243,0.65,0.651933133759537,0.00193313375953719,0.00193313375953719,3.73700613226238e-06,0.00114160118571432,0.75,0.0125737629785328
A2,ARX,I,238,239,6,244,0.65,0.653072098916086,0.00307209891608617,0.00307209891608617,9.43779175021785e-06,0.00153643672705504,0.75,0.0153268519976774
A2,ARX,I,238,239,7,245,0.65,0.654077051252833,0.00407705125283331,0.00407705125283331,1.66223469182296e-05,0.00170575944983134,0.75,0.0189449123213566
A2,ARX,I,238,239,8,246,0.65,0.655252531329144,0.00525253132914405,0.00525253132914405,2.75890853636398e-05,0.00208750538471962,1,0.0237345739909431
A2,ARX,I,238,239,9,247,0.65,0.656246102177755,0.00624610217775545,0.00624610217775545,3.90137924149614e-05,0.00257995546021896,1,0.0290112281359555
A2,ARX,I,238,239,10,248,0.65,0.657749428589992,0.00774942858999161,0.00774942858999161,6.00536434713794e-05,0.00317818821943211,1,0.0350780751906291
A2,ARX,I,238,239,11,249,0.65,0.659497946330675,0.00949794633067536,0.00949794633067536,9.02109845003894e-05,0.00371378737055824,0.75,0.0410522902813349
A2,ARX,I,238,239,12,250,0.65,0.661525179143448,0.0115251791434484,0.0115251791434484,0.000132829754288578,0.00432185631967209,1,0.0474292616650357
A2,ARX,I,238,239,13,251,0.65,0.662988489583357,0.0129884895833571,0.0129884895833571,0.000168700861656975,0.00481958000481663,0.75,0.052868912333844
A2,ARX,I,238,239,14,252,0.65,0.664389131018979,0.0143891310189791,0.0143891310189791,0.000207047091481346,0.00562211262218227,0.75,0.0592718523159075
A2,ARX,I,245,246,1,246,0.65,0.650082477320256,8.24773202564577e-05,8.24773202564577e-05,6.80250835668629e-09,0.00011410631553645,0.5,0.00181048104542902
A2,ARX,I,245,246,2,247,0.65,0.650613805337971,0.000613805337970619,0.000613805337970619,3.76756992921226e-07,0.000330139619394453,0.75,0.00448478725138018
A2,ARX,I,245,246,3,248,0.65,0.651289563453808,0.00128956345380826,0.00128956345380826,1.66297390139789e-06,0.000672885920248329,0.75,0.00803484128784138
A2,ARX,I,245,246,4,249,0.65,0.651781518333423,0.00178151833342333,0.00178151833342333,3.17380757232343e-06,0.00103408143035003,0.75,0.011828759534736
A2,ARX,I,245,246,5,250,0.65,0.652484522812703,0.00248452281270284,0.00248452281270284,6.17285360684082e-06,0.00148097178980367,0.75,0.0167942041830191
A2,ARX,I,245,246,6,251,0.65,0.653709911948016,0.00370991194801606,0.00370991194801606,1.37634466620324e-05,0.0019432368645166,0.75,0.0216652276386242
A2,ARX,I,245,246,7,252,0.65,0.655162247982536,0.00516224798253606,0.00516224798253606,2.66488042331976e-05,0.00251050972246319,0.75,0.0260325966642914
A2,ARX,I,245,246,8,253,0.65,0.656584625312671,0.00658462531267112,0.00658462531267112,4.33572905082693e-05,0.00305496552452008,0.75,0.0296136245425777
A2,ARX,I,245,246,9,254,0.65,0.657107087189508,0.00710708718950814,0.00710708718950814,5.05106883192708e-05,0.00358659295466916,0.75,0.0333829679042093
A2,ARX,I,245,246,10,255,0.65,0.657869480854629,0.00786948085462857,0.00786948085462857,6.19287289213657e-05,0.00411608773844295,0.75,0.0373548345107218
A2,ARX,I,245,246,11,256,0.65,0.660449066328571,0.0104490663285711,0.0104490663285711,0.000109182987138879,0.00485347043262205,0.75,0.0418977727933152
A2,ARX,I,245,246,12,257,0.65,0.662023695654421,0.0120236956544212,0.0120236956544212,0.000144569257190147,0.00546443396735295,0.75,0.047493360223566
A2,ARX,I,245,246,13,258,0.65,0.66407046191949,0.01407046191949,0.01407046191949,0.000197977898627819,0.00625548275525088,0.75,0.0526021146725014
A2,ARX,I,245,246,14,259,0.65,0.666465781913839,0.016465781913839,0.016465781913839,0.000271121974034106,0.00698374475989518,0.75,0.0583776561317443
A2,ARX,I,252,253,1,253,0.65,0.650079268466945,7.92684669449484e-05,7.92684669449484e-05,6.28348985180237e-09,0.000113837585619124,0.5,0.00178704609255828
A2,ARX,I,252,253,2,254,0.65,0.650278235736266,0.000278235736265731,0.000278235736265731,7.74151249353332e-08,0.000298078424856566,0.75,0.00465166726456004
A2,ARX,I,252,253,3,255,0.65,0.65079455734109,0.000794557341089908,0.000794557341089908,6.31321368279864e-07,0.000560044678920188,0.75,0.00755711893516792
A2,ARX,I,252,253,4,256,0.65,0.651429705607508,0.00142970560750777,0.00142970560750777,2.04405812413916e-06,0.000784937821013771,0.75,0.0110749365419183
A2,ARX,I,252,253,5,257,0.65,0.652231413983391,0.00223141398339111,0.00223141398339111,4.97920836527336e-06,0.00117751466733658,0.75,0.014669654308114
A2,ARX,I,252,253,6,258,0.65,0.653400399012735,0.00340039901273448,0.00340039901273448,1.15627134458056e-05,0.00154743344818589,0.75,0.0185281323568612
A2,ARX,I,252,253,7,259,0.65,0.654327966372847,0.00432796637284716,0.00432796637284716,1.87312929244958e-05,0.00190535377680153,0.75,0.0233425864511858
A2,ARX,I,252,253,8,260,0.65,0.655459377599528,0.00545937759952764,0.00545937759952764,2.98048037742241e-05,0.00226271560629809,1,0.0282107809073128
A2,ARX,I,252,253,9,261,0.65,0.65665928036744,0.00665928036744023,0.00665928036744023,4.43460150121749e-05,0.0026854033771723,1,0.0324755333761918
A2,ARX,I,252,253,10,262,0.65,0.657959410907549,0.00795941090754859,0.00795941090754859,6.33522219952035e-05,0.00317479686927421,1,0.0372184494256466
A2,ARX,I,252,253,11,263,0.65,0.659590955410525,0.00959095541052535,0.00959095541052535,9.19864256866854e-05,0.0037591942766694,1,0.0425208108462808
A2,ARX,I,252,253,12,264,0.65,0.661216247555828,0.0112162475558284,0.0112162475558284,0.000125804209233626,0.00433204561023201,0.75,0.0487265005595788
A2,ARX,I,252,253,13,265,0.65,0.662956447720328,0.012956447720328,0.012956447720328,0.000167869537529593,0.00509099126286309,0.75,0.0550617921355746
A2,ARX,I,252,253,14,266,0.65,0.664752593183526,0.0147525931835258,0.0147525931835258,0.000217639005638613,0.00595762203325865,0.75,0.0619557254887969
A2,ARX,I,259,260,1,260,0.65,0.650065971233827,6.59712338267893e-05,6.59712338267893e-05,4.3522036926289e-09,8.82104744713693e-05,0.5,0.00154090879343463
A2,ARX,I,259,260,2,261,0.65,0.650264214258463,0.000264214258463347,0.000264214258463347,6.98091743753362e-08,0.00030618338182948,0.5,0.00385135124047356
A2,ARX,I,259,260,3,262,0.65,0.650928603603454,0.000928603603454037,0.000928603603454037,8.62304652347822e-07,0.000609155065913068,0.5,0.00684779318438841
A2,ARX,I,259,260,4,263,0.65,0.651632945200386,0.00163294520038626,0.00163294520038626,2.66651002746452e-06,0.000897432231910005,0.75,0.0103956722380087
A2,ARX,I,259,260,5,264,0.65,0.652300849315347,0.00230084931534724,0.00230084931534724,5.29390757193387e-06,0.00128955243061177,0.75,0.0144589132747394
A2,ARX,I,259,260,6,265,0.65,0.653272914239047,0.00327291423904652,0.00327291423904652,1.07119676161535e-05,0.00183564142473828,0.75,0.0190084845475287
A2,ARX,I,259,260,7,266,0.65,0.654317751677175,0.00431775167717496,0.00431775167717496,1.86429795457472e-05,0.00231140016539113,0.75,0.0228724929395452
A2,ARX,I,259,260,8,267,0.65,0.655720718758559,0.00572071875855928,0.00572071875855928,3.27266231145321e-05,0.00294256375646482,0.75,0.0267252322636598
A2,ARX,I,259,260,9,268,0.65,0.657572929622741,0.00757292962274148,0.00757292962274148,5.73492630709953e-05,0.00352304825081438,0.75,0.0302969232969138
A2,ARX,I,259,260,10,269,0.65,0.658592617779066,0.00859261777906595,0.00859261777906595,7.38330802971202e-05,0.00399675074027376,0.75,0.0346658138662914
A2,ARX,I,259,260,11,270,0.65,0.660127858982641,0.0101278589826411,0.0101278589826411,0.000102573527572265,0.00472948819370222,0.75,0.0397702282226465
A2,ARX,I,259,260,12,271,0.65,0.661720507218351,0.0117205072183507,0.0117205072183507,0.000137370289455411,0.00531468158810579,0.75,0.0443936039025681
A2,ARX,I,259,260,13,272,0.65,0.663912996814209,0.013912996814209,0.013912996814209,0.000193571480352189,0.00618794088367339,0.75,0.0500568191107689
A2,ARX,I,259,260,14,273,0.65,0.666099775169966,0.0160997751699664,0.0160997751699664,0.000259202760523467,0.00702098515664473,0.75,0.0557331948293236
A2,ARX,I,266,267,1,267,0.65,0.650066315875212,6.63158752122195e-05,6.63158752122195e-05,4.39779530516267e-09,0.000118090165180789,0,0.00147315411290763
A2,ARX,I,266,267,2,268,0.65,0.650241798434748,0.000241798434748253,0.000241798434748253,5.8466483046705e-08,0.000340039812088261,0,0.00320012887032317
A2,ARX,I,266,267,3,269,0.65,0.650703419311008,0.000703419311007925,0.000703419311007925,4.94798727098863e-07,0.000553103863561002,0.5,0.0063605662919568
A2,ARX,I,266,267,4,270,0.65,0.651579879372944,0.00157987937294368,0.00157987937294368,2.49601883305292e-06,0.000829410284101356,0.75,0.00973043888189387
A2,ARX,I,266,267,5,271,0.65,0.652515484053283,0.00251548405328295,0.00251548405328295,6.3276600223208e-06,0.00130979302557242,0.75,0.0138352512402422
A2,ARX,I,266,267,6,272,0.65,0.653584948740181,0.00358494874018089,0.00358494874018089,1.28518574697246e-05,0.00180581159593281,0.75,0.0184069041702447
A2,ARX,I,266,267,7,273,0.65,0.655065272672788,0.00506527267278789,0.00506527267278789,2.56569872496918e-05,0.00235967538197368,0.75,0.0224122766819691
A2,ARX,I,266,267,8,274,0.65,0.656587363384394,0.0065873633843937,0.0065873633843937,4.33933563580508e-05,0.00302410053203081,0.75,0.0270276339480644
A2,ARX,I,266,267,9,275,0.65,0.658280013311402,0.00828001331140149,0.00828001331140149,6.85586204369859e-05,0.00388339421824303,0.75,0.032265066573117
A2,ARX,I,266,267,10,276,0.65,0.659084341496592,0.00908434149659187,0.00908434149659187,8.25252604267011e-05,0.00454627789463654,0.75,0.0372066447703547
A2,ARX,I,266,267,11,277,0.65,0.660541925500949,0.0105419255009491,0.0105419255009491,0.000111132193267561,0.00529356730283119,0.5,0.0432849292278665
A2,ARX,I,266,267,12,278,0.65,0.663108013551295,0.0131080135512948,0.0131080135512948,0.000171820019260927,0.00655643612325391,0.5,0.0482370463376966
A2,ARX,I,266,267,13,279,0.65,0.665366368891542,0.0153663688915416,0.0153663688915416,0.000236125292910939,0.00708686038492115,0.5,0.0542977835391766
A2,ARX,I,266,267,14,280,0.65,0.668067706162586,0.0180677061625859,0.0180677061625859,0.000326442005977545,0.00788804577846354,0.75,0.0603141834612053
A2,ARX,I,273,274,1,274,0.65,0.650065427233337,6.54272333374672e-05,6.54272333374672e-05,4.28072286219539e-09,9.11256093739013e-05,0.5,0.00167234664905866
A2,ARX,I,273,274,2,275,0.65,0.650302976399235,0.000302976399234489,0.000302976399234489,9.17946984930966e-08,0.000258260937558981,0.5,0.00409250487795509
A2,ARX,I,273,274,3,276,0.65,0.650680874653707,0.000680874653706698,0.000680874653706698,4.63590294060216e-07,0.000458486998126431,0.5,0.00693968109894533
A2,ARX,I,273,274,4,277,0.65,0.651266496198891,0.00126649619889108,0.00126649619889108,1.60401262180554e-06,0.0007446454043001,0.5,0.0100193328864021
A2,ARX,I,273,274,5,278,0.65,0.651827078972549,0.00182707897254863,0.00182707897254863,3.33821757192937e-06,0.00104282603593803,0.75,0.0134783787043098
A2,ARX,I,273,274,6,279,0.65,0.6526504167694,0.00265041676940014,0.00265041676940014,7.02470905151749e-06,0.00147925048864835,0.75,0.0175145469728297
A2,ARX,I,273,274,7,280,0.65,0.654278594466973,0.00427859446697287,0.00427859446697287,1.83063706128109e-05,0.00198857594925641,0.75,0.0207877397833005
A2,ARX,I,273,274,8,281,0.65,0.6554774992014,0.00547749920139984,0.00547749920139984,3.00029975013359e-05,0.00252248432966566,0.75,0.024354130497685
A2,ARX,I,273,274,9,282,0.65,0.657069443438648,0.00706944343864768,0.00706944343864768,4.99770305322388e-05,0.00304320533237229,0.75,0.0279473766635928
A2,ARX,I,273,274,10,283,0.65,0.658590791782124,0.00859079178212385,0.00859079178212385,7.38017034438067e-05,0.0035290072371001,0.75,0.032197331879278
A2,ARX,I,273,274,11,284,0.65,0.659881886610371,0.00988188661037126,0.00988188661037126,9.76516829802348e-05,0.00415310135803367,0.75,0.0369667390721488
A2,ARX,I,273,274,12,285,0.65,0.660524760469678,0.010524760469678,0.010524760469678,0.000110770582944096,0.00463948023057966,0.75,0.0417212673513321
A2,ARX,I,273,274,13,286,0.65,0.661490618489818,0.011490618489818,0.011490618489818,0.000132034313278548,0.00476617315152676,0.75,0.0469821733273161
A2,ARX,I,273,274,14,287,0.65,0.663091728041921,0.0130917280419209,0.0130917280419209,0.000171393343123619,0.00520929590156048,0.75,0.0518675939672013
A2,ARX,I,280,281,1,281,0.65,0.650070717580521,7.07175805213511e-05,7.07175805213511e-05,5.00097619479378e-09,7.52596965355888e-05,0.5,0.000860335525214168
A2,ARX,I,280,281,2,282,0.65,0.650243386870672,0.000243386870672158,0.000243386870672158,5.92371688155856e-08,0.000255191653092847,0.75,0.00380716341041129
A2,ARX,I,280,281,3,283,0.65,0.65049980694923,0.000499806949229575,0.000499806949229575,2.49806986498175e-07,0.00044545545504876,1,0.00748660427538184
A2,ARX,I,280,281,4,284,0.65,0.651055591357141,0.00105559135714051,0.00105559135714051,1.11427311326974e-06,0.000809071652410905,1,0.0119655009806571
A2,ARX,I,280,281,5,285,0.65,0.651750623445305,0.00175062344530541,0.00175062344530541,3.06468244725299e-06,0.00125803355805642,1,0.01683246550747
A2,ARX,I,280,281,6,286,0.65,0.652323118365516,0.00232311836551646,0.00232311836551646,5.39687894019988e-06,0.00168324644357045,1,0.0224783423229181
A2,ARX,I,280,281,7,287,0.65,0.653023909484683,0.00302390948468345,0.00302390948468345,9.14402857155854e-06,0.00207482138020526,1,0.0271899484250046
A2,ARX,I,280,281,8,288,0.65,0.653630645625652,0.00363064562565196,0.00363064562565196,1.31815876590657e-05,0.00244232894697285,1,0.0319916169954968
A2,ARX,I,280,281,9,289,0.65,0.654281710948604,0.00428171094860408,0.00428171094860408,1.8333048647396e-05,0.00290765581923323,1,0.0373492906535695
A2,ARX,I,280,281,10,290,0.65,0.655573579040187,0.00557357904018729,0.00557357904018729,3.10647833172151e-05,0.00330972995969938,1,0.0421404545621056
A2,ARX,I,280,281,11,291,0.65,0.655556710954233,0.00555671095423327,0.00555671095423327,3.0877036628896e-05,0.00363073529505951,1,0.0474685916625102
A2,ARX,I,280,281,12,292,0.65,0.657961869961139,0.00796186996113868,0.00796186996113868,6.33913732780824e-05,0.00431637857874881,1,0.0534097830689895
A2,ARX,I,280,281,13,293,0.65,0.659216318228485,0.00921631822848534,0.00921631822848534,8.49405216887112e-05,0.00482451184634179,1,0.0590745914025609
A2,ARX,I,280,281,14,294,0.65,0.660337909053077,0.0103379090530771,0.0103379090530771,0.000106872363589693,0.00532277182967511,1,0.0650486582285617
A2,ARX,I,287,288,1,288,0.65,0.650070215337886,7.02153378857595e-05,7.02153378857595e-05,4.93019367441137e-09,0.000125760222196742,0,0.00138510308132767
A2,ARX,I,287,288,2,289,0.65,0.650418173085151,0.000418173085151463,0.000418173085151463,1.74868729145093e-07,0.000378115498483629,0,0.00317957672823227
A2,ARX,I,287,288,3,290,0.65,0.651061994525492,0.00106199452549161,0.00106199452549161,1.12783237217414e-06,0.000756937658393246,0,0.00503470154273505
A2,ARX,I,287,288,4,291,0.65,0.65180989896194,0.00180989896193962,0.00180989896193962,3.2757342524301e-06,0.00123929138972782,0,0.00710597407467828
A2,ARX,I,287,288,5,292,0.65,0.652840303393701,0.00284030339370078,0.00284030339370078,8.06732336826818e-06,0.00150129723367607,0.25,0.010204389979838
A2,ARX,I,287,288,6,293,0.65,0.653856516373835,0.00385651637383544,0.00385651637383544,1.48727185416608e-05,0.0020193152544039,0.5,0.0138963652657653
A2,ARX,I,287,288,7,294,0.65,0.655070322258955,0.00507032225895465,0.00507032225895465,2.5708167809651e-05,0.00259888467919062,0.5,0.0179731502633753
A2,ARX,I,287,288,8,295,0.65,0.656386352716698,0.00638635271669785,0.00638635271669785,4.0785501022074e-05,0.00286766775337855,0.5,0.0218504358063007
A2,ARX,I,287,288,9,296,0.65,0.657169799365994,0.00716979936599438,0.00716979936599438,5.14060229486134e-05,0.00342887873469948,0.75,0.0252976460073008
A2,ARX,I,287,288,10,297,0.65,0.658824471941924,0.0088244719419236,0.0088244719419236,7.78713050537968e-05,0.00410678510104817,0.75,0.0293248280349157
A2,ARX,I,287,288,11,298,0.65,0.660641432420367,0.0106414324203666,0.0106414324203666,0.00011324008395723,0.00481130870760771,0.75,0.0330801735251684
A2,ARX,I,287,288,12,299,0.65,0.662742768538761,0.0127427685387614,0.0127427685387614,0.000162378150032448,0.00554881004107486,0.75,0.0364875255992023
A2,ARX,I,287,288,13,300,0.65,0.66455110786035,0.0145511078603496,0.0145511078603496,0.000211734739963529,0.00614154971318837,0.75,0.0400562736720333
A2,ARX,I,287,288,14,301,0.65,0.667027570047343,0.0170275700473427,0.0170275700473427,0.000289938141717161,0.00677339102215356,0.75,0.044412712459329
A2,ARX,I,294,295,1,295,0.65,0.650070773533526,7.07735335263582e-05,7.07735335263582e-05,5.00889304780655e-09,0.000109232723869032,0.5,0.00227883212713795
A2,ARX,I,294,295,2,296,0.65,0.650300663695793,0.000300663695792625,0.000300663695792625,9.03986579676799e-08,0.00032625062746762,0.75,0.0055631882499427
A2,ARX,I,294,295,3,297,0.65,0.650626252957911,0.000626252957910745,0.000626252957910745,3.92192767291957e-07,0.000552665098840781,0.75,0.00869564251281793
A2,ARX,I,294,295,4,298,0.65,0.651163195122429,0.00116319512242857,0.00116319512242857,1.35302289284162e-06,0.000877515239423148,0.75,0.0123541931369841
A2,ARX,I,294,295,5,299,0.65,0.651879248901064,0.00187924890106406,0.00187924890106406,3.53157643215047e-06,0.00125041645755651,0.75,0.0165212435757886
A2,ARX,I,294,295,6,300,0.65,0.652788813573773,0.0027888135737727,0.0027888135737727,7.77748114925884e-06,0.00164060338673811,0.75,0.0203620934566081
A2,ARX,I,294,295,7,301,0.65,0.653674121188742,0.00367412118874189,0.00367412118874189,1.34991665095621e-05,0.00207936860906114,0.75,0.02456558530877
A2,ARX,I,294,295,8,302,0.65,0.65462278988218,0.0046227898821799,0.0046227898821799,2.13701862947849e-05,0.00256878403556634,0.75,0.0288630441613815
A2,ARX,I,294,295,9,303,0.65,0.655441362420806,0.00544136242080551,0.00544136242080551,2.96084249945544e-05,0.00296388139659848,0.75,0.0329184668417674
A2,ARX,I,294,295,10,304,0.65,0.65646819954151,0.00646819954151001,0.00646819954151001,4.18376053087903e-05,0.00344680613929533,0.75,0.0372117684711278
A2,ARX,I,294,295,11,305,0.65,0.657384721830267,0.00738472183026662,0.00738472183026662,5.45341165104163e-05,0.00396458768286405,0.75,0.0411709993060692
A2,ARX,I,294,295,12,306,0.65,0.658839342117672,0.00883934211767157,0.00883934211767157,7.81339690732425e-05,0.00443778286803962,0.75,0.0443207860719793
A2,ARX,I,294,295,13,307,0.65,0.660396504727019,0.010396504727019,0.010396504727019,0.000108087310538929,0.00478301871598687,0.75,0.0484418082582633
A2,ARX,I,294,295,14,308,0.65,0.662342013190922,0.0123420131909221,0.0123420131909221,0.000152325289604895,0.00544782558014496,0.75,0.0530895610805049
A2,ARX,I,301,302,1,302,0.65,0.650067273020186,6.72730201859428e-05,6.72730201859428e-05,4.52565924493827e-09,9.8587341513869e-05,0,0.00077895603190245
A2,ARX,I,301,302,2,303,0.65,0.650226962253894,0.000226962253893626,0.000226962253893626,5.15118646924746e-08,0.000258345115714003,0.5,0.00318657789604415
A2,ARX,I,301,302,3,304,0.65,0.65055325197586,0.000553251975859648,0.000553251975859648,3.06087748792604e-07,0.000424581121311539,0.5,0.00570871092090114
A2,ARX,I,301,302,4,305,0.65,0.650940012368649,0.000940012368649046,0.000940012368649046,8.8362325321319e-07,0.000695064049960743,0.75,0.00906310902309421
A2,ARX,I,301,302,5,306,0.65,0.65163640360951,0.00163640360950967,0.00163640360950967,2.67781677321629e-06,0.00105899437266262,0.75,0.0125935482836145
A2,ARX,I,301,302,6,307,0.65,0.652157661586137,0.00215766158613739,0.00215766158613739,4.65550352029293e-06,0.00141973045292868,0.75,0.0162798030534265
A2,ARX,I,301,302,7,308,0.65,0.65298018882823,0.00298018882823015,0.00298018882823015,8.88152545190777e-06,0.00182034462986902,0.75,0.0193699147508231
A2,ARX,I,301,302,8,309,0.65,0.65393550371683,0.00393550371682994,0.00393550371682994,1.54881895051822e-05,0.0022652195995316,0.75,0.0228455718587353
A2,ARX,I,301,302,9,310,0.65,0.65514289120582,0.00514289120582034,0.00514289120582034,2.64493299549042e-05,0.0027137768373838,0.75,0.0270970182149083
A2,ARX,I,301,302,10,311,0.65,0.656286159166248,0.00628615916624753,0.00628615916624753,3.95157970633978e-05,0.00303034462099458,0.75,0.0312125491377781
A2,ARX,I,301,302,11,312,0.65,0.657588347033072,0.00758834703307243,0.00758834703307243,5.75830106943391e-05,0.00340240539140137,0.75,0.0350916294910299
A2,ARX,I,301,302,12,313,0.65,0.658915209635989,0.00891520963598891,0.00891520963598891,7.94809628536295e-05,0.00408692170991008,0.75,0.0396676493936126
A2,ARX,I,301,302,13,314,0.65,0.660435532704303,0.0104355327043028,0.0104355327043028,0.000108900342822572,0.0048656076503805,0.75,0.0443687097769321
A2,ARX,I,301,302,14,315,0.65,0.66217070762791,0.0121707076279095,0.0121707076279095,0.000148126124164055,0.00579664129918613,0.75,0.0490661517299684
A2,ARX,I,308,309,1,309,0.65,0.650059477926997,5.94779269970092e-05,5.94779269970092e-05,3.53762379986155e-09,8.63661718684029e-05,0.25,0.00161526093957989
A2,ARX,I,308,309,2,310,0.65,0.65019634468209,0.000196344682090177,0.000196344682090177,3.85512341850927e-08,0.000239409213601769,0.75,0.00448766434600831
A2,ARX,I,308,309,3,311,0.65,0.65038605711998,0.000386057119979744,0.000386057119979744,1.49040099887054e-07,0.000464639638383991,0.75,0.007806720757664
A2,ARX,I,308,309,4,312,0.65,0.65075192048596,0.000751920485959734,0.000751920485959734,5.65384417205922e-07,0.00073486278966401,0.75,0.0112429156853047
A2,ARX,I,308,309,5,313,0.65,0.65135643231069,0.00135643231069016,0.00135643231069016,1.83990861348424e-06,0.00108859412838491,0.75,0.0150075789646492
A2,ARX,I,308,309,6,314,0.65,0.651989004188877,0.00198900418887737,0.00198900418887737,3.95613766337174e-06,0.0014867021986905,0.75,0.018903642141054
A2,ARX,I,308,309,7,315,0.65,0.652794831154266,0.00279483115426549,0.00279483115426549,7.81108118085295e-06,0.00194640780159887,0.75,0.0226455022859789
A2,ARX,I,308,309,8,316,0.65,0.653676828138956,0.00367682813895642,0.00367682813895642,1.35190651634218e-05,0.00234757301027227,0.75,0.0266882839143666
A2,ARX,I,308,309,9,317,0.65,0.654550375319362,0.00455037531936198,0.00455037531936198,2.07059155470586e-05,0.00279476347011838,0.75,0.0313840678373701
A2,ARX,I,308,309,10,318,0.65,0.655543187372907,0.00554318737290738,0.00554318737290738,3.07269262511598e-05,0.00302801808807636,0.75,0.0365576760624421
A2,ARX,I,308,309,11,319,0.65,0.656858995981748,0.00685899598174755,0.00685899598174755,4.7045825877629e-05,0.00325063421204177,0.75,0.0417780290570509
A2,ARX,I,308,309,12,320,0.65,0.658587343343377,0.00858734334337707,0.00858734334337707,7.37424656970425e-05,0.00386239949046193,0.75,0.0456561461709591
A2,ARX,I,308,309,13,321,0.65,0.659759751822998,0.0097597518229976,0.0097597518229976,9.52527556465049e-05,0.00413489364114853,1,0.0501613367604976
A2,ARX,I,308,309,14,322,0.65,0.660939265664135,0.0109392656641346,0.0109392656641346,0.000119667533270514,0.00458084142076189,1,0.0544063424391309
A2,ARX,I,315,316,1,316,0.65,0.650077987555029,7.79875550293019e-05,7.79875550293019e-05,6.08205873944839e-09,9.36358105924301e-05,0,0.000528576247461193
A2,ARX,I,315,316,2,317,0.65,0.650451741052474,0.000451741052473698,0.000451741052473698,2.04069978490044e-07,0.000244924543740938,0.5,0.00233523112188627
A2,ARX,I,315,316,3,318,0.65,0.650973558539097,0.000973558539097197,0.000973558539097197,9.47816229049068e-07,0.00051964632566962,0.5,0.00516233443560504
A2,ARX,I,315,316,4,319,0.65,0.651573378104092,0.00157337810409153,0.00157337810409153,2.47551865843465e-06,0.000846674397088835,0.5,0.00805280488801952
A2,ARX,I,315,316,5,320,0.65,0.652127351255966,0.00212735125596564,0.00212735125596564,4.52562336625857e-06,0.00114501825397636,0.5,0.0126418564077121
A2,ARX,I,315,316,6,321,0.65,0.652546473617902,0.00254647361790206,0.00254647361790206,6.48452788667119e-06,0.00142129760380276,0.75,0.0164987076282694
A2,ARX,I,315,316,7,322,0.65,0.653188862027975,0.00318886202797508,0.00318886202797508,1.01688410334613e-05,0.00182001761906862,0.75,0.0204409495598414
A2,ARX,I,315,316,8,323,0.65,0.654564092307508,0.00456409230750798,0.00456409230750798,2.08309385914535e-05,0.00231339878992271,0.75,0.0244419875801505
A2,ARX,I,315,316,9,324,0.65,0.65530903065012,0.00530903065011989,0.00530903065011989,2.81858064439125e-05,0.00280382478457673,0.75,0.0286146855074073
A2,ARX,I,315,316,10,325,0.65,0.656673052472164,0.0066730524721641,0.0066730524721641,4.45296292962554e-05,0.00340336034143406,0.75,0.0330563898826585
A2,ARX,I,315,316,11,326,0.65,0.658177356027984,0.00817735602798442,0.00817735602798442,6.68691516084131e-05,0.00406452030911568,0.75,0.0374511624672005
A2,ARX,I,315,316,12,327,0.65,0.659929030079903,0.00992903007990276,0.00992903007990276,9.85856383276137e-05,0.00468240487437937,0.75,0.0419380278380883
A2,ARX,I,315,316,13,328,0.65,0.661214881074053,0.0112148810740526,0.0112148810740526,0.000125773557505142,0.00528424505870521,0.75,0.0464475369415056
A2,ARX,I,315,316,14,329,0.65,0.662926902771327,0.0129269027713272,0.0129269027713272,0.000167104815259348,0.00600581764855441,0.75,0.0513389632291153
A2,ARX,I,322,323,1,323,0.65,0.650059282873098,5.92828730984207e-05,5.92828730984207e-05,3.51445904280346e-09,9.63013410520161e-05,0.75,0.00208097528184897
A2,ARX,I,322,323,2,324,0.65,0.650206301578044,0.000206301578043688,0.000206301578043688,4.2560341103316e-08,0.000244988586875402,0.75,0.00449894358177252
A2,ARX,I,322,323,3,325,0.65,0.650546454786812,0.00054645478681159,0.00054645478681159,2.986128340293e-07,0.000486652560820679,0.75,0.00754243499053259
A2,ARX,I,322,323,4,326,0.65,0.650948304250919,0.000948304250919074,0.000948304250919074,8.99280952311187e-07,0.000790505371383724,0.75,0.0112402937082152
A2,ARX,I,322,323,5,327,0.65,0.651621761936161,0.00162176193616137,0.00162176193616137,2.63011177758188e-06,0.00117113991775698,0.75,0.0158730607466111
A2,ARX,I,322,323,6,328,0.65,0.652133870676587,0.00213387067658732,0.00213387067658732,4.55340406439924e-06,0.0015154810361476,0.75,0.0202384011844494
A2,ARX,I,322,323,7,329,0.65,0.652815917806045,0.00281591780604462,0.00281591780604462,7.92939309039915e-06,0.00180778385823556,0.75,0.0250107748537881
A2,ARX,I,322,323,8,330,0.65,0.653883938321106,0.0038839383211059,0.0038839383211059,1.50849768821549e-05,0.0021673649613755,1,0.0304421043106088
A2,ARX,I,322,323,9,331,0.65,0.654558033302464,0.00455803330246429,0.00455803330246429,2.07756675863735e-05,0.00253308416354964,1,0.0354179459412228
A2,ARX,I,322,323,10,332,0.65,0.65553715676169,0.00553715676168987,0.00553715676168987,3.06601050035278e-05,0.00293202087713634,1,0.0401312231807589
A2,ARX,I,322,323,11,333,0.65,0.656099095543463,0.00609909554346322,0.00609909554346322,3.71989664482929e-05,0.00335493256135886,1,0.0450021182708542
A2,ARX,I,322,323,12,334,0.65,0.657183204105559,0.00718320410555895,0.00718320410555895,5.15984212221189e-05,0.00378869589048255,1,0.0492798553343317
A2,ARX,I,322,323,13,335,0.65,0.657935816025199,0.00793581602519855,0.00793581602519855,6.29771759857981e-05,0.00421713783684562,1,0.0538385012247203
A2,ARX,I,322,323,14,336,0.65,0.659095629007781,0.00909562900778049,0.00909562900778049,8.27304670471779e-05,0.00472894294466774,1,0.0585679081088241
A2,ARX,I,329,330,1,330,0.65,0.650058014215074,5.80142150736762e-05,5.80142150736762e-05,3.36564915061476e-09,6.86114709021764e-05,0.25,0.000639515502203147
A2,ARX,I,329,330,2,331,0.65,0.650243968480845,0.000243968480844625,0.000243968480844625,5.95206196456342e-08,0.000205203093887878,0.5,0.00235598367560585
A2,ARX,I,329,330,3,332,0.65,0.650633375835129,0.000633375835129235,0.000633375835129235,4.01164948525656e-07,0.000387786146897015,0.75,0.00519656147162906
A2,ARX,I,329,330,4,333,0.65,0.651120459636425,0.00112045963642504,0.00112045963642504,1.25542979685774e-06,0.000654162246490679,0.75,0.00848948459245916
A2,ARX,I,329,330,5,334,0.65,0.6517221654405,0.00172216544049963,0.00172216544049963,2.9658538044513e-06,0.0010005722162074,0.75,0.0124206403466013
A2,ARX,I,329,330,6,335,0.65,0.652394223540471,0.00239422354047136,0.00239422354047136,5.73230636174723e-06,0.00141293269920678,0.75,0.016862719655875
A2,ARX,I,329,330,7,336,0.65,0.653094446410221,0.00309444641022061,0.00309444641022061,9.57559858572721e-06,0.00178672052638099,0.75,0.0212147986216707
A2,ARX,I,329,330,8,337,0.65,0.653826932899694,0.00382693289969416,0.00382693289969416,1.46454154187615e-05,0.00220885865145834,0.75,0.0257333033538869
A2,ARX,I,329,330,9,338,0.65,0.655066740965247,0.00506674096524684,0.00506674096524684,2.56718640089105e-05,0.00268480312278804,0.75,0.0307244085167934
A2,ARX,I,329,330,10,339,0.65,0.656145664664453,0.0061456646644531,0.0061456646644531,3.77691941679074e-05,0.00328655931495642,0.75,0.035612810884662
A2,ARX,I,329,330,11,340,0.65,0.65718411000558,0.00718411000557984,0.00718411000557984,5.16114365722723e-05,0.00370677222868835,0.75,0.040650681142332
A2,ARX,I,329,330,12,341,0.65,0.658669114746767,0.0086691147467669,0.0086691147467669,7.51535504926114e-05,0.00422398798115025,0.75,0.0439948554236661
A2,ARX,I,329,330,13,342,0.65,0.660256859322067,0.0102568593220668,0.0102568593220668,0.000105203163152668,0.00483501784865783,0.75,0.0481201348784003
A2,ARX,I,329,330,14,343,0.65,0.661193861732952,0.0111938617329517,0.0111938617329517,0.00012530254049644,0.00546873768080999,0.75,0.0527264037845935
A2,ARX,I,336,337,1,337,0.65,0.65005782252974,5.78225297401813e-05,5.78225297401813e-05,3.34344494555415e-09,9.30765763034284e-05,0,0.000652109658031391
A2,ARX,I,336,337,2,338,0.65,0.65025433254968,0.000254332549679659,0.000254332549679659,6.46850458265562e-08,0.000208288422237326,0.5,0.00211413190791637
A2,ARX,I,336,337,3,339,0.65,0.650603677411256,0.000603677411255665,0.000603677411255665,3.64426416860342e-07,0.000435032539092785,0.5,0.00433339358192295
A2,ARX,I,336,337,4,340,0.65,0.651215532116339,0.00121553211633862,0.00121553211633862,1.47751832585066e-06,0.00068750567204066,0.5,0.00682684951275089
A2,ARX,I,336,337,5,341,0.65,0.651673611814808,0.00167361181480763,0.00167361181480763,2.80097650666369e-06,0.000865176817644108,0.75,0.00972117073626741
A2,ARX,I,336,337,6,342,0.65,0.65243780749431,0.00243780749430988,0.00243780749430988,5.94290537931344e-06,0.00120984423680379,0.75,0.0129135425144671
A2,ARX,I,336,337,7,343,0.65,0.653466301316765,0.00346630131676473,0.00346630131676473,1.20152448186049e-05,0.00163873173481777,0.75,0.0164401657610408
A2,ARX,I,336,337,8,344,0.65,0.654325020848564,0.00432502084856401,0.00432502084856401,1.87058053405133e-05,0.00209517858664035,0.75,0.0207714883073963
A2,ARX,I,336,337,9,345,0.65,0.655180996564285,0.00518099656428495,0.00518099656428495,2.68427253991324e-05,0.00248775183476113,0.75,0.0245179903113744
A2,ARX,I,336,337,10,346,0.65,0.656286514267198,0.00628651426719828,0.00628651426719828,3.95202616316876e-05,0.00295425831088355,0.75,0.0282100778858152
A2,ARX,I,336,337,11,347,0.65,0.657661438819114,0.00766143881911441,0.00766143881911441,5.86976447790332e-05,0.00347772980362984,0.75,0.0317519499186786
A2,ARX,I,336,337,12,348,0.65,0.659407435915824,0.0094074359158236,0.0094074359158236,8.84998505103279e-05,0.00405175372490286,0.75,0.0356587139889244
A2,ARX,I,336,337,13,349,0.65,0.66092601683559,0.0109260168355904,0.0109260168355904,0.000119377843891604,0.00465551100431909,0.75,0.0396593900344693
A2,ARX,I,336,337,14,350,0.65,0.663169036430123,0.0131690364301232,0.0131690364301232,0.000173423520497913,0.00537833341152251,0.75,0.0445536223983123
A2,ARX,I,343,344,1,344,0.65,0.650054827203522,5.482720352179e-05,5.482720352179e-05,3.00602224601979e-09,6.22262422702987e-05,0.5,0.00105103867066889
A2,ARX,I,343,344,2,345,0.65,0.650178388859095,0.000178388859095047,0.000178388859095047,3.18225850492324e-08,0.000221592862865271,0.75,0.00397420043486077
A2,ARX,I,343,344,3,346,0.65,0.650391954461041,0.000391954461041011,0.000391954461041011,1.53628299529949e-07,0.000421770639786587,0.75,0.00699896200886149
A2,ARX,I,343,344,4,347,0.65,0.650742570589119,0.00074257058911853,0.00074257058911853,5.5141107982384e-07,0.000686563582743062,0.75,0.0103835753152826
A2,ARX,I,343,344,5,348,0.65,0.651180348803571,0.00118034880357143,0.00118034880357143,1.3932232980925e-06,0.00093806530267733,0.75,0.0132657735988814
A2,ARX,I,343,344,6,349,0.65,0.651794271204382,0.00179427120438247,0.00179427120438247,3.21940915487612e-06,0.0012477968995798,0.75,0.0163144833533065
A2,ARX,I,343,344,7,350,0.65,0.652592316316775,0.00259231631677503,0.00259231631677503,6.72010388621808e-06,0.00146527800775204,0.75,0.01982908351671
A2,ARX,I,343,344,8,351,0.65,0.653346488068666,0.00334648806866622,0.00334648806866622,1.11989823937254e-05,0.00174213959206468,0.75,0.0242005931658848
A2,ARX,I,343,344,9,352,0.65,0.654140703343363,0.00414070334336347,0.00414070334336347,1.71454241777414e-05,0.00207914128558727,1,0.0290386065108324
A2,ARX,I,343,344,10,353,0.65,0.655148938237044,0.00514893823704365,0.00514893823704365,2.65115649688902e-05,0.00255840404501636,1,0.0340558432839851
A2,ARX,I,343,344,11,354,0.65,0.656418632537547,0.0064186325375466,0.0064186325375466,4.11988436520519e-05,0.00303451284386111,1,0.0391783231835583
A2,ARX,I,343,344,12,355,0.65,0.657700035210986,0.00770003521098594,0.00770003521098594,5.92905422504234e-05,0.00342081526284125,1,0.0432069829868152
A2,ARX,I,343,344,13,356,0.65,0.658715112156963,0.00871511215696286,0.00871511215696286,7.59531799084418e-05,0.00383368907945439,1,0.0477562813799924
A2,ARX,I,343,344,14,357,0.65,0.659708809231023,0.00970880923102324,0.00970880923102324,9.42609766844021e-05,0.00431458079988431,1,0.0529003568002699
A2,ARX,I,350,351,1,351,0.65,0.650054556607796,5.45566077959636e-05,5.45566077959636e-05,2.9764234542026e-09,7.66935639252996e-05,0.5,0.00144858771720746
A2,ARX,I,350,351,2,352,0.65,0.650209876137698,0.000209876137697962,0.000209876137697962,4.40479931750139e-08,0.000282929697269846,0.75,0.00495958134360358
A2,ARX,I,350,351,3,353,0.65,0.650415469032779,0.00041546903277867,0.00041546903277867,1.72614517198044e-07,0.00052795124210018,0.75,0.00887500092126173
A2,ARX,I,350,351,4,354,0.65,0.65073693796505,0.000736937965049589,0.000736937965049589,5.43077564331429e-07,0.00082524343212294,0.75,0.0132036610555979
A2,ARX,I,350,351,5,355,0.65,0.651380057498444,0.00138005749844405,0.00138005749844405,1.90455869901166e-06,0.00119922448417729,0.75,0.0175369058214833
A2,ARX,I,350,351,6,356,0.65,0.652137917621768,0.00213791762176752,0.00213791762176752,4.57069175746407e-06,0.00162641406398429,0.75,0.0217272106434955
A2,ARX,I,350,351,7,357,0.65,0.652775728894592,0.00277572889459232,0.00277572889459232,7.70467089627471e-06,0.0020421204715579,0.75,0.025950626103889
A2,ARX,I,350,351,8,358,0.65,0.653469176101579,0.00346917610157882,0.00346917610157882,1.20351828237656e-05,0.00247645875024792,0.75,0.0301657609786096
A2,ARX,I,350,351,9,359,0.65,0.654310345494881,0.0043103454948813,0.0043103454948813,1.85790782852435e-05,0.0029550423531272,0.75,0.0347924579696082
A2,ARX,I,350,351,10,360,0.65,0.655464863949933,0.00546486394993317,0.00546486394993317,2.98647379912792e-05,0.00357082657810436,0.75,0.0398231538036708
A2,ARX,I,350,351,11,361,0.65,0.656333040746126,0.00633304074612573,0.00633304074612573,4.01074050920887e-05,0.00396161084979875,0.75,0.0445640568535064
A2,ARX,I,350,351,12,362,0.65,0.657871527625619,0.00787152762561882,0.00787152762561882,6.19609471608803e-05,0.00449749021397247,0.75,0.0500591779420614
A2,ARX,I,350,351,13,363,0.65,0.659619439159297,0.00961943915929686,0.00961943915929686,9.25336097394139e-05,0.00517013146442045,0.75,0.0548377046115203
A2,ARX,I,350,351,14,364,0.65,0.660640733142455,0.0106407331424552,0.0106407331424552,0.000113225201808944,0.00584964364389739,0.75,0.0597066278529955
A2,AR,None,49,50,1,50,1.02111528797425,1.027396057434,0.00628076945974887,0.00628076945974887,3.94480650065141e-05,0.00273119840980267,0,0.00426484545352074
A2,AR,None,49,50,2,51,0.975,0.991670718142079,0.0166707181420792,0.0166707181420792,0.000277912843372649,0.00888958072517216,0,0.00989705460946733
A2,AR,None,49,50,3,52,0.928884712025747,0.956521445513994,0.0276367334882471,0.0276367334882471,0.000763789037900401,0.0168394736134366,0,0.0162527184196676
A2,AR,None,49,50,4,53,0.884589715644147,0.923929972374237,0.0393402567300902,0.0393402567300902,0.00154765579958941,0.0249820317218568,0,0.0228613085225018
A2,AR,None,49,50,5,54,0.843658809578696,0.892928469540837,0.0492696599621414,0.0492696599621414,0.00242749939278504,0.0316120320910133,0,0.0300169347540235
A2,AR,None,49,50,6,55,0.807167512064817,0.863268571771351,0.0561010597065349,0.0561010597065349,0.00314732890019619,0.0350076382043979,0,0.0377760503020817
A2,AR,None,49,50,7,56,0.775658890371501,0.833656663446963,0.0579977730754622,0.0579977730754622,0.0033637416817128,0.0354206714958744,0,0.0447411842011441
A2,AR,None,49,50,8,57,0.74919563214771,0.807792252704896,0.0585966205571854,0.0585966205571854,0.00343356394072276,0.0332296050527071,0,0.0511214964642391
A2,AR,None,49,50,9,58,0.727481899314376,0.78389656582757,0.0564146665131934,0.0564146665131934,0.00318261459779482,0.028199795568854,0,0.0572779768827918
A2,AR,None,49,50,10,59,0.710003468688994,0.762231512597522,0.0522280439085285,0.0522280439085285,0.00272776857051118,0.0208377828851625,0.25,0.0637111652641505
A2,AR,None,49,50,11,60,0.696150012448019,0.737719769698197,0.0415697572501776,0.0415697572501776,0.0017280447178387,0.0151122069574703,0.5,0.0698449652058162
A2,AR,None,49,50,12,61,0.685303622986216,0.715976833565753,0.0306732105795369,0.0306732105795369,0.000940845847256613,0.0107417355480855,0.75,0.0761100905918144
A2,AR,None,49,50,13,62,0.676892873189049,0.697075978801034,0.0201831056119849,0.0201831056119849,0.000407357752144536,0.00808727894775006,1,0.0812164478762278
A2,AR,None,49,50,14,63,0.670419341170521,0.679125983929153,0.00870664275863253,0.00870664275863253,7.58056281264483e-05,0.00717921114106143,1,0.0856580202738579
A2,AR,None,56,57,1,57,0.74919563214771,0.747493782570855,-0.00170184957685526,0.00170184957685526,2.89629198224244e-06,0.00189012937296423,0,0.00384618595246469
A2,AR,None,56,57,2,58,0.727481899314376,0.721725596494878,-0.0057563028194989,0.0057563028194989,3.3135022149771e-05,0.0053498324837974,0,0.00905277426560908
A2,AR,None,56,57,3,59,0.710003468688994,0.698426033441635,-0.0115774352473584,0.0115774352473584,0.000134037006906777,0.0102130165101593,0,0.0152967740823655
A2,AR,None,56,57,4,60,0.696150012448019,0.677842289469309,-0.0183077229787107,0.0183077229787107,0.000335172720665214,0.0158412232737982,0,0.0223450111848208
A2,AR,None,56,57,5,61,0.685303622986216,0.65815528704838,-0.0271483359378366,0.0271483359378366,0.000737032144193631,0.0221324118764798,0,0.0301760616372406
A2,AR,None,56,57,6,62,0.676892873189049,0.64160747099154,-0.0352854021975088,0.0352854021975088,0.00124505960823996,0.0282537099697235,0,0.0377494990001473
A2,AR,None,56,57,7,63,0.670419341170521,0.627284895581266,-0.0431344455892548,0.0431344455892548,0.00186058039629239,0.0341789317505858,0,0.0453913793694568
A2,AR,None,56,57,8,64,0.665465412558807,0.611622843483701,-0.0538425690751055,0.0538425690751055,0.00289902224460751,0.0396698967467679,0,0.052633613883018
A2,AR,None,56,57,9,65,0.66169103647536,0.600526974029801,-0.0611640624455582,0.0611640624455582,0.00374104253484414,0.0440619539853263,0,0.0592920447883065
A2,AR,None,56,57,10,66,0.658824996013434,0.592611681729131,-0.0662133142843025,0.0662133142843025,0.00438420298851182,0.0472492301407629,0,0.0655577508994927
A2,AR,None,56,57,11,67,0.656654236655582,0.58724686655593,-0.069407370099652,0.069407370099652,0.00481738302415007,0.0486159563380064,0,0.0733813147161932
A2,AR,None,56,57,12,68,0.655013262483393,0.582555020385634,-0.072458242097759,0.072458242097759,0.00525019684789745,0.0479449306589062,0,0.0818300896734291
A2,AR,None,56,57,13,69,0.653774587990147,0.579288475279659,-0.074486112710488,0.074486112710488,0.00554818098671952,0.0461842264317948,0,0.0892675063323633
A2,AR,None,56,57,14,70,0.652840616703239,0.577805953953852,-0.075034662749387,0.075034662749387,0.00563020061391424,0.0426726445884538,0,0.0971813612509726
A2,AR,None,63,64,1,64,0.665465412558807,0.666086601127124,0.000621188568317277,0.000621188568317277,3.85875237408068e-07,0.00035746898435522,1,0.00437395429227491
A2,AR,None,63,64,2,65,0.66169103647536,0.663097330138632,0.00140629366327205,0.00140629366327205,1.97766186735913e-06,0.000748910566959367,1,0.00891071173512339
A2,AR,None,63,64,3,66,0.658824996013434,0.66170742354138,0.00288242752794587,0.00288242752794587,8.30838845386016e-06,0.00135107411201736,1,0.0142675140291771
A2,AR,None,63,64,4,67,0.656654236655582,0.66155563479033,0.00490139813474832,0.00490139813474832,2.40237036753144e-05,0.00206221286632126,1,0.0199747532638783
A2,AR,None,63,64,5,68,0.655013262483393,0.663382379912648,0.0083691174292555,0.0083691174292555,7.00421265446682e-05,0.0028166359958598,1,0.0250668885698639
A2,AR,None,63,64,6,69,0.653774587990147,0.666575284268966,0.0128006962788196,0.0128006962788196,0.000163857825222587,0.00383610037443403,0.75,0.0318351458434925
A2,AR,None,63,64,7,70,0.652840616703239,0.671839483895421,0.018998867192182,0.018998867192182,0.00036095695458617,0.0059242362575821,0.75,0.0381423163892945
A2,AR,None,63,64,8,71,0.652136979900857,0.677599639257461,0.0254626593566036,0.0254626593566036,0.000648347021510435,0.00828421114721507,0.5,0.0452411727634477
A2,AR,None,63,64,9,72,0.651607205051813,0.68480027501218,0.0331930699603676,0.0331930699603676,0.00110177989339386,0.0118678617113459,0.5,0.0531118347410292
A2,AR,None,63,64,10,73,0.651208520741374,0.694495213303525,0.0432866925621509,0.0432866925621509,0.00187373775297017,0.0161421881511429,0.25,0.0616700110636737
A2,AR,None,63,64,11,74,0.650908595729268,0.704902318379149,0.053993722649881,0.053993722649881,0.00291532208559227,0.0228335309450398,0.25,0.0715129749184611
A2,AR,None,63,64,12,75,0.650683026338981,0.719946311383237,0.0692632850442555,0.0692632850442555,0.00479740265512179,0.0307517483788943,0,0.081941327288661
A2,AR,None,63,64,13,76,0.650513412862129,0.732243292777846,0.0817298799157178,0.0817298799157178,0.00667977327103765,0.0390784459884922,0,0.0938433937997896
A2,AR,None,63,64,14,77,0.650385893858681,0.747506001627023,0.0971201077683419,0.0971201077683419,0.00943231533293435,0.0496970036737024,0,0.105423129325604
A2,AR,None,70,71,1,71,0.652136979900857,0.653518095308121,0.00138111540726427,0.00138111540726427,1.90747976818274e-06,0.00043435428755089,0.75,0.00362114995374935
A2,AR,None,70,71,2,72,0.651607205051813,0.654461642916772,0.00285443786495898,0.00285443786495898,8.14781552491158e-06,0.00107881811340926,0.75,0.0078916015673122
A2,AR,None,70,71,3,73,0.651208520741374,0.656680783031403,0.00547226229002851,0.00547226229002851,2.9945654570868e-05,0.00187704617054304,0.75,0.0123449721885334
A2,AR,None,70,71,4,74,0.650908595729268,0.660105245347242,0.00919664961797462,0.00919664961797462,8.45783641957927e-05,0.00302195822446043,0.5,0.0169371091511543
A2,AR,None,70,71,5,75,0.650683026338981,0.66377022611205,0.013087199773069,0.013087199773069,0.000171274797900219,0.00598933502894923,0,0.0228712509441973
A2,AR,None,70,71,6,76,0.650513412862129,0.670266412299852,0.0197529994377234,0.0197529994377234,0.000390180986786699,0.00901949162355868,0,0.0309089057971148
A2,AR,None,70,71,7,77,0.650385893858681,0.67679424556703,0.0264083517083494,0.0264083517083494,0.000697401039951882,0.0131751860818793,0.25,0.0394459807514418
A2,AR,None,70,71,8,78,0.650290033264909,0.685446163164545,0.0351561298996363,0.0351561298996363,0.0012359534695201,0.0181225393400428,0,0.0477544144928719
A2,AR,None,70,71,9,79,0.650217977584803,0.694955538098323,0.0447375605135194,0.0447375605135194,0.00200144932070081,0.0242306051617365,0,0.0561938103527716
A2,AR,None,70,71,10,80,0.65016381885839,0.705320510592804,0.0551566917344142,0.0551566917344142,0.00304226064308519,0.0318018173517967,0,0.0640103012330281
A2,AR,None,70,71,11,81,0.650123113863486,0.716333116004374,0.0662100021408878,0.0662100021408878,0.00438376438349637,0.0405732165231642,0,0.0730233917951028
A2,AR,None,70,71,12,82,0.650092521628021,0.730758397726503,0.080665876098482,0.080665876098482,0.00650698356673564,0.0507167265548868,0,0.0830501196257655
A2,AR,None,70,71,13,83,0.65006953036221,0.744443432851582,0.0943739024893722,0.0943739024893722,0.00890643347107353,0.0611459462588685,0,0.0937502011379612
A2,AR,None,70,71,14,84,0.650052251877466,0.759667741945346,0.10961549006788,0.10961549006788,0.0120155556628215,0.0726612892975061,0,0.104980005299013
A2,AR,None,77,78,1,78,0.650290033264909,0.65173714760257,0.00144711433766076,0.00144711433766076,2.09413990626334e-06,0.000441357706672114,0.75,0.00417804397843533
A2,AR,None,77,78,2,79,0.650217977584803,0.653398153639902,0.0031801760550989,0.0031801760550989,1.01135197414244e-05,0.00118907523777547,0.75,0.00879829306555713
A2,AR,None,77,78,3,80,0.65016381885839,0.655719026290535,0.00555520743214521,0.00555520743214521,3.08603296141614e-05,0.00217011134715024,0.75,0.0152501197029738
A2,AR,None,77,78,4,81,0.650123113863486,0.659047931615336,0.00892481775185006,0.00892481775185006,7.96523719037379e-05,0.00334754991976911,0.75,0.0218026405697628
A2,AR,None,77,78,5,82,0.650092521628021,0.663973684100899,0.0138811624728781,0.0138811624728781,0.000192686671598438,0.00493345325314558,0.75,0.0284307642402132
A2,AR,None,77,78,6,83,0.65006953036221,0.669796200525225,0.0197266701630144,0.0197266701630144,0.000389141515720364,0.00693858743120061,0.5,0.0344799010481157
A2,AR,None,77,78,7,84,0.650052251877466,0.675181980310753,0.0251297284332866,0.0251297284332866,0.000631503251130735,0.00973166289395049,0.5,0.0411124043023053
A2,AR,None,77,78,8,85,0.650039266883915,0.681642003638862,0.0316027367549468,0.0316027367549468,0.000998732970402468,0.012525023972945,0.5,0.0500296549994571
A2,AR,None,77,78,9,86,0.650029508614657,0.689967168991446,0.0399376603767891,0.0399376603767891,0.00159501671637175,0.0164680755689733,0,0.0584509641528635
A2,AR,None,77,78,10,87,0.650022175304055,0.699023627809162,0.049001452505107,0.049001452505107,0.00240114234761026,0.0227944010180381,0,0.0671538062180498
A2,AR,None,77,78,11,88,0.650016664378755,0.710517797893428,0.060501133514673,0.060501133514673,0.00366038715656029,0.0304032610668186,0,0.0771979401725089
A2,AR,None,77,78,12,89,0.650012522982027,0.721343114690327,0.0713305917082993,0.0713305917082993,0.00508805331345609,0.0385114757519069,0,0.0879211467587573
A2,AR,None,77,78,13,90,0.650009410781695,0.732894873237311,0.0828854624556167,0.0828854624556167,0.00686999988648144,0.0467723141039148,0,0.100163561942368
A2,AR,None,77,78,14,91,0.6500070720142,0.746621562765802,0.0966144907516021,0.0966144907516021,0.00933435982319141,0.0568201540832675,0,0.110672758460323
A2,AR,None,84,85,1,85,0.650039266883915,0.650954195307758,0.000914928423843109,0.000914928423843109,8.37094020756035e-07,0.000337592564365443,0.75,0.00342145176757111
A2,AR,None,84,85,2,86,0.650029508614657,0.651822254025531,0.00179274541087437,0.00179274541087437,3.21393610821113e-06,0.00076323199879857,0.75,0.00719648234880002
A2,AR,None,84,85,3,87,0.650022175304055,0.654327863509356,0.00430568820530053,0.00430568820530053,1.85389509212641e-05,0.00154403882957911,0.75,0.0110360220441308
A2,AR,None,84,85,4,88,0.650016664378755,0.657321642834143,0.00730497845538802,0.00730497845538802,5.33627102336832e-05,0.0022235481763378,0.75,0.017810061769054
A2,AR,None,84,85,5,89,0.650012522982027,0.661844640756776,0.0118321177747486,0.0118321177747486,0.000139999011035521,0.00341179725795906,0.75,0.0250541431768219
A2,AR,None,84,85,6,90,0.650009410781695,0.665878453067149,0.0158690422854546,0.0158690422854546,0.000251826503057546,0.00483588196451519,0.75,0.0329440309056847
A2,AR,None,84,85,7,91,0.6500070720142,0.671164230611489,0.0211571585972893,0.0211571585972893,0.000447625359910852,0.00675387668090137,0.75,0.0412277347817215
A2,AR,None,84,85,8,92,0.650005314472457,0.676285930625824,0.0262806161533663,0.0262806161533663,0.000690670785400578,0.0084041671618897,0.75,0.050323498489601
A2,AR,None,84,85,9,93,0.650003993713491,0.682935887003996,0.0329318932905048,0.0329318932905048,0.0010845095956972,0.010697083469378,0.75,0.0587180861113627
A2,AR,None,84,85,10,94,0.650003001189587,0.688609487418852,0.0386064862292655,0.0386064862292655,0.00149046077897047,0.0131927353841926,0.5,0.0684898960201553
A2,AR,None,84,85,11,95,0.650002255328414,0.695302080125536,0.0452998247971214,0.0452998247971214,0.00205207412664989,0.0164347738377211,0.5,0.0792672224676998
A2,AR,None,84,85,12,96,0.650001694829553,0.703966884842825,0.0539651900132713,0.0539651900132713,0.00291224173316847,0.0199156104285923,0.25,0.0901984923106177
A2,AR,None,84,85,13,97,0.65000127362675,0.714320700985638,0.064319427358888,0.064319427358888,0.00413698873577526,0.0251137646538213,0.25,0.100669639723499
A2,AR,None,84,85,14,98,0.650000957102049,0.725444070524826,0.0754431134227771,0.0754431134227771,0.00569166336292201,0.0311671453553173,0,0.111995890900709
A2,AR,None,91,92,1,92,0.650005314472457,0.650550132120388,0.000544817647930462,0.000544817647930462,2.96826269496481e-07,0.000237878993413142,0.5,0.00214975334102385
A2,AR,None,91,92,2,93,0.650003993713491,0.651778787447868,0.00177479373437672,0.00177479373437672,3.14989279958287e-06,0.000744994507100161,0.75,0.00637845499420081
A2,AR,None,91,92,3,94,0.650003001189587,0.65402505522273,0.00402205403314371,0.00402205403314371,1.61769186455276e-05,0.00149456936825347,0.75,0.0106092574456376
A2,AR,None,91,92,4,95,0.650002255328414,0.657157249338073,0.00715499400965824,0.00715499400965824,5.11939392782454e-05,0.00249515668130862,0.75,0.0151966406309813
A2,AR,None,91,92,5,96,0.650001694829553,0.661048820709688,0.0110471258801349,0.0110471258801349,0.000122038990211546,0.00374488125797696,0.75,0.0189202540962658
A2,AR,None,91,92,6,97,0.65000127362675,0.664675177730984,0.0146739041042341,0.0146739041042341,0.000215323461660258,0.00545351371896628,0.5,0.0230809085181408
A2,AR,None,91,92,7,98,0.650000957102049,0.669278624781757,0.019277667679708,0.019277667679708,0.000371628471169257,0.00726173145702273,0.25,0.0287948008533956
A2,AR,None,91,92,8,99,0.65000071924072,0.675289307019364,0.0252885877786434,0.0252885877786434,0.000639512671838152,0.00986458595860536,0.25,0.0347130026804551
A2,AR,None,91,92,9,100,0.650000540493218,0.681168981625681,0.0311684411324629,0.0311684411324629,0.000971471722627803,0.0136896099034465,0,0.04117182707496
A2,AR,None,91,92,10,101,0.650000406168464,0.687765272642696,0.0377648664742313,0.0377648664742313,0.00142618513981652,0.0174747035381506,0,0.0485604125776277
A2,AR,None,91,92,11,102,0.650000305226426,0.695849759322259,0.045849454095833,0.045849454095833,0.00210217244088589,0.0217912203799544,0,0.0560176490923086
A2,AR,None,91,92,12,103,0.650000229370755,0.704505261028234,0.0545050316574789,0.0545050316574789,0.00297079847598278,0.026391478133926,0,0.0648041606725791
A2,AR,None,91,92,13,104,0.650000172366929,0.713808015206007,0.0638078428390781,0.0638078428390781,0.0040714408077765,0.0313142482997012,0,0.073908315005715
A2,AR,None,91,92,14,105,0.650000129529842,0.723259573671998,0.0732594441421565,0.0732594441421565,0.00536694615601774,0.0373810213262237,0,0.0824874322808876
A2,AR,None,98,99,1,99,0.65000071924072,0.65100114281673,0.00100042357600949,0.00100042357600949,1.00084733143562e-06,0.000353223558545873,0.75,0.00372669593705607
A2,AR,None,98,99,2,100,0.650000540493218,0.652211513705754,0.00221097321253572,0.00221097321253572,4.88840254655051e-06,0.00091149063989153,0.75,0.00762618996537479
A2,AR,None,98,99,3,101,0.650000406168464,0.653670118555363,0.00366971238689906,0.00366971238689906,1.34667890025604e-05,0.00155897543193809,0.75,0.0127507239311788
A2,AR,None,98,99,4,102,0.650000305226426,0.655655278695456,0.00565497346903077,0.00565497346903077,3.19787249354419e-05,0.00227681042045795,0.75,0.0189758328498382
A2,AR,None,98,99,5,103,0.650000229370755,0.658074629535659,0.00807440016490413,0.00807440016490413,6.51959380230038e-05,0.00350033652947924,0.75,0.0259114855661512
A2,AR,None,98,99,6,104,0.650000172366929,0.661288118395135,0.0112879460282057,0.0112879460282057,0.000127417725535685,0.00463963218577171,0.75,0.0341400645215291
A2,AR,None,98,99,7,105,0.650000129529842,0.665942652468208,0.0159425229383661,0.0159425229383661,0.000254164037640328,0.00612522269384954,0.75,0.0432050226428448
A2,AR,None,98,99,8,106,0.65000009733874,0.671279526856577,0.0212794295178368,0.0212794295178368,0.000452814120604584,0.00761829894175128,0.75,0.0519514283819566
A2,AR,None,98,99,9,107,0.650000073147855,0.67772092084711,0.0277208476992544,0.0277208476992544,0.000768445397165259,0.00972974631542885,0.75,0.0592014294613192
A2,AR,None,98,99,10,108,0.650000054968954,0.684802636238915,0.0348025812699616,0.0348025812699616,0.00121121966305228,0.0117488018729773,0.75,0.0678901295258125
A2,AR,None,98,99,11,109,0.650000041307922,0.692973111426431,0.0429730701185098,0.0429730701185098,0.00184668475541036,0.0141523092787172,0.75,0.0769725425061773
A2,AR,None,98,99,12,110,0.650000031041965,0.700607702716247,0.0506076716742819,0.0506076716742819,0.00256113643229192,0.0168400882628329,0.5,0.0865334583845709
A2,AR,None,98,99,13,111,0.650000023327333,0.707319583542551,0.057319560215218,0.057319560215218,0.003285531983266,0.0209723306065108,0.5,0.0962876568842678
A2,AR,None,98,99,14,112,0.650000017529961,0.716056323462664,0.066056305932703,0.066056305932703,0.00436343555347485,0.0246086189793299,0.5,0.106575811441499
A2,AR,None,105,106,1,106,0.65000009733874,0.650583610248874,0.000583512910134698,0.000583512910134698,3.40487316293864e-07,0.000302714118935975,0.75,0.00370421826000142
A2,AR,None,105,106,2,107,0.650000073147855,0.651781041155971,0.00178096800811522,0.00178096800811522,3.17184704592991e-06,0.000717352358078413,1,0.00818691535281157
A2,AR,None,105,106,3,108,0.650000054968954,0.653449813377063,0.00344975840810935,0.00344975840810935,1.19008330743212e-05,0.00122319980065948,1,0.0128641527928169
A2,AR,None,105,106,4,109,0.650000041307922,0.655537940932824,0.00553789962490281,0.00553789962490281,3.06683322554987e-05,0.00201814460972031,0.75,0.0173497928458149
A2,AR,None,105,106,5,110,0.650000031041965,0.65830745565029,0.00830742460832423,0.00830742460832423,6.9013303622991e-05,0.00284038764942265,0.75,0.0227306634017901
A2,AR,None,105,106,6,111,0.650000023327333,0.661067060740359,0.0110670374130262,0.0110670374130262,0.000122479317101321,0.00389028569876037,0.75,0.0283869185594786
A2,AR,None,105,106,7,112,0.650000017529961,0.663930459588704,0.0139304420587431,0.0139304420587431,0.000194057215951997,0.00467702503129595,0.75,0.0333147175505255
A2,AR,None,105,106,8,113,0.650000013173368,0.667084562541024,0.0170845493676561,0.0170845493676561,0.00029188182709588,0.00553066811570691,0.75,0.038766476851994
A2,AR,None,105,106,9,114,0.650000009899487,0.670779849175556,0.0207798392760689,0.0207798392760689,0.000431801720339254,0.00692996962895261,0.75,0.0449811048103762
A2,AR,None,105,106,10,115,0.650000007439239,0.676637171085516,0.0266371636462762,0.0266371636462762,0.000709538487118499,0.00879556756572322,0.5,0.0507686192158606
A2,AR,None,105,106,11,116,0.65000000559042,0.682285954667661,0.0322859490772417,0.0322859490772417,0.00104238250781824,0.0111360000497658,0.5,0.057877349051833
A2,AR,None,105,106,12,117,0.650000004201073,0.687637033237296,0.0376370290362223,0.0376370290362223,0.00141654595467344,0.0133453554257007,0.5,0.0667132899315816
A2,AR,None,105,106,13,118,0.650000003157011,0.693042212244536,0.0430422090875252,0.0430422090875252,0.00185263176313424,0.0151464838382963,0.5,0.0759369072793946
A2,AR,None,105,106,14,119,0.650000002372422,0.700689978640258,0.0506899762678359,0.0506899762678359,0.00256947369403377,0.0181904487813216,0.25,0.0847022633368911
A2,AR,None,112,113,1,113,0.650000013173368,0.65034965394981,0.000349640776442284,0.000349640776442284,1.22248672551163e-07,0.000235742374437947,0.5,0.00230418395570034
A2,AR,None,112,113,2,114,0.650000009899487,0.65138550283879,0.00138549293930335,0.00138549293930335,1.91959068485942e-06,0.000648991076860225,0.75,0.00602492109257358
A2,AR,None,112,113,3,115,0.650000007439239,0.652803337666757,0.00280333022751722,0.00280333022751722,7.85866036451175e-06,0.00126774560310121,0.75,0.00950902843705731
A2,AR,None,112,113,4,116,0.65000000559042,0.654717287555858,0.0047172819654383,0.0047172819654383,2.22527491414495e-05,0.00189296994576972,0.75,0.0138011711773098
A2,AR,None,112,113,5,117,0.650000004201073,0.657109206620396,0.00710920241932256,0.00710920241932256,5.05407590389017e-05,0.00278428154901309,0.75,0.0182190626556727
A2,AR,None,112,113,6,118,0.650000003157011,0.660182903738459,0.0101829005814473,0.0101829005814473,0.00010369146425164,0.00387077357461975,0.5,0.0229952138515543
A2,AR,None,112,113,7,119,0.650000002372422,0.663430428551472,0.0134304261790495,0.0134304261790495,0.000180376347350899,0.00549212822107601,0.5,0.0283993429249204
A2,AR,None,112,113,8,120,0.650000001782821,0.667431552682069,0.0174315508992476,0.0174315508992476,0.000303858966753061,0.00743425940961463,0.25,0.0346267083424112
A2,AR,None,112,113,9,121,0.65000000133975,0.671381158434282,0.0213811570945318,0.0213811570945318,0.000457153878701048,0.00953229388596877,0,0.0410111995723788
A2,AR,None,112,113,10,122,0.650000001006792,0.675995333344364,0.0259953323375729,0.0259953323375729,0.000675757303340863,0.0117868705772747,0.25,0.0491024878188506
A2,AR,None,112,113,11,123,0.650000000756581,0.679998579272602,0.0299985785160207,0.0299985785160207,0.00089991471298186,0.0150228654835907,0,0.0573095776175612
A2,AR,None,112,113,12,124,0.650000000568553,0.685934499865404,0.035934499296851,0.035934499296851,0.00129128823971538,0.0181390512311108,0,0.0677147840105
A2,AR,None,112,113,13,125,0.650000000427255,0.691931107220046,0.0419311067927914,0.0419311067927914,0.00175821771686848,0.0212556115603985,0.25,0.0789175396171363
A2,AR,None,112,113,14,126,0.650000000321072,0.698126043839132,0.0481260435180592,0.0481260435180592,0.00231611606470212,0.0255147360096901,0,0.0892699516846993
A2,AR,None,119,120,1,120,0.650000001782821,0.650328845287767,0.000328843504945109,0.000328843504945109,1.08138050744584e-07,0.00023005956782731,0.5,0.00231644019996002
A2,AR,None,119,120,2,121,0.65000000133975,0.651598877117505,0.00159887577775519,0.00159887577775519,2.55640375269227e-06,0.000658413995070909,0.75,0.00594376807731609
A2,AR,None,119,120,3,122,0.650000001006792,0.653065982784102,0.00306598177731077,0.00306598177731077,9.40024425880169e-06,0.00124570762521425,0.75,0.0098000403194245
A2,AR,None,119,120,4,123,0.650000000756581,0.655137617883401,0.0051376171268197,0.0051376171268197,2.63951097417912e-05,0.00205041461849859,0.5,0.013844438787138
A2,AR,None,119,120,5,124,0.650000000568553,0.657481798655943,0.00748179808738925,0.00748179808738925,5.59773026204614e-05,0.00291072795368402,0.75,0.0185509736933557
A2,AR,None,119,120,6,125,0.650000000427255,0.660400429961617,0.0104004295343618,0.0104004295343618,0.000108168934499226,0.00409575601932655,0.75,0.0230582061241498
A2,AR,None,119,120,7,126,0.650000000321072,0.663953560691571,0.0139535603704986,0.0139535603704986,0.000194701847013148,0.0054010534657335,0.5,0.0279899676687988
A2,AR,None,119,120,8,127,0.650000000241279,0.667666569483502,0.017666569242223,0.017666569242223,0.000312107668790259,0.00709667462705024,0.25,0.0317209282322008
A2,AR,None,119,120,9,128,0.650000000181315,0.672931403931049,0.0229314037497331,0.0229314037497331,0.000525849277933274,0.00914879630401524,0.25,0.0363716618523483
A2,AR,None,119,120,10,129,0.650000000136254,0.677381607780597,0.0273816076443422,0.0273816076443422,0.000749752437188697,0.0111215847370645,0.25,0.0417229031667947
A2,AR,None,119,120,11,130,0.650000000102392,0.683912942745822,0.0339129426434297,0.0339129426434297,0.00115008767873655,0.013761214536218,0,0.0480885952463805
A2,AR,None,119,120,12,131,0.650000000076945,0.688336496953854,0.0383364968769088,0.0383364968769088,0.00146968699279324,0.0172222002578409,0,0.0558048110249751
A2,AR,None,119,120,13,132,0.650000000057823,0.693267048782888,0.0432670487250651,0.0432670487250651,0.00187203750537716,0.0194202558977055,0,0.06551084152676
A2,AR,None,119,120,14,133,0.650000000043452,0.699144301051901,0.049144301008449,0.049144301008449,0.00241516232160904,0.02237829907112,0,0.0745015405715251
A2,AR,None,126,127,1,127,0.650000000241279,0.650204816370492,0.000204816129213636,0.000204816129213636,4.1949646786057e-08,0.00017581035379133,0.5,0.00146082886720617
A2,AR,None,126,127,2,128,0.650000000181315,0.651223789594874,0.00122378941355883,0.00122378941355883,1.49766052873866e-06,0.000501585966189793,0.75,0.00430332798031285
A2,AR,None,126,127,3,129,0.650000000136254,0.652610691581115,0.00261069144486048,0.00261069144486048,6.8157098202677e-06,0.00107860310972213,0.75,0.00767365426702019
A2,AR,None,126,127,4,130,0.650000000102392,0.654207218974006,0.00420721887161402,0.00420721887161402,1.77006906336651e-05,0.00172567694785146,0.75,0.0117698679355935
A2,AR,None,126,127,5,131,0.650000000076945,0.65598367511476,0.00598367503781505,0.00598367503781505,3.58043669581709e-05,0.00250602436317366,0.75,0.0161538170973622
A2,AR,None,126,127,6,132,0.650000000057823,0.658654177133607,0.00865417707578464,0.00865417707578464,7.48947808590364e-05,0.00336234950055998,0.75,0.020854778414378
A2,AR,None,126,127,7,133,0.650000000043452,0.661845435837758,0.0118454357943057,0.0118454357943057,0.00014031434915702,0.00435271383596937,0.75,0.0257181258681737
A2,AR,None,126,127,8,134,0.650000000032654,0.664938985690495,0.0149389856578415,0.0149389856578415,0.000223173292485193,0.0055119066665341,0.75,0.0314835173084644
A2,AR,None,126,127,9,135,0.650000000024538,0.668346857541278,0.0183468575167398,0.0183468575167398,0.000336607180739552,0.00673649559116559,0.75,0.0377953656479556
A2,AR,None,126,127,10,136,0.65000000001844,0.672381122593994,0.0223811225755537,0.0223811225755537,0.000500914647741959,0.00803499258749042,0.75,0.0444782204941932
A2,AR,None,126,127,11,137,0.650000000013857,0.676114048866407,0.0261140488525498,0.0261140488525498,0.000681943547473355,0.00937001505107292,0.5,0.0519156069904252
A2,AR,None,126,127,12,138,0.650000000010413,0.680983364663034,0.0309833646526207,0.0309833646526207,0.000959968885197269,0.0114127643193454,0.5,0.0601262188979434
A2,AR,None,126,127,13,139,0.650000000007826,0.686756267219729,0.0367562672119035,0.0367562672119035,0.00135102317935285,0.0137919481032019,0.5,0.0690571570543876
A2,AR,None,126,127,14,140,0.650000000005881,0.692042776071576,0.0420427760656955,0.0420427760656955,0.00176759501931022,0.0161453414331153,0.5,0.0783219713664789
A2,AR,None,133,134,1,134,0.650000000032654,0.650168122437976,0.000168122405322713,0.000168122405322713,2.82651431714945e-08,0.000204120735209892,0.25,0.00136456223342005
A2,AR,None,133,134,2,135,0.650000000024538,0.651145892224273,0.00114589219973504,0.00114589219973504,1.31306893341362e-06,0.000530908695683293,0.75,0.00485733143986281
A2,AR,None,133,134,3,136,0.65000000001844,0.653022089526514,0.00302208950807414,0.00302208950807414,9.13302499481182e-06,0.00117853320296915,0.75,0.00919624472964595
A2,AR,None,133,134,4,137,0.650000000013857,0.654619800885116,0.00461980087125868,0.00461980087125868,2.13425600900825e-05,0.00184121548958913,0.75,0.0133661573454911
A2,AR,None,133,134,5,138,0.650000000010413,0.655884231636814,0.00588423162640017,0.00588423162640017,3.4624181833128e-05,0.00253848696104975,0.75,0.0191225481171876
A2,AR,None,133,134,6,139,0.650000000007826,0.658808345019336,0.00880834501151018,0.00880834501151018,7.75869418417962e-05,0.00338824392247254,0.75,0.0264558218788861
A2,AR,None,133,134,7,140,0.650000000005881,0.660422259953794,0.0104222599479135,0.0104222599479135,0.000108623502421881,0.00418764994551513,0.75,0.0336344138070564
A2,AR,None,133,134,8,141,0.650000000004419,0.66300026949916,0.0130002694947405,0.0130002694947405,0.000169007006935881,0.00528190801910511,0.75,0.0409496300382472
A2,AR,None,133,134,9,142,0.650000000003321,0.666865206098302,0.0168652060949807,0.0168652060949807,0.000284435176626173,0.00670757143510067,0.75,0.0484282302492348
A2,AR,None,133,134,10,143,0.650000000002496,0.672822651080199,0.0228226510777033,0.0228226510777033,0.000520873402214592,0.00824678177155589,0.75,0.0561835725534646
A2,AR,None,133,134,11,144,0.650000000001875,0.677546780765821,0.027546780763946,0.027546780763946,0.000758825130456906,0.00942740012179961,0.75,0.0640139848979957
A2,AR,None,133,134,12,145,0.650000000001409,0.68235041299287,0.032350412991461,0.032350412991461,0.00104654922071809,0.0109659765582956,0.75,0.0720756888371877
A2,AR,None,133,134,13,146,0.650000000001059,0.687200327842543,0.0372003278414841,0.0372003278414841,0.0013838643915139,0.0130535519188533,0.5,0.0802871145984919
A2,AR,None,133,134,14,147,0.650000000000796,0.692578653520364,0.042578653519568,0.042578653519568,0.00181294173553942,0.0147573285886045,0.5,0.0902970659195839
A2,AR,None,140,141,1,141,0.650000000004419,0.650166546278128,0.000166546273708823,0.000166546273708823,2.77376612862942e-08,0.000192236327204579,0.5,0.00228476097500876
A2,AR,None,140,141,2,142,0.650000000003321,0.650631284607342,0.000631284604020732,0.000631284604020732,3.98520251273612e-07,0.000464676298947175,0.75,0.00561126752159311
A2,AR,None,140,141,3,143,0.650000000002496,0.651545091183187,0.00154509118069102,0.00154509118069102,2.38730675664916e-06,0.000939233876195092,0.75,0.00935629565722099
A2,AR,None,140,141,4,144,0.650000000001875,0.652738975009642,0.00273897500776632,0.00273897500776632,7.50198409316851e-06,0.00151575102385285,0.75,0.0134120569639846
A2,AR,None,140,141,5,145,0.650000000001409,0.654389647719958,0.00438964771854833,0.00438964771854833,1.92690070929565e-05,0.00212219575199785,0.75,0.0180409622948901
A2,AR,None,140,141,6,146,0.650000000001059,0.657223497823091,0.0072234978220318,0.0072234978220318,5.21789207848981e-05,0.00283954595105603,0.75,0.0240557539864144
A2,AR,None,140,141,7,147,0.650000000000796,0.658979425825442,0.00897942582464617,0.00897942582464617,8.06300881403225e-05,0.00351960966507402,0.75,0.0305101496270824
A2,AR,None,140,141,8,148,0.650000000000598,0.661622430891283,0.0116224308906853,0.0116224308906853,0.000135080899808755,0.0045111622194885,0.75,0.0378608140238323
A2,AR,None,140,141,9,149,0.650000000000449,0.664711801632565,0.0147118016321156,0.0147118016321156,0.000216437107262719,0.00578213384803377,0.75,0.0457044320519585
A2,AR,None,140,141,10,150,0.650000000000338,0.668457466318686,0.0184574663183485,0.0184574663183485,0.000340678062892971,0.00687764130175111,0.75,0.0536559533553052
A2,AR,None,140,141,11,151,0.650000000000254,0.673473168416599,0.0234731684163449,0.0234731684163449,0.000550989635502094,0.00844601247884946,0.75,0.0625637130018621
A2,AR,None,140,141,12,152,0.650000000000191,0.67821871980479,0.0282187198045989,0.0282187198045989,0.000796296147410462,0.0103710592874022,0.75,0.0710321083671389
A2,AR,None,140,141,13,153,0.650000000000143,0.6829268951775,0.0329268951773571,0.0329268951773571,0.00108418042602066,0.0120095651877094,0.75,0.0793358472555943
A2,AR,None,140,141,14,154,0.650000000000108,0.687960749382081,0.0379607493819734,0.0379607493819734,0.00144101849364099,0.013516694701512,0.75,0.0876612787891548
A2,AR,None,147,148,1,148,0.650000000000598,0.650163809871848,0.000163809871250198,0.000163809871250198,2.68336739190064e-08,0.000247789823340881,0.5,0.00334555817474397
A2,AR,None,147,148,2,149,0.650000000000449,0.651005110487742,0.00100511048729224,0.00100511048729224,1.01024709166484e-06,0.000622762118032355,0.75,0.00756389540993146
A2,AR,None,147,148,3,150,0.650000000000338,0.652071792255336,0.00207179225499809,0.00207179225499809,4.29232314787009e-06,0.00119814169361389,0.75,0.0124039686290675
A2,AR,None,147,148,4,151,0.650000000000254,0.653506775497627,0.00350677549737344,0.00350677549737344,1.22974743889787e-05,0.00185880763901296,0.75,0.017481217336521
A2,AR,None,147,148,5,152,0.650000000000191,0.654978884527822,0.00497888452763162,0.00497888452763162,2.47892911394896e-05,0.00256277803326386,0.75,0.0216915608584246
A2,AR,None,147,148,6,153,0.650000000000143,0.656269623957884,0.00626962395774033,0.00626962395774033,3.93081845714716e-05,0.00337535353551003,0.75,0.0262544455555937
A2,AR,None,147,148,7,154,0.650000000000108,0.658148093227147,0.00814809322703902,0.00814809322703902,6.63914232365192e-05,0.00392432834647268,0.75,0.0314787083405376
A2,AR,None,147,148,8,155,0.650000000000081,0.660235282997141,0.0102352829970596,0.0102352829970596,0.000104761018029896,0.00504445618936452,0.5,0.0368981417140461
A2,AR,None,147,148,9,156,0.650000000000061,0.66259388184615,0.012593881846089,0.012593881846089,0.00015860585995325,0.00599503541786938,0.5,0.0435960655031233
A2,AR,None,147,148,10,157,0.650000000000046,0.665557047446725,0.0155570474466796,0.0155570474466796,0.000242021725258241,0.00730201056706423,0.5,0.0498157424786668
A2,AR,None,147,148,11,158,0.650000000000034,0.667694748959709,0.0176947489596746,0.0176947489596746,0.000313104140745905,0.0091133886100001,0.5,0.0564936248460003
A2,AR,None,147,148,12,159,0.650000000000026,0.671250974025743,0.0212509740257175,0.0212509740257175,0.000451603897041721,0.0109618987533961,0.5,0.0646177902624588
A2,AR,None,147,148,13,160,0.650000000000019,0.674893247936676,0.0248932479366567,0.0248932479366567,0.000619673792835863,0.0127601692221584,0.5,0.0728357601877917
A2,AR,None,147,148,14,161,0.650000000000015,0.678690813023047,0.0286908130230323,0.0286908130230323,0.000823162751922602,0.0147366118092978,0.5,0.0817238117111873
A2,AR,None,154,155,1,155,0.650000000000081,0.650161353266415,0.000161353266334485,0.000161353266334485,2.60348765568073e-08,0.000167906559946829,0.75,0.00269025240382023
A2,AR,None,154,155,2,156,0.650000000000061,0.650969069183531,0.000969069183470617,0.000969069183470617,9.39095082352408e-07,0.000496491184452425,0.75,0.00622326147956045
A2,AR,None,154,155,3,157,0.650000000000046,0.651889822007619,0.00188982200757326,0.00188982200757326,3.57142722030823e-06,0.000948533692696074,0.75,0.0101766233318531
A2,AR,None,154,155,4,158,0.650000000000034,0.652868307935701,0.00286830793566706,0.00286830793566706,8.22719041381062e-06,0.00146098413309652,0.75,0.0145979140563805
A2,AR,None,154,155,5,159,0.650000000000026,0.654329593841418,0.00432959384139253,0.00432959384139253,1.87453828314241e-05,0.00207031006803631,0.75,0.0189561554649612
A2,AR,None,154,155,6,160,0.650000000000019,0.656194198584459,0.00619419858443981,0.00619419858443981,3.83680961034762e-05,0.00276420617862188,0.75,0.0246903349488607
A2,AR,None,154,155,7,161,0.650000000000015,0.658532445513405,0.00853244551339039,0.00853244551339039,7.28026264389757e-05,0.00344489761193712,0.75,0.0316212420521437
A2,AR,None,154,155,8,162,0.650000000000011,0.661299831678774,0.011299831678763,0.011299831678763,0.000127686195968376,0.00446850196646508,0.75,0.039061353115187
A2,AR,None,154,155,9,163,0.650000000000008,0.664251025827126,0.0142510258271177,0.0142510258271177,0.000203091737125175,0.00546084785010049,0.75,0.0463373305757321
A2,AR,None,154,155,10,164,0.650000000000006,0.667239879905035,0.0172398799050291,0.0172398799050291,0.000297213459139825,0.00652439557268304,0.75,0.0550536437364966
A2,AR,None,154,155,11,165,0.650000000000005,0.669445758579948,0.0194457585799429,0.0194457585799429,0.000378137526749423,0.00758224897200206,0.75,0.0629110127768795
A2,AR,None,154,155,12,166,0.650000000000003,0.67449956985168,0.0244995698516768,0.0244995698516768,0.00060022892291719,0.00917563814227051,0.75,0.0719613503192267
A2,AR,None,154,155,13,167,0.650000000000003,0.677463412016191,0.0274634120161881,0.0274634120161881,0.000754238999570903,0.0107781565471156,0.75,0.0812922002537687
A2,AR,None,154,155,14,168,0.650000000000002,0.680981436375484,0.0309814363754822,0.0309814363754822,0.000959849399888053,0.0125964012343721,0.75,0.0913922098237998
A2,AR,None,161,162,1,162,0.650000000000011,0.650165775207918,0.00016577520790706,0.00016577520790706,2.74814195566288e-08,0.000220582630628892,0.5,0.00261586438705108
A2,AR,None,161,162,2,163,0.650000000000008,0.650893695805319,0.000893695805310846,0.000893695805310846,7.98692192430201e-07,0.000551526660596084,0.5,0.00539423516366938
A2,AR,None,161,162,3,164,0.650000000000006,0.65174883116544,0.00174883116543401,0.00174883116543401,3.05841044519326e-06,0.000870610144201909,0.75,0.00872895812532093
A2,AR,None,161,162,4,165,0.650000000000005,0.653020908982004,0.00302090898199958,0.00302090898199958,9.12589107752575e-06,0.00138391031680866,0.75,0.0127624064238394
A2,AR,None,161,162,5,166,0.650000000000003,0.654231375377612,0.0042313753776082,0.0042313753776082,1.7904537586229e-05,0.00199327752302915,0.75,0.0173783917219493
A2,AR,None,161,162,6,167,0.650000000000003,0.656181796435222,0.00618179643521921,0.00618179643521921,3.82146071664889e-05,0.00262473038435226,0.75,0.0218201441200854
A2,AR,None,161,162,7,168,0.650000000000002,0.657988662142966,0.00798866214296434,0.00798866214296434,6.38187228344316e-05,0.00333755651974674,0.75,0.0270203680033082
A2,AR,None,161,162,8,169,0.650000000000001,0.660680055788385,0.0106800557883839,0.0106800557883839,0.000114063591642993,0.00400756879820855,0.75,0.0326506755461385
A2,AR,None,161,162,9,170,0.650000000000001,0.663676630226239,0.0136766302262381,0.0136766302262381,0.00018705021434525,0.0050387996356826,0.75,0.0395029545813967
A2,AR,None,161,162,10,171,0.650000000000001,0.666983093162561,0.0169830931625604,0.0169830931625604,0.000288425453368206,0.00601165201884521,0.75,0.0477298114210386
A2,AR,None,161,162,11,172,0.650000000000001,0.669718494035825,0.0197184940358239,0.0197184940358239,0.000388819007040824,0.00723152352083289,0.75,0.0562122378407072
A2,AR,None,161,162,12,173,0.65,0.67281705064473,0.0228170506447294,0.0228170506447294,0.000520617800124146,0.00823243465174877,0.75,0.0653816196901687
A2,AR,None,161,162,13,174,0.65,0.675433371339703,0.0254333713397022,0.0254333713397022,0.000646856377703188,0.00964781264284925,0.75,0.0739221505399236
A2,AR,None,161,162,14,175,0.65,0.679331639485515,0.029331639485515,0.029331639485515,0.000860345074908222,0.0112999453582938,0.75,0.0828025270577416
A2,AR,None,168,169,1,169,0.650000000000001,0.650155768839928,0.000155768839926074,0.000155768839926074,2.42639314919148e-08,0.000112083426606567,0.75,0.0016675632003276
A2,AR,None,168,169,2,170,0.650000000000001,0.650475812513548,0.000475812513547225,0.000475812513547225,2.26397548048128e-07,0.000437184756554361,0.75,0.00514233863894717
A2,AR,None,168,169,3,171,0.650000000000001,0.651604164417739,0.00160416441773814,0.00160416441773814,2.57334347913715e-06,0.000851346689481805,0.75,0.00913854936373287
A2,AR,None,168,169,4,172,0.650000000000001,0.652414116289353,0.00241411628935195,0.00241411628935195,5.82795745851444e-06,0.00115696119470048,0.75,0.0139182865057761
A2,AR,None,168,169,5,173,0.65,0.653906338034482,0.00390633803448182,0.00390633803448182,1.52594768396393e-05,0.00169377695780109,1,0.0197515971592723
A2,AR,None,168,169,6,174,0.65,0.65535985128893,0.00535985128893002,0.00535985128893002,2.87280058394448e-05,0.00232056050805062,1,0.0259280314627026
A2,AR,None,168,169,7,175,0.65,0.656965935136551,0.00696593513655053,0.00696593513655053,4.85242523266292e-05,0.00297480787269027,1,0.0323027225667534
A2,AR,None,168,169,8,176,0.65,0.659225600569508,0.0092256005695075,0.0092256005695075,8.51117058680971e-05,0.0037882762009259,1,0.0395803809524558
A2,AR,None,168,169,9,177,0.65,0.661895581357521,0.011895581357521,0.011895581357521,0.000141504855833401,0.00467307753400791,0.75,0.0464186379512253
A2,AR,None,168,169,10,178,0.65,0.664734726494794,0.0147347264947939,0.0147347264947939,0.000217112164876381,0.00608929921030511,0.75,0.0532876762270386
A2,AR,None,168,169,11,179,0.65,0.66788563034727,0.0178856303472696,0.0178856303472696,0.000319895772919173,0.00757982600376138,0.75,0.0604838441456555
A2,AR,None,168,169,12,180,0.65,0.670459858525311,0.0204598585253111,0.0204598585253111,0.000418605810875744,0.00867016693317311,0.75,0.0680188879764953
A2,AR,None,168,169,13,181,0.65,0.673891581503858,0.0238915815038577,0.0238915815038577,0.000570807666755477,0.00960847941941899,0.75,0.0759155754929912
A2,AR,None,168,169,14,182,0.65,0.678288101141295,0.0282881011412954,0.0282881011412954,0.00080021666618016,0.0110733824758264,0.75,0.0838039608655303
A2,AR,None,175,176,1,176,0.65,0.650153023598319,0.000153023598319146,0.000153023598319146,2.34162216425395e-08,0.000176638149719528,0.5,0.00243815694123928
A2,AR,None,175,176,2,177,0.65,0.650655128863917,0.000655128863916721,0.000655128863916721,4.29193828336813e-07,0.000434764169063211,0.5,0.00559674016166975
A2,AR,None,175,176,3,178,0.65,0.651429923483025,0.00142992348302518,0.00142992348302518,2.04468116730685e-06,0.000833922451092406,0.75,0.00930076732577612
A2,AR,None,175,176,4,179,0.65,0.652229629211812,0.00222962921181158,0.00222962921181158,4.97124642216352e-06,0.00118770953177657,0.75,0.0124538953955202
A2,AR,None,175,176,5,180,0.65,0.65357244635736,0.00357244635736031,0.00357244635736031,1.2762372976217e-05,0.00162435786003758,0.75,0.0165889899533031
A2,AR,None,175,176,6,181,0.65,0.655185785299839,0.00518578529983937,0.00518578529983937,2.68923691760301e-05,0.00225389806946008,0.75,0.0215557855372855
A2,AR,None,175,176,7,182,0.65,0.656947217626269,0.00694721762626871,0.00694721762626871,4.82638327467386e-05,0.00308571339765859,0.75,0.0270153219792715
A2,AR,None,175,176,8,183,0.65,0.659027715924106,0.00902771592410623,0.00902771592410623,8.14996548063612e-05,0.00366052874827322,0.75,0.034611862847184
A2,AR,None,175,176,9,184,0.65,0.662246699607666,0.0122466996076658,0.0122466996076658,0.000149981651280401,0.00450860762133239,0.75,0.0435359283356191
A2,AR,None,175,176,10,185,0.65,0.663868830755315,0.0138688307553148,0.0138688307553148,0.000192344466519564,0.00546496367212495,0.75,0.0523558480945759
A2,AR,None,175,176,11,186,0.65,0.666145811195667,0.0161458111956666,0.0161458111956666,0.000260687219166113,0.00665109933601726,0.75,0.0616027003559053
A2,AR,None,175,176,12,187,0.65,0.671168191887845,0.0211681918878454,0.0211681918878454,0.000448092347800642,0.00800764023591597,0.75,0.0722631675061779
A2,AR,None,175,176,13,188,0.65,0.673650286001057,0.0236502860010571,0.0236502860010571,0.000559336027931798,0.0088239613067116,0.75,0.0836819495381901
A2,AR,None,175,176,14,189,0.65,0.677095952078931,0.0270959520789312,0.0270959520789312,0.000734190619063738,0.0095097127478362,0.75,0.0932416715647
A2,AR,None,182,183,1,183,0.65,0.650150148229338,0.00015014822933801,0.00015014822933801,2.25444907733395e-08,0.000126677341699773,0.5,0.000963877711609246
A2,AR,None,182,183,2,184,0.65,0.650451944648868,0.000451944648868108,0.000451944648868108,2.04253965640517e-07,0.000320103645820712,0.75,0.00349638046473558
A2,AR,None,182,183,3,185,0.65,0.651064674136963,0.00106467413696276,0.00106467413696276,1.1335310179174e-06,0.000672839934702134,0.75,0.00793918205196986
A2,AR,None,182,183,4,186,0.65,0.652191370446523,0.00219137044652273,0.00219137044652273,4.80210443389324e-06,0.00122288119080777,0.75,0.0133516796924861
A2,AR,None,182,183,5,187,0.65,0.653235754212331,0.00323575421233124,0.00323575421233124,1.04701053226194e-05,0.00170337606448699,0.75,0.0184661218146091
A2,AR,None,182,183,6,188,0.65,0.654763186566563,0.00476318656656327,0.00476318656656327,2.26879462678888e-05,0.0022291955823502,0.75,0.0237070728654781
A2,AR,None,182,183,7,189,0.65,0.65647669615933,0.00647669615933033,0.00647669615933033,4.19475931402843e-05,0.00284574093373261,0.75,0.0276934253734005
A2,AR,None,182,183,8,190,0.65,0.658882758381993,0.00888275838199271,0.00888275838199271,7.89033964728617e-05,0.00364278475734453,0.75,0.0327906400058761
A2,AR,None,182,183,9,191,0.65,0.661228047961868,0.0112280479618679,0.0112280479618679,0.000126069061034007,0.0045056293657233,0.75,0.0392757732803076
A2,AR,None,182,183,10,192,0.65,0.663827446769334,0.0138274467693338,0.0138274467693338,0.000191198284158759,0.00552723198864415,0.75,0.0464785816868054
A2,AR,None,182,183,11,193,0.65,0.666459426424712,0.0164594264247123,0.0164594264247123,0.000270912718230518,0.00649774919663551,0.75,0.0538541164701596
A2,AR,None,182,183,12,194,0.65,0.669437288288055,0.0194372882880546,0.0194372882880546,0.000377808175992944,0.00744101379177296,0.75,0.0619183779564803
A2,AR,None,182,183,13,195,0.65,0.671901623474066,0.0219016234740657,0.0219016234740657,0.000479681110799744,0.00832583023407441,0.75,0.0702148065187515
A2,AR,None,182,183,14,196,0.65,0.672966512228267,0.0229665122282666,0.0229665122282666,0.00052746068393112,0.00906039007760226,0.75,0.0782279323826585
A2,AR,None,189,190,1,190,0.65,0.650147207846878,0.000147207846878383,0.000147207846878383,2.16701501825695e-08,0.000119049572255956,0.75,0.00203981920341181
A2,AR,None,189,190,2,191,0.65,0.650440766172855,0.000440766172854601,0.000440766172854601,1.94274819132892e-07,0.000368651256524662,0.75,0.00501329297708475
A2,AR,None,189,190,3,192,0.65,0.651252163278068,0.00125216327806799,0.00125216327806799,1.56791287494196e-06,0.000695598524726492,0.75,0.00928389321119391
A2,AR,None,189,190,4,193,0.65,0.652204387454477,0.00220438745447693,0.00220438745447693,4.85932404945528e-06,0.00103602740214564,1,0.0141416299682868
A2,AR,None,189,190,5,194,0.65,0.653335972303972,0.00333597230397153,0.00333597230397153,1.11287112128652e-05,0.00152625352537054,1,0.0195791422586712
A2,AR,None,189,190,6,195,0.65,0.65475818221321,0.00475818221320967,0.00475818221320967,2.26402979741049e-05,0.00199349542935379,1,0.0243504145066029
A2,AR,None,189,190,7,196,0.65,0.656302313894555,0.00630231389455449,0.00630231389455449,3.97191604254946e-05,0.00252448636750196,1,0.0295680306450215
A2,AR,None,189,190,8,197,0.65,0.658769226146136,0.0087692261461364,0.0087692261461364,7.68993272020823e-05,0.00317087984442089,1,0.0354552745194684
A2,AR,None,189,190,9,198,0.65,0.661340909536833,0.0113409095368332,0.0113409095368332,0.000128616229122634,0.00385952994055233,0.75,0.0414031986684794
A2,AR,None,189,190,10,199,0.65,0.663069476761187,0.0130694767611866,0.0130694767611866,0.000170811222811198,0.00486557389464341,0.75,0.0475557552022831
A2,AR,None,189,190,11,200,0.65,0.663961790305838,0.0139617903058377,0.0139617903058377,0.000194931588544183,0.00570904004490861,0.75,0.0549292615324058
A2,AR,None,189,190,12,201,0.65,0.666611722835756,0.016611722835756,0.016611722835756,0.000275949335571976,0.00666525974674193,0.75,0.0631987959079551
A2,AR,None,189,190,13,202,0.65,0.668520709981455,0.0185207099814554,0.0185207099814554,0.000343016698217181,0.00729635737541977,0.75,0.072285084501428
A2,AR,None,189,190,14,203,0.65,0.670942432328544,0.0209424323285444,0.0209424323285444,0.000438585471835663,0.00775488384273674,0.75,0.0804968101378365
A2,AR,None,196,197,1,197,0.65,0.650144247421934,0.000144247421933641,0.000144247421933641,2.08073187345018e-08,0.000114616449149051,0.5,0.000945161448574205
A2,AR,None,196,197,2,198,0.65,0.650449165577138,0.000449165577138033,0.000449165577138033,2.01749715685742e-07,0.000369676132554971,0.5,0.00278480815846607
A2,AR,None,196,197,3,199,0.65,0.651157979516113,0.00115797951611307,0.00115797951611307,1.34091655973747e-06,0.000575174978486334,0.75,0.00524116907027525
A2,AR,None,196,197,4,200,0.65,0.652278586403452,0.00227858640345235,0.00227858640345235,5.19195599799793e-06,0.00102720398006955,0.75,0.0087051144865668
A2,AR,None,196,197,5,201,0.65,0.653385515083992,0.00338551508399199,0.00338551508399199,1.14617123839373e-05,0.00149284821998629,0.75,0.0124858223214196
A2,AR,None,196,197,6,202,0.65,0.654782218091099,0.00478221809109858,0.00478221809109858,2.28696098708305e-05,0.00207624003056809,0.75,0.0174743453558594
A2,AR,None,196,197,7,203,0.65,0.656243582519719,0.00624358251971946,0.00624358251971946,3.89823226805464e-05,0.00258402808956301,0.75,0.0234747605853658
A2,AR,None,196,197,8,204,0.65,0.657047507870795,0.00704750787079467,0.00704750787079467,4.96673671889128e-05,0.00311275529363816,0.75,0.0299413862351539
A2,AR,None,196,197,9,205,0.65,0.658913191357109,0.008913191357109,0.008913191357109,7.94449801684425e-05,0.00394265027865924,0.75,0.0356293300165095
A2,AR,None,196,197,10,206,0.65,0.660691414286888,0.0106914142868884,0.0106914142868884,0.00011430633945388,0.0046102288728546,0.75,0.0413530481166682
A2,AR,None,196,197,11,207,0.65,0.662662336717906,0.0126623367179063,0.0126623367179063,0.000160334771157638,0.00543446030807347,0.75,0.0466744939874824
A2,AR,None,196,197,12,208,0.65,0.665232539717839,0.0152325397178394,0.0152325397178394,0.000232030266255556,0.00625031332171696,0.75,0.0534005289591957
A2,AR,None,196,197,13,209,0.65,0.66697592679427,0.0169759267942703,0.0169759267942703,0.000288182090524424,0.00716270912720483,0.75,0.0607689806877661
A2,AR,None,196,197,14,210,0.65,0.668595380648118,0.0185953806481182,0.0185953806481182,0.000345788181448408,0.00809918330199303,0.75,0.0681544658113893
A2,AR,None,203,204,1,204,0.65,0.650141296987781,0.000141296987780759,0.000141296987780759,1.9964838755916e-08,0.000151379717994355,0.5,0.00178746126988416
A2,AR,None,203,204,2,205,0.65,0.650424371329291,0.00042437132929074,0.00042437132929074,1.8009102512399e-07,0.000344930754150638,0.75,0.00432633760326145
A2,AR,None,203,204,3,206,0.65,0.651182985991606,0.00118298599160571,0.00118298599160571,1.39945585633535e-06,0.000699609058669243,0.75,0.00738241729388017
A2,AR,None,203,204,4,207,0.65,0.651864023674803,0.00186402367480332,0.00186402367480332,3.47458426022726e-06,0.000942774444944345,1,0.0123156146360358
A2,AR,None,203,204,5,208,0.65,0.652940012220287,0.00294001222028661,0.00294001222028661,8.64367185543463e-06,0.0013791024026304,1,0.0167606939600522
A2,AR,None,203,204,6,209,0.65,0.654259410079213,0.00425941007921338,0.00425941007921338,1.81425742229045e-05,0.00184657700397762,1,0.0210585683540335
A2,AR,None,203,204,7,210,0.65,0.655588045897931,0.00558804589793138,0.00558804589793138,3.12262569573877e-05,0.00234368064242456,1,0.0257363200779593
A2,AR,None,203,204,8,211,0.65,0.657442751665347,0.00744275166534736,0.00744275166534736,5.53945523520309e-05,0.00289218356778432,1,0.0303031535137512
A2,AR,None,203,204,9,212,0.65,0.659229549982178,0.00922954998217829,0.00922954998217829,8.51845928735272e-05,0.00338986679989045,1,0.0351648246105323
A2,AR,None,203,204,10,213,0.65,0.661067833928912,0.0110678339289124,0.0110678339289124,0.000122496947877985,0.00420134305597645,0.75,0.0404603473925438
A2,AR,None,203,204,11,214,0.65,0.663370437174519,0.0133704371745194,0.0133704371745194,0.000178768590237769,0.0049172476517761,0.75,0.0454654684101914
A2,AR,None,203,204,12,215,0.65,0.665279821877024,0.0152798218770237,0.0152798218770237,0.000233472956593572,0.0055724590843814,0.75,0.0519439260012745
A2,AR,None,203,204,13,216,0.65,0.667790319876464,0.017790319876464,0.017790319876464,0.000316495481306909,0.00621112306268791,0.75,0.0587330504078796
A2,AR,None,203,204,14,217,0.65,0.670678391076789,0.0206783910767886,0.0206783910767886,0.00042759585752461,0.00712158533696419,0.75,0.0653202177895259
A2,AR,None,210,211,1,211,0.65,0.650138379217402,0.000138379217401563,0.000138379217401563,1.9148807808669e-08,0.000143347862624891,0.75,0.00225486385505594
A2,AR,None,210,211,2,212,0.65,0.650414283255873,0.000414283255873116,0.000414283255873116,1.7163061609683e-07,0.000386485434601457,0.75,0.00527271324001433
A2,AR,None,210,211,3,213,0.65,0.650922276924978,0.000922276924977816,0.000922276924977816,8.50594726346536e-07,0.000640698121206848,0.75,0.00748548088929479
A2,AR,None,210,211,4,214,0.65,0.65166929645034,0.00166929645033953,0.00166929645033953,2.78655063911616e-06,0.000977894808033353,0.75,0.0102374586103557
A2,AR,None,210,211,5,215,0.65,0.652655693074699,0.00265569307469915,0.00265569307469915,7.05270570700503e-06,0.00136793186404968,0.75,0.0134580374250577
A2,AR,None,210,211,6,216,0.65,0.653927838015953,0.00392783801595253,0.00392783801595253,1.54279114795619e-05,0.00186896061365757,0.75,0.0182346125808823
A2,AR,None,210,211,7,217,0.65,0.655223210157547,0.0052232101575469,0.0052232101575469,2.72819243499011e-05,0.00234254552108357,0.75,0.0239240983919205
A2,AR,None,210,211,8,218,0.65,0.656580241140384,0.0065802411403838,0.0065802411403838,4.32995734655995e-05,0.00281099023681464,0.75,0.0297774692836105
A2,AR,None,210,211,9,219,0.65,0.65798407584747,0.00798407584746974,0.00798407584746974,6.37454671381496e-05,0.0032452968330634,0.75,0.0342424248484045
A2,AR,None,210,211,10,220,0.65,0.660968488053676,0.0109684880536756,0.0109684880536756,0.000120307730183624,0.00388740098328483,0.75,0.0388126497159345
A2,AR,None,210,211,11,221,0.65,0.663337447176416,0.0133374471764156,0.0133374471764156,0.000177887497183677,0.00447159438355082,0.75,0.0440269483376357
A2,AR,None,210,211,12,222,0.65,0.665635262514522,0.0156352625145219,0.0156352625145219,0.000244461433898012,0.00512707709830614,0.75,0.0495704487441327
A2,AR,None,210,211,13,223,0.65,0.668447255752693,0.0184472557526935,0.0184472557526935,0.000340301244805282,0.00602317890671896,0.75,0.0536955012109576
A2,AR,None,210,211,14,224,0.65,0.671447220733136,0.0214472207331357,0.0214472207331357,0.000459983277175844,0.00691776334619452,0.75,0.0574403146009064
A2,AR,None,217,218,1,218,0.65,0.650135510099335,0.000135510099334657,0.000135510099334657,1.83629870216886e-08,0.000153245108037881,0.5,0.00244058270901598
A2,AR,None,217,218,2,219,0.65,0.650406273751223,0.000406273751223263,0.000406273751223263,1.65058360933022e-07,0.00040827277691061,0.75,0.00633716214307573
A2,AR,None,217,218,3,220,0.65,0.651016592835672,0.00101659283567168,0.00101659283567168,1.03346099353899e-06,0.000744758314580041,0.75,0.00996090592296892
A2,AR,None,217,218,4,221,0.65,0.651659157038181,0.00165915703818131,0.00165915703818131,2.75280207734659e-06,0.00119442284251043,0.75,0.0141287206321072
A2,AR,None,217,218,5,222,0.65,0.652611929646318,0.00261192964631807,0.00261192964631807,6.82217647731522e-06,0.00172872223520969,0.75,0.0184020718428956
A2,AR,None,217,218,6,223,0.65,0.653822630228675,0.00382263022867535,0.00382263022867535,1.46125018651826e-05,0.00226357853720051,0.75,0.0228581064706826
A2,AR,None,217,218,7,224,0.65,0.655906547495651,0.00590654749565089,0.00590654749565089,3.48873033183798e-05,0.00306897077258401,0.75,0.0276536321115658
A2,AR,None,217,218,8,225,0.65,0.657589157903259,0.00758915790325854,0.00758915790325854,5.75953176805915e-05,0.0038102117316053,0.75,0.0323641569349541
A2,AR,None,217,218,9,226,0.65,0.659714485360661,0.00971448536066122,0.00971448536066122,9.43712258225011e-05,0.00466964418665321,0.75,0.0374439263401795
A2,AR,None,217,218,10,227,0.65,0.661926745046147,0.0119267450461472,0.0119267450461472,0.000142247247395797,0.00556950401492769,0.75,0.0426614409801849
A2,AR,None,217,218,11,228,0.65,0.664419681697593,0.0144196816975932,0.0144196816975932,0.000207927220259905,0.00647562923426665,0.75,0.0480051873367477
A2,AR,None,217,218,12,229,0.65,0.667373586780325,0.0173735867803247,0.0173735867803247,0.000301841517613475,0.00736895724454237,0.75,0.0535978642912986
A2,AR,None,217,218,13,230,0.65,0.670792469897877,0.0207924698978766,0.0207924698978766,0.000432326804454106,0.0082988533015986,0.75,0.0600923133509053
A2,AR,None,217,218,14,231,0.65,0.674526425768536,0.0245264257685363,0.0245264257685363,0.000601545560979519,0.00929437525080866,0.75,0.0668172807114437
A2,AR,None,224,225,1,225,0.65,0.650132700632764,0.00013270063276416,0.00013270063276416,1.76094579360085e-08,0.000103078615335499,0.5,0.00127642218682594
A2,AR,None,224,225,2,226,0.65,0.650406804900509,0.00040680490050915,0.00040680490050915,1.6549022707826e-07,0.000256058429488773,0.75,0.00295414112427189
A2,AR,None,224,225,3,227,0.65,0.650893303305725,0.000893303305725124,0.000893303305725124,7.97990796019434e-07,0.000513874773929345,0.75,0.00536837357082814
A2,AR,None,224,225,4,228,0.65,0.651706914829906,0.0017069148299057,0.0017069148299057,2.91355823655202e-06,0.000907826686346655,0.75,0.00915796666513546
A2,AR,None,224,225,5,229,0.65,0.65246147925951,0.00246147925950957,0.00246147925950957,6.05888014499578e-06,0.00132152474432116,0.75,0.0132736599804446
A2,AR,None,224,225,6,230,0.65,0.653701636328206,0.00370163632820575,0.00370163632820575,1.37021115062925e-05,0.00178119571620102,0.75,0.0169395513099053
A2,AR,None,224,225,7,231,0.65,0.655091819651469,0.00509181965146943,0.00509181965146943,2.59266273630903e-05,0.00228360286671137,0.75,0.0211456859387586
A2,AR,None,224,225,8,232,0.65,0.656455057851713,0.00645505785171341,0.00645505785171341,4.16677718689669e-05,0.00289964308932756,0.75,0.0262757603844627
A2,AR,None,224,225,9,233,0.65,0.658183392479301,0.00818339247930056,0.00818339247930056,6.69679124702729e-05,0.00337747673992361,0.75,0.0319072111231492
A2,AR,None,224,225,10,234,0.65,0.659758539579627,0.00975853957962691,0.00975853957962691,9.5229094727145e-05,0.00378393073697989,0.75,0.0372572113346405
A2,AR,None,224,225,11,235,0.65,0.661710182864945,0.0117101828649445,0.0117101828649445,0.00013712838273044,0.00448460994857968,0.75,0.042984800319212
A2,AR,None,224,225,12,236,0.65,0.663458949894241,0.0134589498942411,0.0134589498942411,0.000181143332255693,0.00496666469220002,0.75,0.0490137172513917
A2,AR,None,224,225,13,237,0.65,0.665998559022908,0.0159985590229081,0.0159985590229081,0.000255953890809476,0.00607028690907843,0.75,0.0544964344748689
A2,AR,None,224,225,14,238,0.65,0.667849880987547,0.017849880987547,0.017849880987547,0.000318618251269593,0.00727446863885005,0.75,0.0600753919067625
A2,AR,None,231,232,1,232,0.65,0.65012997056439,0.000129970564390347,0.000129970564390347,1.68923476079453e-08,0.0001666831858177,0,0.00149137080100645
A2,AR,None,231,232,2,233,0.65,0.650392857783767,0.000392857783767298,0.000392857783767298,1.54337238266553e-07,0.000392200645801444,0.5,0.00405846764467696
A2,AR,None,231,232,3,234,0.65,0.651059789341842,0.0010597893418417,0.0010597893418417,1.12315344908126e-06,0.000645920296613424,0.75,0.00737775759373843
A2,AR,None,231,232,4,235,0.65,0.651877017183983,0.00187701718398314,0.00187701718398314,3.52319350896801e-06,0.00106343407641597,0.75,0.0115928696391235
A2,AR,None,231,232,5,236,0.65,0.652830576516478,0.00283057651647756,0.00283057651647756,8.01216341563422e-06,0.00152135876538104,0.75,0.0156783912686702
A2,AR,None,231,232,6,237,0.65,0.653977544076335,0.00397754407633533,0.00397754407633533,1.58208568791902e-05,0.00207266365802998,0.75,0.0203549195320711
A2,AR,None,231,232,7,238,0.65,0.655307301894543,0.00530730189454276,0.00530730189454276,2.81674533998172e-05,0.00270661829655099,0.75,0.0253444392321958
A2,AR,None,231,232,8,239,0.65,0.656811881552205,0.00681188155220513,0.00681188155220513,4.64017302812726e-05,0.00326761220338266,0.75,0.0311935011901454
A2,AR,None,231,232,9,240,0.65,0.659182319914124,0.00918231991412377,0.00918231991412377,8.4314999005314e-05,0.00382774327670501,0.75,0.0370593611425591
A2,AR,None,231,232,10,241,0.65,0.661328853024189,0.0113288530241885,0.0113288530241885,0.000128342910843665,0.00454439648383575,0.75,0.0425182381172906
A2,AR,None,231,232,11,242,0.65,0.663558609074136,0.0135586090741363,0.0135586090741363,0.000183835880025251,0.00527042470114205,0.75,0.0481833491523917
A2,AR,None,231,232,12,243,0.65,0.66533529241806,0.0153352924180595,0.0153352924180595,0.000235171193547394,0.00590039279360982,0.75,0.0546890522680357
A2,AR,None,231,232,13,244,0.65,0.668253153071783,0.0182531530717825,0.0182531530717825,0.000333177597061925,0.00661608896474574,0.75,0.0620829489430175
A2,AR,None,231,232,14,245,0.65,0.6706631841609,0.0206631841609,0.0206631841609,0.000426967179667267,0.00730639839902828,0.75,0.0690440136995243
A2,AR,None,238,239,1,239,0.65,0.650127288376688,0.00012728837668774,0.00012728837668774,1.62023308397999e-08,0.000120023939445376,0.5,0.00160113810488899
A2,AR,None,238,239,2,240,0.65,0.650380924876124,0.000380924876123623,0.000380924876123623,1.45103761249797e-07,0.000296475272965485,0.75,0.00417542906742008
A2,AR,None,238,239,3,241,0.65,0.650770279710351,0.00077027971035093,0.00077027971035093,5.93330832178312e-07,0.000573676108513355,0.75,0.00720253444291391
A2,AR,None,238,239,4,242,0.65,0.651315754259152,0.00131575425915209,0.00131575425915209,1.73120927047687e-06,0.000917349611283436,0.75,0.0103583210834415
A2,AR,None,238,239,5,243,0.65,0.652070737190356,0.00207073719035611,0.00207073719035611,4.28795251152391e-06,0.00130273431974145,0.75,0.0132514237638073
A2,AR,None,238,239,6,244,0.65,0.65312459129856,0.00312459129855991,0.00312459129855991,9.7630707830363e-06,0.00174013488943318,0.75,0.0157343934747893
A2,AR,None,238,239,7,245,0.65,0.654329311852987,0.00432931185298746,0.00432931185298746,1.87429411204177e-05,0.00196370474701,0.75,0.0204787252057122
A2,AR,None,238,239,8,246,0.65,0.655573227270355,0.00557322727035514,0.00557322727035514,3.10608622070302e-05,0.00221759723602356,0.75,0.0253702573955226
A2,AR,None,238,239,9,247,0.65,0.657119246896965,0.0071192468969653,0.0071192468969653,5.06836763799501e-05,0.00271713892278546,1,0.0320132328307668
A2,AR,None,238,239,10,248,0.65,0.658458745935158,0.00845874593515761,0.00845874593515761,7.15503827955453e-05,0.00333148101848529,1,0.0383347530114434
A2,AR,None,238,239,11,249,0.65,0.659930712787042,0.00993071278704194,0.00993071278704194,9.86190564587183e-05,0.00400579084963906,0.75,0.0457863965673687
A2,AR,None,238,239,12,250,0.65,0.661747681999891,0.0117476819998911,0.0117476819998911,0.000138008032370565,0.0047570339064886,0.75,0.0520749857388852
A2,AR,None,238,239,13,251,0.65,0.663610732327864,0.0136107323278638,0.0136107323278638,0.000185252034500757,0.00545503112587485,0.75,0.0580449355422037
A2,AR,None,238,239,14,252,0.65,0.665762838356711,0.0157628383567106,0.0157628383567106,0.000248467073059785,0.00622608744369719,0.75,0.0654951875183003
A2,AR,None,245,246,1,246,0.65,0.650124693207272,0.000124693207271487,0.000124693207271487,1.554839593965e-08,0.000128025318441515,0.5,0.00162587992402061
A2,AR,None,245,246,2,247,0.65,0.650575582061454,0.000575582061454027,0.000575582061454027,3.31294709467668e-07,0.000330148745095504,0.75,0.0041499643630829
A2,AR,None,245,246,3,248,0.65,0.651127626261631,0.00112762626163065,0.00112762626163065,1.27154098591912e-06,0.000668323286785882,0.75,0.00753311734552736
A2,AR,None,245,246,4,249,0.65,0.651759928674748,0.00175992867474839,0.00175992867474839,3.09734894020162e-06,0.000941787263906299,0.75,0.0113429121341165
A2,AR,None,245,246,5,250,0.65,0.652614267147367,0.00261426714736712,0.00261426714736712,6.83439271780303e-06,0.00138954766831536,0.75,0.0166339435313616
A2,AR,None,245,246,6,251,0.65,0.653798113525156,0.00379811352515558,0.00379811352515558,1.44256663499697e-05,0.0018495048472694,0.75,0.0217471632474286
A2,AR,None,245,246,7,252,0.65,0.654956034090801,0.00495603409080081,0.00495603409080081,2.45622739091798e-05,0.00234966450923571,0.75,0.0268679393225881
A2,AR,None,245,246,8,253,0.65,0.656266367829572,0.00626636782957246,0.00626636782957246,3.92673657755007e-05,0.00284889097410196,0.75,0.0309788935873781
A2,AR,None,245,246,9,254,0.65,0.657358711522198,0.00735871152219847,0.00735871152219847,5.41506352669365e-05,0.00348478737430261,0.75,0.0351131176480722
A2,AR,None,245,246,10,255,0.65,0.658933634386659,0.00893363438665917,0.00893363438665917,7.98098233544992e-05,0.00426491306897378,0.75,0.0398244762538145
A2,AR,None,245,246,11,256,0.65,0.660621588925329,0.0106215889253286,0.0106215889253286,0.000112818151298663,0.00504268978474071,0.75,0.0449491742463148
A2,AR,None,245,246,12,257,0.65,0.662764191562743,0.0127641915627431,0.0127641915627431,0.000162924586250402,0.00566099516267324,0.75,0.050689504550443
A2,AR,None,245,246,13,258,0.65,0.665281205314891,0.0152812053148913,0.0152812053148913,0.000233515235875862,0.00637335992953226,0.75,0.0564769340589926
A2,AR,None,245,246,14,259,0.65,0.667919162031197,0.0179191620311975,0.0179191620311975,0.000321096367900309,0.00722557807986304,0.75,0.0626811133855034
A2,AR,None,252,253,1,253,0.65,0.650122174320547,0.000122174320547175,0.000122174320547175,1.49265646011638e-08,0.000133676886627756,0.5,0.00174598601003514
A2,AR,None,252,253,2,254,0.65,0.650365651646721,0.000365651646720866,0.000365651646720866,1.33701126749681e-07,0.000322936740300788,0.75,0.00452989815741792
A2,AR,None,252,253,3,255,0.65,0.650802248889111,0.000802248889110513,0.000802248889110513,6.43603280079052e-07,0.000593718119284217,0.75,0.00743736621780863
A2,AR,None,252,253,4,256,0.65,0.651391930716827,0.00139193071682653,0.00139193071682653,1.93747112044521e-06,0.000746211690439838,0.75,0.0111986718917569
A2,AR,None,252,253,5,257,0.65,0.652317664191142,0.00231766419114199,0.00231766419114199,5.37156730290185e-06,0.00114437940157883,0.75,0.0155216959029165
A2,AR,None,252,253,6,258,0.65,0.653414105136412,0.00341410513641216,0.00341410513641216,1.16561138824759e-05,0.00144216712022826,1,0.0195830769078996
A2,AR,None,252,253,7,259,0.65,0.654470898921165,0.00447089892116515,0.00447089892116515,1.99889371632757e-05,0.00188739941145744,0.75,0.0249114021541506
A2,AR,None,252,253,8,260,0.65,0.655524336063444,0.00552433606344371,0.00552433606344371,3.05182889418648e-05,0.00232858281356683,1,0.0302788287200765
A2,AR,None,252,253,9,261,0.65,0.656906836202722,0.00690683620272148,0.00690683620272148,4.7704386331224e-05,0.0028814560740586,1,0.0356407741187184
A2,AR,None,252,253,10,262,0.65,0.657945819646379,0.00794581964637875,0.00794581964637875,6.31360498527785e-05,0.00340807324221599,1,0.0414075450038176
A2,AR,None,252,253,11,263,0.65,0.659433305650374,0.00943330565037359,0.00943330565037359,8.89872554933703e-05,0.00392980666808065,1,0.0469766218046395
A2,AR,None,252,253,12,264,0.65,0.66133260461204,0.0113326046120402,0.0113326046120402,0.000128427927292835,0.00452460129612521,0.75,0.0534213358467562
A2,AR,None,252,253,13,265,0.65,0.663558424831551,0.0135584248315507,0.0135584248315507,0.00018383088391281,0.00533213896761716,0.75,0.0601366827020827
A2,AR,None,252,253,14,266,0.65,0.665618032235298,0.0156180322352977,0.0156180322352977,0.000243922930902797,0.00628430442187889,0.75,0.0675216350547631
A2,AR,None,259,260,1,260,0.65,0.650119731891792,0.000119731891791708,0.000119731891791708,1.43357259120212e-08,0.000109884813651683,0.5,0.00142104902247986
A2,AR,None,259,260,2,261,0.65,0.650358286305209,0.000358286305209288,0.000358286305209288,1.28369076500523e-07,0.000336153035093128,0.5,0.00366781287623583
A2,AR,None,259,260,3,262,0.65,0.65088872617599,0.000888726175990118,0.000888726175990118,7.89834215890018e-07,0.000586192442259873,0.75,0.00666639959837947
A2,AR,None,259,260,4,263,0.65,0.651491724440241,0.00149172444024093,0.00149172444024093,2.22524180561211e-06,0.000986939428799684,0.75,0.0106308193766979
A2,AR,None,259,260,5,264,0.65,0.652218139892727,0.0022181398927269,0.0022181398927269,4.9201445837065e-06,0.00141115466607594,0.75,0.0148021933980977
A2,AR,None,259,260,6,265,0.65,0.653347862428957,0.00334786242895713,0.00334786242895713,1.12081828432227e-05,0.00201811597773991,0.75,0.0198708573921027
A2,AR,None,259,260,7,266,0.65,0.654353768785628,0.00435376878562799,0.00435376878562799,1.89553026387086e-05,0.00250742569421088,0.75,0.0241788430441202
A2,AR,None,259,260,8,267,0.65,0.656039937102222,0.00603993710222162,0.00603993710222162,3.64808401987932e-05,0.00316061667163319,0.75,0.0284959431510781
A2,AR,None,259,260,9,268,0.65,0.65726113883461,0.00726113883460955,0.00726113883460955,5.27241371754749e-05,0.00367201520126291,0.75,0.0329260761144692
A2,AR,None,259,260,10,269,0.65,0.658678618877239,0.0086786188772392,0.0086786188772392,7.53184256163725e-05,0.00413114932050928,0.75,0.0380962429117105
A2,AR,None,259,260,11,270,0.65,0.660592924959498,0.0105929249594977,0.0105929249594977,0.00011221005919755,0.00482784424287265,0.75,0.0438253276372539
A2,AR,None,259,260,12,271,0.65,0.662629140943881,0.0126291409438807,0.0126291409438807,0.000159495200980403,0.00561891632992082,0.75,0.0492428437728464
A2,AR,None,259,260,13,272,0.65,0.664961554577774,0.0149615545777736,0.0149615545777736,0.000223848115383698,0.00650832511083612,0.75,0.0549215250731445
A2,AR,None,259,260,14,273,0.65,0.66668943102952,0.0166894310295199,0.0166894310295199,0.000278537108089102,0.00736191095641234,0.75,0.0613643344716671
A2,AR,None,266,267,1,267,0.65,0.650117365427947,0.00011736542794738,0.00011736542794738,1.37746436772717e-08,0.000165835846436736,0,0.00139397201886707
A2,AR,None,266,267,2,268,0.65,0.650351230430887,0.000351230430887139,0.000351230430887139,1.23362815581166e-07,0.00046892541663775,0,0.00301259794817296
A2,AR,None,266,267,3,269,0.65,0.650712170309979,0.000712170309978499,0.000712170309978499,5.07186550414872e-07,0.000654636762505508,0.5,0.00626096088980677
A2,AR,None,266,267,4,270,0.65,0.651533363089857,0.00153336308985685,0.00153336308985685,2.35120236533536e-06,0.000907081036589299,0.75,0.0099233398470793
A2,AR,None,266,267,5,271,0.65,0.652449773505837,0.00244977350583653,0.00244977350583653,6.00139022989859e-06,0.00144612321004271,0.75,0.0143672702692867
A2,AR,None,266,267,6,272,0.65,0.653533680998611,0.00353368099861107,0.00353368099861107,1.24869013999449e-05,0.00197668500861805,0.75,0.0189588670924086
A2,AR,None,266,267,7,273,0.65,0.654866643918674,0.0048666439186742,0.0048666439186742,2.36842230311685e-05,0.00255555154040254,0.75,0.0234963532048859
A2,AR,None,266,267,8,274,0.65,0.65615186643721,0.00615186643721033,0.00615186643721033,3.78454606612749e-05,0.00319035456028148,0.75,0.0285709331150651
A2,AR,None,266,267,9,275,0.65,0.657803465717569,0.00780346571756885,0.00780346571756885,6.08940772052723e-05,0.00401085438166154,0.75,0.0346401010929754
A2,AR,None,266,267,10,276,0.65,0.659474260349463,0.00947426034946297,0.00947426034946297,8.97616091694062e-05,0.00494068062338027,0.75,0.0409522652497894
A2,AR,None,266,267,11,277,0.65,0.661755328102473,0.0117553281024725,0.0117553281024725,0.000138187738796779,0.00578999905828588,0.75,0.0469512436170137
A2,AR,None,266,267,12,278,0.65,0.663180348531233,0.0131803485312333,0.0131803485312333,0.000173721587404784,0.00663866399120666,0.75,0.0532493213554285
A2,AR,None,266,267,13,279,0.65,0.665489567522535,0.0154895675225352,0.0154895675225352,0.000239926702035176,0.00760740690201497,0.75,0.0607069615919892
A2,AR,None,266,267,14,280,0.65,0.668074398980255,0.0180743989802546,0.0180743989802546,0.00032668389849743,0.008662140552203,0.75,0.068050282875126
A2,AR,None,273,274,1,274,0.65,0.65011507374001,0.00011507374000963,0.00011507374000963,1.3241965639804e-08,0.000110145185474173,0.5,0.00166217367170329
A2,AR,None,273,274,2,275,0.65,0.650344659112278,0.000344659112277657,0.000344659112277657,1.18789903676022e-07,0.00030759771008357,0.5,0.00411204306773807
A2,AR,None,273,274,3,276,0.65,0.650689797876602,0.000689797876602061,0.000689797876602061,4.75821110564712e-07,0.000479208280100985,0.75,0.00702517123128341
A2,AR,None,273,274,4,277,0.65,0.651222420925344,0.00122242092534353,0.00122242092534353,1.49431291871772e-06,0.000774763251883119,0.75,0.0101984165660175
A2,AR,None,273,274,5,278,0.65,0.651981916282965,0.00198191628296496,0.00198191628296496,3.92799215268163e-06,0.00121399712608059,0.75,0.0141114687177683
A2,AR,None,273,274,6,279,0.65,0.653168147891519,0.00316814789151876,0.00316814789151876,1.00371610625348e-05,0.00169397296736772,0.75,0.018262205369041
A2,AR,None,273,274,7,280,0.65,0.654347719052617,0.00434771905261711,0.00434771905261711,1.89026609604898e-05,0.00196734806860616,0.75,0.0220364214026049
A2,AR,None,273,274,8,281,0.65,0.655610066805202,0.00561006680520171,0.00561006680520171,3.14728495588261e-05,0.00234356382069251,0.75,0.0260063608539163
A2,AR,None,273,274,9,282,0.65,0.657058355799693,0.00705835579969294,0.00705835579969294,4.9820386595059e-05,0.00289741364691549,0.75,0.0302856632411731
A2,AR,None,273,274,10,283,0.65,0.658765840085698,0.00876584008569803,0.00876584008569803,7.68399524080304e-05,0.00356369684669531,0.75,0.0351007189630153
A2,AR,None,273,274,11,284,0.65,0.660052713197549,0.0100527131975493,0.0100527131975493,0.000101057042632182,0.0042170750570519,0.75,0.0401373407768571
A2,AR,None,273,274,12,285,0.65,0.660864941509525,0.0108649415095251,0.0108649415095251,0.000118046954005402,0.00473160176828107,0.75,0.045573439164254
A2,AR,None,273,274,13,286,0.65,0.661719534049176,0.0117195340491759,0.0117195340491759,0.000137347478329794,0.00516304786966414,0.75,0.0514462241741708
A2,AR,None,273,274,14,287,0.65,0.663503527572831,0.0135035275728309,0.0135035275728309,0.000182345256910205,0.00582749805800697,0.75,0.0576157834506915
A2,AR,None,280,281,1,281,0.65,0.650112855246571,0.000112855246571009,0.000112855246571009,1.27363066786032e-08,8.96408623542437e-05,0.5,0.000777024824353351
A2,AR,None,280,281,2,282,0.65,0.65033770811788,0.000337708117880031,0.000337708117880031,1.14046772882073e-07,0.000280186615698846,0.75,0.00367730967927443
A2,AR,None,280,281,3,283,0.65,0.650673867045511,0.000673867045510868,0.000673867045510868,4.54096795025546e-07,0.000465050592029279,0.75,0.00743644614020675
A2,AR,None,280,281,4,284,0.65,0.651214599143439,0.00121459914343891,0.00121459914343891,1.47525107924253e-06,0.000791267868247243,1,0.0118124207630113
A2,AR,None,280,281,5,285,0.65,0.65195924217241,0.00195924217240961,0.00195924217240961,3.83862989014834e-06,0.00124754480206895,1,0.0166474141027216
A2,AR,None,280,281,6,286,0.65,0.652643136984515,0.00264313698451457,0.00264313698451457,6.98617311890878e-06,0.00170673065046347,1,0.0226550511476398
A2,AR,None,280,281,7,287,0.65,0.653421766851761,0.00342176685176077,0.00342176685176077,1.17084883878088e-05,0.00210443249649104,1,0.027672651949142
A2,AR,None,280,281,8,288,0.65,0.654170704441683,0.00417070444168344,0.00417070444168344,1.73947755398779e-05,0.00257091463678163,1,0.033270834632908
A2,AR,None,280,281,9,289,0.65,0.655134656665839,0.00513465666583945,0.00513465666583945,2.63646990760495e-05,0.00314634172835851,1,0.0396362395732809
A2,AR,None,280,281,10,290,0.65,0.656602846210453,0.00660284621045271,0.00660284621045271,4.35975780788897e-05,0.00365658003647102,1,0.0449877454338209
A2,AR,None,280,281,11,291,0.65,0.656531339675567,0.00653133967556652,0.00653133967556652,4.26583979576293e-05,0.00402401936008304,1,0.0508744015061006
A2,AR,None,280,281,12,292,0.65,0.658679450864584,0.00867945086458377,0.00867945086458377,7.5332867310724e-05,0.00459839163572162,1,0.056777287579303
A2,AR,None,280,281,13,293,0.65,0.660736371959371,0.0107363719593713,0.0107363719593713,0.000115269682849974,0.00521283376369621,1,0.0631349037818932
A2,AR,None,280,281,14,294,0.65,0.661953095636518,0.0119530956365176,0.0119530956365176,0.000142876495295736,0.00576545609174352,1,0.0699829876459344
A2,AR,None,287,288,1,288,0.65,0.65011070806915,0.000110708069150145,0.000110708069150145,1.22562765749533e-08,0.000162478259765089,0,0.00124964871500716
A2,AR,None,287,288,2,289,0.65,0.650347483505099,0.000347483505098611,0.000347483505098611,1.20744786315617e-07,0.000413239353973486,0,0.00290691062722012
A2,AR,None,287,288,3,290,0.65,0.650869467921351,0.000869467921351452,0.000869467921351452,7.55974466259215e-07,0.00079463048680988,0,0.00464555821051177
A2,AR,None,287,288,4,291,0.65,0.651611079714219,0.00161107971421948,0.00161107971421948,2.59557784556951e-06,0.00132478999323544,0,0.00670225276551345
A2,AR,None,287,288,5,292,0.65,0.65242566002778,0.00242566002778022,0.00242566002778022,5.88382657037073e-06,0.00159288020437988,0.25,0.00983132208435319
A2,AR,None,287,288,6,293,0.65,0.653321594791964,0.00332159479196392,0.00332159479196392,1.10329919620019e-05,0.00198215269146803,0.5,0.0140155451924225
A2,AR,None,287,288,7,294,0.65,0.654328888955753,0.00432888895575323,0.00432888895575323,1.87392795912423e-05,0.00241485874322242,0.5,0.0187857024432742
A2,AR,None,287,288,8,295,0.65,0.655396237465858,0.00539623746585749,0.00539623746585749,2.91193787879241e-05,0.00290691165222968,0.75,0.0232376706165688
A2,AR,None,287,288,9,296,0.65,0.656578817650517,0.00657881765051649,0.00657881765051649,4.32808416787473e-05,0.00351479639205076,0.75,0.0267990508680662
A2,AR,None,287,288,10,297,0.65,0.657833197961405,0.00783319796140469,0.00783319796140469,6.13589903025546e-05,0.00411329478954236,0.75,0.0307148884250242
A2,AR,None,287,288,11,298,0.65,0.659829297885955,0.00982929788595477,0.00982929788595477,9.66150969308349e-05,0.00470045412758649,0.75,0.0347525947646818
A2,AR,None,287,288,12,299,0.65,0.661628812181187,0.0116288121811873,0.0116288121811873,0.00013522927274533,0.00548882453180615,0.75,0.0395955056435461
A2,AR,None,287,288,13,300,0.65,0.663637786604372,0.0136377866043721,0.0136377866043721,0.000185989223466391,0.00623795611832739,0.75,0.0436413770684699
A2,AR,None,287,288,14,301,0.65,0.665664967003446,0.0156649670034458,0.0156649670034458,0.000245391191219045,0.00705959111748858,0.75,0.0486430564621376
A2,AR,None,294,295,1,295,0.65,0.650108630129852,0.000108630129852072,0.000108630129852072,1.1800505111678e-08,0.000113632216025364,0.75,0.00234846583886078
A2,AR,None,294,295,2,296,0.65,0.650325152259956,0.000325152259956107,0.000325152259956107,1.05723992154564e-07,0.00033930197110602,0.75,0.00552032481643722
A2,AR,None,294,295,3,297,0.65,0.650650200007666,0.000650200007666357,0.000650200007666357,4.22760049969331e-07,0.000600121921612704,0.75,0.00874107581619329
A2,AR,None,294,295,4,298,0.65,0.651202734385018,0.00120273438501795,0.00120273438501795,1.44657000090449e-06,0.000954397964654077,0.75,0.0125896146250558
A2,AR,None,294,295,5,299,0.65,0.651912952403506,0.00191295240350609,0.00191295240350609,3.65938689807971e-06,0.00133601628343412,0.75,0.0169797758385743
A2,AR,None,294,295,6,300,0.65,0.652720147181689,0.002720147181689,0.002720147181689,7.39920069005063e-06,0.00180804173548596,0.75,0.0213667202164424
A2,AR,None,294,295,7,301,0.65,0.653514002850112,0.00351400285011216,0.00351400285011216,1.23482160305964e-05,0.00225523342297404,0.75,0.0260885292254094
A2,AR,None,294,295,8,302,0.65,0.654710762754038,0.00471076275403781,0.00471076275403781,2.21912857248299e-05,0.00256787820565182,0.75,0.0311899275915293
A2,AR,None,294,295,9,303,0.65,0.6556258196726,0.00562581967260012,0.00562581967260012,3.16498469886145e-05,0.00283035228161971,0.75,0.0359647647379383
A2,AR,None,294,295,10,304,0.65,0.657094700659999,0.00709470065999918,0.00709470065999918,5.03347774549927e-05,0.00335219025868833,0.75,0.0407948588510671
A2,AR,None,294,295,11,305,0.65,0.658309851291479,0.00830985129147888,0.00830985129147888,6.90536284864931e-05,0.0038345054259915,0.75,0.0453147920754848
A2,AR,None,294,295,12,306,0.65,0.660029476648563,0.0100294766485632,0.0100294766485632,0.000100590401844075,0.00437237842927046,0.75,0.0494391265908887
A2,AR,None,294,295,13,307,0.65,0.661870105218372,0.0118701052183717,0.0118701052183717,0.000140899397895216,0.00503565381164881,0.75,0.0540033577425842
A2,AR,None,294,295,14,308,0.65,0.66293992993925,0.0129399299392502,0.0129399299392502,0.000167441786832704,0.00562428297644346,0.75,0.0589882108014425
A2,AR,None,301,302,1,302,0.65,0.650106619215818,0.000106619215818227,0.000106619215818227,1.13676571816936e-08,9.70675585461958e-05,0.25,0.00061602874383504
A2,AR,None,301,302,2,303,0.65,0.650319039193228,0.000319039193227733,0.000319039193227733,1.01786006815402e-07,0.000281343280345135,0.5,0.00293164985322578
A2,AR,None,301,302,3,304,0.65,0.650636718182512,0.000636718182512097,0.000636718182512097,4.05410043941508e-07,0.00045531388530704,0.75,0.00569149899762189
A2,AR,None,301,302,4,305,0.65,0.651063055459246,0.00106305545924601,0.00106305545924601,1.13008690943274e-06,0.000767898057000268,0.75,0.0091018623807318
A2,AR,None,301,302,5,306,0.65,0.65160594928211,0.00160594928211022,0.00160594928211022,2.57907309671033e-06,0.00112868412951235,0.75,0.0127682072021887
A2,AR,None,301,302,6,307,0.65,0.652528389278346,0.00252838927834553,0.00252838927834553,6.39275234285265e-06,0.00161591443397159,0.75,0.0165588839585061
A2,AR,None,301,302,7,308,0.65,0.653531173948434,0.00353117394843416,0.00353117394843416,1.24691894541001e-05,0.0021033934328723,0.75,0.01984869415818
A2,AR,None,301,302,8,309,0.65,0.654692179417846,0.00469217941784572,0.00469217941784572,2.2016547689255e-05,0.00244466375931529,0.75,0.023639984774039
A2,AR,None,301,302,9,310,0.65,0.655850679334841,0.00585067933484085,0.00585067933484085,3.42304486791337e-05,0.00277752103913349,0.75,0.0282576158569934
A2,AR,None,301,302,10,311,0.65,0.657335421148001,0.00733542114800079,0.00733542114800079,5.38084034185372e-05,0.00324818487852684,0.75,0.0330973941349625
A2,AR,None,301,302,11,312,0.65,0.658690701997375,0.00869070199737543,0.00869070199737543,7.55283012071852e-05,0.00361122000970683,0.75,0.0377473597090567
A2,AR,None,301,302,12,313,0.65,0.660188048900763,0.0101880489007631,0.0101880489007631,0.00010379634040434,0.00437059462617669,0.75,0.0425684552790901
A2,AR,None,301,302,13,314,0.65,0.661555329972381,0.0115553299723805,0.0115553299723805,0.000133525650770595,0.00531798381190844,0.75,0.0478983235436133
A2,AR,None,301,302,14,315,0.65,0.663763498023121,0.013763498023121,0.013763498023121,0.000189433877832457,0.00633702541313079,0.75,0.0533469084419892
A2,AR,None,308,309,1,309,0.65,0.650104673063956,0.000104673063956451,0.000104673063956451,1.09564503180312e-08,0.000107613789395089,0.5,0.00166589186087518
A2,AR,None,308,309,2,310,0.65,0.650313215102565,0.000313215102564768,0.000313215102564768,9.8103700474658e-08,0.000274958829149538,0.75,0.00459612140151019
A2,AR,None,308,309,3,311,0.65,0.650624830028992,0.000624830028991608,0.000624830028991608,3.90412565129653e-07,0.000534588901367454,0.75,0.00790137668808472
A2,AR,None,308,309,4,312,0.65,0.651038737825119,0.00103873782511876,0.00103873782511876,1.07897626933246e-06,0.000858671030088577,0.75,0.0116133814513886
A2,AR,None,308,309,5,313,0.65,0.651557076849138,0.00155707684913808,0.00155707684913808,2.42448831412178e-06,0.00123342832481257,0.75,0.0154312601277657
A2,AR,None,308,309,6,314,0.65,0.652316478929897,0.0023164789298965,0.0023164789298965,5.36607463265445e-06,0.00165806288618137,0.75,0.019370941188357
A2,AR,None,308,309,7,315,0.65,0.653377420642415,0.00337742064241497,0.00337742064241497,1.14069701958108e-05,0.00218186951515758,0.75,0.0233773582450585
A2,AR,None,308,309,8,316,0.65,0.654188194809425,0.00418819480942545,0.00418819480942545,1.75409757616983e-05,0.00260740612360177,0.75,0.0281373940645434
A2,AR,None,308,309,9,317,0.65,0.655243543871153,0.00524354387115267,0.00524354387115267,2.74947523287027e-05,0.0029176681225996,0.75,0.0337987702357565
A2,AR,None,308,309,10,318,0.65,0.656469226348935,0.00646922634893454,0.00646922634893454,4.1850889553749e-05,0.00342920219174432,0.75,0.0390277500557404
A2,AR,None,308,309,11,319,0.65,0.657772061998922,0.007772061998922,0.007772061998922,6.04049477150874e-05,0.00383137356956339,0.75,0.0442021614414982
A2,AR,None,308,309,12,320,0.65,0.659356747428308,0.00935674742830839,0.00935674742830839,8.75487224371556e-05,0.00405842486148278,0.75,0.0494608149661784
A2,AR,None,308,309,13,321,0.65,0.660887658499927,0.0108876584999269,0.0108876584999269,0.00011854110761103,0.00459919176028466,1,0.0548336173612075
A2,AR,None,308,309,14,322,0.65,0.662670330306205,0.0126703303062051,0.0126703303062051,0.00016053727006834,0.00514368064833243,1,0.05982788511423
A2,AR,None,315,316,1,316,0.65,0.650102789365441,0.000102789365440725,0.000102789365440725,1.0565653647707e-08,8.56233592735061e-05,0.25,0.000403484514413188
A2,AR,None,315,316,2,317,0.65,0.650310421492565,0.000310421492564994,0.000310421492564994,9.63615030462786e-08,0.000253406962746841,0.5,0.00202787267697443
A2,AR,None,315,316,3,318,0.65,0.65067808224681,0.000678082246809542,0.000678082246809542,4.59795533438276e-07,0.000537086645708951,0.5,0.00480003170363047
A2,AR,None,315,316,4,319,0.65,0.651205335952395,0.00120533595239547,0.00120533595239547,1.45283475813709e-06,0.000743011276039805,0.5,0.00783448989880259
A2,AR,None,315,316,5,320,0.65,0.651893720847876,0.0018937208478762,0.0018937208478762,3.58617864968096e-06,0.00114037495799497,0.75,0.0125713324514564
A2,AR,None,315,316,6,321,0.65,0.652509287068581,0.00250928706858133,0.00250928706858133,6.2965215925495e-06,0.00151875785374851,0.75,0.0163425157191618
A2,AR,None,315,316,7,322,0.65,0.653469839108951,0.00346983910895127,0.00346983910895127,1.20397834420077e-05,0.00197272293106759,0.75,0.0202772464853757
A2,AR,None,315,316,8,323,0.65,0.654632434153758,0.00463243415375836,0.00463243415375836,2.14594461889069e-05,0.00253998561324059,0.75,0.0247310696943528
A2,AR,None,315,316,9,324,0.65,0.655527752918002,0.00552775291800234,0.00552775291800234,3.05560523224834e-05,0.0030907393139684,0.75,0.0291480651137724
A2,AR,None,315,316,10,325,0.65,0.657246547853169,0.00724654785316858,0.00724654785316858,5.25124557882622e-05,0.0037765831965369,0.75,0.0338790479087244
A2,AR,None,315,316,11,326,0.65,0.658763541186006,0.00876354118600564,0.00876354118600564,7.67996541188172e-05,0.00451624528548044,0.75,0.0391811722541215
A2,AR,None,315,316,12,327,0.65,0.660503024100352,0.0105030241003515,0.0105030241003515,0.000110313515252565,0.00534954629775874,0.75,0.0446054049238279
A2,AR,None,315,316,13,328,0.65,0.662796275055659,0.0127962750556594,0.0127962750556594,0.000163744655300091,0.0060520487410481,0.75,0.0499532645375997
A2,AR,None,315,316,14,329,0.65,0.664617324878066,0.0146173248780664,0.0146173248780664,0.00021366618659094,0.00685841933311727,0.75,0.055223432220116
A2,AR,None,322,323,1,323,0.65,0.650100965818863,0.000100965818862764,0.000100965818862764,1.01940965786284e-08,0.000109278429732779,0.75,0.00214769379909371
A2,AR,None,322,323,2,324,0.65,0.6503021212662,0.000302121266199884,0.000302121266199884,9.12772594902212e-08,0.000282603462463438,0.75,0.00466344317673684
A2,AR,None,322,323,3,325,0.65,0.650602788042145,0.000602788042144531,0.000602788042144531,3.63353423752437e-07,0.000527155240485476,0.75,0.00754399207950951
A2,AR,None,322,323,4,326,0.65,0.651002738826347,0.00100273882634705,0.00100273882634705,1.00548515386386e-06,0.000858611232464285,0.75,0.0115517997770031
A2,AR,None,322,323,5,327,0.65,0.651535157315082,0.0015351573150818,0.0015351573150818,2.35670798204917e-06,0.00120152047047065,0.75,0.0160221880148045
A2,AR,None,322,323,6,328,0.65,0.652135923297334,0.00213592329733403,0.00213592329733403,4.56216833209428e-06,0.00150841267954603,0.75,0.0207891785559397
A2,AR,None,322,323,7,329,0.65,0.652899297153226,0.00289929715322634,0.00289929715322634,8.40592398270638e-06,0.00176658704435303,0.75,0.026255252468356
A2,AR,None,322,323,8,330,0.65,0.653889257364875,0.003889257364875,0.003889257364875,1.51263228502344e-05,0.00231858812264952,1,0.0327869379710433
A2,AR,None,322,323,9,331,0.65,0.654794771391665,0.0047947713916654,0.0047947713916654,2.29898326983329e-05,0.00280005088420815,1,0.0385240210565429
A2,AR,None,322,323,10,332,0.65,0.655896841251651,0.0058968412516508,0.0058968412516508,3.47727367471705e-05,0.00321800869463597,1,0.043662221808159
A2,AR,None,322,323,11,333,0.65,0.657310681781383,0.00731068178138272,0.00731068178138272,5.34460681086412e-05,0.00378141709222619,1,0.0493128531842474
A2,AR,None,322,323,12,334,0.65,0.658124217909501,0.00812421790950102,0.00812421790950102,6.60029166410571e-05,0.00416678387720036,1,0.0541866163133177
A2,AR,None,322,323,13,335,0.65,0.659079844044884,0.00907984404488371,0.00907984404488371,8.24435678794102e-05,0.00459377674418381,1,0.0592857684144502
A2,AR,None,322,323,14,336,0.65,0.660527692414457,0.0105276924144572,0.0105276924144572,0.000110832307573419,0.00519292946523312,1,0.0651754390793018
A2,AR,None,329,330,1,330,0.65,0.650099200148968,9.92001489682481e-05,9.92001489682481e-05,9.84066955532262e-09,9.39026541766055e-05,0.25,0.000562758859576878
A2,AR,None,329,330,2,331,0.65,0.650296838545807,0.000296838545806977,0.000296838545806977,8.81131222768006e-08,0.000237087644620009,0.5,0.00247458852278362
A2,AR,None,329,330,3,332,0.65,0.650592522531884,0.000592522531883577,0.000592522531883577,3.51082950789724e-07,0.000422943063614144,0.75,0.00537547229896926
A2,AR,None,329,330,4,333,0.65,0.651009801155748,0.00100980115574834,0.00100980115574834,1.01969837415067e-06,0.000686484763732632,0.75,0.00870784320897491
A2,AR,None,329,330,5,334,0.65,0.651550343552969,0.00155034355296879,0.00155034355296879,2.4035651322319e-06,0.00105738614633959,0.75,0.0129801764024824
A2,AR,None,329,330,6,335,0.65,0.652230800326103,0.00223080032610334,0.00223080032610334,4.97647009494278e-06,0.00150127712453137,0.75,0.0178721711306034
A2,AR,None,329,330,7,336,0.65,0.653321554969823,0.003321554969823,0.003321554969823,1.10327274175559e-05,0.00189507607303644,0.75,0.0223237415005138
A2,AR,None,329,330,8,337,0.65,0.65439594280531,0.00439594280530953,0.00439594280530953,1.93243131475526e-05,0.00233680163631976,0.75,0.027114571775682
A2,AR,None,329,330,9,338,0.65,0.655427343413223,0.00542734341322282,0.00542734341322282,2.94560565250531e-05,0.00278979098041175,0.75,0.0323449835973318
A2,AR,None,329,330,10,339,0.65,0.656498321916412,0.00649832191641198,0.00649832191641198,4.22281877293202e-05,0.00324904387532081,0.75,0.0376347084666892
A2,AR,None,329,330,11,340,0.65,0.657756693860868,0.00775669386086764,0.00775669386086764,6.01662996512217e-05,0.00384811723397489,0.75,0.0433252736190179
A2,AR,None,329,330,12,341,0.65,0.659401577228227,0.00940157722822688,0.00940157722822688,8.83896543783141e-05,0.00432747906043089,0.75,0.0484516535909387
A2,AR,None,329,330,13,342,0.65,0.660542517458284,0.0105425174582839,0.0105425174582839,0.000111144674358222,0.00493047295470363,0.75,0.0531547930821077
A2,AR,None,329,330,14,343,0.65,0.662186723293392,0.012186723293392,0.012186723293392,0.000148516224629703,0.00580684848682537,0.75,0.0579423778115912
A2,AR,None,336,337,1,337,0.65,0.650097490123653,9.74901236531212e-05,9.74901236531212e-05,9.50432420990085e-09,0.000117456939923249,0,0.000445429114418833
A2,AR,None,336,337,2,338,0.65,0.650291909061236,0.000291909061235995,0.000291909061235995,8.52109000316801e-08,0.000234517668360837,0.5,0.00183170039357766
A2,AR,None,336,337,3,339,0.65,0.650591661945526,0.000591661945526401,0.000591661945526401,3.50063857784085e-07,0.000453697665403577,0.5,0.00413218487276762
A2,AR,None,336,337,4,340,0.65,0.651211346444586,0.00121134644458598,0.00121134644458598,1.4673602088111e-06,0.000654483313971148,0.5,0.00657694991279142
A2,AR,None,336,337,5,341,0.65,0.651818859202933,0.00181885920293301,0.00181885920293301,3.3082488000941e-06,0.000939706091061268,0.75,0.00943045563210063
A2,AR,None,336,337,6,342,0.65,0.652540374006823,0.00254037400682339,0.00254037400682339,6.45350009454391e-06,0.00132978505731677,0.75,0.0128878570275011
A2,AR,None,336,337,7,343,0.65,0.653426603895584,0.00342660389558425,0.00342660389558425,1.17416142572331e-05,0.00177799154706995,0.75,0.0166043961306238
A2,AR,None,336,337,8,344,0.65,0.654400804130442,0.00440080413044164,0.00440080413044164,1.93670769945122e-05,0.0022771199170675,0.75,0.020739649609212
A2,AR,None,336,337,9,345,0.65,0.655478570431614,0.00547857043161371,0.00547857043161371,3.0014733974152e-05,0.00263407439489442,0.75,0.0251516238941755
A2,AR,None,336,337,10,346,0.65,0.65673597679296,0.00673597679296023,0.00673597679296023,4.53733833552988e-05,0.0032822380271802,0.75,0.0289171560909081
A2,AR,None,336,337,11,347,0.65,0.658085838307978,0.00808583830797771,0.00808583830797771,6.53807811427599e-05,0.00384611007826744,0.75,0.0329557147482407
A2,AR,None,336,337,12,348,0.65,0.659558577790646,0.00955857779064584,0.00955857779064584,9.13664093798279e-05,0.00447032947763508,0.75,0.0376172936192308
A2,AR,None,336,337,13,349,0.65,0.661230608557106,0.0112306085571062,0.0112306085571062,0.000126126568562948,0.00514205143762121,0.75,0.0424493542575621
A2,AR,None,336,337,14,350,0.65,0.663125986519935,0.0131259865199349,0.0131259865199349,0.000172291522121513,0.00579210385353378,0.75,0.047316080017111
A2,AR,None,343,344,1,344,0.65,0.650095833566346,9.58335663456822e-05,9.58335663456822e-05,9.18407243853227e-09,8.11386907865413e-05,0.5,0.000966217096157407
A2,AR,None,343,344,2,345,0.65,0.650286763154171,0.000286763154170866,0.000286763154170866,8.22331065900238e-08,0.000246754965372748,0.75,0.00372155777021518
A2,AR,None,343,344,3,346,0.65,0.650572059988555,0.000572059988554918,0.000572059988554918,3.27252630505453e-07,0.000478786651907107,0.75,0.00665135926903135
A2,AR,None,343,344,4,347,0.65,0.650951164938324,0.000951164938323923,0.000951164938323923,9.04714739896752e-07,0.000777186299770218,0.75,0.0100304527004493
A2,AR,None,343,344,5,348,0.65,0.651424875116256,0.00142487511625589,0.00142487511625589,2.03026909692522e-06,0.00106859198323659,0.75,0.0128628569132233
A2,AR,None,343,344,6,349,0.65,0.651998067589397,0.00199806758939713,0.00199806758939713,3.99227409179928e-06,0.00138184572701092,0.75,0.0162953975348823
A2,AR,None,343,344,7,350,0.65,0.652912173934792,0.00291217393479182,0.00291217393479182,8.48075702648086e-06,0.0015827337303654,0.75,0.0203492961807739
A2,AR,None,343,344,8,351,0.65,0.653751454319381,0.00375145431938118,0.00375145431938118,1.40734095104037e-05,0.00198201904312176,0.75,0.0255440100705139
A2,AR,None,343,344,9,352,0.65,0.65467998568075,0.00467998568075001,0.00467998568075001,2.19022659720251e-05,0.0023839334512686,0.75,0.030949248221731
A2,AR,None,343,344,10,353,0.65,0.655698872481318,0.00569887248131795,0.00569887248131795,3.2477147558323e-05,0.0027637496161729,1,0.0368669205443713
A2,AR,None,343,344,11,354,0.65,0.65704933104472,0.00704933104472005,0.00704933104472005,4.96930681780539e-05,0.00330268913018955,1,0.0425487849639067
A2,AR,None,343,344,12,355,0.65,0.658344323100032,0.00834432310003208,0.00834432310003208,6.9627727997729e-05,0.00373789915778565,1,0.0475527420546921
A2,AR,None,343,344,13,356,0.65,0.659598721970843,0.00959872197084299,0.00959872197084299,9.2135463473544e-05,0.00425091990651329,1,0.0532416018848991
A2,AR,None,343,344,14,357,0.65,0.660930871697527,0.0109308716975273,0.0109308716975273,0.000119483956067803,0.00483978366370908,1,0.059261250280637
A2,AR,None,350,351,1,351,0.65,0.650094228364607,9.42283646067077e-05,9.42283646067077e-05,8.87898469645464e-09,8.68140208561315e-05,0.5,0.00140483386959889
A2,AR,None,350,351,2,352,0.65,0.650281959696988,0.000281959696987744,0.000281959696987744,7.95012707254202e-08,0.000316113070730176,0.75,0.00514494414514635
A2,AR,None,350,351,3,353,0.65,0.650562477732376,0.000562477732375721,0.000562477732375721,3.16381199418534e-07,0.000599256262136604,0.75,0.00918847369508677
A2,AR,None,350,351,4,354,0.65,0.650935072825358,0.000935072825357541,0.000935072825357541,8.74361188722135e-07,0.000927045585306378,0.75,0.0136288909885299
A2,AR,None,350,351,5,355,0.65,0.651416980823918,0.00141698082391783,0.00141698082391783,2.00783465535087e-06,0.00128930933920561,0.75,0.0180737013091105
A2,AR,None,350,351,6,356,0.65,0.651993576595352,0.00199357659535193,0.00199357659535193,3.974347641535e-06,0.00167763824361904,0.75,0.0222284936726718
A2,AR,None,350,351,7,357,0.65,0.652788627865663,0.00278862786566314,0.00278862786566314,7.77644537315296e-06,0.00218961092686827,0.75,0.0269397518140066
A2,AR,None,350,351,8,358,0.65,0.653649834067493,0.00364983406749286,0.00364983406749286,1.33212887202315e-05,0.00263362804916911,0.75,0.0316497721889386
A2,AR,None,350,351,9,359,0.65,0.654629851028535,0.00462985102853497,0.00462985102853497,2.14355205464263e-05,0.00315073011464101,0.75,0.0367758901995645
A2,AR,None,350,351,10,360,0.65,0.655745589122181,0.00574558912218115,0.00574558912218115,3.30117943609264e-05,0.00376868053993731,0.75,0.0423817296492881
A2,AR,None,350,351,11,361,0.65,0.657217033909449,0.00721703390944894,0.00721703390944894,5.20855784501359e-05,0.00434995484849757,0.75,0.048026960829425
A2,AR,None,350,351,12,362,0.65,0.658475002888255,0.00847500288825542,0.00847500288825542,7.18256739559378e-05,0.00497541959990775,0.75,0.0541643446077536
A2,AR,None,350,351,13,363,0.65,0.659671053197106,0.00967105319710548,0.00967105319710548,9.35292699412442e-05,0.00565341326712157,0.75,0.060001314270864
A2,AR,None,350,351,14,364,0.65,0.661097178315883,0.0110971783158829,0.0110971783158829,0.000123147366574501,0.00638660274402133,0.75,0.0659140731093774
A3,ARX,I,49,50,1,50,1.02203144736961,1.02208729136457,5.58439949560618e-05,5.58439949560618e-05,3.11855177265266e-09,3.19725019127581e-05,0,6.11968811226049e-05
A3,ARX,I,49,50,2,51,1.03056016698516,1.03073616548544,0.000175998500279828,0.000175998500279828,3.09754721007487e-08,0.000113200705492002,0,0.000159214211494063
A3,ARX,I,49,50,3,52,1.03926620533134,1.03963543852491,0.00036923319356319,0.00036923319356319,1.36333151228872e-07,0.000268032342884677,0,0.000264787183410553
A3,ARX,I,49,50,4,53,1.04810745240317,1.04877348660752,0.000666034204353183,0.000666034204353183,4.43601561368378e-07,0.00050977978234829,0,0.000385320721537907
A3,ARX,I,49,50,5,54,1.0570378069064,1.05810867320185,0.00107086629545039,0.00107086629545039,1.14675462273164e-06,0.000840482743072418,0,0.000531506188297781
A3,ARX,I,49,50,6,55,1.06600749345699,1.06760873511603,0.00160124165904474,0.00160124165904474,2.56397485066035e-06,0.00128480812019078,0,0.00068995672000266
A3,ARX,I,49,50,7,56,1.0749634562186,1.07721462240761,0.00225116618901011,0.00225116618901011,5.06774921054231e-06,0.00184886911322352,0,0.000863757176885305
A3,ARX,I,49,50,8,57,1.08384982633508,1.08689263700873,0.00304281067364753,0.00304281067364753,9.25869679566336e-06,0.00252900084645769,0,0.00108715471758974
A3,ARX,I,49,50,9,58,1.09260845877722,1.09656480157565,0.0039563427984286,0.0039563427984286,1.56526483386779e-05,0.00331478245361239,0,0.00138282624914088
A3,ARX,I,49,50,10,59,1.10117953249487,1.10619438218916,0.00501484969428523,0.00501484969428523,2.51487174562726e-05,0.00421202580262379,0,0.00171418351337993
A3,ARX,I,49,50,11,60,1.10950220609657,1.1156872072767,0.00618500118013277,0.00618500118013277,3.82542395982437e-05,0.00521123505945214,0,0.00209263310144092
A3,ARX,I,49,50,12,61,1.11751531971669,1.12498557184429,0.00747025212759844,0.00747025212759844,5.58046668498891e-05,0.00629743283994946,0,0.00246900774310232
A3,ARX,I,49,50,13,62,1.12515813232472,1.1339770008702,0.00881886854547775,0.00881886854547775,7.77724424224169e-05,0.00744322843191358,0,0.00288369239636627
A3,ARX,I,49,50,14,63,1.13237108252788,1.14253682567178,0.0101657431438968,0.0101657431438968,0.000103342333667686,0.00861327247395982,0,0.00329728780007776
A3,ARX,I,56,57,1,57,1.08384982633508,1.08383979037121,-1.00359638695036e-05,1.00359638695036e-05,1.00720570789981e-10,6.16492993255304e-06,1,6.74952579692301e-05
A3,ARX,I,56,57,2,58,1.09260845877722,1.09256281017148,-4.56486057438532e-05,4.56486057438532e-05,2.08379520635775e-09,1.55096007769763e-05,0.75,0.000155436421327093
A3,ARX,I,56,57,3,59,1.10117953249487,1.10107869741685,-0.000100835078021611,0.000100835078021611,1.01677129596243e-08,3.66658754542029e-05,0.75,0.000277610628673597
A3,ARX,I,56,57,4,60,1.10950220609657,1.10926600488592,-0.000236201210650044,0.000236201210650044,5.57910119125467e-08,9.14214424334505e-05,0.5,0.00042017949530565
A3,ARX,I,56,57,5,61,1.11751531971669,1.11702828387195,-0.000487035844745742,0.000487035844745742,2.37203914067199e-07,0.000272925513180709,0,0.000592897093150357
A3,ARX,I,56,57,6,62,1.12515813232472,1.12426334044165,-0.000894791883073287,0.000894791883073287,8.00652514013839e-07,0.000585477695093032,0,0.000829307945901192
A3,ARX,I,56,57,7,63,1.13237108252788,1.13086242274456,-0.00150865978331849,0.00150865978331849,2.27605434180259e-06,0.00109137863602702,0,0.00110715036740383
A3,ARX,I,56,57,8,64,1.13909655995878,1.1366861185759,-0.00241044138287716,0.00241044138287716,5.81022766028675e-06,0.00184586166756342,0,0.0014297867175157
A3,ARX,I,56,57,9,65,1.14527967366082,1.14165549684721,-0.00362417681360983,0.00362417681360983,1.31346575763071e-05,0.00292355838885211,0,0.00181971473352499
A3,ARX,I,56,57,10,66,1.15086900351395,1.14558977201094,-0.00527923150301191,0.00527923150301191,2.78702852623933e-05,0.0044150319958467,0,0.00221687111118607
A3,ARX,I,56,57,11,67,1.15581732070296,1.14839003368805,-0.00742728701490303,0.00742728701490303,5.51645924017471e-05,0.00641672221591768,0,0.00260900589501428
A3,ARX,I,56,57,12,68,1.1600822635315,1.14994378560692,-0.010138477924579,0.010138477924579,0.000102788734627176,0.00900236859710062,0,0.00300712306585432
A3,ARX,I,56,57,13,69,1.16362695552714,1.14997862562506,-0.0136483299020818,0.0136483299020818,0.000186276909116059,0.0122896659286453,0,0.00343926593677074
A3,ARX,I,56,57,14,70,1.16642055375831,1.14848771109721,-0.0179328426610981,0.0179328426610981,0.000321586845907699,0.0163596185234262,0,0.00388850380157491
A3,ARX,I,63,64,1,64,1.13909655995878,1.1389683195399,-0.000128240418874492,0.000128240418874492,1.64456050331053e-08,9.18326853253227e-05,0,7.84632892750214e-05
A3,ARX,I,63,64,2,65,1.14527967366082,1.14485963837512,-0.000420035285705778,0.000420035285705778,1.76429641237934e-07,0.000355313639223456,0,0.000181740159880428
A3,ARX,I,63,64,3,66,1.15086900351395,1.14989358923617,-0.000975414277778031,0.000975414277778031,9.51433013293237e-07,0.000856260516875219,0,0.000322436108580348
A3,ARX,I,63,64,4,67,1.15581732070296,1.15395763172933,-0.00185968897362154,0.00185968897362154,3.45844307860955e-06,0.00164649608798302,0,0.000493584550593118
A3,ARX,I,63,64,5,68,1.1600822635315,1.15698717872783,-0.00309508480367193,0.00309508480367193,9.57954994192092e-06,0.00278957178726208,0,0.000716997594308599
A3,ARX,I,63,64,6,69,1.16362695552714,1.15881999633114,-0.00480695919600582,0.00480695919600582,2.31068567120649e-05,0.00439805872509788,0,0.000933205442748997
A3,ARX,I,63,64,7,70,1.16642055375831,1.15933994835578,-0.00708060540252053,0.00708060540252053,5.0134972866203e-05,0.00655792648616268,0,0.00119202054204087
A3,ARX,I,63,64,8,71,1.16843871657211,1.15839516093029,-0.0100435556418144,0.0100435556418144,0.000100873009930221,0.00937654136745637,0,0.00147860233948083
A3,ARX,I,63,64,9,72,1.16966398153372,1.15591670571346,-0.0137472758202613,0.0137472758202613,0.00018898759247834,0.0129512547334663,0,0.00176426957260695
A3,ARX,I,63,64,10,73,1.17008604616406,1.15177204659819,-0.0183139995658723,0.0183139995658723,0.000335402580098771,0.0173760852696904,0,0.00208612318357548
A3,ARX,I,63,64,11,74,1.16970194608673,1.1459338683284,-0.0237680777583384,0.0237680777583384,0.000564921520326423,0.0227431341234994,0,0.00241587616751793
A3,ARX,I,63,64,12,75,1.16851612735324,1.1382039270676,-0.0303122002856422,0.0303122002856422,0.000918829486156886,0.0291543587896435,0,0.00277751274057769
A3,ARX,I,63,64,13,76,1.16654041195996,1.12844593336132,-0.0380944785986337,0.0380944785986337,0.00145118929970176,0.0367586909945752,0,0.00312350105279241
A3,ARX,I,63,64,14,77,1.16379385783897,1.11675181228534,-0.0470420455536278,0.0470420455536278,0.00221295404986959,0.0455703527376048,0,0.00350788340210079
A3,ARX,I,70,71,1,71,1.16843871657211,1.1681931692114,-0.00024554736071325,0.00024554736071325,6.02935063532427e-08,0.000179203234812622,0,0.000158007309156993
A3,ARX,I,70,71,2,72,1.16966398153372,1.16885345073386,-0.000810530799855824,0.000810530799855824,6.56960177514922e-07,0.000648581675701518,0,0.000382906047163289
A3,ARX,I,70,71,3,73,1.17008604616406,1.16830952692591,-0.00177651923815159,0.00177651923815159,3.15602060352269e-06,0.00147470148760124,0,0.000624466975208293
A3,ARX,I,70,71,4,74,1.16970194608673,1.16650815436988,-0.00319379171685119,0.00319379171685119,1.02003055306273e-05,0.00272362223116677,0,0.000942400880425187
A3,ARX,I,70,71,5,75,1.16851612735324,1.16338581350157,-0.00513031385167873,0.00513031385167873,2.63201202167266e-05,0.00448832114561832,0,0.00130315201600462
A3,ARX,I,70,71,6,76,1.16654041195996,1.15889761937741,-0.00764279258254996,0.00764279258254996,5.84122784598807e-05,0.00686745263564458,0,0.00167918752110746
A3,ARX,I,70,71,7,77,1.16379385783897,1.15282268685331,-0.0109711709856644,0.0109711709856644,0.000120366592796683,0.00996030248068028,0,0.00209915404677846
A3,ARX,I,70,71,8,78,1.1603025168359,1.14519304344397,-0.0151094733919335,0.0151094733919335,0.000228296186181546,0.0138411942414952,0,0.00253098820274372
A3,ARX,I,70,71,9,79,1.15609909631904,1.13602686343545,-0.0200722328835876,0.0200722328835876,0.000402894532932976,0.0185765299859255,0,0.00301590380779326
A3,ARX,I,70,71,10,80,1.15122253203776,1.12525012484018,-0.0259724071975771,0.0259724071975771,0.000674565935636755,0.0242669614968298,0,0.00349693432435894
A3,ARX,I,70,71,11,81,1.14571748160999,1.11279238887928,-0.0329250927307119,0.0329250927307119,0.00108406173132598,0.030967298240417,0,0.00398847529179885
A3,ARX,I,70,71,12,82,1.13963374952215,1.09875087340958,-0.0408828761125637,0.0408828761125637,0.00167140955923523,0.0387340421083221,0,0.00453097740890929
A3,ARX,I,70,71,13,83,1.13302565573098,1.08308182310945,-0.0499438326215234,0.0499438326215234,0.00249438641692674,0.0476357785717182,0,0.00507601022481297
A3,ARX,I,70,71,14,84,1.12595136083632,1.06576880591507,-0.0601825549212454,0.0601825549212454,0.00362193991684871,0.0577050168651805,0,0.00559284491740558
A3,ARX,I,77,78,1,78,1.1603025168359,1.15994649153814,-0.000356025297758356,0.000356025297758356,1.26754012643926e-07,0.000211032626980664,0,0.000277338833707841
A3,ARX,I,77,78,2,79,1.15609909631904,1.15500219065047,-0.00109690566856369,0.00109690566856369,1.20320204572715e-06,0.000813198764542223,0,0.000623044343423973
A3,ARX,I,77,78,3,80,1.15122253203776,1.14895289262812,-0.0022696394096331,0.0022696394096331,5.15126304975967e-06,0.00182713419494288,0,0.00106093234525056
A3,ARX,I,77,78,4,81,1.14571748160999,1.14167554304815,-0.00404193856184465,0.00404193856184465,1.63372673377268e-05,0.00329962361189424,0,0.00161450762657733
A3,ARX,I,77,78,5,82,1.13963374952215,1.1333017056083,-0.00633204391384568,0.00633204391384568,4.00947801268701e-05,0.00538150681674416,0,0.00223691442045487
A3,ARX,I,77,78,6,83,1.13302565573098,1.12373329015733,-0.00929236557364499,0.00929236557364499,8.63480579542626e-05,0.00811924647945774,0,0.00286528278488479
A3,ARX,I,77,78,7,84,1.12595136083632,1.11295574823763,-0.0129956125986863,0.0129956125986863,0.000168885946815134,0.0115974360428131,0,0.00352949115080325
A3,ARX,I,77,78,8,85,1.11847216132678,1.10107516997993,-0.0173969913468421,0.0173969913468421,0.0003026553079221,0.015808619821145,0,0.00418572772868542
A3,ARX,I,77,78,9,86,1.11065176857875,1.0879579214678,-0.022693847110951,0.022693847110951,0.00051501069669522,0.020892448293309,0,0.00492055094570415
A3,ARX,I,77,78,10,87,1.1025555851146,1.07361473913062,-0.0289408459839875,0.0289408459839875,0.000837572566268885,0.0268311516650479,0,0.00566719574549773
A3,ARX,I,77,78,11,88,1.0942499911109,1.05827476698168,-0.0359752241292246,0.0359752241292246,0.00129421675114794,0.0335955715101972,0,0.00649530855591629
A3,ARX,I,77,78,12,89,1.08580165331514,1.0419165621786,-0.0438850911365427,0.0438850911365427,0.00192590122406266,0.0411748389022839,0,0.00745016821745403
A3,ARX,I,77,78,13,90,1.07727686741043,1.0246440466759,-0.0526328207345275,0.0526328207345275,0.0027702138184729,0.0496655901813663,0,0.00841819138202016
A3,ARX,I,77,78,14,91,1.06874094350186,1.00632553626835,-0.0624154072335048,0.0624154072335048,0.00389568306012424,0.0590930392240425,0,0.00935058205363953
A3,ARX,I,84,85,1,85,1.11847216132678,1.11807227324696,-0.000399888079812838,0.000399888079812838,1.59910476376399e-07,0.000267883363801466,0,0.000334689490664231
A3,ARX,I,84,85,2,86,1.11065176857875,1.109418231846,-0.00123353673274895,0.00123353673274895,1.52161287104096e-06,0.000918100121500185,0,0.000779215418508783
A3,ARX,I,84,85,3,87,1.1025555851146,1.09999557830415,-0.00256000681045476,0.00256000681045476,6.55363486957477e-06,0.00203640987765839,0,0.00137928311556035
A3,ARX,I,84,85,4,88,1.0942499911109,1.08977738533688,-0.00447260577402564,0.00447260577402564,2.00042024098475e-05,0.00369710259855665,0,0.00202935261079545
A3,ARX,I,84,85,5,89,1.08580165331514,1.0788155596945,-0.00698609362064362,0.00698609362064362,4.88055040763975e-05,0.00593023317890558,0,0.00281877318754259
A3,ARX,I,84,85,6,90,1.07727686741043,1.06707661373353,-0.0102002536769024,0.0102002536769024,0.00010404517507316,0.00871225470868052,0,0.00358992656825918
A3,ARX,I,84,85,7,91,1.06874094350186,1.05482810329122,-0.0139128402106403,0.0139128402106403,0.00019356712272681,0.0121347884907961,0,0.00440179478078978
A3,ARX,I,84,85,8,92,1.06025764283151,1.04196997952795,-0.0182876633035602,0.0182876633035602,0.000334438629104384,0.0162437613786626,0,0.00525788382478914
A3,ARX,I,84,85,9,93,1.05188867211142,1.0284478715731,-0.0234408005383262,0.0234408005383262,0.000549471129877594,0.0210287298462874,0,0.00616485634247782
A3,ARX,I,84,85,10,94,1.04369324004953,1.01432919486849,-0.0293640451810453,0.0293640451810453,0.000862247149394469,0.0265200576101618,0,0.00711548722979516
A3,ARX,I,84,85,11,95,1.03572767878779,0.999514667349753,-0.0362130114380332,0.0362130114380332,0.00131138219741113,0.0327825044157168,0,0.00818349751769828
A3,ARX,I,84,85,12,96,1.02804513112847,0.984499772953059,-0.0435453581754061,0.0435453581754061,0.0018961982186244,0.0397679145388893,0,0.00913838419253751
A3,ARX,I,84,85,13,97,1.02069530264814,0.969346013642958,-0.051349289005185,0.051349289005185,0.00263674948133801,0.0473835233479075,0,0.0101690339725772
A3,ARX,I,84,85,14,98,1.01372427613738,0.953429530468287,-0.0602947456690972,0.0602947456690972,0.00363545635530112,0.0558323103948001,0,0.0110523523482987
A3,ARX,I,91,92,1,92,1.06025764283151,1.05974284724564,-0.000514795585877081,0.000514795585877081,2.65014495238528e-07,0.000313869773408982,0,0.000398289387821937
A3,ARX,I,91,92,2,93,1.05188867211142,1.05042715958605,-0.00146151252537408,0.00146151252537408,2.13601886182531e-06,0.00103530404008486,0,0.000965618501477306
A3,ARX,I,91,92,3,94,1.04369324004953,1.04071954228201,-0.00297369776752543,0.00297369776752543,8.84287841258572e-06,0.00224469455105669,0,0.0016622828420027
A3,ARX,I,91,92,4,95,1.03572767878779,1.03083269763836,-0.004894981149421,0.004894981149421,2.39608404531869e-05,0.00389760467833701,0,0.00245976263248843
A3,ARX,I,91,92,5,96,1.02804513112847,1.02060909821497,-0.00743603291349926,0.00743603291349926,5.52945854906443e-05,0.00617431443611195,0,0.00318442065291824
A3,ARX,I,91,92,6,97,1.02069530264814,1.01009466100934,-0.0106006416387996,0.0106006416387996,0.000112373603154252,0.00901270255028458,0,0.0039911051107655
A3,ARX,I,91,92,7,98,1.01372427613738,0.999439668186933,-0.0142846079504515,0.0142846079504515,0.000204050024298102,0.0125055526654113,0,0.00475924646511078
A3,ARX,I,91,92,8,99,1.0071743843033,0.988463476796851,-0.0187109075064492,0.0187109075064492,0.000350098059714898,0.0165209771569032,0,0.00576460095925133
A3,ARX,I,91,92,9,100,1.00108413537008,0.977278717083532,-0.0238054182865437,0.0238054182865437,0.000566697939797309,0.021055843374234,0,0.0069030593746254
A3,ARX,I,91,92,10,101,0.995488185141505,0.966029521687831,-0.0294586634536742,0.0294586634536742,0.00086781285247684,0.0261681532917946,0,0.00808557964839901
A3,ARX,I,91,92,11,102,0.990417348273686,0.954692762032709,-0.0357245862409767,0.0357245862409767,0.00127624606208898,0.0319104755868944,0,0.0093840140574307
A3,ARX,I,91,92,12,103,0.98589864096179,0.943075259960504,-0.042823381001286,0.042823381001286,0.0018338419603813,0.0382231704934072,0,0.0108398122423042
A3,ARX,I,91,92,13,104,0.981955346980157,0.931487735286148,-0.0504676116940087,0.0504676116940087,0.00254697983009724,0.0451725317680587,0,0.012164730076962
A3,ARX,I,91,92,14,105,0.97860709902998,0.92000015055188,-0.0586069484780999,0.0586069484780999,0.00343477440991465,0.0526702322566432,0,0.0134413642866079
A3,ARX,I,98,99,1,99,1.0071743843033,1.00662440753926,-0.000549976764040228,0.000549976764040228,3.0247444098416e-07,0.000284201318046701,0,0.00051206068587345
A3,ARX,I,98,99,2,100,1.00108413537008,0.999564509843294,-0.00151962552678198,0.00151962552678198,2.3092617416474e-06,0.00103198242650623,0,0.00118246659170282
A3,ARX,I,98,99,3,101,0.995488185141505,0.992474378025626,-0.00301380711587917,0.00301380711587917,9.08303333172395e-06,0.00222627071030129,0,0.00202365150538819
A3,ARX,I,98,99,4,102,0.990417348273686,0.985494207838635,-0.00492314043505082,0.00492314043505082,2.42373117432324e-05,0.00390134396698175,0,0.00301857167237579
A3,ARX,I,98,99,5,103,0.98589864096179,0.978305925802313,-0.0075927151594769,0.0075927151594769,5.76493234929504e-05,0.00608513211066148,0,0.00409591772650922
A3,ARX,I,98,99,6,104,0.981955346980157,0.971010093200677,-0.0109452537794801,0.0109452537794801,0.000119798580297223,0.00878892488978404,0,0.00517742890303755
A3,ARX,I,98,99,7,105,0.97860709902998,0.964134454161086,-0.0144726448688934,0.0144726448688934,0.000209457449501108,0.0119229414932012,0,0.00643323766028056
A3,ARX,I,98,99,8,106,0.975869967635345,0.957312955058129,-0.0185570125772156,0.0185570125772156,0.00034436271579094,0.0155428261106931,0,0.00771240129922082
A3,ARX,I,98,99,9,107,0.973756550370824,0.950598030628857,-0.0231585197419667,0.0231585197419667,0.000536317036639061,0.0195690860717183,0,0.00919915880916181
A3,ARX,I,98,99,10,108,0.972276054979677,0.944104325513603,-0.0281717294660736,0.0281717294660736,0.00079364634110964,0.0240706496662075,0,0.0107025786978382
A3,ARX,I,98,99,11,109,0.97143437092219,0.937654605306937,-0.0337797656152529,0.0337797656152529,0.00114107256502142,0.0291423793971658,0,0.0122066209932053
A3,ARX,I,98,99,12,110,0.971234125044821,0.931335626361411,-0.0398984986834101,0.0398984986834101,0.00159189019719008,0.0347927409191625,0,0.0136386887607486
A3,ARX,I,98,99,13,111,0.971674718344115,0.924701043798638,-0.046973674545477,0.046973674545477,0.00220652610030439,0.0410583889139535,0,0.0148686617513762
A3,ARX,I,98,99,14,112,0.97275234217318,0.918454030965848,-0.0542983112073321,0.0542983112073321,0.00294830659996829,0.0476642832662912,0,0.016401207676254
A3,ARX,I,105,106,1,106,0.975869967635345,0.975345753689762,-0.000524213945582219,0.000524213945582219,2.74800260742878e-07,0.000335870421091701,0,0.000500250221289134
A3,ARX,I,105,106,2,107,0.973756550370824,0.972175542677744,-0.00158100769308012,0.00158100769308012,2.49958532557851e-06,0.00108091936810984,0,0.00124998940418555
A3,ARX,I,105,106,3,108,0.972276054979677,0.969172051523335,-0.00310400345634165,0.00310400345634165,9.63483745698093e-06,0.00220454370627514,0,0.0022097688093706
A3,ARX,I,105,106,4,109,0.97143437092219,0.966419498381578,-0.00501487254061161,0.00501487254061161,2.51489465985804e-05,0.00376222259099645,0,0.00334447295012755
A3,ARX,I,105,106,5,110,0.971234125044821,0.96370871122155,-0.00752541382327132,0.00752541382327132,5.66318532114831e-05,0.00579355452923408,0,0.00474512351770781
A3,ARX,I,105,106,6,111,0.971674718344115,0.961217349979738,-0.0104573683643777,0.0104573683643777,0.000109356553108288,0.00836316821326633,0,0.00614645159691857
A3,ARX,I,105,106,7,112,0.97275234217318,0.958638435610698,-0.014113906562482,0.014113906562482,0.000199202358454473,0.0113862223775228,0,0.00766496652774096
A3,ARX,I,105,106,8,113,0.974459973658929,0.956127136926457,-0.018332836732472,0.018332836732472,0.000336092902659474,0.0149026307573985,0,0.00928097146647588
A3,ARX,I,105,106,9,114,0.976787351520342,0.953659902294264,-0.0231274492260776,0.0231274492260776,0.000534878907704796,0.0188631144621172,0,0.0107201302479551
A3,ARX,I,105,106,10,115,0.979720934856715,0.951473048343572,-0.0282478865131432,0.0282478865131432,0.00079794309245942,0.0231150062466204,0,0.0124444017819811
A3,ARX,I,105,106,11,116,0.983243848766763,0.949538185010317,-0.0337056637564466,0.0337056637564466,0.00113607176926264,0.0278609004668768,0,0.0140387700902766
A3,ARX,I,105,106,12,117,0.987335821822896,0.947581529311644,-0.0397542925112517,0.0397542925112517,0.00158040377307017,0.033221968517682,0,0.0156536280154102
A3,ARX,I,105,106,13,118,0.991973121422405,0.945463538573982,-0.0465095828484225,0.0465095828484225,0.00216314129673428,0.0390111097598643,0,0.0172655076912787
A3,ARX,I,105,106,14,119,0.997128493834903,0.943871508747068,-0.0532569850878352,0.0532569850878352,0.0028363064606459,0.0450518693724868,0,0.0184220021194072
A3,ARX,I,112,113,1,113,0.974459973658929,0.974116697048856,-0.000343276610073717,0.000343276610073717,1.17838831023703e-07,0.000191251345041287,0,0.000663770147332349
A3,ARX,I,112,113,2,114,0.976787351520342,0.975495418083368,-0.00129193343697365,0.00129193343697365,1.66909200557054e-06,0.000772807646745358,0,0.00154546834217262
A3,ARX,I,112,113,3,115,0.979720934856715,0.977147975514318,-0.00257295934239687,0.00257295934239687,6.62011977762736e-06,0.00168952600570068,0,0.00253013783452302
A3,ARX,I,112,113,4,116,0.983243848766763,0.978772726281794,-0.00447112248496917,0.00447112248496917,1.99909362755969e-05,0.00310692903178486,0,0.00352495543488082
A3,ARX,I,112,113,5,117,0.987335821822896,0.980530154283731,-0.00680566753916456,0.00680566753916456,4.63171106536382e-05,0.00494340793523007,0,0.00464469351300442
A3,ARX,I,112,113,6,118,0.991973121422405,0.982518131696257,-0.00945498972614733,0.00945498972614733,8.93968307215516e-05,0.00712617992085575,0,0.00586223501060326
A3,ARX,I,112,113,7,119,0.997128493834903,0.984411859953732,-0.0127166338811708,0.0127166338811708,0.000161712777267742,0.00971909325640518,0,0.00714570207738385
A3,ARX,I,112,113,8,120,1.00277111633519,0.986802832059539,-0.0159682842756484,0.0159682842756484,0.000254986102707921,0.0125623224477635,0,0.00845784979085448
A3,ARX,I,112,113,9,121,1.00886656913064,0.989026436761075,-0.0198401323695685,0.0198401323695685,0.000393630852442,0.0157121025420767,0,0.0100479927209018
A3,ARX,I,112,113,10,122,1.01537683484735,0.991447757556585,-0.0239290772907605,0.0239290772907605,0.000572600739987192,0.0190902370144973,0,0.011802299665778
A3,ARX,I,112,113,11,123,1.02226033312135,0.993404573587613,-0.0288557595337369,0.0288557595337369,0.000832654858268846,0.0227976145013564,0,0.0136251223167814
A3,ARX,I,112,113,12,124,1.02947199735146,0.995555232576791,-0.0339167647746728,0.0339167647746728,0.00115034693278048,0.0266034188970186,0,0.0156733142594701
A3,ARX,I,112,113,13,125,1.036963399915,0.998333614158663,-0.038629785756336,0.038629785756336,0.00149226034758042,0.0303848661647732,0,0.0179224462628252
A3,ARX,I,112,113,14,126,1.0446829311448,1.00147149233529,-0.043211438809502,0.043211438809502,0.00186722844398733,0.0341228392319792,0,0.0203796593715684
A3,ARX,I,119,120,1,120,1.00277111633519,1.00239575446316,-0.000375361872027025,0.000375361872027025,1.40896534971632e-07,0.000127742647179548,0.75,0.000694412114428167
A3,ARX,I,119,120,2,121,1.00886656913064,1.0078211795954,-0.0010453895352458,0.0010453895352458,1.09283928040143e-06,0.000392629478874229,0.5,0.00161548907447251
A3,ARX,I,119,120,3,122,1.01537683484735,1.01329217156022,-0.00208466328712698,0.00208466328712698,4.34582102069505e-06,0.000935827926169204,0,0.00249560955943873
A3,ARX,I,119,120,4,123,1.02226033312135,1.01896261989541,-0.00329771322594263,0.00329771322594263,1.0874912520557e-05,0.0017638819069285,0,0.00360244520490294
A3,ARX,I,119,120,5,124,1.02947199735146,1.0246929077861,-0.0047790895653621,0.0047790895653621,2.2839697073753e-05,0.00264206582600496,0,0.00511068665067238
A3,ARX,I,119,120,6,125,1.036963399915,1.03051543570374,-0.00644796421125426,0.00644796421125426,4.15762424696158e-05,0.0036448045528065,0,0.00676343783441413
A3,ARX,I,119,120,7,126,1.0446829311448,1.03615454977149,-0.00852838137330281,0.00852838137330281,7.27332888484983e-05,0.00499170946846787,0,0.00826440031815184
A3,ARX,I,119,120,8,127,1.05257603613776,1.04186807951092,-0.010707956626832,0.010707956626832,0.000114660335122115,0.00612404390131931,0,0.0103166935324107
A3,ARX,I,119,120,9,128,1.06058551204334,1.04778425269543,-0.0128012593479092,0.0128012593479092,0.000163872240892433,0.00719247028058546,0,0.0124048565744881
A3,ARX,I,119,120,10,129,1.06865186690258,1.05382936761492,-0.014822499287664,0.014822499287664,0.0002197064851328,0.00838368831300325,0,0.014786405803994
A3,ARX,I,119,120,11,130,1.07671373941731,1.05973628873684,-0.0169774506804645,0.0169774506804645,0.000288233831607605,0.00981783204500363,0,0.0167366825384681
A3,ARX,I,119,120,12,131,1.08470837727307,1.06550406752167,-0.0192043097514052,0.0192043097514052,0.000368805513027917,0.0113423708458988,0,0.0185702267322628
A3,ARX,I,119,120,13,132,1.09257216986955,1.07104996665799,-0.0215222032115565,0.0215222032115565,0.000463205231079533,0.0124655679910692,0,0.020760066178258
A3,ARX,I,119,120,14,133,1.10024122958024,1.0766893023024,-0.0235519272778384,0.0235519272778384,0.000554693278500588,0.013276245494357,0,0.0232983581338898
A3,ARX,I,126,127,1,127,1.05257603613776,1.05239405450204,-0.000181981635712702,0.000181981635712702,3.31173157366707e-08,7.94343253933621e-05,1,0.000751209202885073
A3,ARX,I,126,127,2,128,1.06058551204334,1.06026795425036,-0.000317557792975487,0.000317557792975487,1.00842951879462e-07,0.000163545969487675,1,0.00175800082939809
A3,ARX,I,126,127,3,129,1.06865186690258,1.06837190997509,-0.000279956927492497,0.000279956927492497,7.83758812510394e-08,0.000250739714889301,1,0.00303384164532899
A3,ARX,I,126,127,4,130,1.07671373941731,1.07650381329853,-0.000209926118772241,0.000209926118772241,4.40689753427771e-08,0.000344013095279141,1,0.00450271522021917
A3,ARX,I,126,127,5,131,1.08470837727307,1.08452951540419,-0.000178861868883828,0.000178861868883828,3.19915681406158e-08,0.0004455487315405,1,0.00607447719415033
A3,ARX,I,126,127,6,132,1.09257216986955,1.09241792122827,-0.00015424864127711,0.00015424864127711,2.37926433358347e-08,0.000556810077580124,1,0.00774408776161961
A3,ARX,I,126,127,7,133,1.10024122958024,1.10027044505974,2.92154795058508e-05,2.92154795058508e-05,8.53544242756788e-10,0.000665412503947175,1,0.00953866704363576
A3,ARX,I,126,127,8,134,1.10765201402401,1.10801824469531,0.000366230671300816,0.000366230671300816,1.34124904601446e-07,0.000840623457615488,1,0.0114408759650078
A3,ARX,I,126,127,9,135,1.11474198033424,1.11561528065886,0.000873300324620185,0.000873300324620185,7.62653456981721e-07,0.00102147249270499,1,0.0131184750860051
A3,ARX,I,126,127,10,136,1.12145026110684,1.12262862618748,0.0011783650806434,0.0011783650806434,1.38854426327972e-06,0.00120638393547345,1,0.0149692798324529
A3,ARX,I,126,127,11,137,1.12771835063922,1.12940570169136,0.00168735105214024,0.00168735105214024,2.84715357315878e-06,0.0014230571012397,1,0.0167435049996077
A3,ARX,I,126,127,12,138,1.13349078927649,1.13595690448554,0.00246611520905549,0.00246611520905549,6.08172422433478e-06,0.00166510421483129,1,0.0188158968169093
A3,ARX,I,126,127,13,139,1.13871583318829,1.14333676746431,0.00462093427601462,0.00462093427601462,2.13530335832468e-05,0.002031025004652,1,0.0209999148651092
A3,ARX,I,126,127,14,140,1.14334609673203,1.15064403344775,0.0072979367157151,0.0072979367157151,5.32598803065825e-05,0.00250836651230418,1,0.0235798900189387
A3,ARX,I,133,134,1,134,1.10765201402401,1.10776515781667,0.000113143792656256,0.000113143792656256,1.28015178166419e-08,7.02140521246656e-05,1,0.000735360253360129
A3,ARX,I,133,134,2,135,1.11474198033424,1.11525195695564,0.000509976621396735,0.000509976621396735,2.60076154371229e-07,0.000215402685900386,0.75,0.00185628646583819
A3,ARX,I,133,134,3,136,1.12145026110684,1.12266871766052,0.00121845655368147,0.00121845655368147,1.48463637320932e-06,0.000448154029821295,0.75,0.00316426501450529
A3,ARX,I,133,134,4,137,1.12771835063922,1.12974722737987,0.00202887674065266,0.00202887674065266,4.11634082876137e-06,0.000788100328419557,0.5,0.00476799935446387
A3,ARX,I,133,134,5,138,1.13349078927649,1.13663876626852,0.00314797699203706,0.00314797699203706,9.9097591423947e-06,0.00130140317549488,0.5,0.00653185458188971
A3,ARX,I,133,134,6,139,1.13871583318829,1.14349216416135,0.00477633097305219,0.00477633097305219,2.28133375641377e-05,0.00198055664109229,0.5,0.00828435685583173
A3,ARX,I,133,134,7,140,1.14334609673203,1.14988743325845,0.00654133652641486,0.00654133652641486,4.27890835518093e-05,0.00333493937559751,0,0.0100777064815394
A3,ARX,I,133,134,8,141,1.14733915472621,1.15626903021658,0.00892987549036994,0.00892987549036994,7.97426762735098e-05,0.00513350708868571,0,0.0120162335993185
A3,ARX,I,133,134,9,142,1.15065809246462,1.16218750088771,0.0115294084230906,0.0115294084230906,0.000132927258586432,0.0072599615166551,0,0.0140473772769955
A3,ARX,I,133,134,10,143,1.15327199213787,1.1679127886191,0.0146407964812276,0.0146407964812276,0.000214352921604727,0.00968527075948953,0,0.0160714744391671
A3,ARX,I,133,134,11,144,1.15515634547566,1.17342247501739,0.0182661295417375,0.0182661295417375,0.000333651488435534,0.0126527299089874,0,0.0178129809146048
A3,ARX,I,133,134,12,145,1.15629338385156,1.17903419540292,0.0227408115513617,0.0227408115513617,0.000517144510014543,0.0160951788549151,0,0.0199003789299047
A3,ARX,I,133,134,13,146,1.15667231876539,1.18465374207548,0.027981423310091,0.027981423310091,0.000782960050458505,0.0200731720490153,0,0.0217652461567276
A3,ARX,I,133,134,14,147,1.15628948748954,1.18881348320729,0.0325239957177457,0.0325239957177457,0.00105781029744794,0.0241897934046163,0,0.024009231172604
A3,ARX,I,140,141,1,141,1.14733915472621,1.14760647781234,0.000267323086127647,0.000267323086127647,7.14616323768091e-08,0.000105722635954873,0.75,0.000801173509619224
A3,ARX,I,140,141,2,142,1.15065809246462,1.15159195461802,0.000933862153399412,0.000933862153399412,8.72098521551787e-07,0.000335084746554293,0.75,0.00191219710573987
A3,ARX,I,140,141,3,143,1.15327199213787,1.15522559173749,0.00195359959961672,0.00195359959961672,3.8165513956226e-06,0.000804877306274767,0.5,0.0032068692415998
A3,ARX,I,140,141,4,144,1.15515634547566,1.15857681120834,0.0034204657326824,0.0034204657326824,1.16995858284545e-05,0.00169020911007017,0,0.0046025509646444
A3,ARX,I,140,141,5,145,1.15629338385156,1.16130178529185,0.00500840144028558,0.00500840144028558,2.50840849870547e-05,0.00285186102931232,0,0.00641127237626132
A3,ARX,I,140,141,6,146,1.15667231876539,1.16398565509109,0.00731333632569786,0.00731333632569786,5.34848882127719e-05,0.0043246948435065,0,0.00839100122203296
A3,ARX,I,140,141,7,147,1.15628948748954,1.16638956524337,0.0101000777538309,0.0101000777538309,0.00010201157063343,0.0062270322191993,0,0.0104405311747481
A3,ARX,I,140,141,8,148,1.15514840068497,1.16853915750655,0.0133907568215823,0.0133907568215823,0.000179312368254753,0.00846500785539147,0,0.0123088369413528
A3,ARX,I,140,141,9,149,1.1532596909014,1.16984510096153,0.0165854100601326,0.0165854100601326,0.000275075826862747,0.0108253172704771,0,0.0144233103782791
A3,ARX,I,140,141,10,150,1.15064096301685,1.17083594992299,0.0201949869061422,0.0201949869061422,0.000407837496139254,0.0136724715697679,0,0.0165610630038521
A3,ARX,I,140,141,11,151,1.14731654978184,1.17151175931546,0.0241952095336135,0.0241952095336135,0.000585408164375463,0.0170040554795637,0,0.0184401373295298
A3,ARX,I,140,141,12,152,1.14331717765569,1.17155049353448,0.0282333158787911,0.0282333158787911,0.000797120125511596,0.0205576428822003,0,0.0202382465782927
A3,ARX,I,140,141,13,153,1.13867954999776,1.17192053694192,0.0332409869441657,0.0332409869441657,0.00110496321302219,0.0243396029777366,0,0.0222155685441292
A3,ARX,I,140,141,14,154,1.13344585635549,1.1722256538252,0.0387797974697184,0.0387797974697184,0.00150387269179238,0.0281725943789391,0,0.0245049213653751
A3,ARX,I,147,148,1,148,1.15514840068497,1.15551747996517,0.000369079280204909,0.000369079280204909,1.36219515076574e-07,0.000127090502394762,0.75,0.000788896342647061
A3,ARX,I,147,148,2,149,1.1532596909014,1.15435574158726,0.00109605068586172,0.00109605068586172,1.20132710597794e-06,0.000493303247796185,0,0.00165780551441724
A3,ARX,I,147,148,3,150,1.15064096301685,1.15289415822688,0.00225319521003819,0.00225319521003819,5.07688865453906e-06,0.0012119425664609,0,0.00270583531851509
A3,ARX,I,147,148,4,151,1.14731654978184,1.15100032564145,0.00368377585961199,0.00368377585961199,1.35702045838601e-05,0.00211907795445197,0,0.00403527584736807
A3,ARX,I,147,148,5,152,1.14331717765569,1.14891758627325,0.00560040861756095,0.00560040861756095,3.13645766836509e-05,0.0033469833583702,0,0.00560505726665189
A3,ARX,I,147,148,6,153,1.13867954999776,1.1462831521835,0.00760360218574507,0.00760360218574507,5.78147661990673e-05,0.00470414390471758,0,0.00766099032253376
A3,ARX,I,147,148,7,154,1.13344585635549,1.14328667739469,0.00984082103920403,0.00984082103920403,9.68417587256407e-05,0.00644011668906169,0,0.00957766600824356
A3,ARX,I,147,148,8,155,1.12766321802629,1.14041146587759,0.0127482478513052,0.0127482478513052,0.000162517823278309,0.00847670911363935,0,0.0115267331858489
A3,ARX,I,147,148,9,156,1.12138308122569,1.13723318855796,0.0158501073322725,0.0158501073322725,0.00025122590244456,0.0105355695860873,0,0.0138486307389556
A3,ARX,I,147,148,10,157,1.11466057003996,1.13374610636315,0.0190855363231841,0.0190855363231841,0.00036425769674358,0.0127868921015629,0,0.0162323488107832
A3,ARX,I,147,148,11,158,1.10755381185927,1.12942963777103,0.0218758259117611,0.0218758259117611,0.000478551759321677,0.015169639423135,0,0.0185791525418547
A3,ARX,I,147,148,12,159,1.10012324816834,1.12562474107411,0.0255014929057642,0.0255014929057642,0.000650326140422742,0.017729824391728,0,0.0206982125654211
A3,ARX,I,147,148,13,160,1.09243094341759,1.12126404993786,0.0288331065202676,0.0288331065202676,0.000831348031609098,0.0202507282690146,0,0.0229543821189581
A3,ARX,I,147,148,14,161,1.08453990421943,1.11625087188605,0.0317109676666205,0.0317109676666205,0.00100558547035345,0.0229388016463039,0,0.0249248105101328
A3,ARX,I,154,155,1,155,1.12766321802629,1.12792310717492,0.000259889148632064,0.000259889148632064,6.75423695766992e-08,0.000106034727928153,0.75,0.000798466084177496
A3,ARX,I,154,155,2,156,1.12138308122569,1.1222656639894,0.000882582763714224,0.000882582763714224,7.78952334805437e-07,0.000311616804711371,0.75,0.00193385869769791
A3,ARX,I,154,155,3,157,1.11466057003996,1.11637039894812,0.00170982890815918,0.00170982890815918,2.92351489517682e-06,0.000645053395796002,0.5,0.00310913477764657
A3,ARX,I,154,155,4,158,1.10755381185927,1.11013324795896,0.00257943609968847,0.00257943609968847,6.65349059237607e-06,0.000974860399251819,0.5,0.00434442578105326
A3,ARX,I,154,155,5,159,1.10012324816834,1.10369148284671,0.00356823467836898,0.00356823467836898,1.27322987199149e-05,0.00139546919844756,0.25,0.00565966791573713
A3,ARX,I,154,155,6,160,1.09243094341759,1.09735803809001,0.00492709467241825,0.00492709467241825,2.42762619109723e-05,0.00194804052180372,0.25,0.00712351774771242
A3,ARX,I,154,155,7,161,1.08453990421943,1.09072977782573,0.0061898736062953,0.0061898736062953,3.83145352619112e-05,0.00257860900986259,0,0.00847801962241207
A3,ARX,I,154,155,8,162,1.07651342033497,1.08402559123763,0.00751217090266421,0.00751217090266421,5.64327116708347e-05,0.00307625225488364,0.25,0.0101536300631819
A3,ARX,I,154,155,9,163,1.06841443786284,1.07700810449476,0.00859366663191663,0.00859366663191663,7.38511061805173e-05,0.00367403862270817,0,0.011501482603027
A3,ARX,I,154,155,10,164,1.06030497375459,1.06991185846417,0.00960688470957338,0.00960688470957338,9.22922338230348e-05,0.00399262258801841,0,0.0132282464274614
A3,ARX,I,154,155,11,165,1.05224557930063,1.06289687244973,0.0106512931490956,0.0106512931490956,0.000113450045747972,0.00442669637290254,0.25,0.0148509356113466
A3,ARX,I,154,155,12,166,1.04429485860723,1.05598752923525,0.0116926706280185,0.0116926706280185,0.000136718546415326,0.00469390975157682,0.25,0.016704243984765
A3,ARX,I,154,155,13,167,1.03650904636849,1.04861589849744,0.0121068521289533,0.0121068521289533,0.000146575868472342,0.00480267366112547,0.5,0.018203508073921
A3,ARX,I,154,155,14,168,1.02894164748016,1.04158942298576,0.0126477755056009,0.0126477755056009,0.000159966225240079,0.00495967392186344,0.5,0.0195230637726088
A3,ARX,I,161,162,1,162,1.07651342033497,1.07651150888049,-1.91145448269481e-06,1.91145448269481e-06,3.65365823941407e-12,5.6787028131332e-05,1,0.000785964856446275
A3,ARX,I,161,162,2,163,1.06841443786284,1.06852624554837,0.000111807685526655,0.000111807685526655,1.25009585428273e-08,0.000136402282707143,1,0.00164719886177805
A3,ARX,I,161,162,3,164,1.06030497375459,1.06029270993031,-1.22638242792128e-05,1.22638242792128e-05,1.50401385951409e-10,0.000197346904764553,1,0.00261776111447842
A3,ARX,I,161,162,4,165,1.05224557930063,1.05178377709344,-0.000461802207194273,0.000461802207194273,2.13261278569502e-07,0.000318730081973798,1,0.00361252793609529
A3,ARX,I,161,162,5,166,1.04429485860723,1.04363201321105,-0.00066284539618322,0.00066284539618322,4.3936401924129e-07,0.000418710659019168,1,0.00488238466501079
A3,ARX,I,161,162,6,167,1.03650904636849,1.03567380610725,-0.000835240261237935,0.000835240261237935,6.97626293992814e-07,0.00053582363284788,1,0.00628426531013215
A3,ARX,I,161,162,7,168,1.02894164748016,1.02748631197737,-0.00145533550279198,0.00145533550279198,2.11800142568678e-06,0.000701674399688347,1,0.00778905451740614
A3,ARX,I,161,162,8,169,1.021643139297,1.01918357098599,-0.00245956831100713,0.00245956831100713,6.04947627651048e-06,0.000952248173081465,1,0.00955863236231713
A3,ARX,I,161,162,9,170,1.01466073565219,1.01112983724162,-0.0035308984105733,0.0035308984105733,1.24672435857891e-05,0.00131067243531464,0.75,0.0112284335769197
A3,ARX,I,161,162,10,171,1.00803821018345,1.00303819816761,-0.00500001201584621,0.00500001201584621,2.50001201586065e-05,0.00183214982859783,0.75,0.013167147955771
A3,ARX,I,161,162,11,172,1.00181577508786,0.994865555943997,-0.00695021914385996,0.00695021914385996,4.83055461476775e-05,0.00250640760241259,0.5,0.0149662667514447
A3,ARX,I,161,162,12,173,0.99603001019389,0.986826522791249,-0.00920348740264088,0.00920348740264088,8.47041803705693e-05,0.00333529462171721,0.5,0.0169641915368493
A3,ARX,I,161,162,13,174,0.99071383622411,0.979255248658621,-0.0114585875654887,0.0114585875654887,0.000131299228995972,0.00424976440292811,0.5,0.0189930742511666
A3,ARX,I,161,162,14,175,0.985896525349018,0.971990376713294,-0.0139061486357237,0.0139061486357237,0.00019338096987884,0.00546701263734129,0.25,0.0210705064736602
A3,ARX,I,168,169,1,169,1.021643139297,1.02150351841379,-0.000139620883211178,0.000139620883211178,1.94939910286694e-08,6.06560220376911e-05,0.75,0.000662249674439397
A3,ARX,I,168,169,2,170,1.01466073565219,1.01426490835849,-0.000395827293707463,0.000395827293707463,1.56679246443774e-07,0.000179627605646777,0.75,0.0016187944679153
A3,ARX,I,168,169,3,171,1.00803821018345,1.00705358946584,-0.000984620717619178,0.000984620717619178,9.69477957564905e-07,0.000366616512674118,0.75,0.002750620943471
A3,ARX,I,168,169,4,172,1.00181577508786,1.00001493306859,-0.001800842019265,0.001800842019265,3.24303197835045e-06,0.000648831013425438,0.5,0.00390764798024051
A3,ARX,I,168,169,5,173,0.99603001019389,0.99302757872751,-0.0030024314663798,0.0030024314663798,9.01459471030753e-06,0.0011282907544079,0.5,0.00545321382113084
A3,ARX,I,168,169,6,174,0.99071383622411,0.986553341132633,-0.00416049509147731,0.00416049509147731,1.73097194062068e-05,0.00176701902757588,0.25,0.00692235691311766
A3,ARX,I,168,169,7,175,0.985896525349018,0.980157873506115,-0.00573865184290223,0.00573865184290223,3.29321249740452e-05,0.00256070631816906,0.25,0.00865311035676242
A3,ARX,I,168,169,8,176,0.981603741617533,0.974264831684611,-0.00733890993292208,0.00733890993292208,5.38595990035423e-05,0.00341981881759003,0.25,0.0106742551670362
A3,ARX,I,168,169,9,177,0.977857603599633,0.968455236294914,-0.00940236730471888,0.00940236730471888,8.84045109328467e-05,0.00465973322310521,0,0.01233649382736
A3,ARX,I,168,169,10,178,0.974676761592206,0.963067262163193,-0.0116094994290129,0.0116094994290129,0.000134780476992251,0.00638172027209234,0,0.01401037270207
A3,ARX,I,168,169,11,179,0.972076482012457,0.957424828867568,-0.014651653144889,0.014651653144889,0.000214670939878137,0.00849848296512254,0,0.0156459512259742
A3,ARX,I,168,169,12,180,0.970068732119357,0.951789438632656,-0.0182792934867014,0.0182792934867014,0.000334132570372965,0.0109166346055319,0,0.0175478194430423
A3,ARX,I,168,169,13,181,0.968662258941408,0.946918583062723,-0.0217436758786841,0.0217436758786841,0.000472787440717268,0.0136808527143252,0,0.019330193354167
A3,ARX,I,168,169,14,182,0.967862657221049,0.942279650464054,-0.0255830067569953,0.0255830067569953,0.000654490234728468,0.0166623799683816,0,0.0212867190959609
A3,ARX,I,175,176,1,176,0.981603741617533,0.981413381239864,-0.000190360377668841,0.000190360377668841,3.62370733862238e-08,7.89046254490962e-05,0.75,0.000758143884447282
A3,ARX,I,175,176,2,177,0.977857603599633,0.97715748077714,-0.000700122822492544,0.000700122822492544,4.90171966574926e-07,0.000265982158785562,0.75,0.00168792401286147
A3,ARX,I,175,176,3,178,0.974676761592206,0.973011379180986,-0.0016653824112195,0.0016653824112195,2.77349857559926e-06,0.000601720171329541,0.5,0.00282717096224741
A3,ARX,I,175,176,4,179,0.972076482012457,0.969265584456483,-0.00281089755597408,0.00281089755597408,7.90114507018105e-06,0.00106153257155284,0.5,0.00434307551254146
A3,ARX,I,175,176,5,180,0.970068732119357,0.966227214837309,-0.00384151728204818,0.00384151728204818,1.47572550282748e-05,0.00161181009480568,0.25,0.00591548428785829
A3,ARX,I,175,176,6,181,0.968662258941408,0.963143971437871,-0.00551828750353611,0.00551828750353611,3.04514969716828e-05,0.00254208457910097,0,0.00757650131148957
A3,ARX,I,175,176,7,182,0.967862657221049,0.960573072363602,-0.00728958485744691,0.00728958485744691,5.31380473939192e-05,0.00375299899604098,0,0.00950073052102526
A3,ARX,I,175,176,8,183,0.96767242228004,0.957945831744655,-0.0097265905353846,0.0097265905353846,9.46065634430334e-05,0.00511207675098492,0,0.0114866216857827
A3,ARX,I,175,176,9,184,0.968090984929695,0.955753556356936,-0.0123374285727583,0.0123374285727583,0.000152212143787914,0.00673394210691425,0,0.0134009416268522
A3,ARX,I,175,176,10,185,0.969114726855266,0.95389114527943,-0.0152235815758367,0.0152235815758367,0.000231757435996155,0.00852290200802306,0,0.0154967383032784
A3,ARX,I,175,176,11,186,0.970736976253422,0.95248651713072,-0.0182504591227023,0.0182504591227023,0.000333079258189427,0.0107225174606617,0,0.0174232612048639
A3,ARX,I,175,176,12,187,0.972947984852862,0.951189062941802,-0.0217589219110602,0.0217589219110602,0.000473450682731616,0.0131956130500845,0,0.0194264151371439
A3,ARX,I,175,176,13,188,0.97573488875811,0.9503986072081,-0.0253362815500098,0.0253362815500098,0.000641927162781366,0.0157826605285926,0,0.0215030120031952
A3,ARX,I,175,176,14,189,0.97908165678387,0.950125006493003,-0.0289566502908669,0.0289566502908669,0.000838487596067563,0.0184096466393496,0,0.023641501139458
A3,ARX,I,182,183,1,183,0.96767242228004,0.967366863327134,-0.000305558952906515,0.000305558952906515,9.33662737013259e-08,0.000108196421399257,0.75,0.000714865792179109
A3,ARX,I,182,183,2,184,0.968090984929695,0.967203362178702,-0.000887622750992745,0.000887622750992745,7.87874148079928e-07,0.000311247310157551,0.5,0.00158285824890364
A3,ARX,I,182,183,3,185,0.969114726855266,0.967304744643536,-0.00180998221173079,0.00180998221173079,3.27603560678187e-06,0.000716648706633579,0.5,0.00250192104272481
A3,ARX,I,182,183,4,186,0.970736976253422,0.968068111442101,-0.00266886481132145,0.00266886481132145,7.12283938110987e-06,0.00130799105535306,0.25,0.0036483365776272
A3,ARX,I,182,183,5,187,0.972947984852862,0.969061396262622,-0.00388658859024027,0.00388658859024027,1.51055708697858e-05,0.00213170183340984,0,0.00485466055320974
A3,ARX,I,182,183,6,188,0.97573488875811,0.970159065892522,-0.00557582286558778,0.00557582286558778,3.10898006284115e-05,0.00307808038784833,0,0.00654384314534442
A3,ARX,I,182,183,7,189,0.97908165678387,0.971634529308197,-0.00744712747567311,0.00744712747567311,5.54597076389253e-05,0.00421906756828223,0,0.00834186430751921
A3,ARX,I,182,183,8,190,0.982969031052767,0.973404784764989,-0.00956424628777808,0.00956424628777808,9.14748070532767e-05,0.0054538425942177,0,0.0101997151820485
A3,ARX,I,182,183,9,191,0.987374465576871,0.975916362111291,-0.0114581034655802,0.0114581034655802,0.000131288135027941,0.00694230454991932,0,0.0118448364944934
A3,ARX,I,182,183,10,192,0.992272069301209,0.978655754575414,-0.0136163147257948,0.0136163147257948,0.000185404026711897,0.00846208343173147,0,0.0136918761895331
A3,ARX,I,182,183,11,193,0.99763256062883,0.981539421903785,-0.0160931387250445,0.0160931387250445,0.000258989114023526,0.0101044184669271,0,0.0157547161656615
A3,ARX,I,182,183,12,194,1.003423240751,0.984643447459695,-0.0187797932913034,0.0187797932913034,0.000352680636064085,0.0119689386181598,0,0.0177066991408411
A3,ARX,I,182,183,13,195,1.00960799315836,0.988021486069286,-0.0215865070890772,0.0215865070890772,0.000465977288306779,0.014070388008979,0,0.0192487861486629
A3,ARX,I,182,183,14,196,1.01614731650224,0.991358662282538,-0.0247886542197007,0.0247886542197007,0.000614477378023884,0.0161786550757357,0,0.0211418775146682
A3,ARX,I,189,190,1,190,0.982969031052767,0.982903040825611,-6.59902271564761e-05,6.59902271564761e-05,4.35471008016331e-09,6.68841822255424e-05,1,0.000768383151876717
A3,ARX,I,189,190,2,191,0.987374465576871,0.986962485752214,-0.000411979824656461,0.000411979824656461,1.69727375923968e-07,0.000168884463883782,1,0.00172260672292246
A3,ARX,I,189,190,3,192,0.992272069301209,0.991431916962617,-0.000840152338591915,0.000840152338591915,7.05855952041464e-07,0.000316695193088946,0.75,0.0027650653652187
A3,ARX,I,189,190,4,193,0.99763256062883,0.996171825515994,-0.00146073511283573,0.00146073511283573,2.13374706987122e-06,0.000554699776466434,0.75,0.00402004812047393
A3,ARX,I,189,190,5,194,1.003423240751,1.00111957821343,-0.00230366253756786,0.00230366253756786,5.30686108699361e-06,0.000814995403762044,0.75,0.00551975586465389
A3,ARX,I,189,190,6,195,1.00960799315836,1.00641955578315,-0.00318843737521513,0.00318843737521513,1.01661328956687e-05,0.00113346150564175,0.5,0.0071133616336449
A3,ARX,I,189,190,7,196,1.01614731650224,1.01229547350764,-0.00385184299459884,0.00385184299459884,1.48366944550402e-05,0.00146148608198873,0.5,0.00889527704929866
A3,ARX,I,189,190,8,197,1.0229983975094,1.01807892895582,-0.00491946855357384,0.00491946855357384,2.42011708496018e-05,0.00188414918083772,0.5,0.0107345298970432
A3,ARX,I,189,190,9,198,1.0301152299368,1.02395012076832,-0.00616510916848312,0.00616510916848312,3.80085710593146e-05,0.00224854542350724,0.5,0.0130052845426508
A3,ARX,I,189,190,10,199,1.0374487845996,1.0301038481342,-0.0073449364653968,0.0073449364653968,5.39480916807157e-05,0.00270531648756797,0.75,0.0150445454460407
A3,ARX,I,189,190,11,200,1.0449472343391,1.03685651622893,-0.00809071811017237,0.00809071811017237,6.54597195382711e-05,0.00305675736167108,0.75,0.0173978399693865
A3,ARX,I,189,190,12,201,1.05255623644679,1.04393652506263,-0.00861971138415263,0.00861971138415263,7.42994243460904e-05,0.00337562729961911,0.75,0.0199251188653773
A3,ARX,I,189,190,13,202,1.06021927356127,1.05099720463529,-0.00922206892598099,0.00922206892598099,8.50465552755441e-05,0.00367225441742969,0.75,0.0223345272714667
A3,ARX,I,189,190,14,203,1.06787805244903,1.05815761647974,-0.00972043596928573,0.00972043596928573,9.44868754329839e-05,0.00389886335803495,0.75,0.0250139377360059
A3,ARX,I,196,197,1,197,1.0229983975094,1.02299833998143,-5.7527969943294e-08,5.7527969943294e-08,3.30946732579654e-15,4.4668321251166e-05,1,0.000644011676650957
A3,ARX,I,196,197,2,198,1.0301152299368,1.03006522336776,-5.00065690427487e-05,5.00065690427487e-05,2.50065694742719e-09,0.000106148632949394,1,0.0014229569312969
A3,ARX,I,196,197,3,199,1.0374487845996,1.03726402038607,-0.000184764213525757,0.000184764213525757,3.41378145997914e-08,0.000203608763295933,1,0.00254814807088172
A3,ARX,I,196,197,4,200,1.0449472343391,1.04475501840555,-0.000192215933554563,0.000192215933554563,3.6946965112252e-08,0.000292875088408267,1,0.00364896308011126
A3,ARX,I,196,197,5,201,1.05255623644679,1.05255375240005,-2.48404673519609e-06,2.48404673519609e-06,6.17048818263834e-12,0.000343989983572364,1,0.00481552914946654
A3,ARX,I,196,197,6,202,1.06021927356127,1.0604297425089,0.000210468947630771,0.000210468947630771,4.42971779168042e-08,0.000446964785442985,1,0.00617217439151008
A3,ARX,I,196,197,7,203,1.06787805244903,1.06840223221284,0.00052417976381447,0.00052417976381447,2.74764424792593e-07,0.000612440408730802,1,0.00810869867244557
A3,ARX,I,196,197,8,204,1.07547295841117,1.07615330858019,0.000680350169025568,0.000680350169025568,4.62876352493118e-07,0.000790751951666693,1,0.0103967061484002
A3,ARX,I,196,197,9,205,1.08294356137725,1.08441053633908,0.00146697496182946,0.00146697496182946,2.15201553863454e-06,0.0010267754741949,1,0.0126502889397974
A3,ARX,I,196,197,10,206,1.09022916810202,1.09289081982587,0.00266165172385247,0.00266165172385247,7.0843898990868e-06,0.00131069146593969,1,0.0149378609825472
A3,ARX,I,196,197,11,207,1.09726941332334,1.10100471278691,0.00373529946356643,0.00373529946356643,1.39524620825197e-05,0.00159249787067498,1,0.0173905977886507
A3,ARX,I,196,197,12,208,1.10400488131788,1.10940338470794,0.00539850339005765,0.00539850339005765,2.9143838852464e-05,0.00205789550730518,0.75,0.0197385261971523
A3,ARX,I,196,197,13,209,1.11037774805173,1.11760923014873,0.00723148209699742,0.00723148209699742,5.22943333191942e-05,0.00256794696833134,0.75,0.0220999050964545
A3,ARX,I,196,197,14,210,1.11633243310742,1.12562830237121,0.00929586926379278,0.00929586926379278,8.64131853695273e-05,0.00328788731927493,0.75,0.0247968533585762
A3,ARX,I,203,204,1,204,1.07547295841117,1.07573058041472,0.00025762200355639,0.00025762200355639,6.63690967164088e-08,8.6777527972939e-05,1,0.000795282909859474
A3,ARX,I,203,204,2,205,1.08294356137725,1.08340046684624,0.000456905468996016,0.000456905468996016,2.08762607598469e-07,0.000183187939443585,0.75,0.00166945507194849
A3,ARX,I,203,204,3,206,1.09022916810202,1.0912114708048,0.000982302702779325,0.000982302702779325,9.64918599887567e-07,0.00035846046754879,0.75,0.00263829119980419
A3,ARX,I,203,204,4,207,1.09726941332334,1.09937387695983,0.00210446363649086,0.00210446363649086,4.42876719731234e-06,0.000649942734455389,0.75,0.00369376429208917
A3,ARX,I,203,204,5,208,1.10400488131788,1.10722508214418,0.00322020082629937,0.00322020082629937,1.03696933616991e-05,0.00104754419256225,0.5,0.00497068171862186
A3,ARX,I,203,204,6,209,1.11037774805173,1.1148901353079,0.00451238725617298,0.00451238725617298,2.03616387496723e-05,0.0016608547154878,0,0.00615142247512562
A3,ARX,I,203,204,7,210,1.11633243310742,1.12266585350267,0.00633342039525031,0.00633342039525031,4.01122139029726e-05,0.00259002145836578,0,0.00795400597014678
A3,ARX,I,203,204,8,211,1.12181624981277,1.13027546896572,0.00845921915295245,0.00845921915295245,7.15583886776775e-05,0.00380269242663743,0,0.00988690391237423
A3,ARX,I,203,204,9,212,1.12678004152895,1.13782626119457,0.0110462196656254,0.0110462196656254,0.000122018968901248,0.00547155384562356,0,0.0118196844331186
A3,ARX,I,203,204,10,213,1.13117879189548,1.14508849291839,0.0139097010229108,0.0139097010229108,0.000193479782546765,0.0074865221578448,0,0.0140604320466565
A3,ARX,I,203,204,11,214,1.13497219698993,1.15180056301841,0.0168283660284816,0.0168283660284816,0.000283193903188553,0.00960872771647706,0,0.0164654310273825
A3,ARX,I,203,204,12,215,1.13812518784141,1.1585806831804,0.0204554953389895,0.0204554953389895,0.000418427289563421,0.0122872368276089,0,0.0186096272298961
A3,ARX,I,203,204,13,216,1.14060839253099,1.16460115392644,0.0239927613954478,0.0239927613954478,0.000575652599378891,0.015626955521011,0,0.020558001232323
A3,ARX,I,203,204,14,217,1.14239852820188,1.17106012156035,0.0286615933584697,0.0286615933584697,0.000821486933846277,0.019362109486652,0,0.0227234732788159
A3,ARX,I,210,211,1,211,1.12181624981277,1.12214272516745,0.00032647535468433,0.00032647535468433,1.06586157216259e-07,0.000121750019603337,0.75,0.000860236646166412
A3,ARX,I,210,211,2,212,1.12678004152895,1.12764821068853,0.000868169159582433,0.000868169159582433,7.53717689650067e-07,0.000355942188611491,0.5,0.00174098929692229
A3,ARX,I,210,211,3,213,1.13117879189548,1.13313364375271,0.00195485185723188,0.00195485185723188,3.82144578372292e-06,0.000974729448449523,0,0.00269286016881853
A3,ARX,I,210,211,4,214,1.13497219698993,1.13841422288575,0.00344202589581655,0.00344202589581655,1.18475422674717e-05,0.00200077469377658,0,0.00374440242267821
A3,ARX,I,210,211,5,215,1.13812518784141,1.14348486899086,0.00535968114944807,0.00535968114944807,2.8726182023749e-05,0.00341323033543175,0,0.00488384238485873
A3,ARX,I,210,211,6,216,1.14060839253099,1.14830650084009,0.00769810830909501,0.00769810830909501,5.92608715385576e-05,0.0050620402835689,0,0.00653330378646738
A3,ARX,I,210,211,7,217,1.14239852820188,1.15287135403754,0.0104728258356566,0.0104728258356566,0.000109680080983996,0.00707844524564549,0,0.00808374313818161
A3,ARX,I,210,211,8,218,1.14347871465899,1.1571651257114,0.0136864110524122,0.0136864110524122,0.000187317847495591,0.00952910742773601,0,0.00956931809698164
A3,ARX,I,210,211,9,219,1.14383870282712,1.16146102413135,0.0176223213042246,0.0176223213042246,0.000310546208149328,0.0125929138037475,0,0.0109962924683814
A3,ARX,I,210,211,10,220,1.14347501311506,1.1651248930362,0.021649879921132,0.021649879921132,0.000468717300599434,0.0160519378507885,0,0.0127319095611161
A3,ARX,I,210,211,11,221,1.14239098065071,1.16856514609856,0.0261741654478456,0.0261741654478456,0.000685086936891193,0.0199868209533025,0,0.014613428443227
A3,ARX,I,210,211,12,222,1.14059670635632,1.17152031571957,0.0309236093632492,0.0309236093632492,0.000956269616050835,0.0241513029778806,0,0.0166403905256107
A3,ARX,I,210,211,13,223,1.13810891486599,1.17436716423309,0.0362582493670993,0.0362582493670993,0.00131466064716676,0.0286084599902247,0,0.0189282512830407
A3,ARX,I,210,211,14,224,1.13495072229273,1.17707472251079,0.0421240002180672,0.0421240002180672,0.00177443139437172,0.0334829235679612,0,0.0210902820787695
A3,ARX,I,217,218,1,218,1.14347871465899,1.14387252019948,0.000393805540497949,0.000393805540497949,1.55082803726882e-07,0.000162149569465785,0.5,0.000729355505709073
A3,ARX,I,217,218,2,219,1.14383870282712,1.14515971758528,0.00132101475815394,0.00132101475815394,1.74507999126051e-06,0.000583404201709455,0.25,0.00175492966978619
A3,ARX,I,217,218,3,220,1.14347501311506,1.14613581351906,0.00266080040399164,0.00266080040399164,7.07985878988206e-06,0.0013452243209103,0.25,0.00308130545504126
A3,ARX,I,217,218,4,221,1.14239098065071,1.14676243547141,0.00437145482069634,0.00437145482069634,1.91096172493893e-05,0.00236812223568645,0,0.0046404782036224
A3,ARX,I,217,218,5,222,1.14059670635632,1.14738141303636,0.00678470668003861,0.00678470668003861,4.60322447341605e-05,0.00399529280949574,0,0.00604920450419039
A3,ARX,I,217,218,6,223,1.13810891486599,1.14752981451264,0.00942089964664938,0.00942089964664938,8.87533501522385e-05,0.00604025015770713,0,0.00764662266920996
A3,ARX,I,217,218,7,224,1.13495072229273,1.14731851050817,0.0123677882154465,0.0123677882154465,0.000152962185342137,0.00849532013072064,0,0.0093321640888866
A3,ARX,I,217,218,8,225,1.13115131877287,1.14698843038355,0.0158371116106808,0.0158371116106808,0.000250814104169161,0.01133195698267,0,0.010957193338444
A3,ARX,I,217,218,9,226,1.12674557249781,1.14625109866925,0.0195055261714396,0.0195055261714396,0.000380465551224717,0.0144080432910612,0,0.0128116727638839
A3,ARX,I,217,218,10,227,1.12177356353763,1.14519065283931,0.0234170893016856,0.0234170893016856,0.000548360071363119,0.0178566176578653,0,0.0144425923046257
A3,ARX,I,217,218,11,228,1.11628005712485,1.14401134639784,0.0277312892729999,0.0277312892729999,0.000769024404742802,0.0215254387416102,0,0.0162852506251719
A3,ARX,I,217,218,12,229,1.11031392716421,1.14278508686584,0.0324711597016245,0.0324711597016245,0.0010543762123684,0.0252950544723257,0,0.0185952172054697
A3,ARX,I,217,218,13,230,1.10392754153768,1.14150087443274,0.0375733328950616,0.0375733328950616,0.00141175534484312,0.0293549794998107,0,0.0207021675865993
A3,ARX,I,217,218,14,231,1.09717612126587,1.14007020624555,0.0428940849796784,0.0428940849796784,0.00183990252624387,0.0336863349493907,0,0.0229805039974573
A3,ARX,I,224,225,1,225,1.13115131877287,1.13146306079076,0.000311742017891081,0.000311742017891081,9.71830857188032e-08,0.000130397201317756,0.75,0.000818042115046436
A3,ARX,I,224,225,2,226,1.12674557249781,1.12784273171463,0.00109715921681075,0.00109715921681075,1.20375834703278e-06,0.000468786967388654,0.25,0.00178379093157127
A3,ARX,I,224,225,3,227,1.12177356353763,1.12376279732856,0.00198923379093352,0.00198923379093352,3.95705107499174e-06,0.00104575725252292,0.25,0.0030324055851223
A3,ARX,I,224,225,4,228,1.11628005712485,1.11973337533969,0.00345331821484773,0.00345331821484773,1.19254066929991e-05,0.00178247962806318,0.25,0.00444572656301301
A3,ARX,I,224,225,5,229,1.11031392716421,1.11553632664604,0.00522239948182346,0.00522239948182346,2.72734563477499e-05,0.00277411761477344,0.25,0.00609666224170463
A3,ARX,I,224,225,6,230,1.10392754153768,1.11104835744764,0.00712081590996161,0.00712081590996161,5.07060192235624e-05,0.00415905497928869,0,0.00765405368698102
A3,ARX,I,224,225,7,231,1.09717612126587,1.10637352581318,0.00919740454731066,0.00919740454731066,8.45922504068908e-05,0.00569057522728341,0,0.00934566232169404
A3,ARX,I,224,225,8,232,1.09011708575928,1.10197002888626,0.0118529431269794,0.0118529431269794,0.000140492260771408,0.00732647724823867,0,0.0111797336054019
A3,ARX,I,224,225,9,233,1.08280939624575,1.09694548230515,0.0141360860594049,0.0141360860594049,0.0001998289290789,0.00899691450951189,0,0.0130534425973032
A3,ARX,I,224,225,10,234,1.07531290900704,1.0918888242369,0.0165759152298597,0.0165759152298597,0.000274760965707494,0.0106212699711845,0,0.0150626734410484
A3,ARX,I,224,225,11,235,1.06768774931611,1.08678667842025,0.0190989291041341,0.0190989291041341,0.000364769092924742,0.0122590965021126,0,0.0174578477983051
A3,ARX,I,224,225,12,236,1.05999371596659,1.08220480460885,0.0222110886422642,0.0222110886422642,0.000493332458674517,0.0141368270068948,0,0.0195351538682292
A3,ARX,I,224,225,13,237,1.05228972506229,1.07802586925813,0.0257361441958444,0.0257361441958444,0.000662349118069293,0.0165093487676171,0,0.0214324925727309
A3,ARX,I,224,225,14,238,1.04463330032889,1.07369873694073,0.0290654366118359,0.0290654366118359,0.000844799605436652,0.018900814754249,0,0.0230927758382929
A3,ARX,I,231,232,1,232,1.09011708575928,1.09037069548553,0.000253609726247328,0.000253609726247328,6.43178932472447e-08,9.605055063255e-05,0.75,0.000686668719031891
A3,ARX,I,231,232,2,233,1.08280939624575,1.08359429756127,0.000784901315519226,0.000784901315519226,6.16070075103812e-07,0.000284992677023986,0.5,0.00156098185012837
A3,ARX,I,231,232,3,234,1.07531290900704,1.07685748248783,0.00154457348079418,0.00154457348079418,2.38570723757264e-06,0.000535321680116061,0.5,0.00259059886103608
A3,ARX,I,231,232,4,235,1.06768774931611,1.07018946540687,0.00250171609075611,0.00250171609075611,6.25858339874804e-06,0.00088566632919972,0.25,0.00371073064192162
A3,ARX,I,231,232,5,236,1.05999371596659,1.06337566576668,0.00338194980008977,0.00338194980008977,1.14375844503272e-05,0.00132708304926562,0.5,0.00483149953631945
A3,ARX,I,231,232,6,237,1.05228972506229,1.05684141228534,0.00455168722304689,0.00455168722304689,2.07178565764483e-05,0.00183970273859256,0.5,0.00627239612736263
A3,ARX,I,231,232,7,238,1.04463330032889,1.05007434161701,0.00544104128812051,0.00544104128812051,2.96049302990321e-05,0.00220140503679303,0.5,0.007971004417622
A3,ARX,I,231,232,8,239,1.03708011566706,1.04352148953516,0.00644137386809951,0.00644137386809951,4.14912973086352e-05,0.00273210964363539,0.25,0.00964675747448512
A3,ARX,I,231,232,9,240,1.02968359403577,1.03708665525992,0.00740306122414713,0.00740306122414713,5.48053154884709e-05,0.00321913072214337,0.25,0.011480577271695
A3,ARX,I,231,232,10,241,1.02249456508538,1.03106533957589,0.00857077449051435,0.00857077449051435,7.34581753672516e-05,0.00379123799935124,0.25,0.0132028861627798
A3,ARX,I,231,232,11,242,1.01556098230205,1.02564468592201,0.0100837036199657,0.0100837036199657,0.000101681078695309,0.00431114392250913,0.25,0.0151872626142642
A3,ARX,I,231,232,12,243,1.0089276988261,1.02050227940739,0.011574580581293,0.011574580581293,0.000133970915632845,0.00460490146052608,0.25,0.0176564501252895
A3,ARX,I,231,232,13,244,1.00263629961166,1.01512018835517,0.0124838887435106,0.0124838887435106,0.00015584747816035,0.00481383978563766,0.5,0.019613375477096
A3,ARX,I,231,232,14,245,0.996724986243541,1.01014830729875,0.0134233210552122,0.0134233210552122,0.000180185548151302,0.00508661015357544,0.5,0.0217166140191671
A3,ARX,I,238,239,1,239,1.03708011566706,1.03706115438905,-1.89612780154835e-05,1.89612780154835e-05,3.59530063980459e-10,4.8262252539841e-05,1,0.000703296157113453
A3,ARX,I,238,239,2,240,1.02968359403577,1.02981020843116,0.000126614395391744,0.000126614395391744,1.60312051204169e-08,0.000117409590302678,1,0.00154822332983218
A3,ARX,I,238,239,3,241,1.02249456508538,1.02280790509215,0.000313340006770524,0.000313340006770524,9.8181959842952e-08,0.000193501097727115,1,0.00243262222135998
A3,ARX,I,238,239,4,242,1.01556098230205,1.01615268958118,0.00059170727912905,0.00059170727912905,3.50117504174304e-07,0.000306826631808504,1,0.00350489043122665
A3,ARX,I,238,239,5,243,1.0089276988261,1.00977745264829,0.000849753822188104,0.000849753822188104,7.22081558323292e-07,0.00040846926083506,1,0.00476090664180018
A3,ARX,I,238,239,6,244,1.00263629961166,1.0035493523328,0.000913052721147389,0.000913052721147389,8.33665271594652e-07,0.000538258442784852,1,0.00661983614484923
A3,ARX,I,238,239,7,245,0.996724986243541,0.997661248375694,0.000936262132153365,0.000936262132153365,8.76586780104365e-07,0.000664420239799448,1,0.00856355714216495
A3,ARX,I,238,239,8,246,0.991228509555462,0.991999646191936,0.000771136636473768,0.000771136636473768,5.94651712112076e-07,0.000804712397427071,1,0.0107175344407596
A3,ARX,I,238,239,9,247,0.986178144229163,0.987118742079997,0.000940597850833669,0.000940597850833669,8.84724316992917e-07,0.000931359030981805,1,0.0126478488530141
A3,ARX,I,238,239,10,248,0.981601698820097,0.982324594234965,0.000722895414867364,0.000722895414867364,5.22577780836258e-07,0.00104408848089709,1,0.0147927984579488
A3,ARX,I,238,239,11,249,0.977523554165694,0.978026864368006,0.000503310202312313,0.000503310202312313,2.53321159751661e-07,0.00113953576029368,1,0.0169478669409742
A3,ARX,I,238,239,12,250,0.973964722894921,0.973819903265573,-0.00014481962934787,0.00014481962934787,2.09727250444544e-08,0.0012071921643739,1,0.0191174362875419
A3,ARX,I,238,239,13,251,0.970942922772586,0.970308929351551,-0.000633993421034762,0.000633993421034762,4.01947657915361e-07,0.00137133223705334,1,0.0211929586963257
A3,ARX,I,238,239,14,252,0.968472656871352,0.967199866058721,-0.0012727908126311,0.0012727908126311,1.61999645271813e-06,0.00156704994896868,1,0.0232857329890425
A3,ARX,I,245,246,1,246,0.991228509555462,0.991136626520605,-9.18830348575206e-05,9.18830348575206e-05,8.44249209462834e-09,5.19635349448322e-05,1,0.000645913862073438
A3,ARX,I,245,246,2,247,0.986178144229163,0.98597134182201,-0.000206802407152651,0.000206802407152651,4.27672356041308e-08,0.000114147204020062,1,0.00135664551171411
A3,ARX,I,245,246,3,248,0.981601698820097,0.98104822008111,-0.000553478738987367,0.000553478738987367,3.06338714511046e-07,0.000218097825848891,1,0.00221628484020425
A3,ARX,I,245,246,4,249,0.977523554165694,0.976486099767674,-0.00103745439801972,0.00103745439801972,1.07631162797046e-06,0.000371160538838744,0.75,0.00317424955218579
A3,ARX,I,245,246,5,250,0.973964722894921,0.972440406931435,-0.00152431596348668,0.00152431596348668,2.32353915654032e-06,0.000571576796215982,0.75,0.00472528736103228
A3,ARX,I,245,246,6,251,0.970942922772586,0.968708467505022,-0.00223445526756438,0.00223445526756438,4.99279034274622e-06,0.00079040579073275,0.75,0.0063010684763779
A3,ARX,I,245,246,7,252,0.968472656871352,0.965639740340438,-0.00283291653091433,0.00283291653091433,8.02541607112769e-06,0.00104775980168511,0.75,0.00780439480105119
A3,ARX,I,245,246,8,253,0.966565294054816,0.963045197072111,-0.00352009698270461,0.00352009698270461,1.23910827676461e-05,0.00137691560019105,0.75,0.00917278337188929
A3,ARX,I,245,246,9,254,0.965229143955803,0.960943670728929,-0.00428547322687445,0.00428547322687445,1.83652807782577e-05,0.00174645889065957,0.75,0.0106226701423052
A3,ARX,I,245,246,10,255,0.964469521519439,0.959166271886643,-0.0053032496327956,0.0053032496327956,2.81244566677467e-05,0.00210825903944102,0.75,0.0119987044661841
A3,ARX,I,245,246,11,256,0.964288797219781,0.957940770260019,-0.00634802695976233,0.00634802695976233,4.02974462818694e-05,0.00250850146046578,0.75,0.0136305326861673
A3,ARX,I,245,246,12,257,0.964686430217291,0.95725990940007,-0.00742652081722084,0.00742652081722084,5.51532114486145e-05,0.0029311830324929,0.75,0.0152173648224798
A3,ARX,I,245,246,13,258,0.965658982964413,0.956823667025879,-0.00883531593853437,0.00883531593853437,7.80628077337195e-05,0.00357618004022828,0.5,0.0168453865997454
A3,ARX,I,245,246,14,259,0.967200117048564,0.95675474428514,-0.0104453727634234,0.0104453727634234,0.000109105812166867,0.00427849340716544,0.5,0.0185056013800557
A3,ARX,I,252,253,1,253,0.966565294054816,0.966388057970203,-0.000177236084612953,0.000177236084612953,3.14126296889298e-08,6.92041154453044e-05,0.75,0.000669218249877646
A3,ARX,I,252,253,2,254,0.965229143955803,0.964813405578557,-0.000415738377246622,0.000415738377246622,1.72838398315654e-07,0.000175106691994454,0.75,0.00130705620618829
A3,ARX,I,252,253,3,255,0.964469521519439,0.963665725827153,-0.000803795692285947,0.000803795692285947,6.46087514937444e-07,0.000321048492952697,0.75,0.00200416377760726
A3,ARX,I,252,253,4,256,0.964288797219781,0.963025901757053,-0.00126289546272784,0.00126289546272784,1.59490494977857e-06,0.000505878043782584,0.75,0.00299279189348312
A3,ARX,I,252,253,5,257,0.964686430217291,0.962653398737585,-0.00203303147970613,0.00203303147970613,4.13321699747608e-06,0.000754392010509915,0.5,0.00402222838959521
A3,ARX,I,252,253,6,258,0.965658982964413,0.962841042998325,-0.00281793996608803,0.00281793996608803,7.94078565247623e-06,0.00107436914440545,0.5,0.00521035290101726
A3,ARX,I,252,253,7,259,0.967200117048564,0.963527485532173,-0.00367263151639086,0.00367263151639086,1.34882222551874e-05,0.00152055119322151,0.25,0.00628968942556232
A3,ARX,I,252,253,8,260,0.96930057134518,0.964722040548617,-0.00457853079656279,0.00457853079656279,2.09629442550739e-05,0.0021053046810044,0,0.00735426744119716
A3,ARX,I,252,253,9,261,0.971948124797725,0.966510863287212,-0.00543726151051283,0.00543726151051283,2.95638127337042e-05,0.00276720248665002,0,0.00843304843741879
A3,ARX,I,252,253,10,262,0.9751275473072,0.968704138904987,-0.00642340840221334,0.00642340840221334,4.12601755016249e-05,0.00341632749675303,0,0.00974477533553383
A3,ARX,I,252,253,11,263,0.978820543263547,0.971201037116597,-0.00761950614694984,0.00761950614694984,5.80568739234064e-05,0.00405606772839888,0,0.0112946678795237
A3,ARX,I,252,253,12,264,0.983005693150981,0.974166426232411,-0.00883926691856995,0.00883926691856995,7.81326396577252e-05,0.00473003920979003,0,0.0128447770957516
A3,ARX,I,252,253,13,265,0.987658399378696,0.97766500137227,-0.00999339800642618,0.00999339800642618,9.98680037148427e-05,0.0054016918134685,0,0.0145558089326107
A3,ARX,I,252,253,14,266,0.992750843001928,0.981687546292874,-0.0110632967090538,0.0110632967090538,0.000122396534072561,0.0058944949858195,0,0.0163066345835066
A3,ARX,I,259,260,1,260,0.96930057134518,0.969183539014268,-0.000117032330911648,0.000117032330911648,1.36965664786136e-08,5.52276664074561e-05,1,0.000635115545793569
A3,ARX,I,259,260,2,261,0.971948124797725,0.971658671719569,-0.000289453078155089,0.000289453078155089,8.37830844534558e-08,0.000139619569226163,1,0.00154334236147452
A3,ARX,I,259,260,3,262,0.9751275473072,0.974722845342423,-0.000404701964777265,0.000404701964777265,1.63783680294579e-07,0.000219818197870456,1,0.00262315656085799
A3,ARX,I,259,260,4,263,0.978820543263547,0.977969086526358,-0.000851456737188783,0.000851456737188783,7.24978575304168e-07,0.00035622958605623,1,0.00383669940129955
A3,ARX,I,259,260,5,264,0.983005693150981,0.98183274218454,-0.0011729509664401,0.0011729509664401,1.37581396967277e-06,0.000495887804305127,1,0.00539798880059633
A3,ARX,I,259,260,6,265,0.987658399378696,0.986040755711784,-0.00161764366691219,0.00161764366691219,2.61677103310113e-06,0.000678369951875189,0.75,0.00695891035047966
A3,ARX,I,259,260,7,266,0.992750843001928,0.990585370816521,-0.00216547218540686,0.00216547218540686,4.68926978577075e-06,0.00089526399596544,0.75,0.00852270222236434
A3,ARX,I,259,260,8,267,0.998251958286305,0.995384272285672,-0.00286768600063336,0.00286768600063336,8.22362299822857e-06,0.00107699843035033,0.75,0.0101658143986988
A3,ARX,I,259,260,9,268,1.00412743211706,1.00096533964352,-0.00316209247354426,0.00316209247354426,9.99882881124528e-06,0.00120421229802909,0.75,0.0117342444026716
A3,ARX,I,259,260,10,269,1.010339735057,1.00672600831216,-0.00361372674483551,0.00361372674483551,1.30590209863395e-05,0.00138016680177818,1,0.0134611975648942
A3,ARX,I,259,260,11,270,1.01684819041315,1.01280249111525,-0.00404569929789855,0.00404569929789855,1.63676828090168e-05,0.00156943188142525,1,0.0156065564729773
A3,ARX,I,259,260,12,271,1.02360908698922,1.01891209057935,-0.00469699640987775,0.00469699640987775,2.20617752744045e-05,0.00182349577120353,1,0.0180899408128701
A3,ARX,I,259,260,13,272,1.03057584029317,1.02552155413873,-0.00505428615443582,0.00505428615443582,2.55458085309216e-05,0.00203284057977201,1,0.0205523529433393
A3,ARX,I,259,260,14,273,1.03769920585862,1.03252416668046,-0.0051750391781622,0.0051750391781622,2.67810304955137e-05,0.0021939901028895,1,0.0227163388634424
A3,ARX,I,266,267,1,267,0.998251958286305,0.998273648257986,2.16899716810603e-05,2.16899716810603e-05,4.704548715252e-10,4.75824249956933e-05,1,0.000675374612586183
A3,ARX,I,266,267,2,268,1.00412743211706,1.00420622338032,7.8791263258271e-05,7.8791263258271e-05,6.20806316583417e-09,0.00010175231721723,1,0.00142139910484862
A3,ARX,I,266,267,3,269,1.010339735057,1.01053434549414,0.000194610437138865,0.000194610437138865,3.787322224338e-08,0.000175067242450044,1,0.00233381324079157
A3,ARX,I,266,267,4,270,1.01684819041315,1.01723547919357,0.000387288780419048,0.000387288780419048,1.49992599438474e-07,0.000254723450483787,1,0.00321418599554402
A3,ARX,I,266,267,5,271,1.02360908698922,1.02424136767199,0.000632280682766773,0.000632280682766773,3.99778861800016e-07,0.000352935116209653,1,0.00426905995914911
A3,ARX,I,266,267,6,272,1.03057584029317,1.03137818628371,0.000802345990541298,0.000802345990541298,6.43759088537696e-07,0.000439749636992696,1,0.00533396963178617
A3,ARX,I,266,267,7,273,1.03769920585862,1.03904653538944,0.00134732953082395,0.00134732953082395,1.81529686463028e-06,0.000581957803869666,1,0.00659654752876893
A3,ARX,I,266,267,8,274,1.04492754705274,1.0466619995331,0.00173445248035176,0.00173445248035176,3.00832540659836e-06,0.00074374917234139,0.75,0.00769087103300109
A3,ARX,I,266,267,9,275,1.05220715831559,1.05474847603748,0.00254131772188271,0.00254131772188271,6.45829576355512e-06,0.0010372634249838,0.75,0.00919153314124393
A3,ARX,I,266,267,10,276,1.05948264324611,1.06295734885418,0.00347470560806906,0.00347470560806906,1.20735790627466e-05,0.00126160990230659,0.75,0.0106863098167124
A3,ARX,I,266,267,11,277,1.06669734536064,1.07133272013886,0.00463537477822462,0.00463537477822462,2.1486699334601e-05,0.00164690064059049,0.75,0.0121671122892576
A3,ARX,I,266,267,12,278,1.0737938277472,1.07962921153731,0.00583538379011239,0.00583538379011239,3.40517039779065e-05,0.00215438443992076,0.5,0.0135273921944591
A3,ARX,I,266,267,13,279,1.0807143962704,1.08810520422924,0.00739080795884584,0.00739080795884584,5.46240422845389e-05,0.00300590021711568,0.5,0.0150053116414072
A3,ARX,I,266,267,14,280,1.08740165949556,1.09691376832461,0.00951210882905129,0.00951210882905129,9.04802143757155e-05,0.00423020864212524,0,0.0166437300010884
A3,ARX,I,273,274,1,274,1.04492754705274,1.0450446640073,0.000117116954559293,0.000117116954559293,1.37163810452435e-08,5.76252522339714e-05,0.75,0.000569787751102779
A3,ARX,I,273,274,2,275,1.05220715831559,1.05271899230044,0.000511833984848442,0.000511833984848442,2.61974028045835e-07,0.000202323380509552,0.75,0.00138334771840565
A3,ARX,I,273,274,3,276,1.05948264324611,1.06053129693428,0.00104865368816864,0.00104865368816864,1.0996745577097e-06,0.000411328530922316,0.5,0.00226684519254788
A3,ARX,I,273,274,4,277,1.06669734536064,1.06870989400146,0.0020125486408169,0.0020125486408169,4.05035203165396e-06,0.000754328846346562,0.5,0.00332167496486807
A3,ARX,I,273,274,5,278,1.0737938277472,1.07680660029619,0.00301277254898324,0.00301277254898324,9.076798431907e-06,0.00122099074350425,0.25,0.004426196203274
A3,ARX,I,273,274,6,279,1.0807143962704,1.08496639074784,0.00425199447743885,0.00425199447743885,1.80794570361705e-05,0.00188341875340208,0,0.00575041099119683
A3,ARX,I,273,274,7,280,1.08740165949556,1.09339412637637,0.00599246688080801,0.00599246688080801,3.59096593175809e-05,0.00287858703561655,0,0.00727082863263923
A3,ARX,I,273,274,8,281,1.0937991171432,1.10156507946515,0.00776596232194837,0.00776596232194837,6.03101707859218e-05,0.00427534673060645,0,0.00873767017376292
A3,ARX,I,273,274,9,282,1.09985176769963,1.10956996558509,0.00971819788546235,0.00971819788546235,9.4443370141005e-05,0.00615611477594223,0,0.0101183700304931
A3,ARX,I,273,274,10,283,1.10550672483641,1.11787952287128,0.0123727980348738,0.0123727980348738,0.000153086131211777,0.00850848815978913,0,0.0116975159869653
A3,ARX,I,273,274,11,284,1.1107138315643,1.12641032744562,0.0156964958813202,0.0156964958813202,0.000246379982952301,0.0111015060518697,0,0.0136345816357871
A3,ARX,I,273,274,12,285,1.11542626059344,1.13466866145211,0.0192424008586713,0.0192424008586713,0.000370269990805796,0.0139390587816001,0,0.0156044579372959
A3,ARX,I,273,274,13,286,1.11960108921043,1.14269082008594,0.0230897308755056,0.0230897308755056,0.000533135671903276,0.0172356085459831,0,0.0177903953788721
A3,ARX,I,273,274,14,287,1.12319983712558,1.15074301943509,0.0275431823095116,0.0275431823095116,0.000758626891734992,0.0208993259205692,0,0.0201885288215778
A3,ARX,I,280,281,1,281,1.0937991171432,1.09418414902225,0.000385031879052145,0.000385031879052145,1.48249547886425e-07,0.000143983284677886,0.5,0.00069216255892729
A3,ARX,I,280,281,2,282,1.09985176769963,1.10090234324904,0.00105057554940902,0.00105057554940902,1.10370898501606e-06,0.000458195498914266,0.5,0.001603717683268
A3,ARX,I,280,281,3,283,1.10550672483641,1.10751496329321,0.00200823845680098,0.00200823845680098,4.03302169937439e-06,0.0010512683486691,0,0.00270453156670603
A3,ARX,I,280,281,4,284,1.1107138315643,1.11385916151254,0.00314532994824335,0.00314532994824335,9.8931004833165e-06,0.0020413919103437,0,0.00367450012841813
A3,ARX,I,280,281,5,285,1.11542626059344,1.1204024271262,0.00497616653275745,0.00497616653275745,2.47622333617353e-05,0.00330196214363338,0,0.00516588805651585
A3,ARX,I,280,281,6,286,1.11960108921043,1.12640901082421,0.00680792161377619,0.00680792161377619,4.6347796699321e-05,0.0048958197543205,0,0.00670431672316674
A3,ARX,I,280,281,7,287,1.12319983712558,1.13252466110535,0.00932482397977386,0.00932482397977386,8.69523422537655e-05,0.00674662353715545,0,0.00845861947854776
A3,ARX,I,280,281,8,288,1.12618895619148,1.13852417364353,0.0123352174520537,0.0123352174520537,0.00015215758958945,0.00892467486943292,0,0.0102952349132842
A3,ARX,I,280,281,9,289,1.1285402616402,1.14438312305075,0.0158428614105526,0.0158428614105526,0.000250996257673976,0.011429833670889,0,0.0121139879374275
A3,ARX,I,280,281,10,290,1.13023129551364,1.15042265604186,0.020191360528218,0.020191360528218,0.000407691039980481,0.0145692570482009,0,0.013881181917924
A3,ARX,I,280,281,11,291,1.13124561424507,1.15605676014051,0.0248111458954339,0.0248111458954339,0.000615592960644505,0.0181578861870279,0,0.0156944101715234
A3,ARX,I,280,281,12,292,1.13157299385586,1.16144868680874,0.0298756929528803,0.0298756929528803,0.000892557029414781,0.0222609986535059,0,0.0173865170844786
A3,ARX,I,280,281,13,293,1.13120954791971,1.16644106747533,0.0352315195556219,0.0352315195556219,0.00124125997019817,0.0267773703220667,0,0.0193398790655946
A3,ARX,I,280,281,14,294,1.13015775527156,1.17057449078655,0.0404167355149916,0.0404167355149916,0.00163351250968878,0.031471479416294,0,0.0215944410507923
A3,ARX,I,287,288,1,288,1.12618895619148,1.12660587124852,0.000416915057043887,0.000416915057043887,1.73818164789908e-07,0.000163464437712574,0.5,0.00068696661798695
A3,ARX,I,287,288,2,289,1.1285402616402,1.1299135987805,0.0013733371403053,0.0013733371403053,1.88605490094193e-06,0.000674213684970544,0,0.0014831227711487
A3,ARX,I,287,288,3,290,1.13023129551364,1.13300232911836,0.00277103360472175,0.00277103360472175,7.67862723849722e-06,0.0016457576201205,0,0.0025812512516411
A3,ARX,I,287,288,4,291,1.13124561424507,1.13581296584525,0.00456735160017252,0.00456735160017252,2.08607006395985e-05,0.00292893700130472,0,0.00380218696376849
A3,ARX,I,287,288,5,292,1.13157299385586,1.13848549279476,0.0069124989389,0.0069124989389,4.77826415802937e-05,0.00453170324193885,0,0.00537709012793525
A3,ARX,I,287,288,6,293,1.13120954791971,1.14073577774825,0.0095262298285439,0.0095262298285439,9.07490547462395e-05,0.0065622089337879,0,0.00702532146221285
A3,ARX,I,287,288,7,294,1.13015775527156,1.1431756951861,0.0130179399145383,0.0130179399145383,0.000169466759618528,0.00917663380731714,0,0.00882989280008611
A3,ARX,I,287,288,8,295,1.12842639634863,1.14508986260888,0.0166634662602569,0.0166634662602569,0.000277671107806722,0.0123115538600695,0,0.0104990270762064
A3,ARX,I,287,288,9,296,1.12603039899524,1.14679892062963,0.020768521634394,0.020768521634394,0.000431331490878293,0.0157858260326285,0,0.0124316231974174
A3,ARX,I,287,288,10,297,1.1229905964864,1.14854125576904,0.0255506592826462,0.0255506592826462,0.000652836189777875,0.0197311040206841,0,0.0144427866675627
A3,ARX,I,287,288,11,298,1.11933340237515,1.14995061829112,0.0306172159159701,0.0306172159159701,0.000937413910445133,0.0239854521168163,0,0.0168953289461629
A3,ARX,I,287,288,12,299,1.11509040849581,1.1508032754305,0.0357128669346889,0.0357128669346889,0.0012754088646948,0.0286007687364408,0,0.0190967268286253
A3,ARX,I,287,288,13,300,1.11029791401258,1.15157480816519,0.0412768941526087,0.0412768941526087,0.00170378199088566,0.0336811993055979,0,0.0209748142748835
A3,ARX,I,287,288,14,301,1.10499639475119,1.1523134413292,0.0473170465780042,0.0473170465780042,0.00223890289686502,0.0390331354780366,0,0.0230167751031008
A3,ARX,I,294,295,1,295,1.12842639634863,1.12885718527132,0.000430788922689773,0.000430788922689773,1.85579095912215e-07,0.000169427376696639,0.5,0.000800379850808552
A3,ARX,I,294,295,2,296,1.12603039899524,1.12735500177135,0.00132460277611268,0.00132460277611268,1.75457251448542e-06,0.000662585070320486,0,0.00170579587052572
A3,ARX,I,294,295,3,297,1.1229905964864,1.1256546462792,0.00266404979279811,0.00266404979279811,7.09716129850763e-06,0.00155861052087613,0,0.00284722368877016
A3,ARX,I,294,295,4,298,1.11933340237515,1.12385255505363,0.00451915267847625,0.00451915267847625,2.0422740931379e-05,0.00258523886803307,0,0.0045774952323886
A3,ARX,I,294,295,5,299,1.11509040849581,1.12183283021182,0.00674242171600792,0.00674242171600792,4.54602505964952e-05,0.00396026886115067,0,0.00625832375762925
A3,ARX,I,294,295,6,300,1.11029791401258,1.11954157323269,0.00924365922011106,0.00924365922011106,8.54452357775441e-05,0.00579621782489359,0,0.00807646399229311
A3,ARX,I,294,295,7,301,1.10499639475119,1.11736631667014,0.0123699219189475,0.0123699219189475,0.000153014968280857,0.0080763389042694,0,0.00987548145762546
A3,ARX,I,294,295,8,302,1.09922992315667,1.11480911837194,0.0155791952152702,0.0155791952152702,0.000242711323555497,0.0106740640262603,0,0.0118507451555592
A3,ARX,I,294,295,9,303,1.09304555005715,1.11233155454192,0.0192860044847656,0.0192860044847656,0.000371949968986398,0.0137787728181848,0,0.0135302102413229
A3,ARX,I,294,295,10,304,1.08649265996593,1.1100808468397,0.0235881868737688,0.0235881868737688,0.000556402559991841,0.0171052409853978,0,0.0152457708709474
A3,ARX,I,294,295,11,305,1.07962231191225,1.1077258344848,0.0281035225725454,0.0281035225725454,0.000789807980985571,0.0206576008741684,0,0.016864247745672
A3,ARX,I,294,295,12,306,1.07248657775835,1.10523809166286,0.0327515139045107,0.0327515139045107,0.00107266166303736,0.0244361690963087,0,0.0186401573116009
A3,ARX,I,294,295,13,307,1.06513788964348,1.10239650402176,0.0372586143782834,0.0372586143782834,0.00138820434538962,0.0285334904708412,0,0.0204117654117792
A3,ARX,I,294,295,14,308,1.05762840761481,1.09955347499879,0.0419250673839815,0.0419250673839815,0.00175771127515139,0.0329654918013148,0,0.0217974338926793
A3,ARX,I,301,302,1,302,1.09922992315667,1.09963741221419,0.000407489057521415,0.000407489057521415,1.66047331999691e-07,0.000156699757812863,0.75,0.000797200881128446
A3,ARX,I,301,302,2,303,1.09304555005715,1.09433435973914,0.00128880968198697,0.00128880968198697,1.66103039638335e-06,0.000516609862131338,0.25,0.00161878696164569
A3,ARX,I,301,302,3,304,1.08649265996593,1.08898025740473,0.00248759743879901,0.00248759743879901,6.18814101751937e-06,0.00115829747753869,0,0.00263258362608221
A3,ARX,I,301,302,4,305,1.07962231191225,1.08367420126049,0.0040518893482373,0.0040518893482373,1.64178072903589e-05,0.00213580953636318,0,0.0037649938877336
A3,ARX,I,301,302,5,306,1.07248657775835,1.07837251183145,0.00588593407310478,0.00588593407310478,3.46442199129358e-05,0.00338590945337349,0,0.00514011817786147
A3,ARX,I,301,302,6,307,1.06513788964348,1.07329843548403,0.00816054584055315,0.00816054584055315,6.65945084157692e-05,0.00482538075203905,0,0.00666783469364918
A3,ARX,I,301,302,7,308,1.05762840761481,1.06824379303839,0.0106153854235727,0.0106153854235727,0.000112686407690999,0.00668081519702595,0,0.0081276177299649
A3,ARX,I,301,302,8,309,1.050009417683,1.06339642410541,0.0133870064224126,0.0133870064224126,0.000179211940953717,0.0086985977672802,0,0.00958326292722977
A3,ARX,I,301,302,9,310,1.0423307695096,1.05897209761239,0.0166413281027904,0.0166413281027904,0.000276933801024721,0.0108466973505617,0,0.0111965607459967
A3,ARX,I,301,302,10,311,1.034640361729,1.05412172036791,0.0194813586389162,0.0194813586389162,0.000379523334418075,0.0131887520449609,0,0.0128656164238978
A3,ARX,I,301,302,11,312,1.02698368156921,1.04994091355393,0.0229572319847213,0.0229572319847213,0.000527034500400312,0.0158202260975249,0,0.0144627843968388
A3,ARX,I,301,302,12,313,1.01940340400532,1.04571554986618,0.0263121458608602,0.0263121458608602,0.000692329019803181,0.0186184371732346,0,0.0159764985933808
A3,ARX,I,301,302,13,314,1.01193905419829,1.04164759116857,0.029708536970283,0.029708536970283,0.00088259716891467,0.0215687723804887,0,0.01777158931298
A3,ARX,I,301,302,14,315,1.00462673548266,1.03787185382729,0.033245118344621,0.033245118344621,0.00110523789374785,0.0245335131257524,0,0.0196062870433367
A3,ARX,I,308,309,1,309,1.050009417683,1.05030011525617,0.000290697573174015,0.000290697573174015,8.45050790492616e-08,8.66152066145043e-05,0.75,0.000703282365998037
A3,ARX,I,308,309,2,310,1.0423307695096,1.04304358510783,0.000712815598230998,0.000712815598230998,5.08106077081416e-07,0.000252921100198341,0.75,0.00160951348655186
A3,ARX,I,308,309,3,311,1.034640361729,1.03590845337298,0.00126809164398578,0.00126809164398578,1.60805641754656e-06,0.000466779916847435,0.75,0.00274564024664953
A3,ARX,I,308,309,4,312,1.02698368156921,1.02910716975753,0.00212348818831876,0.00212348818831876,4.50920208592927e-06,0.000842142048069156,0.5,0.0038886662272315
A3,ARX,I,308,309,5,313,1.01940340400532,1.02249652475146,0.00309312074613932,0.00309312074613932,9.56739595019747e-06,0.00141909326132859,0,0.00493747954438362
A3,ARX,I,308,309,6,314,1.01193905419829,1.01640429094042,0.00446523674213517,0.00446523674213517,1.99383391633139e-05,0.00214492257653707,0,0.00639740077486561
A3,ARX,I,308,309,7,315,1.00462673548266,1.01050529984808,0.00587856436541245,0.00587856436541245,3.45575189982971e-05,0.00296215165428875,0,0.00792186247381454
A3,ARX,I,308,309,8,316,0.99749892370806,1.00483528879646,0.00733636508839919,0.00733636508839919,5.38222527102824e-05,0.00373156558790143,0,0.00988701655950555
A3,ARX,I,308,309,9,317,0.99058432734832,0.999524946468593,0.00894061912027322,0.00894061912027322,7.99346702537951e-05,0.00486208939998849,0,0.0115516406883017
A3,ARX,I,308,309,10,318,0.983907811500708,0.994418101017527,0.0105102895168185,0.0105102895168185,0.000110466185727346,0.00603522753535823,0,0.0131097105477093
A3,ARX,I,308,309,11,319,0.977490382733049,0.990100964477493,0.0126105817444431,0.0126105817444431,0.000159026771933281,0.00739619283210658,0,0.0148533036221226
A3,ARX,I,308,309,12,320,0.971349230721131,0.986176992432668,0.0148277617115372,0.0148277617115372,0.000219862517374129,0.00893327895506527,0,0.0163557843332679
A3,ARX,I,308,309,13,321,0.965497821768109,0.982861167210254,0.0173633454421455,0.0173633454421455,0.000301485764943274,0.0107213998440412,0,0.017615253085588
A3,ARX,I,308,309,14,322,0.959946038622275,0.980026310516438,0.0200802718941623,0.0200802718941623,0.000403217319343484,0.0126424690428607,0,0.019038889368963
A3,ARX,I,315,316,1,316,0.99749892370806,0.997753962406058,0.0002550386979977,0.0002550386979977,6.50447374763622e-08,8.19248161324048e-05,0.75,0.000706280483806332
A3,ARX,I,315,316,2,317,0.99058432734832,0.991137298345314,0.000552970996994251,0.000552970996994251,3.05776923516816e-07,0.000218888864888287,0.75,0.00164371505365624
A3,ARX,I,315,316,3,318,0.983907811500708,0.984947499595584,0.00103968809487553,0.00103968809487553,1.08095133462592e-06,0.000382939078801159,0.75,0.00271024936706427
A3,ARX,I,315,316,4,319,0.977490382733049,0.979352103585075,0.00186172085202585,0.00186172085202585,3.46600453086786e-06,0.000654107194909975,0.75,0.00382435471016368
A3,ARX,I,315,316,5,320,0.971349230721131,0.974088599038488,0.00273936831735655,0.00273936831735655,7.50413877813685e-06,0.00108774454799967,0.5,0.00501938101136365
A3,ARX,I,315,316,6,321,0.965497821768109,0.969280128609177,0.00378230684106851,0.00378230684106851,1.43058450399936e-05,0.0015751093974662,0.5,0.00660828396713403
A3,ARX,I,315,316,7,322,0.959946038622275,0.965070618908202,0.00512458028592666,0.00512458028592666,2.62613231069082e-05,0.00219696031388065,0.25,0.0081633369128046
A3,ARX,I,315,316,8,323,0.954700360513806,0.9611123403571,0.006411979843294,0.006411979843294,4.11134855108086e-05,0.00294263444695423,0.25,0.00963331357993272
A3,ARX,I,315,316,9,324,0.949764077013851,0.957820292407116,0.00805621539326484,0.00805621539326484,6.49026064626774e-05,0.00386664255039485,0.25,0.0112556570182082
A3,ARX,I,315,316,10,325,0.94513752917449,0.955127937250706,0.00999040807621632,0.00999040807621632,9.98082535293282e-05,0.00492601431915191,0.25,0.0129125312662912
A3,ARX,I,315,316,11,326,0.940818371425053,0.952621304267659,0.0118029328426063,0.0118029328426063,0.000139309223687073,0.00632591287159534,0,0.0143639808781664
A3,ARX,I,315,316,12,327,0.936801847864763,0.951080786030146,0.0142789381653836,0.0142789381653836,0.000203888075130849,0.00799064819896657,0,0.0155683752966213
A3,ARX,I,315,316,13,328,0.93308107688634,0.949730915570756,0.0166498386844161,0.0166498386844161,0.000277217128217077,0.00991124733833235,0,0.0169116309473992
A3,ARX,I,315,316,14,329,0.929647338470724,0.94874994077969,0.019102602308966,0.019102602308966,0.000364909414974513,0.0121692536933975,0,0.0182768580983487
A3,ARX,I,322,323,1,323,0.954700360513806,0.954935303826591,0.000234943312784397,0.000234943312784397,5.5198360222107e-08,7.58646381326605e-05,0.75,0.000512156648255352
A3,ARX,I,322,323,2,324,0.949764077013851,0.950408697220131,0.000644620206279756,0.000644620206279756,4.15535210344155e-07,0.000270087134838027,0.5,0.0012450125114139
A3,ARX,I,322,323,3,325,0.94513752917449,0.94639869212796,0.00126116295347034,0.00126116295347034,1.59053199520603e-06,0.000483682636111316,0.5,0.00225316602926529
A3,ARX,I,322,323,4,326,0.940818371425053,0.942799929744387,0.00198155831933389,0.00198155831933389,3.92657337292134e-06,0.000753313245028491,0.5,0.00348917634263846
A3,ARX,I,322,323,5,327,0.936801847864763,0.93975921709571,0.00295736923094692,0.00295736923094692,8.74603276815155e-06,0.00115265005512126,0.5,0.00481646489894999
A3,ARX,I,322,323,6,328,0.93308107688634,0.937301120995232,0.00422004410889165,0.00422004410889165,1.78087722809911e-05,0.00172184040452673,0.25,0.00631476574840831
A3,ARX,I,322,323,7,329,0.929647338470724,0.935451588813843,0.00580425034311893,0.00580425034311893,3.36893220455963e-05,0.00253595094075734,0.25,0.00784894191420726
A3,ARX,I,322,323,8,330,0.926490358988501,0.934346875480605,0.00785651649210417,0.00785651649210417,6.17248513907048e-05,0.00359652198374526,0,0.0092775874403089
A3,ARX,I,322,323,9,331,0.92359858890775,0.933638292156897,0.010039703249147,0.010039703249147,0.000100795641330934,0.00499010369051484,0,0.0109521061152727
A3,ARX,I,322,323,10,332,0.920959469419515,0.933641500403739,0.0126820309842232,0.0126820309842232,0.000160833909884796,0.00679568067292728,0,0.012457134904075
A3,ARX,I,322,323,11,333,0.918559684630593,0.934138530953501,0.0155788463229081,0.0155788463229081,0.000242700452752786,0.00888944594651705,0,0.0140165328700183
A3,ARX,I,322,323,12,334,0.916385396619701,0.935125698233505,0.0187403016138039,0.0187403016138039,0.000351198904576342,0.0113060035850444,0,0.0156710097163236
A3,ARX,I,322,323,13,335,0.914422461290127,0.936477346990515,0.0220548857003873,0.0220548857003873,0.000486417983257147,0.0140241057295746,0,0.0174191502481102
A3,ARX,I,322,323,14,336,0.912656623564436,0.937770904417167,0.0251142808527305,0.0251142808527305,0.000630727102749825,0.017005365423896,0,0.019241732228549
A3,ARX,I,329,330,1,330,0.926490358988501,0.926719737585294,0.00022937859679395,0.00022937859679395,5.26145406671614e-08,9.04988712308578e-05,0.75,0.000618292018230437
A3,ARX,I,329,330,2,331,0.92359858890775,0.924406777929538,0.000808189021788142,0.000808189021788142,6.53169494938873e-07,0.000325454995442905,0.5,0.00135792596755055
A3,ARX,I,329,330,3,332,0.920959469419515,0.922492467907473,0.00153299848795807,0.00153299848795807,2.35008436408173e-06,0.000720007986908982,0,0.00218114086794244
A3,ARX,I,329,330,4,333,0.918559684630593,0.921133537283193,0.00257385265260002,0.00257385265260002,6.62471747729614e-06,0.00147523585955154,0,0.00316151942349358
A3,ARX,I,329,330,5,334,0.916385396619701,0.920439255080955,0.00405385846125417,0.00405385846125417,1.6433768423882e-05,0.00259635276428652,0,0.00423032422973499
A3,ARX,I,329,330,6,335,0.914422461290127,0.920314869292258,0.00589240800213087,0.00589240800213087,3.47204720635759e-05,0.0040071508777144,0,0.00528181469825803
A3,ARX,I,329,330,7,336,0.912656623564436,0.920635508911642,0.00797888534720514,0.00797888534720514,6.3662611383845e-05,0.00568144937642901,0,0.00644033599661198
A3,ARX,I,329,330,8,337,0.91107369104209,0.92139472694882,0.0103210359067292,0.0103210359067292,0.000106523782187993,0.00767256528596727,0,0.00761475296250594
A3,ARX,I,329,330,9,338,0.909659685768577,0.922577711054769,0.012918025286192,0.012918025286192,0.000166875377294696,0.00999261915514495,0,0.00889242744149507
A3,ARX,I,329,330,10,339,0.90840097423717,0.924830290618076,0.0164293163809061,0.0164293163809061,0.000269922436743908,0.0127834663257026,0,0.010242929915194
A3,ARX,I,329,330,11,340,0.907284376156499,0.927514520512013,0.0202301443555135,0.0202301443555135,0.000409258740644915,0.0159368964582025,0,0.011660485181742
A3,ARX,I,329,330,12,341,0.906297252865797,0.930701989127347,0.0244047362615497,0.0244047362615497,0.000595591151995799,0.0194288269448228,0,0.0132727874032412
A3,ARX,I,329,330,13,342,0.905427576564174,0.934402173825839,0.0289745972616654,0.0289745972616654,0.000839527286475708,0.0233530926602486,0,0.0146954234691102
A3,ARX,I,329,330,14,343,0.904663981741778,0.938989040820316,0.0343250590785382,0.0343250590785382,0.00117820968074514,0.0278265253279541,0,0.0161372242959306
A3,ARX,I,336,337,1,337,0.91107369104209,0.911361926471366,0.000288235429275918,0.000288235429275918,8.30796626898728e-08,0.00011623390765574,0.75,0.00067301280187132
A3,ARX,I,336,337,2,338,0.909659685768577,0.910687194082188,0.00102750831361098,0.00102750831361098,1.05577333453968e-06,0.000486739009111845,0.25,0.00153027907773551
A3,ARX,I,336,337,3,339,0.90840097423717,0.910653489112282,0.00225251487511191,0.00225251487511191,5.07382326260043e-06,0.00118801382858547,0.25,0.00263730700857423
A3,ARX,I,336,337,4,340,0.907284376156499,0.911295271289879,0.00401089513337993,0.00401089513337993,1.60872797709708e-05,0.00228444152432723,0,0.0036053117260931
A3,ARX,I,336,337,5,341,0.906297252865797,0.912282088037461,0.00598483517166404,0.00598483517166404,3.58182520319869e-05,0.00376695298710719,0,0.00467517672374265
A3,ARX,I,336,337,6,342,0.905427576564174,0.913633426352839,0.00820584978866445,0.00820584978866445,6.73359707541245e-05,0.00557954495094981,0,0.00573126479507957
A3,ARX,I,336,337,7,343,0.904663981741778,0.915475098161987,0.0108111164202093,0.0108111164202093,0.000116880238251318,0.00768935536099337,0,0.00708893201183786
A3,ARX,I,336,337,8,344,0.9039958003618,0.917988371199145,0.013992570837345,0.013992570837345,0.000195792038638116,0.0101343541325068,0,0.00859907464819196
A3,ARX,I,336,337,9,345,0.903413082447181,0.921217726397126,0.0178046439499451,0.0178046439499451,0.000317005346184316,0.013180269601205,0,0.0100954911258231
A3,ARX,I,336,337,10,346,0.902906603779488,0.924857581569721,0.0219509777902327,0.0219509777902327,0.000481845425947289,0.0165538144089439,0,0.0120585890946533
A3,ARX,I,336,337,11,347,0.902467862425672,0.929002468930251,0.0265346065045785,0.0265346065045785,0.00070408534235282,0.0204041352236741,0,0.0139475833223297
A3,ARX,I,336,337,12,348,0.902089065777401,0.933462518773403,0.0313734529960021,0.0313734529960021,0.000984293552892356,0.0246369088925729,0,0.0157769749635508
A3,ARX,I,336,337,13,349,0.901763109723909,0.938278707517668,0.036515597793759,0.036515597793759,0.00133338888223558,0.0293048945932725,0,0.0175735969448491
A3,ARX,I,336,337,14,350,0.901483551489164,0.94315035438661,0.0416668028974461,0.0416668028974461,0.00173612246369462,0.0342479175901898,0,0.0194022740870465
A3,ARX,I,343,344,1,344,0.9039958003618,0.904424476233584,0.000428675871783302,0.000428675871783302,1.83763003049174e-07,0.000240264480119274,0,0.00059259647039181
A3,ARX,I,343,344,2,345,0.903413082447181,0.904793965206317,0.00138088275913617,0.00138088275913617,1.90683719447952e-06,0.000905792019800081,0,0.00132363254355722
A3,ARX,I,343,344,3,346,0.902906603779488,0.905742437462637,0.00283583368314899,0.00283583368314899,8.04195267848238e-06,0.00193605596811414,0,0.00227897919570152
A3,ARX,I,343,344,4,347,0.902467862425672,0.907157647085673,0.00468978466000014,0.00468978466000014,2.19940801571726e-05,0.00349357039948567,0,0.00317489220729247
A3,ARX,I,343,344,5,348,0.902089065777401,0.909045983574617,0.00695691779721563,0.00695691779721563,4.83987052372156e-05,0.00531035563365489,0,0.00433897872148423
A3,ARX,I,343,344,6,349,0.901763109723909,0.911503106285509,0.00973999656160085,0.00973999656160085,9.48675330199964e-05,0.00762350610761838,0,0.00557928490524653
A3,ARX,I,343,344,7,350,0.901483551489164,0.914420059803925,0.0129365083147609,0.0129365083147609,0.000167353247377878,0.0102605533889625,0,0.00706388844462494
A3,ARX,I,343,344,8,351,0.901244577553815,0.917489253875177,0.0162446763213625,0.0162446763213625,0.000263889508785836,0.0133152862454107,0,0.00866358343775189
A3,ARX,I,343,344,9,352,0.901040967957625,0.92124442817118,0.0202034602135553,0.0202034602135553,0.000408179804600714,0.0166683946603294,0,0.0103727907439252
A3,ARX,I,343,344,10,353,0.90086805814432,0.925451586596348,0.0245835284520275,0.0245835284520275,0.000604349871151645,0.020398841792397,0,0.012011841617896
A3,ARX,I,343,344,11,354,0.900721699372573,0.930300662287301,0.0295789629147274,0.0295789629147274,0.000874915047110818,0.0245734787315935,0,0.0136697367765088
A3,ARX,I,343,344,12,355,0.900598218578461,0.935589185098196,0.0349909665197344,0.0349909665197344,0.00122436773798518,0.0290920148141073,0,0.0155052946541003
A3,ARX,I,343,344,13,356,0.900494378439519,0.94091355938842,0.0404191809489012,0.0404191809489012,0.00163371018858002,0.0341101730107383,0,0.0173570868214621
A3,ARX,I,343,344,14,357,0.900407338261319,0.946924313809234,0.0465169755479149,0.0465169755479149,0.00216382901412531,0.0393994699312647,0,0.0192395380343346
A3,ARX,I,350,351,1,351,0.901244577553815,0.90160331358219,0.000358736028375439,0.000358736028375439,1.28691538054584e-07,0.000153342572564605,0,0.000589473397768409
A3,ARX,I,350,351,2,352,0.901040967957625,0.902258188788468,0.00121722083084286,0.00121722083084286,1.48162655103778e-06,0.000741655961800968,0,0.0012683382652596
A3,ARX,I,350,351,3,353,0.90086805814432,0.903336693841629,0.00246863569730871,0.00246863569730871,6.09416220602685e-06,0.00162641170765338,0,0.00214455771310604
A3,ARX,I,350,351,4,354,0.900721699372573,0.904948916963198,0.00422721759062505,0.00422721759062505,1.78693685584899e-05,0.00294239812466752,0,0.00311900297059547
A3,ARX,I,350,351,5,355,0.900598218578461,0.906982196548527,0.00638397797006529,0.00638397797006529,4.0755174722279e-05,0.0044619445554535,0,0.00454653357191176
A3,ARX,I,350,351,6,356,0.900494378439519,0.909480434312746,0.00898605587322732,0.00898605587322732,8.07492001567631e-05,0.00630756032750738,0,0.00624106832950547
A3,ARX,I,350,351,7,357,0.900407338261319,0.912393919378339,0.0119865811170201,0.0119865811170201,0.000143678126874903,0.00859460393859262,0,0.00802511117652424
A3,ARX,I,350,351,8,358,0.900334616186493,0.915672427501638,0.0153378113151451,0.0153378113151451,0.000235248455938993,0.0111447357439662,0,0.00996057808803613
A3,ARX,I,350,351,9,359,0.900274053114855,0.919613973084552,0.0193399199696966,0.0193399199696966,0.000374032504434271,0.0142866753552092,0,0.0118680937143759
A3,ARX,I,350,351,10,360,0.90022377862286,0.924010970365041,0.0237871917421806,0.0237871917421806,0.000565830490979264,0.0177864459206663,0,0.0137816513830619
A3,ARX,I,350,351,11,361,0.900182179081543,0.928575535157827,0.0283933560762838,0.0283933560762838,0.000806182669274642,0.0218411572669387,0,0.0155888661233541
A3,ARX,I,350,351,12,362,0.900147868094621,0.933591141809904,0.0334432737152828,0.0334432737152828,0.00111845255679532,0.0261076332172508,0,0.0175234958217698
A3,ARX,I,350,351,13,363,0.900119659312237,0.939013154129142,0.0388934948169054,0.0388934948169054,0.00151270393907265,0.0307286061934017,0,0.0195791686749962
A3,ARX,I,350,351,14,364,0.900096541620639,0.944838311796128,0.044741770175489,0.044741770175489,0.00200182599843627,0.0357722463338854,0,0.0215761150031677
A3,AR,None,49,50,1,50,1.02203144736961,1.02181310457891,-0.000218342790704984,0.000218342790704984,4.76735742528404e-08,6.30633826910236e-05,1,0.000437171217785637
A3,AR,None,49,50,2,51,1.03056016698516,1.02986933862624,-0.000690828358916207,0.000690828358916207,4.77243821482859e-07,0.000226905084863766,0.5,0.00115345200308298
A3,AR,None,49,50,3,52,1.03926620533134,1.03802274697904,-0.00124345835230444,0.00124345835230444,1.54618867391567e-06,0.000496941202051236,0.25,0.00199703156718817
A3,AR,None,49,50,4,53,1.04810745240317,1.04610205559223,-0.00200539681093193,0.00200539681093193,4.02161636929594e-06,0.000847244591434961,0.25,0.00298367444094855
A3,AR,None,49,50,5,54,1.0570378069064,1.05402474369332,-0.00301306321307115,0.00301306321307115,9.07854992596267e-06,0.001412562314539,0,0.00392965656557476
A3,AR,None,49,50,6,55,1.06600749345699,1.06184588123454,-0.00416161222244948,0.00416161222244948,1.73190162900409e-05,0.00203650085191994,0,0.00479939956187092
A3,AR,None,49,50,7,56,1.0749634562186,1.06966332007356,-0.00530013614503377,0.00530013614503377,2.80914431558935e-05,0.00257016390409328,0,0.00594455092739715
A3,AR,None,49,50,8,57,1.08384982633508,1.07761852459622,-0.00623130173885933,0.00623130173885933,3.88291213607113e-05,0.00326117218828975,0,0.00706030220861426
A3,AR,None,49,50,9,58,1.09260845877722,1.08531400995659,-0.0072944488206268,0.0072944488206268,5.32089835967437e-05,0.00399104298517639,0,0.00807663780250656
A3,AR,None,49,50,10,59,1.10117953249487,1.09275418143376,-0.00842535106111097,0.00842535106111097,7.09865405029638e-05,0.00461963091094027,0,0.00926276824823274
A3,AR,None,49,50,11,60,1.10950220609657,1.10036434055763,-0.00913786553893714,0.00913786553893714,8.3500586607695e-05,0.00493069176829914,0,0.0106809358997094
A3,AR,None,49,50,12,61,1.11751531971669,1.10803741447326,-0.0094779052434335,0.0094779052434335,8.98306878035043e-05,0.00498498973633942,0,0.0120666024304572
A3,AR,None,49,50,13,62,1.12515813232472,1.11559449786045,-0.00956363446427422,0.00956363446427422,9.14631041662536e-05,0.00477828327858803,0,0.0134887289531501
A3,AR,None,49,50,14,63,1.13237108252788,1.12324268447563,-0.00912839805225252,0.00912839805225252,8.33276510003676e-05,0.00423539665627013,0,0.0149503213731681
A3,AR,None,56,57,1,57,1.08384982633508,1.08370467965515,-0.000145146679938035,0.000145146679938035,2.10675586970344e-08,6.54035712350799e-05,1,0.000561070163615784
A3,AR,None,56,57,2,58,1.09260845877722,1.09240832437981,-0.000200134397413176,0.000200134397413176,4.00537770279352e-08,0.000137406658777655,1,0.00147389264558312
A3,AR,None,56,57,3,59,1.10117953249487,1.10074565823373,-0.000433874261136724,0.000433874261136724,1.88246874476938e-07,0.000244565960155816,1,0.00250915825272185
A3,AR,None,56,57,4,60,1.10950220609657,1.10884806587532,-0.000654140221253208,0.000654140221253208,4.27899429061196e-07,0.000355412688477243,1,0.00381954485467956
A3,AR,None,56,57,5,61,1.11751531971669,1.11643828189894,-0.00107703781774982,0.00107703781774982,1.16001046086328e-06,0.000484865205933091,1,0.0050310569557856
A3,AR,None,56,57,6,62,1.12515813232472,1.12382763867586,-0.00133049364886184,0.00133049364886184,1.7702133496617e-06,0.000618641204703359,1,0.00639508656271442
A3,AR,None,56,57,7,63,1.13237108252788,1.13092030859826,-0.00145077392961723,0.00145077392961723,2.10474499485703e-06,0.000728105932984276,1,0.00783945747835191
A3,AR,None,56,57,8,64,1.13909655995878,1.13741469326705,-0.00168186669172865,0.00168186669172865,2.82867556874628e-06,0.000849861705255455,1,0.00941433646215495
A3,AR,None,56,57,9,65,1.14527967366082,1.14370617111088,-0.0015735025499477,0.0015735025499477,2.47591027469192e-06,0.000970886841954332,1,0.0111103556386977
A3,AR,None,56,57,10,66,1.15086900351395,1.14997379825108,-0.000895205262866572,0.000895205262866572,8.01392462664008e-07,0.00102533738733806,1,0.0127814471118832
A3,AR,None,56,57,11,67,1.15581732070296,1.15550969514356,-0.000307625559400337,0.000307625559400337,9.46334847963705e-08,0.00109174930773354,1,0.0143955970633362
A3,AR,None,56,57,12,68,1.1600822635315,1.16010968140719,2.74178756867194e-05,2.74178756867194e-05,7.51739907172398e-10,0.0011701068862062,1,0.0159136297790912
A3,AR,None,56,57,13,69,1.16362695552714,1.16441200065795,0.000785045130812234,0.000785045130812234,6.16295857411998e-07,0.00136819922926302,1,0.0176075562271308
A3,AR,None,56,57,14,70,1.16642055375831,1.16832800418598,0.00190745042767415,0.00190745042767415,3.6383671340343e-06,0.00158723081977328,1,0.0192725165624638
A3,AR,None,63,64,1,64,1.13909655995878,1.13913715551975,4.05955609772413e-05,4.05955609772413e-05,1.64799957105691e-09,5.94387448722607e-05,1,0.000623284696046944
A3,AR,None,63,64,2,65,1.14527967366082,1.14556731746087,0.000287643800046755,0.000287643800046755,8.27389557053377e-08,0.000142977516830194,1,0.0015111020818484
A3,AR,None,63,64,3,66,1.15086900351395,1.1514092396326,0.00054023611865639,0.00054023611865639,2.91855063900921e-07,0.000248022788067098,1,0.00269327832804389
A3,AR,None,63,64,4,67,1.15581732070296,1.15712578073567,0.00130846003271201,0.00130846003271201,1.71206765720472e-06,0.000427084706028864,0.75,0.00398890391462897
A3,AR,None,63,64,5,68,1.1600822635315,1.16207525878729,0.00199299525578778,0.00199299525578778,3.97203008959259e-06,0.000654497402928818,0.75,0.00521085436038837
A3,AR,None,63,64,6,69,1.16362695552714,1.16644472249744,0.00281776697029423,0.00281776697029423,7.93981069888114e-06,0.000949005038222692,0.75,0.00650509909588681
A3,AR,None,63,64,7,70,1.16642055375831,1.17026530505039,0.00384475129208517,0.00384475129208517,1.47821124979906e-05,0.00131516323926188,0.75,0.00816647460297154
A3,AR,None,63,64,8,71,1.16843871657211,1.17338482219466,0.00494610562255016,0.00494610562255016,2.44639608294223e-05,0.00164164206884043,0.75,0.00988512437257216
A3,AR,None,63,64,9,72,1.16966398153372,1.17631735220209,0.00665337066837313,0.00665337066837313,4.42673412507679e-05,0.00226371156634717,0.75,0.0116589250644456
A3,AR,None,63,64,10,73,1.17008604616406,1.1783074966625,0.00822145049844369,0.00822145049844369,6.75922482983601e-05,0.00282506134674748,0.5,0.0134477458335373
A3,AR,None,63,64,11,74,1.16970194608673,1.17942032533216,0.0097183792454254,0.0097183792454254,9.44468951579152e-05,0.00350249964600184,0.5,0.0151694495266634
A3,AR,None,63,64,12,75,1.16851612735324,1.17970751787537,0.0111913905221215,0.0111913905221215,0.000125247221818631,0.00421859325780544,0.5,0.0170622600311139
A3,AR,None,63,64,13,76,1.16654041195996,1.17951078037176,0.0129703684118003,0.0129703684118003,0.000168230456737828,0.00522091777708968,0.25,0.0191360907080351
A3,AR,None,63,64,14,77,1.16379385783897,1.17886302098067,0.0150691631417001,0.0150691631417001,0.000227079677791174,0.00635531243922151,0.25,0.0211558841117012
A3,AR,None,70,71,1,71,1.16843871657211,1.16870001713779,0.000261300565678191,0.000261300565678191,6.82779856237425e-08,9.12112498643523e-05,0,0.000558159760500276
A3,AR,None,70,71,2,72,1.16966398153372,1.17049478232854,0.000830800794819897,0.000830800794819897,6.90229960673373e-07,0.00039276803659098,0,0.00130888961570746
A3,AR,None,70,71,3,73,1.17008604616406,1.17186601637513,0.00177997021107323,0.00177997021107323,3.16829395230809e-06,0.000961065163680471,0,0.0020416099932356
A3,AR,None,70,71,4,74,1.16970194608673,1.17273717177213,0.0030352256853956,0.0030352256853956,9.21259496128521e-06,0.0017956290607022,0,0.00307913882380262
A3,AR,None,70,71,5,75,1.16851612735324,1.17299423046108,0.00447810310783536,0.00447810310783536,2.00534074444047e-05,0.00299419637736075,0,0.00404365358659492
A3,AR,None,70,71,6,76,1.16654041195996,1.17284694322547,0.00630653126551683,0.00630653126551683,3.97723366029414e-05,0.00425987570494782,0,0.00532654354860801
A3,AR,None,70,71,7,77,1.16379385783897,1.17214439095314,0.00835053311417289,0.00835053311417289,6.97314032908979e-05,0.00590659966502777,0,0.00662050962401806
A3,AR,None,70,71,8,78,1.1603025168359,1.17087360310904,0.0105710862731427,0.0105710862731427,0.000111747864994227,0.00765217502109985,0,0.00830228266397992
A3,AR,None,70,71,9,79,1.15609909631904,1.16925523033351,0.0131561340144701,0.0131561340144701,0.000173083862206698,0.00965847643646678,0,0.00973675957147196
A3,AR,None,70,71,10,80,1.15122253203776,1.16752873728641,0.0163062052486487,0.0163062052486487,0.000265892329611058,0.0119556621712021,0,0.0110848769515318
A3,AR,None,70,71,11,81,1.14571748160999,1.16527480383756,0.0195573222275733,0.0195573222275733,0.000382488852713134,0.0144812476569594,0,0.0123304613227457
A3,AR,None,70,71,12,82,1.13963374952215,1.16235055324525,0.0227168037231014,0.0227168037231014,0.000516053171393912,0.0171372767448916,0,0.0135476525946839
A3,AR,None,70,71,13,83,1.13302565573098,1.15882536626274,0.0257997105317673,0.0257997105317673,0.000665625063522986,0.0198595485984331,0,0.0147483447681985
A3,AR,None,70,71,14,84,1.12595136083632,1.15513451930072,0.0291831584644007,0.0291831584644007,0.000851656737958321,0.0224735749217288,0,0.0162889689899315
A3,AR,None,77,78,1,78,1.1603025168359,1.16062503165439,0.000322514818489328,0.000322514818489328,1.04015808145204e-07,0.000159723601711496,0,0.000645441677989633
A3,AR,None,77,78,2,79,1.15609909631904,1.15713667924659,0.00103758292755285,0.00103758292755285,1.07657833154914e-06,0.000568775035745159,0,0.00152483747640481
A3,AR,None,77,78,3,80,1.15122253203776,1.15330875585165,0.00208622381389056,0.00208622381389056,4.35232980164409e-06,0.00137435693408232,0,0.0024759737994155
A3,AR,None,77,78,4,81,1.14571748160999,1.14913598138887,0.00341849977887909,0.00341849977887909,1.16861407381964e-05,0.00242460899453851,0,0.00346486983425381
A3,AR,None,77,78,5,82,1.13963374952215,1.14472769765574,0.00509394813359076,0.00509394813359076,2.59483075877128e-05,0.00354264685601263,0,0.00480176288602124
A3,AR,None,77,78,6,83,1.13302565573098,1.1398725195189,0.00684686378792643,0.00684686378792643,4.68795437304182e-05,0.00479323125522916,0,0.00629691731862114
A3,AR,None,77,78,7,84,1.12595136083632,1.13470639837303,0.00875503753670825,0.00875503753670825,7.66506822691705e-05,0.00620833561735865,0,0.00782112746407682
A3,AR,None,77,78,8,85,1.11847216132678,1.12916321428592,0.0106910529591435,0.0106910529591435,0.000114298613375211,0.00774523529001279,0,0.00929679898321828
A3,AR,None,77,78,9,86,1.11065176857875,1.12359348885716,0.0129417202784106,0.0129417202784106,0.000167488123764623,0.00928254425707277,0,0.0109221206283143
A3,AR,None,77,78,10,87,1.1025555851146,1.11796622140516,0.0154106362905564,0.0154106362905564,0.000237487710879814,0.0109687726467615,0,0.012502141327175
A3,AR,None,77,78,11,88,1.0942499911109,1.11194107716213,0.0176910860512329,0.0176910860512329,0.000312974525672128,0.0126089611832428,0,0.0138232062334332
A3,AR,None,77,78,12,89,1.08580165331514,1.10568849596699,0.0198868426518499,0.0198868426518499,0.000395486510659437,0.0142714522997865,0,0.0151898151102057
A3,AR,None,77,78,13,90,1.07727686741043,1.09971546898226,0.0224386015718352,0.0224386015718352,0.000503490840499565,0.0159310987333795,0,0.0163971316559775
A3,AR,None,77,78,14,91,1.06874094350186,1.09322008647489,0.0244791429730331,0.0244791429730331,0.000599228440694196,0.0172273246881283,0,0.0179860789524759
A3,AR,None,84,85,1,85,1.11847216132678,1.11866877244965,0.000196611122870394,0.000196611122870394,3.86559336363571e-08,8.04445618342586e-05,0.75,0.000600416053640918
A3,AR,None,84,85,2,86,1.11065176857875,1.1112839994038,0.000632230825049263,0.000632230825049263,3.99715816142471e-07,0.000214827460023597,0.5,0.00140268184026965
A3,AR,None,84,85,3,87,1.1025555851146,1.10370333176197,0.0011477466473635,0.0011477466473635,1.31732236653416e-06,0.000399271993803892,0.75,0.00233756028192539
A3,AR,None,84,85,4,88,1.0942499911109,1.09587476035886,0.00162476924795518,0.00162476924795518,2.63987510910085e-06,0.000580417243356522,0.75,0.00349298080237287
A3,AR,None,84,85,5,89,1.08580165331514,1.08785636685266,0.00205471353752107,0.00205471353752107,4.22184772127235e-06,0.000752470480135941,0.75,0.00481660769744002
A3,AR,None,84,85,6,90,1.07727686741043,1.08001433674449,0.00273746933406382,0.00273746933406382,7.49373835493984e-06,0.000945261259298015,0.75,0.00616993011307976
A3,AR,None,84,85,7,91,1.06874094350186,1.07184815308177,0.0031072095799145,0.0031072095799145,9.65475137351248e-06,0.00109002282178735,0.75,0.00770795709146288
A3,AR,None,84,85,8,92,1.06025764283151,1.06354547349959,0.00328783066807614,0.00328783066807614,1.0809830501942e-05,0.00124237868419761,0.75,0.00931706523600734
A3,AR,None,84,85,9,93,1.05188867211142,1.05523052875819,0.00334185664676845,0.00334185664676845,1.11680058475505e-05,0.00136096459888006,0.75,0.0109742466619864
A3,AR,None,84,85,10,94,1.04369324004953,1.04695859677664,0.00326535672710815,0.00326535672710815,1.06625545552704e-05,0.00139249173563291,0.75,0.0128471704572957
A3,AR,None,84,85,11,95,1.03572767878779,1.0383987762256,0.0026710974378128,0.0026710974378128,7.13476152229009e-06,0.00130704785338272,0.75,0.0145916675426277
A3,AR,None,84,85,12,96,1.02804513112847,1.03011735720213,0.00207222607366853,0.00207222607366853,4.29412090039168e-06,0.00128659284196339,1,0.0160834221357856
A3,AR,None,84,85,13,97,1.02069530264814,1.02216867403397,0.0014733713858277,0.0014733713858277,2.17082324057585e-06,0.00130890817466769,1,0.0175760379824648
A3,AR,None,84,85,14,98,1.01372427613738,1.0135898230322,-0.000134453105180121,0.000134453105180121,1.80776374925767e-08,0.00126413144797229,1,0.0191633828960417
A3,AR,None,91,92,1,92,1.06025764283151,1.06008548366901,-0.000172159162505015,0.000172159162505015,2.9638777234428e-08,6.27990300069856e-05,1,0.000542145328014887
A3,AR,None,91,92,2,93,1.05188867211142,1.05147687679385,-0.000411795317575958,0.000411795317575958,1.69575383577484e-07,0.000151402508580397,0.75,0.00130040785661073
A3,AR,None,91,92,3,94,1.04369324004953,1.04278684775693,-0.000906392292606473,0.000906392292606473,8.21546988096418e-07,0.00033038365534737,0.75,0.00207013843605958
A3,AR,None,91,92,4,95,1.03572767878779,1.03417185877171,-0.00155582001607923,0.00155582001607923,2.42057592243279e-06,0.00061668877208852,0.25,0.00292712411087875
A3,AR,None,91,92,5,96,1.02804513112847,1.0253853762657,-0.00265975486276537,0.00265975486276537,7.07429593000405e-06,0.00123126006647222,0.25,0.0038248439820906
A3,AR,None,91,92,6,97,1.02069530264814,1.01680757862494,-0.00388772402320647,0.00388772402320647,1.51143980806167e-05,0.0020213131678667,0.25,0.00470733152962372
A3,AR,None,91,92,7,98,1.01372427613738,1.00796893743555,-0.00575533870183698,0.00575533870183698,3.31239235728625e-05,0.00330146182284833,0,0.00570411930086806
A3,AR,None,91,92,8,99,1.0071743843033,0.999591834150696,-0.00758255015260378,0.00758255015260378,5.74950668167517e-05,0.00490718237282054,0,0.00673262799761437
A3,AR,None,91,92,9,100,1.00108413537008,0.99101547613291,-0.010068659237166,0.010068659237166,0.000101377898834169,0.00698880029370993,0,0.00780985186687241
A3,AR,None,91,92,10,101,0.995488185141505,0.982496304566307,-0.0129918805751982,0.0129918805751982,0.000168788960880212,0.00936642207598656,0,0.00895170356414188
A3,AR,None,91,92,11,102,0.990417348273686,0.974291131901244,-0.0161262163724423,0.0161262163724423,0.000260054854490825,0.0122633193256473,0,0.01004257068924
A3,AR,None,91,92,12,103,0.98589864096179,0.966287004133117,-0.0196116368286728,0.0196116368286728,0.000384616299099757,0.0156073904658364,0,0.0111902671821085
A3,AR,None,91,92,13,104,0.981955346980157,0.958246494370351,-0.0237088526098052,0.0237088526098052,0.000562109692073465,0.0193164111649944,0,0.0127174993578998
A3,AR,None,91,92,14,105,0.97860709902998,0.950399154366415,-0.0282079446635648,0.0282079446635648,0.000795688142142734,0.023358022321573,0,0.014133568281562
A3,AR,None,98,99,1,99,1.0071743843033,1.00669433439613,-0.000480049907169544,0.000480049907169544,2.30447913373488e-07,0.000200939248569988,0,0.000510536820201413
A3,AR,None,98,99,2,100,1.00108413537008,0.999862716884839,-0.00122141848523705,0.00122141848523705,1.49186311607876e-06,0.000763376799931389,0,0.00120119277908573
A3,AR,None,98,99,3,101,0.995488185141505,0.993075986302647,-0.00241219883885768,0.00241219883885768,5.81870323818635e-06,0.001659761863812,0,0.00207051820151122
A3,AR,None,98,99,4,102,0.990417348273686,0.986454022205868,-0.0039633260678178,0.0039633260678178,1.57079535198441e-05,0.00298522653796178,0,0.00307929862039102
A3,AR,None,98,99,5,103,0.98589864096179,0.979718422874479,-0.00618021808731029,0.00618021808731029,3.81950956067172e-05,0.0047268540692115,0,0.00417571445565795
A3,AR,None,98,99,6,104,0.981955346980157,0.973003969971741,-0.00895137700841542,0.00895137700841542,8.01271503467881e-05,0.00694364367117233,0,0.0052834835355933
A3,AR,None,98,99,7,105,0.97860709902998,0.96666412756705,-0.0119429714629301,0.0119429714629301,0.000142634567364363,0.00950636315244326,0,0.00651666943478274
A3,AR,None,98,99,8,106,0.975869967635345,0.960513400062262,-0.0153565675730827,0.0153565675730827,0.000235824167626654,0.0124556430183035,0,0.0078442254356402
A3,AR,None,98,99,9,107,0.973756550370824,0.954588835997801,-0.0191677143730233,0.0191677143730233,0.000367401274285805,0.0157666859825277,0,0.00931303699560387
A3,AR,None,98,99,10,108,0.972276054979677,0.948737587450586,-0.0235384675290909,0.0235384675290909,0.000554059453618069,0.0194403840862675,0,0.010866179880338
A3,AR,None,98,99,11,109,0.97143437092219,0.942921116350906,-0.0285132545712836,0.0285132545712836,0.000813005686246826,0.0236442969371053,0,0.0124064245829992
A3,AR,None,98,99,12,110,0.971234125044821,0.937595365406742,-0.0336387596380791,0.0336387596380791,0.00113156614998846,0.0282418410911828,0,0.0139402770277624
A3,AR,None,98,99,13,111,0.971674718344115,0.932201135792438,-0.0394735825516774,0.0394735825516774,0.00155816371946409,0.033425827889599,0,0.0152715353988714
A3,AR,None,98,99,14,112,0.97275234217318,0.927200719758848,-0.0455516224143313,0.0455516224143313,0.00207495030457781,0.0390014810167925,0,0.0166318999412403
A3,AR,None,105,106,1,106,0.975869967635345,0.975332989533898,-0.000536978101446484,0.000536978101446484,2.8834548143307e-07,0.000349102582291417,0,0.000505844783255605
A3,AR,None,105,106,2,107,0.973756550370824,0.972134795340881,-0.00162175502994322,0.00162175502994322,2.63008937714612e-06,0.00112245058443679,0,0.00126233906216169
A3,AR,None,105,106,3,108,0.972276054979677,0.969055045857853,-0.00322100912182355,0.00322100912182355,1.03748997628705e-05,0.00228900138797806,0,0.00223646614897935
A3,AR,None,105,106,4,109,0.97143437092219,0.966242863161992,-0.00519150776019728,0.00519150776019728,2.69517528241886e-05,0.00390308153046271,0,0.00338144819445116
A3,AR,None,105,106,5,110,0.971234125044821,0.963499342723279,-0.00773478232154245,0.00773478232154245,5.98268575616457e-05,0.00602917726948854,0,0.00479112412944557
A3,AR,None,105,106,6,111,0.971674718344115,0.960711068496891,-0.0109636498472246,0.0109636498472246,0.000120201617972549,0.00871679037907416,0,0.00617914143441606
A3,AR,None,105,106,7,112,0.97275234217318,0.957915857470006,-0.0148364847031741,0.0148364847031741,0.000220121278347519,0.0118950065449667,0,0.00768045769051251
A3,AR,None,105,106,8,113,0.974459973658929,0.955613906528529,-0.0188460671304008,0.0188460671304008,0.000355174246283574,0.0154901376125185,0,0.0093522614188831
A3,AR,None,105,106,9,114,0.976787351520342,0.952938803999615,-0.0238485475207271,0.0238485475207271,0.000568753218848377,0.0195819148613232,0,0.010801539832362
A3,AR,None,105,106,10,115,0.979720934856715,0.950513944571893,-0.0292069902848222,0.0292069902848222,0.000853048281497699,0.0240583311923422,0,0.0124889743455183
A3,AR,None,105,106,11,116,0.983243848766763,0.948162919766138,-0.0350809290006254,0.0350809290006254,0.00123067157954692,0.0289766433514996,0,0.0141954434425364
A3,AR,None,105,106,12,117,0.987335821822896,0.946332374329827,-0.0410034474930687,0.0410034474930687,0.00168128270631684,0.0344322434767099,0,0.0158117000268014
A3,AR,None,105,106,13,118,0.991973121422405,0.944375117192282,-0.0475980042301226,0.0475980042301226,0.00226557000669077,0.0402785132108151,0,0.0175248390919441
A3,AR,None,105,106,14,119,0.997128493834903,0.94243593332624,-0.0546925605086637,0.0546925605086637,0.00299127617499384,0.0465325379556316,0,0.0189017900836229
A3,AR,None,112,113,1,113,0.974459973658929,0.97401986898753,-0.0004401046713991,0.0004401046713991,1.9369212178731e-07,0.000240771486088328,0,0.000677554409251629
A3,AR,None,112,113,2,114,0.976787351520342,0.975278264257956,-0.00150908726238574,0.00150908726238574,2.2773443654949e-06,0.000922899149973985,0,0.00159300777322804
A3,AR,None,112,113,3,115,0.979720934856715,0.976651271559665,-0.00306966329704994,0.00306966329704994,9.42283275725551e-06,0.00207021643719166,0,0.0026325921987197
A3,AR,None,112,113,4,116,0.983243848766763,0.978089005201066,-0.00515484356569695,0.00515484356569695,2.65724121868073e-05,0.00373202727371597,0,0.00366750276208161
A3,AR,None,112,113,5,117,0.987335821822896,0.979519739924085,-0.00781608189881056,0.00781608189881056,6.1091136248914e-05,0.0058986677032508,0,0.00479463994451601
A3,AR,None,112,113,6,118,0.991973121422405,0.981067689181343,-0.0109054322410617,0.0109054322410617,0.000118928452364387,0.00850271568086411,0,0.0060602381403797
A3,AR,None,112,113,7,119,0.997128493834903,0.98258993112673,-0.0145385627081729,0.0145385627081729,0.000211369805619475,0.0116354305549492,0,0.0071522148077317
A3,AR,None,112,113,8,120,1.00277111633519,0.984192121059743,-0.0185789952754444,0.0185789952754444,0.000345179065444984,0.0149211707639592,0,0.00865501260216184
A3,AR,None,112,113,9,121,1.00886656913064,0.986152499155144,-0.0227140699754999,0.0227140699754999,0.000515928974851904,0.0186238976457402,0,0.0104011262279807
A3,AR,None,112,113,10,122,1.01537683484735,0.987658445963129,-0.0277183888842161,0.0277183888842161,0.000768309082336633,0.0226276585854138,0,0.0123407206822548
A3,AR,None,112,113,11,123,1.02226033312135,0.988909798310374,-0.0333505348109759,0.0333505348109759,0.00111225817217812,0.0270084140837653,0,0.0141973268858062
A3,AR,None,112,113,12,124,1.02947199735146,0.990846297166332,-0.0386257001851313,0.0386257001851313,0.00149194471479166,0.0314333923091789,0,0.0163776396271808
A3,AR,None,112,113,13,125,1.036963399915,0.992573951024823,-0.0443894488901755,0.0443894488901755,0.0019704231727735,0.0359568781259688,0,0.018746910562368
A3,AR,None,112,113,14,126,1.0446829311448,0.994248240007486,-0.0504346911373106,0.0504346911373106,0.00254365807011591,0.0407474725935475,0,0.0211085257379194
A3,AR,None,119,120,1,120,1.00277111633519,1.00227012381439,-0.000500992520799715,0.000500992520799715,2.50993505897252e-07,0.000175188559958252,0.5,0.000714304967503576
A3,AR,None,119,120,2,121,1.00886656913064,1.00744273930428,-0.0014238298263618,0.0014238298263618,2.02729137443747e-06,0.000632921725664675,0,0.00171012963300915
A3,AR,None,119,120,3,122,1.01537683484735,1.01253083387467,-0.00284600097267451,0.00284600097267451,8.09972153646427e-06,0.00156344204923602,0,0.00267346301324917
A3,AR,None,119,120,4,123,1.02226033312135,1.01764548925623,-0.00461484386511524,0.00461484386511524,2.12967838993917e-05,0.00289612359510552,0,0.0037830626569792
A3,AR,None,119,120,5,124,1.02947199735146,1.02280471257943,-0.00666728477203571,0.00666728477203571,4.44526862314193e-05,0.00439766176491435,0,0.0052634524680466
A3,AR,None,119,120,6,125,1.036963399915,1.02782088350791,-0.0091425164070924,0.0091425164070924,8.35856062539538e-05,0.00614520137618964,0,0.00695349893573688
A3,AR,None,119,120,7,126,1.0446829311448,1.03264679271917,-0.0120361384256309,0.0120361384256309,0.000144868628200949,0.00832287056197796,0,0.00856616182540326
A3,AR,None,119,120,8,127,1.05257603613776,1.03727880813457,-0.0152972280031858,0.0152972280031858,0.000234005184581451,0.0103127659383347,0,0.0107917262017382
A3,AR,None,119,120,9,128,1.06058551204334,1.04246128133818,-0.0181242307051568,0.0181242307051568,0.000328487738653748,0.0123941271282719,0,0.0129640643128354
A3,AR,None,119,120,10,129,1.06865186690258,1.04733944548184,-0.0213124214207459,0.0213124214207459,0.000454219306815467,0.0148102495877458,0,0.0153947614243795
A3,AR,None,119,120,11,130,1.07671373941731,1.05180581134849,-0.0249079280688105,0.0249079280688105,0.000620404880681037,0.0176404761018001,0,0.0171471030116564
A3,AR,None,119,120,12,131,1.08470837727307,1.05610243151426,-0.028605945758807,0.028605945758807,0.00081830013275581,0.02053692529886,0,0.0190832128913196
A3,AR,None,119,120,13,132,1.09257216986955,1.05961452997557,-0.0329576398939768,0.0329576398939768,0.00108620602738105,0.023346080563767,0,0.0211879148927495
A3,AR,None,119,120,14,133,1.10024122958024,1.06366840379399,-0.0365728257862452,0.0365728257862452,0.00133757158599104,0.0257317299484783,0,0.0236794963982475
A3,AR,None,126,127,1,127,1.05257603613776,1.0522179336834,-0.000358102454358633,0.000358102454358633,1.28237367817677e-07,0.00010176490745034,1,0.000797077327411078
A3,AR,None,126,127,2,128,1.06058551204334,1.05970775784238,-0.000877754200957925,0.000877754200957925,7.70452437299286e-07,0.000276602982182064,0.75,0.00186411211302306
A3,AR,None,126,127,3,129,1.06865186690258,1.06727845015257,-0.00137341675001212,0.00137341675001212,1.88627356921387e-06,0.000484646630587238,0.5,0.0031600205551307
A3,AR,None,126,127,4,130,1.07671373941731,1.07467476489472,-0.00203897452258595,0.00203897452258595,4.15741710375459e-06,0.000886090157873999,0.5,0.00464552061970691
A3,AR,None,126,127,5,131,1.08470837727307,1.08160922601095,-0.00309915126212301,0.00309915126212301,9.60473854551866e-06,0.00132530269593208,0.5,0.00640235453381638
A3,AR,None,126,127,6,132,1.09257216986955,1.088452508084,-0.00411966178554501,0.00411966178554501,1.69716132272799e-05,0.00190599245185197,0.25,0.00805351705878354
A3,AR,None,126,127,7,133,1.10024122958024,1.09478494206026,-0.0054562875199804,0.0054562875199804,2.97710735006938e-05,0.0025612773629531,0.25,0.00998623207560712
A3,AR,None,126,127,8,134,1.10765201402401,1.10084618098964,-0.00680583303436766,0.00680583303436766,4.63193632916901e-05,0.00310371846438997,0.25,0.0118295399532395
A3,AR,None,126,127,9,135,1.11474198033424,1.10646614020516,-0.00827584012908256,0.00827584012908256,6.84895298421332e-05,0.00382459723414415,0,0.0136040208834896
A3,AR,None,126,127,10,136,1.12145026110684,1.11116716991843,-0.0102830911884071,0.0102830911884071,0.000105741964389096,0.00458044477745568,0,0.0152667748222606
A3,AR,None,126,127,11,137,1.12771835063922,1.11578002627772,-0.0119383243615026,0.0119383243615026,0.000142523588560445,0.00547069876944547,0,0.0168625898938108
A3,AR,None,126,127,12,138,1.13349078927649,1.1201522285717,-0.0133385607047891,0.0133385607047891,0.000177917201675344,0.00602618425342869,0,0.0188740108857427
A3,AR,None,126,127,13,139,1.13871583318829,1.12520866922277,-0.0135071639655202,0.0135071639655202,0.000182443478391448,0.00630703436621673,0,0.0210640998661416
A3,AR,None,126,127,14,140,1.14334609673203,1.12945090844797,-0.0138951882840668,0.0138951882840668,0.000193076257449667,0.00631142292686655,0,0.0237470337572216
A3,AR,None,133,134,1,134,1.10765201402401,1.10759727216776,-5.47418562515389e-05,5.47418562515389e-05,2.99667082586415e-09,6.69811497645137e-05,1,0.000802202559506027
A3,AR,None,133,134,2,135,1.11474198033424,1.11457776896356,-0.000164211370674128,0.000164211370674128,2.69653742586758e-08,0.000155227452481329,1,0.00197901701013387
A3,AR,None,133,134,3,136,1.12145026110684,1.12123309033364,-0.000217170773198383,0.000217170773198383,4.71631447315835e-08,0.000241812341744932,1,0.0032766785531757
A3,AR,None,133,134,4,137,1.12771835063922,1.12717542610443,-0.000542924534789879,0.000542924534789879,2.94767050476807e-07,0.000397024683000999,1,0.00508436248108285
A3,AR,None,133,134,5,138,1.13349078927649,1.13300338865448,-0.00048740062200503,0.00048740062200503,2.3755936633089e-07,0.000526254635826071,1,0.00709176738636963
A3,AR,None,133,134,6,139,1.13871583318829,1.13826934299452,-0.000446490193774407,0.000446490193774407,1.99353493136708e-07,0.000622894605357569,1,0.00892557939955907
A3,AR,None,133,134,7,140,1.14334609673203,1.14269091459304,-0.000655182138990629,0.000655182138990629,4.29263635252336e-07,0.00076289594944444,1,0.0109514803081086
A3,AR,None,133,134,8,141,1.14733915472621,1.14668313818438,-0.000656016541833004,0.000656016541833004,4.30357703158534e-07,0.000885823359346075,1,0.0129767688518393
A3,AR,None,133,134,9,142,1.15065809246462,1.15051818435354,-0.000139908111077558,0.000139908111077558,1.95742795452903e-08,0.00095526304929805,1,0.014963279531908
A3,AR,None,133,134,10,143,1.15327199213787,1.15357162167142,0.000299629533545787,0.000299629533545787,8.97778573728656e-08,0.00108432454342177,1,0.0168249019729549
A3,AR,None,133,134,11,144,1.15515634547566,1.15602094036683,0.000864594891170523,0.000864594891170523,7.47524325838168e-07,0.00123333706371281,1,0.0184297069063128
A3,AR,None,133,134,12,145,1.15629338385156,1.15802138876722,0.00172800491566161,0.00172800491566161,2.98600098855068e-06,0.00145277855078895,1,0.020204452646336
A3,AR,None,133,134,13,146,1.15667231876539,1.15959891161456,0.00292659284916486,0.00292659284916486,8.56494570478286e-06,0.00172640171574562,1,0.0221861645847397
A3,AR,None,133,134,14,147,1.15628948748954,1.16018371569662,0.00389422820707508,0.00389422820707508,1.51650133287792e-05,0.00198258341027764,1,0.0242572995772287
A3,AR,None,140,141,1,141,1.14733915472621,1.14735442820591,1.52734796976528e-05,1.52734796976528e-05,2.33279182074612e-10,6.26189345736673e-05,1,0.000834147725387202
A3,AR,None,140,141,2,142,1.15065809246462,1.15095212453695,0.000294032072330364,0.000294032072330364,8.64548595588881e-08,0.000177230899999589,1,0.00201134012845761
A3,AR,None,140,141,3,143,1.15327199213787,1.153981742622,0.000709750484128691,0.000709750484128691,5.03745749720911e-07,0.000317208327222026,1,0.00337248349965474
A3,AR,None,140,141,4,144,1.15515634547566,1.1562654996554,0.00110915417974344,0.00110915417974344,1.23022299444235e-06,0.000469442230124451,1,0.00490666004676599
A3,AR,None,140,141,5,145,1.15629338385156,1.15799797114461,0.0017045872930519,0.0017045872930519,2.90561783963399e-06,0.000664505402706671,1,0.00673973287437163
A3,AR,None,140,141,6,146,1.15667231876539,1.15948387431763,0.00281155555223411,0.00281155555223411,7.90484462329847e-06,0.000968127593624672,0.75,0.00881229364222547
A3,AR,None,140,141,7,147,1.15628948748954,1.16000449344995,0.00371500596040564,0.00371500596040564,1.38012692858494e-05,0.00138610653828508,0.75,0.0110725260941496
A3,AR,None,140,141,8,148,1.15514840068497,1.16038049657994,0.00523209589497564,0.00523209589497564,2.7374827454221e-05,0.00187439710036461,0.75,0.0131895561696347
A3,AR,None,140,141,9,149,1.1532596909014,1.16014942751813,0.00688973661672643,0.00688973661672643,4.74684706478609e-05,0.00238115801654005,0.75,0.0153595329010396
A3,AR,None,140,141,10,150,1.15064096301685,1.15903100759272,0.008390044575876,0.008390044575876,7.03928479851863e-05,0.00293176774057952,0.75,0.0173875016602169
A3,AR,None,140,141,11,151,1.14731654978184,1.15701453137789,0.00969798159604829,0.00969798159604829,9.40508470372913e-05,0.00346089683562029,0.75,0.0193083277931069
A3,AR,None,140,141,12,152,1.14331717765569,1.15457175314871,0.0112545754930249,0.0112545754930249,0.000126665469528196,0.00418889271301867,0.5,0.0212154408839607
A3,AR,None,140,141,13,153,1.13867954999776,1.1517285356544,0.0130489856566405,0.0130489856566405,0.000170276026667209,0.00496828141204354,0.5,0.0229238338545922
A3,AR,None,140,141,14,154,1.13344585635549,1.14877577371382,0.0153299173583332,0.0153299173583332,0.000235006366213326,0.00575866060197487,0.5,0.0246996875082826
A3,AR,None,147,148,1,148,1.15514840068497,1.15537679154143,0.00022839085646198,0.00022839085646198,5.21623833154366e-08,8.29810080105433e-05,1,0.000790112495109463
A3,AR,None,147,148,2,149,1.1532596909014,1.15391387960588,0.000654188704477754,0.000654188704477754,4.27962861066282e-07,0.000253657402380678,0.5,0.00173217278036997
A3,AR,None,147,148,3,150,1.15064096301685,1.15208616814763,0.00144520513078561,0.00144520513078561,2.08861787004905e-06,0.000518891177770479,0.5,0.00288516110404868
A3,AR,None,147,148,4,151,1.14731654978184,1.14967019717603,0.00235364739418742,0.00235364739418742,5.53965605616523e-06,0.000859128132828016,0.25,0.00423708674694695
A3,AR,None,147,148,5,152,1.14331717765569,1.14695038415534,0.00363320649965559,0.00363320649965559,1.32001894691397e-05,0.0014661054572797,0.25,0.00584366984769358
A3,AR,None,147,148,6,153,1.13867954999776,1.14396193862209,0.0052823886243325,0.0052823886243325,2.79036295784774e-05,0.00214261521486173,0.25,0.00789984170296715
A3,AR,None,147,148,7,154,1.13344585635549,1.13992847922643,0.0064826228709427,0.0064826228709427,4.20243992868694e-05,0.00295492484331331,0.25,0.00997207920375998
A3,AR,None,147,148,8,155,1.12766321802629,1.13573440663082,0.00807118860453548,0.00807118860453548,6.51440854899835e-05,0.00382533915455797,0.25,0.012187777385891
A3,AR,None,147,148,9,156,1.12138308122569,1.13137275827512,0.0099896770494281,0.0099896770494281,9.97936475518706e-05,0.00481659388200569,0.25,0.0145878693353119
A3,AR,None,147,148,10,157,1.11466057003996,1.12626738547232,0.0116068154323556,0.0116068154323556,0.000134718164480769,0.00583293995901475,0.25,0.0170365233368632
A3,AR,None,147,148,11,158,1.10755381185927,1.12127834841779,0.0137245365585199,0.0137245365585199,0.000188362903746149,0.0069264388167477,0.25,0.0194021363592587
A3,AR,None,147,148,12,159,1.10012324816834,1.11613146889259,0.0160082207242447,0.0160082207242447,0.000256263130756137,0.00787784510639982,0.25,0.0218354246249362
A3,AR,None,147,148,13,160,1.09243094341759,1.10974377013136,0.0173128267137688,0.0173128267137688,0.000299733968820986,0.00858265124013087,0.25,0.0242447871533217
A3,AR,None,147,148,14,161,1.08453990421943,1.10255325347728,0.018013349257842,0.018013349257842,0.000324480751484998,0.00935786349885193,0,0.0263425715615461
A3,AR,None,154,155,1,155,1.12766321802629,1.12786664466859,0.000203426642306992,0.000203426642306992,4.13823988002968e-08,8.62608122024112e-05,1,0.000824231725656321
A3,AR,None,154,155,2,156,1.12138308122569,1.12209046033365,0.000707379107963479,0.000707379107963479,5.00385202383208e-07,0.000252226852363667,0.75,0.00200916579504323
A3,AR,None,154,155,3,157,1.11466057003996,1.11595697855237,0.00129640851240143,0.00129640851240143,1.68067503102688e-06,0.00048088670342132,0.75,0.00324982039848487
A3,AR,None,154,155,4,158,1.10755381185927,1.10929973446041,0.0017459226011467,0.0017459226011467,3.04824572919485e-06,0.000683761994590794,0.75,0.00462623704481585
A3,AR,None,154,155,5,159,1.10012324816834,1.10265048490604,0.00252723673769872,0.00252723673769872,6.38692552837409e-06,0.000941103193613599,0.5,0.00580491660078591
A3,AR,None,154,155,6,160,1.09243094341759,1.09602333740817,0.00359239399057776,0.00359239399057776,1.29052945835392e-05,0.0012910512958809,0.5,0.00746921268056427
A3,AR,None,154,155,7,161,1.08453990421943,1.08889862323493,0.0043587190154919,0.0043587190154919,1.89984314560106e-05,0.00154174252430172,0.5,0.00896781205679281
A3,AR,None,154,155,8,162,1.07651342033497,1.08139222638585,0.00487880605088264,0.00487880605088264,2.38027484821291e-05,0.00177658277480573,0.75,0.010662930709545
A3,AR,None,154,155,9,163,1.06841443786284,1.07375733026428,0.00534289240143804,0.00534289240143804,2.85464992133443e-05,0.00196219015916087,0.75,0.012256572284146
A3,AR,None,154,155,10,164,1.06030497375459,1.06615922263362,0.00585424887902497,0.00585424887902497,3.42722299375651e-05,0.00218377611241475,0.5,0.0139468354428559
A3,AR,None,154,155,11,165,1.05224557930063,1.05816602910779,0.005920449807155,0.005920449807155,3.50517259190417e-05,0.00227093597480967,0.75,0.015763122568318
A3,AR,None,154,155,12,166,1.04429485860723,1.05041685259493,0.00612199398769908,0.00612199398769908,3.74788103854237e-05,0.00229926131260808,0.75,0.0180077114137294
A3,AR,None,154,155,13,167,1.03650904636849,1.04238488379115,0.00587583742265929,0.00587583742265929,3.45254654175234e-05,0.00231590175430449,0.75,0.0195086648171272
A3,AR,None,154,155,14,168,1.02894164748016,1.03456375323098,0.00562210575081901,0.00562210575081901,3.16080730733921e-05,0.00223374907783649,0.75,0.0211020605166473
A3,AR,None,161,162,1,162,1.07651342033497,1.07645013630145,-6.3284033517963e-05,6.3284033517963e-05,4.00486889830266e-09,6.55329082238951e-05,1,0.000778579944486157
A3,AR,None,161,162,2,163,1.06841443786284,1.06823799874195,-0.000176439120887606,0.000176439120887606,3.11307633795912e-08,0.000148252409569555,1,0.0017015595283959
A3,AR,None,161,162,3,164,1.06030497375459,1.05977568290954,-0.000529290845053598,0.000529290845053598,2.80148798657552e-07,0.000254175724051881,1,0.00265490674672553
A3,AR,None,161,162,4,165,1.05224557930063,1.05134713262806,-0.000898446672572772,0.000898446672572772,8.07206423457087e-07,0.000368395113020881,1,0.00377629037771077
A3,AR,None,161,162,5,166,1.04429485860723,1.04286191963011,-0.00143293897711838,0.00143293897711838,2.05331411214507e-06,0.000572554450383188,0.75,0.00525988835589747
A3,AR,None,161,162,6,167,1.03650904636849,1.03434896068783,-0.00216008568065673,0.00216008568065673,4.66597014777825e-06,0.000838970622495786,0.75,0.00680114176010965
A3,AR,None,161,162,7,168,1.02894164748016,1.02575698283448,-0.00318466464567901,0.00318466464567901,1.01420889054378e-05,0.00123756852621156,0.75,0.00865352180979961
A3,AR,None,161,162,8,169,1.021643139297,1.01706324457505,-0.00457989472194664,0.00457989472194664,2.09754356641147e-05,0.00174973621353273,0.75,0.0105893884581867
A3,AR,None,161,162,9,170,1.01466073565219,1.00815148822637,-0.00650924742582215,0.00650924742582215,4.23703020505723e-05,0.0025586393540151,0.5,0.0123306168870329
A3,AR,None,161,162,10,171,1.00803821018345,0.999258893102885,-0.00877931708056967,0.00877931708056967,7.70764084011824e-05,0.00373060868523567,0.25,0.0138492767277688
A3,AR,None,161,162,11,172,1.00181577508786,0.99062194085006,-0.0111938342377964,0.0111938342377964,0.000125301924943263,0.00505696207632339,0.25,0.0156579361585412
A3,AR,None,161,162,12,173,0.99603001019389,0.981971745173566,-0.0140582650203237,0.0140582650203237,0.000197634815381657,0.00676303020058727,0,0.0177997387963809
A3,AR,None,161,162,13,174,0.99071383622411,0.973177793470346,-0.0175360427537636,0.0175360427537636,0.000307512795461826,0.00894361243597611,0,0.0199042630538417
A3,AR,None,161,162,14,175,0.985896525349018,0.964846980613938,-0.0210495447350791,0.0210495447350791,0.000443083333554098,0.0116139379093761,0,0.0216686748735682
A3,AR,None,168,169,1,169,1.021643139297,1.02134242251117,-0.000300716785827992,0.000300716785827992,9.04305852787187e-08,0.000109023650007656,0.75,0.000665086277372828
A3,AR,None,168,169,2,170,1.01466073565219,1.01384995551984,-0.00081078013235425,0.00081078013235425,6.57364423020374e-07,0.000306975857435766,0.75,0.0016272105619034
A3,AR,None,168,169,3,171,1.00803821018345,1.00621702538933,-0.00182118479412452,0.00182118479412452,3.31671405435037e-06,0.000710056300992003,0.5,0.00270495846561364
A3,AR,None,168,169,4,172,1.00181577508786,0.998637750613334,-0.00317802447452231,0.00317802447452231,1.00998395606628e-05,0.00151677027831721,0,0.00393341019554191
A3,AR,None,168,169,5,173,0.99603001019389,0.991180491525766,-0.00484951866812355,0.00484951866812355,2.35178313124788e-05,0.00252544387163809,0,0.00549850743801913
A3,AR,None,168,169,6,174,0.99071383622411,0.983499176643084,-0.00721465958102629,0.00721465958102629,5.20513128700945e-05,0.00409931874269369,0,0.00688116271026529
A3,AR,None,168,169,7,175,0.985896525349018,0.976405903634639,-0.00949062171437831,0.00949062171437831,9.00719005254291e-05,0.0058912237774904,0,0.00841590699291489
A3,AR,None,168,169,8,176,0.981603741617533,0.969926444705419,-0.0116772969121143,0.0116772969121143,0.000136359263173674,0.0078281283436219,0,0.0101666921358801
A3,AR,None,168,169,9,177,0.977857603599633,0.963145810993804,-0.0147117926058286,0.0147117926058286,0.000216436841676912,0.0102966418540402,0,0.0119327321982898
A3,AR,None,168,169,10,178,0.974676761592206,0.955780213188525,-0.0188965484036805,0.0188965484036805,0.00035707954157264,0.0132584346580736,0,0.0137242094285323
A3,AR,None,168,169,11,179,0.972076482012457,0.948942439642009,-0.0231340423704486,0.0231340423704486,0.00053518391639771,0.016759249459633,0,0.0155317896357777
A3,AR,None,168,169,12,180,0.970068732119357,0.941662961877508,-0.0284057702418486,0.0284057702418486,0.000806887783032694,0.02070392610548,0,0.0174679455369166
A3,AR,None,168,169,13,181,0.968662258941408,0.935300201326932,-0.033362057614476,0.033362057614476,0.00111302688827161,0.0250654041499379,0,0.0189455705207389
A3,AR,None,168,169,14,182,0.967862657221049,0.929589653375661,-0.0382730038453876,0.0382730038453876,0.00146482282334905,0.0295433140196878,0,0.0205816044636645
A3,AR,None,175,176,1,176,0.981603741617533,0.981191883824982,-0.000411857792551706,0.000411857792551706,1.69626841285564e-07,0.000138358059499072,0.75,0.000777101684071219
A3,AR,None,175,176,2,177,0.977857603599633,0.976564088103311,-0.00129351549632206,0.00129351549632206,1.67318233922531e-06,0.000662401128927374,0,0.00174339156663564
A3,AR,None,175,176,3,178,0.974676761592206,0.971893870936887,-0.00278289065531945,0.00278289065531945,7.7444803994643e-06,0.00155564569420286,0,0.00290916700803989
A3,AR,None,175,176,4,179,0.972076482012457,0.967453369711242,-0.00462311230121515,0.00462311230121515,2.13731673496468e-05,0.00271164260559497,0,0.00441659146360526
A3,AR,None,175,176,5,180,0.970068732119357,0.96340457447091,-0.0066641576484473,0.0066641576484473,4.44109971633586e-05,0.00435507255851726,0,0.00589953107915034
A3,AR,None,175,176,6,181,0.968662258941408,0.95933418776836,-0.00932807117304724,0.00932807117304724,8.70129118094349e-05,0.00638528271337437,0,0.00759445099807116
A3,AR,None,175,176,7,182,0.967862657221049,0.955428774223419,-0.0124338829976304,0.0124338829976304,0.000154601446398762,0.00885114089275552,0,0.00955357221538794
A3,AR,None,175,176,8,183,0.96767242228004,0.951483187714717,-0.0161892345653235,0.0161892345653235,0.000262091315811065,0.0117220991785132,0,0.0115213255229952
A3,AR,None,175,176,9,184,0.968090984929695,0.947569105119902,-0.0205218798097923,0.0205218798097923,0.000421147550927559,0.0148854902851221,0,0.0134058031323007
A3,AR,None,175,176,10,185,0.969114726855266,0.943834496871665,-0.0252802299836011,0.0252802299836011,0.000639090028023766,0.0184579699116407,0,0.0155352678786425
A3,AR,None,175,176,11,186,0.970736976253422,0.94020782622429,-0.0305291500291328,0.0305291500291328,0.0009320290015013,0.0225292122133533,0,0.0176316321028558
A3,AR,None,175,176,12,187,0.972947984852862,0.93687894323746,-0.0360690416154014,0.0360690416154014,0.00130097576305356,0.0269581335308727,0,0.0199850148236615
A3,AR,None,175,176,13,188,0.97573488875811,0.933897603854209,-0.0418372849039013,0.0418372849039013,0.0017503584081302,0.0318367093722401,0,0.0222353364300067
A3,AR,None,175,176,14,189,0.97908165678387,0.931475782658369,-0.047605874125501,0.047605874125501,0.00226631925125304,0.0369411298392769,0,0.0243671128417803
A3,AR,None,182,183,1,183,0.96767242228004,0.96710770551994,-0.000564716760099615,0.000564716760099615,3.18905019137406e-07,0.000263921539952272,0,0.000699402823351902
A3,AR,None,182,183,2,184,0.968090984929695,0.966407680662252,-0.00168330426744234,0.00168330426744234,2.8335132567896e-06,0.000854619243977387,0,0.00163179375194272
A3,AR,None,182,183,3,185,0.969114726855266,0.96587316840192,-0.00324155845334595,0.00324155845334595,1.05077012064586e-05,0.00198578709400093,0,0.0025429069054011
A3,AR,None,182,183,4,186,0.970736976253422,0.965565825322918,-0.00517115093050491,0.00517115093050491,2.67408019460618e-05,0.00350680992595498,0,0.00381050653107939
A3,AR,None,182,183,5,187,0.972947984852862,0.965108889976397,-0.00783909487646517,0.00783909487646517,6.14514084822225e-05,0.00554851812881947,0,0.00506687274061732
A3,AR,None,182,183,6,188,0.97573488875811,0.964832762829004,-0.0109021259291058,0.0109021259291058,0.00011885634977408,0.00791102768221442,0,0.00671882819947378
A3,AR,None,182,183,7,189,0.97908165678387,0.964763209188535,-0.0143184475953353,0.0143184475953353,0.000205017941540363,0.0106607934440858,0,0.00847159366373945
A3,AR,None,182,183,8,190,0.982969031052767,0.964803871941005,-0.0181651591117618,0.0181651591117618,0.000329973005555621,0.013705913470621,0,0.0102823708130503
A3,AR,None,182,183,9,191,0.987374465576871,0.964840883627428,-0.0225335819494425,0.0225335819494425,0.000507762315472243,0.0171504960453344,0,0.0123041633066938
A3,AR,None,182,183,10,192,0.992272069301209,0.965278365018198,-0.0269937042830111,0.0269937042830111,0.00072866007091865,0.02085090277151,0,0.0143958750754779
A3,AR,None,182,183,11,193,0.99763256062883,0.965762330685805,-0.0318702299430245,0.0318702299430245,0.00101571155662125,0.0249147872244602,0,0.0163891323783706
A3,AR,None,182,183,12,194,1.003423240751,0.966410133164397,-0.0370131075866007,0.0370131075866007,0.00136997013321728,0.0293993806946881,0,0.0181477979247791
A3,AR,None,182,183,13,195,1.00960799315836,0.967171964440492,-0.0424360287178713,0.0424360287178713,0.001800816533344,0.0342391824847479,0,0.019682681399292
A3,AR,None,182,183,14,196,1.01614731650224,0.967671797517462,-0.0484755189847774,0.0484755189847774,0.00234987594084352,0.0392577514941174,0,0.021377449675944
A3,AR,None,189,190,1,190,0.982969031052767,0.98260745418226,-0.000361576870506752,0.000361576870506752,1.30737833285457e-07,0.000143970429094577,0,0.000789558220715997
A3,AR,None,189,190,2,191,0.987374465576871,0.986115544645082,-0.0012589209317887,0.0012589209317887,1.58488191249572e-06,0.00058101936325469,0,0.00175905481078345
A3,AR,None,189,190,3,192,0.992272069301209,0.989692586182336,-0.00257948311887235,0.00257948311887235,6.65373316054743e-06,0.00137388599502038,0,0.00291855408091937
A3,AR,None,189,190,4,193,0.99763256062883,0.993534163635338,-0.00409839699349202,0.00409839699349202,1.67968579162644e-05,0.00253655469028217,0,0.00425435994530407
A3,AR,None,189,190,5,194,1.003423240751,0.997238435492568,-0.00618480525843013,0.00618480525843013,3.82518160847049e-05,0.00411496683867279,0,0.00582131287622004
A3,AR,None,189,190,6,195,1.00960799315836,1.00085526458996,-0.00875272856840326,0.00875272856840326,7.66102573921425e-05,0.00610241660095394,0,0.00742052564896911
A3,AR,None,189,190,7,196,1.01614731650224,1.00453158143028,-0.011615735071955,0.011615735071955,0.000134925301261846,0.00834292012934635,0,0.00902495909704815
A3,AR,None,189,190,8,197,1.0229983975094,1.00843419477208,-0.0145642027373212,0.0145642027373212,0.000212116001373794,0.0107859955287142,0,0.0107652127421163
A3,AR,None,189,190,9,198,1.0301152299368,1.01238138193844,-0.0177338479983618,0.0177338479983618,0.000314489364828999,0.0134035955352059,0,0.0130487906273676
A3,AR,None,189,190,10,199,1.0374487845996,1.01595122046514,-0.0214975641344564,0.0214975641344564,0.000462145263715064,0.016083164018348,0,0.015464275902071
A3,AR,None,189,190,11,200,1.0449472343391,1.0194180682799,-0.0255291660592076,0.0255291660592076,0.000651738319678599,0.0187791578385163,0,0.0181762890909987
A3,AR,None,189,190,12,201,1.05255623644679,1.02293782371932,-0.0296184127274695,0.0296184127274695,0.000877250372494725,0.0215689088986015,0,0.0208369410835854
A3,AR,None,189,190,13,202,1.06021927356127,1.02638149813944,-0.0338377754218324,0.0338377754218324,0.00114499504549837,0.0245636681008098,0,0.0233679947583628
A3,AR,None,189,190,14,203,1.06787805244903,1.03012181515051,-0.0377562372985185,0.0377562372985185,0.00142553345494204,0.027562399049462,0,0.02599925132519
A3,AR,None,196,197,1,197,1.0229983975094,1.02266883099293,-0.000329566516462432,0.000329566516462432,1.08614088773182e-07,0.000111847457913788,0.75,0.000694393292313356
A3,AR,None,196,197,2,198,1.0301152299368,1.0291421390526,-0.000973090884196726,0.000973090884196726,9.46905868906765e-07,0.000441057065322602,0,0.00152930283880875
A3,AR,None,196,197,3,199,1.0374487845996,1.03559364972845,-0.00185513487115196,0.00185513487115196,3.44152539016402e-06,0.000937081329611758,0.25,0.00274136109950773
A3,AR,None,196,197,4,200,1.0449472343391,1.04182784727935,-0.00311938705975101,0.00311938705975101,9.73057562854206e-06,0.0015979967532443,0,0.00402044056633233
A3,AR,None,196,197,5,201,1.05255623644679,1.04819937449018,-0.00435686195661034,0.00435686195661034,1.89822461089584e-05,0.00255292033422315,0,0.00522933439739498
A3,AR,None,196,197,6,202,1.06021927356127,1.05412676378091,-0.0060925097803588,0.0060925097803588,3.71186754237676e-05,0.00364880174442007,0,0.00681116506727603
A3,AR,None,196,197,7,203,1.06787805244903,1.06027245523667,-0.00760559721235632,0.00760559721235632,5.78451089566022e-05,0.00473331848716447,0,0.0087733539449657
A3,AR,None,196,197,8,204,1.07547295841117,1.06550484976858,-0.00996810864259112,0.00996810864259112,9.93631899104998e-05,0.00585961743574677,0,0.0109951466086788
A3,AR,None,196,197,9,205,1.08294356137725,1.07141912107212,-0.0115244403051227,0.0115244403051227,0.000132812724346336,0.00694361818857308,0,0.0132419497487063
A3,AR,None,196,197,10,206,1.09022916810202,1.07699907293406,-0.0132300951679551,0.0132300951679551,0.00017503541815315,0.00813011466553423,0,0.0155057695529472
A3,AR,None,196,197,11,207,1.09726941332334,1.08241862615981,-0.0148507871635328,0.0148507871635328,0.000220545879376551,0.00928224784553654,0,0.018028115732821
A3,AR,None,196,197,12,208,1.10400488131788,1.08697778981021,-0.0170270915076733,0.0170270915076733,0.000289921845210682,0.0103343956122121,0,0.0205847426152271
A3,AR,None,196,197,13,209,1.11037774805173,1.09129560269693,-0.0190821453547954,0.0190821453547954,0.000364128271341538,0.0113433109521762,0,0.0234155406158474
A3,AR,None,196,197,14,210,1.11633243310742,1.09583737535389,-0.0204950577535299,0.0204950577535299,0.000420047392320526,0.0120793502202834,0,0.0260511383665527
A3,AR,None,203,204,1,204,1.07547295841117,1.07542998952616,-4.29688850032139e-05,4.29688850032139e-05,1.84632507841942e-09,7.00911129488508e-05,1,0.000838690643742313
A3,AR,None,203,204,2,205,1.08294356137725,1.08264409363866,-0.000299467738589687,0.000299467738589687,8.96809264560212e-08,0.000169403553800724,1,0.00181425437492966
A3,AR,None,203,204,3,206,1.09022916810202,1.08964687239188,-0.000582295710134684,0.000582295710134684,3.39068294041256e-07,0.000284753206255019,1,0.00295573151367678
A3,AR,None,203,204,4,207,1.09726941332334,1.09634536714873,-0.000924046174612281,0.000924046174612281,8.5386133281559e-07,0.000414912060247573,1,0.00413144627140727
A3,AR,None,203,204,5,208,1.10400488131788,1.10277961755138,-0.00122526376650578,0.00122526376650578,1.50127129751193e-06,0.000547920292081558,0.75,0.00547003866096768
A3,AR,None,203,204,6,209,1.11037774805173,1.10864212778342,-0.00173562026830965,0.00173562026830965,3.01237771576725e-06,0.000751326972072771,0.75,0.00718652785137036
A3,AR,None,203,204,7,210,1.11633243310742,1.11425428812128,-0.00207814498613867,0.00207814498613867,4.31868658341331e-06,0.000892832264891736,0.75,0.00917849034304602
A3,AR,None,203,204,8,211,1.12181624981277,1.119491861822,-0.00232438799076129,0.00232438799076129,5.40277953159531e-06,0.00101458591394802,0.75,0.0112326338192297
A3,AR,None,203,204,9,212,1.12678004152895,1.12431448651163,-0.00246555501731827,0.00246555501731827,6.07896154342328e-06,0.00115803208023435,1,0.0133211243859886
A3,AR,None,203,204,10,213,1.13117879189548,1.12821437891468,-0.00296441298080152,0.00296441298080152,8.78774432074457e-06,0.00136234776089289,1,0.0155865769812727
A3,AR,None,203,204,11,214,1.13497219698993,1.13204542891105,-0.00292676807887715,0.00292676807887715,8.56597138753425e-06,0.00150319810655158,1,0.0176480107544881
A3,AR,None,203,204,12,215,1.13812518784141,1.13512507683446,-0.00300011100695063,0.00300011100695063,9.00066605402635e-06,0.0016387962494958,1,0.019457778417326
A3,AR,None,203,204,13,216,1.14060839253099,1.13735583048442,-0.0032525620465762,0.0032525620465762,1.0579159866828e-05,0.00183910081194141,1,0.0216128538140791
A3,AR,None,203,204,14,217,1.14239852820188,1.13905248858103,-0.00334603962084645,0.00334603962084645,1.11959811442743e-05,0.0020119954158209,1,0.0238339768922923
A3,AR,None,210,211,1,211,1.12181624981277,1.12180653224283,-9.71756993406458e-06,9.71756993406458e-06,9.4431165423436e-11,7.21551949775338e-05,1,0.000903029787035825
A3,AR,None,210,211,2,212,1.12678004152895,1.12684257578255,6.25342536026974e-05,6.25342536026974e-05,3.91053287364647e-09,0.000148218858825508,1,0.00192346603049331
A3,AR,None,210,211,3,213,1.13117879189548,1.13143356684242,0.000254774946941705,0.000254774946941705,6.49102735891485e-08,0.000243970332559056,1,0.00298014742307812
A3,AR,None,210,211,4,214,1.13497219698993,1.13570811646167,0.000735919471736457,0.000735919471736457,5.41577468880866e-07,0.000363482604998488,1,0.00410786221272369
A3,AR,None,210,211,5,215,1.13812518784141,1.139366965734,0.00124177789259039,0.00124177789259039,1.54201233452623e-06,0.000490713874759288,1,0.0053299918992879
A3,AR,None,210,211,6,216,1.14060839253099,1.14250276417763,0.00189437164663309,0.00189437164663309,3.58864393556735e-06,0.000659775043573938,1,0.00683542604705528
A3,AR,None,210,211,7,217,1.14239852820188,1.14500789635476,0.00260936815288448,0.00260936815288448,6.80880215728778e-06,0.000922583999867373,0.75,0.00852086743810748
A3,AR,None,210,211,8,218,1.14347871465899,1.14692543923704,0.0034467245780585,0.0034467245780585,1.18799103169926e-05,0.00125889729822654,0.75,0.0101143047262977
A3,AR,None,210,211,9,219,1.14383870282712,1.14844266230702,0.004603959479901,0.004603959479901,2.11964428925703e-05,0.00162117530370124,0.75,0.0116701838694407
A3,AR,None,210,211,10,220,1.14347501311506,1.14900136804113,0.00552635492606202,0.00552635492606202,3.05405987688099e-05,0.00197839103497582,0.75,0.0135010027652183
A3,AR,None,210,211,11,221,1.14239098065071,1.14884941002407,0.00645842937335916,0.00645842937335916,4.17113099706685e-05,0.0024517925435405,0.75,0.0154330086331432
A3,AR,None,210,211,12,222,1.14059670635632,1.14848815509309,0.00789144873676983,0.00789144873676983,6.22749631650662e-05,0.0029101755094205,0.75,0.0176897481470342
A3,AR,None,210,211,13,223,1.13810891486599,1.14759182447013,0.00948290960414155,0.00948290960414155,8.99255745603201e-05,0.00351536051329069,0.75,0.0199385858048393
A3,AR,None,210,211,14,224,1.13495072229273,1.14614090361575,0.0111901813230202,0.0111901813230202,0.00012522015804207,0.0042301489523186,0.5,0.0220406650794022
A3,AR,None,217,218,1,218,1.14347871465899,1.14362588671769,0.000147172058703626,0.000147172058703626,2.16596148630636e-08,7.25686677540878e-05,1,0.000773653131315388
A3,AR,None,217,218,2,219,1.14383870282712,1.14424907823483,0.000410375407707386,0.000410375407707386,1.68407975251003e-07,0.000182702625852889,0.75,0.00192891830124553
A3,AR,None,217,218,3,220,1.14347501311506,1.14445700963399,0.000981996518927275,0.000981996518927275,9.64317163185286e-07,0.000426769511253416,0.75,0.00333139145261241
A3,AR,None,217,218,4,221,1.14239098065071,1.14420513829792,0.00181415764720483,0.00181415764720483,3.29116796891176e-06,0.000734564501480456,0.75,0.00496913804801585
A3,AR,None,217,218,5,222,1.14059670635632,1.14355277312563,0.00295606676930715,0.00295606676930715,8.73833074460203e-06,0.00106605859651394,0.75,0.00677056584936858
A3,AR,None,217,218,6,223,1.13810891486599,1.14220142876704,0.00409251390105014,0.00409251390105014,1.67486700302887e-05,0.00143391298537301,0.75,0.00854555805206425
A3,AR,None,217,218,7,224,1.13495072229273,1.14022240023156,0.00527167793883554,0.00527167793883554,2.77905882908053e-05,0.00191735700010548,0.5,0.0101444617027808
A3,AR,None,217,218,8,225,1.13115131877287,1.13753836791678,0.00638704914390886,0.00638704914390886,4.07943967667069e-05,0.00265142077517531,0.5,0.0117245718935629
A3,AR,None,217,218,9,226,1.12674557249781,1.13472277466061,0.00797720216279796,0.00797720216279796,6.36357543461484e-05,0.0033996732900707,0.5,0.0134136679483817
A3,AR,None,217,218,10,227,1.12177356353763,1.13119424730646,0.00942068376883687,0.00942068376883687,8.87492826724264e-05,0.004126935661738,0.5,0.0150145823587836
A3,AR,None,217,218,11,228,1.11628005712485,1.12717757971705,0.0108975225922066,0.0108975225922066,0.000118755998647652,0.00481406360843931,0.25,0.0169560839272421
A3,AR,None,217,218,12,229,1.11031392716421,1.122470245991,0.0121563188267868,0.0121563188267868,0.000147776087418491,0.00557807685504256,0.25,0.0190050206206269
A3,AR,None,217,218,13,230,1.10392754153768,1.11776168402738,0.0138341424897062,0.0138341424897062,0.000191383498425493,0.00662903599199846,0.25,0.0212288282280825
A3,AR,None,217,218,14,231,1.09717612126587,1.11250364300775,0.0153275217418778,0.0153275217418778,0.000234932922747736,0.00765353469364974,0.25,0.0233645897074578
A3,AR,None,224,225,1,225,1.13115131877287,1.13119832717001,4.7008397146886e-05,4.7008397146886e-05,2.20978940231936e-09,6.73429676307914e-05,1,0.000821408964656933
A3,AR,None,224,225,2,226,1.12674557249781,1.12705677941737,0.000311206919552331,0.000311206919552331,9.68497467772513e-08,0.000167526459771755,1,0.00181217461163802
A3,AR,None,224,225,3,227,1.12177356353763,1.1224703571354,0.000696793597767753,0.000696793597767753,4.85521317890129e-07,0.000302982742051537,0.75,0.00303052400989196
A3,AR,None,224,225,4,228,1.11628005712485,1.11737484183424,0.00109478470939539,0.00109478470939539,1.19855355992595e-06,0.000444703165272363,0.75,0.00452537543677289
A3,AR,None,224,225,5,229,1.11031392716421,1.11203284917122,0.00171892200700929,0.00171892200700929,2.95469286618086e-06,0.000667540316169946,0.75,0.00608001314415463
A3,AR,None,224,225,6,230,1.10392754153768,1.10617706288517,0.00224952134748824,0.00224952134748824,5.06034629280529e-06,0.000920964202224544,0.75,0.00755511530445563
A3,AR,None,224,225,7,231,1.09717612126587,1.09979944778916,0.00262332652328645,0.00262332652328645,6.88184204777818e-06,0.00111227798405221,0.75,0.00941307416070947
A3,AR,None,224,225,8,232,1.09011708575928,1.09347712328441,0.00336003752512704,0.00336003752512704,1.12898521702618e-05,0.00135972765599765,0.75,0.0112858667596264
A3,AR,None,224,225,9,233,1.08280939624575,1.08659732149918,0.00378792525343097,0.00378792525343097,1.43483777255801e-05,0.0015640038778017,0.75,0.013373261336616
A3,AR,None,224,225,10,234,1.07531290900704,1.07948578477876,0.00417287577172498,0.00417287577172498,1.74128922062494e-05,0.00166478584814792,0.75,0.0155473684326648
A3,AR,None,224,225,11,235,1.06768774931611,1.07252383647387,0.00483608715775308,0.00483608715775308,2.33877389973842e-05,0.00186516655529083,0.75,0.0176402370016047
A3,AR,None,224,225,12,236,1.05999371596659,1.0656508940724,0.0056571781058099,0.0056571781058099,3.20036641208549e-05,0.00202893224555059,0.75,0.0195672707393007
A3,AR,None,224,225,13,237,1.05228972506229,1.05824142932387,0.0059517042615822,0.0059517042615822,3.54227836173357e-05,0.00212786645328867,0.75,0.0211213701084815
A3,AR,None,224,225,14,238,1.04463330032889,1.05053086412241,0.00589756379351791,0.00589756379351791,3.47812586986134e-05,0.00222953116262542,1,0.0227050895696931
A3,AR,None,231,232,1,232,1.09011708575928,1.09004413425995,-7.29514993342839e-05,7.29514993342839e-05,5.32192125512003e-09,6.33064654802618e-05,1,0.000719313100793872
A3,AR,None,231,232,2,233,1.08280939624575,1.08280031006684,-9.08617891126617e-06,9.08617891126617e-06,8.25586472075382e-11,0.000124490520134501,1,0.00167668622064149
A3,AR,None,231,232,3,234,1.07531290900704,1.07521620730808,-9.67016989561476e-05,9.67016989561476e-05,9.35121858100539e-09,0.000207686314105303,1,0.00279240600570607
A3,AR,None,231,232,4,235,1.06768774931611,1.06758804555538,-9.97037607284312e-05,9.97037607284312e-05,9.94083990339227e-09,0.000280635205084181,1,0.00398518417673227
A3,AR,None,231,232,5,236,1.05999371596659,1.0598418874279,-0.00015182853868323,0.00015182853868323,2.3051905158685e-08,0.000354063466202555,1,0.00512556608157172
A3,AR,None,231,232,6,237,1.05228972506229,1.05175079897839,-0.000538926083904157,0.000538926083904157,2.9044132391227e-07,0.00049662521866525,1,0.00665368619411189
A3,AR,None,231,232,7,238,1.04463330032889,1.0434162010202,-0.00121709930869107,0.00121709930869107,1.48133072721629e-06,0.000680840183658323,1,0.00816171796137533
A3,AR,None,231,232,8,239,1.03708011566706,1.03474835681143,-0.00233175885563086,0.00233175885563086,5.43709936081294e-06,0.000905775785514217,1,0.00966492991507217
A3,AR,None,231,232,9,240,1.02968359403577,1.02671842781842,-0.00296516621734599,0.00296516621734599,8.79221069648995e-06,0.00113584635700474,0.75,0.0115424065541645
A3,AR,None,231,232,10,241,1.02249456508538,1.0185450851154,-0.00394947996997641,0.00394947996997641,1.55983920332449e-05,0.00161203882587231,0.75,0.0136086653396651
A3,AR,None,231,232,11,242,1.01556098230205,1.01068232411228,-0.00487865818976707,0.00487865818976707,2.38013057325813e-05,0.00207315027325249,0.75,0.0158022703202936
A3,AR,None,231,232,12,243,1.0089276988261,1.00222804112674,-0.00669965769936254,0.00669965769936254,4.48854132886277e-05,0.00271847329315599,0.75,0.0183319808157646
A3,AR,None,231,232,13,244,1.00263629961166,0.99414974589278,-0.00848655371887708,0.00848655371887708,7.20215940233863e-05,0.00335130569838908,0.75,0.0206756326219544
A3,AR,None,231,232,14,245,0.996724986243541,0.986016441560541,-0.0107085446830002,0.0107085446830002,0.000114672929227812,0.0042618102266972,0.5,0.0231321969235863
A3,AR,None,238,239,1,239,1.03708011566706,1.03683475667518,-0.000245358991876055,0.000245358991876055,6.02010348944338e-08,9.72216839574134e-05,0.75,0.00069755527037435
A3,AR,None,238,239,2,240,1.02968359403577,1.02908600316676,-0.000597590869007014,0.000597590869007014,3.57114846720558e-07,0.000229553892166398,0.75,0.00154679086313547
A3,AR,None,238,239,3,241,1.02249456508538,1.02123620161799,-0.00125836346739239,0.00125836346739239,1.58347861606779e-06,0.000436067860168135,0.5,0.00252344319065601
A3,AR,None,238,239,4,242,1.01556098230205,1.01344175388536,-0.00211922841668688,0.00211922841668688,4.49112908209318e-06,0.000787945876002954,0.5,0.00364691975929232
A3,AR,None,238,239,5,243,1.0089276988261,1.00606293526811,-0.00286476355799148,0.00286476355799148,8.206870243196e-06,0.0013462336310657,0.25,0.00492324899215396
A3,AR,None,238,239,6,244,1.00263629961166,0.998599538325065,-0.00403676128659203,0.00403676128659203,1.62954416849281e-05,0.0019474845758277,0.25,0.00669239487147405
A3,AR,None,238,239,7,245,0.996724986243541,0.990827386105512,-0.00589760013802909,0.00589760013802909,3.47816873880808e-05,0.00309615495676141,0,0.00846254799474613
A3,AR,None,238,239,8,246,0.991228509555462,0.983337868056916,-0.00789064149854568,0.00789064149854568,6.22622232585712e-05,0.00449265719041677,0,0.010487694638227
A3,AR,None,238,239,9,247,0.986178144229163,0.975485282119524,-0.0106928621096393,0.0106928621096393,0.000114337300095759,0.00615174002481289,0,0.0127307790595449
A3,AR,None,238,239,10,248,0.981601698820097,0.967816748447223,-0.0137849503728742,0.0137849503728742,0.000190024856782604,0.00804410669822561,0,0.0149800609834285
A3,AR,None,238,239,11,249,0.977523554165694,0.960643357499107,-0.0168801966665868,0.0168801966665868,0.000284941039502648,0.0102599198999229,0,0.0170375653569514
A3,AR,None,238,239,12,250,0.973964722894921,0.953887041338639,-0.0200776815562826,0.0200776815562826,0.000403113296675492,0.0130711759666487,0,0.0188886075972657
A3,AR,None,238,239,13,251,0.970942922772586,0.947351521875732,-0.023591400896854,0.023591400896854,0.000556554196276082,0.0162001932638381,0,0.0207802444137139
A3,AR,None,238,239,14,252,0.968472656871352,0.941138092540962,-0.0273345643303895,0.0273345643303895,0.000747178407132202,0.0195928998637121,0,0.0224828711858512
A3,AR,None,245,246,1,246,0.991228509555462,0.990831141054966,-0.000397368500495876,0.000397368500495876,1.57901725186341e-07,0.000152107722722597,0.5,0.000660104434846431
A3,AR,None,245,246,2,247,0.986178144229163,0.984988535854119,-0.00118960837504423,0.00118960837504423,1.41516808597537e-06,0.000662233350671387,0,0.00140422660558312
A3,AR,None,245,246,3,248,0.981601698820097,0.979235157457494,-0.00236654136260328,0.00236654136260328,5.60051802091219e-06,0.00150322653363724,0,0.00239984636288759
A3,AR,None,245,246,4,249,0.977523554165694,0.973407066068624,-0.00411648809706999,0.00411648809706999,1.69454742533189e-05,0.00275010004560547,0,0.00352708484121217
A3,AR,None,245,246,5,250,0.973964722894921,0.967941646145609,-0.00602307674931279,0.00602307674931279,3.62774535281124e-05,0.00416891943233346,0,0.00501971582865918
A3,AR,None,245,246,6,251,0.970942922772586,0.962562450140702,-0.00838047263188402,0.00838047263188402,7.0232321533757e-05,0.00594023817401498,0,0.00653719948095474
A3,AR,None,245,246,7,252,0.968472656871352,0.957291502194684,-0.0111811546766682,0.0111811546766682,0.00012501821990358,0.00807464471455263,0,0.00813597934186022
A3,AR,None,245,246,8,253,0.966565294054816,0.952580302640271,-0.0139849914145443,0.0139849914145443,0.000195579984864879,0.0105732022211047,0,0.00955245253378423
A3,AR,None,245,246,9,254,0.965229143955803,0.947802349922753,-0.0174267940330505,0.0174267940330505,0.000303693150270364,0.0134266270207204,0,0.0110100473048664
A3,AR,None,245,246,10,255,0.964469521519439,0.943250503977628,-0.0212190175418102,0.0212190175418102,0.00045024670543965,0.0165443816999583,0,0.0127572753640092
A3,AR,None,245,246,11,256,0.964288797219781,0.939156087674739,-0.0251327095450422,0.0251327095450422,0.000631653089075456,0.0200457275563525,0,0.0144394526517617
A3,AR,None,245,246,12,257,0.964686430217291,0.935258306111077,-0.0294281241062135,0.0294281241062135,0.000866014488410706,0.0238554944016327,0,0.0163609358876232
A3,AR,None,245,246,13,258,0.965658982964413,0.931214846893147,-0.034444136071266,0.034444136071266,0.00118639850969588,0.0279290612392532,0,0.0184033814860388
A3,AR,None,245,246,14,259,0.967200117048564,0.92738937014245,-0.0398107469061135,0.0398107469061135,0.00158489556922263,0.0323863602275974,0,0.0199898204662482
A3,AR,None,252,253,1,253,0.966565294054816,0.966031970979724,-0.000533323075091241,0.000533323075091241,2.84433502424778e-07,0.000239948899871656,0,0.000649374649096701
A3,AR,None,252,253,2,254,0.965229143955803,0.96376432368395,-0.00146482027185335,0.00146482027185335,2.14569842883252e-06,0.000876236322486144,0,0.00143234476049497
A3,AR,None,252,253,3,255,0.964469521519439,0.96157781612554,-0.00289170539389871,0.00289170539389871,8.36196008510291e-06,0.00193929302592719,0,0.00234173741388183
A3,AR,None,252,253,4,256,0.964288797219781,0.959561465381586,-0.0047273318381944,0.0047273318381944,2.23476663084065e-05,0.00336604516046725,0,0.00348187473560838
A3,AR,None,252,253,5,257,0.964686430217291,0.957478350592636,-0.00720807962465475,0.00720807962465475,5.1956411875363e-05,0.00527946810031201,0,0.0045616078573418
A3,AR,None,252,253,6,258,0.965658982964413,0.955886395914382,-0.00977258705003081,0.00977258705003081,9.55034576504299e-05,0.00747160874554266,0,0.00597679832892067
A3,AR,None,252,253,7,259,0.967200117048564,0.954428582574978,-0.0127715344735857,0.0127715344735857,0.000163112092809988,0.0101457803385984,0,0.00731884269631872
A3,AR,None,252,253,8,260,0.96930057134518,0.953085946544272,-0.0162146248009084,0.0162146248009084,0.000262914057434234,0.0132720227056644,0,0.00854035374259268
A3,AR,None,252,253,9,261,0.971948124797725,0.9520372889591,-0.0199108358386241,0.0199108358386241,0.000396441383792637,0.0165944497590745,0,0.010001451850343
A3,AR,None,252,253,10,262,0.9751275473072,0.951005406650061,-0.0241221406571396,0.0241221406571396,0.000581877669882826,0.0202380519323621,0,0.0115121719006049
A3,AR,None,252,253,11,263,0.978820543263547,0.950127140323399,-0.0286934029401483,0.0286934029401483,0.000823311372285713,0.0242799080196298,0,0.0130618105873958
A3,AR,None,252,253,12,264,0.983005693150981,0.949258089986978,-0.0337476031640023,0.0337476031640023,0.00113890071931498,0.0285675543957062,0,0.0146467527247795
A3,AR,None,252,253,13,265,0.987658399378696,0.948529810385489,-0.0391285889932071,0.0391285889932071,0.00153104647659933,0.0330680577040184,0,0.0162393874376771
A3,AR,None,252,253,14,266,0.992750843001928,0.948566209829732,-0.0441846331721959,0.0441846331721959,0.00195228180856151,0.0376670922208194,0,0.0178890934578859
A3,AR,None,259,260,1,260,0.96930057134518,0.968740564783263,-0.00056000656191757,0.00056000656191757,3.13607349390737e-07,0.000206970492518049,0,0.000659492027065445
A3,AR,None,259,260,2,261,0.971948124797725,0.970505538828788,-0.00144258596893654,0.00144258596893654,2.08105427777257e-06,0.000709943138124113,0,0.0016223235838615
A3,AR,None,259,260,3,262,0.9751275473072,0.972440431249707,-0.00268711605749317,0.00268711605749317,7.22059270643762e-06,0.00149922205338655,0,0.00278118530086566
A3,AR,None,259,260,4,263,0.978820543263547,0.974394105186011,-0.00442643807753562,0.00442643807753562,1.95933540542572e-05,0.00273897222788122,0,0.00416982769961652
A3,AR,None,259,260,5,264,0.983005693150981,0.976529789415473,-0.00647590373550755,0.00647590373550755,4.19373291915606e-05,0.00431847868999218,0,0.00568357730449351
A3,AR,None,259,260,6,265,0.987658399378696,0.978676154749513,-0.00898224462918318,0.00898224462918318,8.06807185784901e-05,0.00633629968666876,0,0.007295266311971
A3,AR,None,259,260,7,266,0.992750843001928,0.980839853456625,-0.0119109895453029,0.0119109895453029,0.000141871671948315,0.0087285188658764,0,0.00900895861241344
A3,AR,None,259,260,8,267,0.998251958286305,0.982946008280303,-0.0153059500060024,0.0153059500060024,0.000234272105586246,0.0113007258268948,0,0.0108870514882072
A3,AR,None,259,260,9,268,1.00412743211706,0.985429826301563,-0.0186976058154993,0.0186976058154993,0.000349600463231793,0.0141100482392145,0,0.0128168732630196
A3,AR,None,259,260,10,269,1.010339735057,0.987693759281499,-0.0226459757754973,0.0226459757754973,0.000512840218824411,0.0171750166695789,0,0.0147060848159649
A3,AR,None,259,260,11,270,1.01684819041315,0.989701872570746,-0.0271463178424045,0.0271463178424045,0.000736922572400849,0.0204778197386808,0,0.0166739079091723
A3,AR,None,259,260,12,271,1.02360908698922,0.991810110080688,-0.0317989769085369,0.0317989769085369,0.00101117493242967,0.0242370835211152,0,0.0182096647362597
A3,AR,None,259,260,13,272,1.03057584029317,0.994536592482844,-0.0360392478103257,0.0360392478103257,0.00129882738273407,0.0278999960762177,0,0.0200693287692577
A3,AR,None,259,260,14,273,1.03769920585862,0.99723822884126,-0.0404609770173608,0.0404609770173608,0.0016370906611994,0.0315502469248057,0,0.0222083756696182
A3,AR,None,266,267,1,267,0.998251958286305,0.99796556930145,-0.000286388984855335,0.000286388984855335,8.20186506464691e-08,0.000116290130465848,0.5,0.000688664145073486
A3,AR,None,266,267,2,268,1.00412743211706,1.00311546313843,-0.00101196897863165,0.00101196897863165,1.02408121371278e-06,0.000463081879238904,0.25,0.0015092979010351
A3,AR,None,266,267,3,269,1.010339735057,1.00846549025217,-0.001874244804831,0.001874244804831,3.51279358843601e-06,0.00102606697220634,0,0.00256502238035938
A3,AR,None,266,267,4,270,1.01684819041315,1.01360252055039,-0.00324566986275765,0.00324566986275765,1.05343728580133e-05,0.00194506530744099,0,0.00354977300646125
A3,AR,None,266,267,5,271,1.02360908698922,1.01876856993153,-0.00484051705769106,0.00484051705769106,2.34306053857981e-05,0.00308447769600758,0,0.00483146455293842
A3,AR,None,266,267,6,272,1.03057584029317,1.02419270826387,-0.00638313202929841,0.00638313202929841,4.07443745034552e-05,0.00442561909820025,0,0.0058630721756322
A3,AR,None,266,267,7,273,1.03769920585862,1.02903009342652,-0.00866911243210233,0.00866911243210233,7.51535103604312e-05,0.00611371406750841,0,0.00694409401934937
A3,AR,None,266,267,8,274,1.04492754705274,1.03385117573272,-0.0110763713200246,0.0110763713200246,0.000122686001619063,0.00792321121486167,0,0.00812330488473084
A3,AR,None,266,267,9,275,1.05220715831559,1.03891533346082,-0.0132918248547735,0.0132918248547735,0.000176672607969976,0.00963197346477919,0,0.00961271197872027
A3,AR,None,266,267,10,276,1.05948264324611,1.04376064306351,-0.0157220001826022,0.0157220001826022,0.000247181289741743,0.0114595317820816,0,0.0110357522207081
A3,AR,None,266,267,11,277,1.06669734536064,1.04823753565414,-0.0184598097064974,0.0184598097064974,0.000340764574400096,0.013536044156849,0,0.0123240123379381
A3,AR,None,266,267,12,278,1.0737938277472,1.05231956124237,-0.0214742665048326,0.0214742665048326,0.000461144121920577,0.015594073504789,0,0.0136663680122629
A3,AR,None,266,267,13,279,1.0807143962704,1.05662627091403,-0.0240881253563687,0.0240881253563687,0.000580237783184134,0.0175628670556864,0,0.0152804611322588
A3,AR,None,266,267,14,280,1.08740165949556,1.06107119360577,-0.0263304658897869,0.0263304658897869,0.000693293433973233,0.0192870975879563,0,0.0171736434947408
A3,AR,None,273,274,1,274,1.04492754705274,1.04474302376673,-0.000184523286011373,0.000184523286011373,3.40488430804351e-08,6.96198179363061e-05,1,0.00062346262995
A3,AR,None,273,274,2,275,1.05220715831559,1.05163943226284,-0.000567726052758788,0.000567726052758788,3.22312870981074e-07,0.000191302212857699,0.75,0.00152228521589065
A3,AR,None,273,274,3,276,1.05948264324611,1.0584745290418,-0.00100811420430613,0.00100811420430613,1.01629424892379e-06,0.000350726929988061,0.75,0.00235840013215838
A3,AR,None,273,274,4,277,1.06669734536064,1.06525102764423,-0.00144631771641235,0.00144631771641235,2.09183493680823e-06,0.000548063260558841,0.75,0.0033506522527128
A3,AR,None,273,274,5,278,1.0737938277472,1.07156422093521,-0.00222960681198758,0.00222960681198758,4.97114653606144e-06,0.000801277349511763,0.75,0.0048242937785592
A3,AR,None,273,274,6,279,1.0807143962704,1.0777036221565,-0.00301077411390072,0.00301077411390072,9.06476076493464e-06,0.0010811783445299,0.75,0.00630952373855315
A3,AR,None,273,274,7,280,1.08740165949556,1.08358858222301,-0.00381307727254776,0.00381307727254776,1.45395582864203e-05,0.00144293434212854,0.75,0.00786466654914325
A3,AR,None,273,274,8,281,1.0937991171432,1.0891343045162,-0.00466481262699658,0.00466481262699658,2.17604768449868e-05,0.00177289152940623,0.75,0.00952262350785593
A3,AR,None,273,274,9,282,1.09985176769963,1.09429849370502,-0.00555327399460492,0.00555327399460492,3.08388520591553e-05,0.00211338992787131,0.75,0.011220247933903
A3,AR,None,273,274,10,283,1.10550672483641,1.0989155043553,-0.00659122048111183,0.00659122048111183,4.3444187430628e-05,0.00240040786506844,0.75,0.0128952180984074
A3,AR,None,273,274,11,284,1.1107138315643,1.10367957267388,-0.00703425889042064,0.00703425889042064,4.94807981374618e-05,0.00268789676857548,0.75,0.0149065538302204
A3,AR,None,273,274,12,285,1.11542626059344,1.10793277756628,-0.00749348302716157,0.00749348302716157,5.61522878783586e-05,0.00291285376965503,0.75,0.0167972271089823
A3,AR,None,273,274,13,286,1.11960108921043,1.11206041636355,-0.00754067284687965,0.00754067284687965,5.6861746983668e-05,0.00306738333106313,0.75,0.0188476312373962
A3,AR,None,273,274,14,287,1.12319983712558,1.11506837867318,-0.00813145845240171,0.00813145845240171,6.61206165631352e-05,0.00331386206650074,0.75,0.0213118415256426
A3,AR,None,280,281,1,281,1.0937991171432,1.09382386779402,2.47506508221917e-05,2.47506508221917e-05,6.12594716122061e-10,5.49715634559226e-05,1,0.000729197729227526
A3,AR,None,280,281,2,282,1.09985176769963,1.09985481217761,3.0444779759442e-06,3.0444779759442e-06,9.26884614600932e-12,0.000116150973442752,1,0.00164653894738004
A3,AR,None,280,281,3,283,1.10550672483641,1.10555239871034,4.56738739345042e-05,4.56738739345042e-05,2.08610276018498e-09,0.000206632382806496,1,0.0026554031812841
A3,AR,None,280,281,4,284,1.1107138315643,1.11072755412658,1.3722562276941e-05,1.3722562276941e-05,1.88308715444525e-10,0.000294490580037258,1,0.00395830013072224
A3,AR,None,280,281,5,285,1.11542626059344,1.11542735971948,1.09912603640794e-06,1.09912603640794e-06,1.20807804390982e-12,0.000399679222459259,1,0.00545478076168615
A3,AR,None,280,281,6,286,1.11960108921043,1.11979702264596,0.000195933435525042,0.000195933435525042,3.83899111566458e-08,0.000546514798555538,1,0.00727656851881964
A3,AR,None,280,281,7,287,1.12319983712558,1.12372342561957,0.000523588493991145,0.000523588493991145,2.74144911039915e-07,0.000691814018731239,1,0.00920179070701072
A3,AR,None,280,281,8,288,1.12618895619148,1.12712203306763,0.000933076876155958,0.000933076876155958,8.70632456816961e-07,0.000894016647588293,1,0.0113504600852369
A3,AR,None,280,281,9,289,1.1285402616402,1.12999542479784,0.00145516315764627,0.00145516315764627,2.11749981537105e-06,0.00110527195437622,1,0.0133595721277796
A3,AR,None,280,281,10,290,1.13023129551364,1.13287565021549,0.0026443547018542,0.0026443547018542,6.99261178921842e-06,0.00144222156724948,1,0.0157491882328497
A3,AR,None,280,281,11,291,1.13124561424507,1.13467182909337,0.00342621484829819,0.00342621484829819,1.1738948186699e-05,0.00167320045620706,1,0.0180035842916053
A3,AR,None,280,281,12,292,1.13157299385586,1.1364007999481,0.00482780609224509,0.00482780609224509,2.33077116643188e-05,0.00197626310791773,1,0.0202344449085333
A3,AR,None,280,281,13,293,1.13120954791971,1.13676997670036,0.005560428780649,0.005560428780649,3.09183682246697e-05,0.00216980205251621,1,0.0223234086914849
A3,AR,None,280,281,14,294,1.13015775527156,1.13671690386759,0.00655914859603257,0.00655914859603257,4.30224303048361e-05,0.00243584741151002,1,0.0245268392859372
A3,AR,None,287,288,1,288,1.12618895619148,1.12628593292001,9.69767285301515e-05,9.69767285301515e-05,9.4044858764107e-09,6.89854238857023e-05,1,0.000775821948163835
A3,AR,None,287,288,2,289,1.1285402616402,1.12891424809172,0.000373986451527086,0.000373986451527086,1.39865865925822e-07,0.000168509172454258,1,0.00178282222782644
A3,AR,None,287,288,3,290,1.13023129551364,1.13106714586468,0.000835850351040612,0.000835850351040612,6.98645809334715e-07,0.000370420845896021,0.75,0.00303213727975116
A3,AR,None,287,288,4,291,1.13124561424507,1.13277557467763,0.00152996043255271,0.00152996043255271,2.34077892517688e-06,0.000585461146305843,0.75,0.00433224200747623
A3,AR,None,287,288,5,292,1.13157299385586,1.1340192636964,0.0024462698405463,0.0024462698405463,5.98423613276642e-06,0.000844568858257033,0.75,0.00605963671642173
A3,AR,None,287,288,6,293,1.13120954791971,1.13437013954736,0.00316059162765092,0.00316059162765092,9.9893394367771e-06,0.00118974859894609,0.75,0.00771491736856444
A3,AR,None,287,288,7,294,1.13015775527156,1.13439388207781,0.00423612680625274,0.00423612680625274,1.7944770318653e-05,0.00160035389737561,0.75,0.00944426329218967
A3,AR,None,287,288,8,295,1.12842639634863,1.13373389296723,0.0053074966186033,0.0053074966186033,2.81695203564855e-05,0.00216728260800414,0.5,0.01113437893788
A3,AR,None,287,288,9,296,1.12603039899524,1.1326326983564,0.00660229936116563,0.00660229936116563,4.35903568544481e-05,0.00271096664709769,0.5,0.0131218774706344
A3,AR,None,287,288,10,297,1.1229905964864,1.13154620944446,0.00855561295806373,0.00855561295806373,7.3198513088188e-05,0.00345317810649783,0.5,0.0148911134253466
A3,AR,None,287,288,11,298,1.11933340237515,1.12972239687105,0.0103889944959024,0.0103889944959024,0.00010793120663589,0.00415971762705535,0.5,0.0167067519949629
A3,AR,None,287,288,12,299,1.11509040849581,1.12756899421292,0.0124785857171026,0.0124785857171026,0.000155715101499077,0.00497876821730547,0.25,0.0187473005542645
A3,AR,None,287,288,13,300,1.11029791401258,1.12459449950976,0.0142965854971768,0.0142965854971768,0.000204392356878087,0.00585933152799484,0,0.0208047085969725
A3,AR,None,287,288,14,301,1.10499639475119,1.1208672942068,0.0158708994556112,0.0158708994556112,0.000251885449530118,0.00691272230340761,0,0.0226803940402536
A3,AR,None,294,295,1,295,1.12842639634863,1.12859720391392,0.000170807565299524,0.000170807565299524,2.91752243635513e-08,8.48751552728233e-05,1,0.000823019112434153
A3,AR,None,294,295,2,296,1.12603039899524,1.12654229950796,0.000511900512721652,0.000511900512721652,2.62042134924691e-07,0.000193945139377172,1,0.00175449618890539
A3,AR,None,294,295,3,297,1.1229905964864,1.12408834394475,0.00109774745834823,0.00109774745834823,1.20504948231e-06,0.000361740048193291,0.75,0.00295357420793763
A3,AR,None,294,295,4,298,1.11933340237515,1.12103843841946,0.00170503604431405,0.00170503604431405,2.90714791241009e-06,0.000576021649857403,0.75,0.00468414244928123
A3,AR,None,294,295,5,299,1.11509040849581,1.11761638281921,0.00252597432340074,0.00252597432340074,6.38054628247981e-06,0.000874877917956868,0.75,0.00636212541757419
A3,AR,None,294,295,6,300,1.11029791401258,1.11385346782575,0.00355555381317196,0.00355555381317196,1.26419629183617e-05,0.00122984444450124,0.75,0.00832161723268043
A3,AR,None,294,295,7,301,1.10499639475119,1.10971707085088,0.00472067609968363,0.00472067609968363,2.22847828381242e-05,0.00160758693321551,0.75,0.0101999294340391
A3,AR,None,294,295,8,302,1.09922992315667,1.10501214203254,0.00578221887587249,0.00578221887587249,3.34340551284961e-05,0.00200555189420916,0.75,0.0118963124636093
A3,AR,None,294,295,9,303,1.09304555005715,1.09959151361983,0.00654596356268078,0.00654596356268078,4.28496389639444e-05,0.00246924016838001,0.75,0.0133759017738303
A3,AR,None,294,295,10,304,1.08649265996593,1.09451969253331,0.00802703256738191,0.00802703256738191,6.44332518378098e-05,0.00297428739183275,0.5,0.0151974036208233
A3,AR,None,294,295,11,305,1.07962231191225,1.0891925972808,0.00957028536854354,0.00957028536854354,9.15903620353586e-05,0.00340160635330588,0.5,0.0170278745160256
A3,AR,None,294,295,12,306,1.07248657775835,1.08328174691338,0.0107951691550361,0.0107951691550361,0.000116535677085843,0.00386168028326817,0.5,0.0188217736860872
A3,AR,None,294,295,13,307,1.06513788964348,1.0770202369275,0.011882347284025,0.011882347284025,0.000141190176978177,0.00424077443703359,0.5,0.0206472233222863
A3,AR,None,294,295,14,308,1.05762840761481,1.06994883136001,0.0123204237451959,0.0123204237451959,0.000151792841261188,0.00462249671919198,0.5,0.0221330844102327
A3,AR,None,301,302,1,302,1.09922992315667,1.09937980144681,0.000149878290139238,0.000149878290139238,2.24635018550616e-08,7.15769321115328e-05,1,0.000769450081872902
A3,AR,None,301,302,2,303,1.09304555005715,1.09344049469173,0.000394944634575012,0.000394944634575012,1.5598126437959e-07,0.00015053491515185,0.75,0.00157732697140273
A3,AR,None,301,302,3,304,1.08649265996593,1.08724994315818,0.000757283192255098,0.000757283192255098,5.73477833272072e-07,0.00030485055276156,0.75,0.00253822448118934
A3,AR,None,301,302,4,305,1.07962231191225,1.08078159695606,0.00115928504380625,0.00115928504380625,1.34394181279285e-06,0.000442796493613245,0.75,0.00389681337687819
A3,AR,None,301,302,5,306,1.07248657775835,1.07392296968307,0.00143639192472311,0.00143639192472311,2.06322176140977e-06,0.00054944978081743,1,0.00539925856958223
A3,AR,None,301,302,6,307,1.06513788964348,1.06751915820241,0.00238126855892573,0.00238126855892573,5.67043994972823e-06,0.0007723939938658,1,0.00706430329396612
A3,AR,None,301,302,7,308,1.05762840761481,1.06019826528856,0.0025698576737474,0.0025698576737474,6.6041684633184e-06,0.000912482656342753,1,0.00872073434560483
A3,AR,None,301,302,8,309,1.050009417683,1.05282678902726,0.00281737134426119,0.00281737134426119,7.93758129146409e-06,0.00108925944888783,1,0.0105209700507601
A3,AR,None,301,302,9,310,1.0423307695096,1.04569189043156,0.00336112092195617,0.00336112092195617,1.12971338520115e-05,0.00130404026917946,1,0.0125738744508921
A3,AR,None,301,302,10,311,1.034640361729,1.03867948260574,0.00403912087674563,0.00403912087674563,1.63144974569624e-05,0.00149045377696773,1,0.0144057877324253
A3,AR,None,301,302,11,312,1.02698368156921,1.03142559083089,0.0044419092616772,0.0044419092616772,1.97305578889737e-05,0.00166960225765323,1,0.0164726252147301
A3,AR,None,301,302,12,313,1.01940340400532,1.0238629131007,0.00445950909538406,0.00445950909538406,1.98872213718132e-05,0.00178873096186499,1,0.0184448502992219
A3,AR,None,301,302,13,314,1.01193905419829,1.0161847032865,0.00424564908821412,0.00424564908821412,1.80255361802534e-05,0.00189056053849396,1,0.0203766817205656
A3,AR,None,301,302,14,315,1.00462673548266,1.0083464373249,0.00371970184223369,0.00371970184223369,1.38361817951167e-05,0.001977611830679,1,0.0224063456790146
A3,AR,None,308,309,1,309,1.050009417683,1.04990177809515,-0.000107639587853647,0.000107639587853647,1.15862808733031e-08,6.79624067051206e-05,1,0.000686364372408377
A3,AR,None,308,309,2,310,1.0423307695096,1.04210770146638,-0.000223068043219365,0.000223068043219365,4.97593519057167e-08,0.000150498564434982,1,0.00163687800501372
A3,AR,None,308,309,3,311,1.034640361729,1.03425551453434,-0.000384847194653926,0.000384847194653926,1.48107363232996e-07,0.000254705878481245,1,0.00282472629835573
A3,AR,None,308,309,4,312,1.02698368156921,1.02620543431097,-0.00077824725824116,0.00077824725824116,6.05668794959883e-07,0.000385947393607131,1,0.00401097240932574
A3,AR,None,308,309,5,313,1.01940340400532,1.01829962759749,-0.00110377640783121,0.00110377640783121,1.21832235848478e-06,0.000523464951765271,1,0.00530855562631088
A3,AR,None,308,309,6,314,1.01193905419829,1.01049072829139,-0.00144832590689492,0.00144832590689492,2.09764793258299e-06,0.000679994836974849,1,0.00684480708831281
A3,AR,None,308,309,7,315,1.00462673548266,1.00254565067815,-0.00208108480451918,0.00208108480451918,4.33091396360065e-06,0.00083548289693818,1,0.00827195094895383
A3,AR,None,308,309,8,316,0.99749892370806,0.99483077862784,-0.00266814508022051,0.00266814508022051,7.1189981691049e-06,0.00102644367702778,1,0.0099864996418266
A3,AR,None,308,309,9,317,0.99058432734832,0.986756565481879,-0.00382776186644151,0.00382776186644151,1.46517609061838e-05,0.00139054462622395,0.75,0.011328479338329
A3,AR,None,308,309,10,318,0.983907811500708,0.97895818536475,-0.00494962613595828,0.00494962613595828,2.44987988857613e-05,0.00180962216692251,0.75,0.012814357266358
A3,AR,None,308,309,11,319,0.977490382733049,0.971436914230939,-0.00605346850211064,0.00605346850211064,3.66444809060456e-05,0.00215530607254571,0.75,0.0141867395108379
A3,AR,None,308,309,12,320,0.971349230721131,0.964120275247164,-0.0072289554739674,0.0072289554739674,5.22577972446033e-05,0.00249095959748718,0.75,0.0155516559629799
A3,AR,None,308,309,13,321,0.965497821768109,0.957363438837663,-0.00813438293044599,0.00813438293044599,6.61681856591312e-05,0.00297729459854864,0.5,0.0167158553352346
A3,AR,None,308,309,14,322,0.959946038622275,0.950963751859014,-0.00898228676326129,0.00898228676326129,8.0681475497459e-05,0.00363124133621682,0.5,0.0178406871996175
A3,AR,None,315,316,1,316,0.99749892370806,0.997429033317358,-6.98903907020432e-05,6.98903907020432e-05,4.88466671248424e-09,6.05213170216038e-05,1,0.000697799220898521
A3,AR,None,315,316,2,317,0.99058432734832,0.990249023192356,-0.000335304155964167,0.000335304155964167,1.12428877006842e-07,0.000155762090895106,1,0.00165679540239214
A3,AR,None,315,316,3,318,0.983907811500708,0.983128054186073,-0.000779757314635754,0.000779757314635754,6.08021469727962e-07,0.000277536592090269,1,0.00270876365503839
A3,AR,None,315,316,4,319,0.977490382733049,0.976216524228532,-0.00127385850451778,0.00127385850451778,1.62271548953227e-06,0.000448629684221617,0.75,0.00398878425552449
A3,AR,None,315,316,5,320,0.971349230721131,0.969583366062507,-0.00176586465862394,0.00176586465862394,3.11827799257704e-06,0.000630593901851278,0.75,0.00528560092534244
A3,AR,None,315,316,6,321,0.965497821768109,0.962902623621195,-0.00259519814691334,0.00259519814691334,6.73505342174241e-06,0.000839051757505001,0.75,0.00673068978207578
A3,AR,None,315,316,7,322,0.959946038622275,0.956484034712376,-0.00346200390989926,0.00346200390989926,1.19854710721578e-05,0.00112969810059899,0.75,0.0080821080045437
A3,AR,None,315,316,8,323,0.954700360513806,0.950598450671957,-0.00410190984184911,0.00410190984184911,1.68256643506586e-05,0.00143350316244962,0.75,0.00934824240046178
A3,AR,None,315,316,9,324,0.949764077013851,0.944882700873672,-0.00488137614017958,0.00488137614017958,2.38278330219145e-05,0.00186728492142433,0.5,0.0106702506228532
A3,AR,None,315,316,10,325,0.94513752917449,0.939218670593021,-0.00591885858146812,0.00591885858146812,3.50328869074188e-05,0.00227775296430311,0.5,0.0123287781264561
A3,AR,None,315,316,11,326,0.940818371425053,0.933924792780288,-0.00689357864476514,0.00689357864476514,4.7521426531562e-05,0.00272260133852225,0.5,0.0138330419950007
A3,AR,None,315,316,12,327,0.936801847864763,0.92842690021913,-0.00837494764563274,0.00837494764563274,7.01397480670893e-05,0.00322528457366441,0.5,0.0153172121747767
A3,AR,None,315,316,13,328,0.93308107688634,0.923341332649256,-0.00973974423708401,0.00973974423708401,9.48626178038113e-05,0.00380380514610414,0.5,0.0165036381721236
A3,AR,None,315,316,14,329,0.929647338470724,0.918879185258207,-0.0107681532125171,0.0107681532125171,0.000115953123608243,0.00409613732698025,0.5,0.018084769563882
A3,AR,None,322,323,1,323,0.954700360513806,0.954618106826572,-8.22536872342461e-05,8.22536872342461e-05,6.76566906362918e-09,5.17302878208133e-05,1,0.000553863237770569
A3,AR,None,322,323,2,324,0.949764077013851,0.949604902260419,-0.000159174753431968,0.000159174753431968,2.53366021301277e-08,0.000116592331976517,1,0.0014066857222684
A3,AR,None,322,323,3,325,0.94513752917449,0.944745237853129,-0.000392291321360649,0.000392291321360649,1.53892480814884e-07,0.000216319213793232,1,0.00233963304500548
A3,AR,None,322,323,4,326,0.940818371425053,0.940179101035545,-0.00063927038950784,0.00063927038950784,4.08666630901505e-07,0.000323192349274753,0.75,0.00347677896962523
A3,AR,None,322,323,5,327,0.936801847864763,0.935776547180219,-0.00102530068454354,0.00102530068454354,1.05124149372545e-06,0.000489397083231867,0.75,0.00476451716390441
A3,AR,None,322,323,6,328,0.93308107688634,0.931578510881816,-0.00150256600452403,0.00150256600452403,2.25770459795131e-06,0.000698402142286814,0.75,0.00608400230218425
A3,AR,None,322,323,7,329,0.929647338470724,0.927793602388448,-0.0018537360822759,0.0018537360822759,3.43633746273161e-06,0.000867610057924602,0.75,0.00744055378837236
A3,AR,None,322,323,8,330,0.926490358988501,0.924222627956086,-0.00226773103241418,0.00226773103241418,5.14260403537427e-06,0.00105891848548606,0.75,0.00899904960572423
A3,AR,None,322,323,9,331,0.92359858890775,0.920603827449235,-0.00299476145851429,0.00299476145851429,8.96859619340267e-06,0.00129156130005618,0.75,0.0108285170443735
A3,AR,None,322,323,10,332,0.920959469419515,0.917331416291731,-0.00362805312778436,0.00362805312778436,1.31627694980259e-05,0.00138156955666833,0.75,0.0124108769105943
A3,AR,None,322,323,11,333,0.918559684630593,0.914693046143231,-0.00386663848736146,0.00386663848736146,1.49508931919449e-05,0.0014929706548434,0.75,0.0139546348335053
A3,AR,None,322,323,12,334,0.916385396619701,0.912459464099079,-0.00392593252062223,0.00392593252062223,1.54129461564792e-05,0.00149537423754463,1,0.0156528220877911
A3,AR,None,322,323,13,335,0.914422461290127,0.910225802594875,-0.0041966586952521,0.0041966586952521,1.7611944204435e-05,0.00162583234044067,1,0.0173774933617873
A3,AR,None,322,323,14,336,0.912656623564436,0.90829969970821,-0.0043569238562261,0.0043569238562261,1.89827854889521e-05,0.0017560992742536,1,0.0190566124074391
A3,AR,None,329,330,1,330,0.926490358988501,0.92646286156239,-2.74974261107452e-05,2.74974261107452e-05,7.56108442715894e-10,4.48347145374931e-05,1,0.000609548487490646
A3,AR,None,329,330,2,331,0.92359858890775,0.923563959221826,-3.46296859234929e-05,3.46296859234929e-05,1.19921514715976e-09,9.23359195174395e-05,1,0.00132979851977488
A3,AR,None,329,330,3,332,0.920959469419515,0.921053951456493,9.44820369780386e-05,9.44820369780386e-05,8.92685531151945e-09,0.000155572656441018,1,0.00210000330965346
A3,AR,None,329,330,4,333,0.918559684630593,0.918766675286337,0.000206990655744255,0.000206990655744255,4.28451315654366e-08,0.000236037857147552,1,0.00307038232834975
A3,AR,None,329,330,5,334,0.916385396619701,0.916827186640529,0.000441790020828003,0.000441790020828003,1.95178422503208e-07,0.000335225298866268,1,0.00410784365601091
A3,AR,None,329,330,6,335,0.914422461290127,0.91515609444845,0.0007336331583222,0.0007336331583222,5.38217610989806e-07,0.000450598894854984,1,0.00521860543505634
A3,AR,None,329,330,7,336,0.912656623564436,0.913734157519243,0.00107753395480614,0.00107753395480614,1.16107942376017e-06,0.000584257514392291,1,0.00639261620615467
A3,AR,None,329,330,8,337,0.91107369104209,0.912328593288204,0.00125490224611324,0.00125490224611324,1.57477964730006e-06,0.000683087882642963,1,0.00754628191908602
A3,AR,None,329,330,9,338,0.909659685768577,0.911623572089926,0.00196388632134858,0.00196388632134858,3.85684948318008e-06,0.000859646279592777,0.75,0.00885994043064753
A3,AR,None,329,330,10,339,0.90840097423717,0.911081839886698,0.00268086564952885,0.00268086564952885,7.18704063082375e-06,0.00115922696228495,0.75,0.0102587454616761
A3,AR,None,329,330,11,340,0.907284376156499,0.910940729014966,0.00365635285846699,0.00365635285846699,1.33689162256198e-05,0.00154518919643997,0.75,0.011721384558833
A3,AR,None,329,330,12,341,0.906297252865797,0.911317827813784,0.00502057494798702,0.00502057494798702,2.52061728083549e-05,0.0019740384974397,0.75,0.0132123121142587
A3,AR,None,329,330,13,342,0.905427576564174,0.912219305484757,0.00679172892058266,0.00679172892058266,4.61275817306789e-05,0.00245581547065006,0.75,0.0146944504253632
A3,AR,None,329,330,14,343,0.904663981741778,0.913129259817526,0.00846527807574793,0.00846527807574793,7.16609328997386e-05,0.0030661379492871,0.5,0.0162236569859463
A3,AR,None,336,337,1,337,0.91107369104209,0.911163446825523,8.97557834325102e-05,8.97557834325102e-05,8.05610065958368e-09,5.71338413522107e-05,1,0.000668256938594153
A3,AR,None,336,337,2,338,0.909659685768577,0.910076814872162,0.000417129103584712,0.000417129103584712,1.73996689057386e-07,0.000157559157824102,0.75,0.00147697817801939
A3,AR,None,336,337,3,339,0.90840097423717,0.909295495378318,0.000894521141148408,0.000894521141148408,8.0016807196145e-07,0.000319906554100836,0.75,0.00249051232317812
A3,AR,None,336,337,4,340,0.907284376156499,0.908904341731656,0.00161996557515631,0.00161996557515631,2.62428846469152e-06,0.000598437403958848,0.5,0.00344107776453617
A3,AR,None,336,337,5,341,0.906297252865797,0.909008686065421,0.00271143319962397,0.00271143319962397,7.35186999602308e-06,0.00100817597818554,0.5,0.00447050298965729
A3,AR,None,336,337,6,342,0.905427576564174,0.90919846244063,0.00377088587645613,0.00377088587645613,1.42195802932563e-05,0.00145859270453231,0.5,0.00550040969664969
A3,AR,None,336,337,7,343,0.904663981741778,0.90978558849103,0.00512160674925244,0.00512160674925244,2.62308556939881e-05,0.00201472408337908,0.25,0.00660535296806311
A3,AR,None,336,337,8,344,0.9039958003618,0.910680605029477,0.00668480466767685,0.00668480466767685,4.46866134449942e-05,0.00295060087879086,0.25,0.00791300355083571
A3,AR,None,336,337,9,345,0.903413082447181,0.911979599763102,0.00856651731592095,0.00856651731592095,7.33852189239735e-05,0.00401599982038489,0.25,0.00942381209374765
A3,AR,None,336,337,10,346,0.902906603779488,0.913605874496774,0.0106992707172857,0.0106992707172857,0.000114474393881768,0.00521805745288124,0,0.011141525649415
A3,AR,None,336,337,11,347,0.902467862425672,0.91512085744732,0.0126529950216473,0.0126529950216473,0.000160098283017831,0.00660543539503275,0,0.012934856404384
A3,AR,None,336,337,12,348,0.902089065777401,0.917163898715517,0.0150748329381155,0.0150748329381155,0.000227250588112092,0.00838838893633699,0,0.0146942625516513
A3,AR,None,336,337,13,349,0.901763109723909,0.919548838839283,0.0177857291153746,0.0177857291153746,0.000316332160165483,0.0105366933476548,0,0.016215917651582
A3,AR,None,336,337,14,350,0.901483551489164,0.922152180162049,0.0206686286728849,0.0206686286728849,0.000427192211217599,0.0130377864643358,0,0.0175646283134864
A3,AR,None,343,344,1,344,0.9039958003618,0.904258641346223,0.000262840984422308,0.000262840984422308,6.90853830920879e-08,9.72296031935759e-05,0.5,0.000558151118197903
A3,AR,None,343,344,2,345,0.903413082447181,0.904238550733429,0.000825468286247855,0.000825468286247855,6.8139789160097e-07,0.000425603443066745,0,0.00130680617531892
A3,AR,None,343,344,3,346,0.902906603779488,0.904706928004187,0.00180032422469867,0.00180032422469867,3.24116731403686e-06,0.00095198869979028,0,0.00220448781659893
A3,AR,None,343,344,4,347,0.902467862425672,0.905491139015345,0.0030232765896725,0.0030232765896725,9.14020133766176e-06,0.00176384270702096,0,0.00315140085071644
A3,AR,None,343,344,5,348,0.902089065777401,0.906399739620609,0.00431067384320771,0.00431067384320771,1.85819089825152e-05,0.00266427444775063,0,0.00429610691578647
A3,AR,None,343,344,6,349,0.901763109723909,0.907770657874731,0.00600754815082272,0.00600754815082272,3.60906347844534e-05,0.00395465320019516,0,0.0054885222483142
A3,AR,None,343,344,7,350,0.901483551489164,0.909527321050301,0.00804376956113673,0.00804376956113673,6.47022287526697e-05,0.00534152001556562,0,0.00705513650478068
A3,AR,None,343,344,8,351,0.901244577553815,0.91166363386558,0.0104190563117654,0.0104190563117654,0.000108556734427739,0.00713944762077672,0,0.00831669506301103
A3,AR,None,343,344,9,352,0.901040967957625,0.913538780347757,0.0124978123901319,0.0124978123901319,0.000156195314538935,0.0091278062548196,0,0.00969935705506461
A3,AR,None,343,344,10,353,0.90086805814432,0.916356136291107,0.0154880781467864,0.0154880781467864,0.000239880564680963,0.011409225182451,0,0.0110999021637415
A3,AR,None,343,344,11,354,0.900721699372573,0.919324670529378,0.0186029711568049,0.0186029711568049,0.000346070535860914,0.0139545922234202,0,0.0125992842670137
A3,AR,None,343,344,12,355,0.900598218578461,0.922427255907597,0.0218290373291353,0.0218290373291353,0.000476506870716784,0.016779545234867,0,0.0141331220088154
A3,AR,None,343,344,13,356,0.900494378439519,0.926167471861558,0.0256730934220387,0.0256730934220387,0.000659107725856728,0.0196724732667608,0,0.0158882221391298
A3,AR,None,343,344,14,357,0.900407338261319,0.93041880931429,0.0300114710529704,0.0300114710529704,0.000900688394763281,0.0227301194578783,0,0.0178684027867657
A3,AR,None,350,351,1,351,0.901244577553815,0.901490442169596,0.000245864615781355,0.000245864615781355,6.04494092933133e-08,8.87383149697336e-05,0.75,0.000574852480136334
A3,AR,None,350,351,2,352,0.901040967957625,0.901845639715428,0.000804671757802633,0.000804671757802633,6.47496637805179e-07,0.000398754510452322,0,0.00124212341743826
A3,AR,None,350,351,3,353,0.90086805814432,0.902632094668368,0.00176403652404755,0.00176403652404755,3.11182485817377e-06,0.000950976649767077,0,0.00203179179956006
A3,AR,None,350,351,4,354,0.900721699372573,0.903654591766188,0.00293289239361516,0.00293289239361516,8.60185779252567e-06,0.00173952578721332,0,0.00301178589328974
A3,AR,None,350,351,5,355,0.900598218578461,0.905009951192427,0.00441173261396621,0.00441173261396621,1.94633846571332e-05,0.00269442501105813,0,0.00433930315245154
A3,AR,None,350,351,6,356,0.900494378439519,0.906597417814978,0.00610303937545886,0.00610303937545886,3.72470896184013e-05,0.00380352371441024,0,0.00585051076465637
A3,AR,None,350,351,7,357,0.900407338261319,0.90857742501084,0.00817008674952091,0.00817008674952091,6.67503174946972e-05,0.0052256198412107,0,0.00764108871614605
A3,AR,None,350,351,8,358,0.900334616186493,0.911073369173911,0.0107387529874182,0.0107387529874182,0.000115320815724784,0.00693881172788209,0,0.00942348125903392
A3,AR,None,350,351,9,359,0.900274053114855,0.91391339493256,0.0136393418177044,0.0136393418177044,0.000186031645220181,0.00906339685962717,0,0.0112335830643384
A3,AR,None,350,351,10,360,0.90022377862286,0.916826926015434,0.0166031473925736,0.0166031473925736,0.000275664503339524,0.0114177285882618,0,0.0129038780799907
A3,AR,None,350,351,11,361,0.900182179081543,0.920042221972695,0.0198600428911515,0.0198600428911515,0.000394421303638378,0.014170358003623,0,0.0142975731709285
A3,AR,None,350,351,12,362,0.900147868094621,0.923233303526255,0.0230854354316341,0.0230854354316341,0.000532937329068147,0.0171046655561233,0,0.0159550500522663
A3,AR,None,350,351,13,363,0.900119659312237,0.927031732223784,0.0269120729115473,0.0269120729115473,0.000724259668396437,0.0201668873369623,0,0.0179772025335533
A3,AR,None,350,351,14,364,0.900096541620639,0.93114772489375,0.0310511832731112,0.0310511832731112,0.00096417598266034,0.023519565255615,0,0.0200433988980369
A4,ARX,I,49,50,1,50,1.02203147384211,1.02207759078979,4.61169476764223e-05,4.61169476764223e-05,2.12677286298987e-09,3.00067480938384e-05,0,6.27523104144156e-05
A4,ARX,I,49,50,2,51,1.03056020224833,1.03072321847019,0.00016301622185777,0.00016301622185777,2.65742885887818e-08,0.000115546561858181,0,0.000149263186735638
A4,ARX,I,49,50,3,52,1.03926625216349,1.03964473633809,0.000378484174605287,0.000378484174605287,1.43250270426645e-07,0.000270355428409521,0,0.000256589693353793
A4,ARX,I,49,50,4,53,1.0481075144133,1.04879369729047,0.000686182877162933,0.000686182877162933,4.70846940911601e-07,0.000516552767689502,0,0.000400153600744968
A4,ARX,I,49,50,5,54,1.05703788876747,1.05814639998136,0.00110851121389133,0.00110851121389133,1.22879711132283e-06,0.000860636083040178,0,0.000550566591662582
A4,ARX,I,49,50,6,55,1.06600760119977,1.06764670383486,0.00163910263508815,0.00163910263508815,2.68665744835292e-06,0.00131449545012995,0,0.000733344846576278
A4,ARX,I,49,50,7,56,1.07496359760089,1.07725787046558,0.00229427286469064,0.00229427286469064,5.26368797765579e-06,0.00188122914921275,0,0.000963379068802506
A4,ARX,I,49,50,8,57,1.08385001130364,1.08690037213855,0.00305036083490995,0.00305036083490995,9.30470122315252e-06,0.00255982512644526,0,0.0012290965650148
A4,ARX,I,49,50,9,58,1.09260870004363,1.09656488093631,0.00395618089268535,0.00395618089268535,1.56513672556486e-05,0.00336848755261104,0,0.00151752283286255
A4,ARX,I,49,50,10,59,1.10117984625074,1.10616288984322,0.00498304359247759,0.00498304359247759,2.48307234445319e-05,0.00428317335184752,0,0.00183694142638519
A4,ARX,I,49,50,11,60,1.10950261289842,1.11564648686065,0.00614387396222726,0.00614387396222726,3.77471872637341e-05,0.00532937818183035,0,0.0021723527063266
A4,ARX,I,49,50,12,61,1.11751584557657,1.1249662332815,0.00745038770492479,0.00745038770492479,5.55082769536945e-05,0.00645384153800688,0,0.00253935456518145
A4,ARX,I,49,50,13,62,1.12515881004927,1.13399781611423,0.00883900606496191,0.00883900606496191,7.81280282164334e-05,0.00763816399067698,0,0.00294979184261313
A4,ARX,I,49,50,14,63,1.13237195335601,1.14258834192977,0.0102163885737663,0.0102163885737663,0.000104374595490182,0.00883747423560882,0,0.003403969253851
A4,ARX,I,56,57,1,57,1.08385001130364,1.08383997183934,-1.00394643005597e-05,1.00394643005597e-05,1.00790843442212e-10,6.35489934919242e-06,1,7.66261597985873e-05
A4,ARX,I,56,57,2,58,1.09260870004363,1.09256978443332,-3.89156103093313e-05,3.89156103093313e-05,1.51442472574773e-09,1.59595622610574e-05,0.75,0.000170464764589817
A4,ARX,I,56,57,3,59,1.10117984625074,1.10106590531115,-0.000113940939592938,0.000113940939592938,1.29825377153216e-08,4.1409273481019e-05,0.75,0.000277182080216265
A4,ARX,I,56,57,4,60,1.10950261289842,1.10923050903689,-0.000272103861534978,0.000272103861534978,7.40405114622465e-08,0.000103587745614318,0.5,0.000426582832323052
A4,ARX,I,56,57,5,61,1.11751584557657,1.11696867519643,-0.00054717038014096,0.00054717038014096,2.99395424903603e-07,0.000257977867791283,0.25,0.000606111633391415
A4,ARX,I,56,57,6,62,1.12515881004927,1.12420643990184,-0.000952370147427217,0.000952370147427217,9.0700889771054e-07,0.000551378801665276,0,0.000822614979869352
A4,ARX,I,56,57,7,63,1.13237195335601,1.13080666927613,-0.00156528407987655,0.00156528407987655,2.45011425071498e-06,0.00106494652747285,0,0.0010691512427749
A4,ARX,I,56,57,8,64,1.1390976755568,1.13661970208852,-0.00247797346827916,0.00247797346827916,6.14035250949545e-06,0.00184238055797305,0,0.0013465720901788
A4,ARX,I,56,57,9,65,1.14528109854342,1.14156338038677,-0.00371771815665767,0.00371771815665767,1.38214282923421e-05,0.00295008060365225,0,0.00164951136331148
A4,ARX,I,56,57,10,66,1.15087081797014,1.14554259829818,-0.00532821967195574,0.00532821967195574,2.83899248726161e-05,0.00445315586239339,0,0.00197250060710807
A4,ARX,I,56,57,11,67,1.15581962431822,1.14838961276904,-0.0074300115491801,0.0074300115491801,5.52050716209497e-05,0.00645007084104019,0,0.00232819664524558
A4,ARX,I,56,57,12,68,1.16008517941027,1.14995031861352,-0.0101348607967537,0.0101348607967537,0.000102715403369576,0.00905385986589884,0,0.00267507911859954
A4,ARX,I,56,57,13,69,1.16363063533412,1.15008490057272,-0.0135457347614003,0.0135457347614003,0.000183486930226209,0.0123495492434751,0,0.00301578549616299
A4,ARX,I,56,57,14,70,1.16642518371225,1.14864395772341,-0.0177812259888384,0.0177812259888384,0.000316171997666141,0.0164437332089626,0,0.00338201862773369
A4,ARX,I,63,64,1,64,1.1390976755568,1.13897363242169,-0.000124043135108609,0.000124043135108609,1.53866993675726e-08,9.09932047190303e-05,0,7.98339734345843e-05
A4,ARX,I,63,64,2,65,1.14528109854342,1.14486520937615,-0.000415889167276529,0.000415889167276529,1.72963799457964e-07,0.000348464490567488,0,0.00017900903992385
A4,ARX,I,63,64,3,66,1.15087081797014,1.14993472964984,-0.000936088320298456,0.000936088320298456,8.76261343399185e-07,0.000832002759268933,0,0.000294145376397326
A4,ARX,I,63,64,4,67,1.15581962431822,1.15403753483915,-0.00178208947906633,0.00178208947906633,3.1758429113989e-06,0.00162389227419931,0,0.000439741193729359
A4,ARX,I,63,64,5,68,1.16008517941027,1.1571027967355,-0.0029823826747708,0.0029823826747708,8.89460641877303e-06,0.00278426440920158,0,0.000610203667196108
A4,ARX,I,63,64,6,69,1.16363063533412,1.15895000323705,-0.00468063209706848,0.00468063209706848,2.19083168281077e-05,0.00439047178211197,0,0.000842456145204451
A4,ARX,I,63,64,7,70,1.16642518371225,1.1594461685529,-0.00697901515934474,0.00697901515934474,4.87066525943636e-05,0.00655040712201065,0,0.00111155817467118
A4,ARX,I,63,64,8,71,1.16844452454205,1.15852765721054,-0.00991686733151065,0.00991686733151065,9.83442576707831e-05,0.00934905776645913,0,0.00144562688775096
A4,ARX,I,63,64,9,72,1.16967124540443,1.15602087465782,-0.01365037074661,0.01365037074661,0.000186332621519907,0.0128877000908698,0,0.00182290006625063
A4,ARX,I,63,64,10,73,1.17009510365501,1.15185608435959,-0.0182390192954254,0.0182390192954254,0.000332661824858899,0.0172854634779217,0,0.00219131967265457
A4,ARX,I,63,64,11,74,1.16971320622619,1.14592030493528,-0.0237929012909053,0.0237929012909053,0.000566102151838762,0.0226594277981627,0,0.00255552257895975
A4,ARX,I,63,64,12,75,1.16853008382646,1.13815865110233,-0.0303714327241329,0.0303714327241329,0.000922423925716531,0.0291101333536086,0,0.0029285256953035
A4,ARX,I,63,64,13,76,1.16655765856671,1.12837660502229,-0.0381810535444205,0.0381810535444205,0.0014577928497619,0.036680842347185,0,0.00335142850960429
A4,ARX,I,63,64,14,77,1.16381510631036,1.11659896050813,-0.0472161458022293,0.0472161458022293,0.00222936442441738,0.0454858587468129,0,0.00377700635721218
A4,ARX,I,70,71,1,71,1.16844452454205,1.1681836637701,-0.000260860771943427,0.000260860771943427,6.80483423389209e-08,0.000172368361315414,0,0.000159530790230566
A4,ARX,I,70,71,2,72,1.16967124540443,1.1688650965872,-0.000806148817232399,0.000806148817232399,6.49875915525197e-07,0.000649279668123355,0,0.000355381119088893
A4,ARX,I,70,71,3,73,1.17009510365501,1.16836839276106,-0.00172671089395515,0.00172671089395515,2.9815305113034e-06,0.00146499276742989,0,0.000632230842788128
A4,ARX,I,70,71,4,74,1.16971320622619,1.16656317047166,-0.00315003575453199,0.00315003575453199,9.92272525482991e-06,0.00272871136352676,0,0.000976642544194939
A4,ARX,I,70,71,5,75,1.16853008382646,1.16342049265574,-0.00510959117072485,0.00510959117072485,2.61079219319493e-05,0.00451865068698689,0,0.00139554345924153
A4,ARX,I,70,71,6,76,1.16655765856671,1.1588311452767,-0.00772651329000484,0.00772651329000484,5.96990076206215e-05,0.00694500525005365,0,0.00184388779400801
A4,ARX,I,70,71,7,77,1.16381510631036,1.15282914095738,-0.0109859653529756,0.0109859653529756,0.00012069143473678,0.0100809142805822,0,0.00229598833096123
A4,ARX,I,70,71,8,78,1.16032861727303,1.14534236098498,-0.0149862562880525,0.0149862562880525,0.000224587877531193,0.0139907238761231,0,0.00273403833752678
A4,ARX,I,70,71,9,79,1.15613106052547,1.13612509185627,-0.0200059686692009,0.0200059686692009,0.000400238782393048,0.0187774534919276,0,0.00323611664934931
A4,ARX,I,70,71,10,80,1.15126156002278,1.12529532605322,-0.0259662339695548,0.0259662339695548,0.00067424530656166,0.0244968798499968,0,0.00379433488369957
A4,ARX,I,70,71,11,81,1.14576499153988,1.11300774911529,-0.0327572424245903,0.0327572424245903,0.00107303693126338,0.031206368404644,0,0.00440122389505299
A4,ARX,I,70,71,12,82,1.13969141139002,1.09897665222413,-0.040714759165881,0.040714759165881,0.00165769161393569,0.0389690674281635,0,0.00503334452438114
A4,ARX,I,70,71,13,83,1.13309542900156,1.08323840656244,-0.049857022439119,0.049857022439119,0.00248572268649482,0.047900066287667,0,0.0056558119822977
A4,ARX,I,70,71,14,84,1.12603553629897,1.06594142973692,-0.0600941065620404,0.0600941065620404,0.00361130164348987,0.0579954142141073,0,0.00628585661197034
A4,ARX,I,77,78,1,78,1.16032861727303,1.15998716079651,-0.000341456476518509,0.000341456476518509,1.16592525356435e-07,0.000224729656013853,0,0.000244394415893856
A4,ARX,I,77,78,2,79,1.15613106052547,1.1550334461779,-0.00109761434756628,0.00109761434756628,1.20475725598335e-06,0.000843797802975664,0,0.000547738870355696
A4,ARX,I,77,78,3,80,1.15126156002278,1.14891787571523,-0.00234368430754439,0.00234368430754439,5.49285613342983e-06,0.00193712686313893,0,0.000898357196805866
A4,ARX,I,77,78,4,81,1.14576499153988,1.14168575648275,-0.00407923505712859,0.00407923505712859,1.66401586513069e-05,0.00358621464472794,0,0.00131202516962764
A4,ARX,I,77,78,5,82,1.13969141139002,1.13317547992383,-0.00651593146618645,0.00651593146618645,4.24573628720387e-05,0.00580160185883505,0,0.00180451448758528
A4,ARX,I,77,78,6,83,1.13309542900156,1.12353055497411,-0.0095648740274481,0.0095648740274481,9.14868151609512e-05,0.00861653736142626,0,0.00240879122392529
A4,ARX,I,77,78,7,84,1.12603553629897,1.11277366319373,-0.0132618731052343,0.0132618731052343,0.000175877278259337,0.0121477907052746,0,0.00304450940122475
A4,ARX,I,77,78,8,85,1.1185734073562,1.10085361716431,-0.0177197901918913,0.0177197901918913,0.000313990964444647,0.0164130457768989,0,0.00379865297347615
A4,ARX,I,77,78,9,86,1.11077318195776,1.08779500625434,-0.0229781757034238,0.0229781757034238,0.000527996558657414,0.0214949146459376,0,0.0045285637809539
A4,ARX,I,77,78,10,87,1.10270074651478,1.07357719210545,-0.0291235544093331,0.0291235544093331,0.000848181421433387,0.0273974456040332,0,0.00543079957719372
A4,ARX,I,77,78,11,88,1.09442302525472,1.05818636416553,-0.0362366610891935,0.0362366610891935,0.00131309560689307,0.0341508564661784,0,0.00632589113477144
A4,ARX,I,77,78,12,89,1.08600729375556,1.04175745955687,-0.0442498341986888,0.0442498341986888,0.00195804782661145,0.0418463946394522,0,0.00719558071076037
A4,ARX,I,77,78,13,90,1.07752052576068,1.02426222116319,-0.0532583045974973,0.0532583045974973,0.0028364470085998,0.0504572638803726,0,0.00802578519889446
A4,ARX,I,77,78,14,91,1.0690287828289,1.00590023404777,-0.0631285487811264,0.0631285487811264,0.00398521367121105,0.0599931913444499,0,0.00878933674723162
A4,ARX,I,84,85,1,85,1.1185734073562,1.11808891303129,-0.000484494324907603,0.000484494324907603,2.34734750867674e-07,0.000254547988525033,0,0.00036081915548164
A4,ARX,I,84,85,2,86,1.11077318195776,1.10939758140931,-0.00137560054845465,0.00137560054845465,1.89227686890873e-06,0.000926476738637521,0,0.000859434714412799
A4,ARX,I,84,85,3,87,1.10270074651478,1.09991624272075,-0.00278450379402728,0.00278450379402728,7.75346137895233e-06,0.0021118903512498,0,0.00143752309630329
A4,ARX,I,84,85,4,88,1.09442302525472,1.08966142678094,-0.00476159847378255,0.00476159847378255,2.26728200255283e-05,0.00382059572222729,0,0.00205306112300957
A4,ARX,I,84,85,5,89,1.08600729375556,1.0787060722124,-0.00730122154315604,0.00730122154315604,5.33078360222459e-05,0.00609121192727413,0,0.00273257845716096
A4,ARX,I,84,85,6,90,1.07752052576068,1.06697736070638,-0.0105431650543031,0.0105431650543031,0.000111158329362278,0.00897717851999144,0,0.0034285085359641
A4,ARX,I,84,85,7,91,1.0690287828289,1.0545559042147,-0.0144728786142014,0.0144728786142014,0.000209464215381409,0.012459964444458,0,0.00425557652863395
A4,ARX,I,84,85,8,92,1.06059665479083,1.04153747360106,-0.0190591811897682,0.0190591811897682,0.000363252387624415,0.0166665098479994,0,0.00507069012763878
A4,ARX,I,84,85,9,93,1.05228675725001,1.02793676864037,-0.024349988609645,0.024349988609645,0.000592921945289841,0.0215545781867708,0,0.00601686166287829
A4,ARX,I,84,85,10,94,1.04415929053806,1.01367990159257,-0.0304793889454957,0.0304793889454957,0.000928993150490808,0.0271807595731915,0,0.00699545401682022
A4,ARX,I,84,85,11,95,1.03627166266444,0.999078487521994,-0.0371931751424495,0.0371931751424495,0.00138333227717692,0.0335931323478352,0,0.00790617073968689
A4,ARX,I,84,85,12,96,1.02867817694788,0.983994960910323,-0.0446832160375554,0.0446832160375554,0.00199658979545885,0.0407048225373242,0,0.00876070294156994
A4,ARX,I,84,85,13,97,1.02142978323239,0.968727241787172,-0.0527025414452156,0.0527025414452156,0.00277755787478467,0.0485609161811101,0,0.00971545990192554
A4,ARX,I,84,85,14,98,1.01457388992586,0.95290124517469,-0.0616726447511714,0.0616726447511714,0.00380351511060419,0.0572349447038596,0,0.0106734057915061
A4,ARX,I,91,92,1,92,1.06059665479083,1.06007113664589,-0.000525518144940618,0.000525518144940618,2.76169320661828e-07,0.000273067198030117,0,0.000451392767319647
A4,ARX,I,91,92,2,93,1.05228675725001,1.05080881536458,-0.00147794188543426,0.00147794188543426,2.18431221672099e-06,0.000929629759379836,0,0.001098282621045
A4,ARX,I,91,92,3,94,1.04415929053806,1.0412406887543,-0.00291860178376524,0.00291860178376524,8.51823637219764e-06,0.00208414926623967,0,0.00184613217498164
A4,ARX,I,91,92,4,95,1.03627166266444,1.03117577373807,-0.00509588892637614,0.00509588892637614,2.59680839499629e-05,0.00378527898386082,0,0.0026765237874552
A4,ARX,I,91,92,5,96,1.02867817694788,1.02107522843975,-0.00760294850812748,0.00760294850812748,5.78048260172379e-05,0.0059727360766986,0,0.00359124942205757
A4,ARX,I,91,92,6,97,1.02142978323239,1.01054268206824,-0.0108871011641514,0.0108871011641514,0.000118528971758466,0.00882313655096199,0,0.00456693471526998
A4,ARX,I,91,92,7,98,1.01457388992586,0.999945957678408,-0.014627932247453,0.014627932247453,0.000213976401836074,0.0122023353546498,0,0.00566586728952309
A4,ARX,I,91,92,8,99,1.00815423259918,0.989057771886801,-0.019096460712384,0.019096460712384,0.000364674811739626,0.0162820467865307,0,0.00673773809403377
A4,ARX,I,91,92,9,100,1.00221079358812,0.978209495255268,-0.0240012983328519,0.0240012983328519,0.00057606232166256,0.020919886740721,0,0.00793053930380316
A4,ARX,I,91,92,10,101,0.996779765981315,0.967019726287024,-0.0297600396942913,0.0297600396942913,0.000885659962605794,0.0262218142732582,0,0.0090175661781802
A4,ARX,I,91,92,11,102,0.991893554580749,0.955690444621847,-0.0362031099589022,0.0362031099589022,0.00131066517069636,0.0321691126652029,0,0.0100906442245227
A4,ARX,I,91,92,12,103,0.987580805902459,0.944191017539927,-0.0433897883625319,0.0433897883625319,0.00188267373414531,0.0387742375298067,0,0.0112234956497392
A4,ARX,I,91,92,13,104,0.983866459053984,0.932606782009821,-0.051259677044163,0.051259677044163,0.00262755449067189,0.0459664048345306,0,0.0123170000916572
A4,ARX,I,91,92,14,105,0.980771809380591,0.920843147705394,-0.0599286616751969,0.0599286616751969,0.00359144449018022,0.053750434252453,0,0.0134005515394716
A4,ARX,I,98,99,1,99,1.00815423259918,1.00761787937213,-0.0005363532270517,0.0005363532270517,2.87674784168773e-07,0.000293735390899392,0,0.000498694538855093
A4,ARX,I,98,99,2,100,1.00221079358812,1.0005117068954,-0.00169908669271712,0.00169908669271712,2.88689558936841e-06,0.00110887271550535,0,0.00116123914756799
A4,ARX,I,98,99,3,101,0.996779765981315,0.993409438958645,-0.00337032702267048,0.00337032702267048,1.13591042397429e-05,0.00235696590847863,0,0.00198475994404329
A4,ARX,I,98,99,4,102,0.991893554580749,0.986234611454746,-0.00565894312600246,0.00565894312600246,3.20236373033305e-05,0.00413807279975017,0,0.00295933551748293
A4,ARX,I,98,99,5,103,0.987580805902459,0.979163875138405,-0.0084169307640537,0.0084169307640537,7.08447234868736e-05,0.00639283036330267,0,0.00411942512296132
A4,ARX,I,98,99,6,104,0.983866459053984,0.971941633749889,-0.0119248253040949,0.0119248253040949,0.000142201458533182,0.00925781360452812,0,0.00516410426304792
A4,ARX,I,98,99,7,105,0.980771809380591,0.965001269264148,-0.0157705401164426,0.0157705401164426,0.000248709935564326,0.0126244754174785,0,0.00634792727143504
A4,ARX,I,98,99,8,106,0.978314577106943,0.958051406734319,-0.0202631703726242,0.0202631703726242,0.000410596073549993,0.0165612302064527,0,0.00759242931696308
A4,ARX,I,98,99,9,107,0.976508973798412,0.951284350593519,-0.0252246232048926,0.0252246232048926,0.000636281615828806,0.0210754407504851,0,0.00882097953429328
A4,ARX,I,98,99,10,108,0.975365760303647,0.944334913401815,-0.0310308469018318,0.0310308469018318,0.000962913459444923,0.0262679489894181,0,0.0100124627246158
A4,ARX,I,98,99,11,109,0.974892290887597,0.93764964389275,-0.0372426469948479,0.0372426469948479,0.00138701475518285,0.0320985225393287,0,0.0111495445120426
A4,ARX,I,98,99,12,110,0.975092539486771,0.93113568197073,-0.0439568575160407,0.0439568575160407,0.00193220532268551,0.0383857954938639,0,0.0123252260275271
A4,ARX,I,98,99,13,111,0.975967105376107,0.925057651708551,-0.0509094536675568,0.0509094536675568,0.00259177247272912,0.0450630869234183,0,0.0139404468372336
A4,ARX,I,98,99,14,112,0.977513196986095,0.919164590652385,-0.0583486063337105,0.0583486063337105,0.00340455986108632,0.0523684848708015,0,0.0153163377310727
A4,ARX,I,105,106,1,106,0.978314577106943,0.977676101146782,-0.000638475960160867,0.000638475960160867,4.07651551703341e-07,0.000346198392015523,0,0.000543930355685396
A4,ARX,I,105,106,2,107,0.976508973798412,0.974617841456636,-0.00189113234177563,0.00189113234177563,3.57638153410976e-06,0.00125837029130607,0,0.00122227702400099
A4,ARX,I,105,106,3,108,0.975365760303647,0.971845944482629,-0.00351981582101801,0.00351981582101801,1.23891034138887e-05,0.00261380497068152,0,0.00205665628819665
A4,ARX,I,105,106,4,109,0.974892290887597,0.968992149980507,-0.00590014090709046,0.00590014090709046,3.48116627235222e-05,0.00443688309849262,0,0.00309450972888084
A4,ARX,I,105,106,5,110,0.975092539486771,0.966298005720051,-0.00879453376672024,0.00879453376672024,7.73438241739824e-05,0.00681804502091718,0,0.00412264337426912
A4,ARX,I,105,106,6,111,0.975967105376107,0.963908135616845,-0.0120589697592621,0.0120589697592621,0.000145418751654799,0.00954121500433865,0,0.00557214341805057
A4,ARX,I,105,106,7,112,0.977513196986095,0.961491115397953,-0.016022081588142,0.016022081588142,0.000256707098417079,0.0128985604224092,0,0.00687505133826763
A4,ARX,I,105,106,8,113,0.979724594103646,0.959145502889734,-0.0205790912139122,0.0205790912139122,0.000423498995190519,0.0167915911616278,0,0.00825333171071171
A4,ARX,I,105,106,9,114,0.982591590183631,0.957156949827509,-0.0254346403561218,0.0254346403561218,0.000646920930045257,0.0212227834713364,0,0.00968623858181461
A4,ARX,I,105,106,10,115,0.986100917942554,0.955622519694478,-0.0304783982480751,0.0304783982480751,0.000928932759768266,0.0261150957718081,0,0.0110635182477556
A4,ARX,I,105,106,11,116,0.990235662755504,0.954039008932431,-0.0361966538230729,0.0361966538230729,0.00131019774798738,0.0316420355902976,0,0.0123845356149879
A4,ARX,I,105,106,12,117,0.994975169588379,0.952730032391854,-0.0422451371965251,0.0422451371965251,0.00178465161675323,0.0375962970976836,0,0.0137028367946376
A4,ARX,I,105,106,13,118,1.00029495022917,0.951138920594191,-0.0491560296349827,0.0491560296349827,0.00241631524947529,0.0441808724453771,0,0.0148696175987373
A4,ARX,I,105,106,14,119,1.006166598399,0.949744722402036,-0.0564218759969619,0.0564218759969619,0.00318342809101655,0.0511073564295362,0,0.0160757622302915
A4,ARX,I,112,113,1,113,0.979724594103646,0.979198270741998,-0.000526323361648151,0.000526323361648151,2.7701628101661e-07,0.000190111171689622,0.25,0.000740015424811141
A4,ARX,I,112,113,2,114,0.982591590183631,0.981025654365431,-0.00156593581819953,0.00156593581819953,2.45215498672022e-06,0.000864112326721091,0,0.00165810061923827
A4,ARX,I,112,113,3,115,0.986100917942554,0.983071338429662,-0.00302957951289118,0.00302957951289118,9.17835202492995e-06,0.00199110247170611,0,0.00269466159884127
A4,ARX,I,112,113,4,116,0.990235662755504,0.985232777036526,-0.00500288571897711,0.00500288571897711,2.50288655171451e-05,0.0035607165122288,0,0.00404612350085323
A4,ARX,I,112,113,5,117,0.994975169588379,0.987482895447515,-0.00749227414086429,0.00749227414086429,5.61341718018637e-05,0.00536191539549486,0,0.00574884220147318
A4,ARX,I,112,113,6,118,1.00029495022917,0.989894540524353,-0.0104004097048209,0.0104004097048209,0.000108168522028133,0.00761526130886451,0,0.00740962681605659
A4,ARX,I,112,113,7,119,1.006166598399,0.992215279323403,-0.0139513190755951,0.0139513190755951,0.000194639303949064,0.0105501646101778,0,0.00898606918192002
A4,ARX,I,112,113,8,120,1.01255772089538,0.994398988431704,-0.0181587324636804,0.0181587324636804,0.00032973956468752,0.0139407178869595,0,0.0105302085590179
A4,ARX,I,112,113,9,121,1.01943189322359,0.996896187385105,-0.0225357058384821,0.0225357058384821,0.000507858037638595,0.0176881844542887,0,0.0121837976916051
A4,ARX,I,112,113,10,122,1.02674864818975,0.999846244880609,-0.0269024033091358,0.0269024033091358,0.000723739303807403,0.0217233424492351,0,0.0137671869390331
A4,ARX,I,112,113,11,123,1.03446350565443,1.0028965609335,-0.031566944720933,0.031566944720933,0.000996471999014441,0.0260035351717299,0,0.0155981404036964
A4,ARX,I,112,113,12,124,1.04252805107631,1.00571728293058,-0.0368107681457348,0.0368107681457348,0.00135503265147904,0.0306560595270823,0,0.0175249103464919
A4,ARX,I,112,113,13,125,1.05089006962188,1.00864477111896,-0.0422452985029218,0.0422452985029218,0.00178466524560097,0.0353172456082876,0,0.0196487711317198
A4,ARX,I,112,113,14,126,1.05949374149576,1.01205155800823,-0.0474421834875243,0.0474421834875243,0.00225076077406392,0.0401895521138578,0,0.0217461409963076
A4,ARX,I,119,120,1,120,1.01255772089538,1.01212818515154,-0.000429535743842191,0.000429535743842191,1.84500955238064e-07,0.000146148432516578,0.75,0.000771321853392848
A4,ARX,I,119,120,2,121,1.01943189322359,1.01835539742596,-0.00107649579762481,0.00107649579762481,1.15884320230388e-06,0.000405321677722289,0.25,0.00171174352512221
A4,ARX,I,119,120,3,122,1.02674864818975,1.02485591499135,-0.00189273319839267,0.00189273319839267,3.58243896029775e-06,0.00105250606927946,0,0.00279712758936906
A4,ARX,I,119,120,4,123,1.03446350565443,1.03126738758087,-0.0031961180735649,0.0031961180735649,1.02151707401682e-05,0.0018217529877277,0,0.00409782968880062
A4,ARX,I,119,120,5,124,1.04252805107631,1.03770659320276,-0.00482145787354971,0.00482145787354971,2.32464560264145e-05,0.00285073145116856,0,0.00540748154053572
A4,ARX,I,119,120,6,125,1.05089006962188,1.04442313655769,-0.0064669330641971,0.0064669330641971,4.18212232568057e-05,0.00407918076809408,0,0.00680554964044194
A4,ARX,I,119,120,7,126,1.05949374149576,1.05087968660425,-0.00861405489150946,0.00861405489150946,7.4201941673938e-05,0.00539050864190138,0,0.0083796272048855
A4,ARX,I,119,120,8,127,1.06827990278252,1.05760922255477,-0.0106706802277519,0.0106706802277519,0.000113863416522935,0.00669668570311825,0,0.00985097197240714
A4,ARX,I,119,120,9,128,1.07718637451896,1.06447649266421,-0.0127098818547526,0.0127098818547526,0.00016154109676177,0.00805379281503713,0,0.0118319445320106
A4,ARX,I,119,120,10,129,1.08614836097585,1.07118439833709,-0.0149639626387592,0.0149639626387592,0.000223920177854181,0.00945839778113161,0,0.01367640944609
A4,ARX,I,119,120,11,130,1.0950989162678,1.07818566694338,-0.0169132493244213,0.0169132493244213,0.000286058002710037,0.0107535442684841,0,0.0158492150072471
A4,ARX,I,119,120,12,131,1.10396947648052,1.08550085253869,-0.0184686239418348,0.0184686239418348,0.000341090070304913,0.0117617099364124,0,0.0183166732684276
A4,ARX,I,119,120,13,132,1.1126904525627,1.09246520814973,-0.0202252444129665,0.0202252444129665,0.000409060511564231,0.0125612931828836,0,0.0211011670476411
A4,ARX,I,119,120,14,133,1.12119187733184,1.0988301210575,-0.0223617562743386,0.0223617562743386,0.00050004814367292,0.0132135756051111,0,0.0239333280765543
A4,ARX,I,126,127,1,127,1.06827990278252,1.06822947016472,-5.04326177950265e-05,5.04326177950265e-05,2.54344893765922e-09,6.75530806504954e-05,1,0.000806831529879315
A4,ARX,I,126,127,2,128,1.07718637451896,1.07686632130917,-0.000320053209789561,0.000320053209789561,1.02434057096601e-07,0.000158858048604629,1,0.00174958924399626
A4,ARX,I,126,127,3,129,1.08614836097585,1.08576400030245,-0.00038436067340486,0.00038436067340486,1.47733127260237e-07,0.000242784871941924,1,0.00290709412140433
A4,ARX,I,126,127,4,130,1.0950989162678,1.09473047861105,-0.00036843765675254,0.00036843765675254,1.35746306913303e-07,0.00034648083243169,1,0.00439076369249847
A4,ARX,I,126,127,5,131,1.10396947648052,1.10344846453219,-0.000521011948336092,0.000521011948336092,2.71453450308971e-07,0.000470342802689902,1,0.00603763961015363
A4,ARX,I,126,127,6,132,1.1126904525627,1.11236456189788,-0.000325890664818251,0.000325890664818251,1.06204725415682e-07,0.000572027218618207,1,0.00791407103843461
A4,ARX,I,126,127,7,133,1.12119187733184,1.12068994339771,-0.000501933934133003,0.000501933934133003,2.51937674234234e-07,0.000743488699582949,1,0.00997913677990792
A4,ARX,I,126,127,8,134,1.12940409814855,1.12866040361618,-0.000743694532376216,0.000743694532376216,5.53081557486278e-07,0.000901529102966882,1,0.0118819341778142
A4,ARX,I,126,127,9,135,1.13725850517748,1.13722199096752,-3.65142099694182e-05,3.65142099694182e-05,1.33328752969076e-09,0.000990976430952469,1,0.0141280652496001
A4,ARX,I,126,127,10,136,1.14468828372916,1.14557309572314,0.000884811993988377,0.000884811993988377,7.82892264705688e-07,0.00127549960859462,1,0.0167526779201858
A4,ARX,I,126,127,11,137,1.15162917801302,1.15381985594977,0.00219067793674332,0.00219067793674332,4.79906982253399e-06,0.00155615743309319,1,0.0189856163240183
A4,ARX,I,126,127,12,138,1.1580202527693,1.16209185943082,0.00407160666152118,0.00407160666152118,1.65779808061436e-05,0.00193467191326945,1,0.0212921555565775
A4,ARX,I,126,127,13,139,1.16380463871869,1.17034328117519,0.0065386424565026,0.0065386424565026,4.27538451739783e-05,0.00234188175137854,0.75,0.0234477459841643
A4,ARX,I,126,127,14,140,1.16893024759835,1.17791954529733,0.00898929769897849,0.00898929769897849,8.080747312086e-05,0.00301219781208053,0.75,0.025796499018805
A4,ARX,I,133,134,1,134,1.12940409814855,1.12953610948486,0.000132011336303473,0.000132011336303473,1.74269929126285e-08,7.89816483975988e-05,1,0.00084977001173514
A4,ARX,I,133,134,2,135,1.13725850517748,1.13775886124115,0.000500356063670049,0.000500356063670049,2.50356190451386e-07,0.000184831159202945,0.75,0.00186620936611559
A4,ARX,I,133,134,3,136,1.14468828372916,1.14583093782652,0.00114265409736514,0.00114265409736514,1.30565838622534e-06,0.000420803467827971,0.75,0.00274512984970238
A4,ARX,I,133,134,4,137,1.15162917801302,1.15377235670051,0.00214317868748171,0.00214317868748171,4.59321488647581e-06,0.000807607759148553,0.5,0.00387645019637123
A4,ARX,I,133,134,5,138,1.1580202527693,1.16117415118739,0.00315389841809433,0.00315389841809433,9.94707523165789e-06,0.00157135518765758,0,0.00545568463573187
A4,ARX,I,133,134,6,139,1.16380463871869,1.16861296963027,0.00480833091158273,0.00480833091158273,2.3120046155282e-05,0.00279716138074768,0,0.00700218260954949
A4,ARX,I,133,134,7,140,1.16893024759835,1.17591469089796,0.00698444329960979,0.00698444329960979,4.87824482054641e-05,0.00457790193959463,0,0.00855722970891959
A4,ARX,I,133,134,8,141,1.17335044275208,1.18298555644807,0.00963511369599201,0.00963511369599201,9.28354159346929e-05,0.00652792520748152,0,0.0106279241076919
A4,ARX,I,133,134,9,142,1.17702465181467,1.18993565566932,0.0129110038546576,0.0129110038546576,0.000166694020534983,0.00908835425373142,0,0.0127622153318299
A4,ARX,I,133,134,10,143,1.17991890896535,1.19639137870156,0.0164724697362113,0.0164724697362113,0.000271342259210397,0.0118157339314385,0,0.0150389452203045
A4,ARX,I,133,134,11,144,1.1820063155013,1.20227279630158,0.0202664808002786,0.0202664808002786,0.000410730244028061,0.0149609968077927,0,0.0174881499200671
A4,ARX,I,133,134,12,145,1.18326740906918,1.2076086118441,0.0243412027749119,0.0243412027749119,0.00059249415252938,0.0185254598291355,0,0.0200150904178164
A4,ARX,I,133,134,13,146,1.1836904337473,1.2127174788447,0.0290270450973991,0.0290270450973991,0.000842569347086439,0.0226288850157496,0,0.0225641631007632
A4,ARX,I,133,134,14,147,1.18327150524464,1.21829839849467,0.0350268932500308,0.0350268932500308,0.00122688325074906,0.0271858733602477,0,0.0254460692570578
A4,ARX,I,140,141,1,141,1.17335044275208,1.17391174105473,0.000561298302657942,0.000561298302657942,3.15055784566687e-07,0.000167248264329342,0.75,0.00093504049997839
A4,ARX,I,140,141,2,142,1.17702465181467,1.17846056781724,0.00143591600257253,0.00143591600257253,2.06185476644389e-06,0.000662147283638359,0,0.00203200693830341
A4,ARX,I,140,141,3,143,1.17991890896535,1.18253081524239,0.00261190627703911,0.00261190627703911,6.82205440003631e-06,0.001500602961451,0,0.00325991925508634
A4,ARX,I,140,141,4,144,1.1820063155013,1.18645790206905,0.0044515865677448,0.0044515865677448,1.9816622970126e-05,0.00260469567925263,0,0.00483826194569037
A4,ARX,I,140,141,5,145,1.18326740906918,1.18988182213434,0.0066144130651582,0.0066144130651582,4.37504601965355e-05,0.00412811294456883,0,0.00676971723732311
A4,ARX,I,140,141,6,146,1.1836904337473,1.19307938652351,0.00938895277620788,0.00938895277620788,8.81524342338617e-05,0.00624950350440887,0,0.00869054699355853
A4,ARX,I,140,141,7,147,1.18327150524464,1.19564491210976,0.012373406865114,0.012373406865114,0.000153101197449651,0.00866224195086475,0,0.0108571700869362
A4,ARX,I,140,141,8,148,1.18201466771717,1.19789612255118,0.0158814548340149,0.0158814548340149,0.000252220607644856,0.0115315301268948,0,0.0129560169153128
A4,ARX,I,140,141,9,149,1.17993184103448,1.19985545470834,0.0199236136738523,0.0199236136738523,0.000396950381824915,0.0146261573582443,0,0.0152982683905722
A4,ARX,I,140,141,10,150,1.1770426596957,1.20179661539287,0.0247539556971661,0.0247539556971661,0.000612758322657262,0.0179706183239053,0,0.018230558314546
A4,ARX,I,140,141,11,151,1.17337420692442,1.20303869339905,0.0296644864746272,0.0296644864746272,0.000879981757803338,0.0216768085218003,0,0.0214128600922822
A4,ARX,I,140,141,12,152,1.16896064970435,1.20375379051837,0.0347931408140238,0.0347931408140238,0.00121056264770449,0.0255735209992893,0,0.0244934503748892
A4,ARX,I,140,141,13,153,1.1638427825858,1.20396901828825,0.0401262357024506,0.0401262357024506,0.00161011479164862,0.0299080762212646,0,0.0274020443041461
A4,ARX,I,140,141,14,154,1.15806748994287,1.20377227417407,0.0457047842311986,0.0457047842311986,0.00208892730162042,0.0343098738736552,0,0.0303916378916196
A4,ARX,I,147,148,1,148,1.18201466771717,1.18228633970281,0.000271671985639488,0.000271671985639488,7.38056677813021e-08,0.000103141514196649,0.75,0.00093420434727326
A4,ARX,I,147,148,2,149,1.17993184103448,1.18083158644591,0.000899745411426345,0.000899745411426345,8.09541805382762e-07,0.000354992524102774,0.5,0.00214074614391119
A4,ARX,I,147,148,3,150,1.1770426596957,1.17888450862298,0.00184184892728334,0.00184184892728334,3.39240747093479e-06,0.000823199614649078,0.25,0.00340724704365386
A4,ARX,I,147,148,4,151,1.17337420692442,1.17675683997172,0.00338263304729658,0.00338263304729658,1.14422063326629e-05,0.00152505552422332,0,0.00510776509830291
A4,ARX,I,147,148,5,152,1.16896064970435,1.17391577084543,0.00495512114107988,0.00495512114107988,2.45532255227767e-05,0.00248740302848711,0,0.00675510532040868
A4,ARX,I,147,148,6,153,1.1638427825858,1.17080423377785,0.00696145119205238,0.00696145119205238,4.84618026993275e-05,0.00360894567315097,0,0.00872407104289291
A4,ARX,I,147,148,7,154,1.15806748994287,1.16739893587658,0.00933144593370483,0.00933144593370483,8.70758832136564e-05,0.00507865161988783,0,0.0105835777267707
A4,ARX,I,147,148,8,155,1.15168713793976,1.16372426846019,0.0120371305204257,0.0120371305204257,0.000144892511165763,0.00675063836740262,0,0.0125113968252843
A4,ARX,I,147,148,9,156,1.1447589087329,1.15980474621032,0.0150458374774172,0.0150458374774172,0.000226377225396851,0.00850027397889677,0,0.0146234027521476
A4,ARX,I,147,148,10,157,1.13734409035937,1.15568153120828,0.0183374408489057,0.0183374408489057,0.000336261736887114,0.010563281840061,0,0.0166569106363603
A4,ARX,I,147,148,11,158,1.12950733632284,1.15101899287708,0.021511656554241,0.021511656554241,0.000462751367707621,0.0125879346203054,0,0.0189497009182316
A4,ARX,I,147,148,12,159,1.12131590907418,1.14644303421182,0.025127125137641,0.025127125137641,0.000631372417682672,0.0149278932589786,0,0.0213119190728617
A4,ARX,I,147,148,13,160,1.11283892139923,1.14107095198927,0.0282320305900352,0.0282320305900352,0.000797047551236684,0.0172986331887887,0,0.0235412188378042
A4,ARX,I,147,148,14,161,1.10414658918154,1.13594092319536,0.0317943340138194,0.0317943340138194,0.00101087967538231,0.0197558374602401,0,0.0258637927508457
A4,ARX,I,154,155,1,155,1.15168713793976,1.15190188893463,0.000214750994863344,0.000214750994863344,4.61179897947961e-08,0.000104927847130698,0.75,0.000976671073160795
A4,ARX,I,154,155,2,156,1.1447589087329,1.14546542176436,0.000706513031466738,0.000706513031466738,4.9916066363232e-07,0.000265196297589891,0.75,0.0020898888986412
A4,ARX,I,154,155,3,157,1.13734409035937,1.13862290808582,0.00127881772644356,0.00127881772644356,1.63537477746627e-06,0.00048990214603341,0.75,0.00339289083242972
A4,ARX,I,154,155,4,158,1.12950733632284,1.13153026042591,0.00202292410307603,0.00202292410307603,4.09222192680596e-06,0.000746520349891051,0.5,0.00482314184062033
A4,ARX,I,154,155,5,159,1.12131590907418,1.12414912054953,0.00283321147535398,0.00283321147535398,8.02708726407748e-06,0.00115272160230937,0.25,0.00634336521331114
A4,ARX,I,154,155,6,160,1.11283892139923,1.11659474523279,0.00375582383355377,0.00375582383355377,1.41062126686906e-05,0.00158277388357094,0.25,0.00788368326501737
A4,ARX,I,154,155,7,161,1.10414658918154,1.10865932845914,0.00451273927760631,0.00451273927760631,2.03648157876508e-05,0.00195676525151855,0.25,0.00949427134761971
A4,ARX,I,154,155,8,162,1.09530950812892,1.10075215227529,0.00544264414637174,0.00544264414637174,2.96223753040346e-05,0.00230129171088868,0.25,0.0106928506734619
A4,ARX,I,154,155,9,163,1.08639796587165,1.09297819487182,0.00658022900016952,0.00658022900016952,4.3299413694672e-05,0.0027221685550948,0.25,0.0119823308331244
A4,ARX,I,154,155,10,164,1.07748129939817,1.08500449229709,0.0075231928989139,0.0075231928989139,5.65984313942685e-05,0.00312890799427288,0.25,0.0133799997391392
A4,ARX,I,154,155,11,165,1.06862730614107,1.0767944835655,0.00816717742443385,0.00816717742443385,6.67027870821819e-05,0.00344525207363884,0.5,0.0153842765777239
A4,ARX,I,154,155,12,166,1.05990171521389,1.06865662965329,0.00875491443940035,0.00875491443940035,7.66485268412208e-05,0.00348451576379112,0.5,0.0168864283791284
A4,ARX,I,154,155,13,167,1.0513677233864,1.06042027596405,0.00905255257764459,0.00905255257764459,8.19487081710197e-05,0.00336507361841491,0.75,0.0181585851451365
A4,ARX,I,154,155,14,168,1.04308559842943,1.05167431340533,0.00858871497589542,0.00858871497589542,7.37660249371702e-05,0.00330833730435938,0.75,0.019696509118786
A4,ARX,I,161,162,1,162,1.09530950812892,1.09514472663289,-0.000164781496032607,0.000164781496032607,2.71529414347439e-08,8.14915207184155e-05,1,0.00086229594073578
A4,ARX,I,161,162,2,163,1.08639796587165,1.08621933081418,-0.000178635057470622,0.000178635057470622,3.19104837575324e-08,0.000156705799449385,1,0.00191861189656234
A4,ARX,I,161,162,3,164,1.07748129939817,1.07725256853337,-0.000228730864809235,0.000228730864809235,5.23178085163803e-08,0.000260214586523921,1,0.00317189224196113
A4,ARX,I,161,162,4,165,1.06862730614107,1.06811689101658,-0.000510415124489239,0.000510415124489239,2.60523599307365e-07,0.000407305844918411,1,0.00464439227449859
A4,ARX,I,161,162,5,166,1.05990171521389,1.05913479950742,-0.000766915706468696,0.000766915706468696,5.88159700828379e-07,0.00055147721157786,1,0.00630160748968273
A4,ARX,I,161,162,6,167,1.0513677233864,1.05031325744456,-0.00105446594183944,0.00105446594183944,1.11189842249935e-06,0.000721413162044732,1,0.00808637423062036
A4,ARX,I,161,162,7,168,1.04308559842943,1.04142806356456,-0.0016575348648693,0.0016575348648693,2.7474218282573e-06,0.000931228737834669,1,0.0098013235820994
A4,ARX,I,161,162,8,169,1.03511235052023,1.0325996287908,-0.00251272172943184,0.00251272172943184,6.31377048955896e-06,0.00115102246817824,1,0.0115203402651305
A4,ARX,I,161,162,9,170,1.02750147053046,1.02387115398566,-0.00363031654480239,0.00363031654480239,1.3179198215466e-05,0.0014372839279233,1,0.0136152133821309
A4,ARX,I,161,162,10,171,1.02030273227509,1.01576154415692,-0.00454118811816984,0.00454118811816984,2.06223895246069e-05,0.00166375407476078,1,0.0154162857529199
A4,ARX,I,161,162,11,172,1.01356205422887,1.00756667874641,-0.00599537548245599,0.00599537548245599,3.59445271756344e-05,0.00214409366727278,0.75,0.0176240269098738
A4,ARX,I,161,162,12,173,1.00732141485984,0.999507557744814,-0.00781385711502947,0.00781385711502947,6.10563630140966e-05,0.00278870174115351,0.75,0.0194311464102958
A4,ARX,I,161,162,13,174,1.00161881462006,0.992027024689947,-0.00959178993011467,0.00959178993011467,9.20024340634492e-05,0.00359495819243712,0.5,0.0212912664053278
A4,ARX,I,161,162,14,175,0.996488276798802,0.984547870648449,-0.0119404061503532,0.0119404061503532,0.000142573299035392,0.00462699270682714,0.5,0.0234966458620551
A4,ARX,I,168,169,1,169,1.03511235052023,1.03489791418146,-0.000214436338770385,0.000214436338770385,4.59829433852474e-08,8.10595490006455e-05,0.75,0.000727508927212572
A4,ARX,I,168,169,2,170,1.02750147053046,1.02687526927104,-0.000626201259424475,0.000626201259424475,3.92128017304798e-07,0.0002453658041541,0.5,0.00162243970447407
A4,ARX,I,168,169,3,171,1.02030273227509,1.01910668696959,-0.00119604530550199,0.00119604530550199,1.43052437281335e-06,0.000504573104141314,0.5,0.00263421446305218
A4,ARX,I,168,169,4,172,1.01356205422887,1.01165245786817,-0.00190959636069654,0.00190959636069654,3.64655826078548e-06,0.000975406501892731,0.25,0.00375090284027441
A4,ARX,I,168,169,5,173,1.00732141485984,1.00415064537528,-0.00317076948456063,0.00317076948456063,1.00537791242209e-05,0.00177526598347549,0,0.00482392264740145
A4,ARX,I,168,169,6,174,1.00161881462006,0.996773067115716,-0.00484574750434585,0.00484574750434585,2.34812688758741e-05,0.00283230154311729,0,0.00618113064396056
A4,ARX,I,168,169,7,175,0.996488276798802,0.989856844189028,-0.0066314326097745,0.0066314326097745,4.39758984579807e-05,0.00409520202988152,0,0.00755822988886018
A4,ARX,I,168,169,8,176,0.991959878901415,0.983199385373232,-0.00876049352818309,0.00876049352818309,7.67462468573378e-05,0.00551220541457678,0,0.00924375503591132
A4,ARX,I,168,169,9,177,0.988059805975167,0.977013841700349,-0.0110459642748181,0.0110459642748181,0.000122013326760557,0.00732890524334134,0,0.0105102142462272
A4,ARX,I,168,169,10,178,0.984810417363346,0.971158270975501,-0.013652146387845,0.013652146387845,0.000186381100995148,0.00959786811249537,0,0.0116792214062388
A4,ARX,I,168,169,11,179,0.98223031872117,0.965355187674726,-0.016875131046444,0.016875131046444,0.000284770047834658,0.012362343040747,0,0.0129640796355602
A4,ARX,I,168,169,12,180,0.980334431755407,0.960107935622866,-0.0202264961325406,0.0202264961325406,0.000409111145799679,0.0155705026260036,0,0.0141150458900576
A4,ARX,I,168,169,13,181,0.979134055029544,0.955430366304098,-0.023703688725446,0.023703688725446,0.000561864859192838,0.0189324640025509,0,0.0153806135867726
A4,ARX,I,168,169,14,182,0.978636910276946,0.951042791586346,-0.0275941186906005,0.0275941186906005,0.000761435386310946,0.0224223707453455,0,0.0169217422761288
A4,ARX,I,175,176,1,176,0.991959878901415,0.991575316540138,-0.000384562361277263,0.000384562361277263,1.47888209711144e-07,0.000133357604445188,0.75,0.000708487497495941
A4,ARX,I,175,176,2,177,0.988059805975167,0.986986812976204,-0.00107299299896357,0.00107299299896357,1.15131397582484e-06,0.000410545213889302,0.25,0.00151215781293634
A4,ARX,I,175,176,3,178,0.984810417363346,0.98302073138076,-0.00178968598258544,0.00178968598258544,3.20297591626282e-06,0.000823375554641464,0,0.00262444833629655
A4,ARX,I,175,176,4,179,0.98223031872117,0.979259685069986,-0.00297063365118355,0.00297063365118355,8.82466428954412e-06,0.00163204254542649,0,0.0038521492437823
A4,ARX,I,175,176,5,180,0.980334431755407,0.975924399610315,-0.00441003214509206,0.00441003214509206,1.94483835207453e-05,0.00262987917272892,0,0.00509596790932715
A4,ARX,I,175,176,6,181,0.979134055029544,0.972697318222969,-0.00643673680657497,0.00643673680657497,4.1431580717117e-05,0.00400806225423106,0,0.00630397132448854
A4,ARX,I,175,176,7,182,0.978636910276946,0.969991032104742,-0.00864587817220352,0.00864587817220352,7.47512093685854e-05,0.00554357004584297,0,0.00771797350430209
A4,ARX,I,175,176,8,183,0.978847169948569,0.967599930303044,-0.0112472396455252,0.0112472396455252,0.000126500399643874,0.00747584780303118,0,0.00924505475705995
A4,ARX,I,175,176,9,184,0.979765463147698,0.965829047146671,-0.013936416001027,0.013936416001027,0.000194223690953682,0.00970211097785262,0,0.0105661017050282
A4,ARX,I,175,176,10,185,0.981388858626145,0.964491496802616,-0.0168973618235293,0.0168973618235293,0.000285520836595265,0.0122707757133213,0,0.0122530530063432
A4,ARX,I,175,176,11,186,0.983710825086268,0.963671290171984,-0.020039534914284,0.020039534914284,0.000401582959580808,0.0149910119672586,0,0.0139900303580346
A4,ARX,I,175,176,12,187,0.986721170601349,0.962930371044072,-0.0237907995572777,0.0237907995572777,0.000566002143574565,0.0180886283365604,0,0.0156252683623661
A4,ARX,I,175,176,13,188,0.990405964483912,0.962566073395945,-0.0278398910879668,0.0278398910879668,0.000775059535789854,0.0214962866038107,0,0.0173008781395773
A4,ARX,I,175,176,14,189,0.994747446348724,0.962880846778205,-0.031866599570519,0.031866599570519,0.0010154801681878,0.02519389506269,0,0.0186424916367976
A4,ARX,I,182,183,1,183,0.978847169948569,0.978499321532532,-0.0003478484160373,0.0003478484160373,1.20998520539658e-07,0.000128831574114048,0.75,0.000741539921374518
A4,ARX,I,182,183,2,184,0.979765463147698,0.978793237089482,-0.000972226058215564,0.000972226058215564,9.45223508273373e-07,0.000356976739337821,0.5,0.00170621099449791
A4,ARX,I,182,183,3,185,0.981388858626145,0.979495926529692,-0.00189293209645369,0.00189293209645369,3.58319192178457e-06,0.000843280003690715,0,0.0027665861677317
A4,ARX,I,182,183,4,186,0.983710825086268,0.980454888770751,-0.00325593631551724,0.00325593631551724,1.0601121290704e-05,0.00173919231304502,0,0.00392165512693407
A4,ARX,I,182,183,5,187,0.986721170601349,0.981912254048093,-0.00480891655325655,0.00480891655325655,2.31256784161848e-05,0.00293466461149917,0,0.0052199623434549
A4,ARX,I,182,183,6,188,0.990405964483912,0.983801373593155,-0.00660459089075693,0.00660459089075693,4.36206208342695e-05,0.00434418025850144,0,0.00659699552516702
A4,ARX,I,182,183,7,189,0.994747446348724,0.986110366162921,-0.00863708018580289,0.00863708018580289,7.45991541359889e-05,0.0058476933631935,0,0.0082939795862926
A4,ARX,I,182,183,8,190,0.999723928388814,0.988658842331486,-0.0110650860573284,0.0110650860573284,0.000122436129456083,0.00758408450754324,0,0.0101219180455555
A4,ARX,I,182,183,9,191,1.00530969796622,0.991629096398989,-0.0136806015672298,0.0136806015672298,0.000187158859241291,0.00963470171837515,0,0.0117548553887541
A4,ARX,I,182,183,10,192,1.011474928477,0.994999827931227,-0.0164751005457713,0.0164751005457713,0.000271428937993273,0.0117601625869892,0,0.0135508028399966
A4,ARX,I,182,183,11,193,1.01818560705055,0.999293537616144,-0.018892069434411,0.018892069434411,0.000356910287514607,0.0138560515486741,0,0.0156068206034991
A4,ARX,I,182,183,12,194,1.02540348796165,1.00298959174957,-0.0224138962120837,0.0224138962120837,0.000502382743406059,0.0162022692647628,0,0.0176541760045346
A4,ARX,I,182,183,13,195,1.03308608065262,1.00691064375451,-0.0261754368981064,0.0261754368981064,0.000685153496806751,0.0186332905174772,0,0.0198421330966049
A4,ARX,I,182,183,14,196,1.04118668097411,1.01150232783337,-0.0296843531407402,0.0296843531407402,0.000881160821384175,0.0210807165926456,0,0.0220588538885024
A4,ARX,I,189,190,1,190,0.999723928388814,0.999562228346069,-0.000161700042745183,0.000161700042745183,2.61469038237941e-08,7.69672437662627e-05,1,0.000796795069433281
A4,ARX,I,189,190,2,191,1.00530969796622,1.00477027964222,-0.000539418323998397,0.000539418323998397,2.9097212826524e-07,0.000217200482810367,0.75,0.00164843494671268
A4,ARX,I,189,190,3,192,1.011474928477,1.01039377346451,-0.00108115501248962,0.00108115501248962,1.16889616103143e-06,0.00043514698326861,0.75,0.00270455220879007
A4,ARX,I,189,190,4,193,1.01818560705055,1.01660936442216,-0.00157624262838985,0.00157624262838985,2.48454082355333e-06,0.000703813164240183,0.5,0.00398990704215763
A4,ARX,I,189,190,5,194,1.02540348796165,1.02301415512077,-0.00238933284088438,0.00238933284088438,5.70891142452864e-06,0.00108428893928814,0.25,0.00538074039676084
A4,ARX,I,189,190,6,195,1.03308608065262,1.02951302311494,-0.00357305753767267,0.00357305753767267,1.27667401675195e-05,0.00157452480587684,0.25,0.00686405235684495
A4,ARX,I,189,190,7,196,1.04118668097411,1.03654565729232,-0.0046410236817882,0.0046410236817882,2.15391008149189e-05,0.00211217316649017,0.25,0.00847443208671028
A4,ARX,I,189,190,8,197,1.04965445365564,1.04396912901872,-0.00568532463691995,0.00568532463691995,3.2322916227169e-05,0.00249755930421995,0.25,0.0102052098756716
A4,ARX,I,189,190,9,198,1.05843457312053,1.05167127015047,-0.00676330297005401,0.00676330297005401,4.57422670647414e-05,0.00279285551329463,0.25,0.012043798888665
A4,ARX,I,189,190,10,199,1.06746842858259,1.05960472589043,-0.00786370269215242,0.00786370269215242,6.18378200305652e-05,0.00316355531379846,0.25,0.0139085616413488
A4,ARX,I,189,190,11,200,1.07669389792988,1.06768087362332,-0.00901302430656181,0.00901302430656181,8.1234607150674e-05,0.00358373789336755,0.25,0.0157978352426869
A4,ARX,I,189,190,12,201,1.08604569325052,1.07651180517117,-0.0095338880793483,0.0095338880793483,9.08950219095395e-05,0.00381720918495588,0.5,0.017823735102298
A4,ARX,I,189,190,13,202,1.09545577902846,1.08536547696551,-0.0100903020629532,0.0100903020629532,0.000101814195721639,0.00397022487364109,0.5,0.0203180878933708
A4,ARX,I,189,190,14,203,1.10485386208378,1.0940281358895,-0.0108257261942803,0.0108257261942803,0.000117196347633528,0.00411021371614861,0.5,0.0230616604591676
A4,ARX,I,196,197,1,197,1.04965445365564,1.04973086962547,7.64159698365408e-05,7.64159698365408e-05,5.83940044605911e-09,6.5665483636907e-05,1,0.000808520560255044
A4,ARX,I,196,197,2,198,1.05843457312053,1.05852563487687,9.10617563412153e-05,9.10617563412153e-05,8.29224346794686e-09,0.000145176710019385,1,0.00188816732734892
A4,ARX,I,196,197,3,199,1.06746842858259,1.06767796651626,0.00020953793367795,0.00020953793367795,4.3906145650025e-08,0.000226544180129482,1,0.00310424482561905
A4,ARX,I,196,197,4,200,1.07669389792988,1.07708742933918,0.000393531409298875,0.000393531409298875,1.54866970104759e-07,0.000344152874278744,1,0.00459699188313489
A4,ARX,I,196,197,5,201,1.08604569325052,1.08673046404117,0.000684770790646771,0.000684770790646771,4.68911035723005e-07,0.000488214287019018,1,0.00611950183186677
A4,ARX,I,196,197,6,202,1.09545577902846,1.09644516521853,0.00098938619007205,0.00098938619007205,9.78885033105287e-07,0.000653643538617797,1,0.00801305629059507
A4,ARX,I,196,197,7,203,1.10485386208378,1.1063664816366,0.00151261955282611,0.00151261955282611,2.28801791159186e-06,0.00086646832811919,1,0.00998772431546585
A4,ARX,I,196,197,8,204,1.1141679503063,1.11670043089634,0.0025324805900413,0.0025324805900413,6.41345793893592e-06,0.00111038970714474,1,0.0117406530293296
A4,ARX,I,196,197,9,205,1.12332497519201,1.12730833132402,0.00398335613201151,0.00398335613201151,1.58671260744337e-05,0.00145474838609249,1,0.0140810712892546
A4,ARX,I,196,197,10,206,1.13225147119922,1.13776652756048,0.00551505636125582,0.00551505636125582,3.04158466678283e-05,0.00187593048809196,0.75,0.0162928270186715
A4,ARX,I,196,197,11,207,1.14087430305651,1.14826347010274,0.0073891670462225,0.0073891670462225,5.45997896369805e-05,0.00256117746409245,0.75,0.0185494447060989
A4,ARX,I,196,197,12,208,1.14912143043671,1.15895728777933,0.00983585734262027,0.00983585734262027,9.67440896643771e-05,0.00341107936654159,0.75,0.0210500162606439
A4,ARX,I,196,197,13,209,1.15692269791585,1.1696294343827,0.0127067364668545,0.0127067364668545,0.00016146115163809,0.00439158650849509,0.5,0.0236147257575863
A4,ARX,I,196,197,14,210,1.16421063691383,1.1801912016133,0.0159805646994662,0.0159805646994662,0.000255378448113825,0.00597749157110994,0.5,0.0259566904108733
A4,ARX,I,203,204,1,204,1.1141679503063,1.11447252853155,0.000304578225255092,0.000304578225255092,9.27678952995417e-08,0.000105528351491234,0.75,0.000779298742182799
A4,ARX,I,203,204,2,205,1.12332497519201,1.12418611960924,0.000861144417233284,0.000861144417233284,7.41569707332052e-07,0.000296665938951474,0.75,0.00184882249505702
A4,ARX,I,203,204,3,206,1.13225147119922,1.13396472318656,0.00171325198733419,0.00171325198733419,2.93523237210454e-06,0.000622594986476457,0.5,0.00310206497456778
A4,ARX,I,203,204,4,207,1.14087430305651,1.14367443688679,0.00280013383027988,0.00280013383027988,7.84074946747789e-06,0.00110805975360656,0.25,0.00452310143201301
A4,ARX,I,203,204,5,208,1.14912143043671,1.15335838570043,0.00423695526371581,0.00423695526371581,1.79517899067291e-05,0.00180334872189867,0.25,0.00619207300327745
A4,ARX,I,203,204,6,209,1.15692269791585,1.16301111650153,0.00608841858567799,0.00608841858567799,3.70688408744292e-05,0.00285322784631294,0,0.00786997696014857
A4,ARX,I,203,204,7,210,1.16421063691383,1.17263499229869,0.00842435538485953,0.00842435538485953,7.09697636504117e-05,0.00437997283015779,0,0.00987971263194309
A4,ARX,I,203,204,8,211,1.17092126540787,1.18210809213114,0.0111868267232709,0.0111868267232709,0.000125145092136487,0.00639674231553709,0,0.0119663344887821
A4,ARX,I,203,204,9,212,1.17699487065469,1.19127256835328,0.0142776976985914,0.0142776976985914,0.000203852651572363,0.00883324170849328,0,0.0142091059317563
A4,ARX,I,203,204,10,213,1.18237675997831,1.2006658674184,0.0182891074400859,0.0182891074400859,0.000334491450955007,0.0117302998272995,0,0.0165440674388742
A4,ARX,I,203,204,11,214,1.18701796488971,1.20993669146289,0.0229187265731783,0.0229187265731783,0.000525268027736108,0.0152359014053654,0,0.0188511955508184
A4,ARX,I,203,204,12,215,1.19087588440542,1.21906907030673,0.028193185901308,0.028193185901308,0.000794855731265714,0.0194324616366511,0,0.0211420460755651
A4,ARX,I,203,204,13,216,1.19391485441362,1.22811218363411,0.0341973292204811,0.0341973292204811,0.00116945732581397,0.0244058986286202,0,0.0233725002876267
A4,ARX,I,203,204,14,217,1.19610663127637,1.23674977614114,0.0406431448647648,0.0406431448647648,0.00165186522449826,0.0297810666836191,0,0.0257644967103752
A4,ARX,I,210,211,1,211,1.17092126540787,1.17128436090274,0.000363095494874566,0.000363095494874566,1.31838338398206e-07,0.000137628005842948,0.75,0.000827035085473493
A4,ARX,I,210,211,2,212,1.17699487065469,1.17809249610771,0.00109762545301861,0.00109762545301861,1.20478163511432e-06,0.000497375299081448,0.25,0.00179532006126149
A4,ARX,I,210,211,3,213,1.18237675997831,1.1848261309319,0.002449370953584,0.002449370953584,5.99941806826097e-06,0.00123061969027406,0.25,0.00339371155470414
A4,ARX,I,210,211,4,214,1.18701796488971,1.19126121889936,0.00424325400964909,0.00424325400964909,1.80052045904031e-05,0.00242882287342652,0,0.00504125465859756
A4,ARX,I,210,211,5,215,1.19087588440542,1.19760583298313,0.00672994857771236,0.00672994857771236,4.52922078586527e-05,0.00410799525861379,0,0.00671209517446775
A4,ARX,I,210,211,6,216,1.19391485441362,1.20353812349926,0.00962326908563615,0.00962326908563615,9.26073078945605e-05,0.00627561076114272,0,0.00848245344598203
A4,ARX,I,210,211,7,217,1.19610663127637,1.20915573736361,0.0130491060872315,0.0130491060872315,0.000170279169675823,0.00894516060458638,0,0.0105509714864758
A4,ARX,I,210,211,8,218,1.19743077952265,1.21449787652175,0.0170670969991018,0.0170670969991018,0.00029128579997675,0.0122176961461742,0,0.0127976344487922
A4,ARX,I,210,211,9,219,1.19787495543466,1.21940420004372,0.0215292446090596,0.0215292446090596,0.000463508373436721,0.016154787022047,0,0.0148426256289885
A4,ARX,I,210,211,10,220,1.19743508050687,1.22399714507034,0.0265620645634663,0.0265620645634663,0.000705543273873754,0.0205303364438741,0,0.0170974403073212
A4,ARX,I,210,211,11,221,1.19611540110302,1.22884071165517,0.0327253105521528,0.0327253105521528,0.00107094595073484,0.0256181751017313,0,0.0194439878249534
A4,ARX,I,210,211,12,222,1.19392843308619,1.23318832959347,0.0392598965072719,0.0392598965072719,0.0015413394737617,0.0313221366365812,0,0.0218839044235309
A4,ARX,I,210,211,13,223,1.19089479268046,1.23735656323137,0.0464617705509063,0.0464617705509063,0.00215869612272506,0.0376141295275737,0,0.0244703702637702
A4,ARX,I,210,211,14,224,1.18704291727061,1.2414603574684,0.0544174401977873,0.0544174401977873,0.00296125779767975,0.0443042658962338,0,0.02727102965221
A4,ARX,I,217,218,1,218,1.19743077952265,1.19795792391551,0.000527144392861834,0.000527144392861834,2.77881210925671e-07,0.000213362022390899,0.5,0.000880806407104695
A4,ARX,I,217,218,2,219,1.19787495543466,1.19942734669394,0.00155239125927964,0.00155239125927964,2.40991862188783e-06,0.000940769260986361,0,0.00195995535302462
A4,ARX,I,217,218,3,220,1.19743508050687,1.20063432197491,0.00319924146803618,0.00319924146803618,1.02351459708023e-05,0.00218515574762493,0,0.00331593161503352
A4,ARX,I,217,218,4,221,1.19611540110302,1.20175884034896,0.00564343924594435,0.00564343924594435,3.18484065226649e-05,0.0038598843653237,0,0.00499834430053042
A4,ARX,I,217,218,5,222,1.19392843308619,1.20240527561781,0.00847684253161862,0.00847684253161862,7.18568593058584e-05,0.00591379826594966,0,0.006624045916932
A4,ARX,I,217,218,6,223,1.19089479268046,1.20279592589709,0.0119011332166272,0.0119011332166272,0.000141636971839908,0.00852891615177657,0,0.0083405568890359
A4,ARX,I,217,218,7,224,1.18704291727061,1.20318473839108,0.0161418211204687,0.0161418211204687,0.000260558389085209,0.011802634236352,0,0.0103224125249445
A4,ARX,I,217,218,8,225,1.18240868218951,1.20297325572399,0.0205645735344866,0.0205645735344866,0.000422901684655307,0.0155474752172186,0,0.0125385181555759
A4,ARX,I,217,218,9,226,1.17703492171501,1.20210205405929,0.0250671323442813,0.0250671323442813,0.000628361123965712,0.01967487599937,0,0.0149082408740377
A4,ARX,I,217,218,10,227,1.17097086443989,1.20142044027049,0.0304495758305983,0.0304495758305983,0.000927176668263354,0.0241905954931465,0,0.0176586331756226
A4,ARX,I,217,218,11,228,1.16427149483656,1.20076551076758,0.0364940159310165,0.0364940159310165,0.00133181319877329,0.0292030249303457,0,0.0204922879140367
A4,ARX,I,217,218,12,229,1.15699685416926,1.19992854278968,0.0429316886204203,0.0429316886204203,0.00184312988780073,0.0347560898919116,0,0.0234998564690826
A4,ARX,I,217,218,13,230,1.14921129487691,1.19957692036529,0.0503656254883731,0.0503656254883731,0.00253669623083506,0.0409834534127426,0,0.0265956148167636
A4,ARX,I,217,218,14,231,1.14098270313833,1.19866358527717,0.0576808821388399,0.0576808821388399,0.00332708416431474,0.0474118074429791,0,0.0297502604435539
A4,ARX,I,224,225,1,225,1.18240868218951,1.18290860795904,0.000499925769531284,0.000499925769531284,2.49925775041447e-07,0.000193574915011953,0.5,0.000853251415409761
A4,ARX,I,224,225,2,226,1.17703492171501,1.17854367951851,0.00150875780349802,0.00150875780349802,2.27635010961616e-06,0.000627376769849523,0,0.0020248098408871
A4,ARX,I,224,225,3,227,1.17097086443989,1.17397103967045,0.00300017523056284,0.00300017523056284,9.00105141408279e-06,0.00160858280459454,0,0.0033542418880716
A4,ARX,I,224,225,4,228,1.16427149483656,1.16914083747035,0.00486934263379024,0.00486934263379024,2.37104976852473e-05,0.00309924301205705,0,0.00463897659090162
A4,ARX,I,224,225,5,229,1.15699685416926,1.16426267312244,0.00726581895318135,0.00726581895318135,5.27921250604093e-05,0.00505030698002163,0,0.00619813273206682
A4,ARX,I,224,225,6,230,1.14921129487691,1.15944131142104,0.0102300165441249,0.0102300165441249,0.00010465323849307,0.00739119364917666,0,0.00804272552694685
A4,ARX,I,224,225,7,231,1.14098270313833,1.15487656879657,0.013893865658233,0.013893865658233,0.000193039502929027,0.0101074367628868,0,0.00995842912350425
A4,ARX,I,224,225,8,232,1.13238170452692,1.15019439849914,0.0178126939722176,0.0178126939722176,0.000317292066547878,0.0129891657823442,0,0.0122098692451313
A4,ARX,I,224,225,9,233,1.12348086746776,1.14522866075056,0.0217477932827985,0.0217477932827985,0.000472966512671336,0.0161757852516545,0,0.0145183986674
A4,ARX,I,224,225,10,234,1.11435391863849,1.14055315449275,0.026199235854262,0.026199235854262,0.000686399959347247,0.0196509667712352,0,0.0169883793978156
A4,ARX,I,224,225,11,235,1.10507498353222,1.13566388645682,0.0305889029246058,0.0305889029246058,0.000935680982130958,0.0235252645331214,0,0.019533155915336
A4,ARX,I,224,225,12,236,1.09571786416059,1.13143000584395,0.0357121416833563,0.0357121416833563,0.00127535706361212,0.0275450077885702,0,0.0222439419364346
A4,ARX,I,224,225,13,237,1.08635536436126,1.12713353735384,0.0407781729925858,0.0407781729925858,0.00166285939261325,0.031660435805355,0,0.0251186942691926
A4,ARX,I,224,225,14,238,1.07705867143811,1.12244124351097,0.0453825720728602,0.0453825720728602,0.00205957784794835,0.0359520190378626,0,0.0279298891709225
A4,ARX,I,231,232,1,232,1.13238170452692,1.13267670535809,0.000295000831167069,0.000295000831167069,8.70254903892617e-08,0.000125838740111918,0.75,0.000918271020264816
A4,ARX,I,231,232,2,233,1.12348086746776,1.12442884781169,0.000947980343930288,0.000947980343930288,8.98666732478187e-07,0.000349227319359818,0.5,0.0018140879780042
A4,ARX,I,231,232,3,234,1.11435391863849,1.11626374702843,0.00190982838994769,0.00190982838994769,3.64744447905018e-06,0.000800729535899357,0.25,0.00293402166838908
A4,ARX,I,231,232,4,235,1.10507498353222,1.10807558305832,0.00300059952610221,0.00300059952610221,9.00359751604481e-06,0.00157767199817316,0,0.00418775734765547
A4,ARX,I,231,232,5,236,1.09571786416059,1.10008995590346,0.00437209174286579,0.00437209174286579,1.91151862080352e-05,0.00264846012937422,0,0.00549740660834175
A4,ARX,I,231,232,6,237,1.08635536436126,1.09222813982982,0.00587277546855858,0.00587277546855858,3.44894917041034e-05,0.00391979138854198,0,0.0067116279323256
A4,ARX,I,231,232,7,238,1.07705867143811,1.0847808713193,0.00772219988118872,0.00772219988118872,5.96323710050311e-05,0.00528978346821488,0,0.00805242118238336
A4,ARX,I,231,232,8,239,1.06789680095995,1.07735585727098,0.00945905631103239,0.00945905631103239,8.94737462952816e-05,0.00675148467467646,0,0.00946071707856821
A4,ARX,I,231,232,9,240,1.05893610953439,1.07058985103048,0.0116537414960891,0.0116537414960891,0.000135809690857669,0.00827540883684052,0,0.0109531228400971
A4,ARX,I,231,232,10,241,1.0502398783199,1.06384092279777,0.0136010444778709,0.0136010444778709,0.000184988410889023,0.00984723270220741,0,0.0127291031867651
A4,ARX,I,231,232,11,242,1.04186796800132,1.0574587971461,0.0155908291447788,0.0155908291447788,0.000243073953421685,0.0113593121000493,0,0.014377849871182
A4,ARX,I,231,232,12,243,1.0338765439921,1.05175104182647,0.0178744978343697,0.0178744978343697,0.000319497672830886,0.0128743147553691,0,0.0162047442728563
A4,ARX,I,231,232,13,244,1.02631786879539,1.04605763820139,0.0197397694059971,0.0197397694059971,0.000389658496201939,0.014456210392854,0,0.0181450417234084
A4,ARX,I,231,232,14,245,1.01924015680612,1.04075197568991,0.0215118188837906,0.0215118188837906,0.00046275835168901,0.016037217674158,0,0.0200347351760644
A4,ARX,I,238,239,1,239,1.06789680095995,1.06809640347058,0.000199602510634778,0.000199602510634778,3.98411622517065e-08,8.48914717870926e-05,0.75,0.000791740042109301
A4,ARX,I,238,239,2,240,1.05893610953439,1.05944504500199,0.000508935467602889,0.000508935467602889,2.59015310184171e-07,0.000200658173065222,0.75,0.00174574294538204
A4,ARX,I,238,239,3,241,1.0502398783199,1.05107188325675,0.000832004936849762,0.000832004936849762,6.92232214942376e-07,0.000322334511316111,0.75,0.00297520063225559
A4,ARX,I,238,239,4,242,1.04186796800132,1.04301190484905,0.0011439368477324,0.0011439368477324,1.30859151159993e-06,0.000466662096848232,0.75,0.00426060499287062
A4,ARX,I,238,239,5,243,1.0338765439921,1.03535120889133,0.00147466489923365,0.00147466489923365,2.17463656503178e-06,0.000578620532714064,0.75,0.00557844405281183
A4,ARX,I,238,239,6,244,1.02631786879539,1.02799061370566,0.00167274491026359,0.00167274491026359,2.79807553481275e-06,0.000740425606486036,0.75,0.00690273566850813
A4,ARX,I,238,239,7,245,1.01924015680612,1.02125844747388,0.00201829066776438,0.00201829066776438,4.07349721958478e-06,0.000860913605836089,0.75,0.00855346616299091
A4,ARX,I,238,239,8,246,1.01268748541072,1.01487630493123,0.00218881952050509,0.00218881952050509,4.79093089334414e-06,0.000978353660585487,0.75,0.010501204615713
A4,ARX,I,238,239,9,247,1.00669975507686,1.00877519397309,0.00207543889622874,0.00207543889622874,4.30744661197918e-06,0.00101910102979383,1,0.0121539880027831
A4,ARX,I,238,239,10,248,1.00131269024855,1.00355711028015,0.00224442003160918,0.00224442003160918,5.03742127828857e-06,0.00114217205720177,1,0.013726392257868
A4,ARX,I,238,239,11,249,0.996557872292889,0.998607680800525,0.00204980850763581,0.00204980850763581,4.20171491797614e-06,0.00122573804549317,1,0.0154309967716218
A4,ARX,I,238,239,12,250,0.992462795490859,0.994559358251662,0.00209656276080294,0.00209656276080294,4.39557540998567e-06,0.00134438431540951,1,0.0172033462657611
A4,ARX,I,238,239,13,251,0.98905093712718,0.990855268082641,0.00180433095546062,0.00180433095546062,3.25561019683343e-06,0.00142241962220385,1,0.0188091288577381
A4,ARX,I,238,239,14,252,0.986341833104493,0.987535476962228,0.00119364385773479,0.00119364385773479,1.424785659108e-06,0.00152910110230817,1,0.0207110754896929
A4,ARX,I,245,246,1,246,1.01268748541072,1.01256250908324,-0.000124976327486426,0.000124976327486426,1.56190824319943e-08,7.01906680658936e-05,1,0.000789183566855256
A4,ARX,I,245,246,2,247,1.00669975507686,1.00640417353111,-0.000295581545750601,0.000295581545750601,8.73684501883144e-08,0.00015947818303023,1,0.00171600043783016
A4,ARX,I,245,246,3,248,1.00131269024855,1.00080403401414,-0.000508656234407656,0.000508656234407656,2.58731164801776e-07,0.000255999940885028,1,0.00278972696064092
A4,ARX,I,245,246,4,249,0.996557872292889,0.995848109172246,-0.000709763120643192,0.000709763120643192,5.03763687425162e-07,0.000372778327161725,1,0.00409538552947034
A4,ARX,I,245,246,5,250,0.992462795490859,0.991299087649174,-0.00116370784168529,0.00116370784168529,1.35421594079984e-06,0.000529252063906194,1,0.00557447605652578
A4,ARX,I,245,246,6,251,0.98905093712718,0.987346055195717,-0.00170488193146257,0.00170488193146257,2.90662240022753e-06,0.000705580980149451,0.75,0.00713176792165551
A4,ARX,I,245,246,7,252,0.986341833104493,0.983968315142627,-0.0023735179618658,0.0023735179618658,5.63358751529959e-06,0.000935507149496319,0.75,0.00885217900942353
A4,ARX,I,245,246,8,253,0.984351151166515,0.98115811932183,-0.00319303184468489,0.00319303184468489,1.01954523611718e-05,0.00121467225267023,0.75,0.0108657352996151
A4,ARX,I,245,246,9,254,0.98309075473887,0.979070826004656,-0.00401992873421397,0.00401992873421397,1.61598270281592e-05,0.00163883485305332,0.75,0.0130100463532595
A4,ARX,I,245,246,10,255,0.982568751551764,0.977828085979465,-0.0047406655722988,0.0047406655722988,2.24739100683791e-05,0.00198112746482776,0.75,0.015006841240361
A4,ARX,I,245,246,11,256,0.982789522556908,0.976902280155661,-0.00588724240124738,0.00588724240124738,3.46596230910451e-05,0.00232585281273322,0.75,0.0165264911751424
A4,ARX,I,245,246,12,257,0.983753728148167,0.976880879217834,-0.00687284893033313,0.00687284893033313,4.72360524191813e-05,0.00277745126687304,0.75,0.0181208829867149
A4,ARX,I,245,246,13,258,0.985458290293266,0.97727343580423,-0.00818485448903594,0.00818485448903594,6.69918430066918e-05,0.00323424430262152,0.75,0.0199084110364296
A4,ARX,I,245,246,14,259,0.987896350832083,0.977990821875199,-0.00990552895688379,0.00990552895688379,9.81195039156633e-05,0.00369312348723355,0.75,0.0220067182540916
A4,ARX,I,252,253,1,253,0.984351151166515,0.984192672902826,-0.000158478263688089,0.000158478263688089,2.51153600615914e-08,6.96863550873518e-05,1,0.000731830683186746
A4,ARX,I,252,253,2,254,0.98309075473887,0.982749375844816,-0.000341378894053834,0.000341378894053834,1.16539549305419e-07,0.00014877240641423,1,0.00159475666971784
A4,ARX,I,252,253,3,255,0.982568751551764,0.981914241175246,-0.000654510376518425,0.000654510376518425,4.2838383297029e-07,0.000277202093681813,0.75,0.00253010229806522
A4,ARX,I,252,253,4,256,0.982789522556908,0.981607591307682,-0.00118193124922661,0.00118193124922661,1.39696147789837e-06,0.000470608943919874,0.75,0.00380235187754271
A4,ARX,I,252,253,5,257,0.983753728148167,0.981916374352497,-0.00183735379566952,0.00183735379566952,3.37586897046118e-06,0.000706440099848208,0.75,0.00515419755047419
A4,ARX,I,252,253,6,258,0.985458290293266,0.982911566603723,-0.00254672368954356,0.00254672368954356,6.48580155088237e-06,0.000947397644180084,0.75,0.00657875973614844
A4,ARX,I,252,253,7,259,0.987896350832083,0.984533454183282,-0.00336289664880096,0.00336289664880096,1.13090738705167e-05,0.00119546498046621,0.75,0.00835228607434876
A4,ARX,I,252,253,8,260,0.991057207843375,0.986804817364566,-0.00425239047880899,0.00425239047880899,1.80828247842653e-05,0.00145329344178404,0.5,0.00998195592723716
A4,ARX,I,252,253,9,261,0.994926233574265,0.989898306496454,-0.00502792707781163,0.00502792707781163,2.52800506997914e-05,0.00182868919285159,0.5,0.0116345655381657
A4,ARX,I,252,253,10,262,0.999484778914447,0.993530963114814,-0.00595381579963217,0.00595381579963217,3.54479225759496e-05,0.0021924177740208,0.5,0.013636039905298
A4,ARX,I,252,253,11,263,1.00471007073158,0.997772219642151,-0.00693785108942646,0.00693785108942646,4.81337777390559e-05,0.00261674513056426,0.5,0.015633115843018
A4,ARX,I,252,253,12,264,1.01057510952127,1.00233014524925,-0.00824496427201726,0.00824496427201726,6.79794358468412e-05,0.00296376461154488,0.5,0.017237288895976
A4,ARX,I,252,253,13,265,1.01704857572488,1.00759957942153,-0.00944899630334528,0.00944899630334528,8.92835311406328e-05,0.00345419333139366,0.5,0.0188324219453496
A4,ARX,I,252,253,14,266,1.02409475369773,1.01321308874317,-0.0108816649545629,0.0108816649545629,0.000118410632183362,0.00397338040138396,0.5,0.0207850812957305
A4,ARX,I,259,260,1,260,0.991057207843375,0.990998434467462,-5.87733759129794e-05,5.87733759129794e-05,3.45430971620838e-09,5.27369134697907e-05,1,0.000666830704800475
A4,ARX,I,259,260,2,261,0.994926233574265,0.994732913361297,-0.000193320212968695,0.000193320212968695,3.73727047422616e-08,0.000140090572349148,1,0.00156331739692273
A4,ARX,I,259,260,3,262,0.999484778914447,0.999376563471962,-0.00010821544248496,0.00010821544248496,1.17105819922157e-08,0.000215872369364949,1,0.00269094328767142
A4,ARX,I,259,260,4,263,1.00471007073158,1.00450526024581,-0.00020481048577059,0.00020481048577059,4.19473350815851e-08,0.000329831503161763,1,0.00410739534236776
A4,ARX,I,259,260,5,264,1.01057510952127,1.01021848456348,-0.00035662495778821,0.00035662495778821,1.27181360517442e-07,0.000466339986821425,1,0.00574506441278538
A4,ARX,I,259,260,6,265,1.01704857572488,1.01666358486355,-0.000384990861331591,0.000384990861331591,1.4821796330884e-07,0.000590822387474743,1,0.00756995478976658
A4,ARX,I,259,260,7,266,1.02409475369773,1.02368549026547,-0.000409263432260332,0.000409263432260332,1.67496556985507e-07,0.00071190676989038,1,0.0094241825901672
A4,ARX,I,259,260,8,267,1.03167348264356,1.03115696892529,-0.000516513718275213,0.000516513718275213,2.66786421166486e-07,0.000853147275607294,1,0.0114948216467091
A4,ARX,I,259,260,9,268,1.03974014384915,1.03918783840511,-0.00055230544403484,0.00055230544403484,3.05041303510521e-07,0.000990444503533784,1,0.0136466471695255
A4,ARX,I,259,260,10,269,1.04824569324798,1.04785650858982,-0.000389184658154296,0.000389184658154296,1.51464698142676e-07,0.00108012083963785,1,0.01570527861107
A4,ARX,I,259,260,11,270,1.0571367477123,1.05686102557736,-0.000275722134946532,0.000275722134946532,7.60226956994737e-08,0.00120396096028014,1,0.0180018480033688
A4,ARX,I,259,260,12,271,1.06635573252893,1.06594878438438,-0.000406948144545005,0.000406948144545005,1.65606792348622e-07,0.00134656130010519,1,0.0200587992904337
A4,ARX,I,259,260,13,272,1.07584109627462,1.07560100492703,-0.000240091347585514,0.000240091347585514,5.7643855185428e-08,0.00146655837042994,1,0.0223436562204645
A4,ARX,I,259,260,14,273,1.08552759779996,1.08568568381157,0.00015808601161571,0.00015808601161571,2.49911870685624e-08,0.00158276365471665,1,0.0247517676949437
A4,ARX,I,266,267,1,267,1.03167348264356,1.03165830997383,-1.5172669735497e-05,1.5172669735497e-05,2.30209906902467e-10,6.33844746234945e-05,1,0.000844780046913685
A4,ARX,I,266,267,2,268,1.03974014384915,1.03993338110117,0.000193237252026357,0.000193237252026357,3.73406355706978e-08,0.000158412929170566,1,0.0018363414111866
A4,ARX,I,266,267,3,269,1.04824569324798,1.04904550907168,0.000799815823705918,0.000799815823705918,6.39705351850377e-07,0.00030510133265097,1,0.0029973115916096
A4,ARX,I,266,267,4,270,1.0571367477123,1.05826476121892,0.00112801350661607,0.00112801350661607,1.27241447110827e-06,0.000412809191788616,1,0.00412589712830785
A4,ARX,I,266,267,5,271,1.06635573252893,1.06802099076464,0.0016652582357124,0.0016652582357124,2.77308499160796e-06,0.000653017513541144,0.75,0.00540647706350589
A4,ARX,I,266,267,6,272,1.07584109627462,1.07824012038063,0.00239902410601567,0.00239902410601567,5.75531666124428e-06,0.000989951980931735,0.75,0.00694287875837851
A4,ARX,I,266,267,7,273,1.08552759779996,1.08895755840573,0.00342996060577661,0.00342996060577661,1.17646297571794e-05,0.00138883236406414,0.75,0.00858179575038226
A4,ARX,I,266,267,8,274,1.09534666829279,1.1003136979427,0.00496702964991558,0.00496702964991558,2.46713835431405e-05,0.00197816705572524,0.5,0.0103426519014024
A4,ARX,I,266,267,9,275,1.10522684946927,1.11201673918489,0.00678988971561267,0.00678988971561267,4.61026023501828e-05,0.00292599100574893,0.5,0.0123577459360008
A4,ARX,I,266,267,10,276,1.11509430688358,1.12429005251072,0.00919574562713366,0.00919574562713366,8.45617376389477e-05,0.00420484767194274,0.5,0.0147315209266702
A4,ARX,I,266,267,11,277,1.12487341521335,1.13693935797086,0.0120659427575154,0.0120659427575154,0.000145586974627638,0.00580715484531873,0.25,0.0173959298108561
A4,ARX,I,266,267,12,278,1.13448741022938,1.14973834552476,0.0152509352953731,0.0152509352953731,0.000232591027383658,0.00762764446393401,0,0.020378557876242
A4,ARX,I,266,267,13,279,1.14385910005724,1.16305319372925,0.0191940936720165,0.0191940936720165,0.000368413231890145,0.0102169874198677,0,0.0228640856726874
A4,ARX,I,266,267,14,280,1.1529116263496,1.17649206920398,0.0235804428543851,0.0235804428543851,0.000556037285208921,0.0133760490895839,0,0.0254861232802017
A4,ARX,I,273,274,1,274,1.09534666829279,1.09554326757638,0.000196599283590615,0.000196599283590615,3.8651278308343e-08,9.60345456116587e-05,0.75,0.000878696672559576
A4,ARX,I,273,274,2,275,1.10522684946927,1.10614025098041,0.000913401511134504,0.000913401511134504,8.34302320542795e-07,0.000284383025398717,0.75,0.00194731938795162
A4,ARX,I,273,274,3,276,1.11509430688358,1.11697729412161,0.0018829872380286,0.0018829872380286,3.54564093857857e-06,0.000646540615500631,0.75,0.00335504176084833
A4,ARX,I,273,274,4,277,1.12487341521335,1.12785239411062,0.00297897889727339,0.00297897889727339,8.87431527040017e-06,0.00119823541189463,0.25,0.0048330404926008
A4,ARX,I,273,274,5,278,1.13448741022938,1.13920369130437,0.00471628107498634,0.00471628107498634,2.22433071782743e-05,0.0022536968584047,0,0.00655647898858824
A4,ARX,I,273,274,6,279,1.14385910005724,1.15090585271706,0.00704675265982702,0.00704675265982702,4.96567230487791e-05,0.00371999631379231,0,0.00862349739755847
A4,ARX,I,273,274,7,280,1.1529116263496,1.16329071863122,0.0103790922816231,0.0103790922816231,0.000107725556590449,0.0056153811410472,0,0.0111268593092952
A4,ARX,I,273,274,8,281,1.16156926417433,1.17501524760769,0.0134459834333616,0.0134459834333616,0.000180794470490234,0.00799106291003156,0,0.0136967825032579
A4,ARX,I,273,274,9,282,1.16975824784134,1.18689469841175,0.0171364505704101,0.0171364505704101,0.00029365793815211,0.0108375669544532,0,0.0166624336316309
A4,ARX,I,273,274,10,283,1.17740760859581,1.19931067992029,0.0219030713244874,0.0219030713244874,0.000479744533445584,0.0144156899402632,0,0.0199179716751172
A4,ARX,I,273,274,11,284,1.18445000914121,1.21201073835622,0.0275607292150115,0.0275607292150115,0.000759593794863189,0.0186507482069331,0,0.0234305913786182
A4,ARX,I,273,274,12,285,1.19082255935905,1.22487369538213,0.0340511360230873,0.0340511360230873,0.00115947986446279,0.023867989400213,0,0.0264796661314121
A4,ARX,I,273,274,13,286,1.19646759738977,1.23736541464762,0.0408978172578509,0.0408978172578509,0.00167263145645657,0.0297928618567143,0,0.0292461598479924
A4,ARX,I,273,274,14,287,1.20133342044546,1.25009989415767,0.0487664737122115,0.0487664737122115,0.00237816895832382,0.0367260310355728,0,0.0319828832903503
A4,ARX,I,280,281,1,281,1.16156926417433,1.1619873563059,0.000418092131567072,0.000418092131567072,1.74801030478297e-07,0.000148596771938683,0.75,0.000933704983320405
A4,ARX,I,280,281,2,282,1.16975824784134,1.17114031379556,0.00138206595422119,0.00138206595422119,1.91010630181733e-06,0.000585365820197219,0,0.00197863115836511
A4,ARX,I,280,281,3,283,1.17740760859581,1.18030950561526,0.00290189701945631,0.00290189701945631,8.42100631152943e-06,0.00148692410950926,0,0.00325622842366913
A4,ARX,I,280,281,4,284,1.18445000914121,1.18962099864406,0.00517098950285555,0.00517098950285555,2.67391324386423e-05,0.00293753597337488,0,0.00481258400914603
A4,ARX,I,280,281,5,285,1.19082255935905,1.19881531533411,0.00799275597506277,0.00799275597506277,6.38841480769016e-05,0.00505120576351941,0,0.00642874444801106
A4,ARX,I,280,281,6,286,1.19646759738977,1.208133987654,0.0116663902642378,0.0116663902642378,0.000136104661797502,0.0077675423375837,0,0.00813219598104781
A4,ARX,I,280,281,7,287,1.20133342044546,1.21730188291297,0.0159684624675167,0.0159684624675167,0.00025499179357649,0.0109569429366219,0,0.0101434525944726
A4,ARX,I,280,281,8,288,1.20537495034183,1.22614159183923,0.0207666414973948,0.0207666414973948,0.000431253399081321,0.014990078054813,0,0.0123771987241881
A4,ARX,I,280,281,9,289,1.20855431975475,1.23498382822986,0.0264295084751101,0.0264295084751101,0.000698518918235914,0.0198555905097884,0,0.0146799503707055
A4,ARX,I,280,281,10,290,1.21084136660259,1.24319812522834,0.0323567586257467,0.0323567586257467,0.00104695982876483,0.025380749251549,0,0.0170866378816182
A4,ARX,I,280,281,11,291,1.21221402569625,1.25151716703175,0.0393031413355018,0.0393031413355018,0.00154473691883843,0.0315972175813499,0,0.0198101780811779
A4,ARX,I,280,281,12,292,1.21265860883776,1.26090858724206,0.0482499784042987,0.0482499784042987,0.00232806041601529,0.0392183076406498,0,0.0221209362221973
A4,ARX,I,280,281,13,293,1.21216996683341,1.2693877892476,0.0572178224141928,0.0572178224141928,0.00327387920182211,0.0474744712520767,0,0.0247119004182894
A4,ARX,I,280,281,14,294,1.21075152935396,1.2770927610705,0.0663412317165359,0.0663412317165359,0.00440115902566711,0.0560447311536648,0,0.0278528461490117
A4,ARX,I,287,288,1,288,1.20537495034183,1.20603652427777,0.000661573935936133,0.000661573935936133,4.37680072710026e-07,0.000323384468380061,0,0.000815492548885965
A4,ARX,I,287,288,2,289,1.20855431975475,1.21071006944055,0.0021557496858009,0.0021557496858009,4.64725670783068e-06,0.00148366847326389,0,0.00172469344111198
A4,ARX,I,287,288,3,290,1.21084136660259,1.21531721190481,0.00447584530221734,0.00447584530221734,2.0033191169381e-05,0.00339312817717965,0,0.00280242726987623
A4,ARX,I,287,288,4,291,1.21221402569625,1.21970660116867,0.00749257547242577,0.00749257547242577,5.61386872099962e-05,0.00596192946796676,0,0.00425885770385259
A4,ARX,I,287,288,5,292,1.21265860883776,1.22410809553625,0.0114494866984858,0.0114494866984858,0.000131090745658803,0.00921526537595509,0,0.00587395192007339
A4,ARX,I,287,288,6,293,1.21216996683341,1.22816782141122,0.0159978545778108,0.0159978545778108,0.000255931351092781,0.0133205390593197,0,0.00768434185555078
A4,ARX,I,287,288,7,294,1.21075152935396,1.23238930722769,0.0216377778737262,0.0216377778737262,0.000468193431312716,0.0184648251826916,0,0.0095128129437812
A4,ARX,I,287,288,8,295,1.20841522115756,1.23643839690216,0.0280231757445946,0.0280231757445946,0.000785298378812433,0.0237960244281675,0,0.0119132250786456
A4,ARX,I,287,288,9,296,1.20518125581679,1.24012978672027,0.0349485309034843,0.0349485309034843,0.00122139981231179,0.0296965636935809,0,0.0146107004993756
A4,ARX,I,287,288,10,297,1.20107781068956,1.24363846815799,0.0425606574684321,0.0425606574684321,0.0018114095641452,0.0362587672372491,0,0.0175686420701463
A4,ARX,I,287,288,11,298,1.19614058937216,1.2473037822462,0.0511631928740404,0.0511631928740404,0.00261767230506625,0.0437042973838728,0,0.0205883338504083
A4,ARX,I,287,288,12,299,1.19041228020378,1.25086995855675,0.0604576783529711,0.0604576783529711,0.00365513087183131,0.052064042618188,0,0.0233681104712567
A4,ARX,I,287,288,13,300,1.18394192149494,1.25453510255812,0.0705931810631841,0.0705931810631841,0.0049833972126195,0.0611195950326091,0,0.0261766733693437
A4,ARX,I,287,288,14,301,1.17678418597095,1.25854029077574,0.0817561048047863,0.0817561048047863,0.00668406067285121,0.0706051344213966,0,0.0293050865531461
A4,ARX,I,294,295,1,295,1.20841522115756,1.20915149857587,0.000736277418307729,0.000736277418307729,5.42104436709895e-07,0.000299847907645852,0.25,0.000933858822305011
A4,ARX,I,294,295,2,296,1.20518125581679,1.20745279008113,0.00227153426434179,0.00227153426434179,5.1598679140788e-06,0.00120917115359812,0,0.00217106235007364
A4,ARX,I,294,295,3,297,1.20107781068956,1.20556292839014,0.00448511770058158,0.00448511770058158,2.01162807880702e-05,0.00288798067928107,0,0.00350453571682202
A4,ARX,I,294,295,4,298,1.19614058937216,1.20342386334234,0.00728327397018624,0.00728327397018624,5.30460797247925e-05,0.00519355640987663,0,0.00514033714538381
A4,ARX,I,294,295,5,299,1.19041228020378,1.20151975159014,0.0111074713863553,0.0111074713863553,0.000123375920598701,0.00818911005047997,0,0.00702274383471846
A4,ARX,I,294,295,6,300,1.18394192149494,1.19986564461551,0.0159237231205687,0.0159237231205687,0.000253564958020533,0.012151464026738,0,0.00875238690952729
A4,ARX,I,294,295,7,301,1.17678418597095,1.19775799258381,0.0209738066128573,0.0209738066128573,0.000439900563833537,0.0165486702068883,0,0.0108226591991565
A4,ARX,I,294,295,8,302,1.16899859841354,1.19576208988014,0.0267634914666059,0.0267634914666059,0.000716284475483089,0.0216490003181238,0,0.0128985471263793
A4,ARX,I,294,295,9,303,1.16064870161219,1.19418356102336,0.0335348594111666,0.0335348594111666,0.00112458679572671,0.0272604489904252,0,0.0154165012865077
A4,ARX,I,294,295,10,304,1.15180118648105,1.19270428397208,0.0409030974910372,0.0409030974910372,0.00167306338436129,0.0337845486170972,0,0.0178231863125912
A4,ARX,I,294,295,11,305,1.14252500254502,1.19098285530772,0.0484578527627,0.0484578527627,0.00234816349437151,0.0408749834546383,0,0.0200992968987784
A4,ARX,I,294,295,12,306,1.13289046495227,1.18982350129374,0.0569330363414711,0.0569330363414711,0.00324137062705927,0.0483843449210124,0,0.0224981450189725
A4,ARX,I,294,295,13,307,1.12296837374189,1.18834284428189,0.065374470539999,0.065374470539999,0.0042738213983852,0.0565670094323612,0,0.0249395463339481
A4,ARX,I,294,295,14,308,1.11282916030935,1.18735968215269,0.0745305218433405,0.0745305218433405,0.00555479868624066,0.0653287063814606,0,0.0274882920153013
A4,ARX,I,301,302,1,302,1.16899859841354,1.16963012585033,0.000631527436791846,0.000631527436791846,3.98826903420878e-07,0.000268161501964897,0.25,0.000907325830712624
A4,ARX,I,301,302,2,303,1.16064870161219,1.16253318377888,0.00188448216668435,0.00188448216668435,3.55127303655136e-06,0.00115383482247849,0,0.00202295884875187
A4,ARX,I,301,302,3,304,1.15180118648105,1.155570745714,0.00376955923295363,0.00376955923295363,1.4209576810746e-05,0.00266868212649637,0,0.00336123334898797
A4,ARX,I,301,302,4,305,1.14252500254502,1.14856930722301,0.00604430467799477,0.00604430467799477,3.65336190404295e-05,0.00442605827219298,0,0.005154096677216
A4,ARX,I,301,302,5,306,1.13289046495227,1.14182368550617,0.008933220553903,0.008933220553903,7.9802429464675e-05,0.00663395963363518,0,0.00713269249490295
A4,ARX,I,301,302,6,307,1.12296837374189,1.13549469899783,0.0125263252559469,0.0125263252559469,0.000156908824417773,0.0093958632552315,0,0.00911409876091901
A4,ARX,I,301,302,7,308,1.11282916030935,1.12907209515733,0.0162429348479809,0.0162429348479809,0.000263832932475752,0.0124973258986841,0,0.0114175730041765
A4,ARX,I,301,302,8,309,1.1025420749019,1.12360054292326,0.0210584680213604,0.0210584680213604,0.000443459075406657,0.016469331340945,0,0.0132549746709957
A4,ARX,I,301,302,9,310,1.09217442758281,1.11845890927385,0.026284481691041,0.026284481691041,0.000690873977766671,0.0207774026040472,0,0.0152102572259939
A4,ARX,I,301,302,10,311,1.08179089347631,1.11384187988477,0.0320509864084566,0.0320509864084566,0.00102726572975507,0.0254317620650511,0,0.0169905019662431
A4,ARX,I,301,302,11,312,1.07145289129737,1.11003763072171,0.0385847394243446,0.0385847394243446,0.00148878211644457,0.0305921841928799,0,0.0189913064809195
A4,ARX,I,301,302,12,313,1.06121804223751,1.10660053044811,0.0453824882106049,0.0453824882106049,0.00205957023618569,0.0360158021057998,0,0.0212605666265471
A4,ARX,I,301,302,13,314,1.05113971427813,1.10328770788204,0.0521479936039084,0.0521479936039084,0.00271941323691327,0.041899768804532,0,0.0236414037061274
A4,ARX,I,301,302,14,315,1.0412666549909,1.10016439013662,0.0588977351457234,0.0588977351457234,0.00346894320529578,0.0480117725618042,0,0.0260254849243804
A4,ARX,I,308,309,1,309,1.1025420749019,1.10305843347608,0.000516358574177644,0.000516358574177644,2.6662617712677e-07,0.000233704221037136,0.5,0.000803302127621419
A4,ARX,I,308,309,2,310,1.09217442758281,1.09354996516801,0.00137553758520603,0.00137553758520603,1.89210364831444e-06,0.000628739324799634,0.25,0.00175550194641982
A4,ARX,I,308,309,3,311,1.08179089347631,1.08436600253547,0.00257510905915437,0.00257510905915437,6.63118666653889e-06,0.00140238644087485,0,0.00275501595634969
A4,ARX,I,308,309,4,312,1.07145289129737,1.07566538106063,0.00421248976325961,0.00421248976325961,1.7745070005567e-05,0.00240732363545836,0,0.00396214869784939
A4,ARX,I,308,309,5,313,1.06121804223751,1.0677356041338,0.00651756189629538,0.00651756189629538,4.24786130720414e-05,0.00377067925993382,0,0.00551041518359935
A4,ARX,I,308,309,6,314,1.05113971427813,1.06023775984629,0.00909804556815819,0.00909804556815819,8.27744331602828e-05,0.0054382568268532,0,0.00739057906578011
A4,ARX,I,308,309,7,315,1.0412666549909,1.05284516747075,0.0115785124798558,0.0115785124798558,0.000134061951246175,0.00734296334112708,0,0.00927929744278816
A4,ARX,I,308,309,8,316,1.03164271391496,1.04604972262442,0.0144070087094543,0.0144070087094543,0.000207561899954293,0.00978657450797906,0,0.0108792056100302
A4,ARX,I,308,309,9,317,1.02230665372228,1.04030872433316,0.0180020706108839,0.0180020706108839,0.000324074546279249,0.0125126277042744,0,0.0125418772866523
A4,ARX,I,308,309,10,318,1.01329204763781,1.03467574998937,0.02138370235156,0.02138370235156,0.000457262726260111,0.0154421545156337,0,0.0143479081974539
A4,ARX,I,308,309,11,319,1.00462725900902,1.02973480996372,0.025107550954699,0.025107550954699,0.000630389114942805,0.0185836095751237,0,0.0161280565481859
A4,ARX,I,308,309,12,320,0.996335497547414,1.02523261218407,0.0288971146366536,0.0288971146366536,0.000835043234323898,0.0218443432371341,0,0.0178253188295612
A4,ARX,I,308,309,13,321,0.988434945616121,1.02155643475253,0.0331214891364054,0.0331214891364054,0.00109703304261302,0.0254834786430367,0,0.0199102294907274
A4,ARX,I,308,309,14,322,0.980938947025583,1.01875815920648,0.0378192121808985,0.0378192121808985,0.00143029280998382,0.0296010645285338,0,0.0218683050950435
A4,ARX,I,315,316,1,316,1.03164271391496,1.03196490338879,0.000322189473828116,0.000322189473828116,1.03806057045638e-07,0.000111507437745731,0.75,0.00078694695769016
A4,ARX,I,315,316,2,317,1.02230665372228,1.02321072198845,0.000904068266173397,0.000904068266173397,8.17339429901772e-07,0.000301506088788372,0.75,0.00180635778920218
A4,ARX,I,315,316,3,318,1.01329204763781,1.01515745703522,0.0018654093974142,0.0018654093974142,3.4797522199612e-06,0.000651786321326552,0.5,0.00313994456109457
A4,ARX,I,315,316,4,319,1.00462725900902,1.00772275436956,0.00309549536054199,0.00309549536054199,9.58209152713698e-06,0.00114873442676607,0.5,0.00475989075392569
A4,ARX,I,315,316,5,320,0.996335497547414,1.00082641552938,0.00449091798197065,0.00449091798197065,2.01683443207874e-05,0.0017503213271884,0.25,0.00647454397299935
A4,ARX,I,315,316,6,321,0.988434945616121,0.994500298459069,0.00606535284294762,0.00606535284294762,3.67885051094528e-05,0.00248290551544048,0,0.00830036002133691
A4,ARX,I,315,316,7,322,0.980938947025583,0.989065856035586,0.00812690901000312,0.00812690901000312,6.604665005687e-05,0.00368083522307331,0,0.0102713443182649
A4,ARX,I,315,316,8,323,0.973856250129659,0.983928769576846,0.0100725194471873,0.0100725194471873,0.000101455648013967,0.00528310741878781,0,0.011927112432107
A4,ARX,I,315,316,9,324,0.967191296586129,0.979747792799889,0.0125564962137595,0.0125564962137595,0.000157665597166158,0.00695032803304032,0,0.0141855751714828
A4,ARX,I,315,316,10,325,0.96094454694982,0.976298812428703,0.0153542654788829,0.0153542654788829,0.000235753468396014,0.00886303234036789,0,0.016301627884694
A4,ARX,I,315,316,11,326,0.955112834289369,0.973823904837813,0.0187110705484442,0.0187110705484442,0.000350104161068857,0.0110844379551244,0,0.0187803930857549
A4,ARX,I,315,316,12,327,0.949689737240678,0.972085405169534,0.0223956679288569,0.0223956679288569,0.000501565941979631,0.0135137664608901,0,0.0212658851489795
A4,ARX,I,315,316,13,328,0.944665964307884,0.970926574082495,0.0262606097746116,0.0262606097746116,0.000689619625734429,0.0161754712654153,0,0.0238053444568094
A4,ARX,I,315,316,14,329,0.940029741770132,0.970204079418708,0.0301743376485759,0.0301743376485759,0.000910490652530266,0.0191396328528382,0,0.0262226652415811
A4,ARX,I,322,323,1,323,0.973856250129659,0.974013258030035,0.000157007900376316,0.000157007900376316,2.46514807805791e-08,6.90312505482355e-05,1,0.000734024895956309
A4,ARX,I,322,323,2,324,0.967191296586129,0.967741979380583,0.000550682794453139,0.000550682794453139,3.03251540106718e-07,0.000204520280585583,0.75,0.00156939527128155
A4,ARX,I,322,323,3,325,0.96094454694982,0.962208272184922,0.0012637252351021,0.0012637252351021,1.59700146983385e-06,0.000446367004237479,0.75,0.00259340732181224
A4,ARX,I,322,323,4,326,0.955112834289369,0.95722364539862,0.00211081110925126,0.00211081110925126,4.45552353893856e-06,0.000873559291364947,0.25,0.00391388914008331
A4,ARX,I,322,323,5,327,0.949689737240678,0.95289050014675,0.00320076290607296,0.00320076290607296,1.02448831808926e-05,0.00155337635946041,0,0.00532548520594534
A4,ARX,I,322,323,6,328,0.944665964307884,0.949739976711585,0.00507401240370142,0.00507401240370142,2.57456018729159e-05,0.00260412206282649,0,0.00694819125454965
A4,ARX,I,322,323,7,329,0.940029741770132,0.946804312280745,0.00677457051061292,0.00677457051061292,4.58948056032662e-05,0.00376910663778024,0,0.00878558189753822
A4,ARX,I,322,323,8,330,0.935767198221355,0.944770204555601,0.00900300633424633,0.00900300633424633,8.10541230544796e-05,0.00532952176286872,0,0.0107193290446473
A4,ARX,I,322,323,9,331,0.931862739531889,0.943332791436123,0.0114700519042337,0.0114700519042337,0.000131562090685814,0.00714858474969987,0,0.0129395448558782
A4,ARX,I,322,323,10,332,0.928299408846375,0.942956794771471,0.0146573859250962,0.0146573859250962,0.00021483896215721,0.00933385917165855,0,0.0153179445153058
A4,ARX,I,322,323,11,333,0.925059227094433,0.943297057948016,0.0182378308535825,0.0182378308535825,0.000332618474243888,0.0119972279360146,0,0.0177968513260052
A4,ARX,I,322,323,12,334,0.922123510363353,0.944243985276193,0.0221204749128397,0.0221204749128397,0.000489315410369573,0.0151180807168648,0,0.0203985471291111
A4,ARX,I,322,323,13,335,0.919473161342081,0.945965570955622,0.0264924096135408,0.0264924096135408,0.00070184776713163,0.0187333780429555,0,0.0229525674492478
A4,ARX,I,322,323,14,336,0.917088932872826,0.948713817738942,0.0316248848661159,0.0316248848661159,0.00100013334279509,0.0227255891627294,0,0.0253441598483582
A4,ARX,I,329,330,1,330,0.935767198221355,0.936157175171379,0.000389976950024074,0.000389976950024074,1.52082021550079e-07,0.00013153892849567,0.75,0.000705433861169225
A4,ARX,I,329,330,2,331,0.931862739531889,0.932919487423627,0.00105674789173837,0.00105674789173837,1.1167161066935e-06,0.00040438763948869,0.5,0.00168833083028974
A4,ARX,I,329,330,3,332,0.928299408846375,0.930462061321632,0.00216265247525715,0.00216265247525715,4.6770657287359e-06,0.000998816075321029,0,0.00277593685184155
A4,ARX,I,329,330,4,333,0.925059227094433,0.928552473981961,0.00349324688752717,0.00349324688752717,1.22027738172182e-05,0.00192063422256058,0,0.00420358835670206
A4,ARX,I,329,330,5,334,0.922123510363353,0.927373609449519,0.00525009908616536,0.00525009908616536,2.75635404145544e-05,0.00322304865666423,0,0.00569278616378477
A4,ARX,I,329,330,6,335,0.919473161342081,0.927230812120267,0.00775765077818635,0.00775765077818635,6.01811455962953e-05,0.00518117226383052,0,0.00713295715517742
A4,ARX,I,329,330,7,336,0.917088932872826,0.92769784984688,0.0106089169740539,0.0106089169740539,0.000112549119362368,0.0075282694602982,0,0.00871458170974276
A4,ARX,I,329,330,8,337,0.914951662423273,0.929039979913461,0.0140883174901875,0.0140883174901875,0.000198480689704322,0.0103622586525191,0,0.0103959929567431
A4,ARX,I,329,330,9,338,0.913042477004955,0.930587159784098,0.0175446827791436,0.0175446827791436,0.000307815893820777,0.0135879139987756,0,0.0120515588315621
A4,ARX,I,329,330,10,339,0.911342968701348,0.933338662486752,0.0219956937854038,0.0219956937854038,0.00048381054510125,0.0172823991293181,0,0.0139158102554007
A4,ARX,I,329,330,11,340,0.909835341525607,0.936598098622208,0.0267627570966009,0.0267627570966009,0.000716245167411663,0.0213512189998001,0,0.0161718773230492
A4,ARX,I,329,330,12,341,0.908502530798608,0.94065216882608,0.0321496380274716,0.0321496380274716,0.00103359922529745,0.026025176444638,0,0.0183714001707078
A4,ARX,I,329,330,13,342,0.907328296622161,0.945140410972832,0.0378121143506716,0.0378121143506716,0.00142975599166826,0.0310876890211341,0,0.0206471070859258
A4,ARX,I,329,330,14,343,0.906297293321228,0.950374616745701,0.0440773234244737,0.0440773234244737,0.00194281044026566,0.0367514657272178,0,0.022793277611327
A4,ARX,I,336,337,1,337,0.914951662423273,0.915330982269924,0.000379319846650295,0.000379319846650295,1.43883546062803e-07,0.000164883157354795,0.5,0.000704769049696047
A4,ARX,I,336,337,2,338,0.913042477004955,0.914300457575662,0.00125798057070714,0.00125798057070714,1.58251511627666e-06,0.000674969843588681,0,0.00154315138311595
A4,ARX,I,336,337,3,339,0.911342968701348,0.914083859942643,0.00274089124129495,0.00274089124129495,7.51248479660738e-06,0.00156944769766641,0,0.0025717133114487
A4,ARX,I,336,337,4,340,0.909835341525607,0.91422377390622,0.00438843238061248,0.00438843238061248,1.92583387592082e-05,0.00288477805333405,0,0.00388303370779178
A4,ARX,I,336,337,5,341,0.908502530798608,0.915198701039869,0.00669617024126079,0.00669617024126079,4.48386958999466e-05,0.00457788577571165,0,0.00548517145514457
A4,ARX,I,336,337,6,342,0.907328296622161,0.916984900390457,0.00965660376829658,0.00965660376829658,9.32499963378797e-05,0.00687555711778433,0,0.00696342574327918
A4,ARX,I,336,337,7,343,0.906297293321228,0.918973306770727,0.0126760134494992,0.0126760134494992,0.000160681316971885,0.00981648611719909,0,0.00858789629859669
A4,ARX,I,336,337,8,344,0.90539511694659,0.921990019628229,0.0165949026816392,0.0165949026816392,0.000275390795013076,0.0131112258507387,0,0.0104230317174343
A4,ARX,I,336,337,9,345,0.904608333070967,0.925407238151881,0.0207989050809148,0.0207989050809148,0.000432594452564902,0.0168232649481192,0,0.0121794557301168
A4,ARX,I,336,337,10,346,0.903924487184033,0.92963543647085,0.0257109492868172,0.0257109492868172,0.000661052913229284,0.0208099322444132,0,0.0144071599645292
A4,ARX,I,336,337,11,347,0.90333210000287,0.934985460475386,0.0316533604725162,0.0316533604725162,0.00100193522920305,0.0253675936492668,0,0.0167746901307713
A4,ARX,I,336,337,12,348,0.902820649972514,0.940837266048246,0.0380166160757321,0.0380166160757321,0.00144526309784962,0.0306004171413561,0,0.0191236924340742
A4,ARX,I,336,337,13,349,0.902380545145219,0.947069638984519,0.0446890938392999,0.0446890938392999,0.00199711510817775,0.0361638062470234,0,0.0219051818400958
A4,ARX,I,336,337,14,350,0.902003086505286,0.954256013589667,0.0522529270843813,0.0522529270843813,0.00273036838888567,0.0422194083831187,0,0.0248890468580147
A4,ARX,I,343,344,1,344,0.90539511694659,0.905809209164098,0.000414092217507767,0.000414092217507767,1.71472364600499e-07,0.000214660969800999,0,0.000697554465896033
A4,ARX,I,343,344,2,345,0.904608333070967,0.905915621010966,0.00130728793999946,0.00130728793999946,1.70900175806803e-06,0.000912825307570947,0,0.00143236273134476
A4,ARX,I,343,344,3,346,0.903924487184033,0.906610495656623,0.00268600847258926,0.00268600847258926,7.21464151482131e-06,0.00199027033968769,0,0.0023623298257687
A4,ARX,I,343,344,4,347,0.90333210000287,0.908036394833043,0.00470429483017365,0.00470429483017365,2.21303898491985e-05,0.00346687642005595,0,0.00364893103673058
A4,ARX,I,343,344,5,348,0.902820649972514,0.909932040103831,0.00711139013131734,0.00711139013131734,5.05718695997977e-05,0.00534665414549799,0,0.00514853671142271
A4,ARX,I,343,344,6,349,0.902380545145219,0.912501101576933,0.0101205564317137,0.0101205564317137,0.000102425662487502,0.0077080489779885,0,0.00687021226293302
A4,ARX,I,343,344,7,350,0.902003086505286,0.915961310203306,0.0139582236980204,0.0139582236980204,0.000194832008803977,0.0106297096669005,0,0.00855223952065309
A4,ARX,I,343,344,8,351,0.901680424657376,0.919296491245083,0.0176160665877073,0.0176160665877073,0.000310325802022538,0.0140103453596367,0,0.010304876450308
A4,ARX,I,343,344,9,352,0.901405511627779,0.923895227330694,0.0224897157029149,0.0224897157029149,0.000505787312397938,0.0179218416490096,0,0.011976948070518
A4,ARX,I,343,344,10,353,0.901172049347445,0.92870794795687,0.0275358986094242,0.0275358986094242,0.000758225712228488,0.0222404583489834,0,0.0138533498025839
A4,ARX,I,343,344,11,354,0.900974436199026,0.934448555042976,0.0334741188439495,0.0334741188439495,0.00112051663237885,0.0271549267071448,0,0.0158991068793432
A4,ARX,I,343,344,12,355,0.900807712823289,0.940214647480737,0.0394069346574476,0.0394069346574476,0.00155290649909634,0.0326399471946388,0,0.0175475226818531
A4,ARX,I,343,344,13,356,0.900667508197734,0.946880183953401,0.0462126757556666,0.0462126757556666,0.00213561140049837,0.038636739712701,0,0.0194312102442179
A4,ARX,I,343,344,14,357,0.900549986825775,0.953682994949501,0.0531330081237259,0.0531330081237259,0.00282311655227592,0.0449640498473737,0,0.0215442496278261
A4,ARX,I,350,351,1,351,0.901680424657376,0.901990073055267,0.000309648397890938,0.000309648397890938,9.58821303164247e-08,0.00016163948838719,0,0.000701549551523323
A4,ARX,I,350,351,2,352,0.901405511627779,0.902470316211109,0.00106480458333058,0.00106480458333058,1.13380880068181e-06,0.000675682081056683,0,0.00168999066524389
A4,ARX,I,350,351,3,353,0.901172049347445,0.903666288822435,0.00249423947498972,0.00249423947498972,6.22123055859701e-06,0.00169348405892593,0,0.00269194301135037
A4,ARX,I,350,351,4,354,0.900974436199026,0.90523440152084,0.0042599653218135,0.0042599653218135,1.81473045430536e-05,0.00314183886506318,0,0.00362787828105396
A4,ARX,I,350,351,5,355,0.900807712823289,0.907403850041155,0.00659613721786589,0.00659613721786589,4.35090261969156e-05,0.00503200595585004,0,0.00474267901459044
A4,ARX,I,350,351,6,356,0.900667508197734,0.909769552783426,0.00910204458569119,0.00910204458569119,8.28472156399104e-05,0.00727567002258913,0,0.00588769064538958
A4,ARX,I,350,351,7,357,0.900549986825775,0.912874027705558,0.0123240408797829,0.0123240408797829,0.00015188198360656,0.00997432168053214,0,0.00720536644906333
A4,ARX,I,350,351,8,358,0.900451797711482,0.916847660609273,0.0163958628977908,0.0163958628977908,0.000268824320163154,0.0130974832044257,0,0.00890006673734242
A4,ARX,I,350,351,9,359,0.900370025644648,0.921380870082845,0.0210108444381968,0.0210108444381968,0.000441455584006105,0.0167263056109887,0,0.0106844137251405
A4,ARX,I,350,351,10,360,0.900302145185345,0.925677030474332,0.0253748852889869,0.0253748852889869,0.000643884803429244,0.020639028301268,0,0.0125517720690227
A4,ARX,I,350,351,11,361,0.900245977616876,0.930164598099528,0.0299186204826519,0.0299186204826519,0.000895123851584959,0.0248170865430569,0,0.0147287133374649
A4,ARX,I,350,351,12,362,0.900199651031386,0.935649792948596,0.0354501419172107,0.0354501419172107,0.00125671256195038,0.0294653349305433,0,0.0169084026956466
A4,ARX,I,350,351,13,363,0.900161563623067,0.941558087034194,0.0413965234111264,0.0413965234111264,0.00171367215052794,0.0344611255259177,0,0.0193013159874636
A4,ARX,I,350,351,14,364,0.900130350189347,0.947510256662597,0.0473799064732496,0.0473799064732496,0.00224485553741388,0.0397800251804796,0,0.0220497698490177
A4,AR,None,49,50,1,50,1.02203147384211,1.02177624432087,-0.000255229521235245,0.000255229521235245,6.51421085099724e-08,7.54404156226543e-05,0.75,0.000430228961918022
A4,AR,None,49,50,2,51,1.03056020224833,1.02984020747147,-0.000719994776862354,0.000719994776862354,5.18392478709071e-07,0.00023392043100316,0.5,0.00106461724683271
A4,AR,None,49,50,3,52,1.03926625216349,1.03796896441805,-0.00129728774543159,0.00129728774543159,1.68295549444697e-06,0.000508026000343786,0.25,0.00189569460154587
A4,AR,None,49,50,4,53,1.0481075144133,1.04609475218473,-0.00201276222856972,0.00201276222856972,4.05121178875695e-06,0.000888169798705638,0,0.00275916172899843
A4,AR,None,49,50,5,54,1.05703788876747,1.05416938601588,-0.00286850275158246,0.00286850275158246,8.22830803583613e-06,0.00137898040310909,0.25,0.00378159271160727
A4,AR,None,49,50,6,55,1.06600760119977,1.06228056993481,-0.00372703126496288,0.00372703126496288,1.38907620500108e-05,0.00177412104386905,0.25,0.00492842909861146
A4,AR,None,49,50,7,56,1.07496359760089,1.06993163281191,-0.00503196478897894,0.00503196478897894,2.53206696375238e-05,0.00224357412625809,0.25,0.00604128886254957
A4,AR,None,49,50,8,57,1.08385001130364,1.07767298982814,-0.0061770214755017,0.0061770214755017,3.81555943088092e-05,0.00276161582254931,0.25,0.0073039653111997
A4,AR,None,49,50,9,58,1.09260870004363,1.08521617452132,-0.00739252552230996,0.00739252552230996,5.46494335980041e-05,0.0032058652287893,0.25,0.00875177011021588
A4,AR,None,49,50,10,59,1.10117984625074,1.09260957557019,-0.00857027068055149,0.00857027068055149,7.34495395379206e-05,0.00353554402354769,0.25,0.0103807562111761
A4,AR,None,49,50,11,60,1.10950261289842,1.10036988647964,-0.00913272641878882,0.00913272641878882,8.34066918404432e-05,0.00379382314883992,0.5,0.0121633764282437
A4,AR,None,49,50,12,61,1.11751584557657,1.10789299205735,-0.00962285351922643,0.00962285351922643,9.25993098524884e-05,0.00400171410002778,0.5,0.0140111660156045
A4,AR,None,49,50,13,62,1.12515881004927,1.11546534092062,-0.00969346912865321,0.00969346912865321,9.39633437481528e-05,0.00408671475724374,0.5,0.0157828959284771
A4,AR,None,49,50,14,63,1.13237195335601,1.12221173016973,-0.0101602231862752,0.0101602231862752,0.000103230135194924,0.0040770967358287,0.5,0.0173757422510722
A4,AR,None,56,57,1,57,1.08385001130364,1.08385418346362,4.17215997527975e-06,4.17215997527975e-06,1.74069188593264e-11,5.11073330419492e-05,1,0.000567531027190316
A4,AR,None,56,57,2,58,1.09260870004363,1.09249301798289,-0.00011568206073731,0.00011568206073731,1.33823391764307e-08,0.000133965947322566,1,0.0014998597064434
A4,AR,None,56,57,3,59,1.10117984625074,1.10082555907446,-0.000354287176285828,0.000354287176285828,1.25519403280585e-07,0.00024095265801222,1,0.00252109693853242
A4,AR,None,56,57,4,60,1.10950261289842,1.10897534920805,-0.000527263690376589,0.000527263690376589,2.7800699918954e-07,0.000356574957103052,1,0.00388528748878664
A4,AR,None,56,57,5,61,1.11751584557657,1.11695558682286,-0.000560258753716791,0.000560258753716791,3.13889871116292e-07,0.000448184170761186,1,0.00523178171997951
A4,AR,None,56,57,6,62,1.12515881004927,1.12425250255376,-0.000906307495506908,0.000906307495506908,8.21393276412005e-07,0.000599962865053817,1,0.00672440000479468
A4,AR,None,56,57,7,63,1.13237195335601,1.13155259764815,-0.000819355707852409,0.000819355707852409,6.71343775990323e-07,0.00069296486870274,1,0.00831138715274482
A4,AR,None,56,57,8,64,1.1390976755568,1.13843648270079,-0.000661192856010517,0.000661192856010517,4.37175992839345e-07,0.000810431966221098,1,0.0101598619096499
A4,AR,None,56,57,9,65,1.14528109854342,1.14503511574193,-0.000245982801490685,0.000245982801490685,6.05075386292058e-08,0.000906645303182265,1,0.0121157836648983
A4,AR,None,56,57,10,66,1.15087081797014,1.15078704084935,-8.37771207893301e-05,8.37771207893301e-05,7.01860596775e-09,0.00103377292919163,1,0.0138893761513407
A4,AR,None,56,57,11,67,1.15581962431822,1.15607870521758,0.000259080899358777,0.000259080899358777,6.71229124125526e-08,0.00119330890871494,1,0.015686440924093
A4,AR,None,56,57,12,68,1.16008517941027,1.16118352437253,0.00109834496225503,0.00109834496225503,1.206361656111e-06,0.00141276345094456,1,0.0172428516458409
A4,AR,None,56,57,13,69,1.16363063533412,1.16588351036728,0.0022528750331563,0.0022528750331563,5.07544591501899e-06,0.00167534151568265,1,0.0192583073917825
A4,AR,None,56,57,14,70,1.16642518371225,1.16999481818506,0.00356963447281111,0.00356963447281111,1.27422902694815e-05,0.00194507789976641,1,0.0214131933905682
A4,AR,None,63,64,1,64,1.1390976755568,1.13918583566466,8.81601078581706e-05,8.81601078581706e-05,7.77220461756428e-09,6.05888432488815e-05,1,0.000601439249524161
A4,AR,None,63,64,2,65,1.14528109854342,1.14544085319379,0.00015975465036111,0.00015975465036111,2.55215483120006e-08,0.000126877069553911,1,0.00145261531654528
A4,AR,None,63,64,3,66,1.15087081797014,1.1512303811065,0.00035956313635821,0.00035956313635821,1.29285649027752e-07,0.000211499583317307,1,0.00243347526228399
A4,AR,None,63,64,4,67,1.15581962431822,1.15647951970807,0.000659895389856224,0.000659895389856224,4.35461925553498e-07,0.000331361093852865,1,0.00379714191753927
A4,AR,None,63,64,5,68,1.16008517941027,1.16124882035272,0.00116364094244936,0.00116364094244936,1.35406024294444e-06,0.000509406440097402,0.75,0.0052517464282153
A4,AR,None,63,64,6,69,1.16363063533412,1.16532215821951,0.00169152288538199,0.00169152288538199,2.86124967177102e-06,0.000740772706861028,0.75,0.00664953662979068
A4,AR,None,63,64,7,70,1.16642518371225,1.16885580287347,0.00243061916122289,0.00243061916122289,5.90790950690387e-06,0.000996288267809704,0.75,0.0081586746321175
A4,AR,None,63,64,8,71,1.16844452454205,1.17173795202342,0.00329342748136918,0.00329342748136918,1.08466645750378e-05,0.00128934738249513,0.75,0.0101051660352054
A4,AR,None,63,64,9,72,1.16967124540443,1.17425938269904,0.00458813729460217,0.00458813729460217,2.10510038341193e-05,0.00176702269468935,0.5,0.0120893115949578
A4,AR,None,63,64,10,73,1.17009510365501,1.17584915400131,0.00575405034629539,0.00575405034629539,3.31090953877021e-05,0.0023662938574099,0.5,0.0141580379769707
A4,AR,None,63,64,11,74,1.16971320622619,1.1769041488034,0.00719094257721653,0.00719094257721653,5.17096551488255e-05,0.00307936625270846,0.5,0.0160683008499976
A4,AR,None,63,64,12,75,1.16853008382646,1.17715526541386,0.00862518158739656,0.00862518158739656,7.43937574155646e-05,0.00382093796130921,0.5,0.0180692022553431
A4,AR,None,63,64,13,76,1.16655765856671,1.17718519875674,0.0106275401900329,0.0106275401900329,0.000112944610490764,0.00480733885371354,0.25,0.0200196651772929
A4,AR,None,63,64,14,77,1.16381510631036,1.17660509019669,0.0127899838863332,0.0127899838863332,0.000163583687812664,0.00597598146794209,0.25,0.0218555278012542
A4,AR,None,70,71,1,71,1.16844452454205,1.1686737990763,0.000229274534253143,0.000229274534253143,5.25668120569958e-08,9.93768600795512e-05,0,0.000543463593445592
A4,AR,None,70,71,2,72,1.16967124540443,1.17040422604041,0.00073298063597238,0.00073298063597238,5.37260612710475e-07,0.000402329671181972,0,0.0013865000638757
A4,AR,None,70,71,3,73,1.17009510365501,1.1718070808217,0.00171197716668625,0.00171197716668625,2.93086581925509e-06,0.00100295891933597,0,0.00230725388276021
A4,AR,None,70,71,4,74,1.16971320622619,1.1726317111571,0.00291850493090862,0.00291850493090862,8.51767103173791e-06,0.00180537112433659,0,0.00337282835426633
A4,AR,None,70,71,5,75,1.16853008382646,1.17295686563981,0.00442678181334788,0.00442678181334788,1.95963972229875e-05,0.00288877484424697,0,0.00437847135251235
A4,AR,None,70,71,6,76,1.16655765856671,1.1729204125031,0.00636275393639552,0.00636275393639552,4.04846376551166e-05,0.00439524239249582,0,0.00536330898107229
A4,AR,None,70,71,7,77,1.16381510631036,1.17249129964165,0.00867619333128777,0.00867619333128777,7.52763307218824e-05,0.00612310858320027,0,0.00661652607097596
A4,AR,None,70,71,8,78,1.16032861727303,1.17145741219552,0.011128794922485,0.011128794922485,0.000123850076426727,0.00816193727678879,0,0.00766839438896727
A4,AR,None,70,71,9,79,1.15613106052547,1.16994614997996,0.0138150894544937,0.0138150894544937,0.000190856696635664,0.0103471987136163,0,0.00894670205406306
A4,AR,None,70,71,10,80,1.15126156002278,1.16791780375007,0.0166562437272921,0.0166562437272921,0.000277430455102958,0.0126275983795128,0,0.0103648956134896
A4,AR,None,70,71,11,81,1.14576499153988,1.16555626325472,0.0197912717148394,0.0197912717148394,0.000391694436090602,0.0149848489791246,0,0.0118185221402712
A4,AR,None,70,71,12,82,1.13969141139002,1.16262314620186,0.0229317348118445,0.0229317348118445,0.000525864461480762,0.0175206380881774,0,0.0133530121151214
A4,AR,None,70,71,13,83,1.13309542900156,1.15887455388774,0.0257791248861834,0.0257791248861834,0.00066456327989744,0.019991211532328,0,0.0148540145592572
A4,AR,None,70,71,14,84,1.12603553629897,1.15478717200333,0.0287516357043622,0.0287516357043622,0.000826656555676357,0.0225776206475311,0,0.0162841008903569
A4,AR,None,77,78,1,78,1.16032861727303,1.1606935098573,0.000364892584264531,0.000364892584264531,1.33146598051248e-07,0.000150014194439103,0,0.000597615566579168
A4,AR,None,77,78,2,79,1.15613106052547,1.1571015818143,0.000970521288831794,0.000970521288831794,9.41911572075726e-07,0.000510945784689887,0,0.00147889874896817
A4,AR,None,77,78,3,80,1.15126156002278,1.15314646029522,0.00188490027244526,0.00188490027244526,3.5528490370642e-06,0.0012144790400596,0,0.00229368465764179
A4,AR,None,77,78,4,81,1.14576499153988,1.14888169848806,0.00311670694818034,0.00311670694818034,9.71386220083559e-06,0.00215499194347519,0,0.00306621650998573
A4,AR,None,77,78,5,82,1.13969141139002,1.14432352429433,0.00463211290431653,0.00463211290431653,2.14564699583357e-05,0.00331094186265779,0,0.00405927058615485
A4,AR,None,77,78,6,83,1.13309542900156,1.13929618000048,0.00620075099891992,0.00620075099891992,3.84493129506064e-05,0.00467078683617082,0,0.00512500299464408
A4,AR,None,77,78,7,84,1.12603553629897,1.1339388494654,0.00790331316643855,0.00790331316643855,6.2462359006801e-05,0.00609917698122245,0,0.00622031282234531
A4,AR,None,77,78,8,85,1.1185734073562,1.12848995877676,0.00991655142056014,0.00991655142056014,9.83379920766133e-05,0.00770216665585556,0,0.00747045672857577
A4,AR,None,77,78,9,86,1.11077318195776,1.12279528577443,0.0120221038166743,0.0120221038166743,0.000144530980178896,0.00923797641920502,0,0.00892723264494255
A4,AR,None,77,78,10,87,1.10270074651478,1.11713542509483,0.01443467858005,0.01443467858005,0.000208359945709354,0.0107142262123617,0,0.0105511257462074
A4,AR,None,77,78,11,88,1.09442302525472,1.11084044693925,0.0164174216845223,0.0164174216845223,0.000269531734767424,0.0123165917091556,0,0.0120489791058814
A4,AR,None,77,78,12,89,1.08600729375556,1.10454189150918,0.0185345977536231,0.0185345977536231,0.00034353131388861,0.0139311821972071,0,0.01365391773029
A4,AR,None,77,78,13,90,1.07752052576068,1.09778584139169,0.0202653156310104,0.0202653156310104,0.000410683017624475,0.0153710028600089,0,0.01533530082306
A4,AR,None,77,78,14,91,1.0690287828289,1.09088496985163,0.0218561870227338,0.0218561870227338,0.000477692911172719,0.0165864918320064,0,0.0171238057904637
A4,AR,None,84,85,1,85,1.1185734073562,1.11866631932509,9.29119688912738e-05,9.29119688912738e-05,8.63263396325304e-09,5.90992278498052e-05,0.75,0.000582216824531412
A4,AR,None,84,85,2,86,1.11077318195776,1.11112431470501,0.000351132747245408,0.000351132747245408,1.23294206188108e-07,0.000163088469381388,0.75,0.00140138076316421
A4,AR,None,84,85,3,87,1.10270074651478,1.10342488052196,0.000724134007183741,0.000724134007183741,5.24370060359982e-07,0.000292520131905871,0.75,0.00234210426017756
A4,AR,None,84,85,4,88,1.09442302525472,1.09551317582587,0.00109015057114537,0.00109015057114537,1.18842826776857e-06,0.000445699014644803,0.75,0.00346690485243595
A4,AR,None,84,85,5,89,1.08600729375556,1.08755883385553,0.0015515400999675,0.0015515400999675,2.40727668180715e-06,0.000619626207141479,0.75,0.00445698200949174
A4,AR,None,84,85,6,90,1.07752052576068,1.07921171747961,0.00169119171892418,0.00169119171892418,2.86012943015772e-06,0.000718028301141793,0.75,0.00569256429818454
A4,AR,None,84,85,7,91,1.0690287828289,1.07103001749321,0.00200123466431168,0.00200123466431168,4.00494018164268e-06,0.000824258430181541,0.75,0.00694863113361088
A4,AR,None,84,85,8,92,1.06059665479083,1.06284042963424,0.00224377484340832,0.00224377484340832,5.03452554791203e-06,0.00082946400446035,1,0.00853845508432105
A4,AR,None,84,85,9,93,1.05228675725001,1.05466349883168,0.00237674158166779,0.00237674158166779,5.64890054602868e-06,0.000974370599485708,1,0.0101166850778143
A4,AR,None,84,85,10,94,1.04415929053806,1.04604127438514,0.00188198384707428,0.00188198384707428,3.54186320064849e-06,0.00104369559104615,1,0.0116780184309513
A4,AR,None,84,85,11,95,1.03627166266444,1.03742483091354,0.00115316824909528,0.00115316824909528,1.32979701072148e-06,0.00108847591414698,1,0.013337242212553
A4,AR,None,84,85,12,96,1.02867817694788,1.0289499914481,0.000271814500218071,0.000271814500218071,7.38831225287995e-08,0.00107248564624891,1,0.0147118218607373
A4,AR,None,84,85,13,97,1.02142978323239,1.02060907275766,-0.000820710474731534,0.000820710474731534,6.7356568333406e-07,0.0012205532713885,1,0.0161157367543789
A4,AR,None,84,85,14,98,1.01457388992586,1.01207171158177,-0.00250217834409439,0.00250217834409439,6.26089646565492e-06,0.00151191088018707,1,0.0175776283395074
A4,AR,None,91,92,1,92,1.06059665479083,1.06041564509269,-0.000181009698138057,0.000181009698138057,3.27645108200306e-08,6.17041937613928e-05,1,0.000530476134452007
A4,AR,None,91,92,2,93,1.05228675725001,1.05176615658045,-0.000520600669563054,0.000520600669563054,2.710250571495e-07,0.000171373915864548,0.75,0.00127374378748968
A4,AR,None,91,92,3,94,1.04415929053806,1.0433017310753,-0.000857559462766,0.000857559462766,7.3540823217951e-07,0.00034442172108765,0.75,0.0021788034862405
A4,AR,None,91,92,4,95,1.03627166266444,1.03445281841127,-0.00181884425317835,0.00181884425317835,3.30819441731992e-06,0.000655649300792343,0.5,0.0032555175497429
A4,AR,None,91,92,5,96,1.02867817694788,1.02571962662383,-0.00295855032404657,0.00295855032404657,8.75302001991607e-06,0.00120796545184962,0.25,0.00430738172890982
A4,AR,None,91,92,6,97,1.02142978323239,1.01699895491812,-0.00443082831426689,0.00443082831426689,1.96322395505092e-05,0.00219452520359789,0,0.00539432410341362
A4,AR,None,91,92,7,98,1.01457388992586,1.00833373368667,-0.0062401562391865,0.0062401562391865,3.89395498894582e-05,0.00350254877191139,0,0.00668131892743923
A4,AR,None,91,92,8,99,1.00815423259918,0.999704594536264,-0.00844963806292109,0.00844963806292109,7.13963833943649e-05,0.00524835937507147,0,0.00794883705864494
A4,AR,None,91,92,9,100,1.00221079358812,0.991250924829797,-0.010959868758323,0.010959868758323,0.000120118723199665,0.00727950776993747,0,0.00925268390129327
A4,AR,None,91,92,10,101,0.996779765981315,0.982926447007638,-0.0138533189736773,0.0138533189736773,0.000191914446586446,0.0095965251754263,0,0.0108749154618142
A4,AR,None,91,92,11,102,0.991893554580749,0.974658509473666,-0.0172350451070831,0.0172350451070831,0.000297046779843188,0.0124167244713881,0,0.0124395881634079
A4,AR,None,91,92,12,103,0.987580805902459,0.966632062187237,-0.0209487437152219,0.0209487437152219,0.00043884986324605,0.0156836645904422,0,0.013991644457257
A4,AR,None,91,92,13,104,0.983866459053984,0.958507060495794,-0.0253593985581898,0.0253593985581898,0.000643099095233119,0.0193994199765619,0,0.0156076904190735
A4,AR,None,91,92,14,105,0.980771809380591,0.950307731401305,-0.0304640779792863,0.0304640779792863,0.000928060047128036,0.0234459243851202,0,0.0172512582166642
A4,AR,None,98,99,1,99,1.00815423259918,1.00771784086139,-0.000436391737799191,0.000436391737799191,1.90437748819398e-07,0.000217434048713975,0,0.000487572275453985
A4,AR,None,98,99,2,100,1.00221079358812,1.00077413810985,-0.00143665547826521,0.00143665547826521,2.06397896322945e-06,0.00083210783812263,0,0.00117899094718504
A4,AR,None,98,99,3,101,0.996779765981315,0.994004833802148,-0.00277493217916691,0.00277493217916691,7.70024859897602e-06,0.00183481549084664,0,0.00199395639213257
A4,AR,None,98,99,4,102,0.991893554580749,0.987112448901524,-0.00478110567922485,0.00478110567922485,2.28589715159161e-05,0.0033271263773115,0,0.00292051523960427
A4,AR,None,98,99,5,103,0.987580805902459,0.980375824604591,-0.00720498129786773,0.00720498129786773,5.19117555026238e-05,0.00518013684279644,0,0.00404095992088105
A4,AR,None,98,99,6,104,0.983866459053984,0.973802161936832,-0.0100642971171524,0.0100642971171524,0.000101290076462322,0.00754925314259194,0,0.00510047625871246
A4,AR,None,98,99,7,105,0.980771809380591,0.967481487876802,-0.0132903215037887,0.0132903215037887,0.000176632645674069,0.0103604176525329,0,0.00623812120379402
A4,AR,None,98,99,8,106,0.978314577106943,0.961153369499581,-0.0171612076073617,0.0171612076073617,0.00029450704654297,0.0136996434472088,0,0.00743282200413151
A4,AR,None,98,99,9,107,0.976508973798412,0.955068753460115,-0.0214402203382975,0.0214402203382975,0.000459683048154746,0.0175629975281562,0,0.00866264135740238
A4,AR,None,98,99,10,108,0.975365760303647,0.949028683371868,-0.0263370769317787,0.0263370769317787,0.000693641621310428,0.0220117117968492,0,0.00979258432324137
A4,AR,None,98,99,11,109,0.974892290887597,0.943077114942942,-0.0318151759446557,0.0318151759446557,0.0010122054203894,0.0268714802916641,0,0.0110794053522719
A4,AR,None,98,99,12,110,0.975092539486771,0.937498609152143,-0.0375939303346282,0.0375939303346282,0.00141330359800488,0.0321408595753731,0,0.0123521094315234
A4,AR,None,98,99,13,111,0.975967105376107,0.932285781181409,-0.0436813241946983,0.0436813241946983,0.00190805808340233,0.0378342789109975,0,0.01392009021685
A4,AR,None,98,99,14,112,0.977513196986095,0.926977772587566,-0.0505354243985294,0.0505354243985294,0.00255382911913948,0.0442131472541535,0,0.0150888575313634
A4,AR,None,105,106,1,106,0.978314577106943,0.977638476204702,-0.000676100902240795,0.000676100902240795,4.57112430010817e-07,0.000368452155210327,0,0.000546667342821355
A4,AR,None,105,106,2,107,0.976508973798412,0.974509944488505,-0.00199902930990747,0.00199902930990747,3.99611818186915e-06,0.00132233280386215,0,0.00122484777352735
A4,AR,None,105,106,3,108,0.975365760303647,0.971639741502493,-0.00372601880115375,0.00372601880115375,1.38832161065512e-05,0.00274377958399362,0,0.00209897484004573
A4,AR,None,105,106,4,109,0.974892290887597,0.968694250874224,-0.00619804001337365,0.00619804001337365,3.84157000073809e-05,0.00473864345254305,0,0.00302793353955488
A4,AR,None,105,106,5,110,0.975092539486771,0.965945390006781,-0.00914714947998985,0.00914714947998985,8.36703436092785e-05,0.00719020897275379,0,0.00411078411397581
A4,AR,None,105,106,6,111,0.975967105376107,0.963339102313892,-0.0126280030622153,0.0126280030622153,0.00015946646133932,0.0100520022854727,0,0.00555552658643077
A4,AR,None,105,106,7,112,0.977513196986095,0.960815441945974,-0.0166977550401209,0.0166977550401209,0.000278815023379884,0.0135315901436644,0,0.00691910308449994
A4,AR,None,105,106,8,113,0.979724594103646,0.958393392537599,-0.0213312015660467,0.0213312015660467,0.000455020160251315,0.0175397925923987,0,0.0083742237954684
A4,AR,None,105,106,9,114,0.982591590183631,0.956169537491291,-0.0264220526923399,0.0264220526923399,0.000698124868476785,0.0221838449925391,0,0.00987015666846944
A4,AR,None,105,106,10,115,0.986100917942554,0.954285153904102,-0.0318157640384511,0.0318157640384511,0.0010122428413504,0.0272816954798205,0,0.011323287264272
A4,AR,None,105,106,11,116,0.990235662755504,0.952601299185645,-0.0376343635698591,0.0376343635698591,0.00141634532130833,0.0329638090720306,0,0.0126749073755426
A4,AR,None,105,106,12,117,0.994975169588379,0.950764951205558,-0.0442102183828208,0.0442102183828208,0.00195454340945671,0.0391673741488046,0,0.0140399718712048
A4,AR,None,105,106,13,118,1.00029495022917,0.948855550322123,-0.0514393999070506,0.0514393999070506,0.00264601186279748,0.0459682110895397,0,0.0153413455614682
A4,AR,None,105,106,14,119,1.006166598399,0.94718782689959,-0.0589787714994083,0.0589787714994083,0.00347849548757942,0.0531000186421851,0,0.016741637065641
A4,AR,None,112,113,1,113,0.979724594103646,0.97908623802463,-0.000638356079015967,0.000638356079015967,4.0749848361664e-07,0.000251569401183783,0,0.000745913880549981
A4,AR,None,112,113,2,114,0.982591590183631,0.980747133565349,-0.00184445661828125,0.00184445661828125,3.40202021672152e-06,0.00108748699082855,0,0.00165151567035535
A4,AR,None,112,113,3,115,0.986100917942554,0.982586183248387,-0.00351473469416663,0.00351473469416663,1.23533599703786e-05,0.00241165828264312,0,0.00279525193420083
A4,AR,None,112,113,4,116,0.990235662755504,0.984507760125264,-0.00572790263023926,0.00572790263023926,3.28088685415018e-05,0.00420334757179362,0,0.00425504876442526
A4,AR,None,112,113,5,117,0.994975169588379,0.986154527526978,-0.00882064206140099,0.00882064206140099,7.78037263753562e-05,0.0063395518008035,0,0.00595389414529035
A4,AR,None,112,113,6,118,1.00029495022917,0.988081998983969,-0.0122129512452048,0.0122129512452048,0.00014915617811775,0.00911934008562925,0,0.007632468790465
A4,AR,None,112,113,7,119,1.006166598399,0.989922209252776,-0.0162443891462225,0.0162443891462225,0.000263880178733911,0.0125579048182039,0,0.00925850754024385
A4,AR,None,112,113,8,120,1.01255772089538,0.991403647507517,-0.0211540733878675,0.0211540733878675,0.000447494820899282,0.0165018877750259,0,0.0108512428314084
A4,AR,None,112,113,9,121,1.01943189322359,0.99317560894305,-0.0262562842805365,0.0262562842805365,0.000689392464220348,0.0209170728271434,0,0.0125105257978387
A4,AR,None,112,113,10,122,1.02674864818975,0.995326041260696,-0.0314226069290493,0.0314226069290493,0.000987380226217537,0.0256970889593202,0,0.0140847746270114
A4,AR,None,112,113,11,123,1.03446350565443,0.997233886334963,-0.0372296193194694,0.0372296193194694,0.00138604455467261,0.0306441341529186,0,0.0160342970120981
A4,AR,None,112,113,12,124,1.04252805107631,0.999049970415305,-0.0434780806610096,0.0434780806610096,0.00189034349796525,0.0360965137444998,0,0.0180812519230296
A4,AR,None,112,113,13,125,1.05089006962188,1.00187932320633,-0.0490107464155578,0.0490107464155578,0.00240205326421011,0.0416884244189368,0,0.0202555502206239
A4,AR,None,112,113,14,126,1.05949374149576,1.00362159071303,-0.0558721507827231,0.0558721507827231,0.00312169723308735,0.0476693708614247,0,0.0224193660999407
A4,AR,None,119,120,1,120,1.01255772089538,1.01197369651829,-0.000584024377090264,0.000584024377090264,3.41084473035671e-07,0.000201730400356052,0.75,0.000790465725753253
A4,AR,None,119,120,2,121,1.01943189322359,1.01787816149033,-0.00155373173325346,0.00155373173325346,2.4140822989188e-06,0.000777836458904086,0,0.00179156405167308
A4,AR,None,119,120,3,122,1.02674864818975,1.02393161915283,-0.0028170290369196,0.0028170290369196,7.9356525948482e-06,0.00186944397946743,0,0.00289638183339513
A4,AR,None,119,120,4,123,1.03446350565443,1.0298601785201,-0.00460332713432821,0.00460332713432821,2.11906207056423e-05,0.00314057954098821,0,0.00428167508819211
A4,AR,None,119,120,5,124,1.04252805107631,1.03547914688691,-0.00704890418940418,0.00704890418940418,4.96870502713998e-05,0.00486457562728487,0,0.00562538965191456
A4,AR,None,119,120,6,125,1.05089006962188,1.04134313586438,-0.00954693375750004,0.00954693375750004,9.11439441700939e-05,0.0069658701150487,0,0.00699624692020417
A4,AR,None,119,120,7,126,1.05949374149576,1.04679916370983,-0.0126945777859262,0.0126945777859262,0.000161152305162931,0.00925945622409957,0,0.00864707150953914
A4,AR,None,119,120,8,127,1.06827990278252,1.05239929644708,-0.0158806063354411,0.0158806063354411,0.000252193657581251,0.0117048619725964,0,0.0102176624635131
A4,AR,None,119,120,9,128,1.07718637451896,1.05784917874183,-0.0193371957771256,0.0193371957771256,0.000373927140522883,0.0143467272975651,0,0.012216933000759
A4,AR,None,119,120,10,129,1.08614836097585,1.06333355879738,-0.0228148021784673,0.0228148021784673,0.000520515198442597,0.0171851874433512,0,0.0141249934563722
A4,AR,None,119,120,11,130,1.0950989162678,1.06849242402163,-0.0266064922461697,0.0266064922461697,0.00070790542964549,0.0201573337934115,0,0.0163922246810251
A4,AR,None,119,120,12,131,1.10396947648052,1.07421123443295,-0.0297582420475684,0.0297582420475684,0.000885552969761667,0.0228305302477852,0,0.0189598655622067
A4,AR,None,119,120,13,132,1.1126904525627,1.07974251880274,-0.0329479337599534,0.0329479337599534,0.00108556633905028,0.0255201210040259,0,0.0217275922335946
A4,AR,None,119,120,14,133,1.12119187733184,1.08409788665068,-0.037093990681162,0.037093990681162,0.00137596414465414,0.0282619013100132,0,0.0244452097422026
A4,AR,None,126,127,1,127,1.06827990278252,1.06798267812244,-0.000297224660076978,0.000297224660076978,8.83424985578751e-08,0.000112419331376411,0.75,0.000869887030641836
A4,AR,None,126,127,2,128,1.07718637451896,1.07618527560102,-0.00100109891793809,0.00100109891793809,1.00219904349682e-06,0.000366292011177531,0.5,0.00188703598441758
A4,AR,None,126,127,3,129,1.08614836097585,1.08429536149756,-0.00185299947829276,0.00185299947829276,3.43360706655324e-06,0.000792329539805609,0,0.00308245636859172
A4,AR,None,126,127,4,130,1.0950989162678,1.09228272580729,-0.00281619046050952,0.00281619046050952,7.9309287098648e-06,0.00142891223076997,0,0.00464768836917412
A4,AR,None,126,127,5,131,1.10396947648052,1.09984046152396,-0.00412901495656159,0.00412901495656159,1.70487645115093e-05,0.00203564943097271,0,0.00641987746400313
A4,AR,None,126,127,6,132,1.1126904525627,1.10709664629781,-0.0055938062648877,0.0055938062648877,3.12906685290969e-05,0.00282482527429289,0,0.00835089728510041
A4,AR,None,126,127,7,133,1.12119187733184,1.11351234196219,-0.00767953536964994,0.00767953536964994,5.89752634937044e-05,0.0035277141888083,0,0.0107159510380204
A4,AR,None,126,127,8,134,1.12940409814855,1.12003600123719,-0.0093680969113652,0.0093680969113652,8.77612397407302e-05,0.00448192910434383,0,0.0127160192864471
A4,AR,None,126,127,9,135,1.13725850517748,1.12636684410031,-0.010891661077179,0.010891661077179,0.000118628281020136,0.00534899487175842,0,0.0150530170511874
A4,AR,None,126,127,10,136,1.14468828372916,1.13166829129333,-0.0130199924358232,0.0130199924358232,0.000169520203028893,0.006262824558333,0,0.017495004529843
A4,AR,None,126,127,11,137,1.15162917801302,1.13722377965469,-0.014405398358339,0.014405398358339,0.000207515501862435,0.00724597177061171,0,0.0198502856025258
A4,AR,None,126,127,12,138,1.1580202527693,1.14246398074381,-0.0155562720254872,0.0155562720254872,0.000241997599330954,0.00807422940897014,0,0.0221841188217728
A4,AR,None,126,127,13,139,1.16380463871869,1.14719284477678,-0.0166117939419119,0.0166117939419119,0.000275951697968542,0.00863319305177435,0,0.0245451013301839
A4,AR,None,126,127,14,140,1.16893024759835,1.15117844877599,-0.0177517988223614,0.0177517988223614,0.000315126361429593,0.00918423621810085,0,0.0265518197032977
A4,AR,None,133,134,1,134,1.12940409814855,1.12920616512659,-0.000197933021961028,0.000197933021961028,3.91774811826246e-08,8.69622091132135e-05,1,0.000909640829861724
A4,AR,None,133,134,2,135,1.13725850517748,1.13689994881879,-0.000358556358693418,0.000358556358693418,1.28562662359483e-07,0.000178987858490005,0.75,0.00200577187340722
A4,AR,None,133,134,3,136,1.14468828372916,1.14392915417218,-0.000759129556977767,0.000759129556977767,5.7627768427726e-07,0.000303120097056217,1,0.00301545043030954
A4,AR,None,133,134,4,137,1.15162917801302,1.1506313683016,-0.000997809711427822,0.000997809711427822,9.95624220219673e-07,0.000419342252286735,1,0.00416770466129024
A4,AR,None,133,134,5,138,1.1580202527693,1.15649104874681,-0.0015292040224848,0.0015292040224848,2.33846494238369e-06,0.000598054850577955,1,0.00577028149238912
A4,AR,None,133,134,6,139,1.16380463871869,1.16195320401101,-0.0018514347076819,0.0018514347076819,3.42781047680916e-06,0.000751873278263981,1,0.00754650865307877
A4,AR,None,133,134,7,140,1.16893024759835,1.16674610457656,-0.00218414302179015,0.00218414302179015,4.77048073963462e-06,0.000917173618625078,1,0.00929446345002771
A4,AR,None,133,134,8,141,1.17335044275208,1.17129777461423,-0.00205266813784322,0.00205266813784322,4.21344648411674e-06,0.00106790484162196,1,0.0116284653091268
A4,AR,None,133,134,9,142,1.17702465181467,1.17464644946567,-0.0023782023490011,0.0023782023490011,5.65584641279436e-06,0.00129824502084063,1,0.0144219127541249
A4,AR,None,133,134,10,143,1.17991890896535,1.1777298275314,-0.00218908143394336,0.00218908143394336,4.79207752443553e-06,0.00145992507094317,1,0.0170171353695751
A4,AR,None,133,134,11,144,1.1820063155013,1.18012379443045,-0.00188252107085685,0.00188252107085685,3.54388558222001e-06,0.00162907043635332,1,0.0195772635614759
A4,AR,None,133,134,12,145,1.18326740906918,1.18196875042666,-0.00129865864252654,0.00129865864252654,1.68651426980888e-06,0.00179728072861782,1,0.0223680143969932
A4,AR,None,133,134,13,146,1.1836904337473,1.18327086564599,-0.000419568101308831,0.000419568101308831,1.76037391635898e-07,0.00188537075209433,1,0.0248245084137799
A4,AR,None,133,134,14,147,1.18327150524464,1.18358311166494,0.000311606420294597,0.000311606420294597,9.70985611688129e-08,0.00211236780369094,1,0.0278764628768095
A4,AR,None,140,141,1,141,1.17335044275208,1.17360870673048,0.000258263978402784,0.000258263978402784,6.67002825404337e-08,0.000107861501715803,1,0.000986462433065105
A4,AR,None,140,141,2,142,1.17702465181467,1.17762925507741,0.000604603262742698,0.000604603262742698,3.65545105319116e-07,0.000219489951586312,1,0.00211617869369046
A4,AR,None,140,141,3,143,1.17991890896535,1.18089830684084,0.000979397875495502,0.000979397875495502,9.59220198525104e-07,0.000379663657334163,0.75,0.00344055841619439
A4,AR,None,140,141,4,144,1.1820063155013,1.18372942369007,0.0017231081887672,0.0017231081887672,2.96910183019657e-06,0.000636103743871542,0.75,0.00499425603075226
A4,AR,None,140,141,5,145,1.18326740906918,1.18591524634956,0.00264783728037576,0.00264783728037576,7.01104226334772e-06,0.00101910206545166,0.75,0.00709799774432585
A4,AR,None,140,141,6,146,1.1836904337473,1.18716674333703,0.00347630958973122,0.00347630958973122,1.20847283636572e-05,0.00143865841392272,0.75,0.00911580660414624
A4,AR,None,140,141,7,147,1.18327150524464,1.18778182975093,0.00451032450628186,0.00451032450628186,2.03430271519667e-05,0.00192795179970746,0.5,0.0111513127053534
A4,AR,None,140,141,8,148,1.18201466771717,1.18755430008857,0.00553963237139987,0.00553963237139987,3.06875268102614e-05,0.0024579559577548,0.5,0.0135593826575131
A4,AR,None,140,141,9,149,1.17993184103448,1.18706233856743,0.00713049753294737,0.00713049753294737,5.08439950673685e-05,0.00309695397179735,0.5,0.016266474375136
A4,AR,None,140,141,10,150,1.1770426596957,1.18623323600657,0.0091905763108755,0.0091905763108755,8.44666929260259e-05,0.00377934193607119,0.5,0.0192130858335526
A4,AR,None,140,141,11,151,1.17337420692442,1.18476312223102,0.0113889153065923,0.0113889153065923,0.000129707391860731,0.00445938954645751,0.5,0.0223695555323094
A4,AR,None,140,141,12,152,1.16896064970435,1.18195885219573,0.0129982024913831,0.0129982024913831,0.000168953268006997,0.00515597409325745,0.5,0.025486936430743
A4,AR,None,140,141,13,153,1.1638427825858,1.17872757959349,0.0148847970076922,0.0148847970076922,0.000221557181960202,0.00588696333971043,0.5,0.0286075316183287
A4,AR,None,140,141,14,154,1.15806748994287,1.17518217842449,0.0171146884816145,0.0171146884816145,0.000292912561822707,0.00670014701128683,0.5,0.0313842034825755
A4,AR,None,147,148,1,148,1.18201466771717,1.18210821133235,9.3543615176106e-05,9.3543615176106e-05,8.75040794021541e-09,7.97355246085238e-05,1,0.000916711742480147
A4,AR,None,147,148,2,149,1.17993184103448,1.18046387009811,0.000532029063626149,0.000532029063626149,2.83054924542917e-07,0.000211937856307143,0.75,0.00210040444661708
A4,AR,None,147,148,3,150,1.1770426596957,1.17819243373293,0.00114977403722771,0.00114977403722771,1.32198033668291e-06,0.000434493496757272,0.75,0.00338288334578007
A4,AR,None,147,148,4,151,1.17337420692442,1.17548713379972,0.00211292687529241,0.00211292687529241,4.46445998033294e-06,0.000746754411189763,0.75,0.00508804326642676
A4,AR,None,147,148,5,152,1.16896064970435,1.17192885256978,0.00296820286543498,0.00296820286543498,8.81022825037641e-06,0.00115530852992431,0.5,0.00680070335526545
A4,AR,None,147,148,6,153,1.1638427825858,1.16805335983409,0.00421057724828811,0.00421057724828811,1.77289607638014e-05,0.00168880822353956,0.5,0.00861895226405651
A4,AR,None,147,148,7,154,1.15806748994287,1.16346327683044,0.00539578688757358,0.00539578688757358,2.9114516136111e-05,0.00222228268135081,0.5,0.0106112253205139
A4,AR,None,147,148,8,155,1.15168713793976,1.15867103069623,0.00698389275646316,0.00698389275646316,4.87747580337786e-05,0.00293151022379184,0.5,0.0126362761783936
A4,AR,None,147,148,9,156,1.1447589087329,1.15348776737089,0.00872885863799233,0.00872885863799233,7.61929731220533e-05,0.0035500465172165,0.5,0.0148645061815988
A4,AR,None,147,148,10,157,1.13734409035937,1.14799529058642,0.01065120022705,0.01065120022705,0.00011344806627671,0.00422188069435659,0.5,0.0166365789170701
A4,AR,None,147,148,11,158,1.12950733632284,1.14197175424438,0.0124644179215418,0.0124644179215418,0.000155361714122854,0.00483056232773242,0.5,0.0189280497884451
A4,AR,None,147,148,12,159,1.12131590907418,1.13510529441953,0.0137893853453508,0.0137893853453508,0.000190147148202575,0.0054008180739742,0.5,0.0210861643915501
A4,AR,None,147,148,13,160,1.11283892139923,1.1279662720015,0.0151273506022693,0.0151273506022693,0.000228836736243978,0.00596174076389361,0.5,0.0233717498848105
A4,AR,None,147,148,14,161,1.10414658918154,1.12046980743877,0.0163232182572384,0.0163232182572384,0.00026644745427344,0.0067450999926852,0.25,0.0257507371700386
A4,AR,None,154,155,1,155,1.15168713793976,1.15184980616115,0.000162668221386886,0.000162668221386886,2.64609502491729e-08,0.000104337202080612,1,0.000977153793761065
A4,AR,None,154,155,2,156,1.1447589087329,1.14522686859273,0.00046795985982806,0.00046795985982806,2.18986430410297e-07,0.000219509193854704,0.75,0.00215883122995059
A4,AR,None,154,155,3,157,1.13734409035937,1.13852687745258,0.00118278709320663,0.00118278709320663,1.39898530785618e-06,0.000434908631696772,0.75,0.00356060374321371
A4,AR,None,154,155,4,158,1.12950733632284,1.13117147355005,0.0016641372272137,0.0016641372272137,2.76935271099851e-06,0.000631182907788565,0.75,0.00509080606887258
A4,AR,None,154,155,5,159,1.12131590907418,1.12362643692502,0.00231052785084107,0.00231052785084107,5.33853894951226e-06,0.000854515568103125,0.75,0.00672182902929513
A4,AR,None,154,155,6,160,1.11283892139923,1.11567969976905,0.002840778369813,0.002840778369813,8.07002174639742e-06,0.00113575937207509,0.75,0.00827257891280497
A4,AR,None,154,155,7,161,1.10414658918154,1.10749133894298,0.00334474976144428,0.00334474976144428,1.11873509666815e-05,0.0014452966515139,0.75,0.00990724393582532
A4,AR,None,154,155,8,162,1.09530950812892,1.09927854808808,0.00396903995916498,0.00396903995916498,1.57532781974483e-05,0.00159462942519927,0.75,0.0115504568701126
A4,AR,None,154,155,9,163,1.08639796587165,1.09105016134121,0.00465219546955709,0.00465219546955709,2.16429226869675e-05,0.00172247442547784,0.75,0.0127704057741526
A4,AR,None,154,155,10,164,1.07748129939817,1.08272328567318,0.00524198627500461,0.00524198627500461,2.74784201073367e-05,0.00182433866060482,0.75,0.0141373236808121
A4,AR,None,154,155,11,165,1.06862730614107,1.0737295919166,0.00510228577553584,0.00510228577553584,2.60333201352354e-05,0.00183075660770941,0.75,0.0153723501536905
A4,AR,None,154,155,12,166,1.05990171521389,1.06467073031634,0.00476901510245087,0.00476901510245087,2.27435050474045e-05,0.00183498411143568,0.75,0.016952783665314
A4,AR,None,154,155,13,167,1.0513677233864,1.05552722936155,0.00415950597515158,0.00415950597515158,1.73014899573217e-05,0.00175096065372841,0.75,0.0183498784498652
A4,AR,None,154,155,14,168,1.04308559842943,1.04561201682239,0.00252641839295964,0.00252641839295964,6.38278989628477e-06,0.00163145871208174,1,0.0201423994029266
A4,AR,None,161,162,1,162,1.09530950812892,1.0950549724325,-0.000254535696416314,0.000254535696416314,6.47884207501378e-08,9.26287650249232e-05,1,0.000825232428754485
A4,AR,None,161,162,2,163,1.08639796587165,1.08606056029849,-0.000337405573159533,0.000337405573159533,1.13842520799113e-07,0.000189185123699218,1,0.00194583879545435
A4,AR,None,161,162,3,164,1.07748129939817,1.07685107368372,-0.000630225714457922,0.000630225714457922,3.97184451163998e-07,0.000311623750785249,1,0.00316810393786732
A4,AR,None,161,162,4,165,1.06862730614107,1.06748170202623,-0.00114560411483233,0.00114560411483233,1.31240878792077e-06,0.000481790506514569,1,0.00461464916289328
A4,AR,None,161,162,5,166,1.05990171521389,1.05802894220394,-0.00187277300994637,0.00187277300994637,3.50727874678359e-06,0.000691955630579235,1,0.00648070515405158
A4,AR,None,161,162,6,167,1.0513677233864,1.04868473274996,-0.00268299063644095,0.00268299063644095,7.19843875522982e-06,0.000936380722791666,1,0.00839794983122749
A4,AR,None,161,162,7,168,1.04308559842943,1.03949321843292,-0.00359237999651207,0.00359237999651207,1.29051940393401e-05,0.00118807833985557,0.75,0.0101111692239029
A4,AR,None,161,162,8,169,1.03511235052023,1.03000636911542,-0.00510598140480423,0.00510598140480423,2.60710461062066e-05,0.00167798661607329,0.75,0.0122233891999798
A4,AR,None,161,162,9,170,1.02750147053046,1.02088982311562,-0.00661164741484588,0.00661164741484588,4.37138815382382e-05,0.0022083042069963,0.75,0.0142529123386211
A4,AR,None,161,162,10,171,1.02030273227509,1.01181356402803,-0.00848916824705914,0.00848916824705914,7.20659775268772e-05,0.00316283472567484,0.5,0.0160979868994909
A4,AR,None,161,162,11,172,1.01356205422887,1.00297193761054,-0.0105901166183284,0.0105901166183284,0.000112150569989796,0.00457292411134425,0.25,0.0178394423839988
A4,AR,None,161,162,12,173,1.00732141485984,0.994200499416546,-0.0131209154432972,0.0131209154432972,0.000172158422070155,0.00672614559932758,0,0.019770795136547
A4,AR,None,161,162,13,174,1.00161881462006,0.985217852040964,-0.0164009625790975,0.0164009625790975,0.000268991573520957,0.00931637069943432,0,0.0217953018288658
A4,AR,None,161,162,14,175,0.996488276798802,0.976404586663606,-0.0200836901351965,0.0200836901351965,0.00040335460944659,0.0122960443324449,0,0.0240674793783399
A4,AR,None,168,169,1,169,1.03511235052023,1.03470854459998,-0.000403805920245803,0.000403805920245803,1.6305922122556e-07,0.000141432343868967,0.75,0.000733755970068084
A4,AR,None,168,169,2,170,1.02750147053046,1.02637298906699,-0.0011284814634771,0.0011284814634771,1.27347041341143e-06,0.000540367265247449,0.25,0.00168919968620812
A4,AR,None,168,169,3,171,1.02030273227509,1.01803401305903,-0.00226871921606731,0.00226871921606731,5.14708688135305e-06,0.00130526816248993,0,0.00272506336789158
A4,AR,None,168,169,4,172,1.01356205422887,1.00962893190316,-0.00393312232570175,0.00393312232570175,1.54694512289336e-05,0.00251641272568184,0,0.0039633398513193
A4,AR,None,168,169,5,173,1.00732141485984,1.00133080113105,-0.00599061372879217,0.00599061372879217,3.58874528475932e-05,0.00413551750875496,0,0.00523411731158385
A4,AR,None,168,169,6,174,1.00161881462006,0.992967801219674,-0.00865101340038754,0.00865101340038754,7.48400328536848e-05,0.00615463205885748,0,0.00671448860832521
A4,AR,None,168,169,7,175,0.996488276798802,0.985025497846739,-0.0114627789520629,0.0114627789520629,0.000131395301303857,0.00854946988406536,0,0.00822841647971481
A4,AR,None,168,169,8,176,0.991959878901415,0.976978647409162,-0.0149812314922524,0.0149812314922524,0.000224437297024455,0.0113411069513532,0,0.00988542017259894
A4,AR,None,168,169,9,177,0.988059805975167,0.968912336386336,-0.0191474695888313,0.0191474695888313,0.000366625591655219,0.0148568018517795,0,0.0111632005323653
A4,AR,None,168,169,10,178,0.984810417363346,0.961196890164715,-0.0236135271986302,0.0236135271986302,0.000557598666760448,0.0188888382993152,0,0.0122672210122644
A4,AR,None,168,169,11,179,0.98223031872117,0.953811789147463,-0.0284185295737071,0.0284185295737071,0.000807612823131662,0.0234690055553862,0,0.013211973008888
A4,AR,None,168,169,12,180,0.980334431755407,0.946247252931817,-0.0340871788235896,0.0340871788235896,0.00116193576015137,0.0285898799307081,0,0.0145976997701194
A4,AR,None,168,169,13,181,0.979134055029544,0.939628367807398,-0.0395056872221455,0.0395056872221455,0.00156069932289399,0.0341401598636148,0,0.0158605337604942
A4,AR,None,168,169,14,182,0.978636910276946,0.93261827864058,-0.0460186316363663,0.0460186316363663,0.00211771445768358,0.0400235703750751,0,0.0172322630930971
A4,AR,None,175,176,1,176,0.991959878901415,0.991319508311432,-0.000640370589982897,0.000640370589982897,4.10074492515044e-07,0.000297259852402262,0,0.000690404416153062
A4,AR,None,175,176,2,177,0.988059805975167,0.986178651696641,-0.00188115427852587,0.00188115427852587,3.53874141961617e-06,0.00110845061324678,0,0.00157035323887691
A4,AR,None,175,176,3,178,0.984810417363346,0.981459993657446,-0.00335042370589944,0.00335042370589944,1.12253390090529e-05,0.00235287969578936,0,0.00274611174894182
A4,AR,None,175,176,4,179,0.98223031872117,0.976578624707327,-0.00565169401384269,0.00565169401384269,3.19416452261053e-05,0.00417317702219291,0,0.00394658530448466
A4,AR,None,175,176,5,180,0.980334431755407,0.971888882258171,-0.00844554949723519,0.00844554949723519,7.13273063102496e-05,0.00656510998596555,0,0.0051837981835334
A4,AR,None,175,176,6,181,0.979134055029544,0.966953348754398,-0.012180706275146,0.012180706275146,0.000148369605361381,0.00947724484229486,0,0.00652900382411331
A4,AR,None,175,176,7,182,0.978636910276946,0.962265827883839,-0.0163710823931066,0.0163710823931066,0.000268012338721884,0.0128943703513564,0,0.00778573619005496
A4,AR,None,175,176,8,183,0.978847169948569,0.957942966497174,-0.0209042034513955,0.0209042034513955,0.000436985721937337,0.0168063980179478,0,0.00913795074819027
A4,AR,None,175,176,9,184,0.979765463147698,0.953666253628044,-0.0260992095196536,0.0260992095196536,0.000681168737550778,0.0212544646397992,0,0.0106444584447624
A4,AR,None,175,176,10,185,0.981388858626145,0.949745372230475,-0.0316434863956703,0.0316434863956703,0.00100131023127297,0.026133196931074,0,0.0125886852849004
A4,AR,None,175,176,11,186,0.983710825086268,0.94604008157896,-0.0376707435073081,0.0376707435073081,0.0014190849163934,0.031605629662774,0,0.0143991943915829
A4,AR,None,175,176,12,187,0.986721170601349,0.942133443392492,-0.0445877272088571,0.0445877272088571,0.00198806541765145,0.037753443682056,0,0.0158083109695484
A4,AR,None,175,176,13,188,0.990405964483912,0.938441621504809,-0.0519643429791031,0.0519643429791031,0.00270029294124986,0.0441485783786476,0,0.0175564297898577
A4,AR,None,175,176,14,189,0.994747446348724,0.935499668079587,-0.0592477782691371,0.0592477782691371,0.00351029922982883,0.0509579906450723,0,0.0192182013962044
A4,AR,None,182,183,1,183,0.978847169948569,0.978118058422424,-0.000729111526144965,0.000729111526144965,5.31603617557441e-07,0.000356553110091287,0,0.000771199723483496
A4,AR,None,182,183,2,184,0.979765463147698,0.977802721419169,-0.00196274172852873,0.00196274172852873,3.85235509290794e-06,0.00118847930271397,0,0.00181611813595925
A4,AR,None,182,183,3,185,0.981388858626145,0.97752716098324,-0.003861697642905,0.003861697642905,1.49127086852181e-05,0.00277539752313608,0,0.00297115697807973
A4,AR,None,182,183,4,186,0.983710825086268,0.977186547146899,-0.00652427793936883,0.00652427793936883,4.25662026301348e-05,0.00489434912949405,0,0.00422720393094589
A4,AR,None,182,183,5,187,0.986721170601349,0.977024193355354,-0.00969697724599516,0.00969697724599516,9.4031367709348e-05,0.00774207926158516,0,0.00549942992662775
A4,AR,None,182,183,6,188,0.990405964483912,0.976740972140592,-0.0136649923433193,0.0136649923433193,0.000186732015742975,0.0110860666610408,0,0.00707684546583509
A4,AR,None,182,183,7,189,0.994747446348724,0.976564728997504,-0.0181827173512199,0.0181827173512199,0.000330611210274353,0.0149907571489326,0,0.00875907668892384
A4,AR,None,182,183,8,190,0.999723928388814,0.976699602068275,-0.0230243263205385,0.0230243263205385,0.000530119602514643,0.0193528554180995,0,0.0106646131225753
A4,AR,None,182,183,9,191,1.00530969796622,0.976610658816396,-0.0286990391498229,0.0286990391498229,0.000823634848123065,0.0241301982314793,0,0.012789278838143
A4,AR,None,182,183,10,192,1.011474928477,0.976757770064085,-0.0347171584129135,0.0347171584129135,0.00120528108826733,0.0294215553145573,0,0.0150405752889412
A4,AR,None,182,183,11,193,1.01818560705055,0.976889207705607,-0.041296399344948,0.041296399344948,0.00170539259885742,0.0352692962106975,0,0.0172345900263896
A4,AR,None,182,183,12,194,1.02540348796165,0.976856471958389,-0.0485470160032637,0.0485470160032637,0.00235681276282114,0.0415112439063974,0,0.0194317767163367
A4,AR,None,182,183,13,195,1.03308608065262,0.976974305942387,-0.0561117747102307,0.0561117747102307,0.00314853126113168,0.0479917065109518,0,0.0218614625925508
A4,AR,None,182,183,14,196,1.04118668097411,0.977113523389533,-0.0640731575845772,0.0640731575845772,0.00410536952285806,0.0547625060359758,0,0.0240509487548672
A4,AR,None,189,190,1,190,0.999723928388814,0.999077504315993,-0.000646424072820784,0.000646424072820784,4.1786408192221e-07,0.000312406736145845,0,0.000804552876283948
A4,AR,None,189,190,2,191,1.00530969796622,1.00341488541257,-0.00189481255365087,0.00189481255365087,3.59031461347293e-06,0.00106072472739668,0,0.00187178057509124
A4,AR,None,189,190,3,192,1.011474928477,1.00784706961817,-0.00362785885882611,0.00362785885882611,1.3161359899563e-05,0.00243435265090087,0,0.00315938595538884
A4,AR,None,189,190,4,193,1.01818560705055,1.01240652772897,-0.00577907932158928,0.00577907932158928,3.33977578052208e-05,0.00427487216393921,0,0.00476285730025672
A4,AR,None,189,190,5,194,1.02540348796165,1.01676946732896,-0.00863402063269092,0.00863402063269092,7.45463122857325e-05,0.00675976501670394,0,0.00620309049120127
A4,AR,None,189,190,6,195,1.03308608065262,1.02111950418706,-0.0119665764655581,0.0119665764655581,0.000143198952306049,0.00964102217352252,0,0.0076869984028865
A4,AR,None,189,190,7,196,1.04118668097411,1.02559659045704,-0.0155900905170658,0.0155900905170658,0.000243050922330306,0.0127647386643576,0,0.00948668403426939
A4,AR,None,189,190,8,197,1.04965445365564,1.02989915643773,-0.0197552972179076,0.0197552972179076,0.000390271768167867,0.0162051115688561,0,0.0115483851266526
A4,AR,None,189,190,9,198,1.05843457312053,1.03395169505097,-0.0244828780695634,0.0244828780695634,0.000599411318569108,0.0198287829539487,0,0.0136589437523181
A4,AR,None,189,190,10,199,1.06746842858259,1.03798404408164,-0.0294843845009418,0.0294843845009418,0.000869328929399378,0.023944579361233,0,0.0156089179655853
A4,AR,None,189,190,11,200,1.07669389792988,1.04202026656246,-0.0346736313674152,0.0346736313674152,0.0012022607122034,0.0283297291973262,0,0.0176480723552523
A4,AR,None,189,190,12,201,1.08604569325052,1.04575384535848,-0.0402918478920449,0.0402918478920449,0.00162343300655568,0.0329810051122057,0,0.0199718028511961
A4,AR,None,189,190,13,202,1.09545577902846,1.04959529236695,-0.0458604866615091,0.0458604866615091,0.00210318423683045,0.0378081935959702,0,0.0224176214618715
A4,AR,None,189,190,14,203,1.10485386208378,1.05312433129336,-0.0517295307904146,0.0517295307904146,0.00267594435579646,0.0429557036256998,0,0.024868194217197
A4,AR,None,196,197,1,197,1.04965445365564,1.04925712660247,-0.000397327053163199,0.000397327053163199,1.57868787175352e-07,0.000145921237682255,0.5,0.000878376966514938
A4,AR,None,196,197,2,198,1.05843457312053,1.05716123003058,-0.00127334308994698,0.00127334308994698,1.62140262471571e-06,0.000515793710924993,0.25,0.0020186315950792
A4,AR,None,196,197,3,199,1.06746842858259,1.06492334246244,-0.00254508612014304,0.00254508612014304,6.47746335894473e-06,0.00119858341926213,0,0.00344206410407311
A4,AR,None,196,197,4,200,1.07669389792988,1.07248945961798,-0.0042044383119022,0.0042044383119022,1.76773015185911e-05,0.00227522397009255,0,0.00481702871240663
A4,AR,None,196,197,5,201,1.08604569325052,1.08021410888241,-0.00583158436811515,0.00583158436811515,3.4007376242445e-05,0.00357905913020195,0,0.00643699962089284
A4,AR,None,196,197,6,202,1.09545577902846,1.08736572301544,-0.00809005601302504,0.00809005601302504,6.54490062938826e-05,0.00506404392508434,0,0.00831937249200976
A4,AR,None,196,197,7,203,1.10485386208378,1.09419328744658,-0.0106605746371973,0.0106605746371973,0.000113647851595254,0.00662364242045645,0,0.0106674316082781
A4,AR,None,196,197,8,204,1.1141679503063,1.10105410164928,-0.0131138486570161,0.0131138486570161,0.000171973026599124,0.0085345277985006,0,0.0126716448871654
A4,AR,None,196,197,9,205,1.12332497519201,1.1075441250338,-0.0157808501582122,0.0157808501582122,0.000249035231715945,0.0105706964981522,0,0.0152675996018838
A4,AR,None,196,197,10,206,1.13225147119922,1.11359627592209,-0.0186551952771337,0.0186551952771337,0.00034801631082799,0.0129007222236253,0,0.0177015056927868
A4,AR,None,196,197,11,207,1.14087430305651,1.11933989486152,-0.0215344081949924,0.0215344081949924,0.000463730736308557,0.0150922794185983,0,0.0202625407615772
A4,AR,None,196,197,12,208,1.14912143043671,1.12417424014843,-0.0249471902882878,0.0249471902882878,0.000622362303280043,0.0173425893798764,0,0.0227448370902544
A4,AR,None,196,197,13,209,1.15692269791585,1.12814052940504,-0.0287821685108136,0.0287821685108136,0.000828413224184871,0.0193132450913503,0,0.025387321771224
A4,AR,None,196,197,14,210,1.16421063691383,1.13215410193073,-0.0320565349831061,0.0320565349831061,0.00102762143512311,0.0213473469918561,0,0.0281288873178867
A4,AR,None,203,204,1,204,1.1141679503063,1.11398626210709,-0.000181688199206942,0.000181688199206942,3.30106017310614e-08,8.75572929816659e-05,1,0.000878236609997474
A4,AR,None,203,204,2,205,1.12332497519201,1.12264176044442,-0.000683214747595695,0.000683214747595695,4.66782391332249e-07,0.000226372033019057,1,0.00207201228454834
A4,AR,None,203,204,3,206,1.13225147119922,1.13095012976741,-0.00130134143181704,0.00130134143181704,1.69348952216362e-06,0.000444320855843585,0.75,0.00348195255895012
A4,AR,None,203,204,4,207,1.14087430305651,1.13874452603392,-0.00212977702259343,0.00212977702259343,4.53595016596692e-06,0.00075032457399299,0.75,0.00494759333575451
A4,AR,None,203,204,5,208,1.14912143043671,1.14632624977608,-0.002795180660633,0.002795180660633,7.81303492557674e-06,0.00105390852866335,0.75,0.00660689208173415
A4,AR,None,203,204,6,209,1.15692269791585,1.15307671446773,-0.00384598344812348,0.00384598344812348,1.47915886832398e-05,0.00147310658021774,0.75,0.00827469886285431
A4,AR,None,203,204,7,210,1.16421063691383,1.15914689191355,-0.0050637450002835,0.0050637450002835,2.56415134278962e-05,0.00185481485756589,0.75,0.010284751530733
A4,AR,None,203,204,8,211,1.17092126540787,1.16492048807725,-0.00600077733061855,0.00600077733061855,3.60093285716654e-05,0.00225972088824147,0.5,0.0122030143207433
A4,AR,None,203,204,9,212,1.17699487065469,1.1697118498228,-0.0072830208318917,0.0072830208318917,5.30423924377684e-05,0.00267937223428058,0.5,0.0142861383123772
A4,AR,None,203,204,10,213,1.18237675997831,1.17399213364478,-0.00838462633352988,0.00838462633352988,7.03019587529227e-05,0.00297577848199321,0.5,0.0165594830471082
A4,AR,None,203,204,11,214,1.18701796488971,1.1779122551548,-0.00910570973490987,0.00910570973490987,8.29139497764324e-05,0.00334033062669299,0.5,0.0190156959290691
A4,AR,None,203,204,12,215,1.19087588440542,1.18166880613224,-0.00920707827318124,0.00920707827318124,8.4770290328486e-05,0.00357378110848661,0.5,0.0212540259923278
A4,AR,None,203,204,13,216,1.19391485441362,1.183957881297,-0.00995697311662713,0.00995697311662713,9.91413136452354e-05,0.00390333563664036,0.75,0.023482433483225
A4,AR,None,203,204,14,217,1.19610663127637,1.18590374146652,-0.0102028898098565,0.0102028898098565,0.000104098960472074,0.00409837786601559,0.75,0.0259586058182177
A4,AR,None,210,211,1,211,1.17092126540787,1.17076742611245,-0.000153839295417235,0.000153839295417235,2.36665288144714e-08,8.27516846160275e-05,1,0.000909039011639468
A4,AR,None,210,211,2,212,1.17699487065469,1.17689771846048,-9.71521942128017e-05,9.71521942128017e-05,9.43854884036195e-09,0.000161874473694453,1,0.00208869965896391
A4,AR,None,210,211,3,213,1.18237675997831,1.18220549979127,-0.000171260187045164,0.000171260187045164,2.93300516667444e-08,0.000277636280973401,1,0.003858017634294
A4,AR,None,210,211,4,214,1.18701796488971,1.18699493985998,-2.30250297237333e-05,2.30250297237333e-05,5.30151993778803e-10,0.00037734744818731,1,0.00577501514397966
A4,AR,None,210,211,5,215,1.19087588440542,1.19099351878801,0.000117634382596155,0.000117634382596155,1.38378479687785e-08,0.000519694576019043,1,0.00758288276621166
A4,AR,None,210,211,6,216,1.19391485441362,1.19408515391855,0.000170299504925753,0.000170299504925753,2.90019213779565e-08,0.000676678829097836,1,0.00982863101457837
A4,AR,None,210,211,7,217,1.19610663127637,1.19640793057966,0.000301299303287372,0.000301299303287372,9.0781270161456e-08,0.000855414947856562,1,0.0123588981120865
A4,AR,None,210,211,8,218,1.19743077952265,1.19799763987332,0.000566860350678988,0.000566860350678988,3.21330657171905e-07,0.00103991971584134,1,0.0146831299618894
A4,AR,None,210,211,9,219,1.19787495543466,1.19870927026417,0.00083431482950802,0.00083431482950802,6.96081234736997e-07,0.00122987816513746,1,0.0167990919235406
A4,AR,None,210,211,10,220,1.19743508050687,1.19889348607188,0.00145840556500842,0.00145840556500842,2.12694679204754e-06,0.00151594191580042,1,0.0194409840574831
A4,AR,None,210,211,11,221,1.19611540110302,1.19840205944911,0.00228665834609565,0.00228665834609565,5.22880639176889e-06,0.00176246790003517,1,0.0216593409665247
A4,AR,None,210,211,12,222,1.19392843308619,1.19708355536459,0.00315512227839787,0.00315512227839787,9.95479659164257e-06,0.00199467995486765,1,0.0236501935430908
A4,AR,None,210,211,13,223,1.19089479268046,1.19479769358566,0.00390290090519674,0.00390290090519674,1.52326354757855e-05,0.00220944362462786,1,0.0254408496236641
A4,AR,None,210,211,14,224,1.18704291727061,1.19212312985653,0.00508021258592373,0.00508021258592373,2.58085599181778e-05,0.00249797342426897,1,0.0274662624273838
A4,AR,None,217,218,1,218,1.19743077952265,1.19756442963071,0.000133650108069316,0.000133650108069316,1.786235138694e-08,8.60964081329e-05,1,0.000925667030196808
A4,AR,None,217,218,2,219,1.19787495543466,1.19819862405096,0.000323668616301287,0.000323668616301287,1.0476137317839e-07,0.000188880872429622,1,0.00217538090573166
A4,AR,None,217,218,3,220,1.19743508050687,1.19807033348517,0.000635252978293366,0.000635252978293366,4.03546346430591e-07,0.000334939338482881,1,0.00382243754101169
A4,AR,None,217,218,4,221,1.19611540110302,1.19730288509743,0.00118748399440682,0.00118748399440682,1.41011823697239e-06,0.000520209903153354,0.75,0.00561467013885936
A4,AR,None,217,218,5,222,1.19392843308619,1.19605974637597,0.00213131328977822,0.00213131328977822,4.54249633918528e-06,0.000821239517859064,0.75,0.00749316820660961
A4,AR,None,217,218,6,223,1.19089479268046,1.19362153899096,0.00272674631049763,0.00272674631049763,7.43514544181244e-06,0.00108969885713761,0.75,0.00984902056536463
A4,AR,None,217,218,7,224,1.18704291727061,1.19082443371202,0.00378151644141522,0.00378151644141522,1.42998665966936e-05,0.00147976541444176,0.75,0.0123557470422608
A4,AR,None,217,218,8,225,1.18240868218951,1.18714001839539,0.00473133620588584,0.00473133620588584,2.23855422931262e-05,0.00187428146707601,0.75,0.0150277060708874
A4,AR,None,217,218,9,226,1.17703492171501,1.18266983363278,0.00563491191777499,0.00563491191777499,3.17522323210826e-05,0.002263061376554,0.75,0.0174589335710779
A4,AR,None,217,218,10,227,1.17097086443989,1.17789687993204,0.00692601549215155,0.00692601549215155,4.79696905975233e-05,0.00272252425547737,0.75,0.0201304075553258
A4,AR,None,217,218,11,228,1.16427149483656,1.17248678586521,0.00821529102865215,0.00821529102865215,6.74910066854525e-05,0.00320216101954918,0.5,0.0227692591723166
A4,AR,None,217,218,12,229,1.15699685416926,1.166751457012,0.00975460284274088,0.00975460284274088,9.51522766196084e-05,0.00362129971397763,0.5,0.0257299591570629
A4,AR,None,217,218,13,230,1.14921129487691,1.16048148381771,0.0112701889408002,0.0112701889408002,0.000127017158761336,0.00413724882172511,0.75,0.0285050287288998
A4,AR,None,217,218,14,231,1.14098270313833,1.15345162719795,0.0124689240596119,0.0124689240596119,0.000155474067204368,0.00473513531171385,0.75,0.0310007359276245
A4,AR,None,224,225,1,225,1.18240868218951,1.18250551617714,9.6833987636602e-05,9.6833987636602e-05,9.37682116160559e-09,7.61288673617429e-05,1,0.000873428001615828
A4,AR,None,224,225,2,226,1.17703492171501,1.17739554274146,0.000360621026452179,0.000360621026452179,1.30047524719423e-07,0.000191835199860581,1,0.00202157683293036
A4,AR,None,224,225,3,227,1.17097086443989,1.17193254122669,0.000961676786805254,0.000961676786805254,9.24822242280079e-07,0.000360655729637503,1,0.00353427429699943
A4,AR,None,224,225,4,228,1.16427149483656,1.16589967116228,0.00162817632572132,0.00162817632572132,2.65095814763938e-06,0.000555099586901146,0.75,0.00525229462752114
A4,AR,None,224,225,5,229,1.15699685416926,1.15921034555404,0.00221349138478133,0.00221349138478133,4.89954411050117e-06,0.000800259453001063,0.75,0.00718344943519761
A4,AR,None,224,225,6,230,1.14921129487691,1.15224712839868,0.00303583352176795,0.00303583352176795,9.21628517188999e-06,0.00112980681769364,0.75,0.00935057317481996
A4,AR,None,224,225,7,231,1.14098270313833,1.14482449170245,0.00384178856411443,0.00384178856411443,1.47593393713604e-05,0.00149637900930677,0.75,0.0117237937968273
A4,AR,None,224,225,8,232,1.13238170452692,1.13700745435384,0.00462574982691377,0.00462574982691377,2.13975614611928e-05,0.00184486507092169,0.75,0.014490238201708
A4,AR,None,224,225,9,233,1.12348086746776,1.12910904103303,0.00562817356527123,0.00562817356527123,3.16763376808179e-05,0.00221125766268939,0.75,0.0170830792138708
A4,AR,None,224,225,10,234,1.11435391863849,1.12090209765566,0.00654817901717375,0.00654817901717375,4.28786484409546e-05,0.00241619336341521,0.75,0.0197911747456845
A4,AR,None,224,225,11,235,1.10507498353222,1.11245194711141,0.00737696357919138,0.00737696357919138,5.4419591648716e-05,0.00264855107273452,0.75,0.0225328777678558
A4,AR,None,224,225,12,236,1.09571786416059,1.10356871437885,0.00785085021825616,0.00785085021825616,6.16358491494927e-05,0.00274589866737811,0.75,0.0252489192508422
A4,AR,None,224,225,13,237,1.08635536436126,1.09452827782286,0.00817291346160443,0.00817291346160443,6.67965144508748e-05,0.00277312367781952,0.75,0.0278490835336032
A4,AR,None,224,225,14,238,1.07705867143811,1.08516040693705,0.00810173549894522,0.00810173549894522,6.56381180948691e-05,0.0029619275201998,1,0.0305849763665236
A4,AR,None,231,232,1,232,1.13238170452692,1.13234580714799,-3.58973789389427e-05,3.58973789389427e-05,1.28862181468605e-09,7.31690535439965e-05,1,0.000870639991006006
A4,AR,None,231,232,2,233,1.12348086746776,1.12335155528242,-0.000129312185344066,0.000129312185344066,1.67216412784581e-08,0.000156114325939933,1,0.0018294760197774
A4,AR,None,231,232,3,234,1.11435391863849,1.11425809629052,-9.58223479681219e-05,9.58223479681219e-05,9.18192237012384e-09,0.000227071265814357,1,0.00290020513784639
A4,AR,None,231,232,4,235,1.10507498353222,1.10462015380151,-0.000454829730707873,0.000454829730707873,2.06870083935796e-07,0.000356819985072264,1,0.00428132914553875
A4,AR,None,231,232,5,236,1.09571786416059,1.09476391950099,-0.000953944659597861,0.000953944659597861,9.10010413575278e-07,0.000500780101012009,1,0.00560068886837523
A4,AR,None,231,232,6,237,1.08635536436126,1.08476063849531,-0.001594725865945,0.001594725865945,2.54315058751403e-06,0.000680707651277843,1,0.00706092635770156
A4,AR,None,231,232,7,238,1.07705867143811,1.07494067841009,-0.00211799302801285,0.00211799302801285,4.48589446671106e-06,0.000851663254013466,1,0.00870011727338366
A4,AR,None,231,232,8,239,1.06789680095995,1.06492831418858,-0.00296848677136352,0.00296848677136352,8.81191371176022e-06,0.00108622071494329,0.75,0.0102242099834126
A4,AR,None,231,232,9,240,1.05893610953439,1.05460491478223,-0.00433119475215782,0.00433119475215782,1.87592479811194e-05,0.00153811692427739,0.75,0.0120546456322582
A4,AR,None,231,232,10,241,1.0502398783199,1.04442015239305,-0.00581972592684932,0.00581972592684932,3.38692098636421e-05,0.00210759133903695,0.75,0.01390191009645
A4,AR,None,231,232,11,242,1.04186796800132,1.03403180226856,-0.00783616573275747,0.00783616573275747,6.14054933912425e-05,0.00289374428714373,0.5,0.0159811652632201
A4,AR,None,231,232,12,243,1.0338765439921,1.02333280832537,-0.0105437356667299,0.0105437356667299,0.000111170361809873,0.00414497065067096,0.5,0.0179062817792612
A4,AR,None,231,232,13,244,1.02631786879539,1.01343512355311,-0.0128827452422815,0.0128827452422815,0.000165965124977527,0.0054399649560747,0.5,0.0199354341251294
A4,AR,None,231,232,14,245,1.01924015680612,1.00290456880957,-0.0163355879965412,0.0163355879965412,0.000266851435192742,0.00715095950409864,0.25,0.0215306362086825
A4,AR,None,238,239,1,239,1.06789680095995,1.06764249832035,-0.000254302639602022,0.000254302639602022,6.46698325085559e-08,0.000102072996660943,1,0.000876509289029381
A4,AR,None,238,239,2,240,1.05893610953439,1.05804426839104,-0.000891841143350725,0.000891841143350725,7.95380624973128e-07,0.000291249453484545,0.75,0.00209313627296503
A4,AR,None,238,239,3,241,1.0502398783199,1.0484707403247,-0.00176913799520184,0.00176913799520184,3.12984924606679e-06,0.00063742030096738,0.75,0.00341688840752186
A4,AR,None,238,239,4,242,1.04186796800132,1.03865913674783,-0.00320883125348548,0.00320883125348548,1.02965980133452e-05,0.00112026772897724,0.5,0.00494949696018226
A4,AR,None,238,239,5,243,1.0338765439921,1.02875986523687,-0.00511667875522348,0.00511667875522348,2.61804014841553e-05,0.00196787763987514,0.25,0.00634477939017802
A4,AR,None,238,239,6,244,1.02631786879539,1.01879147792401,-0.00752639087138141,0.00752639087138141,5.66465595488133e-05,0.00339751047542706,0,0.0078576611763852
A4,AR,None,238,239,7,245,1.01924015680612,1.00967371643503,-0.00956644037108867,0.00956644037108867,9.15167813735951e-05,0.00532993946373803,0,0.00921750599093429
A4,AR,None,238,239,8,246,1.01268748541072,0.999882428427346,-0.0128050569833786,0.0128050569833786,0.000163969484347574,0.00764138930399484,0,0.0111840641099856
A4,AR,None,238,239,9,247,1.00669975507686,0.990454684434282,-0.0162450706425804,0.0162450706425804,0.000263902320182428,0.0105221576573705,0,0.0129867004794336
A4,AR,None,238,239,10,248,1.00131269024855,0.981099184101364,-0.0202135061471813,0.0202135061471813,0.000408585830762137,0.0138192469000653,0,0.0147312562881723
A4,AR,None,238,239,11,249,0.996557872292889,0.971703753986266,-0.0248541183066237,0.0248541183066237,0.000617727196799645,0.0175626928119261,0,0.0165183736949713
A4,AR,None,238,239,12,250,0.992462795490859,0.963202871378581,-0.0292599241122782,0.0292599241122782,0.000856143159056278,0.0217970358073601,0,0.0183904810827355
A4,AR,None,238,239,13,251,0.98905093712718,0.954512352522413,-0.0345385846047667,0.0345385846047667,0.00119291382650062,0.0265258167312007,0,0.0203278780844343
A4,AR,None,238,239,14,252,0.986341833104493,0.946340587270382,-0.0400012458341106,0.0400012458341106,0.00160009966828095,0.0319144820890719,0,0.0220104898541662
A4,AR,None,245,246,1,246,1.01268748541072,1.01200763296041,-0.000679852450317098,0.000679852450317098,4.62199354202162e-07,0.000228946577262433,0.25,0.000812609023148725
A4,AR,None,245,246,2,247,1.00669975507686,1.00489313936482,-0.00180661571204066,0.00180661571204066,3.26386033099218e-06,0.000948142343051744,0,0.00175101940804767
A4,AR,None,245,246,3,248,1.00131269024855,0.997939144338068,-0.00337354591047734,0.00337354591047734,1.13808120100984e-05,0.00206364179212567,0,0.00303896764296704
A4,AR,None,245,246,4,249,0.996557872292889,0.990899393955112,-0.005658478337777,0.005658478337777,3.20183770990915e-05,0.00360917707572979,0,0.00453565469710571
A4,AR,None,245,246,5,250,0.992462795490859,0.983892139097464,-0.0085706563933956,0.0085706563933956,7.34561510136529e-05,0.00566230845603021,0,0.00614059167165271
A4,AR,None,245,246,6,251,0.98905093712718,0.977048428075992,-0.0120025090511876,0.0120025090511876,0.00014406022352384,0.00833209344557897,0,0.00766908340250561
A4,AR,None,245,246,7,252,0.986341833104493,0.970340232521425,-0.0160016005830674,0.0160016005830674,0.000256051221220024,0.0116671613789793,0,0.00927777266493909
A4,AR,None,245,246,8,253,0.984351151166515,0.964178632402309,-0.0201725187642058,0.0201725187642058,0.000406930513292234,0.0153215211935478,0,0.0111719388624804
A4,AR,None,245,246,9,254,0.98309075473887,0.957685138178827,-0.0254056165600434,0.0254056165600434,0.00064544535279595,0.0196711600575516,0,0.0132253284107053
A4,AR,None,245,246,10,255,0.982568751551764,0.9516104004603,-0.0309583510914641,0.0309583510914641,0.000958419502302354,0.0245892959334877,0,0.0153590980165462
A4,AR,None,245,246,11,256,0.982789522556908,0.94563215729766,-0.0371573652592482,0.0371573652592482,0.00138066979300918,0.0299615954404271,0,0.0170885835031273
A4,AR,None,245,246,12,257,0.983753728148167,0.939754691759535,-0.0439990363886321,0.0439990363886321,0.00193591520312817,0.0359577257132247,0,0.0184897909586865
A4,AR,None,245,246,13,258,0.985458290293266,0.934121185240387,-0.0513371050528791,0.0513371050528791,0.00263549835521035,0.0424324770659978,0,0.0203206827642056
A4,AR,None,245,246,14,259,0.987896350832083,0.928741136979262,-0.0591552138528207,0.0591552138528207,0.00349933932597295,0.0494113202905646,0,0.0222121556529447
A4,AR,None,252,253,1,253,0.984351151166515,0.983568807579084,-0.0007823435874309,0.0007823435874309,6.12061488794251e-07,0.000382468210259287,0,0.000767110496115359
A4,AR,None,252,253,2,254,0.98309075473887,0.98087567790594,-0.00221507683292987,0.00221507683292987,4.90656537578264e-06,0.00134427994663237,0,0.00183480678868331
A4,AR,None,252,253,3,255,0.982568751551764,0.978177394786107,-0.00439135676565694,0.00439135676565694,1.9284014243281e-05,0.00289466233392856,0,0.0030248931209288
A4,AR,None,252,253,4,256,0.982789522556908,0.975660730805531,-0.00712879175137704,0.00712879175137704,5.08196718345013e-05,0.00508082007393463,0,0.00454877045793015
A4,AR,None,252,253,5,257,0.983753728148167,0.973045088508907,-0.0107086396392598,0.0107086396392598,0.000114674962923527,0.00790094070398305,0,0.00607776269023133
A4,AR,None,252,253,6,258,0.985458290293266,0.970658587825713,-0.0147997024675532,0.0147997024675532,0.000219031193128102,0.0111759580667553,0,0.00784294569395808
A4,AR,None,252,253,7,259,0.987896350832083,0.968336180233184,-0.0195601705988987,0.0195601705988987,0.000382600273858021,0.0150017963482057,0,0.00980068613212709
A4,AR,None,252,253,8,260,0.991057207843375,0.966014332075727,-0.0250428757676473,0.0250428757676473,0.000627145626713816,0.0195162464423164,0,0.0117693440214001
A4,AR,None,252,253,9,261,0.994926233574265,0.963449861987957,-0.0314763715863083,0.0314763715863083,0.000990761968239359,0.0244827876917642,0,0.0137016878304876
A4,AR,None,252,253,10,262,0.999484778914447,0.961475605347513,-0.0380091735669332,0.0380091735669332,0.00144469727524126,0.0298532706131101,0,0.0159286900969102
A4,AR,None,252,253,11,263,1.00471007073158,0.959476131375948,-0.0452339393556296,0.0452339393556296,0.00204610926962877,0.0357832687708163,0,0.0180737720457072
A4,AR,None,252,253,12,264,1.01057510952127,0.957648071650762,-0.0529270378705098,0.0529270378705098,0.00280127133774638,0.0423836880941525,0,0.0201757655524213
A4,AR,None,252,253,13,265,1.01704857572488,0.956159884924017,-0.0608886908008602,0.0608886908008602,0.00370743266744276,0.0493813896379295,0,0.0224566585175649
A4,AR,None,252,253,14,266,1.02409475369773,0.954433437107611,-0.069661316590122,0.069661316590122,0.0048526990290692,0.057069299628763,0,0.0242963375661623
A4,AR,None,259,260,1,260,0.991057207843375,0.990294321231959,-0.00076288661141577,0.00076288661141577,5.81995981877435e-07,0.000376048261188106,0,0.000765348591451914
A4,AR,None,259,260,2,261,0.994926233574265,0.992775560980985,-0.0021506725932805,0.0021506725932805,4.62539260348787e-06,0.00137985687425016,0,0.0017607127252772
A4,AR,None,259,260,3,262,0.999484778914447,0.995514058476603,-0.00397072043784363,0.00397072043784363,1.57666207955091e-05,0.00283848894139133,0,0.00311713186438206
A4,AR,None,259,260,4,263,1.00471007073158,0.998186852428825,-0.00652321830275226,0.00652321830275226,4.25523770253621e-05,0.00487425174670013,0,0.00485418550443809
A4,AR,None,259,260,5,264,1.01057510952127,1.00072157340038,-0.00985353612089623,0.00985353612089623,9.70921740858068e-05,0.00743100795640644,0,0.00672558138790061
A4,AR,None,259,260,6,265,1.01704857572488,1.00341235224275,-0.013636223482129,0.013636223482129,0.000185946590854567,0.0106374853412192,0,0.00850297782804926
A4,AR,None,259,260,7,266,1.02409475369773,1.00606953442292,-0.0180252192748094,0.0180252192748094,0.00032490852990496,0.0143995275234789,0,0.0103734382566505
A4,AR,None,259,260,8,267,1.03167348264356,1.00872084299198,-0.0229526396515798,0.0229526396515798,0.000526823666975273,0.0184656130787143,0,0.0125351982179804
A4,AR,None,259,260,9,268,1.03974014384915,1.01130947275573,-0.0284306710934108,0.0284306710934108,0.000808303058821704,0.0231480494016519,0,0.0145310444900483
A4,AR,None,259,260,10,269,1.04824569324798,1.01394879705617,-0.0342968961918038,0.0342968961918038,0.00117627708839136,0.0283164085544864,0,0.0165430625927625
A4,AR,None,259,260,11,270,1.0571367477123,1.01603001063514,-0.0411067370771638,0.0411067370771638,0.00168976383313108,0.0340098668891866,0,0.0185282653283743
A4,AR,None,259,260,12,271,1.06635573252893,1.01817388673139,-0.048181845797536,0.048181845797536,0.00232149026445754,0.0400742705420041,0,0.0206734870194712
A4,AR,None,259,260,13,272,1.07584109627462,1.02005970358039,-0.0557813926942301,0.0557813926942301,0.00311156377090791,0.0464424825191988,0,0.0227990722169583
A4,AR,None,259,260,14,273,1.08552759779996,1.022324385465,-0.063203212334958,0.063203212334958,0.00399464604945778,0.052773947883638,0,0.0252685152401468
A4,AR,None,266,267,1,267,1.03167348264356,1.0309671922997,-0.000706290343867488,0.000706290343867488,4.98846049840455e-07,0.000276454593827179,0,0.00088864731795435
A4,AR,None,266,267,2,268,1.03974014384915,1.03787490030989,-0.00186524353925899,0.00186524353925899,3.47913346074739e-06,0.00091251704635441,0,0.0019553570408391
A4,AR,None,266,267,3,269,1.04824569324798,1.04490923026098,-0.00333646298699941,0.00333646298699941,1.1131985263617e-05,0.00203919360294408,0,0.00316083480418955
A4,AR,None,266,267,4,270,1.0571367477123,1.05195303083654,-0.00518371687576802,0.00518371687576802,2.68709206481221e-05,0.00359013384048271,0,0.00455027906218858
A4,AR,None,266,267,5,271,1.06635573252893,1.05867775325856,-0.00767797927036273,0.00767797927036273,5.89513656761199e-05,0.0054420225450205,0,0.00622634474595668
A4,AR,None,266,267,6,272,1.07584109627462,1.06511794742914,-0.0107231488454784,0.0107231488454784,0.000114985921162285,0.00771051490415438,0,0.00782846327215747
A4,AR,None,266,267,7,273,1.08552759779996,1.0715055309736,-0.0140220668263544,0.0140220668263544,0.000196618358082749,0.01017129269594,0,0.00985836254793426
A4,AR,None,266,267,8,274,1.09534666829279,1.07762785589148,-0.0177188124013092,0.0177188124013092,0.00031395631291279,0.0131546458836915,0,0.0119237875404832
A4,AR,None,266,267,9,275,1.10522684946927,1.08368707644407,-0.021539773025202,0.021539773025202,0.000463961821977222,0.0164217227643607,0,0.0139910163288335
A4,AR,None,266,267,10,276,1.11509430688358,1.08914934240961,-0.0259449644739678,0.0259449644739678,0.00067314118155545,0.0199426487829112,0,0.0158826649098002
A4,AR,None,266,267,11,277,1.12487341521335,1.09446749502437,-0.0304059201889797,0.0304059201889797,0.000924519982538603,0.0237179387499339,0,0.0183168987899899
A4,AR,None,266,267,12,278,1.13448741022938,1.09983817361107,-0.0346492366183131,0.0346492366183131,0.00120056959823185,0.027432644311161,0,0.0207337209554296
A4,AR,None,266,267,13,279,1.14385910005724,1.10503040214738,-0.0388286979098549,0.0388286979098549,0.00150766778137477,0.0313154489859801,0,0.0228633894624806
A4,AR,None,266,267,14,280,1.1529116263496,1.10932269198247,-0.0435889343671234,0.0435889343671234,0.00189999519926139,0.035150559249792,0,0.0249794194074957
A4,AR,None,273,274,1,274,1.09534666829279,1.09496466677842,-0.000382001514369179,0.000382001514369179,1.45925156980346e-07,0.000126521859201266,0.75,0.000928855165721609
A4,AR,None,273,274,2,275,1.10522684946927,1.10421802791784,-0.00100882155143722,0.00100882155143722,1.0177209226442e-06,0.000374357445636965,0.75,0.00241212247841466
A4,AR,None,273,274,3,276,1.11509430688358,1.11288687654849,-0.00220743033509518,0.00220743033509518,4.87274868429844e-06,0.000802913074062547,0.5,0.00415661350110946
A4,AR,None,273,274,4,277,1.12487341521335,1.1212590422528,-0.0036143729605489,0.0036143729605489,1.3063691897947e-05,0.0013384055295748,0.5,0.00623908087149067
A4,AR,None,273,274,5,278,1.13448741022938,1.12980633291195,-0.00468107731743816,0.00468107731743816,2.19124848518341e-05,0.00190352625704128,0.5,0.00878429550672755
A4,AR,None,273,274,6,279,1.14385910005724,1.13781613299579,-0.00604296706144991,0.00604296706144991,3.65174509057686e-05,0.00258495181203295,0.5,0.0113773649531839
A4,AR,None,273,274,7,280,1.1529116263496,1.14512451413213,-0.00778711221746842,0.00778711221746842,6.06391166874459e-05,0.0032168387813105,0.5,0.0138149368920884
A4,AR,None,273,274,8,281,1.16156926417433,1.15185976589619,-0.00970949827814316,0.00970949827814316,9.4274356813265e-05,0.00402368472934488,0.25,0.0162033995036792
A4,AR,None,273,274,9,282,1.16975824784134,1.15829515989354,-0.0114630879478042,0.0114630879478042,0.000131402385299093,0.0048074057153613,0.25,0.0189714793527992
A4,AR,None,273,274,10,283,1.17740760859581,1.16384984143642,-0.0135577671593901,0.0135577671593901,0.000183813050348235,0.00565491238293168,0,0.0222808863250849
A4,AR,None,273,274,11,284,1.18445000914121,1.1685689892739,-0.0158810198673065,0.0158810198673065,0.000252206792025784,0.00643418693697324,0.25,0.025397102338156
A4,AR,None,273,274,12,285,1.19082255935905,1.17292070212528,-0.0179018572337619,0.0179018572337619,0.000320476492417994,0.00730407375688793,0.25,0.028625287737922
A4,AR,None,273,274,13,286,1.19646759738977,1.17665657120251,-0.0198110261872528,0.0198110261872528,0.000392476758592018,0.00814432689680715,0.25,0.0316747045788333
A4,AR,None,273,274,14,287,1.20133342044546,1.17962416377464,-0.0217092566708192,0.0217092566708192,0.00047129182519951,0.0087671860967612,0.25,0.0345705073454912
A4,AR,None,280,281,1,281,1.16156926417433,1.16134868071468,-0.000220583459652923,0.000220583459652923,4.86570626724528e-08,0.000102734262877828,1,0.000994358648252036
A4,AR,None,280,281,2,282,1.16975824784134,1.16923523130431,-0.000523016537037346,0.000523016537037346,2.73546298014538e-07,0.000222046503127026,1,0.00228391762229047
A4,AR,None,280,281,3,283,1.17740760859581,1.17655339677861,-0.000854211817194139,0.000854211817194139,7.29677828634114e-07,0.000387083827937618,0.75,0.00389410775598431
A4,AR,None,280,281,4,284,1.18445000914121,1.18329842498908,-0.00115158415213146,0.00115158415213146,1.32614605944033e-06,0.000534205497297972,0.75,0.00573480594879267
A4,AR,None,280,281,5,285,1.19082255935905,1.18926669616747,-0.00155586319158085,0.00155586319158085,2.42071027091616e-06,0.000702887745077011,0.75,0.00750276974624392
A4,AR,None,280,281,6,286,1.19646759738977,1.19454465139238,-0.00192294599738796,0.00192294599738796,3.69772130887037e-06,0.000852678817589857,1,0.00950537091007464
A4,AR,None,280,281,7,287,1.20133342044546,1.19974649662465,-0.00158692382080972,0.00158692382080972,2.51832721305331e-06,0.000936696615211564,1,0.0113315243920058
A4,AR,None,280,281,8,288,1.20537495034183,1.20367143837328,-0.00170351196855334,0.00170351196855334,2.90195302700447e-06,0.001118272285774,1,0.013563435858015
A4,AR,None,280,281,9,289,1.20855431975475,1.20677204929341,-0.00178227046133439,0.00178227046133439,3.1764879973451e-06,0.00128827562435783,1,0.0158361140258942
A4,AR,None,280,281,10,290,1.21084136660259,1.20868308542984,-0.00215828117275652,0.00215828117275652,4.65817762067524e-06,0.00153710979624731,1,0.0185574835116393
A4,AR,None,280,281,11,291,1.21221402569625,1.20969718866425,-0.00251683703200101,0.00251683703200101,6.33446864565164e-06,0.00171223872965126,1,0.0208065398035344
A4,AR,None,280,281,12,292,1.21265860883776,1.20996054981296,-0.00269805902480647,0.00269805902480647,7.27952250133961e-06,0.001902244370631,1,0.022986914666765
A4,AR,None,280,281,13,293,1.21216996683341,1.20939766613126,-0.00277230070215206,0.00277230070215206,7.68565118315283e-06,0.00211760316006098,1,0.0257172977079359
A4,AR,None,280,281,14,294,1.21075152935396,1.20811756448127,-0.00263396487268452,0.00263396487268452,6.937770950536e-06,0.00228358918246544,1,0.0284928960711071
A4,AR,None,287,288,1,288,1.20537495034183,1.20534517866662,-2.97716752142296e-05,2.97716752142296e-05,8.86352645061575e-10,7.36452297198431e-05,1,0.000888670543910675
A4,AR,None,287,288,2,289,1.20855431975475,1.20888193395208,0.000327614197331627,0.000327614197331627,1.07331062293246e-07,0.000200281759253039,1,0.0021955740990548
A4,AR,None,287,288,3,290,1.21084136660259,1.21153418415664,0.000692817554045266,0.000692817554045266,4.79996163193266e-07,0.000353610138315487,1,0.00377088210951049
A4,AR,None,287,288,4,291,1.21221402569625,1.21366769491135,0.00145366921510393,0.00145366921510393,2.11315418694086e-06,0.000572021729287385,0.75,0.00545437882660027
A4,AR,None,287,288,5,292,1.21265860883776,1.21513786245146,0.00247925361369927,0.00247925361369927,6.1466984810409e-06,0.000868042257769663,0.75,0.00721484417090457
A4,AR,None,287,288,6,293,1.21216996683341,1.21617518407237,0.00400521723896308,0.00400521723896308,1.6041765131287e-05,0.00130290673017823,0.75,0.00939602434215014
A4,AR,None,287,288,7,294,1.21075152935396,1.21576478329455,0.00501325394058583,0.00501325394058583,2.51327150727993e-05,0.00176143499378631,0.75,0.0115800429738407
A4,AR,None,287,288,8,295,1.20841522115756,1.214073599397,0.00565837823944082,0.00565837823944082,3.20172443005774e-05,0.00216746410292687,0.75,0.0142294988210754
A4,AR,None,287,288,9,296,1.20518125581679,1.21213859040504,0.00695733458825742,0.00695733458825742,4.84045045729631e-05,0.00262978272737855,0.75,0.0171729126161768
A4,AR,None,287,288,10,297,1.20107781068956,1.20951486054472,0.00843704985516225,0.00843704985516225,7.11838102584933e-05,0.00318999667521675,0.75,0.0203408877647266
A4,AR,None,287,288,11,298,1.19614058937216,1.20561339247014,0.00947280309798781,0.00947280309798781,8.97339985332475e-05,0.00378736756429678,0.75,0.0228840627439256
A4,AR,None,287,288,12,299,1.19041228020378,1.20119164383143,0.010779363627651,0.010779363627651,0.000116194680217125,0.00441429178076495,0.75,0.0248740966094235
A4,AR,None,287,288,13,300,1.18394192149494,1.19659041118578,0.0126484896908372,0.0126484896908372,0.000159984291459215,0.00480625578147354,0.75,0.027325831700638
A4,AR,None,287,288,14,301,1.17678418597095,1.19127461012444,0.0144904241534878,0.0144904241534878,0.000209972392147982,0.00517521411852716,0.75,0.0295317811517554
A4,AR,None,294,295,1,295,1.20841522115756,1.20849860321436,8.33820567951449e-05,8.33820567951449e-05,6.95256739538877e-09,8.112301438534e-05,1,0.000917800657534551
A4,AR,None,294,295,2,296,1.20518125581679,1.20562265763007,0.000441401813285891,0.000441401813285891,1.94835560772073e-07,0.000215667807513572,1,0.00231692981097609
A4,AR,None,294,295,3,297,1.20107781068956,1.2020838912654,0.00100608057584362,0.00100608057584362,1.01219812508982e-06,0.000372390781683111,0.75,0.00374702734736276
A4,AR,None,294,295,4,298,1.19614058937216,1.19801702222117,0.00187643284901795,0.00187643284901795,3.52100023687362e-06,0.000617686486125115,0.75,0.00520037040637389
A4,AR,None,294,295,5,299,1.19041228020378,1.19322563002905,0.00281334982526982,0.00281334982526982,7.91493723934571e-06,0.000944668788849666,0.75,0.00711785286359673
A4,AR,None,294,295,6,300,1.18394192149494,1.18771972878389,0.00377780728894916,0.00377780728894916,1.42718279124374e-05,0.00130880397441,0.75,0.00922184693876943
A4,AR,None,294,295,7,301,1.17678418597095,1.1816445171845,0.004860331213554,0.004860331213554,2.36228195054473e-05,0.00172717831980012,0.75,0.0116442585565215
A4,AR,None,294,295,8,302,1.16899859841354,1.17494436199236,0.00594576357881715,0.00594576357881715,3.53521045351886e-05,0.0022175224472621,0.75,0.0139516966292429
A4,AR,None,294,295,9,303,1.16064870161219,1.16776744309991,0.0071187414877163,0.0071187414877163,5.06764803689332e-05,0.00267533514518594,0.75,0.0163573890054578
A4,AR,None,294,295,10,304,1.15180118648105,1.16041941506825,0.00861822858720407,0.00861822858720407,7.42738639813014e-05,0.00319269550772811,0.75,0.0188687407991159
A4,AR,None,294,295,11,305,1.14252500254502,1.15286514738574,0.0103401448407239,0.0103401448407239,0.000106918595327149,0.00364457332760231,0.75,0.0215166212609355
A4,AR,None,294,295,12,306,1.13289046495227,1.14493557746978,0.0120451125175047,0.0120451125175047,0.000145084735559349,0.00409067149714651,0.75,0.0240428431875911
A4,AR,None,294,295,13,307,1.12296837374189,1.13616581464708,0.0131974409051909,0.0131974409051909,0.000174172446446007,0.00450578159400534,0.75,0.0263134812817668
A4,AR,None,294,295,14,308,1.11282916030935,1.12681165736488,0.0139824970555378,0.0139824970555378,0.000195510223908123,0.00474894286812897,0.75,0.0288779763377388
A4,AR,None,301,302,1,302,1.16899859841354,1.16897425335874,-2.43450547943169e-05,2.43450547943169e-05,5.92681692938293e-10,7.53370458719322e-05,1,0.000918994762936554
A4,AR,None,301,302,2,303,1.16064870161219,1.16083578993693,0.000187088324741236,0.000187088324741236,3.50020412544821e-08,0.000195577700790862,1,0.00229982085973685
A4,AR,None,301,302,3,304,1.15180118648105,1.15200498830102,0.000203801819969041,0.000203801819969041,4.15351818226932e-08,0.000318105397185558,1,0.00407680757793211
A4,AR,None,301,302,4,305,1.14252500254502,1.14285549199891,0.000330489453894467,0.000330489453894467,1.09223279135463e-07,0.000438467889304733,1,0.00589602883548568
A4,AR,None,301,302,5,306,1.13289046495227,1.13337597373504,0.000485508782769095,0.000485508782769095,2.35718778145928e-07,0.000598865910581592,1,0.00807519445882982
A4,AR,None,301,302,6,307,1.12296837374189,1.1236201925209,0.000651818779011437,0.000651818779011437,4.24867720671961e-07,0.000718337560362237,1,0.0100011225223237
A4,AR,None,301,302,7,308,1.11282916030935,1.11375618859943,0.00092702829008795,0.00092702829008795,8.59381450623389e-07,0.000927550021632871,1,0.0122538397495121
A4,AR,None,301,302,8,309,1.1025420749019,1.10411287059465,0.00157079569275131,0.00157079569275131,2.46739910836608e-06,0.00115072352598897,1,0.0144733802502691
A4,AR,None,301,302,9,310,1.09217442758281,1.09357905343115,0.00140462584834466,0.00140462584834466,1.97297377383797e-06,0.00122449757218163,1,0.0165478338993089
A4,AR,None,301,302,10,311,1.08179089347631,1.08332986506983,0.00153897159352234,0.00153897159352234,2.3684335656687e-06,0.0013660207997419,1,0.0187873543247923
A4,AR,None,301,302,11,312,1.07145289129737,1.07265311935426,0.00120022805689479,0.00120022805689479,1.44054738855745e-06,0.00150039379457183,1,0.0212691465378396
A4,AR,None,301,302,12,313,1.06121804223751,1.06228558746281,0.00106754522530728,0.00106754522530728,1.13965280807636e-06,0.00169277298859242,1,0.0241117204699123
A4,AR,None,301,302,13,314,1.05113971427813,1.05204557433686,0.000905860058723507,0.000905860058723507,8.20582445990555e-07,0.00187784698467467,1,0.0270045305994794
A4,AR,None,301,302,14,315,1.0412666549909,1.04195476190044,0.000688106909544794,0.000688106909544794,4.73491118963288e-07,0.00201845634981273,1,0.0298007901107047
A4,AR,None,308,309,1,309,1.1025420749019,1.10257982305975,3.7748157842854e-05,3.7748157842854e-05,1.42492342052902e-09,8.380405134177e-05,1,0.000948477160164829
A4,AR,None,308,309,2,310,1.09217442758281,1.09192172952545,-0.000252698057360501,0.000252698057360501,6.3856308193771e-08,0.000188357071520257,1,0.00213514936294867
A4,AR,None,308,309,3,311,1.08179089347631,1.08126740608845,-0.000523487387863675,0.000523487387863675,2.74039045252333e-07,0.000312169572642555,1,0.00359893788108245
A4,AR,None,308,309,4,312,1.07145289129737,1.0706099816492,-0.000842909648165691,0.000842909648165691,7.10496674970808e-07,0.000467334028460881,1,0.00538373231101097
A4,AR,None,308,309,5,313,1.06121804223751,1.05975411722755,-0.00146392500995685,0.00146392500995685,2.14307643477715e-06,0.000669066295263713,1,0.00744323435226146
A4,AR,None,308,309,6,314,1.05113971427813,1.04859292394592,-0.00254679033221294,0.00254679033221294,6.48614099625332e-06,0.000995448370550156,0.75,0.00981653272218158
A4,AR,None,308,309,7,315,1.0412666549909,1.03781538829131,-0.00345126669958273,0.00345126669958273,1.19112418316487e-05,0.00137612491082356,0.75,0.0120339515710096
A4,AR,None,308,309,8,316,1.03164271391496,1.02669491468516,-0.00494779922980149,0.00494779922980149,2.44807172184242e-05,0.0018969738793404,0.75,0.0141079915111377
A4,AR,None,308,309,9,317,1.02230665372228,1.01595609975853,-0.00635055396374562,0.00635055396374562,4.03295356464452e-05,0.00243799383406099,0.75,0.0164412407526998
A4,AR,None,308,309,10,318,1.01329204763781,1.00515677714614,-0.00813527049166551,0.00813527049166551,6.61826259725637e-05,0.00302166215748421,0.5,0.0188074627124898
A4,AR,None,308,309,11,319,1.00462725900902,0.994275326561287,-0.0103519324477341,0.0103519324477341,0.000107162505402451,0.00394291331652481,0.5,0.0213071506017673
A4,AR,None,308,309,12,320,0.996335497547414,0.983511575243383,-0.0128239223040304,0.0128239223040304,0.000164452983259808,0.00499385846919191,0.5,0.0234875753331578
A4,AR,None,308,309,13,321,0.988434945616121,0.973321188272797,-0.0151137573433241,0.0151137573433241,0.000228425661032883,0.00615614664881034,0.5,0.0255245794808223
A4,AR,None,308,309,14,322,0.980938947025583,0.963280335214424,-0.0176586118111592,0.0176586118111592,0.000311826571097213,0.00751043285736751,0.25,0.0276465091486804
A4,AR,None,315,316,1,316,1.03164271391496,1.03131914012877,-0.000323573786189746,0.000323573786189746,1.04699995109167e-07,0.000103066679458035,1,0.000817504573792982
A4,AR,None,315,316,2,317,1.02230665372228,1.02136577817748,-0.000940875544801933,0.000940875544801933,8.85246790806335e-07,0.000296053174289954,0.75,0.00171263659571441
A4,AR,None,315,316,3,318,1.01329204763781,1.01163515486463,-0.00165689277317704,0.00165689277317704,2.74529366180631e-06,0.000588272748769434,0.5,0.00291969626410848
A4,AR,None,315,316,4,319,1.00462725900902,1.00208947790364,-0.00253778110538638,0.00253778110538638,6.44033293885613e-06,0.00101780987024374,0.5,0.00433371932977702
A4,AR,None,315,316,5,320,0.996335497547414,0.992440930198049,-0.00389456734936411,0.00389456734936411,1.5167654838733e-05,0.00183959279088853,0,0.00575722964831099
A4,AR,None,315,316,6,321,0.988434945616121,0.983135760732751,-0.00529918488337022,0.00529918488337022,2.80813604281395e-05,0.00274542138744138,0,0.00756553446928454
A4,AR,None,315,316,7,322,0.980938947025583,0.973708716879969,-0.00723023014561397,0.00723023014561397,5.2276227958545e-05,0.00386763676527287,0,0.00940420129956598
A4,AR,None,315,316,8,323,0.973856250129659,0.96496133564662,-0.00889491448303814,0.00889491448303814,7.91195036605617e-05,0.00499430403443452,0,0.0111184906070142
A4,AR,None,315,316,9,324,0.967191296586129,0.956064444167638,-0.011126852418491,0.011126852418491,0.000123806844742879,0.00630514820078631,0,0.0132190628135527
A4,AR,None,315,316,10,325,0.96094454694982,0.947074709548739,-0.0138698374010807,0.0138698374010807,0.000192372389532418,0.00788425825440206,0,0.0151859616778624
A4,AR,None,315,316,11,326,0.955112834289369,0.938647207183163,-0.0164656271062059,0.0164656271062059,0.000271116876000623,0.00970942995176076,0,0.0171758178345614
A4,AR,None,315,316,12,327,0.949689737240678,0.930537692124345,-0.0191520451163322,0.0191520451163322,0.000366800832138023,0.0115120105456912,0,0.0193262321480339
A4,AR,None,315,316,13,328,0.944665964307884,0.922553467860715,-0.0221124964471686,0.0221124964471686,0.000488962499126045,0.013475522048623,0,0.0214911162760867
A4,AR,None,315,316,14,329,0.940029741770132,0.914775095997986,-0.0252546457721461,0.0252546457721461,0.000637797133076576,0.015881079764955,0,0.0232569850868777
A4,AR,None,322,323,1,323,0.973856250129659,0.973473999087041,-0.000382251042617909,0.000382251042617909,1.46115859582479e-07,0.000126788829642676,0.75,0.000764405674930774
A4,AR,None,322,323,2,324,0.967191296586129,0.966154896325778,-0.0010364002603519,0.0010364002603519,1.07412549965749e-06,0.000352826072254186,0.5,0.00165309054037913
A4,AR,None,322,323,3,325,0.96094454694982,0.959143767016671,-0.00180077993314864,0.00180077993314864,3.24280836763084e-06,0.000763637699096863,0.25,0.00281391348144175
A4,AR,None,322,323,4,326,0.955112834289369,0.952192697062258,-0.00292013722711049,0.00292013722711049,8.52720142515652e-06,0.00136101724415514,0.25,0.00423067002004862
A4,AR,None,322,323,5,327,0.949689737240678,0.945631390028715,-0.00405834721196241,0.00405834721196241,1.64701820928431e-05,0.00204966727684553,0,0.00580729372851757
A4,AR,None,322,323,6,328,0.944665964307884,0.939168061718697,-0.00549790258918725,0.00549790258918725,3.02269328801919e-05,0.00281097380546044,0,0.00759340521681043
A4,AR,None,322,323,7,329,0.940029741770132,0.93314937288887,-0.0068803688812622,0.0068803688812622,4.73394759422413e-05,0.00362333562471336,0,0.00961485080976737
A4,AR,None,322,323,8,330,0.935767198221355,0.927267664385729,-0.0084995338356264,0.0084995338356264,7.22420754229581e-05,0.0045202586072664,0,0.0118741260492196
A4,AR,None,322,323,9,331,0.931862739531889,0.921654502938082,-0.0102082365938065,0.0102082365938065,0.000104208094355131,0.00549041484942786,0,0.0141290456250883
A4,AR,None,322,323,10,332,0.928299408846375,0.916314035729049,-0.0119853731173257,0.0119853731173257,0.000143649168761514,0.00658131523019217,0,0.0163983484103347
A4,AR,None,322,323,11,333,0.925059227094433,0.911016247480474,-0.0140429796139593,0.0140429796139593,0.000197205276438076,0.00775189815822555,0,0.0183248831880128
A4,AR,None,322,323,12,334,0.922123510363353,0.906098328360104,-0.0160251820032498,0.0160251820032498,0.00025680645823728,0.00886171855108882,0,0.0202989287388562
A4,AR,None,322,323,13,335,0.919473161342081,0.901151330519478,-0.0183218308226029,0.0183218308226029,0.00033568948469208,0.00963245008112645,0,0.02274464812351
A4,AR,None,322,323,14,336,0.917088932872826,0.896663681982138,-0.0204252508906883,0.0204252508906883,0.000417190873947561,0.0104031595602937,0,0.0249468967173564
A4,AR,None,329,330,1,330,0.935767198221355,0.935654658232001,-0.000112539989354232,0.000112539989354232,1.26652492038507e-08,6.77312211986352e-05,1,0.000712186218130267
A4,AR,None,329,330,2,331,0.931862739531889,0.931412914643148,-0.000449824888740569,0.000449824888740569,2.02342430530465e-07,0.000166090282417291,1,0.00169603858101908
A4,AR,None,329,330,3,332,0.928299408846375,0.927582566847975,-0.00071684199839972,0.00071684199839972,5.13862450669704e-07,0.000286233047117944,0.75,0.00280608849479547
A4,AR,None,329,330,4,333,0.925059227094433,0.923934863410446,-0.00112436368398738,0.00112436368398738,1.26419369386968e-06,0.000485415215177638,0.75,0.00424030709594142
A4,AR,None,329,330,5,334,0.922123510363353,0.920378743510462,-0.00174476685289171,0.00174476685289171,3.04421137094964e-06,0.000712118194634504,0.75,0.00585256585276436
A4,AR,None,329,330,6,335,0.919473161342081,0.917261386436802,-0.00221177490527869,0.00221177490527869,4.89194823162054e-06,0.000828820333913267,0.75,0.00721954742790015
A4,AR,None,329,330,7,336,0.917088932872826,0.914241722289935,-0.00284721058289128,0.00284721058289128,8.1066081033281e-06,0.00101197036483178,0.75,0.00883546410837466
A4,AR,None,329,330,8,337,0.914951662423273,0.911657985405805,-0.00329367701746863,0.00329367701746863,1.08483082954011e-05,0.00113819491475803,0.75,0.0104661402117001
A4,AR,None,329,330,9,338,0.913042477004955,0.909544767454952,-0.00349770955000261,0.00349770955000261,1.22339720961795e-05,0.0012746146460885,0.75,0.0120459730990498
A4,AR,None,329,330,10,339,0.911342968701348,0.907811961916909,-0.00353100678443896,0.00353100678443896,1.2468008911754e-05,0.00136602311834751,0.75,0.0138423634813166
A4,AR,None,329,330,11,340,0.909835341525607,0.906071893318706,-0.00376344820690067,0.00376344820690067,1.41635424060238e-05,0.00149144702773138,0.75,0.0155494230385144
A4,AR,None,329,330,12,341,0.908502530798608,0.904568259403816,-0.00393427139479219,0.00393427139479219,1.54784914078801e-05,0.00154681639277432,0.75,0.0170316421594089
A4,AR,None,329,330,13,342,0.907328296622161,0.903593286090826,-0.00373501053133429,0.00373501053133429,1.39503036691781e-05,0.00157991317839002,1,0.0186679906610397
A4,AR,None,329,330,14,343,0.906297293321228,0.903104801827199,-0.00319249149402845,0.00319249149402845,1.0192001939444e-05,0.00163083841712866,1,0.0203713488398767
A4,AR,None,336,337,1,337,0.914951662423273,0.914919257499633,-3.24049236398727e-05,3.24049236398727e-05,1.05007907610598e-09,5.59399977751427e-05,1,0.000699497566787277
A4,AR,None,336,337,2,338,0.913042477004955,0.913169373613379,0.000126896608424465,0.000126896608424465,1.6102749229632e-08,0.00012442604919961,1,0.00153819882955558
A4,AR,None,336,337,3,339,0.911342968701348,0.91162339154368,0.000280422842332095,0.000280422842332095,7.86369705016112e-08,0.000221274569076131,1,0.00262389225792839
A4,AR,None,336,337,4,340,0.909835341525607,0.910352302319386,0.000516960793778831,0.000516960793778831,2.67248462304439e-07,0.000339550214588421,1,0.00379889896715668
A4,AR,None,336,337,5,341,0.908502530798608,0.909229416259614,0.000726885461006188,0.000726885461006188,5.28362473422179e-07,0.000464026961744002,1,0.00509220670022914
A4,AR,None,336,337,6,342,0.907328296622161,0.908442533735482,0.00111423711332115,0.00111423711332115,1.24152434470225e-06,0.000607638325182666,1,0.00655186943322536
A4,AR,None,336,337,7,343,0.906297293321228,0.907919208241222,0.00162191491999475,0.00162191491999475,2.63060800770157e-06,0.000776860114327456,1,0.00796732817450077
A4,AR,None,336,337,8,344,0.90539511694659,0.908001533309935,0.00260641636334513,0.00260641636334513,6.79340625911326e-06,0.000994156504971249,0.75,0.00954913668469273
A4,AR,None,336,337,9,345,0.904608333070967,0.90891977594783,0.00431144287686325,0.00431144287686325,1.85885396804548e-05,0.00140930786238003,0.75,0.0114439424962935
A4,AR,None,336,337,10,346,0.903924487184033,0.909382806894045,0.00545831971001143,0.00545831971001143,2.97932540566992e-05,0.00189672790112604,0.75,0.0136316221881637
A4,AR,None,336,337,11,347,0.90333210000287,0.909746558486404,0.00641445848353417,0.00641445848353417,4.11452776369835e-05,0.00246397091165917,0.75,0.0161097057833358
A4,AR,None,336,337,12,348,0.902820649972514,0.911529705295549,0.00870905532303501,0.00870905532303501,7.58476446196844e-05,0.00313662434977942,0.75,0.0186013119333264
A4,AR,None,336,337,13,349,0.902380545145219,0.91280831184512,0.0104277666999011,0.0104277666999011,0.000108738318347566,0.00376414614722293,0.75,0.0213007184064715
A4,AR,None,336,337,14,350,0.902003086505286,0.914597334557987,0.0125942480527013,0.0125942480527013,0.00015861508401297,0.0044426123022738,0.75,0.0236776848432285
A4,AR,None,343,344,1,344,0.90539511694659,0.905506236443451,0.000111119496861156,0.000111119496861156,1.23475425826765e-08,6.12012680035227e-05,1,0.000673403718594867
A4,AR,None,343,344,2,345,0.904608333070967,0.905187888972911,0.000579555901944695,0.000579555901944695,3.35885043478929e-07,0.000190649539546595,0.75,0.00142450318572609
A4,AR,None,343,344,3,346,0.903924487184033,0.904954527074394,0.0010300398903611,0.0010300398903611,1.06098217573511e-06,0.000381247002585401,0.75,0.00237661743731946
A4,AR,None,343,344,4,347,0.90333210000287,0.905098255308958,0.00176615530608859,0.00176615530608859,3.11930456522488e-06,0.000669519310589457,0.5,0.00355112114424663
A4,AR,None,343,344,5,348,0.902820649972514,0.905590500700332,0.00276985072781832,0.00276985072781832,7.6720730543957e-06,0.00108986731438393,0.5,0.00490018425837879
A4,AR,None,343,344,6,349,0.902380545145219,0.906400991805312,0.00402044666009305,0.00402044666009305,1.61639913466533e-05,0.00153945203711377,0.5,0.00652025521365779
A4,AR,None,343,344,7,350,0.902003086505286,0.907480384437497,0.00547729793221141,0.00547729793221141,3.00007926382074e-05,0.00224646496229614,0.25,0.00819517321306915
A4,AR,None,343,344,8,351,0.901680424657376,0.908873894411814,0.00719346975443769,0.00719346975443769,5.17460071080098e-05,0.00323511058930935,0,0.00980540941157546
A4,AR,None,343,344,9,352,0.901405511627779,0.910577297139924,0.00917178551214548,0.00917178551214548,8.41216494808017e-05,0.0045432880582588,0,0.0113752946131029
A4,AR,None,343,344,10,353,0.901172049347445,0.912598467315649,0.0114264179682034,0.0114264179682034,0.000130563027584082,0.00615141481894502,0,0.0129355290328853
A4,AR,None,343,344,11,354,0.900974436199026,0.914651222405227,0.0136767862062014,0.0136767862062014,0.00018705448093014,0.00802961419758249,0,0.0144512374430586
A4,AR,None,343,344,12,355,0.900807712823289,0.916905272708056,0.0160975598847667,0.0160975598847667,0.00025913143424365,0.0100395726421094,0,0.0159534106799557
A4,AR,None,343,344,13,356,0.900667508197734,0.919862081365484,0.0191945731677492,0.0191945731677492,0.000368431639092077,0.0122148489008326,0,0.0177397685350618
A4,AR,None,343,344,14,357,0.900549986825775,0.922635093881644,0.022085107055869,0.022085107055869,0.000487751953669193,0.0145256692064211,0,0.0194514968010364
A4,AR,None,350,351,1,351,0.901680424657376,0.901790739054924,0.000110314397548494,0.000110314397548494,1.21692663064873e-08,6.27374126692683e-05,1,0.00069178039672374
A4,AR,None,350,351,2,352,0.901405511627779,0.901790681272106,0.000385169644326777,0.000385169644326777,1.48355654910816e-07,0.000190767390993883,0.75,0.00163844133062532
A4,AR,None,350,351,3,353,0.901172049347445,0.902504822236086,0.00133277288864009,0.00133277288864009,1.77628357269404e-06,0.00047693281390513,0.75,0.002645899632777
A4,AR,None,350,351,4,354,0.900974436199026,0.903254381291859,0.00227994509283325,0.00227994509283325,5.1981496263344e-06,0.000964970315362371,0.5,0.00370528924949831
A4,AR,None,350,351,5,355,0.900807712823289,0.904135320218054,0.00332760739476456,0.00332760739476456,1.10729709736918e-05,0.00162775017269858,0,0.0049059180839354
A4,AR,None,350,351,6,356,0.900667508197734,0.905466886166298,0.00479937796856389,0.00479937796856389,2.30340288851364e-05,0.00257488227013964,0,0.005929132808177
A4,AR,None,350,351,7,357,0.900549986825775,0.907081756437777,0.00653176961200141,0.00653176961200141,4.26640142642651e-05,0.00368991045951273,0,0.00751510489418319
A4,AR,None,350,351,8,358,0.900451797711482,0.90875235353043,0.00830055581894806,0.00830055581894806,6.88992269034726e-05,0.00507307583892718,0,0.00922111475526594
A4,AR,None,350,351,9,359,0.900370025644648,0.911355054352644,0.0109850287079964,0.0109850287079964,0.000120670855715506,0.00673219263268164,0,0.0108052999566243
A4,AR,None,350,351,10,360,0.900302145185345,0.91401088212116,0.0137087369358146,0.0137087369358146,0.000187929468375369,0.00852427674253903,0,0.0124775991614524
A4,AR,None,350,351,11,361,0.900245977616876,0.916175736694605,0.0159297590777283,0.0159297590777283,0.000253757224274468,0.0102951664730126,0,0.0146369742766559
A4,AR,None,350,351,12,362,0.900199651031386,0.919024141839897,0.0188244908085109,0.0188244908085109,0.000354361454199711,0.0122808865750293,0,0.0168900691928667
A4,AR,None,350,351,13,363,0.900161563623067,0.922310183385679,0.022148619762612,0.022148619762612,0.000490561357388765,0.0144324337490849,0,0.0192555957524668
A4,AR,None,350,351,14,364,0.900130350189347,0.924943821671247,0.0248134714818999,0.0248134714818999,0.000615708366983062,0.0170880744155023,0,0.0214017372839394
