Scenario,ScenarioName,Model,ExoMode,ForecastArtifact,WindowDay,WindowDayIdx,HorizonIdx,ForecastDay,Truth_Rt,Median_Forecast,Error,SquaredError,AbsoluteError,WIS,WISMedianComponent,WISDispersionComponent,WISUnderpredictionComponent,WISOverpredictionComponent,CoverageMean,CalibrationBiasMean,AbsoluteCalibrationErrorMean,IntervalWidthMean
A1,Seasonal Forcing,ARX,I,/home/kaahin/degree_project/hybrid-epidemic-forecasting/results/partA/forecasts/partA_03_forecast_A1_ARX_I.mat,49,50,1,50,1.13649504552614,1.13649527582402,2.30297879655339e-07,5.3037113373745e-14,2.30297879655339e-07,1.28566715401007e-07,1.15148939827669e-07,8.12469706124031e-08,3.82154308864457e-07,0,0,-0.7875,0.7875,2.46122178748642e-07
A1,Seasonal Forcing,ARX,I,/home/kaahin/degree_project/hybrid-epidemic-forecasting/results/partA/forecasts/partA_03_forecast_A1_ARX_I.mat,49,50,2,51,1.13849466883911,1.13849540608523,7.37246119042467e-07,5.4353184004318e-13,7.37246119042467e-07,5.15768757911348e-07,3.68623059521234e-07,1.77682582697125e-07,1.77465376838271e-06,0,0,-0.7875,0.7875,5.70392178045331e-07
A1,Seasonal Forcing,ARX,I,/home/kaahin/degree_project/hybrid-epidemic-forecasting/results/partA/forecasts/partA_03_forecast_A1_ARX_I.mat,49,50,3,52,1.14045325319274,1.14045481739882,1.56420607710928e-06,2.44674065166559e-12,1.56420607710928e-06,1.26079537780482e-06,7.82103038554638e-07,2.84652370236005e-07,4.60682379133104e-06,0,0,-0.7875,0.7875,9.02729489882237e-07
A1,Seasonal Forcing,ARX,I,/home/kaahin/degree_project/hybrid-epidemic-forecasting/results/partA/forecasts/partA_03_forecast_A1_ARX_I.mat,49,50,4,53,1.14237021821622,1.14237297278554,2.75456931930762e-06,7.58765213487085e-12,2.75456931930762e-06,2.35323820113104e-06,1.37728465965381e-06,4.35233647072542e-07,8.77705359836334e-06,0,0,-0.7875,0.7875,1.31312217144242e-06
A1,Seasonal Forcing,ARX,I,/home/kaahin/degree_project/hybrid-epidemic-forecasting/results/partA/forecasts/partA_03_forecast_A1_ARX_I.mat,49,50,5,54,1.14424499587144,1.14424950318126,4.50730981604863e-06,2.03158417778484e-11,4.50730981604863e-06,3.91955857702822e-06,2.25365490802432e-06,5.98363536347124e-07,1.47859951522555e-05,0,0,-0.7875,0.7875,1.79470105143853e-06
A1,Seasonal Forcing,ARX,I,/home/kaahin/degree_project/hybrid-epidemic-forecasting/results/partA/forecasts/partA_03_forecast_A1_ARX_I.mat,49,50,6,55,1.14607703062133,1.14608380437216,6.77375083890652e-06,4.58837004275868e-11,6.77375083890652e-06,6.02929637729677e-06,3.38687541945326e-06,7.59181428044986e-07,2.29857768503372e-05,0,0,-0.7875,0.7875,2.29730208073375e-06
A1,Seasonal Forcing,ARX,I,/home/kaahin/degree_project/hybrid-epidemic-forecasting/results/partA/forecasts/partA_03_forecast_A1_ARX_I.mat,49,50,7,56,1.14786577959443,1.14787535385295,9.57425851599858e-06,9.16664261311713e-11,9.57425851599858e-06,8.76388095011585e-06,4.78712925799929e-06,9.46127194406676e-07,3.37042078231153e-05,0,0,-0.7875,0.7875,2.8285233159564e-06
A1,Seasonal Forcing,ARX,I,/home/kaahin/degree_project/hybrid-epidemic-forecasting/results/partA/forecasts/partA_03_forecast_A1_ARX_I.mat,49,50,8,57,1.14961071274585,1.14962409633834,1.33835924980286e-05,1.79120548153286e-10,1.33835924980286e-05,1.2224508723672e-05,6.69179624901428e-06,1.14456067906166e-06,4.71739323284481e-05,0,0,-0.7875,0.7875,3.40351983141307e-06
A1,Seasonal Forcing,ARX,I,/home/kaahin/degree_project/hybrid-epidemic-forecasting/results/partA/forecasts/partA_03_forecast_A1_ARX_I.mat,49,50,9,58,1.15131131301421,1.15132921983557,1.79068213608247e-05,3.20654251248487e-10,1.79068213608247e-05,1.65037913648438e-05,8.95341068041233e-06,1.36941360830978e-06,6.39442368530752e-05,0,0,-0.7875,0.7875,4.01765430046996e-06
A1,Seasonal Forcing,ARX,I,/home/kaahin/degree_project/hybrid-epidemic-forecasting/results/partA/forecasts/partA_03_forecast_A1_ARX_I.mat,49,50,10,59,1.15296707647496,1.152990459575,2.33831000415741e-05,5.46769367554261e-10,2.33831000415741e-05,2.17456821430928e-05,1.1691550020787e-05,1.61209551252095e-06,8.45519241106096e-05,0,0,-0.7875,0.7875,4.72017113450907e-06
A1,Seasonal Forcing,ARX,I,/home/kaahin/degree_project/hybrid-epidemic-forecasting/results/partA/forecasts/partA_03_forecast_A1_ARX_I.mat,49,50,11,60,1.15457751248964,1.15460761886282,3.01063731742435e-05,9.06393705706807e-10,3.01063731742435e-05,2.80988043179146e-05,1.50531865871217e-05,1.82739184678149e-06,0.000109564040996712,0,0,-0.7875,0.7875,5.43847677819675e-06
A1,Seasonal Forcing,ARX,I,/home/kaahin/degree_project/hybrid-epidemic-forecasting/results/partA/forecasts/partA_03_forecast_A1_ARX_I.mat,49,50,12,61,1.15614214385133,1.15618015036259,3.80065112621786e-05,1.44449489832211e-09,3.80065112621786e-05,3.56823310297232e-05,1.90032556310893e-05,2.03435184593093e-06,0.000139532882156734,0,0,-0.7875,0.7875,6.07365261401371e-06
A1,Seasonal Forcing,ARX,I,/home/kaahin/degree_project/hybrid-epidemic-forecasting/results/partA/forecasts/partA_03_forecast_A1_ARX_I.mat,49,50,13,62,1.15766050692596,1.15770770277192,4.71958459529187e-05,2.22744787521163e-09,4.71958459529187e-05,4.45263886715915e-05,2.35979229764594e-05,2.25111301919156e-06,0.000174519713026511,0,0,-0.7875,0.7875,6.80347531567538e-06
A1,Seasonal Forcing,ARX,I,/home/kaahin/degree_project/hybrid-epidemic-forecasting/results/partA/forecasts/partA_03_forecast_A1_ARX_I.mat,49,50,14,63,1.15913215178981,1.15919005787818,5.79060883738602e-05,3.35311507076131e-09,5.79060883738602e-05,5.4872416714634e-05,2.89530441869301e-05,2.47301428174529e-06,0.000215499816747178,0,0,-0.7875,0.7875,7.53766170258352e-06
A1,Seasonal Forcing,ARX,I,/home/kaahin/degree_project/hybrid-epidemic-forecasting/results/partA/forecasts/partA_03_forecast_A1_ARX_I.mat,56,57,1,57,1.14961071274585,1.14961102253914,3.09793299457795e-07,9.59718883889468e-14,3.09793299457795e-07,1.96427921353129e-07,1.54896649728897e-07,1.01159574350529e-07,6.27869422009653e-07,0,0,-0.7875,0.7875,2.97484636535561e-07
A1,Seasonal Forcing,ARX,I,/home/kaahin/degree_project/hybrid-epidemic-forecasting/results/partA/forecasts/partA_03_forecast_A1_ARX_I.mat,56,57,2,58,1.15131131301421,1.15131233170141,1.01868720392417e-06,1.03772361943885e-12,1.01868720392417e-06,7.42053572578961e-07,5.09343601962087e-07,2.3084707019283e-07,2.59905040445041e-06,0,0,-0.7875,0.7875,6.96416977197245e-07
A1,Seasonal Forcing,ARX,I,/home/kaahin/degree_project/hybrid-epidemic-forecasting/results/partA/forecasts/partA_03_forecast_A1_ARX_I.mat,56,57,3,59,1.15296707647496,1.15296925079304,2.17431808424706e-06,4.72765913148381e-12,2.17431808424706e-06,1.67154782305667e-06,1.08715904212353e-06,3.67317973976045e-07,6.06748818765546e-06,0,0,-0.7875,0.7875,1.17360332846372e-06
A1,Seasonal Forcing,ARX,I,/home/kaahin/degree_project/hybrid-epidemic-forecasting/results/partA/forecasts/partA_03_forecast_A1_ARX_I.mat,56,57,4,60,1.15457751248964,1.15458135819265,3.84570300293596e-06,1.47894315867907e-11,3.84570300293596e-06,3.11711080838408e-06,1.92285150146798e-06,5.20819225857672e-07,1.15833279104027e-05,0,0,-0.7875,0.7875,1.71619076844154e-06
A1,Seasonal Forcing,ARX,I,/home/kaahin/degree_project/hybrid-epidemic-forecasting/results/partA/forecasts/partA_03_forecast_A1_ARX_I.mat,56,57,5,61,1.15614214385133,1.15614822465372,6.08080238850839e-06,3.69761576880893e-11,6.08080238850839e-06,5.22082643590574e-06,3.04040119425419e-06,7.04301313136924e-07,1.97490164541847e-05,0,0,-0.7875,0.7875,2.33782115849346e-06
A1,Seasonal Forcing,ARX,I,/home/kaahin/degree_project/hybrid-epidemic-forecasting/results/partA/forecasts/partA_03_forecast_A1_ARX_I.mat,56,57,6,62,1.15766050692596,1.15766957506404,9.06813808088103e-06,8.22311282539246e-11,9.06813808088103e-06,7.96860712536744e-06,4.53406904044051e-06,9.10877313375913e-07,3.0413785710337e-05,0,0,-0.7875,0.7875,3.02762518533672e-06
A1,Seasonal Forcing,ARX,I,/home/kaahin/degree_project/hybrid-epidemic-forecasting/results/partA/forecasts/partA_03_forecast_A1_ARX_I.mat,56,57,7,63,1.15913215178981,1.15914505758909,1.29057992810377e-05,1.66559655082434e-10,1.29057992810377e-05,1.1539477467051e-05,6.45289964051887e-06,1.07954140171063e-06,4.43952075595e-05,0,0,-0.7875,0.7875,3.68786599991289e-06
A1,Seasonal Forcing,ARX,I,/home/kaahin/degree_project/hybrid-epidemic-forecasting/results/partA/forecasts/partA_03_forecast_A1_ARX_I.mat,56,57,8,64,1.16055664236272,1.16057426516711,1.76228043906601e-05,3.10563234591469e-10,1.76228043906601e-05,1.59661214995764e-05,8.81140219533005e-06,1.36247919517718e-06,6.16736653575867e-05,0,0,-0.7875,0.7875,4.51062212258879e-06
A1,Seasonal Forcing,ARX,I,/home/kaahin/degree_project/hybrid-epidemic-forecasting/results/partA/forecasts/partA_03_forecast_A1_ARX_I.mat,56,57,9,65,1.1619335565374,1.16195703838797,2.34818505664425e-05,5.51397306024735e-10,2.34818505664425e-05,2.14146247025192e-05,1.17409252832212e-05,1.62157905546634e-06,8.30033068226488e-05,0,0,-0.7875,0.7875,5.34282439063061e-06
A1,Seasonal Forcing,ARX,I,/home/kaahin/degree_project/hybrid-epidemic-forecasting/results/partA/forecasts/partA_03_forecast_A1_ARX_I.mat,56,57,10,66,1.16326248630447,1.163292851547,3.03652425208689e-05,9.22047953351186e-10,3.03652425208689e-05,2.80403836098225e-05,1.51826212604345e-05,1.98240394041482e-06,0.000109016701043352,0,0,-0.7875,0.7875,6.36556867056326e-06
A1,Seasonal Forcing,ARX,I,/home/kaahin/degree_project/hybrid-epidemic-forecasting/results/partA/forecasts/partA_03_forecast_A1_ARX_I.mat,56,57,11,67,1.16454303787336,1.16458152085538,3.84829820234689e-05,1.48093990541863e-09,3.84829820234689e-05,3.59052940534917e-05,1.92414910117344e-05,2.35237322536719e-06,0.000139979959003611,0,0,-0.7875,0.7875,7.46967058123937e-06
A1,Seasonal Forcing,ARX,I,/home/kaahin/degree_project/hybrid-epidemic-forecasting/results/partA/forecasts/partA_03_forecast_A1_ARX_I.mat,56,57,12,68,1.16577483178899,1.16582290653003,4.80747410380733e-05,2.31118072587781e-09,4.80747410380733e-05,4.52545794073155e-05,2.40373705190366e-05,2.68113979610685e-06,0.000176927097017776,0,0,-0.7875,0.7875,8.58420072646915e-06
A1,Seasonal Forcing,ARX,I,/home/kaahin/degree_project/hybrid-epidemic-forecasting/results/partA/forecasts/partA_03_forecast_A1_ARX_I.mat,56,57,13,69,1.16695750304426,1.16701682400109,5.93209568313657e-05,3.51897591938876e-09,5.93209568313657e-05,5.61679898885756e-05,2.96604784156829e-05,3.01512673917537e-06,0.000220080349343732,0,0,-0.7875,0.7875,9.64630583111248e-06
A1,Seasonal Forcing,ARX,I,/home/kaahin/degree_project/hybrid-epidemic-forecasting/results/partA/forecasts/partA_03_forecast_A1_ARX_I.mat,56,57,14,70,1.16809070118813,1.16816288117543,7.21799873057982e-05,5.20995056746519e-09,7.21799873057982e-05,6.8715144540743e-05,3.60899936528991e-05,3.40918947800972e-06,0.000269718967302435,0,0,-0.7875,0.7875,1.0737630249058e-05
A1,Seasonal Forcing,ARX,I,/home/kaahin/degree_project/hybrid-epidemic-forecasting/results/partA/forecasts/partA_03_forecast_A1_ARX_I.mat,63,64,1,64,1.16055664236272,1.16055706144311,4.19080393498916e-07,1.75628376215206e-13,4.19080393498916e-07,2.80923758878683e-07,2.09540196749458e-07,1.20072949610917e-07,9.34543768593699e-07,0,0,-0.7875,0.7875,3.23215064101934e-07
A1,Seasonal Forcing,ARX,I,/home/kaahin/degree_project/hybrid-epidemic-forecasting/results/partA/forecasts/partA_03_forecast_A1_ARX_I.mat,63,64,2,65,1.1619335565374,1.16193491039791,1.35386050659214e-06,1.83293827130993e-12,1.35386050659214e-06,9.78984468225086e-07,6.76930253296071e-07,2.56138843435227e-07,3.47236101028159e-06,0,0,-0.7875,0.7875,8.44825477963607e-07
A1,Seasonal Forcing,ARX,I,/home/kaahin/degree_project/hybrid-epidemic-forecasting/results/partA/forecasts/partA_03_forecast_A1_ARX_I.mat,63,64,3,66,1.16326248630447,1.16326534326496,2.85696048329953e-06,8.16222320313509e-12,2.85696048329953e-06,2.26292152905902e-06,1.42848024164977e-06,4.1565950785194e-07,8.3390071312639e-06,0,0,-0.7875,0.7875,1.39585831882005e-06
A1,Seasonal Forcing,ARX,I,/home/kaahin/degree_project/hybrid-epidemic-forecasting/results/partA/forecasts/partA_03_forecast_A1_ARX_I.mat,63,64,4,67,1.16454303787336,1.16454814623702,5.10836366096612e-06,2.60953792926792e-11,5.10836366096612e-06,4.14513072673052e-06,2.55418183048306e-06,6.28936777408162e-07,1.54699696623961e-05,0,0,-0.7875,0.7875,2.03249288199814e-06
A1,Seasonal Forcing,ARX,I,/home/kaahin/degree_project/hybrid-epidemic-forecasting/results/partA/forecasts/partA_03_forecast_A1_ARX_I.mat,63,64,5,68,1.16577483178899,1.16578288449164,8.05270264381264e-06,6.4846019869667e-11,8.05270264381264e-06,6.73830779469093e-06,4.02635132190632e-06,8.96295686725335e-07,2.53997380674775e-05,0,0,-0.7875,0.7875,2.84215690926626e-06
A1,Seasonal Forcing,ARX,I,/home/kaahin/degree_project/hybrid-epidemic-forecasting/results/partA/forecasts/partA_03_forecast_A1_ARX_I.mat,63,64,6,69,1.16695750304426,1.16696942869656,1.19256523039013e-05,1.42221182873546e-10,1.19256523039013e-05,1.02361379455851e-05,5.96282615195065e-06,1.2045832121832e-06,3.88952113909991e-05,0,0,-0.7875,0.7875,3.80492514195918e-06
A1,Seasonal Forcing,ARX,I,/home/kaahin/degree_project/hybrid-epidemic-forecasting/results/partA/forecasts/partA_03_forecast_A1_ARX_I.mat,63,64,7,70,1.16809070118813,1.16810724434589,1.65431577623387e-05,2.73676068749628e-10,1.65431577623387e-05,1.46721757829038e-05,8.27157888116936e-06,1.57261360993477e-06,5.6180598531963e-05,0,0,-0.7875,0.7875,4.88944741799946e-06
A1,Seasonal Forcing,ARX,I,/home/kaahin/degree_project/hybrid-epidemic-forecasting/results/partA/forecasts/partA_03_forecast_A1_ARX_I.mat,63,64,8,71,1.16917409042954,1.16919645916716,2.23687376237347e-05,5.00360422879484e-10,2.23687376237347e-05,2.02261595138907e-05,1.11843688118674e-05,1.94575159340737e-06,7.78875974072335e-05,0,0,-0.7875,0.7875,5.87190133305437e-06
A1,Seasonal Forcing,ARX,I,/home/kaahin/degree_project/hybrid-epidemic-forecasting/results/partA/forecasts/partA_03_forecast_A1_ARX_I.mat,63,64,9,72,1.17020734973689,1.17023688738825,2.95376513603784e-05,8.72472847887267e-10,2.95376513603784e-05,2.69493229697579e-05,1.47688256801892e-05,2.32887019095962e-06,0.000104174257492762,0,0,-0.7875,0.7875,7.00436117484493e-06
A1,Seasonal Forcing,ARX,I,/home/kaahin/degree_project/hybrid-epidemic-forecasting/results/partA/forecasts/partA_03_forecast_A1_ARX_I.mat,63,64,10,73,1.17119017293313,1.17122813050187,3.79575687403655e-05,1.44077702467957e-09,3.79575687403655e-05,3.49027084170432e-05,1.89787843701827e-05,2.6240905395214e-06,0.00013545931296699,0,0,-0.7875,0.7875,8.11848631027123e-06
A1,Seasonal Forcing,ARX,I,/home/kaahin/degree_project/hybrid-epidemic-forecasting/results/partA/forecasts/partA_03_forecast_A1_ARX_I.mat,63,64,11,74,1.17212226878654,1.1721698798794,4.76110928573359e-05,2.26681616306986e-09,4.76110928573359e-05,4.42337645823897e-05,2.38055464286679e-05,2.95736355193643e-06,0.000172289030640149,0,0,-0.7875,0.7875,9.22163579347712e-06
A1,Seasonal Forcing,ARX,I,/home/kaahin/degree_project/hybrid-epidemic-forecasting/results/partA/forecasts/partA_03_forecast_A1_ARX_I.mat,63,64,12,75,1.17300336109701,1.17306213356025,5.87724632383768e-05,3.45420243510635e-09,5.87724632383768e-05,5.5021053030878e-05,2.93862316191884e-05,3.39100051466867e-06,0.000214817506505094,0,0,-0.7875,0.7875,1.05601206243366e-05
A1,Seasonal Forcing,ARX,I,/home/kaahin/degree_project/hybrid-epidemic-forecasting/results/partA/forecasts/partA_03_forecast_A1_ARX_I.mat,63,64,13,76,1.17383318877787,1.17390487510276,7.1686324882414e-05,5.13892917514701e-09,7.1686324882414e-05,6.74160618655957e-05,3.5843162441207e-05,3.81691629571246e-06,0.000263712199658261,0,0,-0.7875,0.7875,1.20143720259147e-05
A1,Seasonal Forcing,ARX,I,/home/kaahin/degree_project/hybrid-epidemic-forecasting/results/partA/forecasts/partA_03_forecast_A1_ARX_I.mat,63,64,14,77,1.17461150593327,1.17469811745887,8.66115256021871e-05,7.50155636713831e-09,8.66115256021871e-05,8.19208864846691e-05,4.33057628010936e-05,4.29583058547123e-06,0.000321042395794446,0,0,-0.7875,0.7875,1.32557912553843e-05
A1,Seasonal Forcing,ARX,I,/home/kaahin/degree_project/hybrid-epidemic-forecasting/results/partA/forecasts/partA_03_forecast_A1_ARX_I.mat,70,71,1,71,1.16917409042954,1.16917456602716,4.75597620619439e-07,2.26193096738872e-13,4.75597620619439e-07,3.24073360792444e-07,2.37798810309719e-07,1.68872789879648e-07,1.05165852337663e-06,0,0,-0.7875,0.7875,5.21036625178439e-07
A1,Seasonal Forcing,ARX,I,/home/kaahin/degree_project/hybrid-epidemic-forecasting/results/partA/forecasts/partA_03_forecast_A1_ARX_I.mat,70,71,2,72,1.17020734973689,1.17020886949452,1.51975763462708e-06,2.30966326800731e-12,1.51975763462708e-06,1.14859269194757e-06,7.59878817313542e-07,3.30463340925125e-07,4.0783249555254e-06,0,0,-0.7875,0.7875,1.10761902627488e-06
A1,Seasonal Forcing,ARX,I,/home/kaahin/degree_project/hybrid-epidemic-forecasting/results/partA/forecasts/partA_03_forecast_A1_ARX_I.mat,70,71,3,73,1.17119017293313,1.17119337152669,3.19859355868424e-06,1.02310007536563e-11,3.19859355868424e-06,2.51283090587763e-06,1.59929677934212e-06,5.57283391566799e-07,9.15115890554041e-06,0,0,-0.7875,0.7875,1.91607951982586e-06
A1,Seasonal Forcing,ARX,I,/home/kaahin/degree_project/hybrid-epidemic-forecasting/results/partA/forecasts/partA_03_forecast_A1_ARX_I.mat,70,71,4,74,1.17212226878654,1.17212809074436,5.82195781473338e-06,3.38951927965351e-11,5.82195781473338e-06,4.62112438275813e-06,2.91097890736669e-06,8.42347974372437e-07,1.70417328406725e-05,0,0,-0.7875,0.7875,2.78589566649057e-06
A1,Seasonal Forcing,ARX,I,/home/kaahin/degree_project/hybrid-epidemic-forecasting/results/partA/forecasts/partA_03_forecast_A1_ARX_I.mat,70,71,5,75,1.17300336109701,1.17301250468903,9.14359201509285e-06,8.36052749384697e-11,9.14359201509285e-06,7.51807234037462e-06,4.57179600754642e-06,1.10925343420609e-06,2.81502760899333e-05,0,0,-0.7875,0.7875,3.66305471638517e-06
A1,Seasonal Forcing,ARX,I,/home/kaahin/degree_project/hybrid-epidemic-forecasting/results/partA/forecasts/partA_03_forecast_A1_ARX_I.mat,70,71,6,76,1.17383318877787,1.17384664311091,1.3454333033458e-05,1.81019077375199e-10,1.3454333033458e-05,1.12941142007007e-05,6.727166516729e-06,1.4188123133918e-06,4.26775350730324e-05,0,0,-0.7875,0.7875,4.63710834502917e-06
A1,Seasonal Forcing,ARX,I,/home/kaahin/degree_project/hybrid-epidemic-forecasting/results/partA/forecasts/partA_03_forecast_A1_ARX_I.mat,70,71,7,77,1.17461150593327,1.1746301632814,1.86573481304464e-05,3.48096639260672e-10,1.86573481304464e-05,1.61067244409847e-05,9.3286740652232e-06,1.7780245350707e-06,6.13735613841371e-05,0,0,-0.7875,0.7875,5.77751508679114e-06
A1,Seasonal Forcing,ARX,I,/home/kaahin/degree_project/hybrid-epidemic-forecasting/results/partA/forecasts/partA_03_forecast_A1_ARX_I.mat,70,71,8,78,1.17533808193104,1.17536303010377,2.49481727296885e-05,6.22411322550374e-10,2.49481727296885e-05,2.20494051609017e-05,1.24740863648443e-05,2.17830811615194e-06,8.45699287430612e-05,0,0,-0.7875,0.7875,7.05037964904287e-06
A1,Seasonal Forcing,ARX,I,/home/kaahin/degree_project/hybrid-epidemic-forecasting/results/partA/forecasts/partA_03_forecast_A1_ARX_I.mat,70,71,9,79,1.17601270147102,1.17604550395257,3.28024815550165e-05,1.0760027961672e-09,3.28024815550165e-05,2.93223271585442e-05,1.64012407775083e-05,2.65256356809518e-06,0.000112896667867846,0,0,-0.7875,0.7875,8.53612313567176e-06
A1,Seasonal Forcing,ARX,I,/home/kaahin/degree_project/hybrid-epidemic-forecasting/results/partA/forecasts/partA_03_forecast_A1_ARX_I.mat,70,71,10,80,1.17663516464889,1.17667714151316,4.19768642685447e-05,1.76205713381983e-09,4.19768642685447e-05,3.79200679731345e-05,2.09884321342724e-05,3.1038861755317e-06,0.000146547987569301,0,0,-0.7875,0.7875,9.96967280697536e-06
A1,Seasonal Forcing,ARX,I,/home/kaahin/degree_project/hybrid-epidemic-forecasting/results/partA/forecasts/partA_03_forecast_A1_ARX_I.mat,70,71,11,81,1.17720528701538,1.17725788035986,5.2593344483931e-05,2.76605988400544e-09,5.2593344483931e-05,4.79897206010432e-05,2.62966722419655e-05,3.52454355459497e-06,0.000186132526908134,0,0,-0.7875,0.7875,1.13441550559923e-05
A1,Seasonal Forcing,ARX,I,/home/kaahin/degree_project/hybrid-epidemic-forecasting/results/partA/forecasts/partA_03_forecast_A1_ARX_I.mat,70,71,12,82,1.17772289963092,1.17778770856725,6.48089363362025e-05,4.20019822902995e-09,6.48089363362025e-05,5.96022071507662e-05,3.24044681681013e-05,4.06095341441426e-06,0.000231744510595933,0,0,-0.7875,0.7875,1.30123755739397e-05
A1,Seasonal Forcing,ARX,I,/home/kaahin/degree_project/hybrid-epidemic-forecasting/results/partA/forecasts/partA_03_forecast_A1_ARX_I.mat,70,71,13,83,1.17818784911572,1.17826654976902,7.87006532998458e-05,6.19379282982252e-09,7.87006532998458e-05,7.29653797905547e-05,3.93503266499229e-05,4.62050418950088e-06,0.000284373378218072,0,0,-0.7875,0.7875,1.48975532409112e-05
A1,Seasonal Forcing,ARX,I,/home/kaahin/degree_project/hybrid-epidemic-forecasting/results/partA/forecasts/partA_03_forecast_A1_ARX_I.mat,70,71,14,84,1.17859999769523,1.17869471413502,9.47164397908651e-05,8.97120396665657e-09,9.47164397908651e-05,8.83943356217381e-05,4.73582198954325e-05,5.15742725964996e-06,0.000345258863142739,0,0,-0.7875,0.7875,1.66830925348305e-05
A1,Seasonal Forcing,ARX,I,/home/kaahin/degree_project/hybrid-epidemic-forecasting/results/partA/forecasts/partA_03_forecast_A1_ARX_I.mat,77,78,1,78,1.17533808193104,1.17533863266321,5.50732173199009e-07,3.03305926596503e-13,5.50732173199009e-07,3.48231594625591e-07,2.75366086599504e-07,1.95874617431313e-07,1.09580147178434e-06,0,0,-0.7875,0.7875,5.30169054380192e-07
A1,Seasonal Forcing,ARX,I,/home/kaahin/degree_project/hybrid-epidemic-forecasting/results/partA/forecasts/partA_03_forecast_A1_ARX_I.mat,77,78,2,79,1.17601270147102,1.17601434991421,1.64844319616719e-06,2.71736497098991e-12,1.64844319616719e-06,1.22195536984313e-06,8.24221598083597e-07,4.38149619985673e-07,4.23642794622481e-06,0,0,-0.7875,0.7875,1.31094743499593e-06
A1,Seasonal Forcing,ARX,I,/home/kaahin/degree_project/hybrid-epidemic-forecasting/results/partA/forecasts/partA_03_forecast_A1_ARX_I.mat,77,78,3,80,1.17663516464889,1.17663873541302,3.57076412837998e-06,1.27503564605252e-11,3.57076412837998e-06,2.74889296626939e-06,1.78538206418999e-06,7.58363342029389e-07,9.8262729419929e-06,0,0,-0.7875,0.7875,2.26460421615116e-06
A1,Seasonal Forcing,ARX,I,/home/kaahin/degree_project/hybrid-epidemic-forecasting/results/partA/forecasts/partA_03_forecast_A1_ARX_I.mat,77,78,4,81,1.17720528701538,1.17721146713678,6.18012140796154e-06,3.81939006171445e-11,6.18012140796154e-06,4.88578395149646e-06,3.09006070398077e-06,1.09872404689404e-06,1.77972430308593e-05,0,0,-0.7875,0.7875,3.41827594840804e-06
A1,Seasonal Forcing,ARX,I,/home/kaahin/degree_project/hybrid-epidemic-forecasting/results/partA/forecasts/partA_03_forecast_A1_ARX_I.mat,77,78,5,82,1.17772289963092,1.17773280432167,9.90469075290434e-06,9.81028989106688e-11,9.90469075290434e-06,7.99267892296587e-06,4.95234537645217e-06,1.51835034661318e-06,2.94963594302811e-05,0,0,-0.7875,0.7875,4.63604069850243e-06
A1,Seasonal Forcing,ARX,I,/home/kaahin/degree_project/hybrid-epidemic-forecasting/results/partA/forecasts/partA_03_forecast_A1_ARX_I.mat,77,78,6,83,1.17818784911572,1.17820231127876,1.44621630371322e-05,2.09154159712593e-10,1.44621630371322e-05,1.2056058666316e-05,7.23108151856611e-06,1.90719070598533e-06,4.51139917738708e-05,0,0,-0.7875,0.7875,5.92176919961274e-06
A1,Seasonal Forcing,ARX,I,/home/kaahin/degree_project/hybrid-epidemic-forecasting/results/partA/forecasts/partA_03_forecast_A1_ARX_I.mat,77,78,7,84,1.17859999769523,1.17862002230965,2.00246144197447e-05,4.00985182659447e-10,2.00246144197447e-05,1.71701075049774e-05,1.00123072098723e-05,2.31106913128332e-06,6.49421074312428e-05,0,0,-0.7875,0.7875,7.39972329499849e-06
A1,Seasonal Forcing,ARX,I,/home/kaahin/degree_project/hybrid-epidemic-forecasting/results/partA/forecasts/partA_03_forecast_A1_ARX_I.mat,77,78,8,85,1.17895922324091,1.17898615967789,2.69364369780423e-05,7.25571637072043e-10,2.69364369780423e-05,2.34377405453179e-05,1.34682184890211e-05,2.83753074367121e-06,8.91640832212381e-05,0,0,-0.7875,0.7875,9.08391534859554e-06
A1,Seasonal Forcing,ARX,I,/home/kaahin/degree_project/hybrid-epidemic-forecasting/results/partA/forecasts/partA_03_forecast_A1_ARX_I.mat,77,78,9,86,1.17926541930649,1.17930062554841,3.52062419199939e-05,1.23947947012913e-09,3.52062419199939e-05,3.10375798662641e-05,1.76031209599969e-05,3.27896287607432e-06,0.000118787025562117,0,0,-0.7875,0.7875,1.05962383670777e-05
A1,Seasonal Forcing,ARX,I,/home/kaahin/degree_project/hybrid-epidemic-forecasting/results/partA/forecasts/partA_03_forecast_A1_ARX_I.mat,77,78,10,87,1.17951849515947,1.17956392406406,4.54289045925815e-05,2.06378537248188e-09,4.54289045925815e-05,4.01552347141688e-05,2.27144522962908e-05,3.68010003585773e-06,0.000154304003881611,0,0,-0.7875,0.7875,1.22408280830433e-05
A1,Seasonal Forcing,ARX,I,/home/kaahin/degree_project/hybrid-epidemic-forecasting/results/partA/forecasts/partA_03_forecast_A1_ARX_I.mat,77,78,11,88,1.179718375808,1.17977496369687,5.65878888647564e-05,3.20218916617002e-09,5.65878888647564e-05,5.05308370330606e-05,2.82939444323782e-05,4.23426862486975e-06,0.000194860553591525,0,0,-0.7875,0.7875,1.41535172298868e-05
A1,Seasonal Forcing,ARX,I,/home/kaahin/degree_project/hybrid-epidemic-forecasting/results/partA/forecasts/partA_03_forecast_A1_ARX_I.mat,77,78,12,89,1.17986500202314,1.17993411784884,6.91158256964641e-05,4.77699736170401e-09,6.91158256964641e-05,6.25837119665832e-05,3.45579128482321e-05,4.75977012043272e-06,0.00024230902088096,0,0,-0.7875,0.7875,1.61370804913075e-05
A1,Seasonal Forcing,ARX,I,/home/kaahin/degree_project/hybrid-epidemic-forecasting/results/partA/forecasts/partA_03_forecast_A1_ARX_I.mat,77,78,13,90,1.17995833035638,1.18004184653498,8.35161785992522e-05,6.97495208782219e-09,8.35161785992522e-05,7.64006297310228e-05,4.17580892996261e-05,5.35228752746586e-06,0.000296692456962511,0,0,-0.7875,0.7875,1.8048500447565e-05
A1,Seasonal Forcing,ARX,I,/home/kaahin/degree_project/hybrid-epidemic-forecasting/results/partA/forecasts/partA_03_forecast_A1_ARX_I.mat,77,78,14,91,1.17999833315251,1.18009844189468,0.00010010874216726,1.00217602583109e-08,0.00010010874216726,9.20732324174445e-05,5.00543710836299e-05,6.03014220412756e-06,0.000358245032590743,0,0,-0.7875,0.7875,2.02732928384353e-05
A1,Seasonal Forcing,ARX,I,/home/kaahin/degree_project/hybrid-epidemic-forecasting/results/partA/forecasts/partA_03_forecast_A1_ARX_I.mat,84,85,1,85,1.17895922324091,1.17895977754779,5.54306882172284e-07,3.07256119623558e-13,5.54306882172284e-07,3.3998887564045e-07,2.77153441086142e-07,2.2295336763456e-07,1.02984313166132e-06,0,0,-0.7875,0.7875,6.25800880393879e-07
A1,Seasonal Forcing,ARX,I,/home/kaahin/degree_project/hybrid-epidemic-forecasting/results/partA/forecasts/partA_03_forecast_A1_ARX_I.mat,84,85,2,86,1.17926541930649,1.17926711887178,1.69956528339732e-06,2.88852215252941e-12,1.69956528339732e-06,1.26739924480991e-06,8.4978264169866e-07,4.74110108827919e-07,4.37940385111801e-06,0,0,-0.7875,0.7875,1.42173597739159e-06
A1,Seasonal Forcing,ARX,I,/home/kaahin/degree_project/hybrid-epidemic-forecasting/results/partA/forecasts/partA_03_forecast_A1_ARX_I.mat,84,85,3,87,1.17951849515947,1.17952218701419,3.69185472304245e-06,1.36297912960509e-11,3.69185472304245e-06,2.79510380945721e-06,1.84592736152123e-06,7.79734308409275e-07,9.95230547262693e-06,0,0,-0.7875,0.7875,2.52003246159482e-06
A1,Seasonal Forcing,ARX,I,/home/kaahin/degree_project/hybrid-epidemic-forecasting/results/partA/forecasts/partA_03_forecast_A1_ARX_I.mat,84,85,4,88,1.179718375808,1.17972498529843,6.6094904276337e-06,4.36853637129815e-11,6.6094904276337e-06,5.03245939583483e-06,3.30474521381685e-06,1.2598801466035e-06,1.80814419208364e-05,0,0,-0.7875,0.7875,4.0534431662298e-06
A1,Seasonal Forcing,ARX,I,/home/kaahin/degree_project/hybrid-epidemic-forecasting/results/partA/forecasts/partA_03_forecast_A1_ARX_I.mat,84,85,5,89,1.17986500202314,1.17987521886731,1.02168441660222e-05,1.04383904712782e-10,1.02168441660222e-05,8.15554397510922e-06,5.1084220830111e-06,1.77243184826259e-06,2.98190939567178e-05,0,0,-0.7875,0.7875,5.63455563273862e-06
A1,Seasonal Forcing,ARX,I,/home/kaahin/degree_project/hybrid-epidemic-forecasting/results/partA/forecasts/partA_03_forecast_A1_ARX_I.mat,84,85,6,90,1.17995833035638,1.17997329033959,1.49599832106606e-05,2.23801097663247e-10,1.49599832106606e-05,1.22265732415361e-05,7.47999160533031e-06,2.29398171462947e-06,4.52456062669526e-05,0,0,-0.7875,0.7875,7.39406847199975e-06
A1,Seasonal Forcing,ARX,I,/home/kaahin/degree_project/hybrid-epidemic-forecasting/results/partA/forecasts/partA_03_forecast_A1_ARX_I.mat,84,85,7,91,1.17999833315251,1.18001936198967,2.10288371540468e-05,4.42211992051419e-10,2.10288371540468e-05,1.74377166931558e-05,1.05144185770234e-05,2.91748826768412e-06,6.50378182744937e-05,0,0,-0.7875,0.7875,9.25870511048199e-06
A1,Seasonal Forcing,ARX,I,/home/kaahin/degree_project/hybrid-epidemic-forecasting/results/partA/forecasts/partA_03_forecast_A1_ARX_I.mat,84,85,8,92,1.17998499855785,1.180012723177,2.77246191486835e-05,7.68654506939549e-10,2.77246191486835e-05,2.3657901180987e-05,1.38623095743418e-05,3.54164883670793e-06,8.90565969033918e-05,0,0,-0.7875,0.7875,1.11323899253946e-05
A1,Seasonal Forcing,ARX,I,/home/kaahin/degree_project/hybrid-epidemic-forecasting/results/partA/forecasts/partA_03_forecast_A1_ARX_I.mat,84,85,9,93,1.17991833052372,1.17995462223633,3.62917126088824e-05,1.31708840408572e-09,3.62917126088824e-05,3.11729508245293e-05,1.81458563044412e-05,4.24662876891135e-06,0.000117885793637029,0,0,-0.7875,0.7875,1.33199135916029e-05
A1,Seasonal Forcing,ARX,I,/home/kaahin/degree_project/hybrid-epidemic-forecasting/results/partA/forecasts/partA_03_forecast_A1_ARX_I.mat,84,85,10,94,1.17979834880531,1.17984456416406,4.62153587543757e-05,2.13585938479565e-09,4.62153587543757e-05,4.00659481418517e-05,2.31076793771878e-05,5.09451980357234e-06,0.000152094567457572,0,0,-0.7875,0.7875,1.57055032796172e-05
A1,Seasonal Forcing,ARX,I,/home/kaahin/degree_project/hybrid-epidemic-forecasting/results/partA/forecasts/partA_03_forecast_A1_ARX_I.mat,84,85,11,95,1.17962508895577,1.17968286449613,5.77755403630142e-05,3.33801306423829e-09,5.77755403630142e-05,5.0343683272527e-05,2.88877701815071e-05,5.96049756235173e-06,0.000191698306982513,0,0,-0.7875,0.7875,1.81550604710368e-05
A1,Seasonal Forcing,ARX,I,/home/kaahin/degree_project/hybrid-epidemic-forecasting/results/partA/forecasts/partA_03_forecast_A1_ARX_I.mat,84,85,12,96,1.17939860231575,1.17946935293377,7.07506180190887e-05,5.00564995008299e-09,7.07506180190887e-05,6.20617809960811e-05,3.53753090095443e-05,6.82956020737757e-06,0.000237073145265443,0,0,-0.7875,0.7875,2.08491598564509e-05
A1,Seasonal Forcing,ARX,I,/home/kaahin/degree_project/hybrid-epidemic-forecasting/results/partA/forecasts/partA_03_forecast_A1_ARX_I.mat,84,85,13,97,1.17911895599813,1.17920420724541,8.52512472850897e-05,7.26777516366351e-09,8.52512472850897e-05,7.56780805500062e-05,4.26256236425449e-05,7.5324543855726e-06,0.00029039328444691,0,0,-0.7875,0.7875,2.34292227264676e-05
A1,Seasonal Forcing,ARX,I,/home/kaahin/degree_project/hybrid-epidemic-forecasting/results/partA/forecasts/partA_03_forecast_A1_ARX_I.mat,84,85,14,98,1.17878623286813,1.17888771162537,0.00010147875723554,1.02979381700697e-08,0.00010147875723554,9.10469074600585e-05,5.07393786177701e-05,8.30364969841568e-06,0.000350668055254078,0,0,-0.7875,0.7875,2.61914070420755e-05
A1,Seasonal Forcing,ARX,I,/home/kaahin/degree_project/hybrid-epidemic-forecasting/results/partA/forecasts/partA_03_forecast_A1_ARX_I.mat,91,92,1,92,1.17998499855785,1.17998551415068,5.1559282354674e-07,2.658359596929e-13,5.1559282354674e-07,3.127395204879e-07,2.5779641177337e-07,2.64407256245214e-07,8.85124174176966e-07,0,0,-0.7875,0.7875,7.51608646820667e-07
A1,Seasonal Forcing,ARX,I,/home/kaahin/degree_project/hybrid-epidemic-forecasting/results/partA/forecasts/partA_03_forecast_A1_ARX_I.mat,91,92,2,93,1.17991833052372,1.17992007974505,1.74922132112343e-06,3.05977523027279e-12,1.74922132112343e-06,1.15956967710051e-06,8.74610660561714e-07,5.72851855651368e-07,3.77060103073923e-06,0,0,-0.7875,0.7875,1.79765583763203e-06
A1,Seasonal Forcing,ARX,I,/home/kaahin/degree_project/hybrid-epidemic-forecasting/results/partA/forecasts/partA_03_forecast_A1_ARX_I.mat,91,92,3,94,1.17979834880531,1.17980206560552,3.71680020916365e-06,1.3814603794839e-11,3.71680020916365e-06,2.63366083693829e-06,1.85840010458183e-06,1.023285106172e-06,8.96978855546848e-06,0,0,-0.7875,0.7875,3.27513335096619e-06
A1,Seasonal Forcing,ARX,I,/home/kaahin/degree_project/hybrid-epidemic-forecasting/results/partA/forecasts/partA_03_forecast_A1_ARX_I.mat,91,92,4,95,1.17962508895577,1.17963154571578,6.45676000865514e-06,4.16897498093683e-11,6.45676000865514e-06,4.88954390176611e-06,3.22838000432757e-06,1.43198538838374e-06,1.73425821652362e-05,0,0,-0.7875,0.7875,4.8691438787607e-06
A1,Seasonal Forcing,ARX,I,/home/kaahin/degree_project/hybrid-epidemic-forecasting/results/partA/forecasts/partA_03_forecast_A1_ARX_I.mat,91,92,5,96,1.17939860231575,1.17940867776546,1.00754497096567e-05,1.01514686851821e-10,1.00754497096567e-05,8.05793711847376e-06,5.03772485482834e-06,1.92026273073687e-06,2.93027294475667e-05,0,0,-0.7875,0.7875,6.30327745354542e-06
A1,Seasonal Forcing,ARX,I,/home/kaahin/degree_project/hybrid-epidemic-forecasting/results/partA/forecasts/partA_03_forecast_A1_ARX_I.mat,91,92,6,97,1.17911895599813,1.17913363619931,1.46802011831149e-05,2.15508306776727e-10,1.46802011831149e-05,1.22327570235213e-05,7.34010059155743e-06,2.43129617323312e-06,4.52760098410554e-05,0,0,-0.7875,0.7875,7.87800954199502e-06
A1,Seasonal Forcing,ARX,I,/home/kaahin/degree_project/hybrid-epidemic-forecasting/results/partA/forecasts/partA_03_forecast_A1_ARX_I.mat,91,92,7,98,1.17878623286813,1.17880630060819,2.00677400508109e-05,4.0271419074692e-10,2.00677400508109e-05,1.73357193764545e-05,1.00338700254055e-05,2.88027586681228e-06,6.50965913018275e-05,0,0,-0.7875,0.7875,9.39987411402443e-06
A1,Seasonal Forcing,ARX,I,/home/kaahin/degree_project/hybrid-epidemic-forecasting/results/partA/forecasts/partA_03_forecast_A1_ARX_I.mat,91,92,8,99,1.17840053151882,1.17842745802145,2.69265026306975e-05,7.2503654392096e-10,2.69265026306975e-05,2.34671778879678e-05,1.34632513153488e-05,3.47983445316835e-06,8.8659214727338e-05,0,0,-0.7875,0.7875,1.13322988660736e-05
A1,Seasonal Forcing,ARX,I,/home/kaahin/degree_project/hybrid-epidemic-forecasting/results/partA/forecasts/partA_03_forecast_A1_ARX_I.mat,91,92,9,100,1.17796196624182,1.17799715011315,3.5183871330613e-05,1.23790480180913e-09,3.5183871330613e-05,3.08699236989149e-05,1.75919356653065e-05,4.06096972632719e-06,0.000117261751253483,0,0,-0.7875,0.7875,1.33605407089954e-05
A1,Seasonal Forcing,ARX,I,/home/kaahin/degree_project/hybrid-epidemic-forecasting/results/partA/forecasts/partA_03_forecast_A1_ARX_I.mat,91,92,10,101,1.17747066699349,1.17751520470364,4.45377101510047e-05,1.98360762549491e-09,4.45377101510047e-05,3.93591181745509e-05,2.22688550755024e-05,4.74956289396311e-06,0.000150097613816014,0,0,-0.7875,0.7875,1.55511331875746e-05
A1,Seasonal Forcing,ARX,I,/home/kaahin/degree_project/hybrid-epidemic-forecasting/results/partA/forecasts/partA_03_forecast_A1_ARX_I.mat,91,92,11,102,1.1769267793564,1.17698198241976,5.52030633600431e-05,3.04737820433293e-09,5.52030633600431e-05,4.91830294446845e-05,2.76015316800216e-05,5.53282478968908e-06,0.00018818927603137,0,0,-0.7875,0.7875,1.78336020010827e-05
A1,Seasonal Forcing,ARX,I,/home/kaahin/degree_project/hybrid-epidemic-forecasting/results/partA/forecasts/partA_03_forecast_A1_ARX_I.mat,91,92,12,103,1.17633046449619,1.17639774689271,6.72823965239822e-05,4.52692088201037e-09,6.72823965239822e-05,6.04966224306872e-05,3.36411982619911e-05,6.13614801149853e-06,0.000232457454664603,0,0,-0.7875,0.7875,1.99249574616145e-05
A1,Seasonal Forcing,ARX,I,/home/kaahin/degree_project/hybrid-epidemic-forecasting/results/partA/forecasts/partA_03_forecast_A1_ARX_I.mat,91,92,13,104,1.17568189911383,1.17576253808841,8.0638974584879e-05,6.50264422210076e-09,8.0638974584879e-05,7.32212950506492e-05,4.03194872924395e-05,6.78372934772575e-06,0.000282392611087756,0,0,-0.7875,0.7875,2.22816934185022e-05
A1,Seasonal Forcing,ARX,I,/home/kaahin/degree_project/hybrid-epidemic-forecasting/results/partA/forecasts/partA_03_forecast_A1_ARX_I.mat,91,92,14,105,1.17498127539323,1.17507685143011,9.55760368779313e-05,9.13477882529168e-09,9.55760368779313e-05,8.76374988353579e-05,4.77880184389656e-05,7.67604253653076e-06,0.000338904683783614,0,0,-0.7875,0.7875,2.46783844387033e-05
A1,Seasonal Forcing,ARX,I,/home/kaahin/degree_project/hybrid-epidemic-forecasting/results/partA/forecasts/partA_03_forecast_A1_ARX_I.mat,98,99,1,99,1.17840053151882,1.17840105166864,5.20149820992799e-07,2.70555836278841e-13,5.20149820992799e-07,2.63272484900422e-07,2.600749104964e-07,2.92868725498829e-07,6.3178254605667e-07,0,0,-0.7875,0.7875,8.87809086524971e-07
A1,Seasonal Forcing,ARX,I,/home/kaahin/degree_project/hybrid-epidemic-forecasting/results/partA/forecasts/partA_03_forecast_A1_ARX_I.mat,98,99,2,100,1.17796196624182,1.1779635227603,1.55651847655314e-06,2.4227497678513e-12,1.55651847655314e-06,1.06086086111043e-06,7.78259238276569e-07,5.84017017868366e-07,3.41159761885201e-06,0,0,-0.7875,0.7875,1.92704975432445e-06
A1,Seasonal Forcing,ARX,I,/home/kaahin/degree_project/hybrid-epidemic-forecasting/results/partA/forecasts/partA_03_forecast_A1_ARX_I.mat,98,99,3,101,1.17747066699349,1.1774742383778,3.571384306289e-06,1.27547858632074e-11,3.571384306289e-06,2.44369297340717e-06,1.7856921531445e-06,9.7278943844703e-07,8.23813678874075e-06,0,0,-0.7875,0.7875,3.2866954483568e-06
A1,Seasonal Forcing,ARX,I,/home/kaahin/degree_project/hybrid-epidemic-forecasting/results/partA/forecasts/partA_03_forecast_A1_ARX_I.mat,98,99,4,102,1.1769267793564,1.17693305458707,6.27523067686653e-06,3.93785200478867e-11,6.27523067686653e-06,4.53113611585583e-06,3.13761533843326e-06,1.50261778602001e-06,1.5749879396898e-05,0,0,-0.7875,0.7875,4.88830710704269e-06
A1,Seasonal Forcing,ARX,I,/home/kaahin/degree_project/hybrid-epidemic-forecasting/results/partA/forecasts/partA_03_forecast_A1_ARX_I.mat,98,99,5,103,1.17633046449619,1.17634010935013,9.64485394572279e-06,9.30232076343244e-11,9.64485394572279e-06,7.19313788398981e-06,4.82242697286139e-06,2.08000982256373e-06,2.5466683682529e-05,0,0,-0.7875,0.7875,6.82026013010262e-06
A1,Seasonal Forcing,ARX,I,/home/kaahin/degree_project/hybrid-epidemic-forecasting/results/partA/forecasts/partA_03_forecast_A1_ARX_I.mat,98,99,6,104,1.17568189911383,1.17569565948449,1.37603706635847e-05,1.89347800799243e-10,1.37603706635847e-05,1.07045338126555e-05,6.88018533179235e-06,2.81920749341524e-06,3.8471009331742e-05,0,0,-0.7875,0.7875,8.98891969952631e-06
A1,Seasonal Forcing,ARX,I,/home/kaahin/degree_project/hybrid-epidemic-forecasting/results/partA/forecasts/partA_03_forecast_A1_ARX_I.mat,98,99,7,105,1.17498127539323,1.17500015465832,1.88792650936964e-05,3.56426650478064e-10,1.88792650936964e-05,1.50614185989705e-05,9.43963254684821e-06,3.43953480374526e-06,5.48972163447736e-05,0,0,-0.7875,0.7875,1.1088282058147e-05
A1,Seasonal Forcing,ARX,I,/home/kaahin/degree_project/hybrid-epidemic-forecasting/results/partA/forecasts/partA_03_forecast_A1_ARX_I.mat,98,99,8,106,1.17422880094433,1.17425385784652,2.5056902186904e-05,6.27848347204076e-10,2.5056902186904e-05,2.01950452316672e-05,1.2528451093452e-05,4.20350661129998e-06,7.41457458377504e-05,0,0,-0.7875,0.7875,1.3283491574978e-05
A1,Seasonal Forcing,ARX,I,/home/kaahin/degree_project/hybrid-epidemic-forecasting/results/partA/forecasts/partA_03_forecast_A1_ARX_I.mat,98,99,9,107,1.17342469874155,1.17345677546175,3.20767202022232e-05,1.02891597893171e-09,3.20767202022232e-05,2.603389313884e-05,1.60383601011116e-05,5.04491402206209e-06,9.60692450016065e-05,0,0,-0.7875,0.7875,1.57854914706324e-05
A1,Seasonal Forcing,ARX,I,/home/kaahin/degree_project/hybrid-epidemic-forecasting/results/partA/forecasts/partA_03_forecast_A1_ARX_I.mat,98,99,10,108,1.17256920705771,1.17260951639242,4.03093347105532e-05,1.62484246480741e-09,4.03093347105532e-05,3.3219136011125e-05,2.01546673552766e-05,5.73953873444499e-06,0.000123591905960341,0,0,-0.7875,0.7875,1.79096918959676e-05
A1,Seasonal Forcing,ARX,I,/home/kaahin/degree_project/hybrid-epidemic-forecasting/results/partA/forecasts/partA_03_forecast_A1_ARX_I.mat,98,99,11,109,1.17166257939348,1.17171204733611,4.9467942631054e-05,2.44707734814925e-09,4.9467942631054e-05,4.14085889465861e-05,2.4733971315527e-05,6.43788074028984e-06,0.000155166798203821,0,0,-0.7875,0.7875,2.01968658032903e-05
A1,Seasonal Forcing,ARX,I,/home/kaahin/degree_project/hybrid-epidemic-forecasting/results/partA/forecasts/partA_03_forecast_A1_ARX_I.mat,98,99,12,110,1.17070508440219,1.17076490556851,5.98211663178638e-05,3.57857193962953e-09,5.98211663178638e-05,5.07363607418049e-05,2.99105831589319e-05,7.37333770154946e-06,0.000191029702477641,0,0,-0.7875,0.7875,2.29362865950544e-05
A1,Seasonal Forcing,ARX,I,/home/kaahin/degree_project/hybrid-epidemic-forecasting/results/partA/forecasts/partA_03_forecast_A1_ARX_I.mat,98,99,13,111,1.16969700581028,1.16976819761469,7.1191804412285e-05,5.06827301547704e-09,7.1191804412285e-05,6.12546249582501e-05,3.55959022061425e-05,8.09380898939005e-06,0.000231956101116593,0,0,-0.7875,0.7875,2.56042577383431e-05
A1,Seasonal Forcing,ARX,I,/home/kaahin/degree_project/hybrid-epidemic-forecasting/results/partA/forecasts/partA_03_forecast_A1_ARX_I.mat,98,99,14,112,1.16863864233318,1.16872234120024,8.3698867061166e-05,7.00550034732274e-09,8.3698867061166e-05,7.31481457910503e-05,4.1849433530583e-05,8.81540469585551e-06,0.000278501817833288,0,0,-0.7875,0.7875,2.84058824068789e-05
A1,Seasonal Forcing,ARX,I,/home/kaahin/degree_project/hybrid-epidemic-forecasting/results/partA/forecasts/partA_03_forecast_A1_ARX_I.mat,105,106,1,106,1.17422880094433,1.17422928512825,4.84183920068659e-07,2.34434068453054e-13,4.84183920068659e-07,1.86063358774567e-07,2.4209196003433e-07,2.79183236440161e-07,3.16009918011062e-07,0,0,-0.7875,0.7875,8.86092805962857e-07
A1,Seasonal Forcing,ARX,I,/home/kaahin/degree_project/hybrid-epidemic-forecasting/results/partA/forecasts/partA_03_forecast_A1_ARX_I.mat,105,106,2,107,1.17342469874155,1.17342619125247,1.49251091863256e-06,2.22758884223741e-12,1.49251091863256e-06,8.20269279905923e-07,7.46255459316281e-07,5.76668711776973e-07,2.3682875884834e-06,0,0,-0.7875,0.7875,2.01359100915344e-06
A1,Seasonal Forcing,ARX,I,/home/kaahin/degree_project/hybrid-epidemic-forecasting/results/partA/forecasts/partA_03_forecast_A1_ARX_I.mat,105,106,3,108,1.17256920705771,1.17257226096729,3.05390957855423e-06,9.32636371398525e-12,3.05390957855423e-06,1.93744553548629e-06,1.52695478927711e-06,9.61387550346693e-07,6.23016257006448e-06,0,0,-0.7875,0.7875,3.39105713542676e-06
A1,Seasonal Forcing,ARX,I,/home/kaahin/degree_project/hybrid-epidemic-forecasting/results/partA/forecasts/partA_03_forecast_A1_ARX_I.mat,105,106,4,109,1.17166257939348,1.17166774059829,5.16120481441895e-06,2.66380351363814e-11,5.16120481441895e-06,3.51800420165002e-06,2.58060240720948e-06,1.46930654840172e-06,1.17811099518139e-05,0,0,-0.7875,0.7875,5.07112103415031e-06
A1,Seasonal Forcing,ARX,I,/home/kaahin/degree_project/hybrid-epidemic-forecasting/results/partA/forecasts/partA_03_forecast_A1_ARX_I.mat,105,106,5,110,1.17070508440219,1.17071266581995,7.58141776380228e-06,5.74778953092967e-11,7.58141776380228e-06,5.71740303938966e-06,3.79070888190114e-06,2.10680707896094e-06,1.98307977163914e-05,0,0,-0.7875,0.7875,6.93159223230655e-06
A1,Seasonal Forcing,ARX,I,/home/kaahin/degree_project/hybrid-epidemic-forecasting/results/partA/forecasts/partA_03_forecast_A1_ARX_I.mat,105,106,6,111,1.16969700581028,1.16970813872546,1.11329151835093e-05,1.23941800483213e-10,1.11329151835093e-05,8.5843385550535e-06,5.56645759175467e-06,2.71173045860995e-06,3.03513354473761e-05,0,0,-0.7875,0.7875,8.85058266086869e-06
A1,Seasonal Forcing,ARX,I,/home/kaahin/degree_project/hybrid-epidemic-forecasting/results/partA/forecasts/partA_03_forecast_A1_ARX_I.mat,105,106,7,112,1.16863864233318,1.16865406299748,1.54206643052657e-05,2.37796887615695e-10,1.54206643052657e-05,1.21600992075045e-05,7.71033215263284e-06,3.36513763414259e-06,4.36449766469948e-05,0,0,-0.7875,0.7875,1.07841992692537e-05
A1,Seasonal Forcing,ARX,I,/home/kaahin/degree_project/hybrid-epidemic-forecasting/results/partA/forecasts/partA_03_forecast_A1_ARX_I.mat,105,106,8,113,1.16753030758684,1.16755053538039,2.02277935550388e-05,4.09163632105269e-10,2.02277935550388e-05,1.61045699630701e-05,1.01138967775194e-05,4.10838775120048e-06,5.82482803050954e-05,0,0,-0.7875,0.7875,1.31982873334824e-05
A1,Seasonal Forcing,ARX,I,/home/kaahin/degree_project/hybrid-epidemic-forecasting/results/partA/forecasts/partA_03_forecast_A1_ARX_I.mat,105,106,9,114,1.16637232999476,1.16639853833913,2.62083443718364e-05,6.86877314712768e-10,2.62083443718364e-05,2.07306776496077e-05,1.31041721859182e-05,4.87821084196316e-06,7.53056663953533e-05,0,0,-0.7875,0.7875,1.58920052362177e-05
A1,Seasonal Forcing,ARX,I,/home/kaahin/degree_project/hybrid-epidemic-forecasting/results/partA/forecasts/partA_03_forecast_A1_ARX_I.mat,105,106,10,115,1.16516505269069,1.16519791654356,3.28638528734881e-05,1.08003282569027e-09,3.28638528734881e-05,2.58928748051779e-05,1.64319264367441e-05,5.789873576173e-06,9.42961366103834e-05,0,0,-0.7875,0.7875,1.88105935987615e-05
A1,Seasonal Forcing,ARX,I,/home/kaahin/degree_project/hybrid-epidemic-forecasting/results/partA/forecasts/partA_03_forecast_A1_ARX_I.mat,105,106,11,116,1.16390883341696,1.16394893060654,4.00971895768709e-05,1.60778461196353e-09,4.00971895768709e-05,3.20229414844602e-05,2.00485947884355e-05,6.66712265301461e-06,0.000117387519238621,0,0,-0.7875,0.7875,2.13947856859686e-05
A1,Seasonal Forcing,ARX,I,/home/kaahin/degree_project/hybrid-epidemic-forecasting/results/partA/forecasts/partA_03_forecast_A1_ARX_I.mat,105,106,12,117,1.16260404441844,1.16265247136796,4.84269495144574e-05,2.3451694392758e-09,4.84269495144574e-05,3.89659023971688e-05,2.42134747572287e-05,7.46684743262449e-06,0.000143666238597406,0,0,-0.7875,0.7875,2.39826106442353e-05
A1,Seasonal Forcing,ARX,I,/home/kaahin/degree_project/hybrid-epidemic-forecasting/results/partA/forecasts/partA_03_forecast_A1_ARX_I.mat,105,106,13,118,1.16125107233228,1.1613088088914,5.77365591181156e-05,3.33351025879966e-09,5.77365591181156e-05,4.68094893482984e-05,2.88682795590578e-05,8.18298194267264e-06,0.000173591440565612,0,0,-0.7875,0.7875,2.64470977551223e-05
A1,Seasonal Forcing,ARX,I,/home/kaahin/degree_project/hybrid-epidemic-forecasting/results/partA/forecasts/partA_03_forecast_A1_ARX_I.mat,105,106,14,119,1.15985031807331,1.15991802924282,6.77111695142063e-05,4.58480247698158e-09,6.77111695142063e-05,5.5624317217763e-05,3.38555847571032e-05,8.86374325946848e-06,0.000207590099463362,0,0,-0.7875,0.7875,2.89913330213665e-05
A1,Seasonal Forcing,ARX,I,/home/kaahin/degree_project/hybrid-epidemic-forecasting/results/partA/forecasts/partA_03_forecast_A1_ARX_I.mat,112,113,1,113,1.16753030758684,1.16753061294853,3.05361693264672e-07,9.32457637134676e-14,3.05361693264672e-07,1.18881052341763e-07,1.52680846632336e-07,2.53387415188877e-07,1.28896473716722e-07,0,0.75,-0.0375,0.2125,8.18303778127305e-07
A1,Seasonal Forcing,ARX,I,/home/kaahin/degree_project/hybrid-epidemic-forecasting/results/partA/forecasts/partA_03_forecast_A1_ARX_I.mat,112,113,2,114,1.16637232999476,1.16637330331597,9.73321217179191e-07,9.47354191811181e-13,9.73321217179191e-07,5.27142439221695e-07,4.86660608589595e-07,5.67862273276321e-07,1.31761809463171e-06,0,0,-0.7875,0.7875,1.7770381605664e-06
A1,Seasonal Forcing,ARX,I,/home/kaahin/degree_project/hybrid-epidemic-forecasting/results/partA/forecasts/partA_03_forecast_A1_ARX_I.mat,112,113,3,115,1.16516505269069,1.16516734857228,2.29588158662253e-06,5.27107225979238e-12,2.29588158662253e-06,1.37083249329089e-06,1.14794079331126e-06,9.21392083491623e-07,4.09941334300612e-06,0,0,-0.7875,0.7875,3.16396725663637e-06
A1,Seasonal Forcing,ARX,I,/home/kaahin/degree_project/hybrid-epidemic-forecasting/results/partA/forecasts/partA_03_forecast_A1_ARX_I.mat,112,113,4,116,1.16390883341696,1.16391288692745,4.05351049392877e-06,1.64309473243907e-11,4.05351049392877e-06,2.52905018160135e-06,2.02675524696438e-06,1.46258572643609e-06,7.89138484380558e-06,0,0,-0.7875,0.7875,4.80360553084536e-06
A1,Seasonal Forcing,ARX,I,/home/kaahin/degree_project/hybrid-epidemic-forecasting/results/partA/forecasts/partA_03_forecast_A1_ARX_I.mat,112,113,5,117,1.16260404441844,1.16261033467997,6.29026152343393e-06,3.95673900331933e-11,6.29026152343393e-06,4.00252365992825e-06,3.14513076171696e-06,2.00971857528542e-06,1.28565071326747e-05,0,0,-0.7875,0.7875,6.61288926673276e-06
A1,Seasonal Forcing,ARX,I,/home/kaahin/degree_project/hybrid-epidemic-forecasting/results/partA/forecasts/partA_03_forecast_A1_ARX_I.mat,112,113,6,118,1.16125107233228,1.16126020459278,9.13226049292781e-06,8.33981817106901e-11,9.13226049292781e-06,5.81260695182717e-06,4.56613024646391e-06,2.71526813629963e-06,1.88753329004587e-05,0,0,-0.7875,0.7875,8.65460417209807e-06
A1,Seasonal Forcing,ARX,I,/home/kaahin/degree_project/hybrid-epidemic-forecasting/results/partA/forecasts/partA_03_forecast_A1_ARX_I.mat,112,113,7,119,1.15985031807331,1.15986233158068,1.20135073757854e-05,1.44324359468051e-10,1.20135073757854e-05,7.97512522290446e-06,6.00675368789272e-06,3.44036096033284e-06,2.64409488548445e-05,0,0,-0.7875,0.7875,1.0994493046701e-05
A1,Seasonal Forcing,ARX,I,/home/kaahin/degree_project/hybrid-epidemic-forecasting/results/partA/forecasts/partA_03_forecast_A1_ARX_I.mat,112,113,8,120,1.15840219671524,1.15841785924736,1.56625321234838e-05,2.45314912519162e-10,1.56625321234838e-05,1.06896634362956e-05,7.83126606174189e-06,3.98135057930182e-06,3.62908688222863e-05,0,0,-0.7875,0.7875,1.3189646790368e-05
A1,Seasonal Forcing,ARX,I,/home/kaahin/degree_project/hybrid-epidemic-forecasting/results/partA/forecasts/partA_03_forecast_A1_ARX_I.mat,112,113,9,121,1.15690713736768,1.1569266221663,1.94847986205726e-05,3.79657377284269e-10,1.94847986205726e-05,1.37481882207536e-05,9.74239931028631e-06,4.72687499531443e-06,4.73975726877907e-05,0,0,-0.7875,0.7875,1.54160548980764e-05
A1,Seasonal Forcing,ARX,I,/home/kaahin/degree_project/hybrid-epidemic-forecasting/results/partA/forecasts/partA_03_forecast_A1_ARX_I.mat,112,113,10,122,1.15536558304898,1.15538943772953,2.38546805464424e-05,5.69045783972815e-10,2.38546805464424e-05,1.76283046620429e-05,1.19273402732212e-05,5.57984468544936e-06,6.18201860205225e-05,0,0,-0.7875,0.7875,1.75276968463756e-05
A1,Seasonal Forcing,ARX,I,/home/kaahin/degree_project/hybrid-epidemic-forecasting/results/partA/forecasts/partA_03_forecast_A1_ARX_I.mat,112,113,11,123,1.15377799055497,1.15380705133222,2.9060777253731e-05,8.4452877459097e-10,2.9060777253731e-05,2.19788841183442e-05,1.45303886268655e-05,6.17709544065703e-06,7.81974944650266e-05,0,0,-0.7875,0.7875,1.95487852988063e-05
A1,Seasonal Forcing,ARX,I,/home/kaahin/degree_project/hybrid-epidemic-forecasting/results/partA/forecasts/partA_03_forecast_A1_ARX_I.mat,112,113,12,124,1.15214483032355,1.15218006094237,3.52306188167173e-05,1.24119650220883e-09,3.52306188167173e-05,2.69419653943214e-05,1.76153094083586e-05,6.71289413317067e-06,9.69106407329168e-05,0,0,-0.7875,0.7875,2.16002893142497e-05
A1,Seasonal Forcing,ARX,I,/home/kaahin/degree_project/hybrid-epidemic-forecasting/results/partA/forecasts/partA_03_forecast_A1_ARX_I.mat,112,113,13,125,1.15046658629535,1.15050870018727,4.21138919139974e-05,1.77357989214385e-09,4.21138919139974e-05,3.23144095727991e-05,2.10569459569987e-05,7.62808459662256e-06,0.000116729812523975,0,0,-0.7875,0.7875,2.47514803765614e-05
A1,Seasonal Forcing,ARX,I,/home/kaahin/degree_project/hybrid-epidemic-forecasting/results/partA/forecasts/partA_03_forecast_A1_ARX_I.mat,112,113,14,126,1.1487437557703,1.14879276976945,4.90139991480287e-05,2.40237211248296e-09,4.90139991480287e-05,3.80643952999391e-05,2.45069995740144e-05,8.56826367134911e-06,0.000138214515604362,0,0,-0.7875,0.7875,2.76006508535542e-05
A1,Seasonal Forcing,ARX,I,/home/kaahin/degree_project/hybrid-epidemic-forecasting/results/partA/forecasts/partA_03_forecast_A1_ARX_I.mat,119,120,1,120,1.15840219671524,1.15840239581218,1.99096944486499e-07,3.963959330386e-14,1.99096944486499e-07,8.55929057827806e-08,9.95484722432494e-08,2.85619603779264e-07,0,0,1,0.2125,0.2125,8.14767310564068e-07
A1,Seasonal Forcing,ARX,I,/home/kaahin/degree_project/hybrid-epidemic-forecasting/results/partA/forecasts/partA_03_forecast_A1_ARX_I.mat,119,120,2,121,1.15690713736768,1.15690784955451,7.12186835283291e-07,5.07210088350829e-13,7.12186835283291e-07,2.35023809059943e-07,3.56093417641645e-07,6.39356827941695e-07,6.21568951864049e-08,0,0.75,-0.0375,0.2125,1.9054966288734e-06
A1,Seasonal Forcing,ARX,I,/home/kaahin/degree_project/hybrid-epidemic-forecasting/results/partA/forecasts/partA_03_forecast_A1_ARX_I.mat,119,120,3,122,1.15536558304898,1.15536718658082,1.60353183686901e-06,2.5713143518525e-12,1.60353183686901e-06,5.12188302723457e-07,8.01765918434505e-07,1.01390543389979e-06,4.89176009921266e-07,0,0.75,-0.0375,0.2125,3.02730961615483e-06
A1,Seasonal Forcing,ARX,I,/home/kaahin/degree_project/hybrid-epidemic-forecasting/results/partA/forecasts/partA_03_forecast_A1_ARX_I.mat,119,120,4,123,1.15377799055497,1.15378061406496,2.62350998947447e-06,6.88280466487234e-12,2.62350998947447e-06,8.67779079162369e-07,1.31175499473724e-06,1.4388439130153e-06,1.15440694847813e-06,0,0.75,-0.0375,0.2125,4.44385856962493e-06
A1,Seasonal Forcing,ARX,I,/home/kaahin/degree_project/hybrid-epidemic-forecasting/results/partA/forecasts/partA_03_forecast_A1_ARX_I.mat,119,120,5,124,1.15214483032355,1.15214863588454,3.80556098500406e-06,1.44822944105851e-11,3.80556098500406e-06,1.37827290404507e-06,1.90278049250203e-06,2.01141735130528e-06,2.2880302243955e-06,0,0.5,-0.2875,0.3625,6.25030802853255e-06
A1,Seasonal Forcing,ARX,I,/home/kaahin/degree_project/hybrid-epidemic-forecasting/results/partA/forecasts/partA_03_forecast_A1_ARX_I.mat,119,120,6,125,1.15046658629535,1.15047147595086,4.88965550893283e-06,2.39087309960372e-11,4.88965550893283e-06,2.02947329484621e-06,2.44482775446642e-06,2.53582187624279e-06,4.15198019609875e-06,0,0.25,-0.5375,0.5625,8.03645552233112e-06
A1,Seasonal Forcing,ARX,I,/home/kaahin/degree_project/hybrid-epidemic-forecasting/results/partA/forecasts/partA_03_forecast_A1_ARX_I.mat,119,120,7,126,1.1487437557703,1.14875007382824,6.31805793194218e-06,3.99178560313775e-11,6.31805793194218e-06,2.80640083540525e-06,3.15902896597109e-06,3.12401435001441e-06,6.34576044333812e-06,0,0.25,-0.5375,0.5625,1.01935047087109e-05
A1,Seasonal Forcing,ARX,I,/home/kaahin/degree_project/hybrid-epidemic-forecasting/results/partA/forecasts/partA_03_forecast_A1_ARX_I.mat,119,120,8,127,1.14697684926026,1.1469850074252,8.15816493737742e-06,6.65556551454543e-11,8.15816493737742e-06,4.06342175493081e-06,4.07908246868871e-06,3.69157081416827e-06,1.05147446143317e-05,0,0,-0.7875,0.7875,1.21572800077518e-05
A1,Seasonal Forcing,ARX,I,/home/kaahin/degree_project/hybrid-epidemic-forecasting/results/partA/forecasts/partA_03_forecast_A1_ARX_I.mat,119,120,9,128,1.14516639033777,1.14517667738582,1.02870480505057e-05,1.05823357593414e-10,1.02870480505057e-05,5.32534876547129e-06,5.14352402525287e-06,4.38018867278678e-06,1.44403567465812e-05,0,0,-0.7875,0.7875,1.44446769027029e-05
A1,Seasonal Forcing,ARX,I,/home/kaahin/degree_project/hybrid-epidemic-forecasting/results/partA/forecasts/partA_03_forecast_A1_ARX_I.mat,119,120,10,129,1.14331291548087,1.14332549394004,1.25784591709088e-05,1.5821763511422e-10,1.25784591709088e-05,6.85224443651464e-06,6.28922958545441e-06,4.86479583077792e-06,1.96810745480835e-05,0,0,-0.7875,0.7875,1.6314957186514e-05
A1,Seasonal Forcing,ARX,I,/home/kaahin/degree_project/hybrid-epidemic-forecasting/results/partA/forecasts/partA_03_forecast_A1_ARX_I.mat,119,120,11,130,1.14141697391417,1.14143189706292,1.49231487471813e-05,2.22700368530498e-10,1.49231487471813e-05,8.61811581043136e-06,7.46157437359063e-06,5.3525437015367e-06,2.59674030718138e-05,0,0,-0.7875,0.7875,1.83602791213322e-05
A1,Seasonal Forcing,ARX,I,/home/kaahin/degree_project/hybrid-epidemic-forecasting/results/partA/forecasts/partA_03_forecast_A1_ARX_I.mat,119,120,12,131,1.13947912744607,1.13949701786699,1.78904209249264e-05,3.20067160871046e-10,1.78904209249264e-05,1.04211910514253e-05,8.94521046246322e-06,6.19877176017969e-06,3.17513775087708e-05,0,0,-0.7875,0.7875,2.10672818305446e-05
A1,Seasonal Forcing,ARX,I,/home/kaahin/degree_project/hybrid-epidemic-forecasting/results/partA/forecasts/partA_03_forecast_A1_ARX_I.mat,119,120,13,132,1.1374999503023,1.13752084834238,2.08980400793202e-05,4.36728079156872e-10,2.08980400793202e-05,1.24674074105176e-05,1.04490200396601e-05,7.24073492636701e-06,3.84135783813022e-05,0,0,-0.7875,0.7875,2.39215670199133e-05
A1,Seasonal Forcing,ARX,I,/home/kaahin/degree_project/hybrid-epidemic-forecasting/results/partA/forecasts/partA_03_forecast_A1_ARX_I.mat,119,120,14,133,1.13548002895576,1.13550394533775,2.39163819837351e-05,5.71993327191931e-10,2.39163819837351e-05,1.451071912706e-05,1.19581909918676e-05,8.3096065390309e-06,4.50304385408717e-05,0,0,-0.7875,0.7875,2.6942896392379e-05
A1,Seasonal Forcing,ARX,I,/home/kaahin/degree_project/hybrid-epidemic-forecasting/results/partA/forecasts/partA_03_forecast_A1_ARX_I.mat,126,127,1,127,1.14697684926026,1.14697692492142,7.5661157561413e-08,5.72461076353296e-15,7.5661157561413e-08,6.74111911489226e-08,3.78305787807065e-08,2.65519781389445e-07,0,0,1,0.2125,0.2125,8.39150577858216e-07
A1,Seasonal Forcing,ARX,I,/home/kaahin/degree_project/hybrid-epidemic-forecasting/results/partA/forecasts/partA_03_forecast_A1_ARX_I.mat,126,127,2,128,1.14516639033777,1.14516666760336,2.77265592485421e-07,7.68762087762913e-14,2.77265592485421e-07,1.52694124238511e-07,1.3863279624271e-07,5.48490762830589e-07,0,0,1,0.2125,0.2125,1.78393486749417e-06
A1,Seasonal Forcing,ARX,I,/home/kaahin/degree_project/hybrid-epidemic-forecasting/results/partA/forecasts/partA_03_forecast_A1_ARX_I.mat,126,127,3,129,1.14331291548087,1.14331337910431,4.63623438529126e-07,2.1494669275357e-13,4.63623438529126e-07,2.38208887721254e-07,2.31811719264563e-07,8.40128275481078e-07,0,0,1,0.2125,0.2125,2.80043140221675e-06
A1,Seasonal Forcing,ARX,I,/home/kaahin/degree_project/hybrid-epidemic-forecasting/results/partA/forecasts/partA_03_forecast_A1_ARX_I.mat,126,127,4,130,1.14141697391417,1.14141783729458,8.63380408278047e-07,7.45425729398367e-13,8.63380408278047e-07,3.56332324380482e-07,4.31690204139024e-07,1.17180525557314e-06,0,0,1,0.2125,0.2125,4.1019460350622e-06
A1,Seasonal Forcing,ARX,I,/home/kaahin/degree_project/hybrid-epidemic-forecasting/results/partA/forecasts/partA_03_forecast_A1_ARX_I.mat,126,127,5,131,1.13947912744607,1.13948044897155,1.32152548459885e-06,1.74642960644423e-12,1.32152548459885e-06,4.98632290377474e-07,6.60762742299426e-07,1.55197032916665e-06,3.11122352325555e-08,0,0.75,-0.0375,0.2125,5.52433192085866e-06
A1,Seasonal Forcing,ARX,I,/home/kaahin/degree_project/hybrid-epidemic-forecasting/results/partA/forecasts/partA_03_forecast_A1_ARX_I.mat,126,127,6,132,1.1374999503023,1.13750157989695,1.62959465610513e-06,2.65557874320639e-12,1.62959465610513e-06,6.59186176991492e-07,8.14797328052563e-07,2.13923805021388e-06,1.23024181952758e-08,0,0.75,-0.0375,0.2125,7.28580423725589e-06
A1,Seasonal Forcing,ARX,I,/home/kaahin/degree_project/hybrid-epidemic-forecasting/results/partA/forecasts/partA_03_forecast_A1_ARX_I.mat,126,127,7,133,1.13548002895576,1.13548195870659,1.92975082935476e-06,3.72393826339538e-12,1.92975082935476e-06,8.99091634908188e-07,9.6487541467738e-07,2.80144320069509e-06,2.79593741714379e-07,0,0.75,-0.0375,0.2125,9.50342756800282e-06
A1,Seasonal Forcing,ARX,I,/home/kaahin/degree_project/hybrid-epidemic-forecasting/results/partA/forecasts/partA_03_forecast_A1_ARX_I.mat,126,127,8,134,1.13341996195275,1.13342224498078,2.28302803262359e-06,5.21221699774514e-12,2.28302803262359e-06,1.07097531985629e-06,1.1415140163118e-06,3.46106284719316e-06,2.16812075848338e-07,0,0.75,-0.0375,0.2125,1.19274489934207e-05
A1,Seasonal Forcing,ARX,I,/home/kaahin/degree_project/hybrid-epidemic-forecasting/results/partA/forecasts/partA_03_forecast_A1_ARX_I.mat,126,127,9,135,1.13132035973557,1.13132304429259,2.68455701757375e-06,7.20684638060448e-12,2.68455701757375e-06,1.27480899147554e-06,1.34227850878688e-06,4.06935667660591e-06,3.25005276247126e-07,0,0.75,-0.0375,0.2125,1.42505504092116e-05
A1,Seasonal Forcing,ARX,I,/home/kaahin/degree_project/hybrid-epidemic-forecasting/results/partA/forecasts/partA_03_forecast_A1_ARX_I.mat,126,127,10,136,1.12918184446167,1.12918488816009,3.04369841663821e-06,9.26410005144593e-12,3.04369841663821e-06,1.40956362208764e-06,1.5218492083191e-06,4.82118709107526e-06,0,0,1,0.2125,0.2125,1.65862943951045e-05
A1,Seasonal Forcing,ARX,I,/home/kaahin/degree_project/hybrid-epidemic-forecasting/results/partA/forecasts/partA_03_forecast_A1_ARX_I.mat,126,127,11,137,1.12700504981929,1.12700819586087,3.14604158124787e-06,9.89757763094061e-12,3.14604158124787e-06,1.61980416958239e-06,1.57302079062394e-06,5.71609797249684e-06,0,0,1,0.2125,0.2125,1.91656427478981e-05
A1,Seasonal Forcing,ARX,I,/home/kaahin/degree_project/hybrid-epidemic-forecasting/results/partA/forecasts/partA_03_forecast_A1_ARX_I.mat,126,127,12,138,1.12479062083966,1.12479374318172,3.12234206023554e-06,9.74901994111591e-12,3.12234206023554e-06,1.75011370601904e-06,1.56117103011777e-06,6.3143406469679e-06,0,0,1,0.2125,0.2125,2.13009025762378e-05
A1,Seasonal Forcing,ARX,I,/home/kaahin/degree_project/hybrid-epidemic-forecasting/results/partA/forecasts/partA_03_forecast_A1_ARX_I.mat,126,127,13,139,1.12253921370586,1.12254205534417,2.84163831132389e-06,8.07490829238369e-12,2.84163831132389e-06,1.87827852788801e-06,1.42081915566195e-06,7.0314342198341e-06,0,0,1,0.2125,0.2125,2.37262417208672e-05
A1,Seasonal Forcing,ARX,I,/home/kaahin/degree_project/hybrid-epidemic-forecasting/results/partA/forecasts/partA_03_forecast_A1_ARX_I.mat,126,127,14,140,1.12025149555844,1.1202538959419,2.40038346532856e-06,5.76184078062274e-12,2.40038346532856e-06,2.03393613777106e-06,1.20019173266428e-06,7.95252088730547e-06,0,0,1,0.2125,0.2125,2.63631600017633e-05
A1,Seasonal Forcing,ARX,I,/home/kaahin/degree_project/hybrid-epidemic-forecasting/results/partA/forecasts/partA_03_forecast_A1_ARX_I.mat,133,134,1,134,1.13341996195275,1.13341988162853,-8.0324218831862e-08,6.45198013094886e-15,8.0324218831862e-08,6.62342193720929e-08,4.0162109415931e-08,2.57891877758487e-07,0,0,1,0.2125,0.2125,9.53989118979148e-07
A1,Seasonal Forcing,ARX,I,/home/kaahin/degree_project/hybrid-epidemic-forecasting/results/partA/forecasts/partA_03_forecast_A1_ARX_I.mat,133,134,2,135,1.13132035973557,1.13132022562777,-1.34107795091154e-07,1.79849007042109e-14,1.34107795091154e-07,1.24990575109704e-07,6.7053897545577e-08,4.95403690448093e-07,0,0,1,0.2125,0.2125,1.81690021749947e-06
A1,Seasonal Forcing,ARX,I,/home/kaahin/degree_project/hybrid-epidemic-forecasting/results/partA/forecasts/partA_03_forecast_A1_ARX_I.mat,133,134,3,136,1.12918184446167,1.12918155656397,-2.87897701900519e-07,8.28850867596002e-14,2.87897701900519e-07,2.41134989896628e-07,1.4394885095026e-07,9.41158603584569e-07,0,0,1,0.2125,0.2125,3.13000484120085e-06
A1,Seasonal Forcing,ARX,I,/home/kaahin/degree_project/hybrid-epidemic-forecasting/results/partA/forecasts/partA_03_forecast_A1_ARX_I.mat,133,134,4,137,1.12700504981929,1.12700456746001,-4.82359282738543e-07,2.32670477644041e-13,4.82359282738543e-07,3.73522581912737e-07,2.41179641369271e-07,1.43967197723804e-06,0,0,1,0.2125,0.2125,4.63499188596561e-06
A1,Seasonal Forcing,ARX,I,/home/kaahin/degree_project/hybrid-epidemic-forecasting/results/partA/forecasts/partA_03_forecast_A1_ARX_I.mat,133,134,5,138,1.12479062083966,1.12478971571849,-9.0512116779351e-07,8.19244328387887e-13,9.0512116779351e-07,5.42631894379703e-07,4.52560583896755e-07,1.98928294081191e-06,0,0,1,0.2125,0.2125,6.27703890360154e-06
A1,Seasonal Forcing,ARX,I,/home/kaahin/degree_project/hybrid-epidemic-forecasting/results/partA/forecasts/partA_03_forecast_A1_ARX_I.mat,133,134,6,139,1.12253921370586,1.12253753770389,-1.67600197453766e-06,2.80898261865412e-12,1.67600197453766e-06,7.55441417382091e-07,8.38000987268828e-07,2.56148539095058e-06,0,0,1,0.2125,0.2125,7.94207215076836e-06
A1,Seasonal Forcing,ARX,I,/home/kaahin/degree_project/hybrid-epidemic-forecasting/results/partA/forecasts/partA_03_forecast_A1_ARX_I.mat,133,134,7,140,1.12025149555844,1.12024889044055,-2.60511788319207e-06,6.78663918532711e-12,2.60511788319207e-06,1.01606024108556e-06,1.30255894159603e-06,3.26971214328897e-06,0,0,1,0.2125,0.2125,1.00823002068262e-05
A1,Seasonal Forcing,ARX,I,/home/kaahin/degree_project/hybrid-epidemic-forecasting/results/partA/forecasts/partA_03_forecast_A1_ARX_I.mat,133,134,8,141,1.11792814429764,1.11792472878928,-3.41550835591953e-06,1.16656973293561e-11,3.41550835591953e-06,1.25834694247133e-06,1.70775417795976e-06,3.9548070631612e-06,0,0,1,0.2125,0.2125,1.26297581781176e-05
A1,Seasonal Forcing,ARX,I,/home/kaahin/degree_project/hybrid-epidemic-forecasting/results/partA/forecasts/partA_03_forecast_A1_ARX_I.mat,133,134,9,142,1.11556984838258,1.11556488713242,-4.96125015692073e-06,2.46140031195459e-11,4.96125015692073e-06,1.68076123763362e-06,2.48062507846036e-06,4.62532064155474e-06,0,4.57479849336195e-07,0.75,-0.0375,0.2125,1.49441393716976e-05
A1,Seasonal Forcing,ARX,I,/home/kaahin/degree_project/hybrid-epidemic-forecasting/results/partA/forecasts/partA_03_forecast_A1_ARX_I.mat,133,134,10,143,1.11317730662725,1.11317073469747,-6.57192977970844e-06,4.31902610294186e-11,6.57192977970844e-06,2.24106394516187e-06,3.28596488985422e-06,5.3115557678951e-06,0,1.48726709547908e-06,0.75,-0.0375,0.2125,1.70550855450036e-05
A1,Seasonal Forcing,ARX,I,/home/kaahin/degree_project/hybrid-epidemic-forecasting/results/partA/forecasts/partA_03_forecast_A1_ARX_I.mat,133,134,11,144,1.1107512279934,1.11074312410649,-8.10388691352415e-06,6.5672983107188e-11,8.10388691352415e-06,2.87722906602777e-06,4.05194345676207e-06,6.00731488382689e-06,0,2.888272456536e-06,0.75,-0.0375,0.2125,1.93581244728458e-05
A1,Seasonal Forcing,ARX,I,/home/kaahin/degree_project/hybrid-epidemic-forecasting/results/partA/forecasts/partA_03_forecast_A1_ARX_I.mat,133,134,12,145,1.10829233138049,1.10828230078683,-1.00305936552303e-05,1.00612809076346e-10,1.00305936552303e-05,3.62697880691308e-06,5.01529682761515e-06,6.67399302774485e-06,0,4.63211477574887e-06,0.75,-0.0375,0.2125,2.16793153136052e-05
A1,Seasonal Forcing,ARX,I,/home/kaahin/degree_project/hybrid-epidemic-forecasting/results/partA/forecasts/partA_03_forecast_A1_ARX_I.mat,133,134,13,146,1.10580134541265,1.10578934527298,-1.20001396679559e-05,1.44003352050448e-10,1.20001396679559e-05,4.44641625179469e-06,6.00006983397794e-06,7.46638799092314e-06,0,6.54241530817501e-06,0.75,-0.0375,0.2125,2.43309676949965e-05
A1,Seasonal Forcing,ARX,I,/home/kaahin/degree_project/hybrid-epidemic-forecasting/results/partA/forecasts/partA_03_forecast_A1_ARX_I.mat,133,134,14,147,1.10327900822278,1.10326440315606,-1.46050667213515e-05,2.1330797393513e-10,1.46050667213515e-05,5.62978304626199e-06,7.30253336067577e-06,8.48136121377463e-06,0,9.55012913372855e-06,0.5,-0.2875,0.3625,2.74139697508113e-05
A1,Seasonal Forcing,ARX,I,/home/kaahin/degree_project/hybrid-epidemic-forecasting/results/partA/forecasts/partA_03_forecast_A1_ARX_I.mat,140,141,1,141,1.11792814429764,1.11792800028442,-1.44013217573402e-07,2.07398068358441e-14,1.44013217573402e-07,6.86883704902207e-08,7.20066087867011e-08,2.37091058419292e-07,0,0,1,0.2125,0.2125,7.45573632165986e-07
A1,Seasonal Forcing,ARX,I,/home/kaahin/degree_project/hybrid-epidemic-forecasting/results/partA/forecasts/partA_03_forecast_A1_ARX_I.mat,140,141,2,142,1.11556984838258,1.11556933335715,-5.15025427860749e-07,2.65251191343148e-13,5.15025427860749e-07,1.87975629775375e-07,2.57512713930375e-07,4.96872848299024e-07,0,9.15047717597872e-08,0.75,-0.0375,0.2125,1.53269994440652e-06
A1,Seasonal Forcing,ARX,I,/home/kaahin/degree_project/hybrid-epidemic-forecasting/results/partA/forecasts/partA_03_forecast_A1_ARX_I.mat,140,141,3,143,1.11317730662725,1.11317606994974,-1.23667751350531e-06,1.52937127240968e-12,1.23667751350531e-06,4.27599302970588e-07,6.18338756752657e-07,8.2974572043204e-07,0,4.76112386182947e-07,0.75,-0.0375,0.2125,2.5224728799067e-06
A1,Seasonal Forcing,ARX,I,/home/kaahin/degree_project/hybrid-epidemic-forecasting/results/partA/forecasts/partA_03_forecast_A1_ARX_I.mat,140,141,4,144,1.1107512279934,1.11074900423279,-2.22376060565743e-06,4.94511123127391e-12,2.22376060565743e-06,8.52653596917897e-07,1.11188030282872e-06,1.2538830661768e-06,0,1.47117781712502e-06,0.25,-0.5375,0.5625,3.6873388535863e-06
A1,Seasonal Forcing,ARX,I,/home/kaahin/degree_project/hybrid-epidemic-forecasting/results/partA/forecasts/partA_03_forecast_A1_ARX_I.mat,140,141,5,145,1.10829233138049,1.10828897249568,-3.3588848040722e-06,1.12821071270272e-11,3.3588848040722e-06,1.50867875144709e-06,1.6794424020361e-06,1.70430286123291e-06,0,3.40530911824288e-06,0,-0.7875,0.7875,5.0856789132192e-06
A1,Seasonal Forcing,ARX,I,/home/kaahin/degree_project/hybrid-epidemic-forecasting/results/partA/forecasts/partA_03_forecast_A1_ARX_I.mat,140,141,6,146,1.10580134541265,1.10579656510292,-4.78030972450583e-06,2.2851361062205e-11,4.78030972450583e-06,2.33915322269068e-06,2.39015486225291e-06,2.3380226551073e-06,0,5.79801198474783e-06,0,-0.7875,0.7875,7.0267745471142e-06
A1,Seasonal Forcing,ARX,I,/home/kaahin/degree_project/hybrid-epidemic-forecasting/results/partA/forecasts/partA_03_forecast_A1_ARX_I.mat,140,141,7,147,1.10327900822278,1.10327208769928,-6.92052349382521e-06,4.78936454285868e-11,6.92052349382521e-06,3.45912327793426e-06,3.46026174691261e-06,2.97946103831048e-06,0,9.12633196548107e-06,0,-0.7875,0.7875,9.18668144161972e-06
A1,Seasonal Forcing,ARX,I,/home/kaahin/degree_project/hybrid-epidemic-forecasting/results/partA/forecasts/partA_03_forecast_A1_ARX_I.mat,140,141,8,148,1.10072606723383,1.10071668768859,-9.37954523738682e-06,8.79758688601858e-11,9.37954523738682e-06,5.07037118144445e-06,4.68977261869341e-06,3.57096808417112e-06,0,1.45559296136355e-05,0,-0.7875,0.7875,1.12804434719282e-05
A1,Seasonal Forcing,ARX,I,/home/kaahin/degree_project/hybrid-epidemic-forecasting/results/partA/forecasts/partA_03_forecast_A1_ARX_I.mat,140,141,9,149,1.09814327893732,1.09813099175046,-1.22871868539765e-05,1.50974960784532e-10,1.22871868539765e-05,6.88492472761876e-06,6.14359342698823e-06,4.32734970756687e-06,0,2.05112181397293e-05,0,-0.7875,0.7875,1.37922435555216e-05
A1,Seasonal Forcing,ARX,I,/home/kaahin/degree_project/hybrid-epidemic-forecasting/results/partA/forecasts/partA_03_forecast_A1_ARX_I.mat,140,141,10,150,1.09553140866915,1.09551587792209,-1.55307470539601e-05,2.41204104054089e-10,1.55307470539601e-05,9.34498203297718e-06,7.76537352698004e-06,5.02197352086897e-06,0,2.92650721005483e-05,0,-0.7875,0.7875,1.58011484486797e-05
A1,Seasonal Forcing,ARX,I,/home/kaahin/degree_project/hybrid-epidemic-forecasting/results/partA/forecasts/partA_03_forecast_A1_ARX_I.mat,140,141,11,151,1.09289123038285,1.09287214197859,-1.90884042672312e-05,3.64367177469252e-10,1.90884042672312e-05,1.23315657047349e-05,9.54420213361562e-06,5.49453821215296e-06,0,4.04533053255385e-05,0,-0.7875,0.7875,1.73128132310296e-05
A1,Seasonal Forcing,ARX,I,/home/kaahin/degree_project/hybrid-epidemic-forecasting/results/partA/forecasts/partA_03_forecast_A1_ARX_I.mat,140,141,12,152,1.09022352642024,1.09020050138111,-2.30250391333175e-05,5.30152427090804e-10,2.30250391333175e-05,1.58531586807601e-05,1.15125195666588e-05,5.83981035782721e-06,0,5.39868841389346e-05,0,-0.7875,0.7875,1.87881205697127e-05
A1,Seasonal Forcing,ARX,I,/home/kaahin/degree_project/hybrid-epidemic-forecasting/results/partA/forecasts/partA_03_forecast_A1_ARX_I.mat,140,141,13,153,1.08752908727956,1.08750147345221,-2.76138273558324e-05,7.62523461237718e-10,2.76138273558324e-05,1.98240207401125e-05,1.38069136779162e-05,6.22010836586195e-06,0,6.9181071286728e-05,0,-0.7875,0.7875,2.03200770060308e-05
A1,Seasonal Forcing,ARX,I,/home/kaahin/degree_project/hybrid-epidemic-forecasting/results/partA/forecasts/partA_03_forecast_A1_ARX_I.mat,140,141,14,154,1.0848087113813,1.08477568217371,-3.30292075807481e-05,1.09092855341215e-09,3.30292075807481e-05,2.40742343187309e-05,1.65146037903741e-05,7.08745546347256e-06,0,8.47319951804426e-05,0,-0.7875,0.7875,2.23614429676333e-05
A1,Seasonal Forcing,ARX,I,/home/kaahin/degree_project/hybrid-epidemic-forecasting/results/partA/forecasts/partA_03_forecast_A1_ARX_I.mat,147,148,1,148,1.10072606723383,1.1007257079307,-3.59303132801969e-07,1.29098741241309e-13,3.59303132801969e-07,1.2290555729328e-07,1.79651566400985e-07,2.38598983598459e-07,0,1.34824457820315e-07,0.5,-0.2875,0.3625,7.80849386428084e-07
A1,Seasonal Forcing,ARX,I,/home/kaahin/degree_project/hybrid-epidemic-forecasting/results/partA/forecasts/partA_03_forecast_A1_ARX_I.mat,147,148,2,149,1.09814327893732,1.0981423288058,-9.50131518795416e-07,9.02749903008484e-13,9.50131518795416e-07,3.59360965160624e-07,4.75065759397708e-07,6.06693160276617e-07,0,5.35365423548484e-07,0.5,-0.2875,0.3625,1.94436133099662e-06
A1,Seasonal Forcing,ARX,I,/home/kaahin/degree_project/hybrid-epidemic-forecasting/results/partA/forecasts/partA_03_forecast_A1_ARX_I.mat,147,148,3,150,1.09553140866915,1.09552954059096,-1.86807818436385e-06,3.48971610289615e-12,1.86807818436385e-06,7.77574179073376e-07,9.34039092181926e-07,1.04855019835148e-06,0,1.51649451529678e-06,0.5,-0.2875,0.3625,3.40528335263102e-06
A1,Seasonal Forcing,ARX,I,/home/kaahin/degree_project/hybrid-epidemic-forecasting/results/partA/forecasts/partA_03_forecast_A1_ARX_I.mat,147,148,4,151,1.09289123038285,1.09288775531043,-3.4750724187127e-06,1.20761283152977e-11,3.4750724187127e-06,1.42325739241642e-06,1.73753620935635e-06,1.56949842425314e-06,0,3.0976236322644e-06,0.25,-0.5375,0.5625,4.96658879284295e-06
A1,Seasonal Forcing,ARX,I,/home/kaahin/degree_project/hybrid-epidemic-forecasting/results/partA/forecasts/partA_03_forecast_A1_ARX_I.mat,147,148,5,152,1.09022352642024,1.09021821311073,-5.31330950970244e-06,2.82312579458943e-11,5.31330950970244e-06,2.47069466275334e-06,2.65665475485122e-06,2.02196475526106e-06,0,6.43950647227776e-06,0.25,-0.5375,0.5625,6.49848566786071e-06
A1,Seasonal Forcing,ARX,I,/home/kaahin/degree_project/hybrid-epidemic-forecasting/results/partA/forecasts/partA_03_forecast_A1_ARX_I.mat,147,148,6,153,1.08752908727956,1.08752148078682,-7.60649274256231e-06,5.78587318426531e-11,7.60649274256231e-06,4.11088206194485e-06,3.80324637128115e-06,2.54454573057061e-06,0,1.21511771769001e-05,0,-0.7875,0.7875,8.10195381939494e-06
A1,Seasonal Forcing,ARX,I,/home/kaahin/degree_project/hybrid-epidemic-forecasting/results/partA/forecasts/partA_03_forecast_A1_ARX_I.mat,147,148,7,154,1.0848087113813,1.08479872816617,-9.98321512968303e-06,9.96645843255322e-11,9.98321512968303e-06,6.2876856150498e-06,4.99160756484152e-06,3.0273482204024e-06,0,2.02756294824802e-05,0,-0.7875,0.7875,9.77268394802833e-06
A1,Seasonal Forcing,ARX,I,/home/kaahin/degree_project/hybrid-epidemic-forecasting/results/partA/forecasts/partA_03_forecast_A1_ARX_I.mat,147,148,8,155,1.08206320483152,1.08204966355403,-1.35412774944221e-05,1.83366196180943e-10,1.35412774944221e-05,9.17098815706514e-06,6.77063874721107e-06,3.5522234455021e-06,0,3.09465845140799e-05,0,-0.7875,0.7875,1.14390338709081e-05
A1,Seasonal Forcing,ARX,I,/home/kaahin/degree_project/hybrid-epidemic-forecasting/results/partA/forecasts/partA_03_forecast_A1_ARX_I.mat,147,148,9,156,1.07929338118309,1.07927611316776,-1.72680153311955e-05,2.98184353478402e-10,1.72680153311955e-05,1.22976915660187e-05,8.63400766559774e-06,4.1093740080933e-06,0,4.25962303733929e-05,0,-0.7875,0.7875,1.32724120753824e-05
A1,Seasonal Forcing,ARX,I,/home/kaahin/degree_project/hybrid-epidemic-forecasting/results/partA/forecasts/partA_03_forecast_A1_ARX_I.mat,147,148,10,157,1.07650006119452,1.0764786174965,-2.14436980165988e-05,4.59832184627085e-10,2.14436980165988e-05,1.57862424875785e-05,1.07218490082994e-05,4.71400941801092e-06,0,5.5602232767793e-05,0,-0.7875,0.7875,1.54370909995483e-05
A1,Seasonal Forcing,ARX,I,/home/kaahin/degree_project/hybrid-epidemic-forecasting/results/partA/forecasts/partA_03_forecast_A1_ARX_I.mat,147,148,11,158,1.07368407258681,1.07365805888542,-2.6013701394989e-05,6.76712660267655e-10,2.6013701394989e-05,1.9603529564633e-05,1.30068506974945e-05,5.26698939027903e-06,0,6.9942042953075e-05,0,-0.7875,0.7875,1.7784775267593e-05
A1,Seasonal Forcing,ARX,I,/home/kaahin/degree_project/hybrid-epidemic-forecasting/results/partA/forecasts/partA_03_forecast_A1_ARX_I.mat,147,148,12,159,1.07084624979816,1.07081533053804,-3.09192601255504e-05,9.56000646711448e-10,3.09192601255504e-05,2.39096385078661e-05,1.54596300627752e-05,6.03511833966453e-06,0,8.60986248829576e-05,0,-0.7875,0.7875,2.02592623118614e-05
A1,Seasonal Forcing,ARX,I,/home/kaahin/degree_project/hybrid-epidemic-forecasting/results/partA/forecasts/partA_03_forecast_A1_ARX_I.mat,147,148,13,160,1.06798743373671,1.06795045653569,-3.69772010246905e-05,1.36731339562037e-09,3.69772010246905e-05,2.88969742763675e-05,1.84886005123452e-05,6.88438123626622e-06,0,0.000104663402495042,0,-0.7875,0.7875,2.26855321259767e-05
A1,Seasonal Forcing,ARX,I,/home/kaahin/degree_project/hybrid-epidemic-forecasting/results/partA/forecasts/partA_03_forecast_A1_ARX_I.mat,147,148,14,161,1.06510847153136,1.06506467960571,-4.37919256512931e-05,1.91773275224838e-09,4.37919256512931e-05,3.44840372702104e-05,2.18959628256465e-05,7.71214991781011e-06,0,0.00012557005497249,0,-0.7875,0.7875,2.53518766741845e-05
A1,Seasonal Forcing,ARX,I,/home/kaahin/degree_project/hybrid-epidemic-forecasting/results/partA/forecasts/partA_03_forecast_A1_ARX_I.mat,154,155,1,155,1.08206320483152,1.08206287415931,-3.30672211834582e-07,1.09344111679574e-13,3.30672211834582e-07,1.35727480520141e-07,1.65336105917291e-07,2.6562830537924e-07,0,1.79809251044105e-07,0.5,-0.2875,0.3625,8.22335485983761e-07
A1,Seasonal Forcing,ARX,I,/home/kaahin/degree_project/hybrid-epidemic-forecasting/results/partA/forecasts/partA_03_forecast_A1_ARX_I.mat,154,155,2,156,1.07929338118309,1.07929235144665,-1.02973643767434e-06,1.06035713107425e-12,1.02973643767434e-06,4.70904924655525e-07,5.14868218837172e-07,5.47122418909085e-07,0,1.05708152320361e-06,0.5,-0.2875,0.3625,1.85084896986432e-06
A1,Seasonal Forcing,ARX,I,/home/kaahin/degree_project/hybrid-epidemic-forecasting/results/partA/forecasts/partA_03_forecast_A1_ARX_I.mat,154,155,3,157,1.07650006119452,1.07649787874314,-2.18245138206008e-06,4.76309403505595e-12,2.18245138206008e-06,1.01636885937451e-06,1.09122569103004e-06,9.7507443787559e-07,0,2.50735973827965e-06,0,-0.7875,0.7875,3.28292776652361e-06
A1,Seasonal Forcing,ARX,I,/home/kaahin/degree_project/hybrid-epidemic-forecasting/results/partA/forecasts/partA_03_forecast_A1_ARX_I.mat,154,155,4,158,1.07368407258681,1.07368038785846,-3.68472835243772e-06,1.35772230312584e-11,3.68472835243772e-06,2.12161883768171e-06,1.84236417621886e-06,1.42572530606455e-06,0,6.27919528728427e-06,0,-0.7875,0.7875,4.78260446268308e-06
A1,Seasonal Forcing,ARX,I,/home/kaahin/degree_project/hybrid-epidemic-forecasting/results/partA/forecasts/partA_03_forecast_A1_ARX_I.mat,154,155,5,159,1.07084624979816,1.07084064339011,-5.60640805224999e-06,3.14318112483335e-11,5.60640805224999e-06,3.60428474819565e-06,2.80320402612499e-06,2.09801904551554e-06,0,1.13180582952399e-05,0,-0.7875,0.7875,6.74537754408178e-06
A1,Seasonal Forcing,ARX,I,/home/kaahin/degree_project/hybrid-epidemic-forecasting/results/partA/forecasts/partA_03_forecast_A1_ARX_I.mat,154,155,6,160,1.06798743373671,1.06797932540225,-8.1083344669608e-06,6.57450878281045e-11,8.1083344669608e-06,5.5644791018482e-06,4.0541672334804e-06,2.67440347205272e-06,0,1.83115852527838e-05,0,-0.7875,0.7875,8.58209770027152e-06
A1,Seasonal Forcing,ARX,I,/home/kaahin/degree_project/hybrid-epidemic-forecasting/results/partA/forecasts/partA_03_forecast_A1_ARX_I.mat,154,155,7,161,1.06510847153136,1.06509709255722,-1.13789741342796e-05,1.29481052348604e-10,1.13789741342796e-05,8.03815769217447e-06,5.68948706713979e-06,3.1420001074256e-06,0,2.73402224402197e-05,0,-0.7875,0.7875,1.03608345838335e-05
A1,Seasonal Forcing,ARX,I,/home/kaahin/degree_project/hybrid-epidemic-forecasting/results/partA/forecasts/partA_03_forecast_A1_ARX_I.mat,154,155,8,162,1.06221021628073,1.06219523168782,-1.49845929138248e-05,2.24538024793049e-10,1.49845929138248e-05,1.12649315973101e-05,7.49229645691241e-06,3.58785482779123e-06,0,3.96120409031919e-05,0,-0.7875,0.7875,1.19827911251869e-05
A1,Seasonal Forcing,ARX,I,/home/kaahin/degree_project/hybrid-epidemic-forecasting/results/partA/forecasts/partA_03_forecast_A1_ARX_I.mat,154,155,9,163,1.05929352680042,1.0592744861142,-1.90406862128345e-05,3.62547731455626e-10,1.90406862128345e-05,1.49468300732715e-05,9.52034310641725e-06,4.01561843024201e-06,0,5.37247737930624e-05,0,-0.7875,0.7875,1.35797763290979e-05
A1,Seasonal Forcing,ARX,I,/home/kaahin/degree_project/hybrid-epidemic-forecasting/results/partA/forecasts/partA_03_forecast_A1_ARX_I.mat,154,155,10,164,1.05635926736845,1.05633559992183,-2.36674466229658e-05,5.60148029650936e-10,2.36674466229658e-05,1.92358741084611e-05,1.18337233114829e-05,4.68432712409372e-06,0,7.00433830524982e-05,0,-0.7875,0.7875,1.56510864804948e-05
A1,Seasonal Forcing,ARX,I,/home/kaahin/degree_project/hybrid-epidemic-forecasting/results/partA/forecasts/partA_03_forecast_A1_ARX_I.mat,154,155,11,165,1.05340830746923,1.05337943561701,-2.88718522207798e-05,8.33583850658548e-10,2.88718522207798e-05,2.4060281239719e-05,1.44359261103899e-05,5.37436663746171e-06,0,8.84609728308838e-05,0,-0.7875,0.7875,1.77782302669405e-05
A1,Seasonal Forcing,ARX,I,/home/kaahin/degree_project/hybrid-epidemic-forecasting/results/partA/forecasts/partA_03_forecast_A1_ARX_I.mat,154,155,12,166,1.05044152153586,1.05040679787845,-3.47236574131937e-05,1.20573238414884e-09,3.47236574131937e-05,2.92431897869834e-05,1.73618287065969e-05,6.20696416342992e-06,0,0.000108025561171399,0,-0.7875,0.7875,2.03312146174195e-05
A1,Seasonal Forcing,ARX,I,/home/kaahin/degree_project/hybrid-epidemic-forecasting/results/partA/forecasts/partA_03_forecast_A1_ARX_I.mat,154,155,13,167,1.04745978869104,1.0474185860816,-4.12026094440687e-05,1.69765502500046e-09,4.12026094440687e-05,3.49752877999506e-05,2.06013047220344e-05,7.05203827603418e-06,0,0.000129735452101709,0,-0.7875,0.7875,2.27712573385164e-05
A1,Seasonal Forcing,ARX,I,/home/kaahin/degree_project/hybrid-epidemic-forecasting/results/partA/forecasts/partA_03_forecast_A1_ARX_I.mat,154,155,14,168,1.04446399248657,1.04441570385993,-4.82886266364169e-05,2.33179146243127e-09,4.82886266364169e-05,4.12429212935902e-05,2.41443133182084e-05,7.63561381448841e-06,0,0.000153813218688459,0,-0.7875,0.7875,2.5003814219049e-05
A1,Seasonal Forcing,ARX,I,/home/kaahin/degree_project/hybrid-epidemic-forecasting/results/partA/forecasts/partA_03_forecast_A1_ARX_I.mat,161,162,1,162,1.06221021628073,1.06220964728033,-5.69000400352238e-07,3.23761455601007e-13,5.69000400352238e-07,2.16644173878233e-07,2.84500200176119e-07,2.71960826719875e-07,0,4.18437755556056e-07,0.25,-0.5375,0.5625,8.4185620591315e-07
A1,Seasonal Forcing,ARX,I,/home/kaahin/degree_project/hybrid-epidemic-forecasting/results/partA/forecasts/partA_03_forecast_A1_ARX_I.mat,161,162,2,163,1.05929352680042,1.05929195419314,-1.57260727973174e-06,2.47309365626527e-12,1.57260727973174e-06,7.74022103539668e-07,7.86303639865871e-07,5.30881128468774e-07,0,2.16591469759386e-06,0.25,-0.5375,0.5625,1.78918565507669e-06
A1,Seasonal Forcing,ARX,I,/home/kaahin/degree_project/hybrid-epidemic-forecasting/results/partA/forecasts/partA_03_forecast_A1_ARX_I.mat,161,162,3,164,1.05635926736845,1.05635618095362,-3.08641483037775e-06,9.5259565051757e-12,3.08641483037775e-06,1.78467361857054e-06,1.54320741518887e-06,8.9664980575388e-07,0,5.59117406262466e-06,0,-0.7875,0.7875,3.05275955514439e-06
A1,Seasonal Forcing,ARX,I,/home/kaahin/degree_project/hybrid-epidemic-forecasting/results/partA/forecasts/partA_03_forecast_A1_ARX_I.mat,161,162,4,165,1.05340830746923,1.05340339060654,-4.91686268722091e-06,2.41755386849853e-11,4.91686268722091e-06,3.2784139530241e-06,2.45843134361046e-06,1.27267866521508e-06,0,1.10217527797829e-05,0,-0.7875,0.7875,4.39370029076125e-06
A1,Seasonal Forcing,ARX,I,/home/kaahin/degree_project/hybrid-epidemic-forecasting/results/partA/forecasts/partA_03_forecast_A1_ARX_I.mat,161,162,5,166,1.05044152153586,1.05043406119794,-7.46033792053957e-06,5.56566418886407e-11,7.46033792053957e-06,5.25233249911346e-06,3.73016896026979e-06,1.61615169175233e-06,0,1.82891755939885e-05,0,-0.7875,0.7875,5.76869820140269e-06
A1,Seasonal Forcing,ARX,I,/home/kaahin/degree_project/hybrid-epidemic-forecasting/results/partA/forecasts/partA_03_forecast_A1_ARX_I.mat,161,162,6,167,1.04745978869104,1.04744914112604,-1.06475650016868e-05,1.13370640465147e-10,1.06475650016868e-05,7.76076835298974e-06,5.32378250084342e-06,2.1036342822911e-06,0,2.74960408053193e-05,0,-0.7875,0.7875,7.40553263228749e-06
A1,Seasonal Forcing,ARX,I,/home/kaahin/degree_project/hybrid-epidemic-forecasting/results/partA/forecasts/partA_03_forecast_A1_ARX_I.mat,161,162,7,168,1.04446399248657,1.04444956959325,-1.44228933183221e-05,2.08019851671701e-10,1.44228933183221e-05,1.05959773127279e-05,7.21144665916107e-06,2.64706660269565e-06,0,3.7823384645419e-05,0,-0.7875,0.7875,9.26445482790639e-06
A1,Seasonal Forcing,ARX,I,/home/kaahin/degree_project/hybrid-epidemic-forecasting/results/partA/forecasts/partA_03_forecast_A1_ARX_I.mat,161,162,8,169,1.04145502064151,1.0414361978413,-1.88228002115931e-05,3.54297807805549e-10,1.88228002115931e-05,1.41029273649747e-05,9.41140010579655e-06,3.14198647595187e-06,0,5.09097865606378e-05,0,-0.7875,0.7875,1.09711749455288e-05
A1,Seasonal Forcing,ARX,I,/home/kaahin/degree_project/hybrid-epidemic-forecasting/results/partA/forecasts/partA_03_forecast_A1_ARX_I.mat,161,162,9,170,1.03843376477916,1.03841017492754,-2.35898516227628e-05,5.56481099583966e-10,2.35898516227628e-05,1.81727314889437e-05,1.17949258113814e-05,3.80422425618754e-06,0,6.61781416326779e-05,0,-0.7875,0.7875,1.28404406083971e-05
A1,Seasonal Forcing,ARX,I,/home/kaahin/degree_project/hybrid-epidemic-forecasting/results/partA/forecasts/partA_03_forecast_A1_ARX_I.mat,161,162,10,171,1.03540112016284,1.03537227725809,-2.88429047554661e-05,8.31913154732891e-10,2.88429047554661e-05,2.29774743069313e-05,1.44214523777331e-05,4.36498472572433e-06,0,8.46121972777336e-05,0,-0.7875,0.7875,1.46073746082331e-05
A1,Seasonal Forcing,ARX,I,/home/kaahin/degree_project/hybrid-epidemic-forecasting/results/partA/forecasts/partA_03_forecast_A1_ARX_I.mat,161,162,11,172,1.0323579854306,1.0323230962909,-3.48891397035089e-05,1.21725206925096e-09,3.48891397035089e-05,2.84640679594538e-05,1.74445698517545e-05,5.05200391263116e-06,0,0.000105591732053156,0,-0.7875,0.7875,1.63699412439322e-05
A1,Seasonal Forcing,ARX,I,/home/kaahin/degree_project/hybrid-epidemic-forecasting/results/partA/forecasts/partA_03_forecast_A1_ARX_I.mat,161,162,12,173,1.02930526232893,1.02926363779194,-4.16245369896373e-05,1.73260207960168e-09,4.16245369896373e-05,3.45709208276417e-05,2.08122684948187e-05,5.74420678300935e-06,0,0.00012901266844656,0,-0.7875,0.7875,1.81515800138921e-05
A1,Seasonal Forcing,ARX,I,/home/kaahin/degree_project/hybrid-epidemic-forecasting/results/partA/forecasts/partA_03_forecast_A1_ARX_I.mat,161,162,13,174,1.02624385544558,1.02619496881883,-4.88866267485122e-05,2.38990227484835e-09,4.88866267485122e-05,4.13871790359171e-05,2.44433133742561e-05,6.29235825673757e-06,0,0.000155506634030633,0,-0.7875,0.7875,1.97178383026242e-05
A1,Seasonal Forcing,ARX,I,/home/kaahin/degree_project/hybrid-epidemic-forecasting/results/partA/forecasts/partA_03_forecast_A1_ARX_I.mat,161,162,14,175,1.02317467194146,1.02311794085567,-5.67310857972902e-05,3.21841609573951e-09,5.67310857972902e-05,4.85617560214295e-05,2.83655428986451e-05,6.94135293001219e-06,0,0.000183221006267775,0,-0.7875,0.7875,2.15596733477152e-05
A1,Seasonal Forcing,ARX,I,/home/kaahin/degree_project/hybrid-epidemic-forecasting/results/partA/forecasts/partA_03_forecast_A1_ARX_I.mat,168,169,1,169,1.04145502064151,1.04145452857991,-4.92061599466354e-07,2.42124617669386e-13,4.92061599466354e-07,2.35465361618657e-07,2.46030799733177e-07,2.6497354439492e-07,0,5.48589783155862e-07,0.25,-0.5375,0.5625,7.69643835663025e-07
A1,Seasonal Forcing,ARX,I,/home/kaahin/degree_project/hybrid-epidemic-forecasting/results/partA/forecasts/partA_03_forecast_A1_ARX_I.mat,168,169,2,170,1.03843376477916,1.038432024812,-1.73996716634761e-06,3.02748573996774e-12,1.73996716634761e-06,8.23834521433851e-07,8.69983583173806e-07,6.7995981819502e-07,0,2.15731194508351e-06,0,-0.7875,0.7875,1.97611603236503e-06
A1,Seasonal Forcing,ARX,I,/home/kaahin/degree_project/hybrid-epidemic-forecasting/results/partA/forecasts/partA_03_forecast_A1_ARX_I.mat,168,169,3,171,1.03540112016284,1.03539779017705,-3.32998579755106e-06,1.10888054118918e-11,3.32998579755106e-06,1.8173680221044e-06,1.66499289877553e-06,1.09685416364025e-06,0,5.41630903705403e-06,0,-0.7875,0.7875,3.39448771702333e-06
A1,Seasonal Forcing,ARX,I,/home/kaahin/degree_project/hybrid-epidemic-forecasting/results/partA/forecasts/partA_03_forecast_A1_ARX_I.mat,168,169,4,172,1.0323579854306,1.03235252920747,-5.45622312797533e-06,2.97703708222529e-11,5.45622312797533e-06,3.35087190440249e-06,2.72811156398767e-06,1.50786751155207e-06,0,1.08429444942715e-05,0,-0.7875,0.7875,4.93967650211369e-06
A1,Seasonal Forcing,ARX,I,/home/kaahin/degree_project/hybrid-epidemic-forecasting/results/partA/forecasts/partA_03_forecast_A1_ARX_I.mat,168,169,5,173,1.02930526232893,1.02929690172762,-8.36060131303995e-06,6.98996543156053e-11,8.36060131303995e-06,5.58750154098108e-06,4.18030065651998e-06,1.95374154666195e-06,0,1.90097147312329e-05,0,-0.7875,0.7875,6.45822747386005e-06
A1,Seasonal Forcing,ARX,I,/home/kaahin/degree_project/hybrid-epidemic-forecasting/results/partA/forecasts/partA_03_forecast_A1_ARX_I.mat,168,169,6,174,1.02624385544558,1.02623216605156,-1.16893940196316e-05,1.366419325462e-10,1.16893940196316e-05,8.35885757407438e-06,5.84469700981582e-06,2.43881717483241e-06,0,2.93313448986865e-05,0,-0.7875,0.7875,8.11585044069307e-06
A1,Seasonal Forcing,ARX,I,/home/kaahin/degree_project/hybrid-epidemic-forecasting/results/partA/forecasts/partA_03_forecast_A1_ARX_I.mat,168,169,7,175,1.02317467194146,1.02315907310314,-1.55988383288008e-05,2.43323757208066e-10,1.55988383288008e-05,1.17222724117775e-05,7.79941916440041e-06,2.95151838831109e-06,0,4.19992883002873e-05,0,-0.7875,0.7875,9.85585464796657e-06
A1,Seasonal Forcing,ARX,I,/home/kaahin/degree_project/hybrid-epidemic-forecasting/results/partA/forecasts/partA_03_forecast_A1_ARX_I.mat,168,169,8,176,1.0200986212819,1.02007862620627,-1.99950756365475e-05,3.99803049711254e-10,1.99950756365475e-05,1.56085168438828e-05,9.99753781827373e-06,3.33946841193922e-06,0,5.69013195672596e-05,0,-0.7875,0.7875,1.15818720339278e-05
A1,Seasonal Forcing,ARX,I,/home/kaahin/degree_project/hybrid-epidemic-forecasting/results/partA/forecasts/partA_03_forecast_A1_ARX_I.mat,168,169,9,177,1.0170166149671,1.01699205651609,-2.45584510070174e-05,6.03117515864072e-10,2.45584510070174e-05,2.01260593770446e-05,1.22792255035087e-05,3.88322574985112e-06,0,7.44048159433408e-05,0,-0.7875,0.7875,1.34163851124858e-05
A1,Seasonal Forcing,ARX,I,/home/kaahin/degree_project/hybrid-epidemic-forecasting/results/partA/forecasts/partA_03_forecast_A1_ARX_I.mat,168,169,10,178,1.01392956626202,1.01389959613139,-2.99701306349931e-05,8.98208730278552e-10,2.99701306349931e-05,2.51444823307659e-05,1.49850653174965e-05,4.41296210810793e-06,0,9.37521430628419e-05,0,-0.7875,0.7875,1.53273166161316e-05
A1,Seasonal Forcing,ARX,I,/home/kaahin/degree_project/hybrid-epidemic-forecasting/results/partA/forecasts/partA_03_forecast_A1_ARX_I.mat,168,169,11,179,1.01083838992584,1.01080238690473,-3.6003021115949e-05,1.29621752947547e-09,3.6003021115949e-05,3.09086222063493e-05,1.80015105579745e-05,5.05356412932589e-06,0,0.000116033725241271,0,-0.7875,0.7875,1.72803918220277e-05
A1,Seasonal Forcing,ARX,I,/home/kaahin/degree_project/hybrid-epidemic-forecasting/results/partA/forecasts/partA_03_forecast_A1_ARX_I.mat,168,169,12,180,1.00774400194082,1.00770120483304,-4.27971077787692e-05,1.83159243422759e-09,4.27971077787692e-05,3.72683464336375e-05,2.13985538893846e-05,5.64344152678142e-06,0,0.000140665563535203,0,-0.7875,0.7875,1.91009783561125e-05
A1,Seasonal Forcing,ARX,I,/home/kaahin/degree_project/hybrid-epidemic-forecasting/results/partA/forecasts/partA_03_forecast_A1_ARX_I.mat,168,169,13,181,1.00464731924088,1.0045969980735,-5.03211673861248e-05,2.53221988710239e-09,5.03211673861248e-05,4.4155484484555e-05,2.51605836930624e-05,6.49050780521798e-06,0,0.000167048588682217,0,-0.7875,0.7875,2.14365567569041e-05
A1,Seasonal Forcing,ARX,I,/home/kaahin/degree_project/hybrid-epidemic-forecasting/results/partA/forecasts/partA_03_forecast_A1_ARX_I.mat,168,169,14,182,1.00154925943996,1.00149067234025,-5.85870997173998e-05,3.43244825329655e-09,5.85870997173998e-05,5.20138859374038e-05,2.92935498586999e-05,7.21302808393554e-06,0,0.000197555908775682,0,-0.7875,0.7875,2.38356009765184e-05
A1,Seasonal Forcing,ARX,I,/home/kaahin/degree_project/hybrid-epidemic-forecasting/results/partA/forecasts/partA_03_forecast_A1_ARX_I.mat,175,176,1,176,1.0200986212819,1.02009802204806,-5.99233842102365e-07,3.59081197520762e-13,5.99233842102365e-07,2.93801315875974e-07,2.99616921051182e-07,2.4299646897985e-07,0,7.79492531410853e-07,0,-0.7875,0.7875,7.08370065549691e-07
A1,Seasonal Forcing,ARX,I,/home/kaahin/degree_project/hybrid-epidemic-forecasting/results/partA/forecasts/partA_03_forecast_A1_ARX_I.mat,175,176,2,177,1.0170166149671,1.01701490676024,-1.70820685529982e-06,2.9179706604933e-12,1.70820685529982e-06,1.04302461022924e-06,8.5410342764991e-07,6.163296369599e-07,0,3.22317768142177e-06,0,-0.7875,0.7875,1.8416531491483e-06
A1,Seasonal Forcing,ARX,I,/home/kaahin/degree_project/hybrid-epidemic-forecasting/results/partA/forecasts/partA_03_forecast_A1_ARX_I.mat,175,176,3,178,1.01392956626202,1.01392606125182,-3.50501020429661e-06,1.22850965322234e-11,3.50501020429661e-06,2.45430534817132e-06,1.75250510214831e-06,1.02059576626567e-06,0,8.27127319835697e-06,0,-0.7875,0.7875,3.05276220519124e-06
A1,Seasonal Forcing,ARX,I,/home/kaahin/degree_project/hybrid-epidemic-forecasting/results/partA/forecasts/partA_03_forecast_A1_ARX_I.mat,175,176,4,179,1.01083838992584,1.01083257895002,-5.8109758236391e-06,3.37674400229181e-11,5.8109758236391e-06,4.16265784467764e-06,2.90548791181955e-06,1.52985441220221e-06,0,1.42966179770276e-05,0,-0.7875,0.7875,4.72407492313476e-06
A1,Seasonal Forcing,ARX,I,/home/kaahin/degree_project/hybrid-epidemic-forecasting/results/partA/forecasts/partA_03_forecast_A1_ARX_I.mat,175,176,5,180,1.00774400194082,1.00773547125681,-8.53068400075152e-06,7.2772569520678e-11,8.53068400075152e-06,6.47942868868823e-06,4.26534200037576e-06,2.17007992803775e-06,0,2.27220071706835e-05,0,-0.7875,0.7875,6.51213905061843e-06
A1,Seasonal Forcing,ARX,I,/home/kaahin/degree_project/hybrid-epidemic-forecasting/results/partA/forecasts/partA_03_forecast_A1_ARX_I.mat,175,176,6,181,1.00464731924088,1.00463512873319,-1.21905076941875e-05,1.48608477842045e-10,1.21905076941875e-05,9.62600488098905e-06,6.09525384709375e-06,2.76299056620744e-06,0,3.44587775511496e-05,0,-0.7875,0.7875,8.17736600006169e-06
A1,Seasonal Forcing,ARX,I,/home/kaahin/degree_project/hybrid-epidemic-forecasting/results/partA/forecasts/partA_03_forecast_A1_ARX_I.mat,175,176,7,182,1.00154925943996,1.00153294430245,-1.63151375098813e-05,2.66183711966337e-10,1.63151375098813e-05,1.33891367822837e-05,8.15756875494067e-06,3.31715853269521e-06,0,4.87763882326409e-05,0,-0.7875,0.7875,9.89455571120956e-06
A1,Seasonal Forcing,ARX,I,/home/kaahin/degree_project/hybrid-epidemic-forecasting/results/partA/forecasts/partA_03_forecast_A1_ARX_I.mat,175,176,8,183,0.998450740560036,0.998429387148511,-2.13534115250935e-05,4.55968183759996e-10,2.13534115250935e-05,1.77616009070693e-05,1.06767057625468e-05,3.86661761117291e-06,0,6.5383880708092e-05,0,-0.7875,0.7875,1.1622759158475e-05
A1,Seasonal Forcing,ARX,I,/home/kaahin/degree_project/hybrid-epidemic-forecasting/results/partA/forecasts/partA_03_forecast_A1_ARX_I.mat,175,176,9,184,0.995352680759116,0.995325656141745,-2.70246173708077e-05,7.30329944038564e-10,2.70246173708077e-05,2.28014473880989e-05,1.35123086854039e-05,4.50435029141771e-06,0,8.45898542696233e-05,0,-0.7875,0.7875,1.36007103090086e-05
A1,Seasonal Forcing,ARX,I,/home/kaahin/degree_project/hybrid-epidemic-forecasting/results/partA/forecasts/partA_03_forecast_A1_ARX_I.mat,175,176,10,185,0.992255998059185,0.992222306547887,-3.36915112970626e-05,1.1351179334801e-09,3.36915112970626e-05,2.86510272050609e-05,1.68457556485313e-05,5.00550303677572e-06,0,0.000107078363737467,0,-0.7875,0.7875,1.53839029519987e-05
A1,Seasonal Forcing,ARX,I,/home/kaahin/degree_project/hybrid-epidemic-forecasting/results/partA/forecasts/partA_03_forecast_A1_ARX_I.mat,175,176,11,186,0.989161610074157,0.989120619374099,-4.09907000581411e-05,1.68023749125649e-09,4.09907000581411e-05,3.50099555366696e-05,2.04953500290705e-05,5.53416727281653e-06,0,0.000131515282613126,0,-0.7875,0.7875,1.739541262466e-05
A1,Seasonal Forcing,ARX,I,/home/kaahin/degree_project/hybrid-epidemic-forecasting/results/partA/forecasts/partA_03_forecast_A1_ARX_I.mat,175,176,12,187,0.986070433737977,0.986021257162568,-4.91765754088158e-05,2.41833556893895e-09,4.91765754088158e-05,4.1965971418862e-05,2.45882877044079e-05,6.34268044303332e-06,0,0.000157915903237438,0,-0.7875,0.7875,1.98994220602655e-05
A1,Seasonal Forcing,ARX,I,/home/kaahin/degree_project/hybrid-epidemic-forecasting/results/partA/forecasts/partA_03_forecast_A1_ARX_I.mat,175,176,13,188,0.982983385032904,0.982925170566919,-5.82144659856398e-05,3.38892404999322e-09,5.82144659856398e-05,4.97594935629508e-05,2.91072329928199e-05,7.09135391904758e-06,0,0.000187719134121411,0,-0.7875,0.7875,2.24092379712548e-05
A1,Seasonal Forcing,ARX,I,/home/kaahin/degree_project/hybrid-epidemic-forecasting/results/partA/forecasts/partA_03_forecast_A1_ARX_I.mat,175,176,14,189,0.979901378718095,0.979833018842743,-6.8359875352475e-05,4.67307255820592e-09,6.8359875352475e-05,5.85637426220802e-05,3.41799376762375e-05,7.52756977911995e-06,0,0.000221829334344004,0,-0.7875,0.7875,2.47812283631077e-05
A1,Seasonal Forcing,ARX,I,/home/kaahin/degree_project/hybrid-epidemic-forecasting/results/partA/forecasts/partA_03_forecast_A1_ARX_I.mat,182,183,1,183,0.998450740560036,0.998450147914272,-5.92645763686228e-07,3.51229001215233e-13,5.92645763686228e-07,2.53843193064195e-07,2.96322881843114e-07,2.87017628192165e-07,0,5.58953858753597e-07,0.5,-0.2875,0.3625,8.99140089827277e-07
A1,Seasonal Forcing,ARX,I,/home/kaahin/degree_project/hybrid-epidemic-forecasting/results/partA/forecasts/partA_03_forecast_A1_ARX_I.mat,182,183,2,184,0.995352680759116,0.995350979146972,-1.70161214407827e-06,2.89548388887464e-12,1.70161214407827e-06,1.04599465576036e-06,8.50806072039134e-07,5.8307822339565e-07,0,3.27309165548684e-06,0,-0.7875,0.7875,1.92783046928935e-06
A1,Seasonal Forcing,ARX,I,/home/kaahin/degree_project/hybrid-epidemic-forecasting/results/partA/forecasts/partA_03_forecast_A1_ARX_I.mat,182,183,3,185,0.992255998059185,0.992252361939781,-3.63611940379371e-06,1.32213643186452e-11,3.63611940379371e-06,2.47526849018187e-06,1.81805970189686e-06,1.03658578811949e-06,0,8.28406271580207e-06,0,-0.7875,0.7875,3.31179540355442e-06
A1,Seasonal Forcing,ARX,I,/home/kaahin/degree_project/hybrid-epidemic-forecasting/results/partA/forecasts/partA_03_forecast_A1_ARX_I.mat,182,183,4,186,0.989161610074157,0.989155506623655,-6.1034505024482e-06,3.72521080358352e-11,6.1034505024482e-06,4.33847016893838e-06,3.0517252512241e-06,1.58787040174246e-06,0,1.48835201072561e-05,0,-0.7875,0.7875,5.09619726279942e-06
A1,Seasonal Forcing,ARX,I,/home/kaahin/degree_project/hybrid-epidemic-forecasting/results/partA/forecasts/partA_03_forecast_A1_ARX_I.mat,182,183,5,187,0.986070433737977,0.986061057951205,-9.37578677140394e-06,8.79053775828331e-11,9.37578677140394e-06,6.94665001731431e-06,4.68789338570197e-06,2.11272292283682e-06,0,2.44593087693756e-05,0,-0.7875,0.7875,6.93304360405156e-06
A1,Seasonal Forcing,ARX,I,/home/kaahin/degree_project/hybrid-epidemic-forecasting/results/partA/forecasts/partA_03_forecast_A1_ARX_I.mat,182,183,6,188,0.982983385032904,0.982970408057691,-1.29769752129638e-05,1.68401885677877e-10,1.29769752129638e-05,1.04479984538404e-05,6.48848760648191e-06,2.5192824763931e-06,0,3.8008222959407e-05,0,-0.7875,0.7875,8.43205454834073e-06
A1,Seasonal Forcing,ARX,I,/home/kaahin/degree_project/hybrid-epidemic-forecasting/results/partA/forecasts/partA_03_forecast_A1_ARX_I.mat,182,183,7,189,0.979901378718095,0.97988336116385,-1.8017554244687e-05,3.24632260960238e-10,1.8017554244687e-05,1.48269870338885e-05,9.00877712234349e-06,3.12532437042601e-06,0,5.45873401597285e-05,0,-0.7875,0.7875,1.01917292135156e-05
A1,Seasonal Forcing,ARX,I,/home/kaahin/degree_project/hybrid-epidemic-forecasting/results/partA/forecasts/partA_03_forecast_A1_ARX_I.mat,182,183,8,190,0.976825328058536,0.976801303963858,-2.40240946779435e-05,5.77157125094795e-10,2.40240946779435e-05,1.99951796622855e-05,1.20120473389718e-05,3.80820180933827e-06,0,7.41580593319746e-05,0,-0.7875,0.7875,1.20556320075405e-05
A1,Seasonal Forcing,ARX,I,/home/kaahin/degree_project/hybrid-epidemic-forecasting/results/partA/forecasts/partA_03_forecast_A1_ARX_I.mat,182,183,9,191,0.973756144554423,0.973725487497882,-3.06570565401509e-05,9.39855115706011e-10,3.06570565401509e-05,2.60187998046989e-05,1.53285282700755e-05,4.55715422044423e-06,0,9.71989166306253e-05,0,-0.7875,0.7875,1.41011579560535e-05
A1,Seasonal Forcing,ARX,I,/home/kaahin/degree_project/hybrid-epidemic-forecasting/results/partA/forecasts/partA_03_forecast_A1_ARX_I.mat,182,183,10,192,0.970694737671067,0.970656558506292,-3.81791647754426e-05,1.4576486229504e-09,3.81791647754426e-05,3.2949234344785e-05,1.90895823877213e-05,5.33415226087741e-06,0,0.000123847819902934,0,-0.7875,0.7875,1.61417184645907e-05
A1,Seasonal Forcing,ARX,I,/home/kaahin/degree_project/hybrid-epidemic-forecasting/results/partA/forecasts/partA_03_forecast_A1_ARX_I.mat,182,183,11,193,0.967642014569399,0.96759471696499,-4.72976044086915e-05,2.23706338280107e-09,4.72976044086915e-05,4.08077305709871e-05,2.36488022043457e-05,6.16894430810477e-06,0,0.000153817041056992,0,-0.7875,0.7875,1.8362060186683e-05
A1,Seasonal Forcing,ARX,I,/home/kaahin/degree_project/hybrid-epidemic-forecasting/results/partA/forecasts/partA_03_forecast_A1_ARX_I.mat,182,183,12,194,0.964598879837156,0.964541594644682,-5.72851924740547e-05,3.2815932767895e-09,5.72851924740547e-05,4.95564725535308e-05,2.86425962370274e-05,6.78359080029667e-06,0,0.000187577939453565,0,-0.7875,0.7875,2.07263482686071e-05
A1,Seasonal Forcing,ARX,I,/home/kaahin/degree_project/hybrid-epidemic-forecasting/results/partA/forecasts/partA_03_forecast_A1_ARX_I.mat,182,183,13,195,0.961566235220837,0.961497499439644,-6.87357811928191e-05,4.7246076161871e-09,6.87357811928191e-05,5.9401364921777e-05,3.43678905964095e-05,7.41773509961574e-06,0,0.000225520516451971,0,-0.7875,0.7875,2.31730568759081e-05
A1,Seasonal Forcing,ARX,I,/home/kaahin/degree_project/hybrid-epidemic-forecasting/results/partA/forecasts/partA_03_forecast_A1_ARX_I.mat,182,183,14,196,0.95854497935849,0.958464307390758,-8.06719677314272e-05,6.50796637766042e-09,8.06719677314272e-05,7.03528064441806e-05,4.03359838657136e-05,8.06187345112896e-06,0,0.00026818977168197,0,-0.7875,0.7875,2.57592788750205e-05
A1,Seasonal Forcing,ARX,I,/home/kaahin/degree_project/hybrid-epidemic-forecasting/results/partA/forecasts/partA_03_forecast_A1_ARX_I.mat,189,190,1,190,0.976825328058536,0.976824554625956,-7.7343257931517e-07,5.98197954746116e-13,7.7343257931517e-07,4.50250079645251e-07,3.86716289657585e-07,3.06422938492479e-07,0,1.33298613025357e-06,0,-0.7875,0.7875,8.42402080286631e-07
A1,Seasonal Forcing,ARX,I,/home/kaahin/degree_project/hybrid-epidemic-forecasting/results/partA/forecasts/partA_03_forecast_A1_ARX_I.mat,189,190,2,191,0.973756144554423,0.973753704065386,-2.44048903619287e-06,5.95598673577761e-12,2.44048903619287e-06,1.625054880335e-06,1.22024451809644e-06,6.94844164961239e-07,0,5.39765827844985e-06,0,-0.7875,0.7875,2.05345007509017e-06
A1,Seasonal Forcing,ARX,I,/home/kaahin/degree_project/hybrid-epidemic-forecasting/results/partA/forecasts/partA_03_forecast_A1_ARX_I.mat,189,190,3,192,0.970694737671067,0.970689781888369,-4.95578269787966e-06,2.45597821486034e-11,4.95578269787966e-06,3.72046858726494e-06,2.47789134893983e-06,1.0917864018134e-06,0,1.3172430891939e-05,0,-0.7875,0.7875,3.34926235598387e-06
A1,Seasonal Forcing,ARX,I,/home/kaahin/degree_project/hybrid-epidemic-forecasting/results/partA/forecasts/partA_03_forecast_A1_ARX_I.mat,189,190,4,193,0.967642014569399,0.967633519613742,-8.49495565724556e-06,7.21642716185684e-11,8.49495565724556e-06,6.6907160299285e-06,4.24747782862278e-06,1.55960968945545e-06,0,2.43011346166e-05,0,-0.7875,0.7875,4.91150033943288e-06
A1,Seasonal Forcing,ARX,I,/home/kaahin/degree_project/hybrid-epidemic-forecasting/results/partA/forecasts/partA_03_forecast_A1_ARX_I.mat,189,190,5,194,0.964598879837156,0.964585981335061,-1.28985020948491e-05,1.66371356290827e-10,1.28985020948491e-05,1.06339405822189e-05,6.44925104742455e-06,2.00298764974627e-06,0,3.94004939228143e-05,0,-0.7875,0.7875,6.20280132707096e-06
A1,Seasonal Forcing,ARX,I,/home/kaahin/degree_project/hybrid-epidemic-forecasting/results/partA/forecasts/partA_03_forecast_A1_ARX_I.mat,189,190,6,195,0.961566235220837,0.961548099486023,-1.81357348140176e-05,3.28904877244372e-10,1.81357348140176e-05,1.5547801219517e-05,9.06786740700882e-06,2.38362570396389e-06,0,5.85136123768537e-05,0,-0.7875,0.7875,7.43008495440733e-06
A1,Seasonal Forcing,ARX,I,/home/kaahin/degree_project/hybrid-epidemic-forecasting/results/partA/forecasts/partA_03_forecast_A1_ARX_I.mat,189,190,7,196,0.95854497935849,0.958520040791892,-2.49385665976876e-05,6.21932103947298e-10,2.49385665976876e-05,2.17431807464857e-05,1.24692832988438e-05,2.83094905539905e-06,0,8.25440810049427e-05,0,-0.7875,0.7875,8.87492002923929e-06
A1,Seasonal Forcing,ARX,I,/home/kaahin/degree_project/hybrid-epidemic-forecasting/results/partA/forecasts/partA_03_forecast_A1_ARX_I.mat,189,190,8,197,0.955536007513432,0.955503000825883,-3.30066875489088e-05,1.08944142295129e-09,3.30066875489088e-05,2.91726572235288e-05,1.65033437744544e-05,3.17841452453227e-06,0,0.000111595199206893,0,-0.7875,0.7875,1.02368871860992e-05
A1,Seasonal Forcing,ARX,I,/home/kaahin/degree_project/hybrid-epidemic-forecasting/results/partA/forecasts/partA_03_forecast_A1_ARX_I.mat,189,190,9,198,0.952540211308959,0.952498314542258,-4.18967667009662e-05,1.75533905999519e-09,4.18967667009662e-05,3.77505327866191e-05,2.09483833504831e-05,3.82401863288084e-06,0,0.000145104995556422,0,-0.7875,0.7875,1.19782855826644e-05
A1,Seasonal Forcing,ARX,I,/home/kaahin/degree_project/hybrid-epidemic-forecasting/results/partA/forecasts/partA_03_forecast_A1_ARX_I.mat,189,190,10,199,0.949558478464141,0.949506347948438,-5.2130515703408e-05,2.71759066750327e-09,5.2130515703408e-05,4.76504852742014e-05,2.6065257851704e-05,4.40834087919728e-06,0,0.000183953585003005,0,-0.7875,0.7875,1.37365931546229e-05
A1,Seasonal Forcing,ARX,I,/home/kaahin/degree_project/hybrid-epidemic-forecasting/results/partA/forecasts/partA_03_forecast_A1_ARX_I.mat,189,190,11,200,0.946591692530772,0.946527544209804,-6.4148320968016e-05,4.11500708301561e-09,6.4148320968016e-05,5.8827736915361e-05,3.2074160484008e-05,5.09248088804981e-06,0,0.000227558174747067,0,-0.7875,0.7875,1.58454220497428e-05
A1,Seasonal Forcing,ARX,I,/home/kaahin/degree_project/hybrid-epidemic-forecasting/results/partA/forecasts/partA_03_forecast_A1_ARX_I.mat,189,190,12,201,0.943640732631551,0.943562943075146,-7.7789556405472e-05,6.05121508576011e-09,7.7789556405472e-05,7.12817112746893e-05,3.8894778202736e-05,5.87864532510807e-06,0,0.000275994277208258,0,-0.7875,0.7875,1.82094362531915e-05
A1,Seasonal Forcing,ARX,I,/home/kaahin/degree_project/hybrid-epidemic-forecasting/results/partA/forecasts/partA_03_forecast_A1_ARX_I.mat,189,190,13,202,0.940706473199585,0.940613671925728,-9.28012738568018e-05,8.61207642944513e-09,9.28012738568018e-05,8.54683144009882e-05,4.64006369284009e-05,6.52649743798361e-06,0,0.000331680280438063,0,-0.7875,0.7875,2.05328964212881e-05
A1,Seasonal Forcing,ARX,I,/home/kaahin/degree_project/hybrid-epidemic-forecasting/results/partA/forecasts/partA_03_forecast_A1_ARX_I.mat,189,190,14,203,0.937789783719268,0.937680458991109,-0.000109324728159388,1.19518961871241e-08,0.000109324728159388,0.000101166459434283,5.46623640796939e-05,7.42840503494546e-06,0,0.000393158298339635,0,-0.7875,0.7875,2.3401567751935e-05
A1,Seasonal Forcing,ARX,I,/home/kaahin/degree_project/hybrid-epidemic-forecasting/results/partA/forecasts/partA_03_forecast_A1_ARX_I.mat,196,197,1,197,0.955536007513432,0.955534783852224,-1.2236612074723e-06,1.49734675067258e-12,1.2236612074723e-06,7.94560742074019e-07,6.11830603736152e-07,3.12730736679034e-07,0,2.6509619989179e-06,0,-0.7875,0.7875,8.70579009382144e-07
A1,Seasonal Forcing,ARX,I,/home/kaahin/degree_project/hybrid-epidemic-forecasting/results/partA/forecasts/partA_03_forecast_A1_ARX_I.mat,196,197,2,198,0.952540211308959,0.952536597151272,-3.61415768712625e-06,1.30621357874138e-11,3.61415768712625e-06,2.67676824003539e-06,1.80707884356313e-06,7.14571767915229e-07,0,9.5238064686809e-06,0,-0.7875,0.7875,2.17951082995271e-06
A1,Seasonal Forcing,ARX,I,/home/kaahin/degree_project/hybrid-epidemic-forecasting/results/partA/forecasts/partA_03_forecast_A1_ARX_I.mat,196,197,3,199,0.949558478464141,0.949551132262182,-7.34620195885771e-06,5.39666832203249e-11,7.34620195885771e-06,5.93517124592374e-06,3.67310097942886e-06,1.16856645062668e-06,0,2.18666031766013e-05,0,-0.7875,0.7875,3.61763604692089e-06
A1,Seasonal Forcing,ARX,I,/home/kaahin/degree_project/hybrid-epidemic-forecasting/results/partA/forecasts/partA_03_forecast_A1_ARX_I.mat,196,197,4,200,0.946591692530772,0.946579273828928,-1.24187018435418e-05,1.54224155478788e-10,1.24187018435418e-05,1.03891002194934e-05,6.20935092177088e-06,1.66332191875729e-06,0,3.88782781471919e-05,0,-0.7875,0.7875,5.21951538282051e-06
A1,Seasonal Forcing,ARX,I,/home/kaahin/degree_project/hybrid-epidemic-forecasting/results/partA/forecasts/partA_03_forecast_A1_ARX_I.mat,196,197,5,201,0.943640732631551,0.943622037158991,-1.86954725600597e-05,3.49520694243944e-10,1.86954725600597e-05,1.59543248661064e-05,9.34773628002983e-06,2.229710749313e-06,0,6.02170148681358e-05,0,-0.7875,0.7875,7.25767417578127e-06
A1,Seasonal Forcing,ARX,I,/home/kaahin/degree_project/hybrid-epidemic-forecasting/results/partA/forecasts/partA_03_forecast_A1_ARX_I.mat,196,197,6,202,0.940706473199585,0.940679965030177,-2.65081694078573e-05,7.0268304535566e-10,2.65081694078573e-05,2.30394024273766e-05,1.32540847039286e-05,2.9584283066042e-06,0,8.74647979126619e-05,0,-0.7875,0.7875,9.63351464033924e-06
A1,Seasonal Forcing,ARX,I,/home/kaahin/degree_project/hybrid-epidemic-forecasting/results/partA/forecasts/partA_03_forecast_A1_ARX_I.mat,196,197,7,203,0.937789783719268,0.937753480741736,-3.63029775318768e-05,1.31790617767995e-09,3.63029775318768e-05,3.18496166238753e-05,1.81514887659384e-05,3.62942739924321e-06,0,0.000121542358642257,0,-0.7875,0.7875,1.20197445850623e-05
A1,Seasonal Forcing,ARX,I,/home/kaahin/degree_project/hybrid-epidemic-forecasting/results/partA/forecasts/partA_03_forecast_A1_ARX_I.mat,196,197,8,204,0.934891528468642,0.934844014585921,-4.75138827210619e-05,2.25756905123083e-09,4.75138827210619e-05,4.23125503973307e-05,2.3756941360531e-05,4.30669827157504e-06,0,0.000162342837155882,0,-0.7875,0.7875,1.42965295552577e-05
A1,Seasonal Forcing,ARX,I,/home/kaahin/degree_project/hybrid-epidemic-forecasting/results/partA/forecasts/partA_03_forecast_A1_ARX_I.mat,196,197,9,205,0.932012566263286,0.9319518368404,-6.07294228867072e-05,3.68806280415252e-09,6.07294228867072e-05,5.45833824377802e-05,3.03647114433536e-05,5.26140469355452e-06,0,0.000209999104833103,0,-0.7875,0.7875,1.692878778492e-05
A1,Seasonal Forcing,ARX,I,/home/kaahin/degree_project/hybrid-epidemic-forecasting/results/partA/forecasts/partA_03_forecast_A1_ARX_I.mat,196,197,10,206,0.929153750201836,0.929078239751114,-7.55104507221827e-05,5.70182816826717e-09,7.55104507221827e-05,6.86831915420491e-05,3.77552253610913e-05,6.25324053588061e-06,0,0.000265065896042249,0,-0.7875,0.7875,1.95519494224639e-05
A1,Seasonal Forcing,ARX,I,/home/kaahin/degree_project/hybrid-epidemic-forecasting/results/partA/forecasts/partA_03_forecast_A1_ARX_I.mat,196,197,11,207,0.926315927413188,0.926223609719713,-9.23176934751746e-05,8.52255652857629e-09,9.23176934751746e-05,8.47693223227876e-05,4.61588467375873e-05,7.0599409278338e-06,0,0.000328243162787123,0,-0.7875,0.7875,2.20829080471996e-05
A1,Seasonal Forcing,ARX,I,/home/kaahin/degree_project/hybrid-epidemic-forecasting/results/partA/forecasts/partA_03_forecast_A1_ARX_I.mat,196,197,12,208,0.92349993880548,0.923388335896199,-0.000111602909281805,1.24552093601628e-08,0.000111602909281805,0.000102716799110549,5.58014546409025e-05,7.82457933619363e-06,0,0.000398599562020374,0,-0.7875,0.7875,2.48688040994094e-05
A1,Seasonal Forcing,ARX,I,/home/kaahin/degree_project/hybrid-epidemic-forecasting/results/partA/forecasts/partA_03_forecast_A1_ARX_I.mat,196,197,13,209,0.920706618816911,0.920573667348765,-0.000132951468145848,1.76760928821364e-08,0.000132951468145848,0.000122981942919153,6.64757340729238e-05,8.73695640845884e-06,0,0.000478206052654806,0,-0.7875,0.7875,2.75951328352064e-05
A1,Seasonal Forcing,ARX,I,/home/kaahin/degree_project/hybrid-epidemic-forecasting/results/partA/forecasts/partA_03_forecast_A1_ARX_I.mat,196,197,14,210,0.917936795168477,0.917779833075617,-0.000156962092860202,2.46370985950547e-08,0.000156962092860202,0.000145831810535548,7.84810464301011e-05,9.66258157613364e-06,0,0.000568099519403731,0,-0.7875,0.7875,3.02340550950853e-05
A1,Seasonal Forcing,ARX,I,/home/kaahin/degree_project/hybrid-epidemic-forecasting/results/partA/forecasts/partA_03_forecast_A1_ARX_I.mat,203,204,1,204,0.934891528468642,0.934889846493878,-1.68197476391185e-06,2.82903910643633e-12,1.68197476391185e-06,1.07986504494321e-06,8.40987381955927e-07,3.93561173112067e-07,0,3.62484414717645e-06,0,-0.7875,0.7875,1.16987978249217e-06
A1,Seasonal Forcing,ARX,I,/home/kaahin/degree_project/hybrid-epidemic-forecasting/results/partA/forecasts/partA_03_forecast_A1_ARX_I.mat,203,204,2,205,0.932012566263286,0.932007577859661,-4.98840362483932e-06,2.48841707243101e-11,4.98840362483932e-06,3.85155905639478e-06,2.49420181241966e-06,8.25809238721997e-07,0,1.40120047026349e-05,0,-0.7875,0.7875,2.49886566752733e-06
A1,Seasonal Forcing,ARX,I,/home/kaahin/degree_project/hybrid-epidemic-forecasting/results/partA/forecasts/partA_03_forecast_A1_ARX_I.mat,203,204,3,206,0.929153750201836,0.929143845629342,-9.90457249350207e-06,9.81005562790379e-11,9.90457249350207e-06,8.12966242612253e-06,4.95228624675104e-06,1.37218038536169e-06,0,3.02590142854386e-05,0,-0.7875,0.7875,4.19728522835228e-06
A1,Seasonal Forcing,ARX,I,/home/kaahin/degree_project/hybrid-epidemic-forecasting/results/partA/forecasts/partA_03_forecast_A1_ARX_I.mat,203,204,4,207,0.926315927413188,0.926298979169698,-1.6948243489745e-05,2.87242957387684e-10,1.6948243489745e-05,1.44745911040233e-05,8.4741217448725e-06,2.02571628890869e-06,0,5.46358219343235e-05,0,-0.7875,0.7875,6.05615404455917e-06
A1,Seasonal Forcing,ARX,I,/home/kaahin/degree_project/hybrid-epidemic-forecasting/results/partA/forecasts/partA_03_forecast_A1_ARX_I.mat,203,204,5,208,0.92349993880548,0.923474045356006,-2.58934494747898e-05,6.70470725703491e-10,2.58934494747898e-05,2.26239223427799e-05,1.29467247373949e-05,2.7627871081376e-06,0,8.60981386969772e-05,0,-0.7875,0.7875,8.32412169382568e-06
A1,Seasonal Forcing,ARX,I,/home/kaahin/degree_project/hybrid-epidemic-forecasting/results/partA/forecasts/partA_03_forecast_A1_ARX_I.mat,203,204,6,209,0.920706618816911,0.920669390109983,-3.72287069283495e-05,1.38597661955693e-09,3.72287069283495e-05,3.29164269820653e-05,1.86143534641747e-05,3.57569134925295e-06,0,0.000125933876605866,0,-0.7875,0.7875,1.09578057879423e-05
A1,Seasonal Forcing,ARX,I,/home/kaahin/degree_project/hybrid-epidemic-forecasting/results/partA/forecasts/partA_03_forecast_A1_ARX_I.mat,203,204,7,210,0.917936795168477,0.917885615784602,-5.11793838757768e-05,2.61932933390412e-09,5.11793838757768e-05,4.57083961518137e-05,2.55896919378884e-05,4.3854640262686e-06,0,0.000175712626719005,0,-0.7875,0.7875,1.34363599920417e-05
A1,Seasonal Forcing,ARX,I,/home/kaahin/degree_project/hybrid-epidemic-forecasting/results/partA/forecasts/partA_03_forecast_A1_ARX_I.mat,203,204,8,211,0.915191288618705,0.915124007017689,-6.72816010156563e-05,4.52681383522996e-09,6.72816010156563e-05,6.08351703985377e-05,3.36408005078281e-05,5.30401246444379e-06,0,0.000234813453821148,0,-0.7875,0.7875,1.63937664613145e-05
A1,Seasonal Forcing,ARX,I,/home/kaahin/degree_project/hybrid-epidemic-forecasting/results/partA/forecasts/partA_03_forecast_A1_ARX_I.mat,203,204,9,212,0.912470912720436,0.91238485738691,-8.60553335257919e-05,7.40552042823528e-09,8.60553335257919e-05,7.83483073437569e-05,4.30276667628959e-05,6.56719124126626e-06,0,0.000302972525042744,0,-0.7875,0.7875,1.9761046248179e-05
A1,Seasonal Forcing,ARX,I,/home/kaahin/degree_project/hybrid-epidemic-forecasting/results/partA/forecasts/partA_03_forecast_A1_ARX_I.mat,203,204,10,213,0.90977647357976,0.909668702607379,-0.000107770972381682,1.16145824880933e-08,0.000107770972381682,9.88488958692968e-05,5.38854861908411e-05,7.31683761279744e-06,0,0.000383617707608197,0,-0.7875,0.7875,2.25762734343826e-05
A1,Seasonal Forcing,ARX,I,/home/kaahin/degree_project/hybrid-epidemic-forecasting/results/partA/forecasts/partA_03_forecast_A1_ARX_I.mat,203,204,11,214,0.907108769617147,0.90697713972775,-0.000131629889396745,1.73264277825993e-08,0.000131629889396745,0.00012213189413099,6.58149446983725e-05,8.1962115297457e-06,0,0.000475582367361338,0,-0.7875,0.7875,2.57689872477651e-05
A1,Seasonal Forcing,ARX,I,/home/kaahin/degree_project/hybrid-epidemic-forecasting/results/partA/forecasts/partA_03_forecast_A1_ARX_I.mat,203,204,12,215,0.904468591330852,0.904309401783345,-0.000159189547507155,2.53413120355327e-08,0.000159189547507155,0.000148390080540635,7.95947737535774e-05,9.2296176960105e-06,0,0.000578930970983271,0,-0.7875,0.7875,2.94273876561002e-05
A1,Seasonal Forcing,ARX,I,/home/kaahin/degree_project/hybrid-epidemic-forecasting/results/partA/forecasts/partA_03_forecast_A1_ARX_I.mat,203,204,13,216,0.901856721062683,0.901667622884917,-0.000189098177765468,3.57581208342204e-08,0.000189098177765468,0.000177458519086624,9.45490888827338e-05,1.06881833097566e-05,0,0.000693326063697319,0,-0.7875,0.7875,3.3379896107022e-05
A1,Seasonal Forcing,ARX,I,/home/kaahin/degree_project/hybrid-epidemic-forecasting/results/partA/forecasts/partA_03_forecast_A1_ARX_I.mat,203,204,14,217,0.899273932766168,0.899050580648746,-0.000223352117422637,4.98861683571755e-08,0.000223352117422637,0.000210116546766216,0.000111676058711319,1.21969471490846e-05,0,0.000821651454587569,0,-0.7875,0.7875,3.74267036785392e-05
A1,Seasonal Forcing,ARX,I,/home/kaahin/degree_project/hybrid-epidemic-forecasting/results/partA/forecasts/partA_03_forecast_A1_ARX_I.mat,210,211,1,211,0.915191288618705,0.915188746670553,-2.5419481519684e-06,6.46150040729556e-12,2.5419481519684e-06,1.515197213495e-06,1.2709740759842e-06,4.78273798432127e-07,0,5.06913958631117e-06,0,-0.7875,0.7875,1.63779820344656e-06
A1,Seasonal Forcing,ARX,I,/home/kaahin/degree_project/hybrid-epidemic-forecasting/results/partA/forecasts/partA_03_forecast_A1_ARX_I.mat,210,211,2,212,0.912470912720436,0.912463382316126,-7.53040430978569e-06,5.67069890688389e-11,7.53040430978569e-06,5.37263946016547e-06,3.76520215489284e-06,1.12282991356627e-06,0,1.92888455022855e-05,0,-0.7875,0.7875,3.64563965418729e-06
A1,Seasonal Forcing,ARX,I,/home/kaahin/degree_project/hybrid-epidemic-forecasting/results/partA/forecasts/partA_03_forecast_A1_ARX_I.mat,210,211,3,213,0.90977647357976,0.909761900049076,-1.45735306844585e-05,2.12387796610855e-10,1.45735306844585e-05,1.16338444067172e-05,7.28676534222927e-06,1.90181482360163e-06,0,4.31637196643964e-05,0,-0.7875,0.7875,6.08353969849817e-06
A1,Seasonal Forcing,ARX,I,/home/kaahin/degree_project/hybrid-epidemic-forecasting/results/partA/forecasts/partA_03_forecast_A1_ARX_I.mat,210,211,4,214,0.907108769617147,0.907084121140292,-2.46484768547939e-05,6.07547411261309e-10,2.46484768547939e-05,2.03353096946079e-05,1.23242384273969e-05,2.66065302805263e-06,0,7.65240021702862e-05,0,-0.7875,0.7875,9.12024650770449e-06
A1,Seasonal Forcing,ARX,I,/home/kaahin/degree_project/hybrid-epidemic-forecasting/results/partA/forecasts/partA_03_forecast_A1_ARX_I.mat,210,211,5,215,0.904468591330852,0.904431125263946,-3.74660669061333e-05,1.40370616941486e-09,3.74660669061333e-05,3.20964049706854e-05,1.87330334530666e-05,3.50150027769169e-06,0,0.000122199288637326,0,-0.7875,0.7875,1.22471637860611e-05
A1,Seasonal Forcing,ARX,I,/home/kaahin/degree_project/hybrid-epidemic-forecasting/results/partA/forecasts/partA_03_forecast_A1_ARX_I.mat,210,211,6,216,0.901856721062683,0.901803241107925,-5.34799547582399e-05,2.86010556094338e-09,5.34799547582399e-05,4.6755783477504e-05,2.67399773791199e-05,4.4345106234106e-06,0,0.000179226537646238,0,-0.7875,0.7875,1.54565129980022e-05
A1,Seasonal Forcing,ARX,I,/home/kaahin/degree_project/hybrid-epidemic-forecasting/results/partA/forecasts/partA_03_forecast_A1_ARX_I.mat,210,211,7,217,0.899273932766168,0.899201037814384,-7.2894951784086e-05,5.31367399560422e-09,7.2894951784086e-05,6.47398401220091e-05,3.6447475892043e-05,5.21137005388694e-06,0,0.000249670434603111,0,-0.7875,0.7875,1.82079431762239e-05
A1,Seasonal Forcing,ARX,I,/home/kaahin/degree_project/hybrid-epidemic-forecasting/results/partA/forecasts/partA_03_forecast_A1_ARX_I.mat,210,211,8,218,0.896720991777222,0.896624892934733,-9.60988424885123e-05,9.2349875276319e-09,9.60988424885123e-05,8.63660530867197e-05,4.80494212442562e-05,6.29643835429183e-06,0,0.00033430137929169,0,-0.7875,0.7875,2.15111505006971e-05
A1,Seasonal Forcing,ARX,I,/home/kaahin/degree_project/hybrid-epidemic-forecasting/results/partA/forecasts/partA_03_forecast_A1_ARX_I.mat,210,211,9,219,0.894198654587355,0.894076123300484,-0.000122531286870897,1.50139162622381e-08,0.000122531286870897,0.000111388232742738,6.12656434354486e-05,7.39875420284475e-06,0,0.000432582649704027,0,-0.7875,0.7875,2.50123394026358e-05
A1,Seasonal Forcing,ARX,I,/home/kaahin/degree_project/hybrid-epidemic-forecasting/results/partA/forecasts/partA_03_forecast_A1_ARX_I.mat,210,211,10,220,0.891707668619514,0.891555443548519,-0.000152225070995327,2.31724722395322e-08,0.000152225070995327,0.000140182101265381,7.61125354976633e-05,8.37594024805655e-06,0,0.000546330979948495,0,-0.7875,0.7875,2.83025046348973e-05
A1,Seasonal Forcing,ARX,I,/home/kaahin/degree_project/hybrid-epidemic-forecasting/results/partA/forecasts/partA_03_forecast_A1_ARX_I.mat,210,211,11,221,0.889248772006601,0.889062439438495,-0.000186332568106184,3.47198259370459e-08,0.000186332568106184,0.000173041380166999,9.31662840530922e-05,9.38753863277408e-06,0,0.000676132388065631,0,-0.7875,0.7875,3.16491546818176e-05
A1,Seasonal Forcing,ARX,I,/home/kaahin/degree_project/hybrid-epidemic-forecasting/results/partA/forecasts/partA_03_forecast_A1_ARX_I.mat,210,211,12,222,0.88682269337275,0.886597343533574,-0.000225349839175548,5.07825500164454e-08,0.000225349839175548,0.00021032338150988,0.000112674919587774,1.05174187005952e-05,0,0.000823262878506092,0,-0.7875,0.7875,3.50215304931178e-05
A1,Seasonal Forcing,ARX,I,/home/kaahin/degree_project/hybrid-epidemic-forecasting/results/partA/forecasts/partA_03_forecast_A1_ARX_I.mat,210,211,13,223,0.884430151617419,0.884161961311673,-0.00026819030574543,7.19260400958275e-08,0.00026819030574543,0.000251856507773525,0.000134095152872715,1.18774565928847e-05,0,0.000987381675515264,0,-0.7875,0.7875,3.85685665145463e-05
A1,Seasonal Forcing,ARX,I,/home/kaahin/degree_project/hybrid-epidemic-forecasting/results/partA/forecasts/partA_03_forecast_A1_ARX_I.mat,210,211,14,224,0.882071855702365,0.881757007562467,-0.000314848139897905,9.91293511971709e-08,0.000314848139897905,0.000298354573342115,0.000157424069948953,1.30381154853615e-05,0,0.0011721333946052,0,-0.7875,0.7875,4.19246761411696e-05
A1,Seasonal Forcing,ARX,I,/home/kaahin/degree_project/hybrid-epidemic-forecasting/results/partA/forecasts/partA_03_forecast_A1_ARX_I.mat,217,218,1,218,0.896720991777222,0.896717658104243,-3.33367297877807e-06,1.1113375529435e-11,3.33367297877807e-06,2.39618024012672e-06,1.66683648938903e-06,6.42576564505171e-07,0,8.47339802667602e-06,0,-0.7875,0.7875,1.90810849681755e-06
A1,Seasonal Forcing,ARX,I,/home/kaahin/degree_project/hybrid-epidemic-forecasting/results/partA/forecasts/partA_03_forecast_A1_ARX_I.mat,217,218,2,219,0.894198654587355,0.894188460659072,-1.01939282827201e-05,1.03916173833242e-10,1.01939282827201e-05,7.66695399342006e-06,5.09696414136007e-06,1.45073428570175e-06,0,2.79535945433285e-05,0,-0.7875,0.7875,4.91168526445263e-06
A1,Seasonal Forcing,ARX,I,/home/kaahin/degree_project/hybrid-epidemic-forecasting/results/partA/forecasts/partA_03_forecast_A1_ARX_I.mat,217,218,3,220,0.891707668619514,0.891687077239135,-2.05913803792424e-05,4.24004945922647e-10,2.05913803792424e-05,1.64487687890538e-05,1.02956901896212e-05,2.46396416167805e-06,0,6.12598051994429e-05,0,-0.7875,0.7875,8.5170514079469e-06
A1,Seasonal Forcing,ARX,I,/home/kaahin/degree_project/hybrid-epidemic-forecasting/results/partA/forecasts/partA_03_forecast_A1_ARX_I.mat,217,218,4,221,0.889248772006601,0.889213743524784,-3.50284818171342e-05,1.2269945384133e-09,3.50284818171342e-05,2.91168627606623e-05,1.75142409085671e-05,3.63585623942009e-06,0,0.000109875785274993,0,-0.7875,0.7875,1.19722517679111e-05
A1,Seasonal Forcing,ARX,I,/home/kaahin/degree_project/hybrid-epidemic-forecasting/results/partA/forecasts/partA_03_forecast_A1_ARX_I.mat,217,218,5,222,0.88682269337275,0.886769855701233,-5.28376715167589e-05,2.79181953131291e-09,5.28376715167589e-05,4.53021887013362e-05,2.64188357583794e-05,5.04677218078897e-06,0,0.000172394241216844,0,-0.7875,0.7875,1.66134688485142e-05
A1,Seasonal Forcing,ARX,I,/home/kaahin/degree_project/hybrid-epidemic-forecasting/results/partA/forecasts/partA_03_forecast_A1_ARX_I.mat,217,218,6,223,0.884430151617419,0.88435490602033,-7.52455970884913e-05,5.66189988120357e-09,7.52455970884913e-05,6.58443659508931e-05,3.76227985442457e-05,6.58384762608488e-06,0,0.000252093000608689,0,-0.7875,0.7875,2.10693880004775e-05
A1,Seasonal Forcing,ARX,I,/home/kaahin/degree_project/hybrid-epidemic-forecasting/results/partA/forecasts/partA_03_forecast_A1_ARX_I.mat,217,218,7,224,0.882071855702365,0.881969353073183,-0.000102502629181211,1.05067889890609e-08,0.000102502629181211,9.07678942973519e-05,5.12513145906057e-05,8.25068669572382e-06,0,0.000348953523051754,0,-0.7875,0.7875,2.5659680306489e-05
A1,Seasonal Forcing,ARX,I,/home/kaahin/degree_project/hybrid-epidemic-forecasting/results/partA/forecasts/partA_03_forecast_A1_ARX_I.mat,217,218,8,225,0.879748504441564,0.879613868651224,-0.00013463579034001,1.81267960404791e-08,0.00013463579034001,0.000120660719645097,6.73178951700049e-05,9.84598726696817e-06,0,0.000465809355965963,0,-0.7875,0.7875,3.01675044180882e-05
A1,Seasonal Forcing,ARX,I,/home/kaahin/degree_project/hybrid-epidemic-forecasting/results/partA/forecasts/partA_03_forecast_A1_ARX_I.mat,217,218,9,226,0.877460786294137,0.877290168043088,-0.000170618251048693,2.91105875909149e-08,0.000170618251048693,0.000155375150067858,8.53091255243466e-05,1.16127229919577e-05,0,0.000602266326789058,0,-0.7875,0.7875,3.47332755342988e-05
A1,Seasonal Forcing,ARX,I,/home/kaahin/degree_project/hybrid-epidemic-forecasting/results/partA/forecasts/partA_03_forecast_A1_ARX_I.mat,217,218,10,227,0.875209379160344,0.874998235199733,-0.000211143960610949,4.45817721024779e-08,0.000211143960610949,0.000195206680552951,0.000105571980305474,1.30859374458114e-05,0,0.000759772144736992,0,-0.7875,0.7875,3.92076027091459e-05
A1,Seasonal Forcing,ARX,I,/home/kaahin/degree_project/hybrid-epidemic-forecasting/results/partA/forecasts/partA_03_forecast_A1_ARX_I.mat,217,218,11,228,0.872994950180708,0.872737543335159,-0.000257406845548647,6.62582841353049e-08,0.000257406845548647,0.000240080740257384,0.000128703422774323,1.44198359244729e-05,0,0.000937240072459433,0,-0.7875,0.7875,4.36771573675276e-05
A1,Seasonal Forcing,ARX,I,/home/kaahin/degree_project/hybrid-epidemic-forecasting/results/partA/forecasts/partA_03_forecast_A1_ARX_I.mat,217,218,12,229,0.870818155538327,0.870509310774035,-0.000308844764291494,9.53850884302683e-08,0.000308844764291494,0.000289938471862326,0.000154422382145747,1.61816963455824e-05,0,0.00113411904488914,0,-0.7875,0.7875,4.91985829954578e-05
A1,Seasonal Forcing,ARX,I,/home/kaahin/degree_project/hybrid-epidemic-forecasting/results/partA/forecasts/partA_03_forecast_A1_ARX_I.mat,217,218,13,230,0.868679640264432,0.868313015696391,-0.000366624568041596,1.34413573891687e-07,0.000366624568041596,0.000345111874236869,0.000183312284020798,1.77751026536249e-05,0,0.00135191604739149,0,-0.7875,0.7875,5.50134815990033e-05
A1,Seasonal Forcing,ARX,I,/home/kaahin/degree_project/hybrid-epidemic-forecasting/results/partA/forecasts/partA_03_forecast_A1_ARX_I.mat,217,218,14,231,0.866580038047253,0.866150590755205,-0.000429447292047858,1.84424976647238e-07,0.000429447292047858,0.000406266670535603,0.000214723646023929,1.9286185229811e-05,0,0.00159419018615647,0,-0.7875,0.7875,6.0509737417308e-05
A1,Seasonal Forcing,ARX,I,/home/kaahin/degree_project/hybrid-epidemic-forecasting/results/partA/forecasts/partA_03_forecast_A1_ARX_I.mat,224,225,1,225,0.879748504441564,0.879743859873316,-4.64456824766923e-06,2.15720142072573e-11,4.64456824766923e-06,3.44576707762741e-06,2.32228412383462e-06,7.03168717783309e-07,0,1.24804990077054e-05,0,-0.7875,0.7875,2.18684333472274e-06
A1,Seasonal Forcing,ARX,I,/home/kaahin/degree_project/hybrid-epidemic-forecasting/results/partA/forecasts/partA_03_forecast_A1_ARX_I.mat,224,225,2,226,0.877460786294137,0.877447137797328,-1.36484968095152e-05,1.86281465159346e-10,1.36484968095152e-05,1.13951466771622e-05,6.82424840475759e-06,1.63705063465081e-06,0,4.28168610078217e-05,0,-0.7875,0.7875,5.10268263909097e-06
A1,Seasonal Forcing,ARX,I,/home/kaahin/degree_project/hybrid-epidemic-forecasting/results/partA/forecasts/partA_03_forecast_A1_ARX_I.mat,224,225,3,227,0.875209379160344,0.875181844845109,-2.7534315235056e-05,7.58138515463437e-10,2.7534315235056e-05,2.37405730863745e-05,1.3767157617528e-05,2.58609506561813e-06,0,9.04793262055392e-05,0,-0.7875,0.7875,8.39307999545014e-06
A1,Seasonal Forcing,ARX,I,/home/kaahin/degree_project/hybrid-epidemic-forecasting/results/partA/forecasts/partA_03_forecast_A1_ARX_I.mat,224,225,4,228,0.872994950180708,0.872948399427831,-4.65507528774056e-05,2.16697259345329e-09,4.65507528774056e-05,4.11440761566227e-05,2.32753764387028e-05,3.80518282113995e-06,0,0.00015806778344496,0,-0.7875,0.7875,1.23530216464829e-05
A1,Seasonal Forcing,ARX,I,/home/kaahin/degree_project/hybrid-epidemic-forecasting/results/partA/forecasts/partA_03_forecast_A1_ARX_I.mat,224,225,5,229,0.870818155538327,0.870747484347257,-7.06711910697377e-05,4.99441724721538e-09,7.06711910697377e-05,6.2993320189422e-05,3.53355955348689e-05,5.22408944277908e-06,0,0.000242910255874751,0,-0.7875,0.7875,1.74188508750006e-05
A1,Seasonal Forcing,ARX,I,/home/kaahin/degree_project/hybrid-epidemic-forecasting/results/partA/forecasts/partA_03_forecast_A1_ARX_I.mat,224,225,6,230,0.868679640264432,0.868579748427688,-9.98918367446366e-05,9.97837904821714e-09,9.98918367446366e-05,9.01691951904278e-05,4.99459183723183e-05,7.09863848709913e-06,0,0.000348716821497508,0,-0.7875,0.7875,2.30189305512052e-05
A1,Seasonal Forcing,ARX,I,/home/kaahin/degree_project/hybrid-epidemic-forecasting/results/partA/forecasts/partA_03_forecast_A1_ARX_I.mat,224,225,7,231,0.866580038047253,0.866445266707331,-0.000134771339921791,1.81633140643149e-08,0.000134771339921791,0.00012252153847183,6.73856699608955e-05,9.05834876589462e-06,0,0.000474902904396446,0,-0.7875,0.7875,2.94429849561351e-05
A1,Seasonal Forcing,ARX,I,/home/kaahin/degree_project/hybrid-epidemic-forecasting/results/partA/forecasts/partA_03_forecast_A1_ARX_I.mat,224,225,8,232,0.864519971044239,0.864343312971937,-0.000176658072301494,3.120807450928e-08,0.000176658072301494,0.000160248628988894,8.83290361507472e-05,1.15610674084221e-05,0,0.000621228726890855,0,-0.7875,0.7875,3.73639937215064e-05
A1,Seasonal Forcing,ARX,I,/home/kaahin/degree_project/hybrid-epidemic-forecasting/results/partA/forecasts/partA_03_forecast_A1_ARX_I.mat,224,225,9,233,0.862500049697702,0.862276541194755,-0.000223508502947833,4.99560508899817e-08,0.000223508502947833,0.000204577086774002,0.000111754251473917,1.34011519666244e-05,0,0.00079544148704247,0,-0.7875,0.7875,4.42938138904836e-05
A1,Seasonal Forcing,ARX,I,/home/kaahin/degree_project/hybrid-epidemic-forecasting/results/partA/forecasts/partA_03_forecast_A1_ARX_I.mat,224,225,10,234,0.860520872553933,0.860243359267781,-0.000277513286152109,7.70136239909423e-08,0.000277513286152109,0.00025568174646792,0.000138756643076055,1.55443477792006e-05,0,0.000996266868250384,0,-0.7875,0.7875,5.15947916471526e-05
A1,Seasonal Forcing,ARX,I,/home/kaahin/degree_project/hybrid-epidemic-forecasting/results/partA/forecasts/partA_03_forecast_A1_ARX_I.mat,224,225,11,235,0.858583026085831,0.858244795340288,-0.000338230745543733,1.14400037231069e-07,0.000338230745543733,0.000313664095376544,0.000169115372771866,1.76542600774682e-05,0,0.00122471879634511,0,-0.7875,0.7875,5.7914531709613e-05
A1,Seasonal Forcing,ARX,I,/home/kaahin/degree_project/hybrid-epidemic-forecasting/results/partA/forecasts/partA_03_forecast_A1_ARX_I.mat,224,225,12,236,0.856687084519129,0.856281050137556,-0.00040603438157305,1.6486391901941e-07,0.00040603438157305,0.000378446404916029,0.000203017190786525,1.96344017283412e-05,0,0.00148035722960727,0,-0.7875,0.7875,6.38606964150079e-05
A1,Seasonal Forcing,ARX,I,/home/kaahin/degree_project/hybrid-epidemic-forecasting/results/partA/forecasts/partA_03_forecast_A1_ARX_I.mat,224,225,13,237,0.85483360966223,0.854353225634808,-0.000480384027421676,2.3076881380187e-07,0.000480384027421676,0.000449887804018109,0.000240192013710838,2.17171858384768e-05,0,0.00176258591853218,0,-0.7875,0.7875,6.97264317495727e-05
A1,Seasonal Forcing,ARX,I,/home/kaahin/degree_project/hybrid-epidemic-forecasting/results/partA/forecasts/partA_03_forecast_A1_ARX_I.mat,224,225,14,238,0.853023150739735,0.85246295565235,-0.000560195087385251,3.13818535930569e-07,0.000560195087385251,0.000527904899394621,0.000280097543692626,2.411140676018e-05,0,0.00207136309682299,0,-0.7875,0.7875,7.6336876909916e-05
A1,Seasonal Forcing,ARX,I,/home/kaahin/degree_project/hybrid-epidemic-forecasting/results/partA/forecasts/partA_03_forecast_A1_ARX_I.mat,231,232,1,232,0.864519971044239,0.864514008740718,-5.96230352067906e-06,3.55490632727019e-11,5.96230352067906e-06,4.84181723341045e-06,2.98115176033953e-06,8.56560012546526e-07,0,1.7950465777461e-05,0,-0.7875,0.7875,2.45029226256244e-06
A1,Seasonal Forcing,ARX,I,/home/kaahin/degree_project/hybrid-epidemic-forecasting/results/partA/forecasts/partA_03_forecast_A1_ARX_I.mat,231,232,2,233,0.862500049697702,0.862482606360917,-1.74433367851057e-05,3.04269998198621e-10,1.74433367851057e-05,1.52189720576167e-05,8.72166839255284e-06,1.75613493639259e-06,0,5.80075709303296e-05,0,-0.7875,0.7875,5.3771375543854e-06
A1,Seasonal Forcing,ARX,I,/home/kaahin/degree_project/hybrid-epidemic-forecasting/results/partA/forecasts/partA_03_forecast_A1_ARX_I.mat,231,232,3,234,0.860520872553933,0.860486166914726,-3.47056392070444e-05,1.20448139276954e-09,3.47056392070444e-05,3.11452108346772e-05,1.73528196035222e-05,2.83316838893266e-06,0,0.000119967460763593,0,-0.7875,0.7875,9.32578900153525e-06
A1,Seasonal Forcing,ARX,I,/home/kaahin/degree_project/hybrid-epidemic-forecasting/results/partA/forecasts/partA_03_forecast_A1_ARX_I.mat,231,232,4,235,0.858583026085831,0.858525230844449,-5.77952413821636e-05,3.34028992642256e-09,5.77952413821636e-05,5.26537589027795e-05,2.88976206910818e-05,4.60309734000852e-06,0,0.000203441197031418,0,-0.7875,0.7875,1.49132378814143e-05
A1,Seasonal Forcing,ARX,I,/home/kaahin/degree_project/hybrid-epidemic-forecasting/results/partA/forecasts/partA_03_forecast_A1_ARX_I.mat,231,232,5,236,0.856687084519129,0.856599319118037,-8.77654010918993e-05,7.70276562882197e-09,8.77654010918993e-05,8.04290893208967e-05,4.38827005459497e-05,6.16959420202678e-06,0,0.000311878607196059,0,-0.7875,0.7875,2.05337724077104e-05
A1,Seasonal Forcing,ARX,I,/home/kaahin/degree_project/hybrid-epidemic-forecasting/results/partA/forecasts/partA_03_forecast_A1_ARX_I.mat,231,232,6,237,0.85483360966223,0.854708640205037,-0.00012496945719298,1.56173652311082e-08,0.00012496945719298,0.000114542347170974,6.24847285964902e-05,7.85514701496515e-06,0,0.000445100686657929,0,-0.7875,0.7875,2.60105970217861e-05
A1,Seasonal Forcing,ARX,I,/home/kaahin/degree_project/hybrid-epidemic-forecasting/results/partA/forecasts/partA_03_forecast_A1_ARX_I.mat,231,232,7,238,0.853023150739735,0.852853511867669,-0.000169638872066669,2.87773469160516e-08,0.000169638872066669,0.000155774805585921,8.48194360333343e-05,9.55162468510018e-06,0,0.000606615564418211,0,-0.7875,0.7875,3.16366066978047e-05
A1,Seasonal Forcing,ARX,I,/home/kaahin/degree_project/hybrid-epidemic-forecasting/results/partA/forecasts/partA_03_forecast_A1_ARX_I.mat,231,232,8,239,0.851256244229696,0.851035410399569,-0.000220833830127165,4.87675805286336e-08,0.000220833830127165,0.000204121999444642,0.000110416915063583,1.15610117111337e-05,0,0.000796571070726171,0,-0.7875,0.7875,3.77003290030209e-05
A1,Seasonal Forcing,ARX,I,/home/kaahin/degree_project/hybrid-epidemic-forecasting/results/partA/forecasts/partA_03_forecast_A1_ARX_I.mat,231,232,9,240,0.849533413704645,0.849252984146085,-0.000280429558560447,7.8640737314407e-08,0.000280429558560447,0.000260091094710734,0.000140214779280223,1.34639937054204e-05,0,0.00101673115321266,0,-0.7875,0.7875,4.42986326572026e-05
A1,Seasonal Forcing,ARX,I,/home/kaahin/degree_project/hybrid-epidemic-forecasting/results/partA/forecasts/partA_03_forecast_A1_ARX_I.mat,231,232,10,241,0.847855169676449,0.847509349912275,-0.00034581976417325,1.19591309292842e-07,0.00034581976417325,0.00032384585457506,0.000172909882086625,1.52840866942117e-05,0,0.00126911237680694,0,-0.7875,0.7875,5.03811925410547e-05
A1,Seasonal Forcing,ARX,I,/home/kaahin/degree_project/hybrid-epidemic-forecasting/results/partA/forecasts/partA_03_forecast_A1_ARX_I.mat,231,232,11,242,0.846222009445031,0.845802544364567,-0.000419465080463866,1.75950953728557e-07,0.000419465080463866,0.000394815280262143,0.000209732540231933,1.72844375267878e-05,0,0.00154965178342092,0,-0.7875,0.7875,5.73983288766899e-05
A1,Seasonal Forcing,ARX,I,/home/kaahin/degree_project/hybrid-epidemic-forecasting/results/partA/forecasts/partA_03_forecast_A1_ARX_I.mat,231,232,12,243,0.844634416951016,0.844134968031426,-0.000499448919590417,2.49449223280035e-07,0.000499448919590417,0.000473071598175377,0.000249724459795209,1.90693001993175e-05,0,0.00186002843179467,0,-0.7875,0.7875,6.44896078312307e-05
A1,Seasonal Forcing,ARX,I,/home/kaahin/degree_project/hybrid-epidemic-forecasting/results/partA/forecasts/partA_03_forecast_A1_ARX_I.mat,231,232,13,244,0.843092862632322,0.842503846373647,-0.000589016258675579,3.46940152984176e-07,0.000589016258675579,0.00055891028191854,0.000294508129337789,2.17973159769985e-05,0,0.00219879082331864,0,-0.7875,0.7875,7.30440751059991e-05
A1,Seasonal Forcing,ARX,I,/home/kaahin/degree_project/hybrid-epidemic-forecasting/results/partA/forecasts/partA_03_forecast_A1_ARX_I.mat,231,232,14,245,0.841597803284764,0.840911442146276,-0.00068636113848719,4.71091612425432e-07,0.00068636113848719,0.000653940457224633,0.000343180569243595,2.38288875290149e-05,0,0.00257572260073824,0,-0.7875,0.7875,8.02815310236016e-05
A1,Seasonal Forcing,ARX,I,/home/kaahin/degree_project/hybrid-epidemic-forecasting/results/partA/forecasts/partA_03_forecast_A1_ARX_I.mat,238,239,1,239,0.851256244229696,0.851249010846041,-7.23338365571369e-06,5.23218391107459e-11,7.23338365571369e-06,5.20779745862966e-06,3.61669182785684e-06,1.08859683428109e-06,0,1.87297999016955e-05,0,-0.7875,0.7875,3.77347998259392e-06
A1,Seasonal Forcing,ARX,I,/home/kaahin/degree_project/hybrid-epidemic-forecasting/results/partA/forecasts/partA_03_forecast_A1_ARX_I.mat,238,239,2,240,0.849533413704645,0.849511680863089,-2.17328415560436e-05,4.72316402100096e-10,2.17328415560436e-05,1.67016546085185e-05,1.08664207780218e-05,2.77309177499352e-06,0,6.15179331853177e-05,0,-0.7875,0.7875,9.45216896963696e-06
A1,Seasonal Forcing,ARX,I,/home/kaahin/degree_project/hybrid-epidemic-forecasting/results/partA/forecasts/partA_03_forecast_A1_ARX_I.mat,238,239,3,241,0.847855169676449,0.847811800956443,-4.33687200053212e-05,1.88084587489995e-09,4.33687200053212e-05,3.54117511176668e-05,2.16843600026606e-05,4.61409566055449e-06,0,0.000133054424366286,0,-0.7875,0.7875,1.54378081479167e-05
A1,Seasonal Forcing,ARX,I,/home/kaahin/degree_project/hybrid-epidemic-forecasting/results/partA/forecasts/partA_03_forecast_A1_ARX_I.mat,238,239,4,242,0.846222009445031,0.846149623619669,-7.23858253623977e-05,5.23970771339554e-09,7.23858253623977e-05,6.15569581332354e-05,3.61929126811988e-05,6.72447802075871e-06,0,0.000234088920897602,0,-0.7875,0.7875,2.13839700959062e-05
A1,Seasonal Forcing,ARX,I,/home/kaahin/degree_project/hybrid-epidemic-forecasting/results/partA/forecasts/partA_03_forecast_A1_ARX_I.mat,238,239,5,243,0.844634416951016,0.844525050348888,-0.000109366602128125,1.19610536610515e-08,0.000109366602128125,9.37001124460299e-05,5.46833010640624e-05,9.01065368814902e-06,0,0.000357956551254923,0,-0.7875,0.7875,3.03742025186682e-05
A1,Seasonal Forcing,ARX,I,/home/kaahin/degree_project/hybrid-epidemic-forecasting/results/partA/forecasts/partA_03_forecast_A1_ARX_I.mat,238,239,6,244,0.843092862632322,0.8429391314801,-0.000153731152221837,2.36332671634535e-08,0.000153731152221837,0.000133860903666256,7.68655761109183e-05,1.16959379842185e-05,0,0.000513812552403015,0,-0.7875,0.7875,3.98074128583337e-05
A1,Seasonal Forcing,ARX,I,/home/kaahin/degree_project/hybrid-epidemic-forecasting/results/partA/forecasts/partA_03_forecast_A1_ARX_I.mat,238,239,7,245,0.841597803284764,0.84139165809133,-0.00020614519343376,4.24958407758423e-08,0.00020614519343376,0.00018222419227016,0.00010307259671688,1.440210253007e-05,0,0.000702534165968771,0,-0.7875,0.7875,4.97774580737742e-05
A1,Seasonal Forcing,ARX,I,/home/kaahin/degree_project/hybrid-epidemic-forecasting/results/partA/forecasts/partA_03_forecast_A1_ARX_I.mat,238,239,8,246,0.840149681926691,0.839882623659863,-0.00026705826682849,7.13201178814372e-08,0.00026705826682849,0.000238858476578487,0.000133529133414245,1.76754750226743e-05,0,0.000923658536166272,0,-0.7875,0.7875,6.04847600126079e-05
A1,Seasonal Forcing,ARX,I,/home/kaahin/degree_project/hybrid-epidemic-forecasting/results/partA/forecasts/partA_03_forecast_A1_ARX_I.mat,238,239,9,247,0.838748927667716,0.838411437048135,-0.000337490619581882,1.13899918305762e-07,0.000337490619581882,0.00030476924317457,0.000168745309790941,2.09389232823487e-05,0,0.00118177736121228,0,-0.7875,0.7875,7.12124371846645e-05
A1,Seasonal Forcing,ARX,I,/home/kaahin/degree_project/hybrid-epidemic-forecasting/results/partA/forecasts/partA_03_forecast_A1_ARX_I.mat,238,239,10,248,0.837395955581557,0.836979939282057,-0.000416016299500166,1.73069561449812e-07,0.000416016299500166,0.000379229534808431,0.000208008149750083,2.4736580409937e-05,0,0.00147378817647792,0,-0.7875,0.7875,8.28162262100363e-05
A1,Seasonal Forcing,ARX,I,/home/kaahin/degree_project/hybrid-epidemic-forecasting/results/partA/forecasts/partA_03_forecast_A1_ARX_I.mat,238,239,11,249,0.836091166583041,0.835587544139484,-0.000503622443557283,2.53635565654609e-07,0.000503622443557283,0.00046296067434104,0.000251811221778642,2.89069800011893e-05,0,0.00180260483275485,0,-0.7875,0.7875,9.49367664063727e-05
A1,Seasonal Forcing,ARX,I,/home/kaahin/degree_project/hybrid-epidemic-forecasting/results/partA/forecasts/partA_03_forecast_A1_ARX_I.mat,238,239,12,250,0.834834947309309,0.834233794881132,-0.000601152428177376,3.61384241903555e-07,0.000601152428177376,0.00055614100824768,0.000300576214088688,3.30891800984612e-05,0,0.00216896914292741,0,-0.7875,0.7875,0.000107070194534764
A1,Seasonal Forcing,ARX,I,/home/kaahin/degree_project/hybrid-epidemic-forecasting/results/partA/forecasts/partA_03_forecast_A1_ARX_I.mat,238,239,13,251,0.833627670005243,0.832921531873942,-0.00070613813130127,4.9863106047765e-07,0.00070613813130127,0.000659060432224186,0.000353069065650635,3.66625678434956e-05,0,0.0025760403115147,0,-0.7875,0.7875,0.000117844321979588
A1,Seasonal Forcing,ARX,I,/home/kaahin/degree_project/hybrid-epidemic-forecasting/results/partA/forecasts/partA_03_forecast_A1_ARX_I.mat,238,239,14,252,0.832469692413164,0.831644788265521,-0.000824904147642691,6.80466852798115e-07,0.000824904147642691,0.000771391103790682,0.000412452073821346,4.06666621503765e-05,0,0.00301814123108635,0,-0.7875,0.7875,0.000129761168634002
A1,Seasonal Forcing,ARX,I,/home/kaahin/degree_project/hybrid-epidemic-forecasting/results/partA/forecasts/partA_03_forecast_A1_ARX_I.mat,245,246,1,246,0.840149681926691,0.840140912927774,-8.76899891710803e-06,7.68953420082418e-11,8.76899891710803e-06,5.58589693607657e-06,4.38449945855401e-06,1.4353075108553e-06,0,1.93167292429353e-05,0,-0.7875,0.7875,5.16002863779064e-06
A1,Seasonal Forcing,ARX,I,/home/kaahin/degree_project/hybrid-epidemic-forecasting/results/partA/forecasts/partA_03_forecast_A1_ARX_I.mat,245,246,2,247,0.838748927667716,0.838723878653226,-2.50490144906301e-05,6.27453126951798e-10,2.50490144906301e-05,1.8673347861817e-05,1.25245072453151e-05,3.37374186022976e-06,0,6.81318162726319e-05,0,-0.7875,0.7875,1.17301362599354e-05
A1,Seasonal Forcing,ARX,I,/home/kaahin/degree_project/hybrid-epidemic-forecasting/results/partA/forecasts/partA_03_forecast_A1_ARX_I.mat,245,246,3,248,0.837395955581557,0.837345408094038,-5.05474875187595e-05,2.55504849445915e-09,5.05474875187595e-05,4.05720906010876e-05,2.52737437593797e-05,5.43705910774905e-06,0,0.000151863604837765,0,-0.7875,0.7875,1.92525669377164e-05
A1,Seasonal Forcing,ARX,I,/home/kaahin/degree_project/hybrid-epidemic-forecasting/results/partA/forecasts/partA_03_forecast_A1_ARX_I.mat,245,246,4,249,0.836091166583041,0.836007010361543,-8.41562214982661e-05,7.08226961686522e-09,8.41562214982661e-05,7.08771143972534e-05,4.2078110749133e-05,8.24282289975109e-06,0,0.000268626081138756,0,-0.7875,0.7875,2.79213141149148e-05
A1,Seasonal Forcing,ARX,I,/home/kaahin/degree_project/hybrid-epidemic-forecasting/results/partA/forecasts/partA_03_forecast_A1_ARX_I.mat,245,246,5,250,0.834834947309309,0.834709306022542,-0.000125641286767619,1.57857329406232e-08,0.000125641286767619,0.000110175365862194,6.28206433838097e-05,1.16557070051704e-05,0,0.000421312795990891,0,-0.7875,0.7875,3.71503190968459e-05
A1,Seasonal Forcing,ARX,I,/home/kaahin/degree_project/hybrid-epidemic-forecasting/results/partA/forecasts/partA_03_forecast_A1_ARX_I.mat,245,246,6,251,0.833627670005243,0.833451022542895,-0.000176647462348467,3.12043259541531e-08,0.000176647462348467,0.000157352600163099,8.83237311742335e-05,1.50564878030113e-05,0,0.0006047064817567,0,-0.7875,0.7875,4.70794508548311e-05
A1,Seasonal Forcing,ARX,I,/home/kaahin/degree_project/hybrid-epidemic-forecasting/results/partA/forecasts/partA_03_forecast_A1_ARX_I.mat,245,246,7,252,0.832469692413164,0.832232994627167,-0.000236697785996665,5.60258418957228e-08,0.000236697785996665,0.00021261262270269,0.000118348892998332,1.81651956362328e-05,0,0.000820242713527541,0,-0.7875,0.7875,5.64620404074345e-05
A1,Seasonal Forcing,ARX,I,/home/kaahin/degree_project/hybrid-epidemic-forecasting/results/partA/forecasts/partA_03_forecast_A1_ARX_I.mat,245,246,8,253,0.831361357666822,0.8310550430408,-0.000306314626022375,9.38286501152273e-08,0.000306314626022375,0.000276307732733699,0.000153157313011187,2.16540032540624e-05,0,0.00106857348103639,0,-0.7875,0.7875,6.65161802485548e-05
A1,Seasonal Forcing,ARX,I,/home/kaahin/degree_project/hybrid-epidemic-forecasting/results/partA/forecasts/partA_03_forecast_A1_ARX_I.mat,245,246,9,254,0.830302994189724,0.829918492527668,-0.000384501662056724,1.47841528124383e-07,0.000384501662056724,0.000348726993442152,0.000192250831028362,2.47207341674799e-05,0,0.00135229990529384,0,-0.7875,0.7875,7.70727960576478e-05
A1,Seasonal Forcing,ARX,I,/home/kaahin/degree_project/hybrid-epidemic-forecasting/results/partA/forecasts/partA_03_forecast_A1_ARX_I.mat,245,246,10,255,0.829294915597809,0.828823029319303,-0.00047188627850614,2.22676659842374e-07,0.00047188627850614,0.000430874489051457,0.00023594313925307,2.81558153325367e-05,0,0.00167483624614595,0,-0.7875,0.7875,8.72074920848787e-05
A1,Seasonal Forcing,ARX,I,/home/kaahin/degree_project/hybrid-epidemic-forecasting/results/partA/forecasts/partA_03_forecast_A1_ARX_I.mat,245,246,11,256,0.82833742060652,0.827768756753088,-0.00056866385343135,3.23378578199392e-07,0.00056866385343135,0.000521656059030089,0.000284331926715675,3.10019892134333e-05,0,0.00203211834970629,0,-0.7875,0.7875,9.80057134555568e-05
A1,Seasonal Forcing,ARX,I,/home/kaahin/degree_project/hybrid-epidemic-forecasting/results/partA/forecasts/partA_03_forecast_A1_ARX_I.mat,245,246,12,257,0.827430792942287,0.82675336903642,-0.000677423905866226,4.58903148239053e-07,0.000677423905866226,0.000621266111350455,0.000338711952933113,3.57000999612805e-05,0,0.00242128544818265,0,-0.7875,0.7875,0.000111318137549388
A1,Seasonal Forcing,ARX,I,/home/kaahin/degree_project/hybrid-epidemic-forecasting/results/partA/forecasts/partA_03_forecast_A1_ARX_I.mat,245,246,13,258,0.826575301258453,0.825779683202911,-0.000795618055542291,6.33008090304896e-07,0.000795618055542291,0.000731112797768901,0.000397809027771145,4.07686191560175e-05,0,0.00285142994303289,0,-0.7875,0.7875,0.000125549255272167
A1,Seasonal Forcing,ARX,I,/home/kaahin/degree_project/hybrid-epidemic-forecasting/results/partA/forecasts/partA_03_forecast_A1_ARX_I.mat,245,246,14,259,0.825771199055668,0.824848552297003,-0.000922646758665047,8.51277041275117e-07,0.000922646758665047,0.00085227317347572,0.000461323379332523,4.49976162270716e-05,0,0.00332890828508114,0,-0.7875,0.7875,0.000137894290256485
A1,Seasonal Forcing,ARX,I,/home/kaahin/degree_project/hybrid-epidemic-forecasting/results/partA/forecasts/partA_03_forecast_A1_ARX_I.mat,252,253,1,253,0.831361357666822,0.83135251211939,-8.8455474325233e-06,7.82437093810196e-11,8.8455474325233e-06,6.24858421438557e-06,4.42277371626165e-06,1.75524831996787e-06,0,2.19406069285055e-05,0,-0.7875,0.7875,5.6193804289506e-06
A1,Seasonal Forcing,ARX,I,/home/kaahin/degree_project/hybrid-epidemic-forecasting/results/partA/forecasts/partA_03_forecast_A1_ARX_I.mat,252,253,2,254,0.830302994189724,0.830276703046514,-2.62911432099555e-05,6.9122421128639e-10,2.62911432099555e-05,2.1422551802907e-05,1.31455716049778e-05,4.09434885046689e-06,0,7.9161562657637e-05,0,-0.7875,0.7875,1.22593740662646e-05
A1,Seasonal Forcing,ARX,I,/home/kaahin/degree_project/hybrid-epidemic-forecasting/results/partA/forecasts/partA_03_forecast_A1_ARX_I.mat,252,253,3,255,0.829294915597809,0.829242840918451,-5.20746793580829e-05,2.71177223024714e-09,5.20746793580829e-05,4.55553599912771e-05,2.60373396790414e-05,6.67682344718257e-06,0,0.000172284956834523,0,-0.7875,0.7875,1.92022666262726e-05
A1,Seasonal Forcing,ARX,I,/home/kaahin/degree_project/hybrid-epidemic-forecasting/results/partA/forecasts/partA_03_forecast_A1_ARX_I.mat,252,253,4,256,0.82833742060652,0.828250094070762,-8.73265357576036e-05,7.62592384742403e-09,8.73265357576036e-05,7.60736084891763e-05,4.36632678788018e-05,1.0444643429669e-05,0,0.000288223326892822,0,-0.7875,0.7875,3.17523970911615e-05
A1,Seasonal Forcing,ARX,I,/home/kaahin/degree_project/hybrid-epidemic-forecasting/results/partA/forecasts/partA_03_forecast_A1_ARX_I.mat,252,253,5,257,0.827430792942287,0.827297500531913,-0.000133292410373631,1.77668666632125e-08,0.000133292410373631,0.00011449041368847,6.66462051868155e-05,1.47749555101662e-05,0,0.000433785700901135,0,-0.7875,0.7875,4.56378832348336e-05
A1,Seasonal Forcing,ARX,I,/home/kaahin/degree_project/hybrid-epidemic-forecasting/results/partA/forecasts/partA_03_forecast_A1_ARX_I.mat,252,253,6,258,0.826575301258453,0.826389145974136,-0.000186155284316869,3.46537898790943e-08,0.000186155284316869,0.000162910749204851,9.30776421584345e-05,1.99957436257725e-05,0,0.000620024985637624,0,-0.7875,0.7875,6.13469058495519e-05
A1,Seasonal Forcing,ARX,I,/home/kaahin/degree_project/hybrid-epidemic-forecasting/results/partA/forecasts/partA_03_forecast_A1_ARX_I.mat,252,253,7,259,0.825771199055668,0.825523818895358,-0.000247380160310673,6.11969437153342e-08,0.000247380160310673,0.000219278108483377,0.000123690080155336,2.52938048892676e-05,0,0.00083776760313059,0,-0.7875,0.7875,8.0196025378898e-05
A1,Seasonal Forcing,ARX,I,/home/kaahin/degree_project/hybrid-epidemic-forecasting/results/partA/forecasts/partA_03_forecast_A1_ARX_I.mat,252,253,8,260,0.825018724606769,0.824700591186847,-0.000318133419921596,1.0120887287101e-07,0.000318133419921596,0.000284726577382544,0.000159066709960798,3.14161579705874e-05,0,0.00109078673029006,0,-0.7875,0.7875,0.000101112043844331
A1,Seasonal Forcing,ARX,I,/home/kaahin/degree_project/hybrid-epidemic-forecasting/results/partA/forecasts/partA_03_forecast_A1_ARX_I.mat,252,253,9,261,0.824318100886174,0.823915418288321,-0.000402682597852588,1.62153274613309e-07,0.000402682597852588,0.000359567173721267,0.000201341298926294,3.75230244076652e-05,0,0.00137918795841174,0,-0.7875,0.7875,0.000122935294355614
A1,Seasonal Forcing,ARX,I,/home/kaahin/degree_project/hybrid-epidemic-forecasting/results/partA/forecasts/partA_03_forecast_A1_ARX_I.mat,252,253,10,262,0.823669535503812,0.823174320385881,-0.000495215117930381,2.45238013026801e-07,0.000495215117930381,0.000443019455589768,0.00024760755896519,4.34752279235978e-05,0,0.00170250476326517,0,-0.7875,0.7875,0.000145284967857179
A1,Seasonal Forcing,ARX,I,/home/kaahin/degree_project/hybrid-epidemic-forecasting/results/partA/forecasts/partA_03_forecast_A1_ARX_I.mat,252,253,11,263,0.823073220643603,0.822469635732493,-0.000603584911109789,3.64314744919412e-07,0.000603584911109789,0.000535030927658198,0.000301792455554895,5.02106174542355e-05,0,0.00205563610145276,0,-0.7875,0.7875,0.000170546715537984
A1,Seasonal Forcing,ARX,I,/home/kaahin/degree_project/hybrid-epidemic-forecasting/results/partA/forecasts/partA_03_forecast_A1_ARX_I.mat,252,253,12,264,0.822529333006511,0.821809606759003,-0.000719726247507935,5.18005871351853e-07,0.000719726247507935,0.000638642801209461,0.000359863123753967,5.4680560903908e-05,0,0.0024593489207847,0,-0.7875,0.7875,0.000192408800416544
A1,Seasonal Forcing,ARX,I,/home/kaahin/degree_project/hybrid-epidemic-forecasting/results/partA/forecasts/partA_03_forecast_A1_ARX_I.mat,252,253,13,265,0.822038033758179,0.821196111227305,-0.00084192253087334,7.08833547992171e-07,0.00084192253087334,0.000752549465135436,0.00042096126543667,6.12409027824029e-05,0,0.00290427042489039,0,-0.7875,0.7875,0.000216031976698006
A1,Seasonal Forcing,ARX,I,/home/kaahin/degree_project/hybrid-epidemic-forecasting/results/partA/forecasts/partA_03_forecast_A1_ARX_I.mat,252,253,14,266,0.821599468481178,0.820619098341308,-0.00098037013987029,9.61125611149292e-07,0.00098037013987029,0.00087687704258093,0.000490185069935145,6.79357468001907e-05,0,0.00338782587487885,0,-0.7875,0.7875,0.000240782029294256
A1,Seasonal Forcing,ARX,I,/home/kaahin/degree_project/hybrid-epidemic-forecasting/results/partA/forecasts/partA_03_forecast_A1_ARX_I.mat,259,260,1,260,0.825018724606769,0.825009201658645,-9.52294812395227e-06,9.0686540971486e-11,9.52294812395227e-06,6.43511324349329e-06,4.76147406197613e-06,2.06009469526092e-06,0,2.21364408384828e-05,0,-0.7875,0.7875,6.482743952263e-06
A1,Seasonal Forcing,ARX,I,/home/kaahin/degree_project/hybrid-epidemic-forecasting/results/partA/forecasts/partA_03_forecast_A1_ARX_I.mat,259,260,2,261,0.824318100886174,0.824290592107774,-2.7508778399854e-05,7.56732889052274e-10,2.7508778399854e-05,2.13571088092304e-05,1.3754389199927e-05,4.41829262983195e-06,0,7.79343078117778e-05,0,-0.7875,0.7875,1.4901644308396e-05
A1,Seasonal Forcing,ARX,I,/home/kaahin/degree_project/hybrid-epidemic-forecasting/results/partA/forecasts/partA_03_forecast_A1_ARX_I.mat,259,260,3,262,0.823669535503812,0.82361411177666,-5.54237271518376e-05,3.07178953140134e-09,5.54237271518376e-05,4.5614867972022e-05,2.77118635759188e-05,7.69809983177383e-06,0,0.000169856942466406,0,-0.7875,0.7875,2.52959396526975e-05
A1,Seasonal Forcing,ARX,I,/home/kaahin/degree_project/hybrid-epidemic-forecasting/results/partA/forecasts/partA_03_forecast_A1_ARX_I.mat,259,260,4,263,0.823073220643603,0.822980723586271,-9.24970573327188e-05,8.55570561521228e-09,9.24970573327188e-05,7.80983679689897e-05,4.62485286663594e-05,1.16271558792097e-05,0,0.000293566971314885,0,-0.7875,0.7875,3.83243866897975e-05
A1,Seasonal Forcing,ARX,I,/home/kaahin/degree_project/hybrid-epidemic-forecasting/results/partA/forecasts/partA_03_forecast_A1_ARX_I.mat,259,260,5,264,0.822529333006511,0.822389634306759,-0.000139698699751389,1.95157267122288e-08,0.000139698699751389,0.000120189894011424,6.98493498756947e-05,1.56865110945648e-05,0,0.00045531866208115,0,-0.7875,0.7875,5.15690796329127e-05
A1,Seasonal Forcing,ARX,I,/home/kaahin/degree_project/hybrid-epidemic-forecasting/results/partA/forecasts/partA_03_forecast_A1_ARX_I.mat,259,260,6,265,0.822038033758179,0.821841910674377,-0.00019612308380168,3.84642639998809e-08,0.00019612308380168,0.000170390305053442,9.80615419008402e-05,2.13921260945382e-05,0,0.000647302704745112,0,-0.7875,0.7875,6.88306217825341e-05
A1,Seasonal Forcing,ARX,I,/home/kaahin/degree_project/hybrid-epidemic-forecasting/results/partA/forecasts/partA_03_forecast_A1_ARX_I.mat,259,260,7,266,0.821599468481178,0.821336848030789,-0.000262620450389162,6.89695009626061e-08,0.000262620450389162,0.000230519990471631,0.000131310225194581,2.68694051067525e-05,0,0.000879160326821005,0,-0.7875,0.7875,8.511400024247e-05
A1,Seasonal Forcing,ARX,I,/home/kaahin/degree_project/hybrid-epidemic-forecasting/results/partA/forecasts/partA_03_forecast_A1_ARX_I.mat,259,260,8,267,0.821213767131865,0.82087450839381,-0.000339258738055292,1.1509649134687e-07,0.000339258738055292,0.000298756324921698,0.000169629369027646,3.26662943912981e-05,0,0.0011421077987287,0,-0.7875,0.7875,0.000104756871710271
A1,Seasonal Forcing,ARX,I,/home/kaahin/degree_project/hybrid-epidemic-forecasting/results/partA/forecasts/partA_03_forecast_A1_ARX_I.mat,259,260,9,268,0.820881044001874,0.820455571869716,-0.000425472132158489,1.8102653524349e-07,0.000425472132158489,0.000376621067868641,0.000212736066079244,3.84580041420751e-05,0,0.00144360073518757,0,-0.7875,0.7875,0.000125273503873813
A1,Seasonal Forcing,ARX,I,/home/kaahin/degree_project/hybrid-epidemic-forecasting/results/partA/forecasts/partA_03_forecast_A1_ARX_I.mat,259,260,10,269,0.820601397684249,0.820079223192449,-0.00052217449180092,2.72666199887549e-07,0.00052217449180092,0.000466119451693055,0.00026108724590046,4.48074870511378e-05,0,0.00179164279966715,0,-0.7875,0.7875,0.000146121900944762
A1,Seasonal Forcing,ARX,I,/home/kaahin/degree_project/hybrid-epidemic-forecasting/results/partA/forecasts/partA_03_forecast_A1_ARX_I.mat,259,260,11,270,0.820374911044229,0.819749828920519,-0.000625082123710596,3.90727661382549e-07,0.000625082123710596,0.000566607391858371,0.000312541061855298,4.9948314100276e-05,0,0.0021872438874071,0,-0.7875,0.7875,0.000164781771199246
A1,Seasonal Forcing,ARX,I,/home/kaahin/degree_project/hybrid-epidemic-forecasting/results/partA/forecasts/partA_03_forecast_A1_ARX_I.mat,259,260,12,271,0.820201651194694,0.819459693430167,-0.000741957764527235,5.50501324342251e-07,0.000741957764527235,0.000676852061160787,0.000370978882263617,5.56668351437473e-05,0,0.00261918855781618,0,-0.7875,0.7875,0.000185291737967691
A1,Seasonal Forcing,ARX,I,/home/kaahin/degree_project/hybrid-epidemic-forecasting/results/partA/forecasts/partA_03_forecast_A1_ARX_I.mat,259,260,13,272,0.820081669476276,0.819217845506507,-0.000863823969768251,7.46191850746181e-07,0.000863823969768251,0.000795087777586939,0.000431911984884126,6.35999724836578e-05,0,0.00308238304177344,0,-0.7875,0.7875,0.000207278205257344
A1,Seasonal Forcing,ARX,I,/home/kaahin/degree_project/hybrid-epidemic-forecasting/results/partA/forecasts/partA_03_forecast_A1_ARX_I.mat,259,260,14,273,0.820015001442147,0.819017658414527,-0.00099734302761989,9.94693114742009e-07,0.00099734302761989,0.000922686710663137,0.000498671513809945,7.11537546011415e-05,0,0.00358226492957303,0,-0.7875,0.7875,0.000231125643121499
A1,Seasonal Forcing,ARX,I,/home/kaahin/degree_project/hybrid-epidemic-forecasting/results/partA/forecasts/partA_03_forecast_A1_ARX_I.mat,266,267,1,267,0.821213767131865,0.821205229652547,-8.53747931861548e-06,7.28885531157871e-11,8.53747931861548e-06,4.7978977259037e-06,4.26873965930774e-06,3.04623261225545e-06,0,1.42755674950035e-05,0,-0.7875,0.7875,8.96839972311381e-06
A1,Seasonal Forcing,ARX,I,/home/kaahin/degree_project/hybrid-epidemic-forecasting/results/partA/forecasts/partA_03_forecast_A1_ARX_I.mat,266,267,2,268,0.820881044001874,0.820854968394549,-2.60756073251489e-05,6.79937297375359e-10,2.60756073251489e-05,1.88027452885659e-05,1.30378036625745e-05,6.28258257508452e-06,0,6.52919675608876e-05,0,-0.7875,0.7875,1.92062834206697e-05
A1,Seasonal Forcing,ARX,I,/home/kaahin/degree_project/hybrid-epidemic-forecasting/results/partA/forecasts/partA_03_forecast_A1_ARX_I.mat,266,267,3,269,0.820601397684249,0.820549307681489,-5.20900027599636e-05,2.71336838753301e-09,5.20900027599636e-05,4.06837852655199e-05,2.60450013799818e-05,1.00608942710079e-05,0,0.00014697113804385,0,-0.7875,0.7875,3.18009251394358e-05
A1,Seasonal Forcing,ARX,I,/home/kaahin/degree_project/hybrid-epidemic-forecasting/results/partA/forecasts/partA_03_forecast_A1_ARX_I.mat,266,267,4,270,0.820374911044229,0.820285251000867,-8.96600433627492e-05,8.03892337581007e-09,8.96600433627492e-05,7.13894107774584e-05,4.48300216813746e-05,1.47200123591984e-05,0,0.00026170231445799,0,-0.7875,0.7875,4.53202071746817e-05
A1,Seasonal Forcing,ARX,I,/home/kaahin/degree_project/hybrid-epidemic-forecasting/results/partA/forecasts/partA_03_forecast_A1_ARX_I.mat,266,267,5,271,0.820201651194694,0.820067303753226,-0.000134347441468341,1.80492350290893e-08,0.000134347441468341,0.000111403950123489,6.71737207341705e-05,1.85698879416579e-05,0,0.000415574166879873,0,-0.7875,0.7875,5.79749828905629e-05
A1,Seasonal Forcing,ARX,I,/home/kaahin/degree_project/hybrid-epidemic-forecasting/results/partA/forecasts/partA_03_forecast_A1_ARX_I.mat,266,267,6,272,0.820081669476276,0.819891415189843,-0.000190254286433156,3.61966935061893e-08,0.000190254286433156,0.00016110628155438,9.51271432165779e-05,2.37938770154711e-05,0,0.000606057246762659,0,-0.7875,0.7875,7.16993675672351e-05
A1,Seasonal Forcing,ARX,I,/home/kaahin/degree_project/hybrid-epidemic-forecasting/results/partA/forecasts/partA_03_forecast_A1_ARX_I.mat,266,267,7,273,0.820015001442147,0.819762209096874,-0.000252792345273645,6.39039698289496e-08,0.000252792345273645,0.000218836885798836,0.000126396172636822,2.83731956811084e-05,0,0.000829996617776829,0,-0.7875,0.7875,8.72975499537909e-05
A1,Seasonal Forcing,ARX,I,/home/kaahin/degree_project/hybrid-epidemic-forecasting/results/partA/forecasts/partA_03_forecast_A1_ARX_I.mat,266,267,8,274,0.820001666847486,0.819675274763831,-0.00032639208365437,1.06531792272241e-07,0.00032639208365437,0.000285985060634768,0.000163196041827185,3.36409603810484e-05,0,0.00109009577064823,0,-0.7875,0.7875,0.00010479062695179
A1,Seasonal Forcing,ARX,I,/home/kaahin/degree_project/hybrid-epidemic-forecasting/results/partA/forecasts/partA_03_forecast_A1_ARX_I.mat,266,267,9,275,0.82004166964362,0.819630643262885,-0.000411026380735091,1.68942685660188e-07,0.000411026380735091,0.000362013097712326,0.000205513190367546,3.89757583080519e-05,0,0.00138456999102987,0,-0.7875,0.7875,0.000122280446390094
A1,Seasonal Forcing,ARX,I,/home/kaahin/degree_project/hybrid-epidemic-forecasting/results/partA/forecasts/partA_03_forecast_A1_ARX_I.mat,266,267,10,276,0.820134997976857,0.819630806255633,-0.000504191721223846,2.54209291750664e-07,0.000504191721223846,0.000448440527077956,0.000252095860611923,4.47125495826067e-05,0,0.00172117396165627,0,-0.7875,0.7875,0.000140786325813408
A1,Seasonal Forcing,ARX,I,/home/kaahin/degree_project/hybrid-epidemic-forecasting/results/partA/forecasts/partA_03_forecast_A1_ARX_I.mat,266,267,11,277,0.820281624191998,0.819677573752121,-0.000604050439877657,3.64876933916391e-07,0.000604050439877657,0.000542656150008391,0.000302025219938828,4.9924060172557e-05,0,0.00209000339492638,0,-0.7875,0.7875,0.000160135467214023
A1,Seasonal Forcing,ARX,I,/home/kaahin/degree_project/hybrid-epidemic-forecasting/results/partA/forecasts/partA_03_forecast_A1_ARX_I.mat,266,267,12,278,0.820481504840532,0.819767489834698,-0.000714015005834012,5.09817428556145e-07,0.000714015005834012,0.000644364982298081,0.000357007502917006,5.69032903889988e-05,0,0.00248573162703536,0,-0.7875,0.7875,0.00018253770509255
A1,Seasonal Forcing,ARX,I,/home/kaahin/degree_project/hybrid-epidemic-forecasting/results/partA/forecasts/partA_03_forecast_A1_ARX_I.mat,266,267,13,279,0.820734580693508,0.819900094557716,-0.000834486135792289,6.96367110829547e-07,0.000834486135792289,0.000753968549315292,0.000417243067896145,6.54123980599941e-05,0,0.00291020300596267,0,-0.7875,0.7875,0.000209934755767749
A1,Seasonal Forcing,ARX,I,/home/kaahin/degree_project/hybrid-epidemic-forecasting/results/partA/forecasts/partA_03_forecast_A1_ARX_I.mat,266,267,14,280,0.821040776759089,0.820073617895298,-0.000967158863790507,9.35396267808545e-07,0.000967158863790507,0.000872860809471448,0.000483579431895254,7.53315202896343e-05,0,0.00336896269043663,0,-0.7875,0.7875,0.000238706038699799
A1,Seasonal Forcing,ARX,I,/home/kaahin/degree_project/hybrid-epidemic-forecasting/results/partA/forecasts/partA_03_forecast_A1_ARX_I.mat,273,274,1,274,0.820001666847486,0.819993738468324,-7.92837916219202e-06,6.28591961394807e-11,7.92837916219202e-06,4.01949497721802e-06,3.96418958109601e-06,3.25448870231448e-06,0,1.08690491140706e-05,0,-0.7875,0.7875,9.71261962556813e-06
A1,Seasonal Forcing,ARX,I,/home/kaahin/degree_project/hybrid-epidemic-forecasting/results/partA/forecasts/partA_03_forecast_A1_ARX_I.mat,273,274,2,275,0.82004166964362,0.820016873103641,-2.47965399786665e-05,6.14868394913605e-10,2.47965399786665e-05,1.67460032119951e-05,1.23982699893332e-05,7.01215795222143e-06,0,5.59465865124231e-05,0,-0.7875,0.7875,2.16324600641749e-05
A1,Seasonal Forcing,ARX,I,/home/kaahin/degree_project/hybrid-epidemic-forecasting/results/partA/forecasts/partA_03_forecast_A1_ARX_I.mat,273,274,3,276,0.820134997976857,0.820084834684623,-5.01632922343953e-05,2.51635588779334e-09,5.01632922343953e-05,3.60523913659865e-05,2.50816461171977e-05,1.12273979142097e-05,0,0.000125926717115532,0,-0.7875,0.7875,3.60309637271183e-05
A1,Seasonal Forcing,ARX,I,/home/kaahin/degree_project/hybrid-epidemic-forecasting/results/partA/forecasts/partA_03_forecast_A1_ARX_I.mat,273,274,4,277,0.820281624191998,0.820197289419356,-8.43347726422472e-05,7.11235387661953e-09,8.43347726422472e-05,6.34289303190618e-05,4.21673863211236e-05,1.6317139354563e-05,0,0.000226945660760092,0,-0.7875,0.7875,5.27581813064837e-05
A1,Seasonal Forcing,ARX,I,/home/kaahin/degree_project/hybrid-epidemic-forecasting/results/partA/forecasts/partA_03_forecast_A1_ARX_I.mat,273,274,5,278,0.820481504840532,0.820353647671718,-0.000127857168814138,1.63474556171671e-08,0.000127857168814138,9.88323325943279e-05,6.39285844070692e-05,2.27789343055507e-05,0,0.000358037977961856,0,-0.7875,0.7875,7.32019852558718e-05
A1,Seasonal Forcing,ARX,I,/home/kaahin/degree_project/hybrid-epidemic-forecasting/results/partA/forecasts/partA_03_forecast_A1_ARX_I.mat,273,274,6,279,0.820734580693508,0.820554924703478,-0.000179655990030114,3.22762747537005e-08,0.000179655990030114,0.00014111944675495,8.98279950150571e-05,2.97448532960321e-05,0,0.000515464662086185,0,-0.7875,0.7875,9.60979702887554e-05
A1,Seasonal Forcing,ARX,I,/home/kaahin/degree_project/hybrid-epidemic-forecasting/results/partA/forecasts/partA_03_forecast_A1_ARX_I.mat,273,274,7,280,0.821040776759089,0.820804741602005,-0.000236035157083703,5.57125953795282e-08,0.000236035157083703,0.000191274040376406,0.000118017578541851,3.45249457615049e-05,0,0.000708190657390473,0,-0.7875,0.7875,0.000116706511568365
A1,Seasonal Forcing,ARX,I,/home/kaahin/degree_project/hybrid-epidemic-forecasting/results/partA/forecasts/partA_03_forecast_A1_ARX_I.mat,273,274,8,281,0.821400002304772,0.821101629104689,-0.000298373200083413,8.90265665280162e-08,0.000298373200083413,0.000250438594234244,0.000149186600041706,4.041453811163e-05,0,0.00093737253590076,0,-0.7875,0.7875,0.00013927103367864
A1,Seasonal Forcing,ARX,I,/home/kaahin/degree_project/hybrid-epidemic-forecasting/results/partA/forecasts/partA_03_forecast_A1_ARX_I.mat,273,274,9,282,0.821812150884276,0.821433243755086,-0.00037890712919042,1.43570612551326e-07,0.00037890712919042,0.000319417840793624,0.00018945356459521,4.76606281055614e-05,0,0.00120026609087054,0,-0.7875,0.7875,0.000161223415697742
A1,Seasonal Forcing,ARX,I,/home/kaahin/degree_project/hybrid-epidemic-forecasting/results/partA/forecasts/partA_03_forecast_A1_ARX_I.mat,273,274,10,283,0.822277100369082,0.821814215737812,-0.000462884631269977,2.14262181865943e-07,0.000462884631269977,0.000398004311367899,0.000231442315634989,5.47186881950545e-05,0,0.0015048583973255,0,-0.7875,0.7875,0.00018267762195362
A1,Seasonal Forcing,ARX,I,/home/kaahin/degree_project/hybrid-epidemic-forecasting/results/partA/forecasts/partA_03_forecast_A1_ARX_I.mat,273,274,11,284,0.822794712984623,0.822239492341264,-0.000555220643359222,3.08269962812229e-07,0.000555220643359222,0.000484674346019335,0.000277610321679611,6.06321538759086e-05,0,0.00184279208153149,0,-0.7875,0.7875,0.000203036632920373
A1,Seasonal Forcing,ARX,I,/home/kaahin/degree_project/hybrid-epidemic-forecasting/results/partA/forecasts/partA_03_forecast_A1_ARX_I.mat,273,274,12,285,0.82336483535111,0.82270312363337,-0.000661711717740765,4.37862397395434e-07,0.000661711717740765,0.000580125384330798,0.000330855858870382,6.51322864644449e-05,0,0.00221457608415376,0,-0.7875,0.7875,0.000223716951239711
A1,Seasonal Forcing,ARX,I,/home/kaahin/degree_project/hybrid-epidemic-forecasting/results/partA/forecasts/partA_03_forecast_A1_ARX_I.mat,273,274,13,286,0.823987298528982,0.82321219644132,-0.000775102087662072,6.00783246298102e-07,0.000775102087662072,0.000680221002400485,0.000387551043831036,7.07549412456099e-05,0,0.00260268852572554,0,-0.7875,0.7875,0.00024720618110341
A1,Seasonal Forcing,ARX,I,/home/kaahin/degree_project/hybrid-epidemic-forecasting/results/partA/forecasts/partA_03_forecast_A1_ARX_I.mat,273,274,14,287,0.824661918068964,0.823766323600121,-0.000895594468843464,8.02089452623006e-07,0.000895594468843464,0.000786202684733362,0.000447797234421732,7.99285362849317e-05,0,0.00301018631059347,0,-0.7875,0.7875,0.000275347984726587
A1,Seasonal Forcing,ARX,I,/home/kaahin/degree_project/hybrid-epidemic-forecasting/results/partA/forecasts/partA_03_forecast_A1_ARX_I.mat,280,281,1,281,0.821400002304772,0.821393158208853,-6.8440959194449e-06,4.68416489545624e-11,6.8440959194449e-06,3.32026227391726e-06,3.42204795972245e-06,3.05580277679407e-06,0,8.46332949611117e-06,0,-0.7875,0.7875,9.16892912478096e-06
A1,Seasonal Forcing,ARX,I,/home/kaahin/degree_project/hybrid-epidemic-forecasting/results/partA/forecasts/partA_03_forecast_A1_ARX_I.mat,280,281,2,282,0.821812150884276,0.821789168098677,-2.29827855995346e-05,5.28208433914175e-10,2.29827855995346e-05,1.35562118464081e-05,1.14913927997673e-05,6.83442889852226e-06,0,4.26771316105468e-05,0,-0.7875,0.7875,2.07570773721744e-05
A1,Seasonal Forcing,ARX,I,/home/kaahin/degree_project/hybrid-epidemic-forecasting/results/partA/forecasts/partA_03_forecast_A1_ARX_I.mat,280,281,3,283,0.822277100369082,0.822233463681334,-4.36366877484273e-05,1.90416051765375e-09,4.36366877484273e-05,3.00713059186596e-05,2.18183438742137e-05,1.12624489251173e-05,0,0.000102240083834637,0,-0.7875,0.7875,3.42659376912913e-05
A1,Seasonal Forcing,ARX,I,/home/kaahin/degree_project/hybrid-epidemic-forecasting/results/partA/forecasts/partA_03_forecast_A1_ARX_I.mat,280,281,4,284,0.822794712984623,0.822723394904229,-7.13180803946223e-05,5.08626859117381e-09,7.13180803946223e-05,5.09542953413883e-05,3.56590401973111e-05,1.80899288026587e-05,0,0.000175545360036278,0,-0.7875,0.7875,5.52405643992337e-05
A1,Seasonal Forcing,ARX,I,/home/kaahin/degree_project/hybrid-epidemic-forecasting/results/partA/forecasts/partA_03_forecast_A1_ARX_I.mat,280,281,5,285,0.82336483535111,0.823255743604851,-0.000109091746259171,1.19010091018754e-08,0.000109091746259171,8.05968675696255e-05,5.45458731295856e-05,2.44767580499683e-05,0,0.000283663272883761,0,-0.7875,0.7875,7.69457128729778e-05
A1,Seasonal Forcing,ARX,I,/home/kaahin/degree_project/hybrid-epidemic-forecasting/results/partA/forecasts/partA_03_forecast_A1_ARX_I.mat,280,281,6,286,0.823987298528982,0.823833643092033,-0.000153655436949007,2.36099933039904e-08,0.000153655436949007,0.000115811502309861,7.68277184745036e-05,3.39733538487097e-05,0,0.000410350688071159,0,-0.7875,0.7875,0.000103289253603756
A1,Seasonal Forcing,ARX,I,/home/kaahin/degree_project/hybrid-epidemic-forecasting/results/partA/forecasts/partA_03_forecast_A1_ARX_I.mat,280,281,7,287,0.824661918068964,0.8244543501296,-0.000207567939364495,4.30844494520225e-08,0.000207567939364495,0.000159989748676057,0.000103783969682247,4.39572150740308e-05,0,0.000572212684285978,0,-0.7875,0.7875,0.000127984298097517
A1,Seasonal Forcing,ARX,I,/home/kaahin/degree_project/hybrid-epidemic-forecasting/results/partA/forecasts/partA_03_forecast_A1_ARX_I.mat,280,281,8,288,0.825388494066729,0.825122750379593,-0.000265743687135833,7.06197072525476e-08,0.000265743687135833,0.000209191495005913,0.000132871843567917,5.19804334388335e-05,0,0.00075650945051986,0,-0.7875,0.7875,0.000150508022001838
A1,Seasonal Forcing,ARX,I,/home/kaahin/degree_project/hybrid-epidemic-forecasting/results/partA/forecasts/partA_03_forecast_A1_ARX_I.mat,280,281,9,289,0.826166811222126,0.825836170326374,-0.000330640895752188,1.09323401943809e-07,0.000330640895752188,0.000266655927653466,0.000165320447876094,5.91014741485096e-05,0,0.000975529752415993,0,-0.7875,0.7875,0.000172475392599819
A1,Seasonal Forcing,ARX,I,/home/kaahin/degree_project/hybrid-epidemic-forecasting/results/partA/forecasts/partA_03_forecast_A1_ARX_I.mat,280,281,10,290,0.826996638902986,0.826600254632436,-0.000396384270549777,1.57120489939279e-07,0.000396384270549777,0.000327374545483363,0.000198192135274888,6.81315218471062e-05,0,0.00120686179755314,0,-0.7875,0.7875,0.000198503706855563
A1,Seasonal Forcing,ARX,I,/home/kaahin/degree_project/hybrid-epidemic-forecasting/results/partA/forecasts/partA_03_forecast_A1_ARX_I.mat,280,281,11,291,0.827877731213457,0.827403197162338,-0.000474534051118858,2.25182565671275e-07,0.000474534051118858,0.000394826806991862,0.000237267025559429,7.7676289987158e-05,0,0.00146177731591679,0,-0.7875,0.7875,0.000224325808246745
A1,Seasonal Forcing,ARX,I,/home/kaahin/degree_project/hybrid-epidemic-forecasting/results/partA/forecasts/partA_03_forecast_A1_ARX_I.mat,280,281,12,292,0.828809827066872,0.828247044440202,-0.000562782626670422,3.16724284882059e-07,0.000562782626670422,0.000467800818602424,0.000281391313335211,8.83161931908183e-05,0,0.00173539617718488,0,-0.7875,0.7875,0.000253321223601027
A1,Seasonal Forcing,ARX,I,/home/kaahin/degree_project/hybrid-epidemic-forecasting/results/partA/forecasts/partA_03_forecast_A1_ARX_I.mat,280,281,13,293,0.829792650263114,0.829137801231701,-0.000654849031413329,4.28827253942976e-07,0.000654849031413329,0.000546244697487637,0.000327424515706665,9.69927989402514e-05,0,0.00203368382404745,0,-0.7875,0.7875,0.00028298455450676
A1,Seasonal Forcing,ARX,I,/home/kaahin/degree_project/hybrid-epidemic-forecasting/results/partA/forecasts/partA_03_forecast_A1_ARX_I.mat,280,281,14,294,0.830825909570459,0.830076482949329,-0.000749426621129312,5.61640260457298e-07,0.000749426621129312,0.000626832976467392,0.000374713310564656,0.000106327545962878,0,0.00233970753757573,0,-0.7875,0.7875,0.000317737479328423
A1,Seasonal Forcing,ARX,I,/home/kaahin/degree_project/hybrid-epidemic-forecasting/results/partA/forecasts/partA_03_forecast_A1_ARX_I.mat,287,288,1,288,0.825388494066729,0.825382492167873,-6.00189885524571e-06,3.60227898685998e-11,6.00189885524571e-06,2.45906423351329e-06,3.00094942762286e-06,3.36366671655763e-06,0,4.7011729066293e-06,0,-0.7875,0.7875,9.14969098839147e-06
A1,Seasonal Forcing,ARX,I,/home/kaahin/degree_project/hybrid-epidemic-forecasting/results/partA/forecasts/partA_03_forecast_A1_ARX_I.mat,287,288,2,289,0.826166811222126,0.826147684814418,-1.91264077077369e-05,3.65819471802577e-10,1.91264077077369e-05,9.49436939163026e-06,9.56320385386844e-06,7.19799045988123e-06,0,2.59634679485865e-05,0,-0.7875,0.7875,2.12113030662597e-05
A1,Seasonal Forcing,ARX,I,/home/kaahin/degree_project/hybrid-epidemic-forecasting/results/partA/forecasts/partA_03_forecast_A1_ARX_I.mat,287,288,3,290,0.826996638902986,0.826959710904803,-3.69279981823345e-05,1.3636770497545e-09,3.69279981823345e-05,2.2276390581812e-05,1.84639990911672e-05,1.23917334396068e-05,0,6.93880250873802e-05,0,-0.7875,0.7875,3.67985454276243e-05
A1,Seasonal Forcing,ARX,I,/home/kaahin/degree_project/hybrid-epidemic-forecasting/results/partA/forecasts/partA_03_forecast_A1_ARX_I.mat,287,288,4,291,0.827877731213457,0.827817052541797,-6.06786716602636e-05,3.68190119445408e-09,6.06786716602636e-05,4.01271632583627e-05,3.03393358301318e-05,1.83891688122134e-05,0,0.000131843730020287,0,-0.7875,0.7875,5.34944743176835e-05
A1,Seasonal Forcing,ARX,I,/home/kaahin/degree_project/hybrid-epidemic-forecasting/results/partA/forecasts/partA_03_forecast_A1_ARX_I.mat,287,288,5,292,0.828809827066872,0.828719099616575,-9.07274502978117e-05,8.23147023754189e-09,9.07274502978117e-05,6.18679225346067e-05,4.53637251489059e-05,2.52292565713214e-05,0,0.000207812669685503,0,-0.7875,0.7875,7.45965349961686e-05
A1,Seasonal Forcing,ARX,I,/home/kaahin/degree_project/hybrid-epidemic-forecasting/results/partA/forecasts/partA_03_forecast_A1_ARX_I.mat,287,288,6,293,0.829792650263114,0.829665308530295,-0.000127341732819808,1.62159169175513e-08,0.000127341732819808,8.77737995155811e-05,6.36708664099039e-05,3.15573248178963e-05,0,0.000299753906592315,0,-0.7875,0.7875,9.51637831646535e-05
A1,Seasonal Forcing,ARX,I,/home/kaahin/degree_project/hybrid-epidemic-forecasting/results/partA/forecasts/partA_03_forecast_A1_ARX_I.mat,287,288,7,294,0.830825909570459,0.830655679142797,-0.000170230427661289,2.89783985017452e-08,0.000170230427661289,0.00011940711072268,8.51152138306444e-05,3.9244529779317e-05,0,0.000412972254642097,0,-0.7875,0.7875,0.000116723030642751
A1,Seasonal Forcing,ARX,I,/home/kaahin/degree_project/hybrid-epidemic-forecasting/results/partA/forecasts/partA_03_forecast_A1_ARX_I.mat,287,288,8,295,0.831909298811873,0.83169417911001,-0.000215119701863165,4.62764861296968e-08,0.000215119701863165,0.000155329408617279,0.000107559850931582,4.57947603342973e-05,0,0.000545627727511877,0,-0.7875,0.7875,0.000136853753408495
A1,Seasonal Forcing,ARX,I,/home/kaahin/degree_project/hybrid-epidemic-forecasting/results/partA/forecasts/partA_03_forecast_A1_ARX_I.mat,287,288,9,296,0.833042496955745,0.832770854931221,-0.000271642024523788,7.37893894873824e-08,0.000271642024523788,0.000195978779277973,0.000135821012261894,5.55416944970355e-05,0,0.000690541799991951,0,-0.7875,0.7875,0.000162139078392187
A1,Seasonal Forcing,ARX,I,/home/kaahin/degree_project/hybrid-epidemic-forecasting/results/partA/forecasts/partA_03_forecast_A1_ARX_I.mat,287,288,10,297,0.834225168211006,0.833898263045981,-0.000326905165024316,1.06866986919575e-07,0.000326905165024316,0.000242248942096369,0.000163452582512158,6.4400221939645e-05,0,0.000862267434981856,0,-0.7875,0.7875,0.000186491742373729
A1,Seasonal Forcing,ARX,I,/home/kaahin/degree_project/hybrid-epidemic-forecasting/results/partA/forecasts/partA_03_forecast_A1_ARX_I.mat,287,288,11,298,0.83545696212664,0.835077141542191,-0.000379820584449075,1.44263676371237e-07,0.000379820584449075,0.00029225961982574,0.000189910292224538,7.09122349615093e-05,0,0.00105434576202978,0,-0.7875,0.7875,0.000208321317883287
A1,Seasonal Forcing,ARX,I,/home/kaahin/degree_project/hybrid-epidemic-forecasting/results/partA/forecasts/partA_03_forecast_A1_ARX_I.mat,287,288,12,299,0.836737513695526,0.836292421202222,-0.000445092493303045,1.98107327594721e-07,0.000445092493303045,0.000347836226703635,0.000222546246651523,7.69856618941855e-05,0,0.00126573111162065,0,-0.7875,0.7875,0.0002304116079139
A1,Seasonal Forcing,ARX,I,/home/kaahin/degree_project/hybrid-epidemic-forecasting/results/partA/forecasts/partA_03_forecast_A1_ARX_I.mat,287,288,13,300,0.838066443462596,0.837550751858256,-0.000515691604340063,2.65937830786828e-07,0.000515691604340063,0.000405058905279849,0.000257845802170031,8.47168998785286e-05,0,0.00148020237171076,0,-0.7875,0.7875,0.000258162227929404
A1,Seasonal Forcing,ARX,I,/home/kaahin/degree_project/hybrid-epidemic-forecasting/results/partA/forecasts/partA_03_forecast_A1_ARX_I.mat,287,288,14,301,0.839443357637281,0.838852461778536,-0.000590895858745055,3.49157915882056e-07,0.000590895858745055,0.000467627997548638,0.000295447929372528,9.25904732611005e-05,0,0.00171628758633524,0,-0.7875,0.7875,0.000285955022371415
A1,Seasonal Forcing,ARX,I,/home/kaahin/degree_project/hybrid-epidemic-forecasting/results/partA/forecasts/partA_03_forecast_A1_ARX_I.mat,294,295,1,295,0.831909298811873,0.831905092922349,-4.2058895246555e-06,1.76895066936069e-11,4.2058895246555e-06,1.56614146702797e-06,2.10294476232775e-06,3.13920495363384e-06,0,1.80548688566429e-06,0.5,-0.2875,0.3625,8.78721982192077e-06
A1,Seasonal Forcing,ARX,I,/home/kaahin/degree_project/hybrid-epidemic-forecasting/results/partA/forecasts/partA_03_forecast_A1_ARX_I.mat,294,295,2,296,0.833042496955745,0.833029109302131,-1.33876536134725e-05,1.79229269274323e-10,1.33876536134725e-05,6.15907810581628e-06,6.69382680673625e-06,7.08347969465839e-06,0,1.39385449747786e-05,0,-0.7875,0.7875,2.14110854348248e-05
A1,Seasonal Forcing,ARX,I,/home/kaahin/degree_project/hybrid-epidemic-forecasting/results/partA/forecasts/partA_03_forecast_A1_ARX_I.mat,294,295,3,297,0.834225168211006,0.834199899448724,-2.52687622813719e-05,6.38510347232482e-10,2.52687622813719e-05,1.21055478641496e-05,1.26343811406859e-05,1.24597331058629e-05,0,2.93808511421245e-05,0,-0.7875,0.7875,3.77954975014916e-05
A1,Seasonal Forcing,ARX,I,/home/kaahin/degree_project/hybrid-epidemic-forecasting/results/partA/forecasts/partA_03_forecast_A1_ARX_I.mat,294,295,4,298,0.83545696212664,0.835414513274722,-4.24488519175092e-05,1.80190502911463e-09,4.24488519175092e-05,2.01351765109868e-05,2.12244259587546e-05,1.87546003331013e-05,0,5.06292680075848e-05,0,-0.7875,0.7875,5.80046708083259e-05
A1,Seasonal Forcing,ARX,I,/home/kaahin/degree_project/hybrid-epidemic-forecasting/results/partA/forecasts/partA_03_forecast_A1_ARX_I.mat,294,295,5,299,0.836737513695526,0.836675338713899,-6.21749816269723e-05,3.86572834031435e-09,6.21749816269723e-05,3.02354022964857e-05,3.10874908134862e-05,2.69341935736522e-05,0,7.80376259470472e-05,0,-0.7875,0.7875,8.18653066424202e-05
A1,Seasonal Forcing,ARX,I,/home/kaahin/degree_project/hybrid-epidemic-forecasting/results/partA/forecasts/partA_03_forecast_A1_ARX_I.mat,294,295,6,300,0.838066443462596,0.837986028298841,-8.04151637550099e-05,6.46659856174506e-09,8.04151637550099e-05,4.21738273840659e-05,4.02075818775049e-05,3.44682286811393e-05,0,0.000115106412669652,0,-0.7875,0.7875,0.000107613397714368
A1,Seasonal Forcing,ARX,I,/home/kaahin/degree_project/hybrid-epidemic-forecasting/results/partA/forecasts/partA_03_forecast_A1_ARX_I.mat,294,295,7,301,0.839443357637281,0.83934125406549,-0.00010210357179119,1.04251393725187e-08,0.00010210357179119,5.66756037011988e-05,5.1051785895595e-05,4.21439987183192e-05,0,0.00016184443204148,0,-0.7875,0.7875,0.000135284467310204
A1,Seasonal Forcing,ARX,I,/home/kaahin/degree_project/hybrid-epidemic-forecasting/results/partA/forecasts/partA_03_forecast_A1_ARX_I.mat,294,295,8,302,0.840867848210195,0.840739294854638,-0.000128553355556504,1.6525965224837e-08,0.000128553355556504,7.37202270331108e-05,6.42766777782522e-05,5.17886735025702e-05,0,0.000215675670368176,0,-0.7875,0.7875,0.00016520345543819
A1,Seasonal Forcing,ARX,I,/home/kaahin/degree_project/hybrid-epidemic-forecasting/results/partA/forecasts/partA_03_forecast_A1_ARX_I.mat,294,295,9,303,0.842339493074036,0.842179457728684,-0.000160035345352139,2.56113117619783e-08,0.000160035345352139,9.45818897940875e-05,8.00176726760693e-05,6.14156743833194e-05,0,0.000284185157014005,0,-0.7875,0.7875,0.000195507315060572
A1,Seasonal Forcing,ARX,I,/home/kaahin/degree_project/hybrid-epidemic-forecasting/results/partA/forecasts/partA_03_forecast_A1_ARX_I.mat,294,295,10,304,0.843857856148672,0.843663374173817,-0.000194481974855609,3.78232385437378e-08,0.000194481974855609,0.000118341108992112,9.72409874278046e-05,6.93007248169675e-05,0,0.000365993278219734,0,-0.7875,0.7875,0.000223444242838822
A1,Seasonal Forcing,ARX,I,/home/kaahin/degree_project/hybrid-epidemic-forecasting/results/partA/forecasts/partA_03_forecast_A1_ARX_I.mat,294,295,11,305,0.845422487510355,0.845183178534543,-0.000239308975811814,5.72687859040993e-08,0.000239308975811814,0.000143963065393003,0.000119654487905907,7.85822635748112e-05,0,0.000449597042787797,0,-0.7875,0.7875,0.000254813364718859
A1,Seasonal Forcing,ARX,I,/home/kaahin/degree_project/hybrid-epidemic-forecasting/results/partA/forecasts/partA_03_forecast_A1_ARX_I.mat,294,295,12,306,0.847032923525045,0.846753468419194,-0.000279455105850701,7.80951561860266e-08,0.000279455105850701,0.000170849884641744,0.000139727552925351,8.80647203280349e-05,0,0.000541032207634462,0,-0.7875,0.7875,0.0002892092582297
A1,Seasonal Forcing,ARX,I,/home/kaahin/degree_project/hybrid-epidemic-forecasting/results/partA/forecasts/partA_03_forecast_A1_ARX_I.mat,294,295,13,307,0.848688686985794,0.848366565714412,-0.000322121271381759,1.03762113476601e-07,0.000322121271381759,0.000200806470105307,0.000161060635690879,9.7085028828392e-05,0,0.000645483450954609,0,-0.7875,0.7875,0.000322387610706881
A1,Seasonal Forcing,ARX,I,/home/kaahin/degree_project/hybrid-epidemic-forecasting/results/partA/forecasts/partA_03_forecast_A1_ARX_I.mat,294,295,14,308,0.850389287254155,0.850030113601165,-0.000359173652989764,1.29005713002011e-07,0.000359173652989764,0.0002323134552283,0.000179586826494882,0.000106173152805802,0,0.000759650569226666,0,-0.7875,0.7875,0.000356006300449574
A1,Seasonal Forcing,ARX,I,/home/kaahin/degree_project/hybrid-epidemic-forecasting/results/partA/forecasts/partA_03_forecast_A1_ARX_I.mat,301,302,1,302,0.840867848210195,0.84086547631549,-2.37189470497778e-06,5.62588449150165e-12,2.37189470497778e-06,9.171112251189e-07,1.18594735248889e-06,2.94105316054616e-06,0,0,1,0.2125,0.2125,8.67829281964161e-06
A1,Seasonal Forcing,ARX,I,/home/kaahin/degree_project/hybrid-epidemic-forecasting/results/partA/forecasts/partA_03_forecast_A1_ARX_I.mat,301,302,2,303,0.842339493074036,0.842332466491712,-7.0265823239879e-06,4.93728591557791e-11,7.0265823239879e-06,2.94811992487142e-06,3.51329116199395e-06,6.58009491259493e-06,0,3.1731535873325e-06,0.75,-0.0375,0.2125,2.13884466303271e-05
A1,Seasonal Forcing,ARX,I,/home/kaahin/degree_project/hybrid-epidemic-forecasting/results/partA/forecasts/partA_03_forecast_A1_ARX_I.mat,301,302,3,304,0.843857856148672,0.843844248573544,-1.36075751280273e-05,1.85166100864909e-10,1.36075751280273e-05,5.23046705593271e-06,6.80378756401367e-06,1.16821487379959e-05,0,5.05116544968764e-06,0.75,-0.0375,0.2125,3.79671390813019e-05
A1,Seasonal Forcing,ARX,I,/home/kaahin/degree_project/hybrid-epidemic-forecasting/results/partA/forecasts/partA_03_forecast_A1_ARX_I.mat,301,302,4,305,0.845422487510355,0.845402186212739,-2.03012976160988e-05,4.12142684897418e-10,2.03012976160988e-05,7.81670727243383e-06,1.01506488080494e-05,1.90016853184954e-05,0,6.02284859940738e-06,0.75,-0.0375,0.2125,5.94326406141155e-05
A1,Seasonal Forcing,ARX,I,/home/kaahin/degree_project/hybrid-epidemic-forecasting/results/partA/forecasts/partA_03_forecast_A1_ARX_I.mat,301,302,5,306,0.847032923525045,0.847002267243592,-3.06562814532674e-05,9.39807592541945e-10,3.06562814532674e-05,1.19073100254176e-05,1.53281407266337e-05,2.45405101032103e-05,0,1.3714244284535e-05,0.5,-0.2875,0.3625,7.97105307243917e-05
A1,Seasonal Forcing,ARX,I,/home/kaahin/degree_project/hybrid-epidemic-forecasting/results/partA/forecasts/partA_03_forecast_A1_ARX_I.mat,301,302,6,307,0.848688686985794,0.848643751755101,-4.49352306924888e-05,2.01917495738719e-09,4.49352306924888e-05,1.68900111473962e-05,2.24676153462444e-05,3.24295321939311e-05,0,2.11079026231076e-05,0.75,-0.0375,0.2125,0.000106132549871296
A1,Seasonal Forcing,ARX,I,/home/kaahin/degree_project/hybrid-epidemic-forecasting/results/partA/forecasts/partA_03_forecast_A1_ARX_I.mat,301,302,7,308,0.850389287254155,0.850327815405447,-6.14718487079724e-05,3.77878818357585e-09,6.14718487079724e-05,2.23621773897496e-05,3.07359243539862e-05,4.12787003778475e-05,0,2.86151735220397e-05,0.75,-0.0375,0.2125,0.000133828073086095
A1,Seasonal Forcing,ARX,I,/home/kaahin/degree_project/hybrid-epidemic-forecasting/results/partA/forecasts/partA_03_forecast_A1_ARX_I.mat,301,302,8,309,0.852134220405565,0.852059149962888,-7.50704426776272e-05,5.63557136381491e-09,7.50704426776272e-05,2.70048027720713e-05,3.75352213388136e-05,5.15317524901887e-05,0,3.24546386453184e-05,0.75,-0.0375,0.2125,0.000163738957647291
A1,Seasonal Forcing,ARX,I,/home/kaahin/degree_project/hybrid-epidemic-forecasting/results/partA/forecasts/partA_03_forecast_A1_ARX_I.mat,301,302,9,310,0.853922969378675,0.853835907385016,-8.70619936592654e-05,7.57979073992596e-09,8.70619936592654e-05,3.13504608574476e-05,4.35309968296327e-05,6.28378474713476e-05,0,3.47082295575341e-05,0.75,-0.0375,0.2125,0.000196245843455678
A1,Seasonal Forcing,ARX,I,/home/kaahin/degree_project/hybrid-epidemic-forecasting/results/partA/forecasts/partA_03_forecast_A1_ARX_I.mat,301,302,10,311,0.855755004128558,0.855651864961737,-0.000103139166821142,1.06376877325594e-08,0.000103139166821142,3.6418183697618e-05,5.15695834105712e-05,7.42567615699047e-05,0,3.80554816588052e-05,0.75,-0.0375,0.2125,0.000229124954432752
A1,Seasonal Forcing,ARX,I,/home/kaahin/degree_project/hybrid-epidemic-forecasting/results/partA/forecasts/partA_03_forecast_A1_ARX_I.mat,301,302,11,312,0.85762978178378,0.857514313195191,-0.000115468588589462,1.33329949508425e-08,0.000115468588589462,4.0946036631661e-05,5.77342942947312e-05,8.63087737413087e-05,0,4.02140968064346e-05,0.75,-0.0375,0.2125,0.000264466248904111
A1,Seasonal Forcing,ARX,I,/home/kaahin/degree_project/hybrid-epidemic-forecasting/results/partA/forecasts/partA_03_forecast_A1_ARX_I.mat,301,302,12,313,0.85954674680726,0.85941230238809,-0.000134444419170432,1.80753018460748e-08,0.000134444419170432,4.62073488570518e-05,6.7222209585216e-05,9.72425197465848e-05,0,4.34683405249325e-05,0.75,-0.0375,0.2125,0.000298494826021428
A1,Seasonal Forcing,ARX,I,/home/kaahin/degree_project/hybrid-epidemic-forecasting/results/partA/forecasts/partA_03_forecast_A1_ARX_I.mat,301,302,13,314,0.861505331160891,0.861356887136722,-0.00014844402416947,2.20356283116261e-08,0.00014844402416947,5.19217179703157e-05,7.42220120847348e-05,0.000106230860696382,0,5.31948580853037e-05,0.75,-0.0375,0.2125,0.000330685388574919
A1,Seasonal Forcing,ARX,I,/home/kaahin/degree_project/hybrid-epidemic-forecasting/results/partA/forecasts/partA_03_forecast_A1_ARX_I.mat,301,302,14,315,0.863504954473859,0.863343437016374,-0.000161517457485161,2.60878890724707e-08,0.000161517457485161,5.90818251350766e-05,8.07587287425804e-05,0.000117429900724531,0,6.7679583640734e-05,0.5,-0.2875,0.3625,0.000368737025814997
A1,Seasonal Forcing,ARX,I,/home/kaahin/degree_project/hybrid-epidemic-forecasting/results/partA/forecasts/partA_03_forecast_A1_ARX_I.mat,308,309,1,309,0.852134220405565,0.852135245552126,1.02514656086239e-06,1.05092547124798e-12,1.02514656086239e-06,7.68708467758906e-07,5.12573280431194e-07,2.94661482448388e-06,0,0,1,0.2125,0.2125,9.04545208343932e-06
A1,Seasonal Forcing,ARX,I,/home/kaahin/degree_project/hybrid-epidemic-forecasting/results/partA/forecasts/partA_03_forecast_A1_ARX_I.mat,308,309,2,310,0.853922969378675,0.853922817135216,-1.5224345861764e-07,2.31780706918611e-14,1.5224345861764e-07,1.60785466464684e-06,7.61217293088201e-08,7.15922426160198e-06,0,0,1,0.2125,0.2125,2.16526124781902e-05
A1,Seasonal Forcing,ARX,I,/home/kaahin/degree_project/hybrid-epidemic-forecasting/results/partA/forecasts/partA_03_forecast_A1_ARX_I.mat,308,309,3,311,0.855755004128558,0.855755450804403,4.4667584486735e-07,1.99519310387961e-13,4.4667584486735e-07,2.74265366430049e-06,2.23337922433675e-07,1.21186035669185e-05,0,0,1,0.2125,0.2125,3.77258505994404e-05
A1,Seasonal Forcing,ARX,I,/home/kaahin/degree_project/hybrid-epidemic-forecasting/results/partA/forecasts/partA_03_forecast_A1_ARX_I.mat,308,309,4,312,0.85762978178378,0.857633188927146,3.40714336588555e-06,1.16086259156979e-11,3.40714336588555e-06,3.96672407826494e-06,1.70357168294277e-06,1.61466866692495e-05,0,0,1,0.2125,0.2125,5.35127451508632e-05
A1,Seasonal Forcing,ARX,I,/home/kaahin/degree_project/hybrid-epidemic-forecasting/results/partA/forecasts/partA_03_forecast_A1_ARX_I.mat,308,309,5,313,0.85954674680726,0.859549682779317,2.93597205713869e-06,8.6199319202992e-12,2.93597205713869e-06,5.44785828408864e-06,1.46798602856935e-06,2.30473762498296e-05,0,0,1,0.2125,0.2125,7.4984924002014e-05
A1,Seasonal Forcing,ARX,I,/home/kaahin/degree_project/hybrid-epidemic-forecasting/results/partA/forecasts/partA_03_forecast_A1_ARX_I.mat,308,309,6,314,0.861505331160891,0.861511406507271,6.07534637997453e-06,3.69098336366697e-11,6.07534637997453e-06,7.34914052041353e-06,3.03767318998727e-06,3.00334591518736e-05,0,0,1,0.2125,0.2125,9.86202876684106e-05
A1,Seasonal Forcing,ARX,I,/home/kaahin/degree_project/hybrid-epidemic-forecasting/results/partA/forecasts/partA_03_forecast_A1_ARX_I.mat,308,309,7,315,0.863504954473859,0.863513512497874,8.55802401500405e-06,7.32397750413861e-11,8.55802401500405e-06,9.32730961203572e-06,4.27901200750203e-06,3.76938812466587e-05,0,0,1,0.2125,0.2125,0.000123033299616049
A1,Seasonal Forcing,ARX,I,/home/kaahin/degree_project/hybrid-epidemic-forecasting/results/partA/forecasts/partA_03_forecast_A1_ARX_I.mat,308,309,8,316,0.86554502421462,0.865556880586137,1.18563715173492e-05,1.40573545557409e-10,1.18563715173492e-05,1.1430717856716e-05,5.9281857586746e-06,4.55100445965473e-05,0,0,1,0.2125,0.2125,0.000150733196309649
A1,Seasonal Forcing,ARX,I,/home/kaahin/degree_project/hybrid-epidemic-forecasting/results/partA/forecasts/partA_03_forecast_A1_ARX_I.mat,308,309,9,317,0.867624935866483,0.867646347693381,2.14118268979657e-05,4.58466331108448e-10,2.14118268979657e-05,1.41764682477477e-05,1.07059134489829e-05,5.30881936658817e-05,0,0,1,0.2125,0.2125,0.000180595905103942
A1,Seasonal Forcing,ARX,I,/home/kaahin/degree_project/hybrid-epidemic-forecasting/results/partA/forecasts/partA_03_forecast_A1_ARX_I.mat,308,309,10,318,0.869744073106736,0.869773996137175,2.99230304394715e-05,8.9538775068154e-10,2.99230304394715e-05,1.7011483167067e-05,1.49615152197358e-05,6.15901590320656e-05,0,0,1,0.2125,0.2125,0.000210638095911597
A1,Seasonal Forcing,ARX,I,/home/kaahin/degree_project/hybrid-epidemic-forecasting/results/partA/forecasts/partA_03_forecast_A1_ARX_I.mat,308,309,11,319,0.871901807989281,0.871948746239847,4.69382505660088e-05,2.20319936619742e-09,4.69382505660088e-05,2.12205210527376e-05,2.34691252830044e-05,7.20232194543147e-05,0,0,1,0.2125,0.2125,0.000243979769920744
A1,Seasonal Forcing,ARX,I,/home/kaahin/degree_project/hybrid-epidemic-forecasting/results/partA/forecasts/partA_03_forecast_A1_ARX_I.mat,308,309,12,320,0.874097501130703,0.874159527048771,6.20259180672544e-05,3.84721451208576e-09,6.20259180672544e-05,2.5627588563299e-05,3.10129590336272e-05,8.43111895012183e-05,0,0,1,0.2125,0.2125,0.000279521747862693
A1,Seasonal Forcing,ARX,I,/home/kaahin/degree_project/hybrid-epidemic-forecasting/results/partA/forecasts/partA_03_forecast_A1_ARX_I.mat,308,309,13,321,0.87633050189974,0.876409064679376,7.85627796363597e-05,6.17211034419122e-09,7.85627796363597e-05,3.00113707717246e-05,3.92813898181799e-05,9.57697786545808e-05,0,0,1,0.2125,0.2125,0.000313635171009269
A1,Seasonal Forcing,ARX,I,/home/kaahin/degree_project/hybrid-epidemic-forecasting/results/partA/forecasts/partA_03_forecast_A1_ARX_I.mat,308,309,14,322,0.87860014861007,0.878696185853252,9.60372431823009e-05,9.2231520780564e-09,9.60372431823009e-05,3.48942842357554e-05,4.80186215911504e-05,0.000106928537814918,2.07711965483082e-06,0,0.75,-0.0375,0.2125,0.000343632196908694
A1,Seasonal Forcing,ARX,I,/home/kaahin/degree_project/hybrid-epidemic-forecasting/results/partA/forecasts/partA_03_forecast_A1_ARX_I.mat,315,316,1,316,0.86554502421462,0.86554636185689,1.33764226972755e-06,1.78928684176186e-12,1.33764226972755e-06,9.67106798376798e-07,6.68821134863773e-07,3.68315945783182e-06,0,0,1,0.2125,0.2125,1.02050922138608e-05
A1,Seasonal Forcing,ARX,I,/home/kaahin/degree_project/hybrid-epidemic-forecasting/results/partA/forecasts/partA_03_forecast_A1_ARX_I.mat,315,316,2,317,0.867624935866483,0.867630417639274,5.48177279091622e-06,3.00498329312294e-11,5.48177279091622e-06,2.45773605820775e-06,2.74088639545811e-06,8.31892586647676e-06,0,0,1,0.2125,0.2125,2.34334948728543e-05
A1,Seasonal Forcing,ARX,I,/home/kaahin/degree_project/hybrid-epidemic-forecasting/results/partA/forecasts/partA_03_forecast_A1_ARX_I.mat,315,316,3,318,0.869744073106736,0.869755146501282,1.10733945462016e-05,1.22620066775847e-10,1.10733945462016e-05,4.36899787579893e-06,5.5366972731008e-06,1.41237931679944e-05,0,0,1,0.2125,0.2125,4.19655712731448e-05
A1,Seasonal Forcing,ARX,I,/home/kaahin/degree_project/hybrid-epidemic-forecasting/results/partA/forecasts/partA_03_forecast_A1_ARX_I.mat,315,316,4,319,0.871901807989281,0.871918669041776,1.68610524954316e-05,2.84295091253699e-10,1.68610524954316e-05,6.50650397744429e-06,8.43052624771579e-06,2.08487416507835e-05,0,0,1,0.2125,0.2125,6.17670221186029e-05
A1,Seasonal Forcing,ARX,I,/home/kaahin/degree_project/hybrid-epidemic-forecasting/results/partA/forecasts/partA_03_forecast_A1_ARX_I.mat,315,316,5,320,0.874097501130703,0.874119657453735,2.21563230314858e-05,4.9090265027555e-10,2.21563230314858e-05,8.26495231724523e-06,1.10781615157429e-05,2.61141239118606e-05,0,0,1,0.2125,0.2125,8.09924658295713e-05
A1,Seasonal Forcing,ARX,I,/home/kaahin/degree_project/hybrid-epidemic-forecasting/results/partA/forecasts/partA_03_forecast_A1_ARX_I.mat,315,316,6,321,0.87633050189974,0.876364856908045,3.43550083055089e-05,1.18026659567158e-09,3.43550083055089e-05,1.18930963855716e-05,1.71775041527544e-05,3.18833010613057e-05,4.45812852101213e-06,0,0.75,-0.0375,0.2125,0.000100569306168946
A1,Seasonal Forcing,ARX,I,/home/kaahin/degree_project/hybrid-epidemic-forecasting/results/partA/forecasts/partA_03_forecast_A1_ARX_I.mat,315,316,7,322,0.87860014861007,0.878649721193488,4.95725834179783e-05,2.45744102673242e-09,4.95725834179783e-05,1.62447771029614e-05,2.47862917089892e-05,3.83065412162292e-05,1.00086640381081e-05,0,0.75,-0.0375,0.2125,0.0001236270526144
A1,Seasonal Forcing,ARX,I,/home/kaahin/degree_project/hybrid-epidemic-forecasting/results/partA/forecasts/partA_03_forecast_A1_ARX_I.mat,315,316,8,323,0.88090576871639,0.880970990001921,6.52212855308809e-05,4.2538160863007e-09,6.52212855308809e-05,2.13429163271914e-05,3.26106427654405e-05,4.5276684818768e-05,1.81557958881529e-05,0,0.75,-0.0375,0.2125,0.000146348390099083
A1,Seasonal Forcing,ARX,I,/home/kaahin/degree_project/hybrid-epidemic-forecasting/results/partA/forecasts/partA_03_forecast_A1_ARX_I.mat,315,316,9,324,0.883246679013703,0.883326359272908,7.96802592046841e-05,6.34894370692565e-09,7.96802592046841e-05,2.95753659824748e-05,3.98401296023421e-05,5.1572623972726e-05,4.16763933460684e-05,0,0.5,-0.2875,0.3625,0.000170408685288476
A1,Seasonal Forcing,ARX,I,/home/kaahin/degree_project/hybrid-epidemic-forecasting/results/partA/forecasts/partA_03_forecast_A1_ARX_I.mat,315,316,10,325,0.885622185839768,0.885722908104629,0.000100722264860686,1.01449746386663e-08,0.000100722264860686,3.80719618473555e-05,5.03611324303432e-05,6.09459201739854e-05,6.00167757087711e-05,0,0.5,-0.2875,0.3625,0.000200158236418169
A1,Seasonal Forcing,ARX,I,/home/kaahin/degree_project/hybrid-epidemic-forecasting/results/partA/forecasts/partA_03_forecast_A1_ARX_I.mat,315,316,11,326,0.888031585280644,0.888155147812443,0.000123562531799459,1.52676992646924e-08,0.000123562531799459,4.86286128210062e-05,6.17812658997297e-05,7.12059639024265e-05,8.58415278923719e-05,0,0.5,-0.2875,0.3625,0.000230359396631741
A1,Seasonal Forcing,ARX,I,/home/kaahin/degree_project/hybrid-epidemic-forecasting/results/partA/forecasts/partA_03_forecast_A1_ARX_I.mat,315,316,12,327,0.890474163379277,0.890625731664042,0.00015156828476437,2.2972944946413e-08,0.00015156828476437,6.15157492328137e-05,7.57841423821848e-05,8.03500726630324e-05,0.000120686656502444,0,0.25,-0.5375,0.5625,0.000259091358781743
A1,Seasonal Forcing,ARX,I,/home/kaahin/degree_project/hybrid-epidemic-forecasting/results/partA/forecasts/partA_03_forecast_A1_ARX_I.mat,315,316,13,328,0.892949196347062,0.893136188247099,0.000186991900036459,3.49659706792453e-08,0.000186991900036459,7.89377982837717e-05,9.34959500182297e-05,9.12214677469464e-05,0.000170502674511797,0,0.25,-0.5375,0.5625,0.000294438349648901
A1,Seasonal Forcing,ARX,I,/home/kaahin/degree_project/hybrid-epidemic-forecasting/results/partA/forecasts/partA_03_forecast_A1_ARX_I.mat,315,316,14,329,0.895455950778316,0.895678471876786,0.000222521098469874,4.95156392642396e-08,0.000222521098469874,9.75253225851859e-05,0.000111260549234937,0.000103139155789575,0.000224464246608824,0,0.25,-0.5375,0.5625,0.000328261156879839
A1,Seasonal Forcing,ARX,I,/home/kaahin/degree_project/hybrid-epidemic-forecasting/results/partA/forecasts/partA_03_forecast_A1_ARX_I.mat,322,323,1,323,0.88090576871639,0.880909252752918,3.4840365280564e-06,1.21385105288313e-11,3.4840365280564e-06,1.20787959764039e-06,1.7420182640282e-06,3.69343992535354e-06,0,0,1,0.2125,0.2125,9.9185820960912e-06
A1,Seasonal Forcing,ARX,I,/home/kaahin/degree_project/hybrid-epidemic-forecasting/results/partA/forecasts/partA_03_forecast_A1_ARX_I.mat,322,323,2,324,0.883246679013703,0.883257290844929,1.06118312257486e-05,1.12610961963773e-10,1.06118312257486e-05,3.30309137091903e-06,5.3059156128743e-06,8.04181824744787e-06,1.51617730881348e-06,0,0.75,-0.0375,0.2125,2.44593543378413e-05
A1,Seasonal Forcing,ARX,I,/home/kaahin/degree_project/hybrid-epidemic-forecasting/results/partA/forecasts/partA_03_forecast_A1_ARX_I.mat,322,323,3,325,0.885622185839768,0.885642339813859,2.01539740906087e-05,4.06182671644927e-10,2.01539740906087e-05,6.94214616114235e-06,1.00769870453044e-05,1.34770526120931e-05,7.68561806774315e-06,0,0.75,-0.0375,0.2125,4.06033223438185e-05
A1,Seasonal Forcing,ARX,I,/home/kaahin/degree_project/hybrid-epidemic-forecasting/results/partA/forecasts/partA_03_forecast_A1_ARX_I.mat,322,323,4,326,0.888031585280644,0.888062106077774,3.05207971302845e-05,9.31519057467986e-10,3.05207971302845e-05,1.0983810498917e-05,1.52603985651423e-05,2.05287806295557e-05,1.36379680504284e-05,0,0.75,-0.0375,0.2125,6.07330224673408e-05
A1,Seasonal Forcing,ARX,I,/home/kaahin/degree_project/hybrid-epidemic-forecasting/results/partA/forecasts/partA_03_forecast_A1_ARX_I.mat,322,323,5,327,0.890474163379277,0.890520499883347,4.63365040701547e-05,2.14707160944346e-09,4.63365040701547e-05,1.64289419181001e-05,2.31682520350773e-05,2.91481395696708e-05,2.16138470267024e-05,0,0.5,-0.2875,0.3625,8.45991989474604e-05
A1,Seasonal Forcing,ARX,I,/home/kaahin/degree_project/hybrid-epidemic-forecasting/results/partA/forecasts/partA_03_forecast_A1_ARX_I.mat,322,323,6,328,0.892949196347062,0.89301570521157,6.65088645073197e-05,4.42342905805302e-09,6.65088645073197e-05,2.53702446837848e-05,3.32544322536599e-05,3.60133678199676e-05,4.48983010034043e-05,0,0.25,-0.5375,0.5625,0.000109375431144365
A1,Seasonal Forcing,ARX,I,/home/kaahin/degree_project/hybrid-epidemic-forecasting/results/partA/forecasts/partA_03_forecast_A1_ARX_I.mat,322,323,7,329,0.895455950778316,0.895545493191897,8.95424135813894e-05,8.01784382998058e-09,8.95424135813894e-05,3.95638154646518e-05,4.47712067906947e-05,4.25264614222931e-05,9.07395013779455e-05,0,0.25,-0.5375,0.5625,0.000134704625271653
A1,Seasonal Forcing,ARX,I,/home/kaahin/degree_project/hybrid-epidemic-forecasting/results/partA/forecasts/partA_03_forecast_A1_ARX_I.mat,322,323,8,330,0.897993683867599,0.898111218578074,0.00011753471047482,1.38144081663998e-08,0.00011753471047482,5.60371950034919e-05,5.87673552374102e-05,5.08465595088242e-05,0.000142553462769479,0,0,-0.7875,0.7875,0.000163865406720309
A1,Seasonal Forcing,ARX,I,/home/kaahin/degree_project/hybrid-epidemic-forecasting/results/partA/forecasts/partA_03_forecast_A1_ARX_I.mat,322,323,9,331,0.900561643629828,0.900708873187753,0.000147229557924677,2.16765427266959e-08,0.000147229557924677,7.69506487645504e-05,7.36147789623387e-05,6.09794371007083e-05,0.00021168370337743,0,0,-0.7875,0.7875,0.000195220938901092
A1,Seasonal Forcing,ARX,I,/home/kaahin/degree_project/hybrid-epidemic-forecasting/results/partA/forecasts/partA_03_forecast_A1_ARX_I.mat,322,323,10,332,0.903159069123106,0.903343323351134,0.000184254228027703,3.39496205460846e-08,0.000184254228027703,0.000104012610336699,9.21271140138513e-05,7.01678036488462e-05,0.000305761828852447,0,0,-0.7875,0.7875,0.000224695859413232
A1,Seasonal Forcing,ARX,I,/home/kaahin/degree_project/hybrid-epidemic-forecasting/results/partA/forecasts/partA_03_forecast_A1_ARX_I.mat,322,323,11,333,0.905785190674201,0.90601115701323,0.000225966339029271,5.10607863742914e-08,0.000225966339029271,0.000134407615249997,0.000112983169514635,7.91789151515565e-05,0.000412672183958795,0,0,-0.7875,0.7875,0.000257257679618178
A1,Seasonal Forcing,ARX,I,/home/kaahin/degree_project/hybrid-epidemic-forecasting/results/partA/forecasts/partA_03_forecast_A1_ARX_I.mat,322,323,12,334,0.908439230106621,0.908710526312474,0.000271296205853089,7.36016313102815e-08,0.000271296205853089,0.000169439633541066,0.000135648102926544,8.85989492606126e-05,0.000538231298747638,0,0,-0.7875,0.7875,0.000290883016093979
A1,Seasonal Forcing,ARX,I,/home/kaahin/degree_project/hybrid-epidemic-forecasting/results/partA/forecasts/partA_03_forecast_A1_ARX_I.mat,322,323,13,335,0.911120400971204,0.911447294429185,0.000326893457981092,1.06859332870836e-07,0.000326893457981092,0.000210103383932941,0.000163446728990546,9.82565705314797e-05,0.000683761928176208,0,0,-0.7875,0.7875,0.000327585306789918
A1,Seasonal Forcing,ARX,I,/home/kaahin/degree_project/hybrid-epidemic-forecasting/results/partA/forecasts/partA_03_forecast_A1_ARX_I.mat,322,323,14,336,0.913827908779158,0.914216973574523,0.000389064795365157,1.51371414992532e-07,0.000389064795365157,0.000254750835779362,0.000194532397682579,0.000108563955582652,0.000843282407741897,0,0,-0.7875,0.7875,0.00036528402332231
A1,Seasonal Forcing,ARX,I,/home/kaahin/degree_project/hybrid-epidemic-forecasting/results/partA/forecasts/partA_03_forecast_A1_ARX_I.mat,329,330,1,330,0.897993683867599,0.897998646872099,4.96300450059106e-06,2.46314136728871e-11,4.96300450059106e-06,1.49131348623611e-06,2.48150225029553e-06,3.36999808888128e-06,8.59410348885703e-07,0,0.75,-0.0375,0.2125,9.68897859476847e-06
A1,Seasonal Forcing,ARX,I,/home/kaahin/degree_project/hybrid-epidemic-forecasting/results/partA/forecasts/partA_03_forecast_A1_ARX_I.mat,329,330,2,331,0.900561643629828,0.900573926958159,1.22833283301427e-05,1.50880154866086e-10,1.22833283301427e-05,4.52202008940423e-06,6.14166416507134e-06,7.16331939198123e-06,7.04410684526646e-06,0,0.75,-0.0375,0.2125,2.32782395833964e-05
A1,Seasonal Forcing,ARX,I,/home/kaahin/degree_project/hybrid-epidemic-forecasting/results/partA/forecasts/partA_03_forecast_A1_ARX_I.mat,329,330,3,332,0.903159069123106,0.903180251506948,2.11823838421887e-05,4.48693385237818e-10,2.11823838421887e-05,9.33170864051425e-06,1.05911919210944e-05,1.16662300578663e-05,1.97352669033535e-05,0,0.5,-0.2875,0.3625,3.90162023697627e-05
A1,Seasonal Forcing,ARX,I,/home/kaahin/degree_project/hybrid-epidemic-forecasting/results/partA/forecasts/partA_03_forecast_A1_ARX_I.mat,329,330,4,333,0.905785190674201,0.90582457768348,3.93870092790793e-05,1.55133649995028e-09,3.93870092790793e-05,1.71477219061707e-05,1.96935046395397e-05,1.75809259871873e-05,3.98903179510413e-05,0,0.5,-0.2875,0.3625,5.9492185522092e-05
A1,Seasonal Forcing,ARX,I,/home/kaahin/degree_project/hybrid-epidemic-forecasting/results/partA/forecasts/partA_03_forecast_A1_ARX_I.mat,329,330,5,334,0.908439230106621,0.908496439702396,5.72095957747099e-05,3.2729378487057e-09,5.72095957747099e-05,2.83550153220963e-05,2.86047978873549e-05,2.46931772218795e-05,7.42995938401991e-05,0,0.25,-0.5375,0.5625,8.26274496077695e-05
A1,Seasonal Forcing,ARX,I,/home/kaahin/degree_project/hybrid-epidemic-forecasting/results/partA/forecasts/partA_03_forecast_A1_ARX_I.mat,329,330,6,335,0.911120400971204,0.911205635213136,8.52342419324081e-05,7.26487599779228e-09,8.52342419324081e-05,4.55111568405263e-05,4.26171209662041e-05,3.01995083877571e-05,0.000131983576428407,0,0,-0.7875,0.7875,0.000101928039809213
A1,Seasonal Forcing,ARX,I,/home/kaahin/degree_project/hybrid-epidemic-forecasting/results/partA/forecasts/partA_03_forecast_A1_ARX_I.mat,329,330,7,336,0.913827908779158,0.913946851188484,0.000118942409325862,1.41472967362408e-08,0.000118942409325862,7.00479422067042e-05,5.94712046629309e-05,3.58799438578028e-05,0.000219864591409435,0,0,-0.7875,0.7875,0.000120223089059346
A1,Seasonal Forcing,ARX,I,/home/kaahin/degree_project/hybrid-epidemic-forecasting/results/partA/forecasts/partA_03_forecast_A1_ARX_I.mat,329,330,8,337,0.916560951237487,0.916712934560826,0.000151983323338878,2.30989305731299e-08,0.000151983323338878,9.84182675808385e-05,7.59916616694389e-05,4.38775953546383e-05,0.000323012947089696,0,0,-0.7875,0.7875,0.000143462140340611
A1,Seasonal Forcing,ARX,I,/home/kaahin/degree_project/hybrid-epidemic-forecasting/results/partA/forecasts/partA_03_forecast_A1_ARX_I.mat,329,330,9,338,0.919318718486726,0.91950739527978,0.000188676793054121,3.55989322371876e-08,0.000188676793054121,0.000132964301480927,9.43383965270606e-05,5.31979006842237e-05,0.000450803059452887,0,0,-0.7875,0.7875,0.000168600513441031
A1,Seasonal Forcing,ARX,I,/home/kaahin/degree_project/hybrid-epidemic-forecasting/results/partA/forecasts/partA_03_forecast_A1_ARX_I.mat,329,330,10,339,0.922100393340922,0.922334132334763,0.000233738993840604,5.4633917241618e-08,0.000233738993840604,0.000173224353663383,0.000116869496920302,6.10571680868699e-05,0.00060158292647805,0,0,-0.7875,0.7875,0.000194072020432312
A1,Seasonal Forcing,ARX,I,/home/kaahin/degree_project/hybrid-epidemic-forecasting/results/partA/forecasts/partA_03_forecast_A1_ARX_I.mat,329,330,11,340,0.924905151529783,0.925190580302332,0.000285428772549223,8.14695841989562e-08,0.000285428772549223,0.000217844870885407,0.000142714386274612,6.98291614876029e-05,0.000767758371222116,0,0,-0.7875,0.7875,0.000223473056953305
A1,Seasonal Forcing,ARX,I,/home/kaahin/degree_project/hybrid-epidemic-forecasting/results/partA/forecasts/partA_03_forecast_A1_ARX_I.mat,329,330,12,341,0.927732161942925,0.928070747661662,0.000338585718737128,1.14640288932737e-07,0.000338585718737128,0.000265808678960758,0.000169292859368564,8.10718257514692e-05,0.000945774370203378,0,0,-0.7875,0.7875,0.000255912231995364
A1,Seasonal Forcing,ARX,I,/home/kaahin/degree_project/hybrid-epidemic-forecasting/results/partA/forecasts/partA_03_forecast_A1_ARX_I.mat,329,330,13,342,0.930580586876151,0.9309828072054,0.000402220329249192,1.61781193261329e-07,0.000402220329249192,0.00031770882695032,0.000201110164624596,9.10062854329596e-05,0.00113757327121888,0,0,-0.7875,0.7875,0.000293767371636916
A1,Seasonal Forcing,ARX,I,/home/kaahin/degree_project/hybrid-epidemic-forecasting/results/partA/forecasts/partA_03_forecast_A1_ARX_I.mat,329,330,14,343,0.933449582279679,0.933919584624431,0.00047000234475203,2.20902204072406e-07,0.00047000234475203,0.000375359632191502,0.000235001172376015,0.000101258691077763,0.00135285848140798,0,0,-0.7875,0.7875,0.000332272790713989
A1,Seasonal Forcing,ARX,I,/home/kaahin/degree_project/hybrid-epidemic-forecasting/results/partA/forecasts/partA_03_forecast_A1_ARX_I.mat,336,337,1,337,0.916560951237487,0.916565121089516,4.16985202944531e-06,1.73876659474692e-11,4.16985202944531e-06,1.50031030489963e-06,2.08492601472265e-06,3.67794821163059e-06,9.88522145695114e-07,0,0.75,-0.0375,0.2125,9.91711377193449e-06
A1,Seasonal Forcing,ARX,I,/home/kaahin/degree_project/hybrid-epidemic-forecasting/results/partA/forecasts/partA_03_forecast_A1_ARX_I.mat,336,337,2,338,0.919318718486726,0.919331527367646,1.28088809201454e-05,1.64067430426466e-10,1.28088809201454e-05,4.85581606928181e-06,6.40444046007271e-06,8.63712119589522e-06,6.80961065580021e-06,0,0.5,-0.2875,0.3625,2.48029503603364e-05
A1,Seasonal Forcing,ARX,I,/home/kaahin/degree_project/hybrid-epidemic-forecasting/results/partA/forecasts/partA_03_forecast_A1_ARX_I.mat,336,337,3,339,0.922100393340922,0.92212862530419,2.82319632674e-05,7.97043749931821e-10,2.82319632674e-05,1.13164875327205e-05,1.41159816337e-05,1.497999446404e-05,2.18282177995022e-05,0,0,-0.7875,0.7875,4.34120973426266e-05
A1,Seasonal Forcing,ARX,I,/home/kaahin/degree_project/hybrid-epidemic-forecasting/results/partA/forecasts/partA_03_forecast_A1_ARX_I.mat,336,337,4,340,0.924905151529783,0.924956503721138,5.13521913549919e-05,2.63704755695971e-09,5.13521913549919e-05,2.3684059076021e-05,2.5676095677496e-05,2.16343416333253e-05,5.92678285312731e-05,0,0,-0.7875,0.7875,6.18498394132083e-05
A1,Seasonal Forcing,ARX,I,/home/kaahin/degree_project/hybrid-epidemic-forecasting/results/partA/forecasts/partA_03_forecast_A1_ARX_I.mat,336,337,5,341,0.927732161942925,0.92781131109677,7.9149153845437e-05,6.26458855444865e-09,7.9149153845437e-05,4.15932871801836e-05,3.95745769227185e-05,2.91790499108546e-05,0.000118416165477253,0,0,-0.7875,0.7875,8.24421041492607e-05
A1,Seasonal Forcing,ARX,I,/home/kaahin/degree_project/hybrid-epidemic-forecasting/results/partA/forecasts/partA_03_forecast_A1_ARX_I.mat,336,337,6,342,0.930580586876151,0.930696735036369,0.000116148160218432,1.34903951221266e-08,0.000116148160218432,6.49683197958359e-05,5.80740801092161e-05,3.66173635070438e-05,0.000197665995465002,0,0,-0.7875,0.7875,0.000105175653229733
A1,Seasonal Forcing,ARX,I,/home/kaahin/degree_project/hybrid-epidemic-forecasting/results/partA/forecasts/partA_03_forecast_A1_ARX_I.mat,336,337,7,343,0.933449582279679,0.933603810967681,0.000154228688002411,2.37864882029451e-08,0.000154228688002411,9.3298820000841e-05,7.71143440012056e-05,4.45933387400233e-05,0.000298137007262556,0,0,-0.7875,0.7875,0.000131808255422888
A1,Seasonal Forcing,ARX,I,/home/kaahin/degree_project/hybrid-epidemic-forecasting/results/partA/forecasts/partA_03_forecast_A1_ARX_I.mat,336,337,8,344,0.936338298008253,0.936539221432034,0.000200923423780863,4.03702222238244e-08,0.000200923423780863,0.000127035984273797,0.000100461711890432,5.3705823086897e-05,0.000417494394254758,0,0,-0.7875,0.7875,0.000161626677480403
A1,Seasonal Forcing,ARX,I,/home/kaahin/degree_project/hybrid-epidemic-forecasting/results/partA/forecasts/partA_03_forecast_A1_ARX_I.mat,336,337,9,345,0.93924587807306,0.939497857354981,0.000251979281921888,6.34935585178703e-08,0.000251979281921888,0.000165594160020993,0.000125989640960944,6.20507317012881e-05,0.000557133347432237,0,0,-0.7875,0.7875,0.000193321510378403
A1,Seasonal Forcing,ARX,I,/home/kaahin/degree_project/hybrid-epidemic-forecasting/results/partA/forecasts/partA_03_forecast_A1_ARX_I.mat,336,337,10,346,0.942171460895374,0.942482470189338,0.000311009293963438,9.67267809316361e-08,0.000311009293963438,0.000211887371375836,0.000155504646981719,6.94891597401492e-05,0.000728499364469393,0,0,-0.7875,0.7875,0.000222642210273405
A1,Seasonal Forcing,ARX,I,/home/kaahin/degree_project/hybrid-epidemic-forecasting/results/partA/forecasts/partA_03_forecast_A1_ARX_I.mat,336,337,11,347,0.945114179561868,0.945482246129357,0.000368066567489111,1.35472998103217e-07,0.000368066567489111,0.000260721558569788,0.000184033283744556,8.10991645699588e-05,0.000908114565249529,0,0,-0.7875,0.7875,0.00025767251661396
A1,Seasonal Forcing,ARX,I,/home/kaahin/degree_project/hybrid-epidemic-forecasting/results/partA/forecasts/partA_03_forecast_A1_ARX_I.mat,336,337,12,348,0.94807316208149,0.9485056052131,0.000432443131610172,1.87007062076812e-07,0.000432443131610172,0.000316809837354081,0.000216221565805086,9.10243567917385e-05,0.00111839834549654,0,0,-0.7875,0.7875,0.000290200686514419
A1,Seasonal Forcing,ARX,I,/home/kaahin/degree_project/hybrid-epidemic-forecasting/results/partA/forecasts/partA_03_forecast_A1_ARX_I.mat,336,337,13,349,0.951047531643861,0.95155422404101,0.0005066923971494,2.56737185329005e-07,0.0005066923971494,0.000381231270592548,0.0002533461985747,0.000101733745647006,0.00136046077344476,0,0,-0.7875,0.7875,0.000322486901243507
A1,Seasonal Forcing,ARX,I,/home/kaahin/degree_project/hybrid-epidemic-forecasting/results/partA/forecasts/partA_03_forecast_A1_ARX_I.mat,336,337,14,350,0.954036406879086,0.954630177189055,0.000593770309968544,3.52563181000141e-07,0.000593770309968544,0.000453155041700647,0.000296885154984272,0.000112455797550021,0.00162985673511862,0,0,-0.7875,0.7875,0.000354300588406214
A1,Seasonal Forcing,ARX,I,/home/kaahin/degree_project/hybrid-epidemic-forecasting/results/partA/forecasts/partA_03_forecast_A1_ARX_I.mat,343,344,1,344,0.936338298008253,0.936344945078548,6.64707029529588e-06,4.41835435106048e-11,6.64707029529588e-06,2.30797003280116e-06,3.32353514764794e-06,3.58470197551752e-06,3.47762802443974e-06,0,0.25,-0.5375,0.5625,1.00823919728099e-05
A1,Seasonal Forcing,ARX,I,/home/kaahin/degree_project/hybrid-epidemic-forecasting/results/partA/forecasts/partA_03_forecast_A1_ARX_I.mat,343,344,2,345,0.93924587807306,0.939265249186617,1.93711135578756e-05,3.75240040472111e-10,1.93711135578756e-05,8.02461216472168e-06,9.68555677893779e-06,7.98255066641884e-06,1.8442647295891e-05,0,0.25,-0.5375,0.5625,2.43722846419991e-05
A1,Seasonal Forcing,ARX,I,/home/kaahin/degree_project/hybrid-epidemic-forecasting/results/partA/forecasts/partA_03_forecast_A1_ARX_I.mat,343,344,3,346,0.942171460895374,0.942209095117302,3.76342219280401e-05,1.41633466012898e-09,3.76342219280401e-05,1.99646239712359e-05,1.88171109640201e-05,1.19703083142964e-05,5.90533885922451e-05,0,0,-0.7875,0.7875,3.77246408004017e-05
A1,Seasonal Forcing,ARX,I,/home/kaahin/degree_project/hybrid-epidemic-forecasting/results/partA/forecasts/partA_03_forecast_A1_ARX_I.mat,343,344,4,347,0.945114179561868,0.94517457335116,6.03937892917905e-05,3.64740978502119e-09,6.03937892917905e-05,3.58659367146975e-05,3.01968946458953e-05,1.83977103432265e-05,0.000112802110227017,0,0,-0.7875,0.7875,5.58255306026822e-05
A1,Seasonal Forcing,ARX,I,/home/kaahin/degree_project/hybrid-epidemic-forecasting/results/partA/forecasts/partA_03_forecast_A1_ARX_I.mat,343,344,5,348,0.94807316208149,0.948162654857459,8.94927759690356e-05,8.008956950644e-09,8.94927759690356e-05,5.70963145687498e-05,4.47463879845178e-05,2.4503272161408e-05,0.000187683755413448,0,0,-0.7875,0.7875,7.52851707715163e-05
A1,Seasonal Forcing,ARX,I,/home/kaahin/degree_project/hybrid-epidemic-forecasting/results/partA/forecasts/partA_03_forecast_A1_ARX_I.mat,343,344,6,349,0.951047531643861,0.951175767963788,0.000128236319927089,1.64445537484426e-08,0.000128236319927089,8.54879205732092e-05,6.41181599635443e-05,3.02508182652039e-05,0.000290326664350693,0,0,-0.7875,0.7875,9.42181735107961e-05
A1,Seasonal Forcing,ARX,I,/home/kaahin/degree_project/hybrid-epidemic-forecasting/results/partA/forecasts/partA_03_forecast_A1_ARX_I.mat,343,344,7,350,0.954036406879086,0.954204928726361,0.000168521847274672,2.83996130088678e-08,0.000168521847274672,0.000121206759900625,8.42609236373359e-05,3.69561570592508e-05,0.000424213338856227,0,0,-0.7875,0.7875,0.000114108012916947
A1,Seasonal Forcing,ARX,I,/home/kaahin/degree_project/hybrid-epidemic-forecasting/results/partA/forecasts/partA_03_forecast_A1_ARX_I.mat,343,344,8,351,0.957038902118929,0.957251052448426,0.000212150329496841,4.50077623056181e-08,0.000212150329496841,0.000162686753126554,0.00010607516474842,4.31318611660347e-05,0.00058288336315504,0,0,-0.7875,0.7875,0.000136177808298804
A1,Seasonal Forcing,ARX,I,/home/kaahin/degree_project/hybrid-epidemic-forecasting/results/partA/forecasts/partA_03_forecast_A1_ARX_I.mat,343,344,9,352,0.96005412765925,0.960312282887377,0.000258155228126999,6.66441218093031e-08,0.000258155228126999,0.000208061642262928,0.0001290776140635,5.16894406670493e-05,0.000755510335452625,0,0,-0.7875,0.7875,0.000162671257831093
A1,Seasonal Forcing,ARX,I,/home/kaahin/degree_project/hybrid-epidemic-forecasting/results/partA/forecasts/partA_03_forecast_A1_ARX_I.mat,343,344,10,353,0.963081190023648,0.963400781687351,0.000319591663702545,1.02138831508161e-07,0.000319591663702545,0.000256397263680475,0.000159795831851273,6.24673634885081e-05,0.000931524491222357,0,0,-0.7875,0.7875,0.000198762003502134
A1,Seasonal Forcing,ARX,I,/home/kaahin/degree_project/hybrid-epidemic-forecasting/results/partA/forecasts/partA_03_forecast_A1_ARX_I.mat,343,344,11,354,0.966119192228216,0.966504403820509,0.000385211592292767,1.48387970836729e-07,0.000385211592292767,0.000311429752069857,0.000192605796146383,7.27099746942794e-05,0.00113611811347369,0,0,-0.7875,0.7875,0.000233369882765316
A1,Seasonal Forcing,ARX,I,/home/kaahin/degree_project/hybrid-epidemic-forecasting/results/partA/forecasts/partA_03_forecast_A1_ARX_I.mat,343,344,12,355,0.969167234047334,0.969632459860294,0.000465225812959935,2.16435057044233e-07,0.000465225812959935,0.000370815702771458,0.000232612906479968,8.39637680610239e-05,0.00135209398793057,0,0,-0.7875,0.7875,0.000272063711756448
A1,Seasonal Forcing,ARX,I,/home/kaahin/degree_project/hybrid-epidemic-forecasting/results/partA/forecasts/partA_03_forecast_A1_ARX_I.mat,343,344,13,356,0.972224412280429,0.972772499553574,0.000548087273144593,3.00399658983076e-07,0.000548087273144593,0.000436694261271478,0.000274043636572296,9.66409333871321e-05,0.00159443960576222,0,0,-0.7875,0.7875,0.000313037427732255
A1,Seasonal Forcing,ARX,I,/home/kaahin/degree_project/hybrid-epidemic-forecasting/results/partA/forecasts/partA_03_forecast_A1_ARX_I.mat,343,344,14,357,0.975289821019612,0.975923258229742,0.00063343721012965,4.01242699176835e-07,0.00063343721012965,0.000505092070137772,0.000316718605064825,0.000110738192855103,0.00184545751770004,0,0,-0.7875,0.7875,0.000358326166570749
A1,Seasonal Forcing,ARX,I,/home/kaahin/degree_project/hybrid-epidemic-forecasting/results/partA/forecasts/partA_03_forecast_A1_ARX_I.mat,350,351,1,351,0.957038902118929,0.95704476865841,5.86653948142501e-06,3.44162854871185e-11,5.86653948142501e-06,2.02845555499826e-06,2.93326974071251e-06,3.76443864359977e-06,2.4303416131799e-06,0,0.25,-0.5375,0.5625,1.04413960488048e-05
A1,Seasonal Forcing,ARX,I,/home/kaahin/degree_project/hybrid-epidemic-forecasting/results/partA/forecasts/partA_03_forecast_A1_ARX_I.mat,350,351,2,352,0.96005412765925,0.960070946149962,1.68184907123337e-05,2.82861629840853e-10,1.68184907123337e-05,8.5051346506795e-06,8.40924535616683e-06,7.74005257518084e-06,2.21238079967101e-05,0,0,-0.7875,0.7875,2.43348857106584e-05
A1,Seasonal Forcing,ARX,I,/home/kaahin/degree_project/hybrid-epidemic-forecasting/results/partA/forecasts/partA_03_forecast_A1_ARX_I.mat,350,351,3,353,0.963081190023648,0.963114899257921,3.37092342722611e-05,1.13631247522218e-09,3.37092342722611e-05,2.09770961343953e-05,1.68546171361306e-05,1.28204009870569e-05,6.47219144815914e-05,0,0,-0.7875,0.7875,3.95989233748506e-05
A1,Seasonal Forcing,ARX,I,/home/kaahin/degree_project/hybrid-epidemic-forecasting/results/partA/forecasts/partA_03_forecast_A1_ARX_I.mat,350,351,4,354,0.966119192228216,0.966174107913908,5.49156856918254e-05,3.01573253500335e-09,5.49156856918254e-05,3.8465303421254e-05,2.74578428459127e-05,1.86002432421145e-05,0.000127035779307616,0,0,-0.7875,0.7875,5.72337910625942e-05
A1,Seasonal Forcing,ARX,I,/home/kaahin/degree_project/hybrid-epidemic-forecasting/results/partA/forecasts/partA_03_forecast_A1_ARX_I.mat,350,351,5,355,0.969167234047334,0.96924661178171,7.93777343764956e-05,6.3008247147455e-09,7.93777343764956e-05,6.20030205680158e-05,3.96888671882478e-05,2.39341806818227e-05,0.000215390544686,0,0,-0.7875,0.7875,7.32501681099673e-05
A1,Seasonal Forcing,ARX,I,/home/kaahin/degree_project/hybrid-epidemic-forecasting/results/partA/forecasts/partA_03_forecast_A1_ARX_I.mat,350,351,6,356,0.972224412280429,0.972339115734377,0.000114703453948262,1.3156882347661e-08,0.000114703453948262,8.81398903647166e-05,5.73517269741308e-05,3.19353579265186e-05,0.000307342421740575,0,0,-0.7875,0.7875,9.7212076344555e-05
A1,Seasonal Forcing,ARX,I,/home/kaahin/degree_project/hybrid-epidemic-forecasting/results/partA/forecasts/partA_03_forecast_A1_ARX_I.mat,350,351,7,357,0.975289821019612,0.975446410513836,0.000156589494223924,2.45202697013044e-08,0.000156589494223924,0.000117610156308695,7.82947471119622e-05,3.95553870935955e-05,0.00041139556918357,0,0,-0.7875,0.7875,0.000124245942082962
A1,Seasonal Forcing,ARX,I,/home/kaahin/degree_project/hybrid-epidemic-forecasting/results/partA/forecasts/partA_03_forecast_A1_ARX_I.mat,350,351,8,358,0.978362551918116,0.978560918162973,0.000198366244856918,3.93491670986347e-08,0.000198366244856918,0.000150939356718231,9.91831224284589e-05,4.77925985094468e-05,0.000532251384294136,0,0,-0.7875,0.7875,0.000153136255935715
A1,Seasonal Forcing,ARX,I,/home/kaahin/degree_project/hybrid-epidemic-forecasting/results/partA/forecasts/partA_03_forecast_A1_ARX_I.mat,350,351,9,359,0.981441694459462,0.981688699716746,0.000247005257284605,6.10115971262338e-08,0.000247005257284605,0.000189302671944228,0.000123502628642302,5.64669330973405e-05,0.000671892462009382,0,0,-0.7875,0.7875,0.000181849465765577
A1,Seasonal Forcing,ARX,I,/home/kaahin/degree_project/hybrid-epidemic-forecasting/results/partA/forecasts/partA_03_forecast_A1_ARX_I.mat,350,351,10,360,0.98452633622726,0.984828402481082,0.000302066253822453,9.12440216983305e-08,0.000302066253822453,0.000234086955121937,0.000151033126911226,6.67486276245716e-05,0.000835609543512916,0,0,-0.7875,0.7875,0.000216157479701828
A1,Seasonal Forcing,ARX,I,/home/kaahin/degree_project/hybrid-epidemic-forecasting/results/partA/forecasts/partA_03_forecast_A1_ARX_I.mat,350,351,11,361,0.987615563175582,0.987987793794602,0.000372230619019809,1.3855563373587e-07,0.000372230619019809,0.000286511664312751,0.000186115309509904,7.77841338252372e-05,0.00102540304607224,0,0,-0.7875,0.7875,0.000250644065561662
A1,Seasonal Forcing,ARX,I,/home/kaahin/degree_project/hybrid-epidemic-forecasting/results/partA/forecasts/partA_03_forecast_A1_ARX_I.mat,350,351,12,362,0.990708459899814,0.991154859979547,0.000446400079733178,1.99273031185788e-07,0.000446400079733178,0.000344566507745402,0.000223200039866589,8.92723487034203e-05,0.0012380768962843,0,0,-0.7875,0.7875,0.00028610987282604
A1,Seasonal Forcing,ARX,I,/home/kaahin/degree_project/hybrid-epidemic-forecasting/results/partA/forecasts/partA_03_forecast_A1_ARX_I.mat,350,351,13,363,0.993804109907906,0.994321895778672,0.000517785870766896,2.68102207965833e-07,0.000517785870766896,0.000405151698174229,0.000258892935383448,9.95142461236831e-05,0.0014647754602769,0,0,-0.7875,0.7875,0.000322919652624293
A1,Seasonal Forcing,ARX,I,/home/kaahin/degree_project/hybrid-epidemic-forecasting/results/partA/forecasts/partA_03_forecast_A1_ARX_I.mat,350,351,14,364,0.99690159589195,0.99750055601781,0.00059896012586047,3.58753232370791e-07,0.00059896012586047,0.000472243725004878,0.000299480062930235,0.000113447974638214,0.0017121687249535,0,0,-0.7875,0.7875,0.000365566849230808
A2,Policy Intervention,ARX,I,/home/kaahin/degree_project/hybrid-epidemic-forecasting/results/partA/forecasts/partA_03_forecast_A2_ARX_I.mat,49,50,1,50,1.02111528797425,1.01865021321196,-0.00246507476229429,6.07659358370027e-06,0.00246507476229429,0.00234500765717592,0.00123253738114715,0.000204570953132061,0,0.00911542612301242,0,-0.7875,0.7875,0.000663878188191303
A2,Policy Intervention,ARX,I,/home/kaahin/degree_project/hybrid-epidemic-forecasting/results/partA/forecasts/partA_03_forecast_A2_ARX_I.mat,49,50,2,51,0.975,0.965635188266971,-0.00936481173302883,8.76996987950745e-05,0.00936481173302883,0.00875970682855197,0.00468240586651442,0.000475953865221412,0,0.034260320996748,0,-0.7875,0.7875,0.00164054714027312
A2,Policy Intervention,ARX,I,/home/kaahin/degree_project/hybrid-epidemic-forecasting/results/partA/forecasts/partA_03_forecast_A2_ARX_I.mat,49,50,3,52,0.928884712025747,0.906420700069019,-0.0224640119567282,0.000504631833192028,0.0224640119567282,0.0213615812354914,0.0112320059783641,0.000814382988838044,0,0.0840807265925092,0,-0.7875,0.7875,0.00278757790728837
A2,Policy Intervention,ARX,I,/home/kaahin/degree_project/hybrid-epidemic-forecasting/results/partA/forecasts/partA_03_forecast_A2_ARX_I.mat,49,50,4,53,0.884589715644147,0.841180314115906,-0.0434094015282411,0.00188437614104006,0.0434094015282411,0.0419018072883862,0.0217047007641206,0.00118980970163916,0,0.165663622331978,0,-0.7875,0.7875,0.00398581223580055
A2,Policy Intervention,ARX,I,/home/kaahin/degree_project/hybrid-epidemic-forecasting/results/partA/forecasts/partA_03_forecast_A2_ARX_I.mat,49,50,5,54,0.843658809578696,0.770053967625321,-0.0736048419533745,0.00541767275898123,0.0736048419533745,0.071624113406761,0.0368024209766872,0.00153998983148992,0,0.283966099522247,0,-0.7875,0.7875,0.00517554430502257
A2,Policy Intervention,ARX,I,/home/kaahin/degree_project/hybrid-epidemic-forecasting/results/partA/forecasts/partA_03_forecast_A2_ARX_I.mat,49,50,6,55,0.807167512064817,0.693958771428531,-0.113208740636286,0.0128162189564539,0.113208740636286,0.110806953945117,0.056604370318143,0.00194861802651195,0,0.440078304408369,0,-0.7875,0.7875,0.00640036296661567
A2,Policy Intervention,ARX,I,/home/kaahin/degree_project/hybrid-epidemic-forecasting/results/partA/forecasts/partA_03_forecast_A2_ARX_I.mat,49,50,7,56,0.775658890371501,0.614021437997544,-0.161637452373956,0.026126666009943,0.161637452373956,0.158899639210349,0.0808187261869781,0.00220245449253567,0,0.632027195767059,0,-0.7875,0.7875,0.00742165635025993
A2,Policy Intervention,ARX,I,/home/kaahin/degree_project/hybrid-epidemic-forecasting/results/partA/forecasts/partA_03_forecast_A2_ARX_I.mat,49,50,8,57,0.74919563214771,0.53181359349856,-0.21738203864915,0.0472549507272607,0.21738203864915,0.214332767964508,0.108691019324575,0.00245916370122192,0,0.853347272814487,0,-0.7875,0.7875,0.00843919721023936
A2,Policy Intervention,ARX,I,/home/kaahin/degree_project/hybrid-epidemic-forecasting/results/partA/forecasts/partA_03_forecast_A2_ARX_I.mat,49,50,9,58,0.727481899314376,0.449278070807263,-0.278203828507113,0.0773973701960154,0.278203828507113,0.275069489922392,0.139101914253557,0.00261198129401819,0,1.09609880910319,0,-0.7875,0.7875,0.00898654131594591
A2,Policy Intervention,ARX,I,/home/kaahin/degree_project/hybrid-epidemic-forecasting/results/partA/forecasts/partA_03_forecast_A2_ARX_I.mat,49,50,10,59,0.710003468688994,0.368541164353742,-0.341462304335252,0.11659650528194,0.341462304335252,0.338265385213835,0.170731152167626,0.00262471749217377,0,1.34883836380246,0,-0.7875,0.7875,0.00916476371508815
A2,Policy Intervention,ARX,I,/home/kaahin/degree_project/hybrid-epidemic-forecasting/results/partA/forecasts/partA_03_forecast_A2_ARX_I.mat,49,50,11,60,0.696150012448019,0.292363534670614,-0.403786477777406,0.163043519635883,0.403786477777406,0.400806185260235,0.201893238888703,0.00260091451164024,0,1.59913368027071,0,-0.7875,0.7875,0.00900270877184811
A2,Policy Intervention,ARX,I,/home/kaahin/degree_project/hybrid-epidemic-forecasting/results/partA/forecasts/partA_03_forecast_A2_ARX_I.mat,49,50,12,61,0.685303622986216,0.222681128361,-0.462622494625216,0.214019572533258,0.462622494625216,0.459783590185117,0.231311247312608,0.00242951202182224,0,1.83528539649859,0,-0.7875,0.7875,0.00840158561967951
A2,Policy Intervention,ARX,I,/home/kaahin/degree_project/hybrid-epidemic-forecasting/results/partA/forecasts/partA_03_forecast_A2_ARX_I.mat,49,50,13,62,0.676892873189049,0.161753709441827,-0.515139163747222,0.265368358026187,0.515139163747222,0.512478615995563,0.257569581873611,0.00215695984147285,0,2.04642723026495,0,-0.7875,0.7875,0.0074386015209511
A2,Policy Intervention,ARX,I,/home/kaahin/degree_project/hybrid-epidemic-forecasting/results/partA/forecasts/partA_03_forecast_A2_ARX_I.mat,49,50,14,63,0.670419341170521,0.11128690872895,-0.559132432441571,0.312629077008028,0.559132432441571,0.556839611399043,0.279566216220786,0.00180898970017303,0,2.22440304537474,0,-0.7875,0.7875,0.0062073480548251
A2,Policy Intervention,ARX,I,/home/kaahin/degree_project/hybrid-epidemic-forecasting/results/partA/forecasts/partA_03_forecast_A2_ARX_I.mat,56,57,1,57,0.74919563214771,0.744398312984558,-0.00479731916315262,2.30142711531514e-05,0.00479731916315262,0.00362396647200327,0.00239865958157631,0.000800639426261568,0,0.0131085501161768,0,-0.7875,0.7875,0.00362978100788863
A2,Policy Intervention,ARX,I,/home/kaahin/degree_project/hybrid-epidemic-forecasting/results/partA/forecasts/partA_03_forecast_A2_ARX_I.mat,56,57,2,58,0.727481899314376,0.713466169692815,-0.0140157296215618,0.000196440676824726,0.0140157296215618,0.0116977787788123,0.00700786481078092,0.00179378584986389,0,0.0438383538440105,0,-0.7875,0.7875,0.00709084097067023
A2,Policy Intervention,ARX,I,/home/kaahin/degree_project/hybrid-epidemic-forecasting/results/partA/forecasts/partA_03_forecast_A2_ARX_I.mat,56,57,3,59,0.710003468688994,0.683218106668528,-0.0267853620204662,0.000717455618567434,0.0267853620204662,0.0227917820775863,0.0133926810102331,0.00318390077878015,0,0.0859864375601251,0,-0.7875,0.7875,0.0116251972884653
A2,Policy Intervention,ARX,I,/home/kaahin/degree_project/hybrid-epidemic-forecasting/results/partA/forecasts/partA_03_forecast_A2_ARX_I.mat,56,57,4,60,0.696150012448019,0.653158401006974,-0.042991611441045,0.00184827865429779,0.042991611441045,0.0371076560958018,0.0214958057205225,0.00445025561377889,0,0.141038391096807,0,-0.7875,0.7875,0.015914587249981
A2,Policy Intervention,ARX,I,/home/kaahin/degree_project/hybrid-epidemic-forecasting/results/partA/forecasts/partA_03_forecast_A2_ARX_I.mat,56,57,5,61,0.685303622986216,0.623546897912104,-0.0617567250741126,0.00381389309187952,0.0617567250741126,0.0540324553584832,0.0308783625370563,0.00564221813959727,0,0.206625468436521,0,-0.7875,0.7875,0.0205168494590861
A2,Policy Intervention,ARX,I,/home/kaahin/degree_project/hybrid-epidemic-forecasting/results/partA/forecasts/partA_03_forecast_A2_ARX_I.mat,56,57,6,62,0.676892873189049,0.594729123095153,-0.0821637500938956,0.00675088182949214,0.0821637500938956,0.0725446481142964,0.0410818750469478,0.00715216139642024,0,0.278216880070966,0,-0.7875,0.7875,0.0256016911308646
A2,Policy Intervention,ARX,I,/home/kaahin/degree_project/hybrid-epidemic-forecasting/results/partA/forecasts/partA_03_forecast_A2_ARX_I.mat,56,57,7,63,0.670419341170521,0.56741403741812,-0.103005303752401,0.0106100926011244,0.103005303752401,0.0924781112846195,0.0515026518762005,0.00847702754119098,0,0.356171821363396,0,-0.7875,0.7875,0.0300842213493186
A2,Policy Intervention,ARX,I,/home/kaahin/degree_project/hybrid-epidemic-forecasting/results/partA/forecasts/partA_03_forecast_A2_ARX_I.mat,56,57,8,64,0.665465412558807,0.540736866878144,-0.124728545680663,0.0155572101076133,0.124728545680663,0.112740327818888,0.0623642728403316,0.0100060508803643,0,0.4349611514643,0,-0.7875,0.7875,0.034927082599703
A2,Policy Intervention,ARX,I,/home/kaahin/degree_project/hybrid-epidemic-forecasting/results/partA/forecasts/partA_03_forecast_A2_ARX_I.mat,56,57,9,65,0.66169103647536,0.514197334300961,-0.147493702174398,0.0217543921811101,0.147493702174398,0.133384824812434,0.0737468510871991,0.0113026611505318,0,0.515182199418224,0,-0.7875,0.7875,0.039152610759773
A2,Policy Intervention,ARX,I,/home/kaahin/degree_project/hybrid-epidemic-forecasting/results/partA/forecasts/partA_03_forecast_A2_ARX_I.mat,56,57,10,66,0.658824996013434,0.488534896465509,-0.170290099547925,0.0289987180040422,0.170290099547925,0.153910784279977,0.0851450497739624,0.0129177681373946,0,0.594535711348538,0,-0.7875,0.7875,0.0437232875608411
A2,Policy Intervention,ARX,I,/home/kaahin/degree_project/hybrid-epidemic-forecasting/results/partA/forecasts/partA_03_forecast_A2_ARX_I.mat,56,57,11,67,0.656654236655582,0.463311568755274,-0.193342667900308,0.0373813872308089,0.193342667900308,0.174639350410087,0.0966713339501542,0.0140944037847932,0,0.675111339110443,0,-0.7875,0.7875,0.0473169632703177
A2,Policy Intervention,ARX,I,/home/kaahin/degree_project/hybrid-epidemic-forecasting/results/partA/forecasts/partA_03_forecast_A2_ARX_I.mat,56,57,12,68,0.655013262483393,0.439289369394454,-0.215723893088939,0.0465367980494479,0.215723893088939,0.195034275900239,0.107861946544469,0.0152606942067676,0,0.754531600799839,0,-0.7875,0.7875,0.050795466070346
A2,Policy Intervention,ARX,I,/home/kaahin/degree_project/hybrid-epidemic-forecasting/results/partA/forecasts/partA_03_forecast_A2_ARX_I.mat,56,57,13,69,0.653774587990147,0.417190042767378,-0.236584545222768,0.0559722470382641,0.236584545222768,0.214856807500671,0.118292272611384,0.0163397642524337,0,0.832223596889201,0,-0.7875,0.7875,0.0542920676286792
A2,Policy Intervention,ARX,I,/home/kaahin/degree_project/hybrid-epidemic-forecasting/results/partA/forecasts/partA_03_forecast_A2_ARX_I.mat,56,57,14,70,0.652840616703239,0.396318457247238,-0.256522159456001,0.06580361829197,0.256522159456001,0.234336792405935,0.128261079728001,0.0172381665606671,0,0.909016319538038,0,-0.7875,0.7875,0.0571504972712193
A2,Policy Intervention,ARX,I,/home/kaahin/degree_project/hybrid-epidemic-forecasting/results/partA/forecasts/partA_03_forecast_A2_ARX_I.mat,63,64,1,64,0.665465412558807,0.666720241092481,0.00125482853367365,1.57459464892155e-06,0.00125482853367365,0.00042826295140588,0.000627414266836823,0.00129976901448964,0,0,1,0.2125,0.2125,0.00419198266688625
A2,Policy Intervention,ARX,I,/home/kaahin/degree_project/hybrid-epidemic-forecasting/results/partA/forecasts/partA_03_forecast_A2_ARX_I.mat,63,64,2,65,0.66169103647536,0.665328947939075,0.00363791146371517,1.32343998178303e-05,0.00363791146371517,0.0011481986031146,0.00181895573185759,0.00286460246726478,0.000483335514893324,0,0.75,-0.0375,0.2125,0.00917499659892645
A2,Policy Intervention,ARX,I,/home/kaahin/degree_project/hybrid-epidemic-forecasting/results/partA/forecasts/partA_03_forecast_A2_ARX_I.mat,63,64,3,66,0.658824996013434,0.666599995861888,0.0077749998484542,6.04506226434628e-05,0.0077749998484542,0.00229425920062942,0.0038874999242271,0.00474247219901401,0.00169419427959128,0,0.75,-0.0375,0.2125,0.0142775893211027
A2,Policy Intervention,ARX,I,/home/kaahin/degree_project/hybrid-epidemic-forecasting/results/partA/forecasts/partA_03_forecast_A2_ARX_I.mat,63,64,4,67,0.656654236655582,0.670092617602488,0.0134383809469063,0.000180590082474174,0.0134383809469063,0.00421211782245962,0.00671919047345315,0.00687354442643163,0.00536179530118353,0,0.75,-0.0375,0.2125,0.0207207318789544
A2,Policy Intervention,ARX,I,/home/kaahin/degree_project/hybrid-epidemic-forecasting/results/partA/forecasts/partA_03_forecast_A2_ARX_I.mat,63,64,5,68,0.655013262483393,0.676396052710433,0.0213827902270398,0.00045722371789359,0.0213827902270398,0.00789209941190989,0.0106913951135199,0.00890192138107934,0.0159211308589953,0,0.5,-0.2875,0.3625,0.0287064948132186
A2,Policy Intervention,ARX,I,/home/kaahin/degree_project/hybrid-epidemic-forecasting/results/partA/forecasts/partA_03_forecast_A2_ARX_I.mat,63,64,6,69,0.653774587990147,0.684348867096204,0.0305742791060577,0.000934786542855116,0.0305742791060577,0.0129640107215126,0.0152871395530289,0.0119651723733692,0.0310857363204086,0,0.25,-0.5375,0.5625,0.0380949742884364
A2,Policy Intervention,ARX,I,/home/kaahin/degree_project/hybrid-epidemic-forecasting/results/partA/forecasts/partA_03_forecast_A2_ARX_I.mat,63,64,7,70,0.652840616703239,0.697612662009384,0.0447720453061449,0.00200453604089549,0.0447720453061449,0.0218262519889253,0.0223860226530724,0.0154370191842606,0.0603950921128308,0,0,-0.7875,0.7875,0.0487753885908714
A2,Policy Intervention,ARX,I,/home/kaahin/degree_project/hybrid-epidemic-forecasting/results/partA/forecasts/partA_03_forecast_A2_ARX_I.mat,63,64,8,71,0.652136979900857,0.714801911575755,0.0626649316748981,0.00392689366181964,0.0626649316748981,0.0339159984705579,0.031332465837449,0.0190140929815979,0.102275434298464,0,0,-0.7875,0.7875,0.0602676308182434
A2,Policy Intervention,ARX,I,/home/kaahin/degree_project/hybrid-epidemic-forecasting/results/partA/forecasts/partA_03_forecast_A2_ARX_I.mat,63,64,9,72,0.651607205051813,0.735552797763262,0.0839455927114495,0.00704686253567657,0.0839455927114495,0.0484729602685676,0.0419727963557248,0.023759183716548,0.152396341136282,0,0,-0.7875,0.7875,0.0748360614497425
A2,Policy Intervention,ARX,I,/home/kaahin/degree_project/hybrid-epidemic-forecasting/results/partA/forecasts/partA_03_forecast_A2_ARX_I.mat,63,64,10,73,0.651208520741374,0.760910516060138,0.109701995318764,0.0120345277769181,0.109701995318764,0.0661170830974675,0.0548509976593821,0.0288763248513517,0.21379955142787,0,0,-0.7875,0.7875,0.091195749239175
A2,Policy Intervention,ARX,I,/home/kaahin/degree_project/hybrid-epidemic-forecasting/results/partA/forecasts/partA_03_forecast_A2_ARX_I.mat,63,64,11,74,0.650908595729268,0.787257242611906,0.136348646882638,0.0185909535067264,0.136348646882638,0.087085265300559,0.0681743234413191,0.0348714593565429,0.288837911054654,0,0,-0.7875,0.7875,0.109803441174268
A2,Policy Intervention,ARX,I,/home/kaahin/degree_project/hybrid-epidemic-forecasting/results/partA/forecasts/partA_03_forecast_A2_ARX_I.mat,63,64,12,75,0.650683026338981,0.819502242284997,0.168819215946016,0.0284999276726275,0.168819215946016,0.112383874632831,0.0844096079730078,0.0423549609666194,0.378962866908114,0,0,-0.7875,0.7875,0.13192917794624
A2,Policy Intervention,ARX,I,/home/kaahin/degree_project/hybrid-epidemic-forecasting/results/partA/forecasts/partA_03_forecast_A2_ARX_I.mat,63,64,13,76,0.650513412862129,0.862230100741462,0.211716687879333,0.044823955926595,0.211716687879333,0.142191739730452,0.105858343939667,0.0501785901105134,0.483825894736854,0,0,-0.7875,0.7875,0.156894441669999
A2,Policy Intervention,ARX,I,/home/kaahin/degree_project/hybrid-epidemic-forecasting/results/partA/forecasts/partA_03_forecast_A2_ARX_I.mat,63,64,14,77,0.650385893858681,0.907451167319402,0.257065273460721,0.0660825548194353,0.257065273460721,0.175324961688937,0.128532636730361,0.0587184652653088,0.601711225604546,0,0,-0.7875,0.7875,0.185924608331789
A2,Policy Intervention,ARX,I,/home/kaahin/degree_project/hybrid-epidemic-forecasting/results/partA/forecasts/partA_03_forecast_A2_ARX_I.mat,70,71,1,71,0.652136979900857,0.653763231997376,0.00162625209651857,2.64469588143103e-06,0.00162625209651857,0.000548073479520499,0.000813126048259283,0.000895800898891303,0.000757403710691662,0,0.75,-0.0375,0.2125,0.00349539986565608
A2,Policy Intervention,ARX,I,/home/kaahin/degree_project/hybrid-epidemic-forecasting/results/partA/forecasts/partA_03_forecast_A2_ARX_I.mat,70,71,2,72,0.651607205051813,0.655154195670183,0.00354699061836994,1.25811424468044e-05,0.00354699061836994,0.00130517619689235,0.00177349530918497,0.00215266498619732,0.00194713259063328,0,0.75,-0.0375,0.2125,0.0072263899132424
A2,Policy Intervention,ARX,I,/home/kaahin/degree_project/hybrid-epidemic-forecasting/results/partA/forecasts/partA_03_forecast_A2_ARX_I.mat,70,71,3,73,0.651208520741374,0.658868356647307,0.00765983590593311,5.86730861058221e-05,0.00765983590593311,0.00257101554185579,0.00382991795296656,0.00353926369538179,0.00420038829000269,0,0.75,-0.0375,0.2125,0.0109200108146752
A2,Policy Intervention,ARX,I,/home/kaahin/degree_project/hybrid-epidemic-forecasting/results/partA/forecasts/partA_03_forecast_A2_ARX_I.mat,70,71,4,74,0.650908595729268,0.663577916849338,0.0126693211200701,0.000160511697643455,0.0126693211200701,0.00517049778209192,0.00633466056003507,0.00513030364884949,0.0118022758105291,0,0.25,-0.5375,0.5625,0.0159604285729642
A2,Policy Intervention,ARX,I,/home/kaahin/degree_project/hybrid-epidemic-forecasting/results/partA/forecasts/partA_03_forecast_A2_ARX_I.mat,70,71,5,75,0.650683026338981,0.669528191608874,0.0188451652698928,0.000355140254049573,0.0188451652698928,0.00904875843610661,0.00942258263494639,0.00683234528632477,0.0244644850412086,0,0,-0.7875,0.7875,0.0216792579014732
A2,Policy Intervention,ARX,I,/home/kaahin/degree_project/hybrid-epidemic-forecasting/results/partA/forecasts/partA_03_forecast_A2_ARX_I.mat,70,71,6,76,0.650513412862129,0.676476634442751,0.0259632215806224,0.000674088874844495,0.0259632215806224,0.0135726959825956,0.0129816107903112,0.00909656122291145,0.0389989599084577,0,0,-0.7875,0.7875,0.0293678159831157
A2,Policy Intervention,ARX,I,/home/kaahin/degree_project/hybrid-epidemic-forecasting/results/partA/forecasts/partA_03_forecast_A2_ARX_I.mat,70,71,7,77,0.650385893858681,0.685417354293155,0.035031460434474,0.00122720322017212,0.035031460434474,0.0198830900413523,0.017515730217237,0.0112161133331561,0.0607420616356922,0,0,-0.7875,0.7875,0.0374679013299281
A2,Policy Intervention,ARX,I,/home/kaahin/degree_project/hybrid-epidemic-forecasting/results/partA/forecasts/partA_03_forecast_A2_ARX_I.mat,70,71,8,78,0.650290033264909,0.696238235264353,0.0459482019994443,0.00211123726698173,0.0459482019994443,0.0267775353719746,0.0229741009997221,0.0140062619183997,0.0835185462557639,0,0,-0.7875,0.7875,0.0470199596442034
A2,Policy Intervention,ARX,I,/home/kaahin/degree_project/hybrid-epidemic-forecasting/results/partA/forecasts/partA_03_forecast_A2_ARX_I.mat,70,71,9,79,0.650217977584803,0.709440640068691,0.0592226624838875,0.00350732375168046,0.0592226624838875,0.0334733464275282,0.0296113312419438,0.0174691241658489,0.103549603516084,0,0,-0.7875,0.7875,0.0588943211461575
A2,Policy Intervention,ARX,I,/home/kaahin/degree_project/hybrid-epidemic-forecasting/results/partA/forecasts/partA_03_forecast_A2_ARX_I.mat,70,71,10,80,0.65016381885839,0.723511229704445,0.0733474108460548,0.00537984267781995,0.0733474108460548,0.0414449058018779,0.0366737054230274,0.0209783390838769,0.128850031601546,0,0,-0.7875,0.7875,0.0713603721077451
A2,Policy Intervention,ARX,I,/home/kaahin/degree_project/hybrid-epidemic-forecasting/results/partA/forecasts/partA_03_forecast_A2_ARX_I.mat,70,71,11,81,0.650123113863486,0.740009877999445,0.0898867641359589,0.0080796303668335,0.0898867641359589,0.0518308257108531,0.0449433820679794,0.0239469736702303,0.164348359960629,0,0,-0.7875,0.7875,0.0827734349880884
A2,Policy Intervention,ARX,I,/home/kaahin/degree_project/hybrid-epidemic-forecasting/results/partA/forecasts/partA_03_forecast_A2_ARX_I.mat,70,71,12,82,0.650092521628021,0.757985689309766,0.107893167681745,0.0116409356324012,0.107893167681745,0.0642689139858317,0.0539465838408726,0.0270063026904062,0.208257226404964,0,0,-0.7875,0.7875,0.0953591875958973
A2,Policy Intervention,ARX,I,/home/kaahin/degree_project/hybrid-epidemic-forecasting/results/partA/forecasts/partA_03_forecast_A2_ARX_I.mat,70,71,13,83,0.65006953036221,0.779412093205368,0.129342562843157,0.0167294985628361,0.129342562843157,0.0792707633217671,0.0646712814215787,0.0304910578337853,0.261556095692588,0,0,-0.7875,0.7875,0.108601450979493
A2,Policy Intervention,ARX,I,/home/kaahin/degree_project/hybrid-epidemic-forecasting/results/partA/forecasts/partA_03_forecast_A2_ARX_I.mat,70,71,14,84,0.650052251877466,0.801654695600058,0.151602443722591,0.0229833009426615,0.151602443722591,0.0950526047834598,0.0758012218612957,0.0353257140910352,0.316609785573238,0,0,-0.7875,0.7875,0.124448753720465
A2,Policy Intervention,ARX,I,/home/kaahin/degree_project/hybrid-epidemic-forecasting/results/partA/forecasts/partA_03_forecast_A2_ARX_I.mat,77,78,1,78,0.650290033264909,0.651169018583715,0.000878985318805814,7.72615190676158e-07,0.000878985318805814,0.000357383420432061,0.000439492659402907,0.00116873273254137,0,0,1,0.2125,0.2125,0.00398326711460345
A2,Policy Intervention,ARX,I,/home/kaahin/degree_project/hybrid-epidemic-forecasting/results/partA/forecasts/partA_03_forecast_A2_ARX_I.mat,77,78,2,79,0.650217977584803,0.652820162170173,0.00260218458536965,6.77136461633541e-06,0.00260218458536965,0.000851450838693849,0.00130109229268482,0.00250644418816273,2.3992293274766e-05,0,0.75,-0.0375,0.2125,0.00793027797969048
A2,Policy Intervention,ARX,I,/home/kaahin/degree_project/hybrid-epidemic-forecasting/results/partA/forecasts/partA_03_forecast_A2_ARX_I.mat,77,78,3,80,0.65016381885839,0.65542152679912,0.00525770794072955,2.76434927900106e-05,0.00525770794072955,0.00167539080743431,0.00262885397036478,0.00420678785268207,0.000703616810407537,0,0.75,-0.0375,0.2125,0.0123464446502068
A2,Policy Intervention,ARX,I,/home/kaahin/degree_project/hybrid-epidemic-forecasting/results/partA/forecasts/partA_03_forecast_A2_ARX_I.mat,77,78,4,81,0.650123113863486,0.659172524964659,0.00904941110117308,8.18918412780345e-05,0.00904941110117308,0.00288871981532497,0.00452470555058654,0.00625282623953675,0.00222170737883909,0,0.75,-0.0375,0.2125,0.0186784922377417
A2,Policy Intervention,ARX,I,/home/kaahin/degree_project/hybrid-epidemic-forecasting/results/partA/forecasts/partA_03_forecast_A2_ARX_I.mat,77,78,5,82,0.650092521628021,0.662719340262766,0.0126268186347447,0.000159436548834736,0.0126268186347447,0.00446336849103747,0.00631340931737234,0.00857096372247422,0.00520078516982203,0,0.75,-0.0375,0.2125,0.02549158618828
A2,Policy Intervention,ARX,I,/home/kaahin/degree_project/hybrid-epidemic-forecasting/results/partA/forecasts/partA_03_forecast_A2_ARX_I.mat,77,78,6,83,0.65006953036221,0.668293438615754,0.0182239082535437,0.000332110832033578,0.0182239082535437,0.0066040869305782,0.00911195412677185,0.0111200226246895,0.00948641443614051,0,0.5,-0.2875,0.3625,0.0329583942628097
A2,Policy Intervention,ARX,I,/home/kaahin/degree_project/hybrid-epidemic-forecasting/results/partA/forecasts/partA_03_forecast_A2_ARX_I.mat,77,78,7,84,0.650052251877466,0.674316784641557,0.0242645327640912,0.000588767550259657,0.0242645327640912,0.00998148235921528,0.0121322663820456,0.0133605244998898,0.0194238797345334,0,0.25,-0.5375,0.5625,0.0400572540261742
A2,Policy Intervention,ARX,I,/home/kaahin/degree_project/hybrid-epidemic-forecasting/results/partA/forecasts/partA_03_forecast_A2_ARX_I.mat,77,78,8,85,0.650039266883915,0.682452899738699,0.0324136328547839,0.00105064359484473,0.0324136328547839,0.0143963094940401,0.016206816427392,0.0157766593460469,0.0327999169497417,0,0,-0.7875,0.7875,0.0476612731371719
A2,Policy Intervention,ARX,I,/home/kaahin/degree_project/hybrid-epidemic-forecasting/results/partA/forecasts/partA_03_forecast_A2_ARX_I.mat,77,78,9,86,0.650029508614657,0.688135638191794,0.0381061295771378,0.00145207711134961,0.0381061295771378,0.0189575520826495,0.0190530647885689,0.0184557446162314,0.0478001749671223,0,0,-0.7875,0.7875,0.0573299232308403
A2,Policy Intervention,ARX,I,/home/kaahin/degree_project/hybrid-epidemic-forecasting/results/partA/forecasts/partA_03_forecast_A2_ARX_I.mat,77,78,10,87,0.650022175304055,0.696745525011173,0.046723349707118,0.00218307140785364,0.046723349707118,0.0248781229635193,0.023361674853559,0.0218241975206402,0.0667656809616375,0,0,-0.7875,0.7875,0.0679175640259316
A2,Policy Intervention,ARX,I,/home/kaahin/degree_project/hybrid-epidemic-forecasting/results/partA/forecasts/partA_03_forecast_A2_ARX_I.mat,77,78,11,88,0.650016664378755,0.70611065599045,0.0560939916116951,0.00314653589493293,0.0560939916116951,0.0300732604889626,0.0280469958058476,0.0259091808679163,0.0813734955265676,0,0,-0.7875,0.7875,0.0809338390161237
A2,Policy Intervention,ARX,I,/home/kaahin/degree_project/hybrid-epidemic-forecasting/results/partA/forecasts/partA_03_forecast_A2_ARX_I.mat,77,78,12,89,0.650012522982027,0.716518541563171,0.0665060185811432,0.00442305050751537,0.0665060185811432,0.0377348063949671,0.0332530092905716,0.0293926395144911,0.107160979972289,0,0,-0.7875,0.7875,0.0929919160056366
A2,Policy Intervention,ARX,I,/home/kaahin/degree_project/hybrid-epidemic-forecasting/results/partA/forecasts/partA_03_forecast_A2_ARX_I.mat,77,78,13,90,0.650009410781695,0.727509224201532,0.0774998134198372,0.00600622108010959,0.0774998134198372,0.0459516947784171,0.0387499067099186,0.032908251180102,0.135124468612856,0,0,-0.7875,0.7875,0.104439857514886
A2,Policy Intervention,ARX,I,/home/kaahin/degree_project/hybrid-epidemic-forecasting/results/partA/forecasts/partA_03_forecast_A2_ARX_I.mat,77,78,14,91,0.6500070720142,0.739538433749863,0.0895313617356629,0.00801586473424212,0.0895313617356629,0.0554177261784194,0.0447656808678314,0.0366412442805756,0.16797284265448,0,0,-0.7875,0.7875,0.117257159297257
A2,Policy Intervention,ARX,I,/home/kaahin/degree_project/hybrid-epidemic-forecasting/results/partA/forecasts/partA_03_forecast_A2_ARX_I.mat,84,85,1,85,0.650039266883915,0.651221483658402,0.00118221677448715,1.39763650187881e-06,0.00118221677448715,0.00039241422512384,0.000591108387243577,0.000942016767411566,0.000232738858402137,0,0.75,-0.0375,0.2125,0.00365866542417748
A2,Policy Intervention,ARX,I,/home/kaahin/degree_project/hybrid-epidemic-forecasting/results/partA/forecasts/partA_03_forecast_A2_ARX_I.mat,84,85,2,86,0.650029508614657,0.652770076340245,0.00274056772558873,7.51071145853857e-06,0.00274056772558873,0.00102371471733531,0.00137028386279436,0.00221683260402682,0.00101959976118771,0,0.75,-0.0375,0.2125,0.00806949037522128
A2,Policy Intervention,ARX,I,/home/kaahin/degree_project/hybrid-epidemic-forecasting/results/partA/forecasts/partA_03_forecast_A2_ARX_I.mat,84,85,3,87,0.650022175304055,0.654697868808956,0.00467569350490038,2.18621097517676e-05,0.00467569350490038,0.00173055637635879,0.00233784675245019,0.00363173343266052,0.00181792350850385,0,0.75,-0.0375,0.2125,0.0124925714958337
A2,Policy Intervention,ARX,I,/home/kaahin/degree_project/hybrid-epidemic-forecasting/results/partA/forecasts/partA_03_forecast_A2_ARX_I.mat,84,85,4,88,0.650016664378755,0.658116540733022,0.00809987635426768,6.56079969544246e-05,0.00809987635426768,0.00271650514847224,0.00404993817713384,0.00537777196708681,0.00279656302390441,0,0.75,-0.0375,0.2125,0.0174302494604421
A2,Policy Intervention,ARX,I,/home/kaahin/degree_project/hybrid-epidemic-forecasting/results/partA/forecasts/partA_03_forecast_A2_ARX_I.mat,84,85,5,89,0.650012522982027,0.66152650924229,0.0115139862602625,0.000132571879601513,0.0115139862602625,0.00413412037725039,0.00575699313013123,0.00698353263039492,0.00586301593710059,0,0.5,-0.2875,0.3625,0.0222002490150627
A2,Policy Intervention,ARX,I,/home/kaahin/degree_project/hybrid-epidemic-forecasting/results/partA/forecasts/partA_03_forecast_A2_ARX_I.mat,84,85,6,90,0.650009410781695,0.666147055414258,0.0161376446325634,0.000260423574286902,0.0161376446325634,0.00607067505448299,0.0080688223162817,0.00883774372239517,0.0104114717064966,0,0.5,-0.2875,0.3625,0.0277608695099666
A2,Policy Intervention,ARX,I,/home/kaahin/degree_project/hybrid-epidemic-forecasting/results/partA/forecasts/partA_03_forecast_A2_ARX_I.mat,84,85,7,91,0.6500070720142,0.670715693913566,0.0207086218993664,0.000428847020970918,0.0207086218993664,0.00808680415736964,0.0103543109496832,0.0111689365858355,0.0148673711726447,0,0.5,-0.2875,0.3625,0.0344290223620539
A2,Policy Intervention,ARX,I,/home/kaahin/degree_project/hybrid-epidemic-forecasting/results/partA/forecasts/partA_03_forecast_A2_ARX_I.mat,84,85,8,92,0.650005314472457,0.677108977024549,0.0271036625520918,0.000734608523737666,0.0271036625520918,0.0105543627311029,0.0135518312760459,0.0137201430935001,0.020222657920417,0,0.25,-0.5375,0.5625,0.0430050948275011
A2,Policy Intervention,ARX,I,/home/kaahin/degree_project/hybrid-epidemic-forecasting/results/partA/forecasts/partA_03_forecast_A2_ARX_I.mat,84,85,9,93,0.650003993713491,0.683068146122416,0.0330641524089247,0.0010932381745206,0.0330641524089247,0.0139335191682592,0.0165320762044623,0.0162960594241184,0.0298727006285858,0,0.25,-0.5375,0.5625,0.051102945732889
A2,Policy Intervention,ARX,I,/home/kaahin/degree_project/hybrid-epidemic-forecasting/results/partA/forecasts/partA_03_forecast_A2_ARX_I.mat,84,85,10,94,0.650003001189587,0.691192476124927,0.04118947493534,0.001696572845449,0.04118947493534,0.0176094261519062,0.02059473746767,0.0190183739908954,0.0396293062250124,0,0.25,-0.5375,0.5625,0.0593126465840043
A2,Policy Intervention,ARX,I,/home/kaahin/degree_project/hybrid-epidemic-forecasting/results/partA/forecasts/partA_03_forecast_A2_ARX_I.mat,84,85,11,95,0.650002255328414,0.699960160258882,0.0499579049304675,0.00249579226504163,0.0499579049304675,0.0218954133412744,0.0249789524652337,0.0218227059785246,0.0517277015919763,0,0.25,-0.5375,0.5625,0.0683763907433481
A2,Policy Intervention,ARX,I,/home/kaahin/degree_project/hybrid-epidemic-forecasting/results/partA/forecasts/partA_03_forecast_A2_ARX_I.mat,84,85,12,96,0.650001694829553,0.708898082923091,0.0588963880935373,0.00346878453046456,0.0588963880935373,0.0263019926482878,0.0294481940467686,0.0243940720483919,0.0645167008221346,0,0.25,-0.5375,0.5625,0.0767460966949021
A2,Policy Intervention,ARX,I,/home/kaahin/degree_project/hybrid-epidemic-forecasting/results/partA/forecasts/partA_03_forecast_A2_ARX_I.mat,84,85,13,97,0.65000127362675,0.7185373994239,0.0685361257971493,0.00469720053928267,0.0685361257971493,0.0305866594275851,0.0342680628985746,0.027817160411426,0.0755547441141321,0,0.25,-0.5375,0.5625,0.0858808289649736
A2,Policy Intervention,ARX,I,/home/kaahin/degree_project/hybrid-epidemic-forecasting/results/partA/forecasts/partA_03_forecast_A2_ARX_I.mat,84,85,14,98,0.650000957102049,0.726758855068555,0.0767578979665058,0.00589177490023651,0.0767578979665058,0.0363577907907227,0.0383789489832529,0.0312415801038106,0.0939895294711887,0,0,-0.7875,0.7875,0.0959808380513204
A2,Policy Intervention,ARX,I,/home/kaahin/degree_project/hybrid-epidemic-forecasting/results/partA/forecasts/partA_03_forecast_A2_ARX_I.mat,91,92,1,92,0.650005314472457,0.651058918577194,0.00105360410473676,1.11008160951815e-06,0.00105360410473676,0.000325675542226917,0.00052680205236838,0.000855890050717395,8.28478369353514e-05,0,0.75,-0.0375,0.2125,0.00321337236123012
A2,Policy Intervention,ARX,I,/home/kaahin/degree_project/hybrid-epidemic-forecasting/results/partA/forecasts/partA_03_forecast_A2_ARX_I.mat,91,92,2,93,0.650003993713491,0.65259094007301,0.00258694635951884,6.69229146702777e-06,0.00258694635951884,0.000932440264141674,0.00129347317975942,0.00189999417815631,0.00100251383072181,0,0.75,-0.0375,0.2125,0.00673601640128191
A2,Policy Intervention,ARX,I,/home/kaahin/degree_project/hybrid-epidemic-forecasting/results/partA/forecasts/partA_03_forecast_A2_ARX_I.mat,91,92,3,94,0.650003001189587,0.654805178992902,0.0048021778033156,2.3060911654657e-05,0.0048021778033156,0.00189020504860686,0.0024010889016578,0.00324130433228122,0.00286352948479185,0,0.75,-0.0375,0.2125,0.0113550680487854
A2,Policy Intervention,ARX,I,/home/kaahin/degree_project/hybrid-epidemic-forecasting/results/partA/forecasts/partA_03_forecast_A2_ARX_I.mat,91,92,4,95,0.650002255328414,0.657494745058984,0.0074924897305696,5.61374023626909e-05,0.0074924897305696,0.00284501526488195,0.0037462448652848,0.00491973154430694,0.00413659228237706,0,0.75,-0.0375,0.2125,0.016292090095674
A2,Policy Intervention,ARX,I,/home/kaahin/degree_project/hybrid-epidemic-forecasting/results/partA/forecasts/partA_03_forecast_A2_ARX_I.mat,91,92,5,96,0.650001694829553,0.660500168257552,0.0104984734279986,0.000110217944318392,0.0104984734279986,0.00403441382261324,0.00524923671399929,0.00683112765705315,0.00607449783070713,0,0.75,-0.0375,0.2125,0.0219842807241021
A2,Policy Intervention,ARX,I,/home/kaahin/degree_project/hybrid-epidemic-forecasting/results/partA/forecasts/partA_03_forecast_A2_ARX_I.mat,91,92,6,97,0.65000127362675,0.665507056448733,0.0155057828219828,0.000240429300922496,0.0155057828219828,0.00588238842108101,0.00775289141099139,0.00888093953540093,0.00983691694847222,0,0.5,-0.2875,0.3625,0.0279574775648117
A2,Policy Intervention,ARX,I,/home/kaahin/degree_project/hybrid-epidemic-forecasting/results/partA/forecasts/partA_03_forecast_A2_ARX_I.mat,91,92,7,98,0.650000957102049,0.670396134390848,0.0203951772887996,0.000415963256641566,0.0203951772887996,0.00836250081250942,0.0101975886443998,0.0102970971180391,0.0171365678938535,0,0.25,-0.5375,0.5625,0.0335735689157192
A2,Policy Intervention,ARX,I,/home/kaahin/degree_project/hybrid-epidemic-forecasting/results/partA/forecasts/partA_03_forecast_A2_ARX_I.mat,91,92,8,99,0.65000071924072,0.675909430340148,0.0259087110994284,0.000671261310833643,0.0259087110994284,0.011604675106051,0.0129543555497142,0.0128241222922342,0.0264425601352811,0,0,-0.7875,0.7875,0.0405718455327423
A2,Policy Intervention,ARX,I,/home/kaahin/degree_project/hybrid-epidemic-forecasting/results/partA/forecasts/partA_03_forecast_A2_ARX_I.mat,91,92,9,100,0.650000540493218,0.682164238896327,0.0321636984031088,0.00103450349496615,0.0321636984031088,0.0146952099784452,0.0160818492015544,0.0152307685599717,0.0348158271414772,0,0,-0.7875,0.7875,0.048421808199953
A2,Policy Intervention,ARX,I,/home/kaahin/degree_project/hybrid-epidemic-forecasting/results/partA/forecasts/partA_03_forecast_A2_ARX_I.mat,91,92,10,101,0.650000406168464,0.689470616827065,0.0394702106586005,0.0015578975294343,0.0394702106586005,0.0183116670888341,0.0197351053293002,0.0178644933954893,0.0448029031749639,0,0,-0.7875,0.7875,0.0568675973886528
A2,Policy Intervention,ARX,I,/home/kaahin/degree_project/hybrid-epidemic-forecasting/results/partA/forecasts/partA_03_forecast_A2_ARX_I.mat,91,92,11,102,0.650000305226426,0.696641630027749,0.0466413248013232,0.00217541317922253,0.0466413248013232,0.0222445304665296,0.0233206624006616,0.0198839635484423,0.0568957611502792,0,0,-0.7875,0.7875,0.0653468747710844
A2,Policy Intervention,ARX,I,/home/kaahin/degree_project/hybrid-epidemic-forecasting/results/partA/forecasts/partA_03_forecast_A2_ARX_I.mat,91,92,12,103,0.650000229370755,0.703557301262097,0.053557071891342,0.00286835994957437,0.053557071891342,0.0266896344376622,0.026778535945671,0.0228105600084325,0.0705142590153762,0,0,-0.7875,0.7875,0.0749415060267593
A2,Policy Intervention,ARX,I,/home/kaahin/degree_project/hybrid-epidemic-forecasting/results/partA/forecasts/partA_03_forecast_A2_ARX_I.mat,91,92,13,104,0.650000172366929,0.71236574703435,0.0623655746674211,0.00388946490359768,0.0623655746674211,0.0317191641810808,0.0311827873337105,0.0254674483434577,0.0860860031376955,0,0,-0.7875,0.7875,0.0849095901059199
A2,Policy Intervention,ARX,I,/home/kaahin/degree_project/hybrid-epidemic-forecasting/results/partA/forecasts/partA_03_forecast_A2_ARX_I.mat,91,92,14,105,0.650000129529842,0.719829783028519,0.069829653498677,0.00487618050774529,0.069829653498677,0.0368591349645824,0.0349148267493385,0.0282018061134043,0.102749474477878,0,0,-0.7875,0.7875,0.0942028803852163
A2,Policy Intervention,ARX,I,/home/kaahin/degree_project/hybrid-epidemic-forecasting/results/partA/forecasts/partA_03_forecast_A2_ARX_I.mat,98,99,1,99,0.65000071924072,0.650395779981571,0.000395060740851161,1.56072988961868e-07,0.000395060740851161,0.000223816118560196,0.00019753037042558,0.0008096421630953,0,0,1,0.2125,0.2125,0.00329969178814682
A2,Policy Intervention,ARX,I,/home/kaahin/degree_project/hybrid-epidemic-forecasting/results/partA/forecasts/partA_03_forecast_A2_ARX_I.mat,98,99,2,100,0.650000540493218,0.651656111453966,0.0016555709607482,2.74091520607271e-06,0.0016555709607482,0.000711412897270064,0.000827785480374099,0.00204438400874387,0.000329188548597315,0,0.75,-0.0375,0.2125,0.00749264396838012
A2,Policy Intervention,ARX,I,/home/kaahin/degree_project/hybrid-epidemic-forecasting/results/partA/forecasts/partA_03_forecast_A2_ARX_I.mat,98,99,3,101,0.650000406168464,0.653116712164394,0.00311630599592971,9.71136306026748e-06,0.00311630599592971,0.00132004535927283,0.00155815299796486,0.00313903135786984,0.00124301976089303,0,0.75,-0.0375,0.2125,0.0117429916313668
A2,Policy Intervention,ARX,I,/home/kaahin/degree_project/hybrid-epidemic-forecasting/results/partA/forecasts/partA_03_forecast_A2_ARX_I.mat,98,99,4,102,0.650000305226426,0.655191970179826,0.00519166495340029,2.69533849883648e-05,0.00519166495340029,0.00200779259729827,0.00259583247670014,0.0047691682857483,0.00167006592539376,0,0.75,-0.0375,0.2125,0.0168184401825381
A2,Policy Intervention,ARX,I,/home/kaahin/degree_project/hybrid-epidemic-forecasting/results/partA/forecasts/partA_03_forecast_A2_ARX_I.mat,98,99,5,103,0.650000229370755,0.657880846784207,0.00788061741345225,6.21041308172069e-05,0.00788061741345225,0.00275334757191512,0.00394030870672613,0.00668677120906953,0.00176298415782239,0,0.75,-0.0375,0.2125,0.0224847782228842
A2,Policy Intervention,ARX,I,/home/kaahin/degree_project/hybrid-epidemic-forecasting/results/partA/forecasts/partA_03_forecast_A2_ARX_I.mat,98,99,6,104,0.650000172366929,0.661634820084319,0.01163464771739,0.000135365027507768,0.01163464771739,0.00400562409085076,0.00581732385869499,0.00920602907693606,0.00300195547319737,0,0.75,-0.0375,0.2125,0.030232390772896
A2,Policy Intervention,ARX,I,/home/kaahin/degree_project/hybrid-epidemic-forecasting/results/partA/forecasts/partA_03_forecast_A2_ARX_I.mat,98,99,7,105,0.650000129529842,0.665099794077628,0.015099664547786,0.000227999869455665,0.015099664547786,0.00536483124690919,0.007549832273893,0.0117632254231122,0.00482868291408611,0,0.75,-0.0375,0.2125,0.0379754735926334
A2,Policy Intervention,ARX,I,/home/kaahin/degree_project/hybrid-epidemic-forecasting/results/partA/forecasts/partA_03_forecast_A2_ARX_I.mat,98,99,8,106,0.65000009733874,0.668790855188229,0.0187907578494896,0.000353092580558154,0.0187907578494896,0.0067403628046507,0.00939537892474479,0.0141262819151653,0.00680997178101805,0,0.75,-0.0375,0.2125,0.0456156614630967
A2,Policy Intervention,ARX,I,/home/kaahin/degree_project/hybrid-epidemic-forecasting/results/partA/forecasts/partA_03_forecast_A2_ARX_I.mat,98,99,9,107,0.650000073147855,0.673039118334422,0.0230390451865662,0.000530797603108639,0.0230390451865662,0.00805920386635994,0.0115195225932831,0.0170024470037943,0.00774444780154238,0,0.75,-0.0375,0.2125,0.0540434331343982
A2,Policy Intervention,ARX,I,/home/kaahin/degree_project/hybrid-epidemic-forecasting/results/partA/forecasts/partA_03_forecast_A2_ARX_I.mat,98,99,10,108,0.650000054968954,0.677880557182661,0.0278805022137071,0.000777322403688525,0.0278805022137071,0.0105281089070193,0.0139402511068535,0.0200757126744227,0.0133605263003107,0,0.5,-0.2875,0.3625,0.0632056174068429
A2,Policy Intervention,ARX,I,/home/kaahin/degree_project/hybrid-epidemic-forecasting/results/partA/forecasts/partA_03_forecast_A2_ARX_I.mat,98,99,11,109,0.650000041307922,0.682973093592857,0.0329730522849357,0.00108722217698511,0.0329730522849357,0.0127344756069699,0.0164865261424679,0.0231645902211418,0.0176540238677549,0,0.5,-0.2875,0.3625,0.0730982927994976
A2,Policy Intervention,ARX,I,/home/kaahin/degree_project/hybrid-epidemic-forecasting/results/partA/forecasts/partA_03_forecast_A2_ARX_I.mat,98,99,12,110,0.650000031041965,0.688885015502978,0.0388849844610121,0.00151204201653315,0.0388849844610121,0.015184490790768,0.019442492230506,0.0264626955457106,0.0224250207822395,0,0.5,-0.2875,0.3625,0.0833718754841211
A2,Policy Intervention,ARX,I,/home/kaahin/degree_project/hybrid-epidemic-forecasting/results/partA/forecasts/partA_03_forecast_A2_ARX_I.mat,98,99,13,111,0.650000023327333,0.695011241674452,0.0450112183471197,0.00202600977709209,0.0450112183471197,0.0184134492971282,0.0225056091735599,0.0294276408029105,0.0309272718606064,0,0.5,-0.2875,0.3625,0.0938451515851645
A2,Policy Intervention,ARX,I,/home/kaahin/degree_project/hybrid-epidemic-forecasting/results/partA/forecasts/partA_03_forecast_A2_ARX_I.mat,98,99,14,112,0.650000017529961,0.702852503244433,0.0528524857144723,0.0027933852461985,0.0528524857144723,0.0216602689608886,0.0264262428572362,0.0327227397041386,0.0383222277626238,0,0.5,-0.2875,0.3625,0.104765759692781
A2,Policy Intervention,ARX,I,/home/kaahin/degree_project/hybrid-epidemic-forecasting/results/partA/forecasts/partA_03_forecast_A2_ARX_I.mat,105,106,1,106,0.65000009733874,0.650713562002364,0.000713464663623875,5.09031826239929e-07,0.000713464663623875,0.000294375688378283,0.000356732331811938,0.000934388478001069,3.35697878892649e-05,0,0.75,-0.0375,0.2125,0.00381086763953301
A2,Policy Intervention,ARX,I,/home/kaahin/degree_project/hybrid-epidemic-forecasting/results/partA/forecasts/partA_03_forecast_A2_ARX_I.mat,105,106,2,107,0.650000073147855,0.651850474538567,0.0018504013907118,3.42398530674816e-06,0.0018504013907118,0.00076922465862499,0.000925200695355899,0.00216273038228141,0.000373579886175146,0,0.75,-0.0375,0.2125,0.00847167676982563
A2,Policy Intervention,ARX,I,/home/kaahin/degree_project/hybrid-epidemic-forecasting/results/partA/forecasts/partA_03_forecast_A2_ARX_I.mat,105,106,3,108,0.650000054968954,0.653048273348799,0.00304821837984515,9.29163529122577e-06,0.00304821837984515,0.00141637694632105,0.00152410918992257,0.00354716431148118,0.00130242275704096,0,0.75,-0.0375,0.2125,0.0136382639641491
A2,Policy Intervention,ARX,I,/home/kaahin/degree_project/hybrid-epidemic-forecasting/results/partA/forecasts/partA_03_forecast_A2_ARX_I.mat,105,106,4,109,0.650000041307922,0.655372829066042,0.00537278775812056,2.88668482938101e-05,0.00537278775812056,0.00225342832510216,0.00268639387906028,0.00548654392654774,0.00196748965735172,0,0.75,-0.0375,0.2125,0.0196492168593223
A2,Policy Intervention,ARX,I,/home/kaahin/degree_project/hybrid-epidemic-forecasting/results/partA/forecasts/partA_03_forecast_A2_ARX_I.mat,105,106,5,110,0.650000031041965,0.657218113926477,0.00721808288451153,5.21007205276783e-05,0.00721808288451153,0.00296898942633542,0.00360904144225577,0.0073540238717663,0.00239738710448734,0,0.75,-0.0375,0.2125,0.0259133416636415
A2,Policy Intervention,ARX,I,/home/kaahin/degree_project/hybrid-epidemic-forecasting/results/partA/forecasts/partA_03_forecast_A2_ARX_I.mat,105,106,6,111,0.650000023327333,0.659588915860021,0.00958889253268802,9.19468600034401e-05,0.00958889253268802,0.00396721570672865,0.00479444626634401,0.00934674038326181,0.00371128403067311,0,0.75,-0.0375,0.2125,0.0324811979012423
A2,Policy Intervention,ARX,I,/home/kaahin/degree_project/hybrid-epidemic-forecasting/results/partA/forecasts/partA_03_forecast_A2_ARX_I.mat,105,106,7,112,0.650000017529961,0.66247995883472,0.0124799413047588,0.000155748934970225,0.0124799413047588,0.00513871439977443,0.00623997065237941,0.0120741884753879,0.00481005567121762,0,0.75,-0.0375,0.2125,0.0411727953733283
A2,Policy Intervention,ARX,I,/home/kaahin/degree_project/hybrid-epidemic-forecasting/results/partA/forecasts/partA_03_forecast_A2_ARX_I.mat,105,106,8,113,0.650000013173368,0.666423659749304,0.0164236465759359,0.00026973616685125,0.0164236465759359,0.00638700308142776,0.00821182328796793,0.0149560622653858,0.00557362831307118,0,0.75,-0.0375,0.2125,0.050044106505324
A2,Policy Intervention,ARX,I,/home/kaahin/degree_project/hybrid-epidemic-forecasting/results/partA/forecasts/partA_03_forecast_A2_ARX_I.mat,105,106,9,114,0.650000009899487,0.670401524007387,0.0204015141079004,0.000416221777894858,0.0204015141079004,0.00782355330259907,0.0102007570539502,0.0176853360534908,0.00731989675425482,0,0.75,-0.0375,0.2125,0.0598993304881355
A2,Policy Intervention,ARX,I,/home/kaahin/degree_project/hybrid-epidemic-forecasting/results/partA/forecasts/partA_03_forecast_A2_ARX_I.mat,105,106,10,115,0.650000007439239,0.674684640980525,0.0246846335412855,0.000609331133067556,0.0246846335412855,0.00921745139709479,0.0123423167706427,0.0203836424683002,0.00875257204798363,0,0.75,-0.0375,0.2125,0.0697955318900145
A2,Policy Intervention,ARX,I,/home/kaahin/degree_project/hybrid-epidemic-forecasting/results/partA/forecasts/partA_03_forecast_A2_ARX_I.mat,105,106,11,116,0.65000000559042,0.67955103686196,0.0295510312715399,0.00087326344921153,0.0295510312715399,0.0111074136461831,0.01477551563577,0.0235187386513433,0.0116891071207107,0,0.75,-0.0375,0.2125,0.0797474047022352
A2,Policy Intervention,ARX,I,/home/kaahin/degree_project/hybrid-epidemic-forecasting/results/partA/forecasts/partA_03_forecast_A2_ARX_I.mat,105,106,12,117,0.650000004201073,0.685174525876882,0.0351745216758091,0.00123724697512197,0.0351745216758091,0.0132351298514229,0.0175872608379046,0.0268183066718199,0.0151525168216786,0,0.75,-0.0375,0.2125,0.0899216564932043
A2,Policy Intervention,ARX,I,/home/kaahin/degree_project/hybrid-epidemic-forecasting/results/partA/forecasts/partA_03_forecast_A2_ARX_I.mat,105,106,13,118,0.650000003157011,0.691031365654763,0.0410313624977522,0.00168357270842194,0.0410313624977522,0.0151170536035277,0.0205156812488761,0.0307947685567707,0.016716291410228,0,0.75,-0.0375,0.2125,0.100452950803432
A2,Policy Intervention,ARX,I,/home/kaahin/degree_project/hybrid-epidemic-forecasting/results/partA/forecasts/partA_03_forecast_A2_ARX_I.mat,105,106,14,119,0.650000002372422,0.695933903452446,0.045933901080024,0.00210992326842943,0.045933901080024,0.0170284743665504,0.022966950540012,0.0343735405329711,0.0192876435764938,0,0.75,-0.0375,0.2125,0.110514144882705
A2,Policy Intervention,ARX,I,/home/kaahin/degree_project/hybrid-epidemic-forecasting/results/partA/forecasts/partA_03_forecast_A2_ARX_I.mat,112,113,1,113,0.650000013173368,0.650864029178177,0.000864016004808899,7.46523656565931e-07,0.000864016004808899,0.000252818051549609,0.000432008002404449,0.000686541947858629,1.91312817101608e-05,0,0.75,-0.0375,0.2125,0.00304862408706663
A2,Policy Intervention,ARX,I,/home/kaahin/degree_project/hybrid-epidemic-forecasting/results/partA/forecasts/partA_03_forecast_A2_ARX_I.mat,112,113,2,114,0.650000009899487,0.651835797677539,0.00183578777805182,3.37011676604445e-06,0.00183578777805182,0.000670004020180264,0.000917893889025911,0.00175386670309192,0.00034325749869335,0,0.75,-0.0375,0.2125,0.00670779707908359
A2,Policy Intervention,ARX,I,/home/kaahin/degree_project/hybrid-epidemic-forecasting/results/partA/forecasts/partA_03_forecast_A2_ARX_I.mat,112,113,3,115,0.650000007439239,0.653557794798209,0.00355778735896972,1.26578508916447e-05,0.00355778735896972,0.0013019077182996,0.00177889367948486,0.00304601507533888,0.00103367597752446,0,0.75,-0.0375,0.2125,0.0107716931017067
A2,Policy Intervention,ARX,I,/home/kaahin/degree_project/hybrid-epidemic-forecasting/results/partA/forecasts/partA_03_forecast_A2_ARX_I.mat,112,113,4,116,0.65000000559042,0.655722432528901,0.00572242693848168,3.27461700662609e-05,0.00572242693848168,0.0021128371007074,0.00286121346924084,0.0042338636451283,0.00241268983881415,0,0.75,-0.0375,0.2125,0.0145910832312229
A2,Policy Intervention,ARX,I,/home/kaahin/degree_project/hybrid-epidemic-forecasting/results/partA/forecasts/partA_03_forecast_A2_ARX_I.mat,112,113,5,117,0.650000004201073,0.658627262020824,0.00862725781975116,7.44295774884575e-05,0.00862725781975116,0.003101071719726,0.00431362890987558,0.00587698671776396,0.00376420711112746,0,0.75,-0.0375,0.2125,0.0195871079665313
A2,Policy Intervention,ARX,I,/home/kaahin/degree_project/hybrid-epidemic-forecasting/results/partA/forecasts/partA_03_forecast_A2_ARX_I.mat,112,113,6,118,0.650000003157011,0.661008023908818,0.0110080207518063,0.000121176520872198,0.0110080207518063,0.00413473641199494,0.00550401037590315,0.00765127976013772,0.00545102371793638,0,0.75,-0.0375,0.2125,0.0249983222845735
A2,Policy Intervention,ARX,I,/home/kaahin/degree_project/hybrid-epidemic-forecasting/results/partA/forecasts/partA_03_forecast_A2_ARX_I.mat,112,113,7,119,0.650000002372422,0.663857387683024,0.0138573853106015,0.000192027127646475,0.0138573853106015,0.00507635209418423,0.00692869265530077,0.00958297989962759,0.0063319118689007,0,0.75,-0.0375,0.2125,0.0317478753640721
A2,Policy Intervention,ARX,I,/home/kaahin/degree_project/hybrid-epidemic-forecasting/results/partA/forecasts/partA_03_forecast_A2_ARX_I.mat,112,113,8,120,0.650000001782821,0.668476535080736,0.0184765332979143,0.000341382282708937,0.0184765332979143,0.00653031223784121,0.00923826664895716,0.0111802510571389,0.00896788736418941,0,0.5,-0.2875,0.3625,0.0384751703036226
A2,Policy Intervention,ARX,I,/home/kaahin/degree_project/hybrid-epidemic-forecasting/results/partA/forecasts/partA_03_forecast_A2_ARX_I.mat,112,113,9,121,0.65000000133975,0.671866800151267,0.0218667988115168,0.000478156890263351,0.0218667988115168,0.00792586354764407,0.0109333994057584,0.0130041605715981,0.0117288259870418,0,0.75,-0.0375,0.2125,0.0460550578529893
A2,Policy Intervention,ARX,I,/home/kaahin/degree_project/hybrid-epidemic-forecasting/results/partA/forecasts/partA_03_forecast_A2_ARX_I.mat,112,113,10,122,0.650000001006792,0.676409192480818,0.0264091914740269,0.000697445394311814,0.0264091914740269,0.00962646895883392,0.0132045957370134,0.0155096665404423,0.0146048480372969,0,0.75,-0.0375,0.2125,0.054689905141542
A2,Policy Intervention,ARX,I,/home/kaahin/degree_project/hybrid-epidemic-forecasting/results/partA/forecasts/partA_03_forecast_A2_ARX_I.mat,112,113,11,123,0.650000000756581,0.680950628807507,0.0309506280509256,0.000957941376746745,0.0309506280509256,0.0112592690901206,0.0154753140254628,0.0180788624009042,0.0171125344791756,0,0.75,-0.0375,0.2125,0.0635832027934181
A2,Policy Intervention,ARX,I,/home/kaahin/degree_project/hybrid-epidemic-forecasting/results/partA/forecasts/partA_03_forecast_A2_ARX_I.mat,112,113,12,124,0.650000000568553,0.685839614887835,0.0358396143192815,0.00128447795455485,0.0358396143192815,0.0133240961999203,0.0179198071596408,0.019531923199849,0.0225067025401515,0,0.5,-0.2875,0.3625,0.0714428382056179
A2,Policy Intervention,ARX,I,/home/kaahin/degree_project/hybrid-epidemic-forecasting/results/partA/forecasts/partA_03_forecast_A2_ARX_I.mat,112,113,13,125,0.650000000427255,0.692641106138135,0.0426411057108801,0.00181826389624645,0.0426411057108801,0.0159004195171223,0.02132055285544,0.0221805545338263,0.028050780437784,0,0.5,-0.2875,0.3625,0.0798474405546774
A2,Policy Intervention,ARX,I,/home/kaahin/degree_project/hybrid-epidemic-forecasting/results/partA/forecasts/partA_03_forecast_A2_ARX_I.mat,112,113,14,126,0.650000000321072,0.698530532017862,0.0485305316967893,0.00235521250677307,0.0485305316967893,0.0187378671395099,0.0242652658483947,0.0239042349641506,0.0361509013152491,0,0.5,-0.2875,0.3625,0.0871951392501578
A2,Policy Intervention,ARX,I,/home/kaahin/degree_project/hybrid-epidemic-forecasting/results/partA/forecasts/partA_03_forecast_A2_ARX_I.mat,119,120,1,120,0.650000001782821,0.650181214543112,0.000181212760290927,3.28380644922571e-08,0.000181212760290927,0.000213350181394674,9.06063801454637e-05,0.000844574887356045,2.48945487745234e-05,0,0.75,-0.0375,0.2125,0.00351646700852778
A2,Policy Intervention,ARX,I,/home/kaahin/degree_project/hybrid-epidemic-forecasting/results/partA/forecasts/partA_03_forecast_A2_ARX_I.mat,119,120,2,121,0.65000000133975,0.650919246820013,0.000919245480262676,8.45012252983358e-07,0.000919245480262676,0.000480142506316082,0.000459622740131338,0.00162742040973136,7.3598128559671e-05,0,0.75,-0.0375,0.2125,0.00658654679701423
A2,Policy Intervention,ARX,I,/home/kaahin/degree_project/hybrid-epidemic-forecasting/results/partA/forecasts/partA_03_forecast_A2_ARX_I.mat,119,120,3,122,0.650000001006792,0.651890531343902,0.00189053033711017,3.57410495553391e-06,0.00189053033711017,0.000833310035934543,0.000945265168555087,0.00280462999315036,0,0,1,0.2125,0.2125,0.010448006194551
A2,Policy Intervention,ARX,I,/home/kaahin/degree_project/hybrid-epidemic-forecasting/results/partA/forecasts/partA_03_forecast_A2_ARX_I.mat,119,120,4,123,0.650000000756581,0.652945962712319,0.00294596195573815,8.67869184465656e-06,0.00294596195573815,0.00139743038648218,0.00147298097786908,0.00431853762045886,0.000496918140841851,0,0.75,-0.0375,0.2125,0.0155512647570684
A2,Policy Intervention,ARX,I,/home/kaahin/degree_project/hybrid-epidemic-forecasting/results/partA/forecasts/partA_03_forecast_A2_ARX_I.mat,119,120,5,124,0.650000000568553,0.654689454916162,0.00468945434760848,2.19909820783041e-05,0.00468945434760848,0.00208905723571835,0.00234472717380424,0.00633250046593846,0.000723529920989896,0,0.75,-0.0375,0.2125,0.0214184946285797
A2,Policy Intervention,ARX,I,/home/kaahin/degree_project/hybrid-epidemic-forecasting/results/partA/forecasts/partA_03_forecast_A2_ARX_I.mat,119,120,6,125,0.650000000427255,0.656894022564652,0.00689402213739665,4.75275412309151e-05,0.00689402213739665,0.00298694787171655,0.00344701106869832,0.0084708032356338,0.00152345111839236,0,0.75,-0.0375,0.2125,0.0270437562327882
A2,Policy Intervention,ARX,I,/home/kaahin/degree_project/hybrid-epidemic-forecasting/results/partA/forecasts/partA_03_forecast_A2_ARX_I.mat,119,120,7,126,0.650000000321072,0.659231654969129,0.00923165464805664,8.52234475409858e-05,0.00923165464805664,0.00380775938670852,0.00461582732402832,0.0108067849138065,0.00171230500235353,0,0.75,-0.0375,0.2125,0.0333445624231717
A2,Policy Intervention,ARX,I,/home/kaahin/degree_project/hybrid-epidemic-forecasting/results/partA/forecasts/partA_03_forecast_A2_ARX_I.mat,119,120,8,127,0.650000000241279,0.662085928318378,0.0120859280770995,0.000146069657484822,0.0120859280770995,0.0047708973579335,0.00604296403854976,0.0125533510788422,0.00287272299330876,0,0.75,-0.0375,0.2125,0.0397024769114332
A2,Policy Intervention,ARX,I,/home/kaahin/degree_project/hybrid-epidemic-forecasting/results/partA/forecasts/partA_03_forecast_A2_ARX_I.mat,119,120,9,128,0.650000000181315,0.664697169265185,0.0146971690838699,0.00021600677907986,0.0146971690838699,0.00565874362236759,0.00734858454193493,0.0146306260678888,0.00348513569083042,0,0.75,-0.0375,0.2125,0.0469450117558347
A2,Policy Intervention,ARX,I,/home/kaahin/degree_project/hybrid-epidemic-forecasting/results/partA/forecasts/partA_03_forecast_A2_ARX_I.mat,119,120,10,129,0.650000000136254,0.668794843265155,0.018794843128901,0.000353246128239997,0.018794843128901,0.00689548715976272,0.0093974215644505,0.0168010026347397,0.00483126801974199,0,0.75,-0.0375,0.2125,0.0537751015938409
A2,Policy Intervention,ARX,I,/home/kaahin/degree_project/hybrid-epidemic-forecasting/results/partA/forecasts/partA_03_forecast_A2_ARX_I.mat,119,120,11,130,0.650000000102392,0.674687336424115,0.0246873363217234,0.000609464574661882,0.0246873363217234,0.00826123063091578,0.0123436681608617,0.019101100969381,0.00573076870887834,0,0.75,-0.0375,0.2125,0.06060673479398
A2,Policy Intervention,ARX,I,/home/kaahin/degree_project/hybrid-epidemic-forecasting/results/partA/forecasts/partA_03_forecast_A2_ARX_I.mat,119,120,12,131,0.650000000076945,0.67865107538982,0.0286510753128746,0.000820884116584012,0.0286510753128746,0.00974866494402969,0.0143255376564373,0.0212567134897941,0.0082867411019022,0,0.75,-0.0375,0.2125,0.0674349653462501
A2,Policy Intervention,ARX,I,/home/kaahin/degree_project/hybrid-epidemic-forecasting/results/partA/forecasts/partA_03_forecast_A2_ARX_I.mat,119,120,13,132,0.650000000057823,0.68184912498127,0.0318491249234473,0.00101436675838935,0.0318491249234473,0.0110256222497315,0.0159245624617236,0.0233109694068838,0.0103797682551844,0,0.75,-0.0375,0.2125,0.0743500122529226
A2,Policy Intervention,ARX,I,/home/kaahin/degree_project/hybrid-epidemic-forecasting/results/partA/forecasts/partA_03_forecast_A2_ARX_I.mat,119,120,14,133,0.650000000043452,0.685675078551426,0.0356750785079732,0.00127271122655005,0.0356750785079732,0.0127272806954114,0.0178375392539866,0.0256427791419894,0.0137924447333752,0,0.75,-0.0375,0.2125,0.0817031354641261
A2,Policy Intervention,ARX,I,/home/kaahin/degree_project/hybrid-epidemic-forecasting/results/partA/forecasts/partA_03_forecast_A2_ARX_I.mat,126,127,1,127,0.650000000241279,0.650237696335628,0.00023769609434976,5.64994332691299e-08,0.00023769609434976,0.000162600282817556,0.00011884804717488,0.000524109274982182,8.87439505219412e-05,0,0.5,-0.2875,0.3625,0.0023103147590785
A2,Policy Intervention,ARX,I,/home/kaahin/degree_project/hybrid-epidemic-forecasting/results/partA/forecasts/partA_03_forecast_A2_ARX_I.mat,126,127,2,128,0.650000000181315,0.651159156380354,0.00115915619903839,1.34364309376913e-06,0.00115915619903839,0.00055061709227017,0.000579578099519196,0.00170162177543536,0.000196577040261214,0,0.75,-0.0375,0.2125,0.00677225713636442
A2,Policy Intervention,ARX,I,/home/kaahin/degree_project/hybrid-epidemic-forecasting/results/partA/forecasts/partA_03_forecast_A2_ARX_I.mat,126,127,3,129,0.650000000136254,0.652258033471089,0.00225803333483499,5.09871454122601e-06,0.00225803333483499,0.00105276861539934,0.00112901666741749,0.00311679787454173,0.000491644227337829,0,0.75,-0.0375,0.2125,0.0119138758189618
A2,Policy Intervention,ARX,I,/home/kaahin/degree_project/hybrid-epidemic-forecasting/results/partA/forecasts/partA_03_forecast_A2_ARX_I.mat,126,127,4,130,0.650000000102392,0.653730879430403,0.00373087932801075,1.39194605601779e-05,0.00373087932801075,0.0017085383574208,0.00186543966400537,0.0046863447280661,0.00113663821632215,0,0.75,-0.0375,0.2125,0.0175278144083125
A2,Policy Intervention,ARX,I,/home/kaahin/degree_project/hybrid-epidemic-forecasting/results/partA/forecasts/partA_03_forecast_A2_ARX_I.mat,126,127,5,131,0.650000000076945,0.655748184985862,0.00574818490891682,3.30416297470991e-05,0.00574818490891682,0.00242742379257689,0.00287409245445841,0.00626860342500596,0.00178071118713163,0,0.75,-0.0375,0.2125,0.0229817319026372
A2,Policy Intervention,ARX,I,/home/kaahin/degree_project/hybrid-epidemic-forecasting/results/partA/forecasts/partA_03_forecast_A2_ARX_I.mat,126,127,6,132,0.650000000057823,0.658187983123403,0.00818798306557988,6.7043066682223e-05,0.00818798306557988,0.00331454469443066,0.00409399153278994,0.00819081865526221,0.00263064093688581,0,0.75,-0.0375,0.2125,0.0293245740679678
A2,Policy Intervention,ARX,I,/home/kaahin/degree_project/hybrid-epidemic-forecasting/results/partA/forecasts/partA_03_forecast_A2_ARX_I.mat,126,127,7,133,0.650000000043452,0.660883755809466,0.0108837557660136,0.000118456139574235,0.0108837557660136,0.00435456637263048,0.00544187788300682,0.0105569609629023,0.00359670983092808,0,0.75,-0.0375,0.2125,0.0369338559715746
A2,Policy Intervention,ARX,I,/home/kaahin/degree_project/hybrid-epidemic-forecasting/results/partA/forecasts/partA_03_forecast_A2_ARX_I.mat,126,127,8,134,0.650000000032654,0.663635979008867,0.0136359789762133,0.00018593992263973,0.0136359789762133,0.00545390978877553,0.00681798948810663,0.0128452678410471,0.00487933672033614,0,0.75,-0.0375,0.2125,0.0449357839911075
A2,Policy Intervention,ARX,I,/home/kaahin/degree_project/hybrid-epidemic-forecasting/results/partA/forecasts/partA_03_forecast_A2_ARX_I.mat,126,127,9,135,0.650000000024538,0.667327517614901,0.0173275175903629,0.000300242865844335,0.0173275175903629,0.00672273260615899,0.00866375879518144,0.0157514120880672,0.00583712584446683,0,0.75,-0.0375,0.2125,0.053532607152968
A2,Policy Intervention,ARX,I,/home/kaahin/degree_project/hybrid-epidemic-forecasting/results/partA/forecasts/partA_03_forecast_A2_ARX_I.mat,126,127,10,136,0.65000000001844,0.672049472495436,0.0220494724769962,0.000486179236513812,0.0220494724769962,0.00828224467753654,0.0110247362384981,0.0182989119668837,0.00794645284353268,0,0.75,-0.0375,0.2125,0.0614481578831672
A2,Policy Intervention,ARX,I,/home/kaahin/degree_project/hybrid-epidemic-forecasting/results/partA/forecasts/partA_03_forecast_A2_ARX_I.mat,126,127,11,137,0.650000000013857,0.67627350086285,0.0262735008489924,0.000690296846862003,0.0262735008489924,0.00972991898582787,0.0131367504244962,0.0206577561912262,0.00999012882050299,0,0.75,-0.0375,0.2125,0.0693748944529135
A2,Policy Intervention,ARX,I,/home/kaahin/degree_project/hybrid-epidemic-forecasting/results/partA/forecasts/partA_03_forecast_A2_ARX_I.mat,126,127,12,138,0.650000000010413,0.679583689446379,0.0295836894359653,0.000875194680643647,0.0295836894359653,0.0110706475410016,0.0147918447179827,0.022970446230993,0.0120556229855316,0,0.75,-0.0375,0.2125,0.0767054718025497
A2,Policy Intervention,ARX,I,/home/kaahin/degree_project/hybrid-epidemic-forecasting/results/partA/forecasts/partA_03_forecast_A2_ARX_I.mat,126,127,13,139,0.650000000007826,0.684751137888096,0.0347511378802707,0.00120764158397359,0.0347511378802707,0.0128165912016359,0.0173755689401354,0.0255221027686273,0.0147769886985988,0,0.75,-0.0375,0.2125,0.0849486388566139
A2,Policy Intervention,ARX,I,/home/kaahin/degree_project/hybrid-epidemic-forecasting/results/partA/forecasts/partA_03_forecast_A2_ARX_I.mat,126,127,14,140,0.650000000005881,0.689718702055093,0.0397187020492126,0.00157757529247412,0.0397187020492126,0.0144012669384557,0.0198593510246063,0.0279529375822638,0.0169934126161807,0,0.75,-0.0375,0.2125,0.0932489957618163
A2,Policy Intervention,ARX,I,/home/kaahin/degree_project/hybrid-epidemic-forecasting/results/partA/forecasts/partA_03_forecast_A2_ARX_I.mat,133,134,1,134,0.650000000032654,0.65018352550919,0.000183525476536106,3.36816005378048e-08,0.000183525476536106,0.000149496798194468,9.1762738268053e-05,0.000486377725228213,9.45951283788382e-05,0,0.5,-0.2875,0.3625,0.00205439978453967
A2,Policy Intervention,ARX,I,/home/kaahin/degree_project/hybrid-epidemic-forecasting/results/partA/forecasts/partA_03_forecast_A2_ARX_I.mat,133,134,2,135,0.650000000024538,0.650810938144546,0.00081093812000721,6.57620634480828e-07,0.00081093812000721,0.000443253521350707,0.000405469060003605,0.00142907888906866,0.000160092897005915,0,0.75,-0.0375,0.2125,0.00533713806306482
A2,Policy Intervention,ARX,I,/home/kaahin/degree_project/hybrid-epidemic-forecasting/results/partA/forecasts/partA_03_forecast_A2_ARX_I.mat,133,134,3,136,0.65000000001844,0.651789202483781,0.00178920246534064,3.20124546198104e-06,0.00178920246534064,0.00075615684457993,0.000894601232670322,0.00250810456793936,0,0,1,0.2125,0.2125,0.00840303268162312
A2,Policy Intervention,ARX,I,/home/kaahin/degree_project/hybrid-epidemic-forecasting/results/partA/forecasts/partA_03_forecast_A2_ARX_I.mat,133,134,4,137,0.650000000013857,0.652873533581899,0.00287353356804176,8.25719516666283e-06,0.00287353356804176,0.00117749193232214,0.00143676678402088,0.00386194691142875,0,0,1,0.2125,0.2125,0.0124556450276523
A2,Policy Intervention,ARX,I,/home/kaahin/degree_project/hybrid-epidemic-forecasting/results/partA/forecasts/partA_03_forecast_A2_ARX_I.mat,133,134,5,138,0.650000000010413,0.653418064307035,0.00341806429662106,1.16831635358356e-05,0.00341806429662106,0.00178455227712025,0.00170903214831053,0.00534424223520782,0.000977210863522759,0,0.75,-0.0375,0.2125,0.0171497788678526
A2,Policy Intervention,ARX,I,/home/kaahin/degree_project/hybrid-epidemic-forecasting/results/partA/forecasts/partA_03_forecast_A2_ARX_I.mat,133,134,6,139,0.650000000007826,0.655705676299146,0.00570567629132002,3.25547419413313e-05,0.00570567629132002,0.00250350650548776,0.00285283814566001,0.00715167776691475,0.00126126336212018,0,0.75,-0.0375,0.2125,0.0235006878375196
A2,Policy Intervention,ARX,I,/home/kaahin/degree_project/hybrid-epidemic-forecasting/results/partA/forecasts/partA_03_forecast_A2_ARX_I.mat,133,134,7,140,0.650000000005881,0.658756523867428,0.00875652386154735,7.66767101378481e-05,0.00875652386154735,0.00323512248272125,0.00437826193077367,0.00928408644325224,0.000895702798219711,0,0.75,-0.0375,0.2125,0.0300136243883853
A2,Policy Intervention,ARX,I,/home/kaahin/degree_project/hybrid-epidemic-forecasting/results/partA/forecasts/partA_03_forecast_A2_ARX_I.mat,133,134,8,141,0.650000000004419,0.661643352001853,0.0116433519974337,0.000135567645736144,0.0116433519974337,0.0041345935341906,0.00582167599871686,0.0115458144351693,0.00123818046997159,0,0.75,-0.0375,0.2125,0.037289308099572
A2,Policy Intervention,ARX,I,/home/kaahin/degree_project/hybrid-epidemic-forecasting/results/partA/forecasts/partA_03_forecast_A2_ARX_I.mat,133,134,9,142,0.650000000003321,0.66532394796379,0.0153239479604694,0.000234823381095175,0.0153239479604694,0.00550606893018509,0.00766197398023472,0.0137995395806388,0.0033157966249594,0,0.75,-0.0375,0.2125,0.0447692303487394
A2,Policy Intervention,ARX,I,/home/kaahin/degree_project/hybrid-epidemic-forecasting/results/partA/forecasts/partA_03_forecast_A2_ARX_I.mat,133,134,10,143,0.650000000002496,0.667313599352854,0.0173135993503587,0.000299760722464741,0.0173135993503587,0.00681394860151184,0.00865679967517935,0.0160092808712591,0.0059966881603648,0,0.75,-0.0375,0.2125,0.0525204274089581
A2,Policy Intervention,ARX,I,/home/kaahin/degree_project/hybrid-epidemic-forecasting/results/partA/forecasts/partA_03_forecast_A2_ARX_I.mat,133,134,11,144,0.650000000001875,0.671665516690081,0.0216655166882052,0.000469394613366896,0.0216655166882052,0.00857330435356266,0.0108327583441026,0.0176766340901443,0.0100704771567851,0,0.75,-0.0375,0.2125,0.0598317532572478
A2,Policy Intervention,ARX,I,/home/kaahin/degree_project/hybrid-epidemic-forecasting/results/partA/forecasts/partA_03_forecast_A2_ARX_I.mat,133,134,12,145,0.650000000001409,0.676389058774541,0.026389058773132,0.000696382422931816,0.026389058773132,0.0101153879388926,0.013194529386566,0.0202968388362575,0.0120278775021933,0,0.75,-0.0375,0.2125,0.0680688534777704
A2,Policy Intervention,ARX,I,/home/kaahin/degree_project/hybrid-epidemic-forecasting/results/partA/forecasts/partA_03_forecast_A2_ARX_I.mat,133,134,13,146,0.650000000001059,0.680541145786529,0.0305411457854695,0.000932761585889302,0.0305411457854695,0.0113376316253358,0.0152705728927348,0.0235425269665049,0.0122062424547713,0,0.75,-0.0375,0.2125,0.076799865409892
A2,Policy Intervention,ARX,I,/home/kaahin/degree_project/hybrid-epidemic-forecasting/results/partA/forecasts/partA_03_forecast_A2_ARX_I.mat,133,134,14,147,0.650000000000796,0.685901348903989,0.0359013489031931,0.0012889068530688,0.0359013489031931,0.0128747942181172,0.0179506744515965,0.0267960618049212,0.0131898377250095,0,0.75,-0.0375,0.2125,0.0854163528725133
A2,Policy Intervention,ARX,I,/home/kaahin/degree_project/hybrid-epidemic-forecasting/results/partA/forecasts/partA_03_forecast_A2_ARX_I.mat,140,141,1,141,0.650000000004419,0.650161234636958,0.000161234632538809,2.59966067299248e-08,0.000161234632538809,0.000185130944740062,8.06173162694046e-05,0.000688536610505033,6.39353245558416e-05,0,0.75,-0.0375,0.2125,0.00305378493800684
A2,Policy Intervention,ARX,I,/home/kaahin/degree_project/hybrid-epidemic-forecasting/results/partA/forecasts/partA_03_forecast_A2_ARX_I.mat,140,141,2,142,0.650000000003321,0.651006753960049,0.00100675395672778,1.01355352938704e-06,0.00100675395672778,0.000541599372576736,0.00050337697836389,0.00163674112869274,0.000297079069538686,0,0.75,-0.0375,0.2125,0.00700134237998937
A2,Policy Intervention,ARX,I,/home/kaahin/degree_project/hybrid-epidemic-forecasting/results/partA/forecasts/partA_03_forecast_A2_ARX_I.mat,140,141,3,143,0.650000000002496,0.652489859059604,0.00248985905710841,6.19939812426479e-06,0.00248985905710841,0.00110292899113985,0.00124492952855421,0.00289470895863579,0.000823541972939323,0,0.75,-0.0375,0.2125,0.0114711603043449
A2,Policy Intervention,ARX,I,/home/kaahin/degree_project/hybrid-epidemic-forecasting/results/partA/forecasts/partA_03_forecast_A2_ARX_I.mat,140,141,4,144,0.650000000001875,0.653779127390135,0.00377912738826003,1.42818038166971e-05,0.00377912738826003,0.00171453595583494,0.00188956369413001,0.00457029671626947,0.00125555139085776,0,0.75,-0.0375,0.2125,0.0164919793042295
A2,Policy Intervention,ARX,I,/home/kaahin/degree_project/hybrid-epidemic-forecasting/results/partA/forecasts/partA_03_forecast_A2_ARX_I.mat,140,141,5,145,0.650000000001409,0.655792032078981,0.00579203207757206,3.35476355876237e-05,0.00579203207757206,0.00255111917091426,0.00289601603878603,0.00637808487572556,0.00220593535460256,0,0.75,-0.0375,0.2125,0.0221639242326905
A2,Policy Intervention,ARX,I,/home/kaahin/degree_project/hybrid-epidemic-forecasting/results/partA/forecasts/partA_03_forecast_A2_ARX_I.mat,140,141,6,146,0.650000000001059,0.656855702265761,0.00685570226470178,4.70006535422371e-05,0.00685570226470178,0.00323187835934864,0.00342785113235089,0.00812747904602225,0.00298812243869573,0,0.75,-0.0375,0.2125,0.0281744077609572
A2,Policy Intervention,ARX,I,/home/kaahin/degree_project/hybrid-epidemic-forecasting/results/partA/forecasts/partA_03_forecast_A2_ARX_I.mat,140,141,7,147,0.650000000000796,0.660475867464175,0.0104758674633788,0.000109743799110279,0.0104758674633788,0.00422098112012091,0.0052379337316894,0.0104558220212136,0.00330065928764112,0,0.75,-0.0375,0.2125,0.0346225082337548
A2,Policy Intervention,ARX,I,/home/kaahin/degree_project/hybrid-epidemic-forecasting/results/partA/forecasts/partA_03_forecast_A2_ARX_I.mat,140,141,8,148,0.650000000000598,0.664083373811273,0.0140833738106751,0.000198341417891211,0.0140833738106751,0.0053305291111628,0.00704168690533757,0.0125964258574946,0.00434926823740045,0,0.75,-0.0375,0.2125,0.0404909489034537
A2,Policy Intervention,ARX,I,/home/kaahin/degree_project/hybrid-epidemic-forecasting/results/partA/forecasts/partA_03_forecast_A2_ARX_I.mat,140,141,9,149,0.650000000000449,0.667400969218826,0.0174009692183766,0.000302793729738891,0.0174009692183766,0.00641639919389846,0.00870048460918832,0.0150522827002515,0.0051210290631033,0,0.75,-0.0375,0.2125,0.0469397875806357
A2,Policy Intervention,ARX,I,/home/kaahin/degree_project/hybrid-epidemic-forecasting/results/partA/forecasts/partA_03_forecast_A2_ARX_I.mat,140,141,10,150,0.650000000000338,0.669732973300528,0.0197329733001902,0.000389390235266019,0.0197329733001902,0.00736820090482013,0.0098664866500951,0.0175178317893656,0.00577258563222993,0,0.75,-0.0375,0.2125,0.0535830564295645
A2,Policy Intervention,ARX,I,/home/kaahin/degree_project/hybrid-epidemic-forecasting/results/partA/forecasts/partA_03_forecast_A2_ARX_I.mat,140,141,11,151,0.650000000000254,0.673831258759405,0.023831258759151,0.000567928894045613,0.023831258759151,0.00871710006218691,0.0119156293795755,0.0197596384412624,0.00755168245900317,0,0.75,-0.0375,0.2125,0.0601595413854608
A2,Policy Intervention,ARX,I,/home/kaahin/degree_project/hybrid-epidemic-forecasting/results/partA/forecasts/partA_03_forecast_A2_ARX_I.mat,140,141,12,152,0.650000000000191,0.678777644238037,0.028777644237846,0.000828152807880032,0.028777644237846,0.0105166216167387,0.014388822118923,0.0217492458111308,0.0111867293452705,0,0.75,-0.0375,0.2125,0.0666595900443864
A2,Policy Intervention,ARX,I,/home/kaahin/degree_project/hybrid-epidemic-forecasting/results/partA/forecasts/partA_03_forecast_A2_ARX_I.mat,140,141,13,153,0.650000000000143,0.684296551516208,0.0342965515160646,0.00117625344589407,0.0342965515160646,0.0119490683422371,0.0171482757580323,0.0243275022437886,0.0122950295382462,0,0.75,-0.0375,0.2125,0.0734151793068164
A2,Policy Intervention,ARX,I,/home/kaahin/degree_project/hybrid-epidemic-forecasting/results/partA/forecasts/partA_03_forecast_A2_ARX_I.mat,140,141,14,154,0.650000000000108,0.69067335913936,0.0406733591392525,0.00165432214367062,0.0406733591392525,0.0132848101231621,0.0203366795696263,0.0266470625760305,0.0127979034085729,0,0.75,-0.0375,0.2125,0.0794544004774398
A2,Policy Intervention,ARX,I,/home/kaahin/degree_project/hybrid-epidemic-forecasting/results/partA/forecasts/partA_03_forecast_A2_ARX_I.mat,147,148,1,148,0.650000000000598,0.650153221463404,0.000153221462805497,2.34768166642564e-08,0.000153221462805497,0.000179673415442587,7.66107314027487e-05,0.000678412785977531,5.35068521113624e-05,0,0.75,-0.0375,0.2125,0.00259855244322088
A2,Policy Intervention,ARX,I,/home/kaahin/degree_project/hybrid-epidemic-forecasting/results/partA/forecasts/partA_03_forecast_A2_ARX_I.mat,147,148,2,149,0.650000000000449,0.650880096363012,0.000880096362562477,7.74569607395703e-07,0.000880096362562477,0.0004599597183909,0.000440048181281238,0.00145230915174396,0.000177461399733847,0,0.75,-0.0375,0.2125,0.00558813168827577
A2,Policy Intervention,ARX,I,/home/kaahin/degree_project/hybrid-epidemic-forecasting/results/partA/forecasts/partA_03_forecast_A2_ARX_I.mat,147,148,3,150,0.650000000000338,0.651687229190341,0.00168722919000286,2.8467423395977e-06,0.00168722919000286,0.000789075469859956,0.00084361459500143,0.00265327072134669,5.39542980216856e-05,0,0.75,-0.0375,0.2125,0.0102313935738932
A2,Policy Intervention,ARX,I,/home/kaahin/degree_project/hybrid-epidemic-forecasting/results/partA/forecasts/partA_03_forecast_A2_ARX_I.mat,147,148,4,151,0.650000000000254,0.652878539545119,0.00287853954486494,8.28598991135128e-06,0.00287853954486494,0.00124667314384336,0.00143926977243247,0.00399678594214312,0.000173973432719521,0,0.75,-0.0375,0.2125,0.0153303852985771
A2,Policy Intervention,ARX,I,/home/kaahin/degree_project/hybrid-epidemic-forecasting/results/partA/forecasts/partA_03_forecast_A2_ARX_I.mat,147,148,5,152,0.650000000000191,0.654484631924866,0.00448463192467541,2.01119234998179e-05,0.00448463192467541,0.00178944478335868,0.0022423159623377,0.00556594361453945,0.000244241948236912,0,0.75,-0.0375,0.2125,0.0205098616894226
A2,Policy Intervention,ARX,I,/home/kaahin/degree_project/hybrid-epidemic-forecasting/results/partA/forecasts/partA_03_forecast_A2_ARX_I.mat,147,148,6,153,0.650000000000143,0.656008071586393,0.00600807158625005,3.60969241855052e-05,0.00600807158625005,0.00232211581685109,0.00300403579312503,0.00717265311158502,0.000272832271119849,0,0.75,-0.0375,0.2125,0.0260649973353869
A2,Policy Intervention,ARX,I,/home/kaahin/degree_project/hybrid-epidemic-forecasting/results/partA/forecasts/partA_03_forecast_A2_ARX_I.mat,147,148,7,154,0.650000000000108,0.657515737232826,0.00751573723271837,5.64863061512691e-05,0.00751573723271837,0.00280800745625229,0.00375786861635918,0.00877196794780296,0.000106196988973184,0,0.75,-0.0375,0.2125,0.0316742939747146
A2,Policy Intervention,ARX,I,/home/kaahin/degree_project/hybrid-epidemic-forecasting/results/partA/forecasts/partA_03_forecast_A2_ARX_I.mat,147,148,8,155,0.650000000000081,0.659872072357908,0.00987207235782694,9.74578126381708e-05,0.00987207235782694,0.00351663099691257,0.00493603617891347,0.0103278310160916,0.000560972291101525,0,0.75,-0.0375,0.2125,0.0374030741200401
A2,Policy Intervention,ARX,I,/home/kaahin/degree_project/hybrid-epidemic-forecasting/results/partA/forecasts/partA_03_forecast_A2_ARX_I.mat,147,148,9,156,0.650000000000061,0.661937380182387,0.011937380182326,0.00014250104561739,0.011937380182326,0.00432676004411256,0.00596869009116302,0.011956115176371,0.00154561493097249,0,0.75,-0.0375,0.2125,0.0432955462194561
A2,Policy Intervention,ARX,I,/home/kaahin/degree_project/hybrid-epidemic-forecasting/results/partA/forecasts/partA_03_forecast_A2_ARX_I.mat,147,148,10,157,0.650000000000046,0.664280242156905,0.0142802421568594,0.000203925316058545,0.0142802421568594,0.00523753731592357,0.00714012107842971,0.01343430721356,0.00299448962966631,0,0.75,-0.0375,0.2125,0.0489656631489964
A2,Policy Intervention,ARX,I,/home/kaahin/degree_project/hybrid-epidemic-forecasting/results/partA/forecasts/partA_03_forecast_A2_ARX_I.mat,147,148,11,158,0.650000000000034,0.666730459184129,0.0167304591840947,0.000279908264510657,0.0167304591840947,0.00622520590767314,0.00836522959204733,0.0154143218263397,0.00423387516614215,0,0.75,-0.0375,0.2125,0.0563313118486349
A2,Policy Intervention,ARX,I,/home/kaahin/degree_project/hybrid-epidemic-forecasting/results/partA/forecasts/partA_03_forecast_A2_ARX_I.mat,147,148,12,159,0.650000000000026,0.669774409298661,0.0197744092986352,0.000391027263109949,0.0197744092986352,0.0072149841040124,0.00988720464931758,0.0173573569121103,0.00522286690662788,0,0.75,-0.0375,0.2125,0.0637903375426076
A2,Policy Intervention,ARX,I,/home/kaahin/degree_project/hybrid-epidemic-forecasting/results/partA/forecasts/partA_03_forecast_A2_ARX_I.mat,147,148,13,160,0.650000000000019,0.672913964104963,0.0229139641049436,0.000525049751002645,0.0229139641049436,0.00836424775140682,0.0114569820524718,0.0187091159101028,0.00747301691875613,0,0.75,-0.0375,0.2125,0.0704661931774499
A2,Policy Intervention,ARX,I,/home/kaahin/degree_project/hybrid-epidemic-forecasting/results/partA/forecasts/partA_03_forecast_A2_ARX_I.mat,147,148,14,161,0.650000000000015,0.676172842572746,0.0261728425727317,0.000685017688336995,0.0261728425727317,0.00965759588119482,0.0130864212863658,0.0208786419740216,0.00949411820498924,0,0.75,-0.0375,0.2125,0.076923732101832
A2,Policy Intervention,ARX,I,/home/kaahin/degree_project/hybrid-epidemic-forecasting/results/partA/forecasts/partA_03_forecast_A2_ARX_I.mat,154,155,1,155,0.650000000000081,0.650124212201953,0.000124212201871643,1.54286710938018e-08,0.000124212201871643,0.000140074002570604,6.21061009358215e-05,0.000446702769584739,0.000121524141047158,0,0.5,-0.2875,0.3625,0.00199881050509423
A2,Policy Intervention,ARX,I,/home/kaahin/degree_project/hybrid-epidemic-forecasting/results/partA/forecasts/partA_03_forecast_A2_ARX_I.mat,154,155,2,156,0.650000000000061,0.650833284242567,0.000833284242506505,6.94362628809639e-07,0.000833284242506505,0.00044669004888644,0.000416642121253252,0.00129429292671254,0.000299170172023189,0,0.75,-0.0375,0.2125,0.00551503762480177
A2,Policy Intervention,ARX,I,/home/kaahin/degree_project/hybrid-epidemic-forecasting/results/partA/forecasts/partA_03_forecast_A2_ARX_I.mat,154,155,3,157,0.650000000000046,0.651739812090048,0.00173981209000218,3.02694610851775e-06,0.00173981209000218,0.00085427580794351,0.00086990604500109,0.00246145078471101,0.00051288430603369,0,0.75,-0.0375,0.2125,0.00957460266745519
A2,Policy Intervention,ARX,I,/home/kaahin/degree_project/hybrid-epidemic-forecasting/results/partA/forecasts/partA_03_forecast_A2_ARX_I.mat,154,155,4,158,0.650000000000034,0.652963526835044,0.00296352683500944,8.78249130182109e-06,0.00296352683500944,0.00131493105982026,0.00148176341750472,0.00356735739401767,0.000868068957668777,0,0.75,-0.0375,0.2125,0.0130406028878613
A2,Policy Intervention,ARX,I,/home/kaahin/degree_project/hybrid-epidemic-forecasting/results/partA/forecasts/partA_03_forecast_A2_ARX_I.mat,154,155,5,159,0.650000000000026,0.65410030562426,0.00410030562423436,1.68125062121279e-05,0.00410030562423436,0.00180052805168907,0.00205015281211718,0.00461504977760678,0.00143717364287688,0,0.75,-0.0375,0.2125,0.0164506674098283
A2,Policy Intervention,ARX,I,/home/kaahin/degree_project/hybrid-epidemic-forecasting/results/partA/forecasts/partA_03_forecast_A2_ARX_I.mat,154,155,6,160,0.650000000000019,0.65532807853145,0.00532807853143058,2.83884208370914e-05,0.00532807853143058,0.00239281586865391,0.00266403926571529,0.00610788749747948,0.00199574464574781,0,0.75,-0.0375,0.2125,0.0208989725646121
A2,Policy Intervention,ARX,I,/home/kaahin/degree_project/hybrid-epidemic-forecasting/results/partA/forecasts/partA_03_forecast_A2_ARX_I.mat,154,155,7,161,0.650000000000015,0.657165293099695,0.00716529309967995,5.13414252043211e-05,0.00716529309967995,0.00284362542333398,0.00358264654983997,0.00763248224012754,0.0015811856150354,0,0.75,-0.0375,0.2125,0.0251920587618383
A2,Policy Intervention,ARX,I,/home/kaahin/degree_project/hybrid-epidemic-forecasting/results/partA/forecasts/partA_03_forecast_A2_ARX_I.mat,154,155,8,162,0.650000000000011,0.658858838709639,0.00885883870962756,7.84790232831957e-05,0.00885883870962756,0.00326766675095882,0.00442941935481378,0.0092321101220707,0.00104297090243022,0,0.75,-0.0375,0.2125,0.0300420702664608
A2,Policy Intervention,ARX,I,/home/kaahin/degree_project/hybrid-epidemic-forecasting/results/partA/forecasts/partA_03_forecast_A2_ARX_I.mat,154,155,9,163,0.650000000000008,0.660934253550624,0.0109342535506159,0.000119557900709157,0.0109342535506159,0.00401748501127802,0.00546712677530797,0.0109674194732746,0.00164413630216853,0,0.75,-0.0375,0.2125,0.0358519446164495
A2,Policy Intervention,ARX,I,/home/kaahin/degree_project/hybrid-epidemic-forecasting/results/partA/forecasts/partA_03_forecast_A2_ARX_I.mat,154,155,10,164,0.650000000000006,0.663656579632144,0.013656579632138,0.000186502167248925,0.013656579632138,0.00487142033054994,0.00682828981606898,0.0121883863347173,0.00290471533668846,0,0.75,-0.0375,0.2125,0.0403797061129371
A2,Policy Intervention,ARX,I,/home/kaahin/degree_project/hybrid-epidemic-forecasting/results/partA/forecasts/partA_03_forecast_A2_ARX_I.mat,154,155,11,165,0.650000000000005,0.665592729295545,0.0155927292955403,0.000243133206884002,0.0155927292955403,0.00559192371269601,0.00779636464777017,0.0134741691594085,0.00389312289995336,0,0.75,-0.0375,0.2125,0.0458115601547842
A2,Policy Intervention,ARX,I,/home/kaahin/degree_project/hybrid-epidemic-forecasting/results/partA/forecasts/partA_03_forecast_A2_ARX_I.mat,154,155,12,166,0.650000000000003,0.668349644312058,0.0183496443120542,0.000336709446378904,0.0183496443120542,0.00649555881029764,0.00917482215602711,0.0150550100985065,0.00500018239180577,0,0.75,-0.0375,0.2125,0.0515112266912638
A2,Policy Intervention,ARX,I,/home/kaahin/degree_project/hybrid-epidemic-forecasting/results/partA/forecasts/partA_03_forecast_A2_ARX_I.mat,154,155,13,167,0.650000000000003,0.670258558743065,0.0202585587430625,0.000410409202346113,0.0202585587430625,0.00761216840141431,0.0101292793715312,0.0165635718529193,0.00756190658191391,0,0.75,-0.0375,0.2125,0.0574198808058053
A2,Policy Intervention,ARX,I,/home/kaahin/degree_project/hybrid-epidemic-forecasting/results/partA/forecasts/partA_03_forecast_A2_ARX_I.mat,154,155,14,168,0.650000000000002,0.673051067025791,0.0230510670257887,0.000531351691027405,0.0230510670257887,0.00949191732722954,0.0115255335128944,0.0185778995757777,0.0126101948838608,0,0.5,-0.2875,0.3625,0.0644698080060999
A2,Policy Intervention,ARX,I,/home/kaahin/degree_project/hybrid-epidemic-forecasting/results/partA/forecasts/partA_03_forecast_A2_ARX_I.mat,161,162,1,162,0.650000000000011,0.650116687982927,0.000116687982916308,1.36160853570766e-08,0.000116687982916308,0.00019911342945323,5.83439914581541e-05,0.000772694855947637,6.4971585133744e-05,0,0.75,-0.0375,0.2125,0.00333746113013442
A2,Policy Intervention,ARX,I,/home/kaahin/degree_project/hybrid-epidemic-forecasting/results/partA/forecasts/partA_03_forecast_A2_ARX_I.mat,161,162,2,163,0.650000000000008,0.650745959530258,0.000745959530249363,5.5645562076985e-07,0.000745959530249363,0.000503006291184308,0.000372979765124681,0.00168140519161125,0.000209143353593455,0,0.75,-0.0375,0.2125,0.00676965877021812
A2,Policy Intervention,ARX,I,/home/kaahin/degree_project/hybrid-epidemic-forecasting/results/partA/forecasts/partA_03_forecast_A2_ARX_I.mat,161,162,3,164,0.650000000000006,0.651546993804535,0.00154699380452894,2.39318983125092e-06,0.00154699380452894,0.000912406681554534,0.00077349690226447,0.00282688496883511,0.000505448195895819,0,0.75,-0.0375,0.2125,0.0107085760715605
A2,Policy Intervention,ARX,I,/home/kaahin/degree_project/hybrid-epidemic-forecasting/results/partA/forecasts/partA_03_forecast_A2_ARX_I.mat,161,162,4,165,0.650000000000005,0.652599516426054,0.00259951642604894,6.75748564929827e-06,0.00259951642604894,0.00142554870673011,0.00129975821302447,0.00427561890551105,0.000839592061749994,0,0.75,-0.0375,0.2125,0.0157824439549278
A2,Policy Intervention,ARX,I,/home/kaahin/degree_project/hybrid-epidemic-forecasting/results/partA/forecasts/partA_03_forecast_A2_ARX_I.mat,161,162,5,166,0.650000000000003,0.654184783836076,0.00418478383607257,1.75124157546543e-05,0.00418478383607257,0.00207183147505568,0.00209239191803628,0.00563542366685773,0.00159542605285656,0,0.75,-0.0375,0.2125,0.0206967238005363
A2,Policy Intervention,ARX,I,/home/kaahin/degree_project/hybrid-epidemic-forecasting/results/partA/forecasts/partA_03_forecast_A2_ARX_I.mat,161,162,6,167,0.650000000000003,0.656015445280244,0.00601544528024112,3.61855819195751e-05,0.00601544528024112,0.0029256343929608,0.00300772264012056,0.0072438080664536,0.00291382406174945,0,0.75,-0.0375,0.2125,0.0262590710231136
A2,Policy Intervention,ARX,I,/home/kaahin/degree_project/hybrid-epidemic-forecasting/results/partA/forecasts/partA_03_forecast_A2_ARX_I.mat,161,162,7,168,0.650000000000002,0.65842798481395,0.00842798481394802,7.10309280241384e-05,0.00842798481394802,0.00371025451649628,0.00421399240697401,0.00917920333298024,0.00330294958427901,0,0.75,-0.0375,0.2125,0.0319363116045471
A2,Policy Intervention,ARX,I,/home/kaahin/degree_project/hybrid-epidemic-forecasting/results/partA/forecasts/partA_03_forecast_A2_ARX_I.mat,161,162,8,169,0.650000000000001,0.660287019932241,0.0102870199322398,0.000105822779086299,0.0102870199322398,0.0047306065556259,0.0051435099661199,0.0104823371366284,0.00566188239756826,0,0.75,-0.0375,0.2125,0.037942858152581
A2,Policy Intervention,ARX,I,/home/kaahin/degree_project/hybrid-epidemic-forecasting/results/partA/forecasts/partA_03_forecast_A2_ARX_I.mat,161,162,9,170,0.650000000000001,0.663005805041647,0.0130058050416463,0.000169150964781312,0.0130058050416463,0.00591182553778094,0.00650290252082314,0.0121855363586034,0.00791477604058766,0,0.75,-0.0375,0.2125,0.0447777941698247
A2,Policy Intervention,ARX,I,/home/kaahin/degree_project/hybrid-epidemic-forecasting/results/partA/forecasts/partA_03_forecast_A2_ARX_I.mat,161,162,10,171,0.650000000000001,0.666539269968467,0.0165392699684664,0.000273547451089816,0.0165392699684664,0.00725300061040783,0.00826963498423322,0.0136052261430819,0.0107636416195201,0,0.75,-0.0375,0.2125,0.0514068544720106
A2,Policy Intervention,ARX,I,/home/kaahin/degree_project/hybrid-epidemic-forecasting/results/partA/forecasts/partA_03_forecast_A2_ARX_I.mat,161,162,11,172,0.650000000000001,0.669804217848677,0.0198042178486761,0.000392207044597823,0.0198042178486761,0.00837431967239417,0.00990210892433807,0.0148873217819148,0.0128950078195209,0,0.75,-0.0375,0.2125,0.0584606806910194
A2,Policy Intervention,ARX,I,/home/kaahin/degree_project/hybrid-epidemic-forecasting/results/partA/forecasts/partA_03_forecast_A2_ARX_I.mat,161,162,12,173,0.65,0.67287647811296,0.0228764781129593,0.000523333250852708,0.0228764781129593,0.00931769336586556,0.0114382390564797,0.0167118313042462,0.0137795497856691,0,0.75,-0.0375,0.2125,0.0649013469985474
A2,Policy Intervention,ARX,I,/home/kaahin/degree_project/hybrid-epidemic-forecasting/results/partA/forecasts/partA_03_forecast_A2_ARX_I.mat,161,162,13,174,0.65,0.676295356878167,0.0262953568781669,0.000691445793350157,0.0262953568781669,0.0104796236419827,0.0131476784390834,0.0185673505785453,0.0154432773712933,0,0.75,-0.0375,0.2125,0.0714268039475386
A2,Policy Intervention,ARX,I,/home/kaahin/degree_project/hybrid-epidemic-forecasting/results/partA/forecasts/partA_03_forecast_A2_ARX_I.mat,161,162,14,175,0.65,0.680084508899074,0.0300845088990738,0.000905077675698449,0.0300845088990738,0.0117727035368735,0.0150422544495369,0.0204163926318265,0.0175185188345675,0,0.75,-0.0375,0.2125,0.0780480567617607
A2,Policy Intervention,ARX,I,/home/kaahin/degree_project/hybrid-epidemic-forecasting/results/partA/forecasts/partA_03_forecast_A2_ARX_I.mat,168,169,1,169,0.650000000000001,0.650148297837634,0.000148297837632816,2.1992248646569e-08,0.000148297837632816,0.000131095311949503,7.41489188164079e-05,0.000309608805440753,0.000206171179515602,0,0,-0.7875,0.7875,0.0011984599328542
A2,Policy Intervention,ARX,I,/home/kaahin/degree_project/hybrid-epidemic-forecasting/results/partA/forecasts/partA_03_forecast_A2_ARX_I.mat,168,169,2,170,0.650000000000001,0.650745537017983,0.00074553701798219,5.55825445181776e-07,0.00074553701798219,0.00039917848201108,0.000372768508991095,0.00114971133365807,0.000273823326400691,0,0.75,-0.0375,0.2125,0.00447338608038511
A2,Policy Intervention,ARX,I,/home/kaahin/degree_project/hybrid-epidemic-forecasting/results/partA/forecasts/partA_03_forecast_A2_ARX_I.mat,168,169,3,171,0.650000000000001,0.651430678528401,0.00143067852840018,2.04684105162529e-06,0.00143067852840018,0.000746785795656191,0.000715339264200088,0.00217853790586167,0.000466658910391105,0,0.75,-0.0375,0.2125,0.00871103580493501
A2,Policy Intervention,ARX,I,/home/kaahin/degree_project/hybrid-epidemic-forecasting/results/partA/forecasts/partA_03_forecast_A2_ARX_I.mat,168,169,4,172,0.650000000000001,0.652701748135554,0.00270174813555379,7.2994429879684e-06,0.00270174813555379,0.00124892835154864,0.0013508740677769,0.00341803915408082,0.000851264360111181,0,0.75,-0.0375,0.2125,0.0131709361740986
A2,Policy Intervention,ARX,I,/home/kaahin/degree_project/hybrid-epidemic-forecasting/results/partA/forecasts/partA_03_forecast_A2_ARX_I.mat,168,169,5,173,0.65,0.653870334344932,0.00387033434493189,1.49794879415594e-05,0.00387033434493189,0.00180873190142772,0.00193516717246595,0.00496031150298744,0.00124381488097136,0,0.75,-0.0375,0.2125,0.0195901910271406
A2,Policy Intervention,ARX,I,/home/kaahin/degree_project/hybrid-epidemic-forecasting/results/partA/forecasts/partA_03_forecast_A2_ARX_I.mat,168,169,6,174,0.65,0.654852584183388,0.00485258418338796,2.3547573256867e-05,0.00485258418338796,0.0024884549402368,0.00242629209169398,0.00665064090235908,0.00212111423701256,0,0.75,-0.0375,0.2125,0.0264837079473852
A2,Policy Intervention,ARX,I,/home/kaahin/degree_project/hybrid-epidemic-forecasting/results/partA/forecasts/partA_03_forecast_A2_ARX_I.mat,168,169,7,175,0.65,0.656454669479096,0.00645466947909568,4.16627580843692e-05,0.00645466947909568,0.00316627025338826,0.00322733473954784,0.00838058119039876,0.00264030021030059,0,0.75,-0.0375,0.2125,0.0328212424100751
A2,Policy Intervention,ARX,I,/home/kaahin/degree_project/hybrid-epidemic-forecasting/results/partA/forecasts/partA_03_forecast_A2_ARX_I.mat,168,169,8,176,0.65,0.658668173126091,0.00866817312609069,7.51372253438809e-05,0.00866817312609069,0.00403127625912837,0.00433408656304535,0.0102216153112004,0.0035850412918319,0,0.75,-0.0375,0.2125,0.0394252504978206
A2,Policy Intervention,ARX,I,/home/kaahin/degree_project/hybrid-epidemic-forecasting/results/partA/forecasts/partA_03_forecast_A2_ARX_I.mat,168,169,9,177,0.65,0.660809765226223,0.0108097652262226,0.000116851024246051,0.0108097652262226,0.00483982804184707,0.00540488261311128,0.0122382722774116,0.00413607129778892,0,0.75,-0.0375,0.2125,0.0456148822203041
A2,Policy Intervention,ARX,I,/home/kaahin/degree_project/hybrid-epidemic-forecasting/results/partA/forecasts/partA_03_forecast_A2_ARX_I.mat,168,169,10,178,0.65,0.664948914651411,0.0149489146514105,0.000223470049255154,0.0149489146514105,0.00583945403705408,0.00747445732570523,0.0139715167002456,0.00483156914079252,0,0.75,-0.0375,0.2125,0.0516976103383479
A2,Policy Intervention,ARX,I,/home/kaahin/degree_project/hybrid-epidemic-forecasting/results/partA/forecasts/partA_03_forecast_A2_ARX_I.mat,168,169,11,179,0.65,0.667124972219905,0.0171249722199046,0.000293264673532505,0.0171249722199046,0.00641997148869565,0.00856248610995231,0.0158308976148489,0.00449648797432922,0,0.75,-0.0375,0.2125,0.0576433175908525
A2,Policy Intervention,ARX,I,/home/kaahin/degree_project/hybrid-epidemic-forecasting/results/partA/forecasts/partA_03_forecast_A2_ARX_I.mat,168,169,12,180,0.65,0.669497344568269,0.0194973445682691,0.000380146445213814,0.0194973445682691,0.0074495344887334,0.00974867228413456,0.0177740272194307,0.00600020569573501,0,0.75,-0.0375,0.2125,0.0642574825666848
A2,Policy Intervention,ARX,I,/home/kaahin/degree_project/hybrid-epidemic-forecasting/results/partA/forecasts/partA_03_forecast_A2_ARX_I.mat,168,169,13,181,0.65,0.673368508260011,0.0233685082600109,0.000546087178298198,0.0233685082600109,0.00868207663355952,0.0116842541300055,0.0197664659188211,0.00761862480219133,0,0.75,-0.0375,0.2125,0.0700109641415808
A2,Policy Intervention,ARX,I,/home/kaahin/degree_project/hybrid-epidemic-forecasting/results/partA/forecasts/partA_03_forecast_A2_ARX_I.mat,168,169,14,182,0.65,0.675984030599111,0.0259840305991115,0.000675169846175561,0.0259840305991115,0.00954208380248631,0.0129920152995557,0.0223131710682187,0.00763419074341398,0,0.75,-0.0375,0.2125,0.0767467680491441
A2,Policy Intervention,ARX,I,/home/kaahin/degree_project/hybrid-epidemic-forecasting/results/partA/forecasts/partA_03_forecast_A2_ARX_I.mat,175,176,1,176,0.65,0.650074991232453,7.49912324526925e-05,5.62368494477375e-09,7.49912324526925e-05,0.000141990762178389,3.74956162263462e-05,0.000473859790596753,0.00012760302297965,0,0.5,-0.2875,0.3625,0.00245221780061355
A2,Policy Intervention,ARX,I,/home/kaahin/degree_project/hybrid-epidemic-forecasting/results/partA/forecasts/partA_03_forecast_A2_ARX_I.mat,175,176,2,177,0.65,0.650392968188343,0.000392968188343223,1.54423997049755e-07,0.000392968188343223,0.000368754797099722,0.000196484094171612,0.00125503680422884,0.000207875688548298,0,0.75,-0.0375,0.2125,0.00576436232016139
A2,Policy Intervention,ARX,I,/home/kaahin/degree_project/hybrid-epidemic-forecasting/results/partA/forecasts/partA_03_forecast_A2_ARX_I.mat,175,176,3,178,0.65,0.650987918411439,0.000987918411438415,9.75982787659002e-07,0.000987918411438415,0.000711284762851614,0.000493959205719208,0.00229462410752024,0.00041219811959281,0,0.75,-0.0375,0.2125,0.00940492584464181
A2,Policy Intervention,ARX,I,/home/kaahin/degree_project/hybrid-epidemic-forecasting/results/partA/forecasts/partA_03_forecast_A2_ARX_I.mat,175,176,4,179,0.65,0.651847409297902,0.00184740929790161,3.41292111397334e-06,0.00184740929790161,0.00113636995884658,0.000923704648950807,0.00352218517429899,0.000667774991559789,0,0.75,-0.0375,0.2125,0.013677066767474
A2,Policy Intervention,ARX,I,/home/kaahin/degree_project/hybrid-epidemic-forecasting/results/partA/forecasts/partA_03_forecast_A2_ARX_I.mat,175,176,5,180,0.65,0.652972337623879,0.00297233762387872,8.83479095032498e-06,0.00297233762387872,0.00146875044600625,0.00148616881193936,0.00500805484487939,0.000115153350209396,0,0.75,-0.0375,0.2125,0.0182966536937957
A2,Policy Intervention,ARX,I,/home/kaahin/degree_project/hybrid-epidemic-forecasting/results/partA/forecasts/partA_03_forecast_A2_ARX_I.mat,175,176,6,181,0.65,0.654248745650459,0.00424874565045918,1.80518396022958e-05,0.00424874565045918,0.0020027418196132,0.00212437282522959,0.00644698039057323,0.000440984972456593,0,0.75,-0.0375,0.2125,0.0230162481450466
A2,Policy Intervention,ARX,I,/home/kaahin/degree_project/hybrid-epidemic-forecasting/results/partA/forecasts/partA_03_forecast_A2_ARX_I.mat,175,176,7,182,0.65,0.65571655040965,0.00571655040964958,3.26789485860648e-05,0.00571655040964958,0.00251281162396151,0.00285827520482479,0.00844937710300201,0,0,1,0.2125,0.2125,0.0288991094687309
A2,Policy Intervention,ARX,I,/home/kaahin/degree_project/hybrid-epidemic-forecasting/results/partA/forecasts/partA_03_forecast_A2_ARX_I.mat,175,176,8,183,0.65,0.657769072498368,0.00776907249836845,6.03584874849049e-05,0.00776907249836845,0.00321455963186594,0.00388453624918422,0.00999247398936573,0.000588508104846786,0,0.75,-0.0375,0.2125,0.0342462627635565
A2,Policy Intervention,ARX,I,/home/kaahin/degree_project/hybrid-epidemic-forecasting/results/partA/forecasts/partA_03_forecast_A2_ARX_I.mat,175,176,9,184,0.65,0.659353006548769,0.00935300654876858,8.7478731501308e-05,0.00935300654876858,0.00384167667785235,0.00467650327438429,0.0113625484086554,0.00124849336729593,0,0.75,-0.0375,0.2125,0.0389018371392363
A2,Policy Intervention,ARX,I,/home/kaahin/degree_project/hybrid-epidemic-forecasting/results/partA/forecasts/partA_03_forecast_A2_ARX_I.mat,175,176,10,185,0.65,0.661257211697411,0.0112572116974111,0.00012672481520033,0.0112572116974111,0.00428911247488199,0.00562860584870556,0.0136257490995806,4.66511886827448e-05,0,0.75,-0.0375,0.2125,0.0445206221363866
A2,Policy Intervention,ARX,I,/home/kaahin/degree_project/hybrid-epidemic-forecasting/results/partA/forecasts/partA_03_forecast_A2_ARX_I.mat,175,176,11,186,0.65,0.663589268311009,0.0135892683110092,0.000184668213228597,0.0135892683110092,0.00520698349829482,0.00679463415550458,0.0156771022081335,0.000959689378688622,0,0.75,-0.0375,0.2125,0.0502835697428452
A2,Policy Intervention,ARX,I,/home/kaahin/degree_project/hybrid-epidemic-forecasting/results/partA/forecasts/partA_03_forecast_A2_ARX_I.mat,175,176,12,187,0.65,0.665863807683666,0.0158638076836658,0.000251660394224334,0.0158638076836658,0.00614048622451679,0.0079319038418329,0.0171375884218938,0.00256269574659884,0,0.75,-0.0375,0.2125,0.0556558647754107
A2,Policy Intervention,ARX,I,/home/kaahin/degree_project/hybrid-epidemic-forecasting/results/partA/forecasts/partA_03_forecast_A2_ARX_I.mat,175,176,13,188,0.65,0.667784883861733,0.0177848838617333,0.00031630209397534,0.0177848838617333,0.00717887612902983,0.00889244193086663,0.0186829131319231,0.00472958751784447,0,0.75,-0.0375,0.2125,0.0617698961363538
A2,Policy Intervention,ARX,I,/home/kaahin/degree_project/hybrid-epidemic-forecasting/results/partA/forecasts/partA_03_forecast_A2_ARX_I.mat,175,176,14,189,0.65,0.669966106142878,0.0199661061428781,0.000398645394508674,0.0199661061428781,0.00825160621736253,0.00998305307143904,0.0203466815583533,0.00680249334833904,0,0.75,-0.0375,0.2125,0.0680609780483978
A2,Policy Intervention,ARX,I,/home/kaahin/degree_project/hybrid-epidemic-forecasting/results/partA/forecasts/partA_03_forecast_A2_ARX_I.mat,182,183,1,183,0.65,0.650200806702858,0.000200806702857714,4.03233319125864e-08,0.000200806702857714,0.000193090426718625,0.000100403351428857,0.000683854001470283,8.46495673346714e-05,0,0.75,-0.0375,0.2125,0.00317019469479773
A2,Policy Intervention,ARX,I,/home/kaahin/degree_project/hybrid-epidemic-forecasting/results/partA/forecasts/partA_03_forecast_A2_ARX_I.mat,182,183,2,184,0.65,0.650767117854554,0.000767117854554189,5.88469802775822e-07,0.000767117854554189,0.000492595668481356,0.000383558927277095,0.00153626241717798,0.000296859163711027,0,0.75,-0.0375,0.2125,0.00678158742867738
A2,Policy Intervention,ARX,I,/home/kaahin/degree_project/hybrid-epidemic-forecasting/results/partA/forecasts/partA_03_forecast_A2_ARX_I.mat,182,183,3,185,0.65,0.651593249392754,0.00159324939275363,2.5384436275098e-06,0.00159324939275363,0.00084657742831105,0.000796624696376813,0.0025160701927742,0.000496903538248716,0,0.75,-0.0375,0.2125,0.01053336428041
A2,Policy Intervention,ARX,I,/home/kaahin/degree_project/hybrid-epidemic-forecasting/results/partA/forecasts/partA_03_forecast_A2_ARX_I.mat,182,183,4,186,0.65,0.65271794071936,0.0027179407193596,7.38720175395299e-06,0.0027179407193596,0.00119000332325733,0.0013589703596798,0.00354982121733576,0.000446223377642441,0,0.75,-0.0375,0.2125,0.014119728676899
A2,Policy Intervention,ARX,I,/home/kaahin/degree_project/hybrid-epidemic-forecasting/results/partA/forecasts/partA_03_forecast_A2_ARX_I.mat,182,183,5,187,0.65,0.65369173662538,0.00369173662538036,1.36289193111748e-05,0.00369173662538036,0.00158250446262065,0.00184586831269018,0.00446049750517249,0.000814904263930272,0,0.75,-0.0375,0.2125,0.017241645551283
A2,Policy Intervention,ARX,I,/home/kaahin/degree_project/hybrid-epidemic-forecasting/results/partA/forecasts/partA_03_forecast_A2_ARX_I.mat,182,183,6,188,0.65,0.655145928113079,0.00514592811307935,2.64805761449804e-05,0.00514592811307935,0.00201659388200359,0.00257296405653967,0.00558710221413444,0.000914606198342049,0,0.75,-0.0375,0.2125,0.0209298947152969
A2,Policy Intervention,ARX,I,/home/kaahin/degree_project/hybrid-epidemic-forecasting/results/partA/forecasts/partA_03_forecast_A2_ARX_I.mat,182,183,7,189,0.65,0.655722391344475,0.00572239134447461,3.27457626993179e-05,0.00572239134447461,0.00257224407635077,0.0028611956722373,0.00696398836867405,0.00174991430266713,0,0.75,-0.0375,0.2125,0.025835539324273
A2,Policy Intervention,ARX,I,/home/kaahin/degree_project/hybrid-epidemic-forecasting/results/partA/forecasts/partA_03_forecast_A2_ARX_I.mat,182,183,8,190,0.65,0.657251585263935,0.00725158526393543,5.25854888401255e-05,0.00725158526393543,0.00315659550224479,0.00362579263196772,0.00842871672986235,0.00215017039827148,0,0.75,-0.0375,0.2125,0.0306511767682539
A2,Policy Intervention,ARX,I,/home/kaahin/degree_project/hybrid-epidemic-forecasting/results/partA/forecasts/partA_03_forecast_A2_ARX_I.mat,182,183,9,191,0.65,0.659004579049858,0.0090045790498583,8.10824438651469e-05,0.0090045790498583,0.0036985448457782,0.00450228952492915,0.0101561268665174,0.00198503541455541,0,0.75,-0.0375,0.2125,0.0358086934847534
A2,Policy Intervention,ARX,I,/home/kaahin/degree_project/hybrid-epidemic-forecasting/results/partA/forecasts/partA_03_forecast_A2_ARX_I.mat,182,183,10,192,0.65,0.660403718643378,0.0104037186433776,0.000108237361610563,0.0104037186433776,0.00418406467676557,0.00520185932168882,0.0118580378924264,0.00176839383132987,0,0.75,-0.0375,0.2125,0.0407692284563264
A2,Policy Intervention,ARX,I,/home/kaahin/degree_project/hybrid-epidemic-forecasting/results/partA/forecasts/partA_03_forecast_A2_ARX_I.mat,182,183,11,193,0.65,0.662271094664229,0.0122710946642289,0.000150579764258468,0.0122710946642289,0.00466049434591873,0.00613554733211447,0.0140173080788726,0.000819369145647175,0,0.75,-0.0375,0.2125,0.0466284180292626
A2,Policy Intervention,ARX,I,/home/kaahin/degree_project/hybrid-epidemic-forecasting/results/partA/forecasts/partA_03_forecast_A2_ARX_I.mat,182,183,12,194,0.65,0.663609953652406,0.0136099536524061,0.000185230838420643,0.0136099536524061,0.00514164376195435,0.00680497682620307,0.0163324201025915,0,0,1,0.2125,0.2125,0.0532142382179569
A2,Policy Intervention,ARX,I,/home/kaahin/degree_project/hybrid-epidemic-forecasting/results/partA/forecasts/partA_03_forecast_A2_ARX_I.mat,182,183,13,195,0.65,0.664212863220254,0.0142128632202544,0.00020200548091766,0.0142128632202544,0.00567885166252551,0.0071064316101272,0.0184484008712376,0,0,1,0.2125,0.2125,0.0602308769896922
A2,Policy Intervention,ARX,I,/home/kaahin/degree_project/hybrid-epidemic-forecasting/results/partA/forecasts/partA_03_forecast_A2_ARX_I.mat,182,183,14,196,0.65,0.665136724268707,0.0151367242687065,0.000229120421586848,0.0151367242687065,0.00661424191782593,0.00756836213435325,0.020130664060667,0.00206506243519644,0,0.75,-0.0375,0.2125,0.0665168202214947
A2,Policy Intervention,ARX,I,/home/kaahin/degree_project/hybrid-epidemic-forecasting/results/partA/forecasts/partA_03_forecast_A2_ARX_I.mat,189,190,1,190,0.65,0.650092021695123,9.20216951226793e-05,8.46799237325134e-09,9.20216951226793e-05,0.000160245830145848,4.60108475613397e-05,0.000539578509060518,0.000135516879034459,0,0.5,-0.2875,0.3625,0.00240493832622041
A2,Policy Intervention,ARX,I,/home/kaahin/degree_project/hybrid-epidemic-forecasting/results/partA/forecasts/partA_03_forecast_A2_ARX_I.mat,189,190,2,191,0.65,0.65038227665006,0.000382276650060187,1.46135437181239e-07,0.000382276650060187,0.000404051427777523,0.000191138325030094,0.00119806563400624,0.000429027465962517,0,0.5,-0.2875,0.3625,0.00509854293230702
A2,Policy Intervention,ARX,I,/home/kaahin/degree_project/hybrid-epidemic-forecasting/results/partA/forecasts/partA_03_forecast_A2_ARX_I.mat,189,190,3,192,0.65,0.65122661984875,0.0012266198487495,1.50459625334625e-06,0.0012266198487495,0.000790968986923651,0.00061330992437475,0.0022493898848133,0.000696660631968382,0,0.75,-0.0375,0.2125,0.00847839494303285
A2,Policy Intervention,ARX,I,/home/kaahin/degree_project/hybrid-epidemic-forecasting/results/partA/forecasts/partA_03_forecast_A2_ARX_I.mat,189,190,4,193,0.65,0.652338811666535,0.00233881166653538,5.47004001152199e-06,0.00233881166653538,0.0012917722670755,0.00116940583326769,0.00320802965118309,0.00143553971738897,0,0.75,-0.0375,0.2125,0.0116794075250974
A2,Policy Intervention,ARX,I,/home/kaahin/degree_project/hybrid-epidemic-forecasting/results/partA/forecasts/partA_03_forecast_A2_ARX_I.mat,189,190,5,194,0.65,0.654066102849259,0.00406610284925901,1.65331923807523e-05,0.00406610284925901,0.00200675750759005,0.00203305142462951,0.00405362186638317,0.00294373549314253,0,0.5,-0.2875,0.3625,0.0151672732190891
A2,Policy Intervention,ARX,I,/home/kaahin/degree_project/hybrid-epidemic-forecasting/results/partA/forecasts/partA_03_forecast_A2_ARX_I.mat,189,190,6,195,0.65,0.655701960681136,0.00570196068113582,3.25123556092189e-05,0.00570196068113582,0.00263817982622791,0.00285098034056791,0.00518787027867871,0.00383295859877897,0,0.75,-0.0375,0.2125,0.0194477850065816
A2,Policy Intervention,ARX,I,/home/kaahin/degree_project/hybrid-epidemic-forecasting/results/partA/forecasts/partA_03_forecast_A2_ARX_I.mat,189,190,7,196,0.65,0.657535384796102,0.00753538479610172,5.67820240253209e-05,0.00753538479610172,0.00352315987588508,0.00376769239805086,0.00683349182888254,0.00525303521454945,0,0.75,-0.0375,0.2125,0.0244354012611257
A2,Policy Intervention,ARX,I,/home/kaahin/degree_project/hybrid-epidemic-forecasting/results/partA/forecasts/partA_03_forecast_A2_ARX_I.mat,189,190,8,197,0.65,0.659774929014836,0.00977492901483634,9.55492372450894e-05,0.00977492901483634,0.00442296699049803,0.00488746450741817,0.00823640180901234,0.00677948514081061,0,0.75,-0.0375,0.2125,0.0289747392380769
A2,Policy Intervention,ARX,I,/home/kaahin/degree_project/hybrid-epidemic-forecasting/results/partA/forecasts/partA_03_forecast_A2_ARX_I.mat,189,190,9,198,0.65,0.662178238050969,0.0121782380509691,0.000148309482026071,0.0121782380509691,0.00511998214700103,0.00608911902548454,0.0100844877914068,0.00686631284461325,0,0.5,-0.2875,0.3625,0.0353225685126146
A2,Policy Intervention,ARX,I,/home/kaahin/degree_project/hybrid-epidemic-forecasting/results/partA/forecasts/partA_03_forecast_A2_ARX_I.mat,189,190,10,199,0.65,0.665225699289319,0.0152256992893189,0.000231821918848767,0.0152256992893189,0.00604690466029957,0.00761284964465947,0.0119935766295232,0.00760464469716537,0,0.75,-0.0375,0.2125,0.0418871575868476
A2,Policy Intervention,ARX,I,/home/kaahin/degree_project/hybrid-epidemic-forecasting/results/partA/forecasts/partA_03_forecast_A2_ARX_I.mat,189,190,11,200,0.65,0.667756660390176,0.017756660390176,0.000315298988212045,0.017756660390176,0.00705301621222541,0.00887833019508799,0.0139655610912969,0.0088946816686295,0,0.75,-0.0375,0.2125,0.0484256002903532
A2,Policy Intervention,ARX,I,/home/kaahin/degree_project/hybrid-epidemic-forecasting/results/partA/forecasts/partA_03_forecast_A2_ARX_I.mat,189,190,12,201,0.65,0.670648921183549,0.0206489211835486,0.0004263779460444,0.0206489211835486,0.00819888225930451,0.0103244605917743,0.015856112836556,0.01071439673854,0,0.75,-0.0375,0.2125,0.0547978889046387
A2,Policy Intervention,ARX,I,/home/kaahin/degree_project/hybrid-epidemic-forecasting/results/partA/forecasts/partA_03_forecast_A2_ARX_I.mat,189,190,13,202,0.65,0.672833169031829,0.0228331690318292,0.000521353608036084,0.0228331690318292,0.00932571474639463,0.0114165845159146,0.0175381972316052,0.013010934611256,0,0.5,-0.2875,0.3625,0.0611102633969959
A2,Policy Intervention,ARX,I,/home/kaahin/degree_project/hybrid-epidemic-forecasting/results/partA/forecasts/partA_03_forecast_A2_ARX_I.mat,189,190,14,203,0.65,0.675464391023391,0.0254643910233907,0.000648435210192141,0.0254643910233907,0.0112760345420075,0.0127321955116954,0.0192102759077563,0.0187996840195822,0,0.5,-0.2875,0.3625,0.0671554028250152
A2,Policy Intervention,ARX,I,/home/kaahin/degree_project/hybrid-epidemic-forecasting/results/partA/forecasts/partA_03_forecast_A2_ARX_I.mat,196,197,1,197,0.65,0.650099984874256,9.99848742555542e-05,9.99697507989899e-09,9.99848742555542e-05,0.000115480831102556,4.99924371277771e-05,0.000202712474532757,0.000266958828300967,0,0,-0.7875,0.7875,0.000563401647379808
A2,Policy Intervention,ARX,I,/home/kaahin/degree_project/hybrid-epidemic-forecasting/results/partA/forecasts/partA_03_forecast_A2_ARX_I.mat,196,197,2,198,0.65,0.650702433097089,0.000702433097088839,4.93412255885819e-07,0.000702433097088839,0.000355810340316393,0.00035121654854442,0.000580856968484009,0.000669073014395338,0,0.25,-0.5375,0.5625,0.0021263569462534
A2,Policy Intervention,ARX,I,/home/kaahin/degree_project/hybrid-epidemic-forecasting/results/partA/forecasts/partA_03_forecast_A2_ARX_I.mat,196,197,3,199,0.65,0.651570429891069,0.00157042989106859,2.46625004276171e-06,0.00157042989106859,0.000750586951917948,0.000785214945534296,0.00126896410811977,0.0013234622299767,0,0.5,-0.2875,0.3625,0.00501112083514826
A2,Policy Intervention,ARX,I,/home/kaahin/degree_project/hybrid-epidemic-forecasting/results/partA/forecasts/partA_03_forecast_A2_ARX_I.mat,196,197,4,200,0.65,0.652491910793698,0.00249191079369815,6.20961940374934e-06,0.00249191079369815,0.00120974165833412,0.00124595539684907,0.00217676957400599,0.00202111249164849,0,0.5,-0.2875,0.3625,0.00853971681518312
A2,Policy Intervention,ARX,I,/home/kaahin/degree_project/hybrid-epidemic-forecasting/results/partA/forecasts/partA_03_forecast_A2_ARX_I.mat,196,197,5,201,0.65,0.653667322153231,0.00366732215323051,1.34492517755753e-05,0.00366732215323051,0.00147695770900174,0.00183366107661526,0.0032959236879048,0.00151672492598776,0,0.75,-0.0375,0.2125,0.012574010190044
A2,Policy Intervention,ARX,I,/home/kaahin/degree_project/hybrid-epidemic-forecasting/results/partA/forecasts/partA_03_forecast_A2_ARX_I.mat,196,197,6,202,0.65,0.654981033619886,0.00498103361988589,2.48106959224335e-05,0.00498103361988589,0.00214794704260377,0.00249051680994294,0.00476455274030818,0.00241069214146583,0,0.75,-0.0375,0.2125,0.0178719912285956
A2,Policy Intervention,ARX,I,/home/kaahin/degree_project/hybrid-epidemic-forecasting/results/partA/forecasts/partA_03_forecast_A2_ARX_I.mat,196,197,7,203,0.65,0.656484616990679,0.0064846169906787,4.20502575157989e-05,0.0064846169906787,0.00271524787273519,0.00324230849533935,0.00615527402623613,0.00282103290573288,0,0.75,-0.0375,0.2125,0.0232026744897352
A2,Policy Intervention,ARX,I,/home/kaahin/degree_project/hybrid-epidemic-forecasting/results/partA/forecasts/partA_03_forecast_A2_ARX_I.mat,196,197,8,204,0.65,0.65755536624155,0.00755536624155007,5.70835590439544e-05,0.00755536624155007,0.00340222689737997,0.00377768312077503,0.00763055800883619,0.00390177990859863,0,0.75,-0.0375,0.2125,0.0290453679935456
A2,Policy Intervention,ARX,I,/home/kaahin/degree_project/hybrid-epidemic-forecasting/results/partA/forecasts/partA_03_forecast_A2_ARX_I.mat,196,197,9,205,0.65,0.658918145509027,0.00891814550902692,7.9533319320177e-05,0.00891814550902692,0.00418563500706457,0.00445907275451346,0.0091383766296131,0.00523790814766401,0,0.75,-0.0375,0.2125,0.0348448524236408
A2,Policy Intervention,ARX,I,/home/kaahin/degree_project/hybrid-epidemic-forecasting/results/partA/forecasts/partA_03_forecast_A2_ARX_I.mat,196,197,10,206,0.65,0.660495233007679,0.010495233007679,0.000110149915885474,0.010495233007679,0.0051141791312473,0.00524761650383948,0.0105899471486168,0.00717624243815662,0,0.75,-0.0375,0.2125,0.0404428791634784
A2,Policy Intervention,ARX,I,/home/kaahin/degree_project/hybrid-epidemic-forecasting/results/partA/forecasts/partA_03_forecast_A2_ARX_I.mat,196,197,11,207,0.65,0.66290530067536,0.0129053006753596,0.000166546785521436,0.0129053006753596,0.00604985604145777,0.00645265033767978,0.0121359932066869,0.00863570864219332,0,0.75,-0.0375,0.2125,0.0458909462947006
A2,Policy Intervention,ARX,I,/home/kaahin/degree_project/hybrid-epidemic-forecasting/results/partA/forecasts/partA_03_forecast_A2_ARX_I.mat,196,197,12,208,0.65,0.664974492812684,0.0149744928126838,0.000224235434997119,0.0149744928126838,0.00697206517905154,0.00748724640634191,0.0136555894704096,0.0102314574289805,0,0.75,-0.0375,0.2125,0.0513209345794928
A2,Policy Intervention,ARX,I,/home/kaahin/degree_project/hybrid-epidemic-forecasting/results/partA/forecasts/partA_03_forecast_A2_ARX_I.mat,196,197,13,209,0.65,0.668093326213462,0.018093326213462,0.000327368453466753,0.018093326213462,0.00809968242026697,0.00904666310673102,0.015845755623722,0.0115561521607483,0,0.75,-0.0375,0.2125,0.0581730632057212
A2,Policy Intervention,ARX,I,/home/kaahin/degree_project/hybrid-epidemic-forecasting/results/partA/forecasts/partA_03_forecast_A2_ARX_I.mat,196,197,14,210,0.65,0.67064738261634,0.0206473826163401,0.000426314408905545,0.0206473826163401,0.00914912042315564,0.0103236913081701,0.018022271958182,0.0128250786378483,0,0.75,-0.0375,0.2125,0.0648547512035524
A2,Policy Intervention,ARX,I,/home/kaahin/degree_project/hybrid-epidemic-forecasting/results/partA/forecasts/partA_03_forecast_A2_ARX_I.mat,203,204,1,204,0.65,0.65014229116658,0.000142291166580266,2.02467760867731e-08,0.000142291166580266,0.000116540199502446,7.11455832901331e-05,0.000319841894689041,0.000133443419781831,0,0.5,-0.2875,0.3625,0.00152144006427593
A2,Policy Intervention,ARX,I,/home/kaahin/degree_project/hybrid-epidemic-forecasting/results/partA/forecasts/partA_03_forecast_A2_ARX_I.mat,203,204,2,205,0.65,0.650509987111448,0.00050998711144834,2.60086853843422e-07,0.00050998711144834,0.000322925771921846,0.00025499355572417,0.000957757290633354,0.000240415127290783,0,0.75,-0.0375,0.2125,0.00443899160510064
A2,Policy Intervention,ARX,I,/home/kaahin/degree_project/hybrid-epidemic-forecasting/results/partA/forecasts/partA_03_forecast_A2_ARX_I.mat,203,204,3,206,0.65,0.651267454280326,0.00126745428032626,1.60644035271737e-06,0.00126745428032626,0.000661645142916587,0.000633727140163132,0.00181288247557679,0.000530793527384721,0,0.75,-0.0375,0.2125,0.00778256943752059
A2,Policy Intervention,ARX,I,/home/kaahin/degree_project/hybrid-epidemic-forecasting/results/partA/forecasts/partA_03_forecast_A2_ARX_I.mat,203,204,4,207,0.65,0.652240908230225,0.00224090823022516,5.02166969629085e-06,0.00224090823022516,0.00107425482313666,0.00112045411511258,0.00275863510119752,0.000955057487804889,0,0.75,-0.0375,0.2125,0.0115587348072915
A2,Policy Intervention,ARX,I,/home/kaahin/degree_project/hybrid-epidemic-forecasting/results/partA/forecasts/partA_03_forecast_A2_ARX_I.mat,203,204,5,208,0.65,0.653309024266642,0.00330902426664148,1.09496415972222e-05,0.00330902426664148,0.00157626067581414,0.00165451213332074,0.00416569255737867,0.0012729683504642,0,0.75,-0.0375,0.2125,0.0159958276946205
A2,Policy Intervention,ARX,I,/home/kaahin/degree_project/hybrid-epidemic-forecasting/results/partA/forecasts/partA_03_forecast_A2_ARX_I.mat,203,204,6,209,0.65,0.654708086199146,0.00470808619914631,2.2166075658592e-05,0.00470808619914631,0.00216384742861614,0.00235404309957316,0.00553469645148116,0.00184857387771831,0,0.75,-0.0375,0.2125,0.0202754234844217
A2,Policy Intervention,ARX,I,/home/kaahin/degree_project/hybrid-epidemic-forecasting/results/partA/forecasts/partA_03_forecast_A2_ARX_I.mat,203,204,7,210,0.65,0.656129005282262,0.00612900528226212,3.7564705749997e-05,0.00612900528226212,0.0028307645052922,0.00306450264113106,0.00745582980008504,0.00221810783259879,0,0.75,-0.0375,0.2125,0.0251987858835944
A2,Policy Intervention,ARX,I,/home/kaahin/degree_project/hybrid-epidemic-forecasting/results/partA/forecasts/partA_03_forecast_A2_ARX_I.mat,203,204,8,211,0.65,0.657564227650305,0.00756422765030507,5.72175399456397e-05,0.00756422765030507,0.00350646608724019,0.00378211382515253,0.00902371054478514,0.00297327302264316,0,0.75,-0.0375,0.2125,0.0297813576140842
A2,Policy Intervention,ARX,I,/home/kaahin/degree_project/hybrid-epidemic-forecasting/results/partA/forecasts/partA_03_forecast_A2_ARX_I.mat,203,204,9,212,0.65,0.659165148248619,0.00916514824861936,8.39999424191705e-05,0.00916514824861936,0.00418624057123853,0.00458257412430968,0.010224146585283,0.00403136186098074,0,0.75,-0.0375,0.2125,0.0344659533888519
A2,Policy Intervention,ARX,I,/home/kaahin/degree_project/hybrid-epidemic-forecasting/results/partA/forecasts/partA_03_forecast_A2_ARX_I.mat,203,204,10,213,0.65,0.661593448377707,0.011593448377707,0.000134408045286558,0.011593448377707,0.00507486112956228,0.00579672418885352,0.011824322095498,0.00521582879867877,0,0.75,-0.0375,0.2125,0.040432231087364
A2,Policy Intervention,ARX,I,/home/kaahin/degree_project/hybrid-epidemic-forecasting/results/partA/forecasts/partA_03_forecast_A2_ARX_I.mat,203,204,11,214,0.65,0.664123970525065,0.0141239705250645,0.000199486543392892,0.0141239705250645,0.006076762812911,0.00706198526253227,0.0135768756821654,0.00670657171340183,0,0.75,-0.0375,0.2125,0.046407684010678
A2,Policy Intervention,ARX,I,/home/kaahin/degree_project/hybrid-epidemic-forecasting/results/partA/forecasts/partA_03_forecast_A2_ARX_I.mat,203,204,12,215,0.65,0.666744197573239,0.0167441975732394,0.000280368152371677,0.0167441975732394,0.00719466290091927,0.00837209878661971,0.0155426306896827,0.00846125357783434,0,0.75,-0.0375,0.2125,0.0523950031576658
A2,Policy Intervention,ARX,I,/home/kaahin/degree_project/hybrid-epidemic-forecasting/results/partA/forecasts/partA_03_forecast_A2_ARX_I.mat,203,204,13,216,0.65,0.669613155508217,0.0196131555082165,0.000384675868989484,0.0196131555082165,0.00841961298972927,0.00980657775410826,0.0177333018930556,0.0103483788066179,0,0.75,-0.0375,0.2125,0.058308789028124
A2,Policy Intervention,ARX,I,/home/kaahin/degree_project/hybrid-epidemic-forecasting/results/partA/forecasts/partA_03_forecast_A2_ARX_I.mat,203,204,14,217,0.65,0.673172285299408,0.0231722852994075,0.000536954805997138,0.0231722852994075,0.0096983062698751,0.0115861426497038,0.0193904926820232,0.0126657428827109,0,0.75,-0.0375,0.2125,0.0641238348217115
A2,Policy Intervention,ARX,I,/home/kaahin/degree_project/hybrid-epidemic-forecasting/results/partA/forecasts/partA_03_forecast_A2_ARX_I.mat,210,211,1,211,0.65,0.650099143057163,9.91430571627427e-05,9.82934578357488e-09,9.91430571627427e-05,0.000114772287553255,4.95715285813714e-05,0.000261156371860213,0.000205747393548061,0,0.25,-0.5375,0.5625,0.00120063990489547
A2,Policy Intervention,ARX,I,/home/kaahin/degree_project/hybrid-epidemic-forecasting/results/partA/forecasts/partA_03_forecast_A2_ARX_I.mat,210,211,2,212,0.65,0.650615258612045,0.000615258612045033,3.78543159695581e-07,0.000615258612045033,0.000383654288738385,0.000307629306022517,0.000897445272344705,0.000521369720955511,0,0.5,-0.2875,0.3625,0.0042168111580792
A2,Policy Intervention,ARX,I,/home/kaahin/degree_project/hybrid-epidemic-forecasting/results/partA/forecasts/partA_03_forecast_A2_ARX_I.mat,210,211,3,213,0.65,0.651195455145684,0.00119545514568442,1.42911300534336e-06,0.00119545514568442,0.000678261867431266,0.00059772757284221,0.00179687306053223,0.000657577770066253,0,0.75,-0.0375,0.2125,0.00813575779579293
A2,Policy Intervention,ARX,I,/home/kaahin/degree_project/hybrid-epidemic-forecasting/results/partA/forecasts/partA_03_forecast_A2_ARX_I.mat,210,211,4,214,0.65,0.652120969521748,0.00212096952174756,4.49851171218208e-06,0.00212096952174756,0.00105167448771177,0.00106048476087378,0.00258874238582515,0.00108330804800405,0,0.75,-0.0375,0.2125,0.0113391136652283
A2,Policy Intervention,ARX,I,/home/kaahin/degree_project/hybrid-epidemic-forecasting/results/partA/forecasts/partA_03_forecast_A2_ARX_I.mat,210,211,5,215,0.65,0.653084624824403,0.0030846248244033,9.51491030732511e-06,0.0030846248244033,0.0014884645344764,0.00154231241220165,0.00358934646529792,0.00156643152764424,0,0.75,-0.0375,0.2125,0.0151367398240765
A2,Policy Intervention,ARX,I,/home/kaahin/degree_project/hybrid-epidemic-forecasting/results/partA/forecasts/partA_03_forecast_A2_ARX_I.mat,210,211,6,216,0.65,0.65421617212783,0.00421617212783043,1.77761074114942e-05,0.00421617212783043,0.00195622616124141,0.00210808606391522,0.00451664119070449,0.00217829047096663,0,0.75,-0.0375,0.2125,0.0186044481534349
A2,Policy Intervention,ARX,I,/home/kaahin/degree_project/hybrid-epidemic-forecasting/results/partA/forecasts/partA_03_forecast_A2_ARX_I.mat,210,211,7,217,0.65,0.655690828544429,0.00569082854442915,3.23855295220896e-05,0.00569082854442915,0.00247655366279094,0.00284541427221457,0.0053234935966057,0.00297558361373895,0,0.75,-0.0375,0.2125,0.0215389873399908
A2,Policy Intervention,ARX,I,/home/kaahin/degree_project/hybrid-epidemic-forecasting/results/partA/forecasts/partA_03_forecast_A2_ARX_I.mat,210,211,8,218,0.65,0.65715957229317,0.00715957229316999,5.12594754211274e-05,0.00715957229316999,0.0029818927848534,0.003579786146585,0.00611380322872785,0.00372492815652747,0,0.75,-0.0375,0.2125,0.0244448454749929
A2,Policy Intervention,ARX,I,/home/kaahin/degree_project/hybrid-epidemic-forecasting/results/partA/forecasts/partA_03_forecast_A2_ARX_I.mat,210,211,9,219,0.65,0.658931444591477,0.00893144459147743,7.97707024906315e-05,0.00893144459147743,0.0037049507459517,0.00446572229573872,0.00717075096058893,0.00503580510045498,0,0.75,-0.0375,0.2125,0.0278718896191432
A2,Policy Intervention,ARX,I,/home/kaahin/degree_project/hybrid-epidemic-forecasting/results/partA/forecasts/partA_03_forecast_A2_ARX_I.mat,210,211,10,220,0.65,0.660675741502413,0.0106757415024128,0.000113971456626339,0.0106757415024128,0.0044117199562471,0.0053378707512064,0.00828099815348048,0.00623387089842509,0,0.75,-0.0375,0.2125,0.031132469556604
A2,Policy Intervention,ARX,I,/home/kaahin/degree_project/hybrid-epidemic-forecasting/results/partA/forecasts/partA_03_forecast_A2_ARX_I.mat,210,211,11,221,0.65,0.66285862472296,0.0128586247229596,0.000165344229765908,0.0128586247229596,0.00512833431137022,0.00642931236147981,0.00952812500225446,0.00712006703743173,0,0.75,-0.0375,0.2125,0.0344265187712878
A2,Policy Intervention,ARX,I,/home/kaahin/degree_project/hybrid-epidemic-forecasting/results/partA/forecasts/partA_03_forecast_A2_ARX_I.mat,210,211,12,222,0.65,0.665612342178861,0.0156123421788613,0.000243745228309852,0.0156123421788613,0.00568079552646835,0.00780617108943066,0.0112235202793782,0.00653388850029868,0,0.75,-0.0375,0.2125,0.0384541059142262
A2,Policy Intervention,ARX,I,/home/kaahin/degree_project/hybrid-epidemic-forecasting/results/partA/forecasts/partA_03_forecast_A2_ARX_I.mat,210,211,13,223,0.65,0.668720905564824,0.0187209055648243,0.00035047230516707,0.0187209055648243,0.00632370657903298,0.00936045278241215,0.0132119328105135,0.00588429401272272,0,0.75,-0.0375,0.2125,0.0433968992738497
A2,Policy Intervention,ARX,I,/home/kaahin/degree_project/hybrid-epidemic-forecasting/results/partA/forecasts/partA_03_forecast_A2_ARX_I.mat,210,211,14,224,0.65,0.671649593176449,0.0216495931764485,0.000468704884705727,0.0216495931764485,0.00729613400592968,0.0108247965882243,0.0149774780238708,0.0070303284145885,0,0.75,-0.0375,0.2125,0.0485773657141866
A2,Policy Intervention,ARX,I,/home/kaahin/degree_project/hybrid-epidemic-forecasting/results/partA/forecasts/partA_03_forecast_A2_ARX_I.mat,217,218,1,218,0.65,0.650081869943252,8.18699432522108e-05,6.70268760812021e-09,8.18699432522108e-05,0.000140030593520838,4.09349716261054e-05,0.000456256984715822,0.000132945714501842,0,0.5,-0.2875,0.3625,0.00247391543127939
A2,Policy Intervention,ARX,I,/home/kaahin/degree_project/hybrid-epidemic-forecasting/results/partA/forecasts/partA_03_forecast_A2_ARX_I.mat,217,218,2,219,0.65,0.650406959913065,0.000406959913065275,1.65616370842096e-07,0.000406959913065275,0.000358068989778362,0.000203479956532637,0.0012030368839309,0.000204793613539089,0,0.75,-0.0375,0.2125,0.00595194035666691
A2,Policy Intervention,ARX,I,/home/kaahin/degree_project/hybrid-epidemic-forecasting/results/partA/forecasts/partA_03_forecast_A2_ARX_I.mat,217,218,3,220,0.65,0.65102941695845,0.00102941695845027,1.059699274345e-06,0.00102941695845027,0.000676644907667133,0.000514708479225134,0.00209000264883031,0.000440190956446651,0,0.75,-0.0375,0.2125,0.00965498889635497
A2,Policy Intervention,ARX,I,/home/kaahin/degree_project/hybrid-epidemic-forecasting/results/partA/forecasts/partA_03_forecast_A2_ARX_I.mat,217,218,4,221,0.65,0.651852268338105,0.00185226833810448,3.43089799634433e-06,0.00185226833810448,0.00108882498573894,0.00092613416905224,0.00302871930508658,0.00094485896168639,0,0.75,-0.0375,0.2125,0.0133741934523664
A2,Policy Intervention,ARX,I,/home/kaahin/degree_project/hybrid-epidemic-forecasting/results/partA/forecasts/partA_03_forecast_A2_ARX_I.mat,217,218,5,222,0.65,0.652897281056878,0.00289728105687759,8.39423752254171e-06,0.00289728105687759,0.00152593259404814,0.00144864052843879,0.00400473715303871,0.00141331899173913,0,0.75,-0.0375,0.2125,0.0170844220745904
A2,Policy Intervention,ARX,I,/home/kaahin/degree_project/hybrid-epidemic-forecasting/results/partA/forecasts/partA_03_forecast_A2_ARX_I.mat,217,218,6,223,0.65,0.65427858065352,0.00427858065351983,1.83062524086741e-05,0.00427858065351983,0.00211164295529953,0.00213929032675991,0.00549469823460334,0.00186840473748462,0,0.75,-0.0375,0.2125,0.0215016713085396
A2,Policy Intervention,ARX,I,/home/kaahin/degree_project/hybrid-epidemic-forecasting/results/partA/forecasts/partA_03_forecast_A2_ARX_I.mat,217,218,7,224,0.65,0.654642945517322,0.00464294551732192,2.15569430768197e-05,0.00464294551732192,0.00263293387241039,0.00232147275866096,0.00694787828690343,0.00257885138028235,0,0.75,-0.0375,0.2125,0.0261135236856333
A2,Policy Intervention,ARX,I,/home/kaahin/degree_project/hybrid-epidemic-forecasting/results/partA/forecasts/partA_03_forecast_A2_ARX_I.mat,217,218,8,225,0.65,0.656233144328409,0.00623314432840905,3.88520882187779e-05,0.00623314432840905,0.0032772456902316,0.00311657216420452,0.00853560766185446,0.00309542577998323,0,0.75,-0.0375,0.2125,0.0313704573206304
A2,Policy Intervention,ARX,I,/home/kaahin/degree_project/hybrid-epidemic-forecasting/results/partA/forecasts/partA_03_forecast_A2_ARX_I.mat,217,218,9,226,0.65,0.658640643580111,0.00864064358011096,7.46607214785128e-05,0.00864064358011096,0.00391360297877993,0.00432032179005548,0.00960941491291349,0.00368147670154073,0,0.75,-0.0375,0.2125,0.0348760404156613
A2,Policy Intervention,ARX,I,/home/kaahin/degree_project/hybrid-epidemic-forecasting/results/partA/forecasts/partA_03_forecast_A2_ARX_I.mat,217,218,10,227,0.65,0.660478557832245,0.0104785578322445,0.000109800174243692,0.0104785578322445,0.00450870067069567,0.00523927891612225,0.0110813785968364,0.00396849550517187,0,0.75,-0.0375,0.2125,0.0388782622012633
A2,Policy Intervention,ARX,I,/home/kaahin/degree_project/hybrid-epidemic-forecasting/results/partA/forecasts/partA_03_forecast_A2_ARX_I.mat,217,218,11,228,0.65,0.663163681109521,0.013163681109521,0.000173282500353161,0.013163681109521,0.0053715415852475,0.00658184055476052,0.0126718337824197,0.00491826279643348,0,0.75,-0.0375,0.2125,0.0430468051996039
A2,Policy Intervention,ARX,I,/home/kaahin/degree_project/hybrid-epidemic-forecasting/results/partA/forecasts/partA_03_forecast_A2_ARX_I.mat,217,218,12,229,0.65,0.665582129384687,0.0155821293846865,0.000242802756161111,0.0155821293846865,0.00611931991401753,0.00779106469234325,0.0145829576587552,0.00516291726198048,0,0.75,-0.0375,0.2125,0.0480818777730898
A2,Policy Intervention,ARX,I,/home/kaahin/degree_project/hybrid-epidemic-forecasting/results/partA/forecasts/partA_03_forecast_A2_ARX_I.mat,217,218,13,230,0.65,0.668482062125923,0.0184820621259225,0.00034158662042646,0.0184820621259225,0.00719245008850442,0.00924103106296126,0.0161315972464035,0.00699339708890512,0,0.75,-0.0375,0.2125,0.0532429550710829
A2,Policy Intervention,ARX,I,/home/kaahin/degree_project/hybrid-epidemic-forecasting/results/partA/forecasts/partA_03_forecast_A2_ARX_I.mat,217,218,14,231,0.65,0.67106147492959,0.0210614749295898,0.000443585726209738,0.0210614749295898,0.00821867608437602,0.0105307374647949,0.017716950459462,0.00873635445543519,0,0.75,-0.0375,0.2125,0.0590383755767693
A2,Policy Intervention,ARX,I,/home/kaahin/degree_project/hybrid-epidemic-forecasting/results/partA/forecasts/partA_03_forecast_A2_ARX_I.mat,224,225,1,225,0.65,0.650080520301639,8.05203016392975e-05,6.48351897608345e-09,8.05203016392975e-05,0.000106131636831015,4.02601508196487e-05,0.000238212446658551,0.000199119768261369,0,0.25,-0.5375,0.5625,0.00109131443468383
A2,Policy Intervention,ARX,I,/home/kaahin/degree_project/hybrid-epidemic-forecasting/results/partA/forecasts/partA_03_forecast_A2_ARX_I.mat,224,225,2,226,0.65,0.650302043640745,0.000302043640745153,9.12303609145872e-08,0.000302043640745153,0.000218012107152175,0.000151021820372577,0.000622291877499473,0.000207740784312738,0,0.75,-0.0375,0.2125,0.0030129242199943
A2,Policy Intervention,ARX,I,/home/kaahin/degree_project/hybrid-epidemic-forecasting/results/partA/forecasts/partA_03_forecast_A2_ARX_I.mat,224,225,3,227,0.65,0.650850226612482,0.000850226612482241,7.22885292573027e-07,0.000850226612482241,0.0004578433542204,0.000425113306241121,0.00120341083879182,0.000431770948958854,0,0.75,-0.0375,0.2125,0.0054644896714327
A2,Policy Intervention,ARX,I,/home/kaahin/degree_project/hybrid-epidemic-forecasting/results/partA/forecasts/partA_03_forecast_A2_ARX_I.mat,224,225,4,228,0.65,0.651553545906876,0.00155354590687595,2.41350488477103e-06,0.00155354590687595,0.000771346425768531,0.000776772953437976,0.0019615028555543,0.000732783106966117,0,0.75,-0.0375,0.2125,0.00845687925157129
A2,Policy Intervention,ARX,I,/home/kaahin/degree_project/hybrid-epidemic-forecasting/results/partA/forecasts/partA_03_forecast_A2_ARX_I.mat,224,225,5,229,0.65,0.652278434533924,0.00227843453392407,5.19126392537778e-06,0.00227843453392407,0.00114478860711438,0.00113921726696203,0.00291555846569095,0.00109677299936173,0,0.75,-0.0375,0.2125,0.0117353099401325
A2,Policy Intervention,ARX,I,/home/kaahin/degree_project/hybrid-epidemic-forecasting/results/partA/forecasts/partA_03_forecast_A2_ARX_I.mat,224,225,6,230,0.65,0.653091770674838,0.00309177067483812,9.55904590578899e-06,0.00309177067483812,0.00159699175479615,0.00154588533741906,0.0040184219795927,0.00162215557957091,0,0.75,-0.0375,0.2125,0.0152003352430676
A2,Policy Intervention,ARX,I,/home/kaahin/degree_project/hybrid-epidemic-forecasting/results/partA/forecasts/partA_03_forecast_A2_ARX_I.mat,224,225,7,231,0.65,0.654136886636512,0.00413688663651224,1.71138310433535e-05,0.00413688663651224,0.00198720459124797,0.00206844331825612,0.00507057949393532,0.00180339784842443,0,0.75,-0.0375,0.2125,0.0185856671605968
A2,Policy Intervention,ARX,I,/home/kaahin/degree_project/hybrid-epidemic-forecasting/results/partA/forecasts/partA_03_forecast_A2_ARX_I.mat,224,225,8,232,0.65,0.655241051129027,0.00524105112902695,2.74686169370747e-05,0.00524105112902695,0.00246847408619988,0.00262052556451348,0.00664080683709023,0.00184680098629575,0,0.75,-0.0375,0.2125,0.0238872317715121
A2,Policy Intervention,ARX,I,/home/kaahin/degree_project/hybrid-epidemic-forecasting/results/partA/forecasts/partA_03_forecast_A2_ARX_I.mat,224,225,9,233,0.65,0.656755247156436,0.00675524715643572,4.56333641445328e-05,0.00675524715643572,0.00298463354143657,0.00337762357821786,0.00837371297553152,0.00167951438271519,0,0.75,-0.0375,0.2125,0.030023782953061
A2,Policy Intervention,ARX,I,/home/kaahin/degree_project/hybrid-epidemic-forecasting/results/partA/forecasts/partA_03_forecast_A2_ARX_I.mat,224,225,10,234,0.65,0.65786639804691,0.00786639804690992,6.18802182324282e-05,0.00786639804690992,0.00357130505409584,0.00393319902345496,0.0100968546067387,0.00204081911323761,0,0.75,-0.0375,0.2125,0.0363240395417836
A2,Policy Intervention,ARX,I,/home/kaahin/degree_project/hybrid-epidemic-forecasting/results/partA/forecasts/partA_03_forecast_A2_ARX_I.mat,224,225,11,235,0.65,0.659361194791693,0.00936119479169306,8.76319679280213e-05,0.00936119479169306,0.00426000550861085,0.00468059739584653,0.011705300428947,0.00278412696395536,0,0.75,-0.0375,0.2125,0.042940385663721
A2,Policy Intervention,ARX,I,/home/kaahin/degree_project/hybrid-epidemic-forecasting/results/partA/forecasts/partA_03_forecast_A2_ARX_I.mat,224,225,12,236,0.65,0.661081923990959,0.0110819239909589,0.00012280903934139,0.0110819239909589,0.00526673363332394,0.00554096199547943,0.0132199206611759,0.00493941869330239,0,0.75,-0.0375,0.2125,0.0492034211988571
A2,Policy Intervention,ARX,I,/home/kaahin/degree_project/hybrid-epidemic-forecasting/results/partA/forecasts/partA_03_forecast_A2_ARX_I.mat,224,225,13,237,0.65,0.662336562942685,0.0123365629426854,0.000152190785238838,0.0123365629426854,0.00618515444429738,0.00616828147134268,0.0148330226354208,0.00683189089257474,0,0.75,-0.0375,0.2125,0.0544448429343651
A2,Policy Intervention,ARX,I,/home/kaahin/degree_project/hybrid-epidemic-forecasting/results/partA/forecasts/partA_03_forecast_A2_ARX_I.mat,224,225,14,238,0.65,0.663595277245346,0.0135952772453464,0.000184831563377833,0.0135952772453464,0.00703211860618249,0.00679763862267319,0.0165390230503119,0.00830787205483607,0,0.75,-0.0375,0.2125,0.060870851840775
A2,Policy Intervention,ARX,I,/home/kaahin/degree_project/hybrid-epidemic-forecasting/results/partA/forecasts/partA_03_forecast_A2_ARX_I.mat,231,232,1,232,0.65,0.650069799029016,6.97990290156048e-05,4.87190445152123e-09,6.97990290156048e-05,0.000124540204240282,3.48995145078024e-05,0.000394446999781983,0.000131084404791482,0,0.5,-0.2875,0.3625,0.00227542631361424
A2,Policy Intervention,ARX,I,/home/kaahin/degree_project/hybrid-epidemic-forecasting/results/partA/forecasts/partA_03_forecast_A2_ARX_I.mat,231,232,2,233,0.65,0.65038750706658,0.000387507066579529,1.50161726649071e-07,0.000387507066579529,0.000366595210371402,0.000193753533289764,0.00125668642125111,0.000199238492130438,0,0.75,-0.0375,0.2125,0.00549318803701937
A2,Policy Intervention,ARX,I,/home/kaahin/degree_project/hybrid-epidemic-forecasting/results/partA/forecasts/partA_03_forecast_A2_ARX_I.mat,231,232,3,234,0.65,0.650946291472835,0.000946291472834537,8.95467551559358e-07,0.000946291472834537,0.000647294862648137,0.000473145736417269,0.00204941301282817,0.000390268132671179,0,0.75,-0.0375,0.2125,0.00862867579599488
A2,Policy Intervention,ARX,I,/home/kaahin/degree_project/hybrid-epidemic-forecasting/results/partA/forecasts/partA_03_forecast_A2_ARX_I.mat,231,232,4,235,0.65,0.651614213919646,0.00161421391964567,2.60568657837783e-06,0.00161421391964567,0.000878521288616418,0.000807106959822834,0.00314623883895105,0,0,1,0.2125,0.2125,0.0121844577130043
A2,Policy Intervention,ARX,I,/home/kaahin/degree_project/hybrid-epidemic-forecasting/results/partA/forecasts/partA_03_forecast_A2_ARX_I.mat,231,232,5,236,0.65,0.65252702888868,0.00252702888868017,6.38587500422414e-06,0.00252702888868017,0.00134985501322387,0.00126351444434009,0.0041499416554252,0.00066089145974213,0,0.75,-0.0375,0.2125,0.0159405167360007
A2,Policy Intervention,ARX,I,/home/kaahin/degree_project/hybrid-epidemic-forecasting/results/partA/forecasts/partA_03_forecast_A2_ARX_I.mat,231,232,6,237,0.65,0.653421879838064,0.00342187983806352,1.17092616261457e-05,0.00342187983806352,0.00170010109236118,0.00171093991903176,0.00537977763305622,0.000559737363537316,0,0.75,-0.0375,0.2125,0.0200069233866556
A2,Policy Intervention,ARX,I,/home/kaahin/degree_project/hybrid-epidemic-forecasting/results/partA/forecasts/partA_03_forecast_A2_ARX_I.mat,231,232,7,238,0.65,0.654355779674086,0.0043557796740864,1.89728165691842e-05,0.0043557796740864,0.00218666270274291,0.0021778898370432,0.00680011119662037,0.000861981128679523,0,0.75,-0.0375,0.2125,0.0245278089334898
A2,Policy Intervention,ARX,I,/home/kaahin/degree_project/hybrid-epidemic-forecasting/results/partA/forecasts/partA_03_forecast_A2_ARX_I.mat,231,232,8,239,0.65,0.655749902394189,0.0057499023941886,3.30613775426958e-05,0.0057499023941886,0.0027067635571364,0.0028749511970943,0.00812289906193023,0.00118258574808927,0,0.75,-0.0375,0.2125,0.0291293006999152
A2,Policy Intervention,ARX,I,/home/kaahin/degree_project/hybrid-epidemic-forecasting/results/partA/forecasts/partA_03_forecast_A2_ARX_I.mat,231,232,9,240,0.65,0.6573123160544,0.00731231605440041,5.3469966079442e-05,0.00731231605440041,0.00320561058598153,0.00365615802720021,0.00957570756964888,0.0011933820400678,0,0.75,-0.0375,0.2125,0.0342150400214209
A2,Policy Intervention,ARX,I,/home/kaahin/degree_project/hybrid-epidemic-forecasting/results/partA/forecasts/partA_03_forecast_A2_ARX_I.mat,231,232,10,241,0.65,0.659324711465269,0.00932471146526892,8.69502439105177e-05,0.00932471146526892,0.00364188849040599,0.00466235573263446,0.0116729836288578,5.31588453347442e-05,0,0.75,-0.0375,0.2125,0.0401428853340305
A2,Policy Intervention,ARX,I,/home/kaahin/degree_project/hybrid-epidemic-forecasting/results/partA/forecasts/partA_03_forecast_A2_ARX_I.mat,231,232,11,242,0.65,0.661877164456866,0.0118771644568656,0.000141067035535431,0.0118771644568656,0.00436587005284458,0.0059385822284328,0.0137078330093678,0,0,1,0.2125,0.2125,0.0460576722466371
A2,Policy Intervention,ARX,I,/home/kaahin/degree_project/hybrid-epidemic-forecasting/results/partA/forecasts/partA_03_forecast_A2_ARX_I.mat,231,232,12,243,0.65,0.664172191428178,0.0141721914281782,0.000200851009876927,0.0141721914281782,0.0050150642708526,0.00708609571408908,0.0154816935047476,0,0,1,0.2125,0.2125,0.0518216054529418
A2,Policy Intervention,ARX,I,/home/kaahin/degree_project/hybrid-epidemic-forecasting/results/partA/forecasts/partA_03_forecast_A2_ARX_I.mat,231,232,13,244,0.65,0.666889259589396,0.0168892595893956,0.00028524708947799,0.0168892595893956,0.00575094027974634,0.00844462979469779,0.0174346014641607,0,0,1,0.2125,0.2125,0.057626433184135
A2,Policy Intervention,ARX,I,/home/kaahin/degree_project/hybrid-epidemic-forecasting/results/partA/forecasts/partA_03_forecast_A2_ARX_I.mat,231,232,14,245,0.65,0.668702511060516,0.0187025110605159,0.00034978391996872,0.0187025110605159,0.00645203913858013,0.00935125553025795,0.0196829205933526,0,0,1,0.2125,0.2125,0.0635251407318946
A2,Policy Intervention,ARX,I,/home/kaahin/degree_project/hybrid-epidemic-forecasting/results/partA/forecasts/partA_03_forecast_A2_ARX_I.mat,238,239,1,239,0.65,0.650074311353757,7.43113537571283e-05,5.52217729721706e-09,7.43113537571283e-05,0.000101843273781073,3.71556768785641e-05,0.000355521823482827,6.56172316534365e-05,0,0.75,-0.0375,0.2125,0.00200110073066856
A2,Policy Intervention,ARX,I,/home/kaahin/degree_project/hybrid-epidemic-forecasting/results/partA/forecasts/partA_03_forecast_A2_ARX_I.mat,238,239,2,240,0.65,0.650376001578765,0.000376001578765273,1.41377187233978e-07,0.000376001578765273,0.000280836977334031,0.000188000789382636,0.00086624762842753,0.000209517980192975,0,0.75,-0.0375,0.2125,0.00425768464986023
A2,Policy Intervention,ARX,I,/home/kaahin/degree_project/hybrid-epidemic-forecasting/results/partA/forecasts/partA_03_forecast_A2_ARX_I.mat,238,239,3,241,0.65,0.650835041327847,0.000835041327846509,6.9729401921166e-07,0.000835041327846509,0.000539140572402924,0.000417520663923254,0.00154736958539355,0.000461242326496358,0,0.75,-0.0375,0.2125,0.00704753629469576
A2,Policy Intervention,ARX,I,/home/kaahin/degree_project/hybrid-epidemic-forecasting/results/partA/forecasts/partA_03_forecast_A2_ARX_I.mat,238,239,4,242,0.65,0.6516279195366,0.00162791953660013,2.65012201764438e-06,0.00162791953660013,0.000829141479457513,0.000813959768300065,0.00214869118419581,0.000768485705062938,0,0.75,-0.0375,0.2125,0.0100405301572129
A2,Policy Intervention,ARX,I,/home/kaahin/degree_project/hybrid-epidemic-forecasting/results/partA/forecasts/partA_03_forecast_A2_ARX_I.mat,238,239,5,243,0.65,0.652110206909052,0.00211020690905184,4.45297319901011e-06,0.00211020690905184,0.0011546847393891,0.00105510345452592,0.00313786184578588,0.00100311602693914,0,0.75,-0.0375,0.2125,0.01417133583554
A2,Policy Intervention,ARX,I,/home/kaahin/degree_project/hybrid-epidemic-forecasting/results/partA/forecasts/partA_03_forecast_A2_ARX_I.mat,238,239,6,244,0.65,0.652884435249523,0.00288443524952287,8.31996670869003e-06,0.00288443524952287,0.00144042075783407,0.00144221762476143,0.00436702831398881,0.000672647471503085,0,0.75,-0.0375,0.2125,0.018185625229139
A2,Policy Intervention,ARX,I,/home/kaahin/degree_project/hybrid-epidemic-forecasting/results/partA/forecasts/partA_03_forecast_A2_ARX_I.mat,238,239,7,245,0.65,0.653902562988371,0.00390256298837099,1.52299978782031e-05,0.00390256298837099,0.00174125428408726,0.0019512814941855,0.00575121065094559,0.000133152133261594,0,0.75,-0.0375,0.2125,0.0214927525644102
A2,Policy Intervention,ARX,I,/home/kaahin/degree_project/hybrid-epidemic-forecasting/results/partA/forecasts/partA_03_forecast_A2_ARX_I.mat,238,239,8,246,0.65,0.654317756112384,0.00431775611238394,1.86430178460289e-05,0.00431775611238394,0.00203619562561614,0.00215887805619197,0.00688314878322621,0.000120853475854443,0,0.75,-0.0375,0.2125,0.025000365279401
A2,Policy Intervention,ARX,I,/home/kaahin/degree_project/hybrid-epidemic-forecasting/results/partA/forecasts/partA_03_forecast_A2_ARX_I.mat,238,239,9,247,0.65,0.655619947171759,0.00561994717175862,3.15838062133577e-05,0.00561994717175862,0.00245772100687428,0.00280997358587931,0.00789818967969235,0.00035158126536261,0,0.75,-0.0375,0.2125,0.0282989035381006
A2,Policy Intervention,ARX,I,/home/kaahin/degree_project/hybrid-epidemic-forecasting/results/partA/forecasts/partA_03_forecast_A2_ARX_I.mat,238,239,10,248,0.65,0.657033284799187,0.0070332847991873,4.94670950664791e-05,0.0070332847991873,0.00293882050601159,0.00351664239959365,0.00922546095171612,0.000482588925742378,0,0.75,-0.0375,0.2125,0.0325765964064194
A2,Policy Intervention,ARX,I,/home/kaahin/degree_project/hybrid-epidemic-forecasting/results/partA/forecasts/partA_03_forecast_A2_ARX_I.mat,238,239,11,249,0.65,0.658207364472416,0.00820736447241599,6.73608315830762e-05,0.00820736447241599,0.00320526896210838,0.00410368223620799,0.0103065752479084,1.34528453713534e-05,0,0.75,-0.0375,0.2125,0.0364220215882596
A2,Policy Intervention,ARX,I,/home/kaahin/degree_project/hybrid-epidemic-forecasting/results/partA/forecasts/partA_03_forecast_A2_ARX_I.mat,238,239,12,250,0.65,0.659480610910612,0.00948061091061214,8.9881983238418e-05,0.00948061091061214,0.00371511121562005,0.00474030545530607,0.0115999108433286,0.000377784171655571,0,0.75,-0.0375,0.2125,0.0391553786308514
A2,Policy Intervention,ARX,I,/home/kaahin/degree_project/hybrid-epidemic-forecasting/results/partA/forecasts/partA_03_forecast_A2_ARX_I.mat,238,239,13,251,0.65,0.660987315122882,0.010987315122882,0.000120721093609511,0.010987315122882,0.00424494793056057,0.00549365756144099,0.0127547781924802,0.000853829933601391,0,0.75,-0.0375,0.2125,0.0422450321842149
A2,Policy Intervention,ARX,I,/home/kaahin/degree_project/hybrid-epidemic-forecasting/results/partA/forecasts/partA_03_forecast_A2_ARX_I.mat,238,239,14,252,0.65,0.661812311347878,0.0118123113478775,0.000139530699379196,0.0118123113478775,0.00486330921955413,0.00590615567393876,0.0140382603578646,0.00194047545619025,0,0.75,-0.0375,0.2125,0.0457932989671819
A2,Policy Intervention,ARX,I,/home/kaahin/degree_project/hybrid-epidemic-forecasting/results/partA/forecasts/partA_03_forecast_A2_ARX_I.mat,245,246,1,246,0.65,0.650077387163321,7.73871633211742e-05,5.98877304689809e-09,7.73871633211742e-05,9.82913622666676e-05,3.86935816605871e-05,0.000209655787729648,0.000193961760809769,0,0.25,-0.5375,0.5625,0.00124337301783542
A2,Policy Intervention,ARX,I,/home/kaahin/degree_project/hybrid-epidemic-forecasting/results/partA/forecasts/partA_03_forecast_A2_ARX_I.mat,245,246,2,247,0.65,0.650351437512714,0.000351437512714381,1.23508325342871e-07,0.000351437512714381,0.000295660575096061,0.00017571875635719,0.000754255244175872,0.000400498587399212,0,0.5,-0.2875,0.3625,0.00365866175746038
A2,Policy Intervention,ARX,I,/home/kaahin/degree_project/hybrid-epidemic-forecasting/results/partA/forecasts/partA_03_forecast_A2_ARX_I.mat,245,246,3,248,0.65,0.650761453250573,0.000761453250572752,5.79811052807811e-07,0.000761453250572752,0.000542330461905696,0.000380726625286376,0.00165094100358731,0.000408819449701947,0,0.75,-0.0375,0.2125,0.00726959517271508
A2,Policy Intervention,ARX,I,/home/kaahin/degree_project/hybrid-epidemic-forecasting/results/partA/forecasts/partA_03_forecast_A2_ARX_I.mat,245,246,4,249,0.65,0.651297411963617,0.00129741196361655,1.68327780333534e-06,0.00129741196361655,0.000956220561707049,0.000648705981808273,0.00294075531477926,0.000713531231094189,0,0.75,-0.0375,0.2125,0.0118761197873228
A2,Policy Intervention,ARX,I,/home/kaahin/degree_project/hybrid-epidemic-forecasting/results/partA/forecasts/partA_03_forecast_A2_ARX_I.mat,245,246,5,250,0.65,0.651811909134675,0.00181190913467477,3.28301471231788e-06,0.00181190913467477,0.00134004003149072,0.000905954567337386,0.00408106056269176,0.00104316501167911,0,0.75,-0.0375,0.2125,0.0163984041201552
A2,Policy Intervention,ARX,I,/home/kaahin/degree_project/hybrid-epidemic-forecasting/results/partA/forecasts/partA_03_forecast_A2_ARX_I.mat,245,246,6,251,0.65,0.652689828109872,0.00268982810987228,7.2351752606591e-06,0.00268982810987228,0.00179731124928075,0.00134491405493614,0.00530074174776417,0.00144224481906308,0,0.75,-0.0375,0.2125,0.0209393573317548
A2,Policy Intervention,ARX,I,/home/kaahin/degree_project/hybrid-epidemic-forecasting/results/partA/forecasts/partA_03_forecast_A2_ARX_I.mat,245,246,7,252,0.65,0.653531535658692,0.00353153565869202,1.24717441086133e-05,0.00353153565869202,0.00234490444695701,0.00176576782934601,0.00672938223132712,0.0020569199506334,0,0.75,-0.0375,0.2125,0.0256344794309267
A2,Policy Intervention,ARX,I,/home/kaahin/degree_project/hybrid-epidemic-forecasting/results/partA/forecasts/partA_03_forecast_A2_ARX_I.mat,245,246,8,253,0.65,0.655018856491923,0.00501885649192269,2.51889204865145e-05,0.00501885649192269,0.0028647808072911,0.00250942824596134,0.00813868494233273,0.00224340044451588,0,0.75,-0.0375,0.2125,0.0300965276692686
A2,Policy Intervention,ARX,I,/home/kaahin/degree_project/hybrid-epidemic-forecasting/results/partA/forecasts/partA_03_forecast_A2_ARX_I.mat,245,246,9,254,0.65,0.656155974385189,0.00615597438518856,3.78960206310976e-05,0.00615597438518856,0.00334116367195183,0.00307798719259428,0.00948368263587236,0.00247356669531662,0,0.75,-0.0375,0.2125,0.0341929853511885
A2,Policy Intervention,ARX,I,/home/kaahin/degree_project/hybrid-epidemic-forecasting/results/partA/forecasts/partA_03_forecast_A2_ARX_I.mat,245,246,10,255,0.65,0.657892747857809,0.00789274785780925,6.22954687469524e-05,0.00789274785780925,0.00378164967701713,0.00394637392890462,0.0109414176063365,0.00212963201133598,0,0.75,-0.0375,0.2125,0.0384311623758936
A2,Policy Intervention,ARX,I,/home/kaahin/degree_project/hybrid-epidemic-forecasting/results/partA/forecasts/partA_03_forecast_A2_ARX_I.mat,245,246,11,256,0.65,0.659627843013824,0.00962784301382402,9.269536109884e-05,0.00962784301382402,0.00422596679535735,0.00481392150691201,0.0125488555277274,0.00165407354446867,0,0.75,-0.0375,0.2125,0.0431075050964165
A2,Policy Intervention,ARX,I,/home/kaahin/degree_project/hybrid-epidemic-forecasting/results/partA/forecasts/partA_03_forecast_A2_ARX_I.mat,245,246,12,257,0.65,0.661427359880715,0.011427359880715,0.000130584553843374,0.011427359880715,0.00449470462526147,0.00571367994035749,0.0145124908733191,0,0,1,0.2125,0.2125,0.0479313483895823
A2,Policy Intervention,ARX,I,/home/kaahin/degree_project/hybrid-epidemic-forecasting/results/partA/forecasts/partA_03_forecast_A2_ARX_I.mat,245,246,13,258,0.65,0.662475922019674,0.0124759220196736,0.000155648630240977,0.0124759220196736,0.00504397394411559,0.00623796100983681,0.0164599217386834,0,0,1,0.2125,0.2125,0.0528852237474459
A2,Policy Intervention,ARX,I,/home/kaahin/degree_project/hybrid-epidemic-forecasting/results/partA/forecasts/partA_03_forecast_A2_ARX_I.mat,245,246,14,259,0.65,0.66403661786859,0.0140366178685901,0.000197026641188823,0.0140366178685901,0.00559802217135356,0.00701830893429506,0.0181727908367959,0,0,1,0.2125,0.2125,0.0580033276937112
A2,Policy Intervention,ARX,I,/home/kaahin/degree_project/hybrid-epidemic-forecasting/results/partA/forecasts/partA_03_forecast_A2_ARX_I.mat,252,253,1,253,0.65,0.650070685255758,7.06852557580406e-05,4.99640538157962e-09,7.06852557580406e-05,0.000106703453083879,3.53426278790203e-05,0.000253074846657356,0.00019174806434108,0,0.25,-0.5375,0.5625,0.00129249964833353
A2,Policy Intervention,ARX,I,/home/kaahin/degree_project/hybrid-epidemic-forecasting/results/partA/forecasts/partA_03_forecast_A2_ARX_I.mat,252,253,2,254,0.65,0.650358346617416,0.000358346617415739,1.28412298213302e-07,0.000358346617415739,0.00025631299475614,0.00017917330870787,0.000779554532638083,0.000194680635056677,0,0.75,-0.0375,0.2125,0.00401206758318451
A2,Policy Intervention,ARX,I,/home/kaahin/degree_project/hybrid-epidemic-forecasting/results/partA/forecasts/partA_03_forecast_A2_ARX_I.mat,252,253,3,255,0.65,0.650838941239607,0.000838941239607149,7.0382240351358e-07,0.000838941239607149,0.000527544006025032,0.000419470619803575,0.00153915016445087,0.000415327242858199,0,0.75,-0.0375,0.2125,0.00729802572855537
A2,Policy Intervention,ARX,I,/home/kaahin/degree_project/hybrid-epidemic-forecasting/results/partA/forecasts/partA_03_forecast_A2_ARX_I.mat,252,253,4,256,0.65,0.65138109703858,0.00138109703858047,1.90742902997574e-06,0.00138109703858047,0.000877976029456992,0.000690548519290235,0.00249148137442158,0.000768862238844648,0,0.75,-0.0375,0.2125,0.0110754706443507
A2,Policy Intervention,ARX,I,/home/kaahin/degree_project/hybrid-epidemic-forecasting/results/partA/forecasts/partA_03_forecast_A2_ARX_I.mat,252,253,5,257,0.65,0.652203031252769,0.00220303125276888,4.85334670067644e-06,0.00220303125276888,0.00132008847319481,0.00110151562638444,0.00377803981423259,0.00106084268875961,0,0.75,-0.0375,0.2125,0.0150046666435645
A2,Policy Intervention,ARX,I,/home/kaahin/degree_project/hybrid-epidemic-forecasting/results/partA/forecasts/partA_03_forecast_A2_ARX_I.mat,252,253,6,258,0.65,0.653063960092598,0.00306396009259824,9.38785144903461e-06,0.00306396009259824,0.00176090718529343,0.00153198004629912,0.00500362166244243,0.0013884806250789,0,0.75,-0.0375,0.2125,0.0199955290983321
A2,Policy Intervention,ARX,I,/home/kaahin/degree_project/hybrid-epidemic-forecasting/results/partA/forecasts/partA_03_forecast_A2_ARX_I.mat,252,253,7,259,0.65,0.654024744456811,0.004024744456811,1.61985679426309e-05,0.004024744456811,0.00222112579181807,0.0020123722284055,0.00616292400855902,0.00181976982621679,0,0.75,-0.0375,0.2125,0.0241798956720032
A2,Policy Intervention,ARX,I,/home/kaahin/degree_project/hybrid-epidemic-forecasting/results/partA/forecasts/partA_03_forecast_A2_ARX_I.mat,252,253,8,260,0.65,0.655268618252663,0.00526861825266312,2.77583382922949e-05,0.00526861825266312,0.00279238880387292,0.00263430912633156,0.00732381086351813,0.00260762962757843,0,0.75,-0.0375,0.2125,0.0281804480307793
A2,Policy Intervention,ARX,I,/home/kaahin/degree_project/hybrid-epidemic-forecasting/results/partA/forecasts/partA_03_forecast_A2_ARX_I.mat,252,253,9,261,0.65,0.656556693823096,0.00655669382309576,4.29902338898221e-05,0.00655669382309576,0.00326638038460965,0.00327834691154788,0.00850970453346604,0.0029106602857295,0,0.75,-0.0375,0.2125,0.0323512408667893
A2,Policy Intervention,ARX,I,/home/kaahin/degree_project/hybrid-epidemic-forecasting/results/partA/forecasts/partA_03_forecast_A2_ARX_I.mat,252,253,10,262,0.65,0.658093491942058,0.00809349194205811,6.55046118161595e-05,0.00809349194205811,0.00386687854572418,0.00404674597102905,0.00960185492735217,0.0037523525573776,0,0.75,-0.0375,0.2125,0.0364915156289262
A2,Policy Intervention,ARX,I,/home/kaahin/degree_project/hybrid-epidemic-forecasting/results/partA/forecasts/partA_03_forecast_A2_ARX_I.mat,252,253,11,263,0.65,0.65898237483234,0.00898237483234032,8.06830576286608e-05,0.00898237483234032,0.00441322112083112,0.00449118741617016,0.0109711572951337,0.00439715033243615,0,0.75,-0.0375,0.2125,0.0407134780148035
A2,Policy Intervention,ARX,I,/home/kaahin/degree_project/hybrid-epidemic-forecasting/results/partA/forecasts/partA_03_forecast_A2_ARX_I.mat,252,253,12,264,0.65,0.66068104026141,0.0106810402614098,0.000114084621065857,0.0106810402614098,0.00478981984940833,0.00534052013070491,0.0128057531777485,0.00340791601388413,0,0.75,-0.0375,0.2125,0.0456436554722649
A2,Policy Intervention,ARX,I,/home/kaahin/degree_project/hybrid-epidemic-forecasting/results/partA/forecasts/partA_03_forecast_A2_ARX_I.mat,252,253,13,265,0.65,0.661968793510436,0.0119687935104363,0.000143252018095463,0.0119687935104363,0.00528559857794126,0.00598439675521817,0.0142877317416091,0.00351306510390836,0,0.75,-0.0375,0.2125,0.0503892505941083
A2,Policy Intervention,ARX,I,/home/kaahin/degree_project/hybrid-epidemic-forecasting/results/partA/forecasts/partA_03_forecast_A2_ARX_I.mat,252,253,14,266,0.65,0.664165707393204,0.0141657073932041,0.000200667265949878,0.0141657073932041,0.00602344113609704,0.00708285369660205,0.0158100502797029,0.00421258113613177,0,0.75,-0.0375,0.2125,0.0553500403596106
A2,Policy Intervention,ARX,I,/home/kaahin/degree_project/hybrid-epidemic-forecasting/results/partA/forecasts/partA_03_forecast_A2_ARX_I.mat,259,260,1,260,0.65,0.650067320390936,6.7320390935488e-05,4.53203503570694e-09,6.7320390935488e-05,5.42834387386337e-05,3.3660195467744e-05,8.37606720373918e-05,0.000126854606818716,0,0.5,-0.2875,0.3625,0.000387695194375037
A2,Policy Intervention,ARX,I,/home/kaahin/degree_project/hybrid-epidemic-forecasting/results/partA/forecasts/partA_03_forecast_A2_ARX_I.mat,259,260,2,261,0.65,0.650214519950892,0.000214519950891945,4.60188093306824e-08,0.000214519950891945,0.000160517578644548,0.000107259975445972,0.000421964369542507,0.000193104758911988,0,0.75,-0.0375,0.2125,0.00199257788146193
A2,Policy Intervention,ARX,I,/home/kaahin/degree_project/hybrid-epidemic-forecasting/results/partA/forecasts/partA_03_forecast_A2_ARX_I.mat,259,260,3,262,0.65,0.650716487586078,0.000716487586078118,5.13354461004049e-07,0.000716487586078118,0.000404377369024354,0.000358243793039059,0.00105579363470623,0.000405660732864299,0,0.75,-0.0375,0.2125,0.00461601429178116
A2,Policy Intervention,ARX,I,/home/kaahin/degree_project/hybrid-epidemic-forecasting/results/partA/forecasts/partA_03_forecast_A2_ARX_I.mat,259,260,4,263,0.65,0.65131338586817,0.0013133858681702,1.7249824387092e-06,0.0013133858681702,0.000709834907281806,0.000656692934085101,0.00186057509667006,0.000676989052012966,0,0.75,-0.0375,0.2125,0.00814601865142089
A2,Policy Intervention,ARX,I,/home/kaahin/degree_project/hybrid-epidemic-forecasting/results/partA/forecasts/partA_03_forecast_A2_ARX_I.mat,259,260,5,264,0.65,0.652172914952444,0.00217291495244432,4.72155939055608e-06,0.00217291495244432,0.00112726686458808,0.00108645747622216,0.00290581151326171,0.00108043190116247,0,0.75,-0.0375,0.2125,0.0123631307857496
A2,Policy Intervention,ARX,I,/home/kaahin/degree_project/hybrid-epidemic-forecasting/results/partA/forecasts/partA_03_forecast_A2_ARX_I.mat,259,260,6,265,0.65,0.653002583795906,0.00300258379590612,9.01550945143802e-06,0.00300258379590612,0.0015660838990729,0.00150129189795306,0.00393823509804307,0.00160785054983192,0,0.75,-0.0375,0.2125,0.0166500434017492
A2,Policy Intervention,ARX,I,/home/kaahin/degree_project/hybrid-epidemic-forecasting/results/partA/forecasts/partA_03_forecast_A2_ARX_I.mat,259,260,7,266,0.65,0.654362105055372,0.00436210505537227,1.90279605141043e-05,0.00436210505537227,0.0021138248690487,0.00218105252768613,0.00499861698106155,0.00233254240197145,0,0.75,-0.0375,0.2125,0.0209622505218978
A2,Policy Intervention,ARX,I,/home/kaahin/degree_project/hybrid-epidemic-forecasting/results/partA/forecasts/partA_03_forecast_A2_ARX_I.mat,259,260,8,267,0.65,0.655557479046252,0.00555747904625148,3.08855733495243e-05,0.00555747904625148,0.00259779276708569,0.00277873952312574,0.00604029036112089,0.00287103756763896,0,0.75,-0.0375,0.2125,0.0247180971120136
A2,Policy Intervention,ARX,I,/home/kaahin/degree_project/hybrid-epidemic-forecasting/results/partA/forecasts/partA_03_forecast_A2_ARX_I.mat,259,260,9,268,0.65,0.656130429964298,0.00613042996429813,3.75821715471644e-05,0.00613042996429813,0.0031171651846463,0.00306521498214907,0.00730564530817791,0.00365638304058136,0,0.75,-0.0375,0.2125,0.0295844050053252
A2,Policy Intervention,ARX,I,/home/kaahin/degree_project/hybrid-epidemic-forecasting/results/partA/forecasts/partA_03_forecast_A2_ARX_I.mat,259,260,10,269,0.65,0.657654260530554,0.00765426053055351,5.85877042695894e-05,0.00765426053055351,0.0037163801354085,0.00382713026527676,0.00855371861002518,0.00434286173403631,0,0.75,-0.0375,0.2125,0.0346243638483156
A2,Policy Intervention,ARX,I,/home/kaahin/degree_project/hybrid-epidemic-forecasting/results/partA/forecasts/partA_03_forecast_A2_ARX_I.mat,259,260,11,270,0.65,0.659712308911272,0.00971230891127217,9.43289443879768e-05,0.00971230891127217,0.00443784896503303,0.00485615445563609,0.00966740195293027,0.00544676393408228,0,0.75,-0.0375,0.2125,0.0392155549416802
A2,Policy Intervention,ARX,I,/home/kaahin/degree_project/hybrid-epidemic-forecasting/results/partA/forecasts/partA_03_forecast_A2_ARX_I.mat,259,260,12,271,0.65,0.661784979992783,0.0117849799927826,0.000138885753430286,0.0117849799927826,0.00502709108766871,0.0058924899963913,0.0110668947587206,0.00566252513939725,0,0.75,-0.0375,0.2125,0.0441392264989277
A2,Policy Intervention,ARX,I,/home/kaahin/degree_project/hybrid-epidemic-forecasting/results/partA/forecasts/partA_03_forecast_A2_ARX_I.mat,259,260,13,272,0.65,0.664201355957671,0.0142013559576714,0.000201678511036488,0.0142013559576714,0.00559701565841506,0.00710067797883568,0.0125206742548117,0.0055652182292204,0,0.75,-0.0375,0.2125,0.0490797225001414
A2,Policy Intervention,ARX,I,/home/kaahin/degree_project/hybrid-epidemic-forecasting/results/partA/forecasts/partA_03_forecast_A2_ARX_I.mat,259,260,14,273,0.65,0.666829142584263,0.0168291425842632,0.00028322004012146,0.0168291425842632,0.00640083712399441,0.00841457129213158,0.0137301415388825,0.00665905422696078,0,0.75,-0.0375,0.2125,0.0533886018097107
A2,Policy Intervention,ARX,I,/home/kaahin/degree_project/hybrid-epidemic-forecasting/results/partA/forecasts/partA_03_forecast_A2_ARX_I.mat,266,267,1,267,0.65,0.650071892963083,7.18929630828535e-05,5.16859814083254e-09,7.18929630828535e-05,0.000116154351545724,3.59464815414268e-05,0.000296302841900248,0.000190445258514083,0,0,-0.7875,0.7875,0.00137847657386217
A2,Policy Intervention,ARX,I,/home/kaahin/degree_project/hybrid-epidemic-forecasting/results/partA/forecasts/partA_03_forecast_A2_ARX_I.mat,266,267,2,268,0.65,0.650332321528512,0.000332321528512147,1.1043759831265e-07,0.000332321528512147,0.000270018226577369,0.000166160764256074,0.000855103338590874,0.000193817916751216,0,0.75,-0.0375,0.2125,0.0039951090588099
A2,Policy Intervention,ARX,I,/home/kaahin/degree_project/hybrid-epidemic-forecasting/results/partA/forecasts/partA_03_forecast_A2_ARX_I.mat,266,267,3,269,0.65,0.651025961210162,0.00102596121016185,1.05259640475677e-06,0.00102596121016185,0.000590398347525055,0.000512980605080926,0.00172058400037727,0.000423227958404548,0,0.75,-0.0375,0.2125,0.0076164352547563
A2,Policy Intervention,ARX,I,/home/kaahin/degree_project/hybrid-epidemic-forecasting/results/partA/forecasts/partA_03_forecast_A2_ARX_I.mat,266,267,4,270,0.65,0.651697937057998,0.00169793705799781,2.88299025292226e-06,0.00169793705799781,0.000928148798453788,0.000848968528998906,0.00251919421888149,0.00080850684516165,0,0.75,-0.0375,0.2125,0.0104347229935998
A2,Policy Intervention,ARX,I,/home/kaahin/degree_project/hybrid-epidemic-forecasting/results/partA/forecasts/partA_03_forecast_A2_ARX_I.mat,266,267,5,271,0.65,0.652387149875185,0.00238714987518507,5.69848452659609e-06,0.00238714987518507,0.00126511686434584,0.00119357493759253,0.00320573157118936,0.00129371938077438,0,0.75,-0.0375,0.2125,0.0128279475908832
A2,Policy Intervention,ARX,I,/home/kaahin/degree_project/hybrid-epidemic-forecasting/results/partA/forecasts/partA_03_forecast_A2_ARX_I.mat,266,267,6,272,0.65,0.653330371069628,0.00333037106962775,1.10913714614135e-05,0.00333037106962775,0.00167915044506765,0.00166518553481387,0.00408464305544954,0.00180634841254101,0,0.75,-0.0375,0.2125,0.0162031441172091
A2,Policy Intervention,ARX,I,/home/kaahin/degree_project/hybrid-epidemic-forecasting/results/partA/forecasts/partA_03_forecast_A2_ARX_I.mat,266,267,7,273,0.65,0.65436419713849,0.0043641971384899,1.90462166636034e-05,0.0043641971384899,0.00209048779595991,0.00218209856924495,0.00543769378887617,0.00178740272369848,0,0.75,-0.0375,0.2125,0.0206977246648626
A2,Policy Intervention,ARX,I,/home/kaahin/degree_project/hybrid-epidemic-forecasting/results/partA/forecasts/partA_03_forecast_A2_ARX_I.mat,266,267,8,274,0.65,0.655529797000919,0.00552979700091927,3.05786548713757e-05,0.00552979700091927,0.00260086161729744,0.00276489850045963,0.00718705753994558,0.00175192123743328,0,0.75,-0.0375,0.2125,0.0260948578638392
A2,Policy Intervention,ARX,I,/home/kaahin/degree_project/hybrid-epidemic-forecasting/results/partA/forecasts/partA_03_forecast_A2_ARX_I.mat,266,267,9,275,0.65,0.656830969525284,0.00683096952528406,4.66621446553595e-05,0.00683096952528406,0.00308194212549656,0.00341548476264203,0.00889956711068076,0.00155368769141173,0,0.75,-0.0375,0.2125,0.0312954567772963
A2,Policy Intervention,ARX,I,/home/kaahin/degree_project/hybrid-epidemic-forecasting/results/partA/forecasts/partA_03_forecast_A2_ARX_I.mat,266,267,10,276,0.65,0.658160043892785,0.00816004389278546,6.65863163321853e-05,0.00816004389278546,0.00373375974466925,0.00408002194639273,0.0105472197513452,0.00217467715327369,0,0.75,-0.0375,0.2125,0.0365962829646017
A2,Policy Intervention,ARX,I,/home/kaahin/degree_project/hybrid-epidemic-forecasting/results/partA/forecasts/partA_03_forecast_A2_ARX_I.mat,266,267,11,277,0.65,0.659220037049114,0.00922003704911367,8.50090831870287e-05,0.00922003704911367,0.00432029357727436,0.00461001852455684,0.0123366928512432,0.0024946097219346,0,0.75,-0.0375,0.2125,0.0422095509229177
A2,Policy Intervention,ARX,I,/home/kaahin/degree_project/hybrid-epidemic-forecasting/results/partA/forecasts/partA_03_forecast_A2_ARX_I.mat,266,267,12,278,0.65,0.661016201689665,0.0110162016896651,0.00012135669966738,0.0110162016896651,0.00502571457057281,0.00550810084483255,0.0138547969201033,0.00325281780264175,0,0.75,-0.0375,0.2125,0.0474245842273621
A2,Policy Intervention,ARX,I,/home/kaahin/degree_project/hybrid-epidemic-forecasting/results/partA/forecasts/partA_03_forecast_A2_ARX_I.mat,266,267,13,279,0.65,0.662944525306122,0.0129445253061222,0.000167560735400839,0.0129445253061222,0.00577811125333234,0.00647226265306111,0.0151620679354539,0.00436717005148057,0,0.75,-0.0375,0.2125,0.0521587195866494
A2,Policy Intervention,ARX,I,/home/kaahin/degree_project/hybrid-epidemic-forecasting/results/partA/forecasts/partA_03_forecast_A2_ARX_I.mat,266,267,14,280,0.65,0.664596593486527,0.0145965934865271,0.000213060541410925,0.0145965934865271,0.00652635152085277,0.00729829674326354,0.0165590289307138,0.00551125616986015,0,0.75,-0.0375,0.2125,0.0573864761760727
A2,Policy Intervention,ARX,I,/home/kaahin/degree_project/hybrid-epidemic-forecasting/results/partA/forecasts/partA_03_forecast_A2_ARX_I.mat,273,274,1,274,0.65,0.65006370349423,6.37034942304604e-05,4.0581351771703e-09,6.37034942304604e-05,0.000105299705314663,3.18517471152302e-05,0.000194059797075602,0.000247937129725151,0,0,-0.7875,0.7875,0.00123638208717161
A2,Policy Intervention,ARX,I,/home/kaahin/degree_project/hybrid-epidemic-forecasting/results/partA/forecasts/partA_03_forecast_A2_ARX_I.mat,273,274,2,275,0.65,0.65024396685474,0.000243966854740374,5.95198262119107e-08,0.000243966854740374,0.000357658216393059,0.000121983427370187,0.000742422576731902,0.000745055969666675,0,0,-0.7875,0.7875,0.00325339047645476
A2,Policy Intervention,ARX,I,/home/kaahin/degree_project/hybrid-epidemic-forecasting/results/partA/forecasts/partA_03_forecast_A2_ARX_I.mat,273,274,3,276,0.65,0.650693092025681,0.000693092025680686,4.80376556062157e-07,0.000693092025680686,0.000567135839705413,0.000346546012840343,0.00143894834260969,0.000766616923224328,0,0.5,-0.2875,0.3625,0.00640504112512752
A2,Policy Intervention,ARX,I,/home/kaahin/degree_project/hybrid-epidemic-forecasting/results/partA/forecasts/partA_03_forecast_A2_ARX_I.mat,273,274,4,277,0.65,0.651157904747004,0.00115790474700428,1.34074340313504e-06,0.00115790474700428,0.000956092993920579,0.00057895237350214,0.00242301473534571,0.00130045136379475,0,0.5,-0.2875,0.3625,0.0102845586149536
A2,Policy Intervention,ARX,I,/home/kaahin/degree_project/hybrid-epidemic-forecasting/results/partA/forecasts/partA_03_forecast_A2_ARX_I.mat,273,274,5,278,0.65,0.651847951286228,0.00184795128622839,3.41492395627316e-06,0.00184795128622839,0.00128801188638348,0.000923975643114194,0.003309523956976,0.00156255388863547,0,0.5,-0.2875,0.3625,0.0142200908596697
A2,Policy Intervention,ARX,I,/home/kaahin/degree_project/hybrid-epidemic-forecasting/results/partA/forecasts/partA_03_forecast_A2_ARX_I.mat,273,274,6,279,0.65,0.652736626515702,0.00273662651570195,7.48912468644297e-06,0.00273662651570195,0.00172285860492084,0.00136831325785097,0.00428511390408121,0.00209943656021161,0,0.5,-0.2875,0.3625,0.0180076935648893
A2,Policy Intervention,ARX,I,/home/kaahin/degree_project/hybrid-epidemic-forecasting/results/partA/forecasts/partA_03_forecast_A2_ARX_I.mat,273,274,7,280,0.65,0.653305511248338,0.00330551124833778,1.09264046128876e-05,0.00330551124833778,0.00210938462793381,0.00165275562416889,0.00538738120230061,0.00245209399923263,0,0.5,-0.2875,0.3625,0.0220946040612642
A2,Policy Intervention,ARX,I,/home/kaahin/degree_project/hybrid-epidemic-forecasting/results/partA/forecasts/partA_03_forecast_A2_ARX_I.mat,273,274,8,281,0.65,0.654509093959756,0.00450909395975574,2.03319283379057e-05,0.00450909395975574,0.00254119037325905,0.00225454697987787,0.00662297984492511,0.00255782985486275,0,0.75,-0.0375,0.2125,0.0262769988169952
A2,Policy Intervention,ARX,I,/home/kaahin/degree_project/hybrid-epidemic-forecasting/results/partA/forecasts/partA_03_forecast_A2_ARX_I.mat,273,274,9,282,0.65,0.655675046987171,0.0056750469871707,3.22061583065952e-05,0.0056750469871707,0.00313712175969252,0.00283752349358535,0.00794041911982958,0.00333910530520143,0,0.75,-0.0375,0.2125,0.0305151156481177
A2,Policy Intervention,ARX,I,/home/kaahin/degree_project/hybrid-epidemic-forecasting/results/partA/forecasts/partA_03_forecast_A2_ARX_I.mat,273,274,10,283,0.65,0.657116558919554,0.00711655891955409,5.06454108554849e-05,0.00711655891955409,0.00383974936596376,0.00355827945977705,0.00952554310109269,0.00419504958596717,0,0.75,-0.0375,0.2125,0.0352372206363648
A2,Policy Intervention,ARX,I,/home/kaahin/degree_project/hybrid-epidemic-forecasting/results/partA/forecasts/partA_03_forecast_A2_ARX_I.mat,273,274,11,284,0.65,0.658339447354065,0.00833944735406511,6.95463821712236e-05,0.00833944735406511,0.0044853737774761,0.00416972367703256,0.0109367688810187,0.00507768944059117,0,0.75,-0.0375,0.2125,0.0396415472195625
A2,Policy Intervention,ARX,I,/home/kaahin/degree_project/hybrid-epidemic-forecasting/results/partA/forecasts/partA_03_forecast_A2_ARX_I.mat,273,274,12,285,0.65,0.659964426179278,0.00996442617927784,9.92897890822776e-05,0.00996442617927784,0.00517622930534352,0.00498221308963892,0.0125341214038659,0.00577669738054098,0,0.75,-0.0375,0.2125,0.0443695508048861
A2,Policy Intervention,ARX,I,/home/kaahin/degree_project/hybrid-epidemic-forecasting/results/partA/forecasts/partA_03_forecast_A2_ARX_I.mat,273,274,13,286,0.65,0.661345986167125,0.0113459861671248,0.000128731402104587,0.0113459861671248,0.00582748975595623,0.00567299308356239,0.0141387168285451,0.0064119939896955,0,0.75,-0.0375,0.2125,0.0492661792451642
A2,Policy Intervention,ARX,I,/home/kaahin/degree_project/hybrid-epidemic-forecasting/results/partA/forecasts/partA_03_forecast_A2_ARX_I.mat,273,274,14,287,0.65,0.662699053817634,0.0126990538176338,0.00016126596786316,0.0126990538176338,0.00659417321855404,0.0063495269088169,0.0156820409149428,0.00764221165973344,0,0.75,-0.0375,0.2125,0.0544893862341381
A2,Policy Intervention,ARX,I,/home/kaahin/degree_project/hybrid-epidemic-forecasting/results/partA/forecasts/partA_03_forecast_A2_ARX_I.mat,280,281,1,281,0.65,0.650062810970719,6.28109707191404e-05,3.94521804268072e-09,6.28109707191404e-05,9.9706387861781e-05,3.14054853595702e-05,0.000172166536835436,0.000245106723183008,0,0,-0.7875,0.7875,0.000764015392608453
A2,Policy Intervention,ARX,I,/home/kaahin/degree_project/hybrid-epidemic-forecasting/results/partA/forecasts/partA_03_forecast_A2_ARX_I.mat,280,281,2,282,0.65,0.650214617557593,0.000214617557592889,4.60606960271369e-08,0.000214617557592889,0.000268039496051697,0.000107308778796444,0.000733642874329141,0.000365226079107051,0,0.5,-0.2875,0.3625,0.00339059647668993
A2,Policy Intervention,ARX,I,/home/kaahin/degree_project/hybrid-epidemic-forecasting/results/partA/forecasts/partA_03_forecast_A2_ARX_I.mat,280,281,3,283,0.65,0.650512292517986,0.000512292517986235,2.62443623984677e-07,0.000512292517986235,0.000516842586131061,0.000256146258993117,0.00133860016672437,0.000731045211872283,0,0.5,-0.2875,0.3625,0.00626361403021972
A2,Policy Intervention,ARX,I,/home/kaahin/degree_project/hybrid-epidemic-forecasting/results/partA/forecasts/partA_03_forecast_A2_ARX_I.mat,280,281,4,284,0.65,0.651029947510875,0.00102994751087482,1.06079187515723e-06,0.00102994751087482,0.000896997534540719,0.000514973755437409,0.00229557128742081,0.00122594386257502,0,0.5,-0.2875,0.3625,0.0102019335171747
A2,Policy Intervention,ARX,I,/home/kaahin/degree_project/hybrid-epidemic-forecasting/results/partA/forecasts/partA_03_forecast_A2_ARX_I.mat,280,281,5,285,0.65,0.65176640705938,0.00176640705938047,3.12019389942916e-06,0.00176640705938047,0.00134964563980471,0.000883203529690235,0.00333452945471912,0.00185567239471185,0,0.5,-0.2875,0.3625,0.0147098972675542
A2,Policy Intervention,ARX,I,/home/kaahin/degree_project/hybrid-epidemic-forecasting/results/partA/forecasts/partA_03_forecast_A2_ARX_I.mat,280,281,6,286,0.65,0.65262024909521,0.0026202490952103,6.86570532095041e-06,0.0026202490952103,0.00166782394886154,0.00131012454760515,0.00445422738679987,0.0017408558354719,0,0.5,-0.2875,0.3625,0.0198511726681429
A2,Policy Intervention,ARX,I,/home/kaahin/degree_project/hybrid-epidemic-forecasting/results/partA/forecasts/partA_03_forecast_A2_ARX_I.mat,280,281,7,287,0.65,0.653617176213207,0.00361717621320667,1.30839637573882e-05,0.00361717621320667,0.00214833229271236,0.00180858810660334,0.00593615145646335,0.00192275575413892,0,0.75,-0.0375,0.2125,0.0253095384195313
A2,Policy Intervention,ARX,I,/home/kaahin/degree_project/hybrid-epidemic-forecasting/results/partA/forecasts/partA_03_forecast_A2_ARX_I.mat,280,281,8,288,0.65,0.655179751559364,0.00517975155936368,2.68298262167304e-05,0.00517975155936368,0.00274499308057276,0.00258987577968184,0.00693040019702715,0.00283219288586845,0,0.75,-0.0375,0.2125,0.029835141487106
A2,Policy Intervention,ARX,I,/home/kaahin/degree_project/hybrid-epidemic-forecasting/results/partA/forecasts/partA_03_forecast_A2_ARX_I.mat,280,281,9,289,0.65,0.656592863892208,0.00659286389220748,4.34658543011731e-05,0.00659286389220748,0.00339712655358843,0.00329643194610374,0.0082436307238814,0.0037470068211628,0,0.75,-0.0375,0.2125,0.034781312137014
A2,Policy Intervention,ARX,I,/home/kaahin/degree_project/hybrid-epidemic-forecasting/results/partA/forecasts/partA_03_forecast_A2_ARX_I.mat,280,281,10,290,0.65,0.658463313324488,0.00846331332448835,7.16276724284621e-05,0.00846331332448835,0.00407973883292146,0.00423165666224418,0.00965198435390089,0.00447518373200151,0,0.75,-0.0375,0.2125,0.0399748947760956
A2,Policy Intervention,ARX,I,/home/kaahin/degree_project/hybrid-epidemic-forecasting/results/partA/forecasts/partA_03_forecast_A2_ARX_I.mat,280,281,11,291,0.65,0.660878087493024,0.0108780874930237,0.000118332787505878,0.0108780874930237,0.00482709836781619,0.00543904374651183,0.0110346025861186,0.00524829632254242,0,0.75,-0.0375,0.2125,0.0446297919733655
A2,Policy Intervention,ARX,I,/home/kaahin/degree_project/hybrid-epidemic-forecasting/results/partA/forecasts/partA_03_forecast_A2_ARX_I.mat,280,281,12,292,0.65,0.662631645808215,0.0126316458082154,0.000159558475824206,0.0126316458082154,0.00549354543755935,0.0063158229041077,0.01261315769501,0.00579197386989938,0,0.75,-0.0375,0.2125,0.0494544884262522
A2,Policy Intervention,ARX,I,/home/kaahin/degree_project/hybrid-epidemic-forecasting/results/partA/forecasts/partA_03_forecast_A2_ARX_I.mat,280,281,13,293,0.65,0.664641402048195,0.0146414020481948,0.000214370653936881,0.0146414020481948,0.00606167282348334,0.00732070102409738,0.0141879022993508,0.00576892438222687,0,0.75,-0.0375,0.2125,0.0542437420909902
A2,Policy Intervention,ARX,I,/home/kaahin/degree_project/hybrid-epidemic-forecasting/results/partA/forecasts/partA_03_forecast_A2_ARX_I.mat,280,281,14,294,0.65,0.667058430220182,0.0170584302201822,0.000290990041576824,0.0170584302201822,0.00695962704729221,0.00852921511009108,0.0158356782193508,0.00695342838337309,0,0.75,-0.0375,0.2125,0.0590153526262215
A2,Policy Intervention,ARX,I,/home/kaahin/degree_project/hybrid-epidemic-forecasting/results/partA/forecasts/partA_03_forecast_A2_ARX_I.mat,287,288,1,288,0.65,0.650063989804916,6.39898049160648e-05,4.09469513319603e-09,6.39898049160648e-05,7.91474575072559e-05,3.19949024580324e-05,0.000263640755645833,6.05279006787862e-05,0,0.75,-0.0375,0.2125,0.00160897806702393
A2,Policy Intervention,ARX,I,/home/kaahin/degree_project/hybrid-epidemic-forecasting/results/partA/forecasts/partA_03_forecast_A2_ARX_I.mat,287,288,2,289,0.65,0.650204874877241,0.000204874877240635,4.19737153243653e-08,0.000204874877240635,0.000249677438195571,0.000102437438620318,0.000841141210449761,0.000179969822809989,0,0.75,-0.0375,0.2125,0.00423765378428698
A2,Policy Intervention,ARX,I,/home/kaahin/degree_project/hybrid-epidemic-forecasting/results/partA/forecasts/partA_03_forecast_A2_ARX_I.mat,287,288,3,290,0.65,0.650431167852567,0.000431167852566694,1.85905717086974e-07,0.000431167852566694,0.000431406467343063,0.000215583926283347,0.00140521070168026,0.000320534475080181,0,0.75,-0.0375,0.2125,0.0068018420463227
A2,Policy Intervention,ARX,I,/home/kaahin/degree_project/hybrid-epidemic-forecasting/results/partA/forecasts/partA_03_forecast_A2_ARX_I.mat,287,288,4,291,0.65,0.650949743575313,0.000949743575312967,9.02012858848257e-07,0.000949743575312967,0.00063671603613804,0.000474871787656483,0.00239035037496469,0,0,1,0.2125,0.2125,0.010301659471752
A2,Policy Intervention,ARX,I,/home/kaahin/degree_project/hybrid-epidemic-forecasting/results/partA/forecasts/partA_03_forecast_A2_ARX_I.mat,287,288,5,292,0.65,0.651487376216846,0.00148737621684625,2.21228801043986e-06,0.00148737621684625,0.000924100345103686,0.000743688108423124,0.00341476344454346,0,0,1,0.2125,0.2125,0.0141263255731358
A2,Policy Intervention,ARX,I,/home/kaahin/degree_project/hybrid-epidemic-forecasting/results/partA/forecasts/partA_03_forecast_A2_ARX_I.mat,287,288,6,293,0.65,0.651954194947738,0.00195419494773819,3.81887789376545e-06,0.00195419494773819,0.00116673222453525,0.000977097473869093,0.00423722704501183,3.59704915277037e-05,0,0.75,-0.0375,0.2125,0.0179762518654545
A2,Policy Intervention,ARX,I,/home/kaahin/degree_project/hybrid-epidemic-forecasting/results/partA/forecasts/partA_03_forecast_A2_ARX_I.mat,287,288,7,294,0.65,0.652653626356793,0.00265362635679345,7.04173284146887e-06,0.00265362635679345,0.00153185555761859,0.00132681317839672,0.00556653683088695,0,0,1,0.2125,0.2125,0.0220155024063869
A2,Policy Intervention,ARX,I,/home/kaahin/degree_project/hybrid-epidemic-forecasting/results/partA/forecasts/partA_03_forecast_A2_ARX_I.mat,287,288,8,295,0.65,0.653372448510301,0.00337244851030116,1.13734089546325e-05,0.00337244851030116,0.00189103957366144,0.00168622425515058,0.0068234538263259,0,0,1,0.2125,0.2125,0.0259160430895534
A2,Policy Intervention,ARX,I,/home/kaahin/degree_project/hybrid-epidemic-forecasting/results/partA/forecasts/partA_03_forecast_A2_ARX_I.mat,287,288,9,296,0.65,0.654676307492957,0.004676307492957,2.18678517686858e-05,0.004676307492957,0.00227777718031133,0.0023381537464785,0.0079118435649225,0,0,1,0.2125,0.2125,0.0295647129910684
A2,Policy Intervention,ARX,I,/home/kaahin/degree_project/hybrid-epidemic-forecasting/results/partA/forecasts/partA_03_forecast_A2_ARX_I.mat,287,288,10,297,0.65,0.655730348166553,0.00573034816655327,3.28368901099204e-05,0.00573034816655327,0.0026872081884636,0.00286517408327663,0.00922726276480955,0,0,1,0.2125,0.2125,0.0331905855421277
A2,Policy Intervention,ARX,I,/home/kaahin/degree_project/hybrid-epidemic-forecasting/results/partA/forecasts/partA_03_forecast_A2_ARX_I.mat,287,288,11,298,0.65,0.65695157564294,0.00695157564294002,4.8324403919517e-05,0.00695157564294002,0.00315620310530859,0.00347578782147001,0.0107271261524187,0,0,1,0.2125,0.2125,0.0373495742186249
A2,Policy Intervention,ARX,I,/home/kaahin/degree_project/hybrid-epidemic-forecasting/results/partA/forecasts/partA_03_forecast_A2_ARX_I.mat,287,288,12,299,0.65,0.658244295419673,0.00824429541967253,6.79684069668335e-05,0.00824429541967253,0.00376459744112206,0.00412214770983627,0.012818540775213,0,0,1,0.2125,0.2125,0.0424072841854725
A2,Policy Intervention,ARX,I,/home/kaahin/degree_project/hybrid-epidemic-forecasting/results/partA/forecasts/partA_03_forecast_A2_ARX_I.mat,287,288,13,300,0.65,0.659339385327861,0.00933938532786083,8.72241183022621e-05,0.00933938532786083,0.00421185247641808,0.00466969266393041,0.0142836434799509,0,0,1,0.2125,0.2125,0.0467953010693629
A2,Policy Intervention,ARX,I,/home/kaahin/degree_project/hybrid-epidemic-forecasting/results/partA/forecasts/partA_03_forecast_A2_ARX_I.mat,287,288,14,301,0.65,0.659381848908277,0.00938184890827742,8.80190889377463e-05,0.00938184890827742,0.00450817841533267,0.00469092445413871,0.0155958784148583,0,0,1,0.2125,0.2125,0.0514545910035352
A2,Policy Intervention,ARX,I,/home/kaahin/degree_project/hybrid-epidemic-forecasting/results/partA/forecasts/partA_03_forecast_A2_ARX_I.mat,294,295,1,295,0.65,0.650061325304663,6.13253046626294e-05,3.76079299196432e-09,6.13253046626294e-05,8.38628110468192e-05,3.06626523313147e-05,0.000227134031748041,0.00011958596563133,0,0.5,-0.2875,0.3625,0.00136040210632896
A2,Policy Intervention,ARX,I,/home/kaahin/degree_project/hybrid-epidemic-forecasting/results/partA/forecasts/partA_03_forecast_A2_ARX_I.mat,294,295,2,296,0.65,0.650261983798464,0.000261983798463539,6.86355106573841e-08,0.000261983798463539,0.000218332725754259,0.000130991899231769,0.000673378670491828,0.000178126696170566,0,0.75,-0.0375,0.2125,0.00336753032437234
A2,Policy Intervention,ARX,I,/home/kaahin/degree_project/hybrid-epidemic-forecasting/results/partA/forecasts/partA_03_forecast_A2_ARX_I.mat,294,295,3,297,0.65,0.65058023022009,0.000580230220089573,3.36667108305194e-07,0.000580230220089573,0.000437505696921056,0.000290115110044786,0.00131476085005785,0.000363899676042112,0,0.75,-0.0375,0.2125,0.0061898814276318
A2,Policy Intervention,ARX,I,/home/kaahin/degree_project/hybrid-epidemic-forecasting/results/partA/forecasts/partA_03_forecast_A2_ARX_I.mat,294,295,4,298,0.65,0.65114367074508,0.00114367074507971,1.30798277315117e-06,0.00114367074507971,0.000738201369524351,0.000571835372539853,0.00213712193107727,0.000612948859242457,0,0.75,-0.0375,0.2125,0.00953572277370937
A2,Policy Intervention,ARX,I,/home/kaahin/degree_project/hybrid-epidemic-forecasting/results/partA/forecasts/partA_03_forecast_A2_ARX_I.mat,294,295,5,299,0.65,0.65169180592229,0.00169180592229001,2.86220727869556e-06,0.00169180592229001,0.00107735703677244,0.000845902961145006,0.00309944005545732,0.00090276364887365,0,0.75,-0.0375,0.2125,0.0133115304796041
A2,Policy Intervention,ARX,I,/home/kaahin/degree_project/hybrid-epidemic-forecasting/results/partA/forecasts/partA_03_forecast_A2_ARX_I.mat,294,295,6,300,0.65,0.652390091338446,0.0023900913384457,5.71253660611315e-06,0.0023900913384457,0.00141973469111248,0.00119504566922285,0.0039070418167528,0.00128671862403051,0,0.75,-0.0375,0.2125,0.0167137568973858
A2,Policy Intervention,ARX,I,/home/kaahin/degree_project/hybrid-epidemic-forecasting/results/partA/forecasts/partA_03_forecast_A2_ARX_I.mat,294,295,7,301,0.65,0.653511354013603,0.0035113540136027,1.23296070088438e-05,0.0035113540136027,0.00187803278912493,0.00175567700680135,0.00502337958864244,0.00167209095561838,0,0.75,-0.0375,0.2125,0.0206704048886899
A2,Policy Intervention,ARX,I,/home/kaahin/degree_project/hybrid-epidemic-forecasting/results/partA/forecasts/partA_03_forecast_A2_ARX_I.mat,294,295,8,302,0.65,0.654629699828224,0.00462969982822414,2.14341204994587e-05,0.00462969982822414,0.0023005190862692,0.00231484991411207,0.00631438653786404,0.00172309943623528,0,0.75,-0.0375,0.2125,0.025290795396907
A2,Policy Intervention,ARX,I,/home/kaahin/degree_project/hybrid-epidemic-forecasting/results/partA/forecasts/partA_03_forecast_A2_ARX_I.mat,294,295,9,303,0.65,0.655041425856666,0.00504142585666645,2.5415974668265e-05,0.00504142585666645,0.0024874566004475,0.00252071292833322,0.00792546226805832,0.000747379505622203,0,0.75,-0.0375,0.2125,0.0305674968068168
A2,Policy Intervention,ARX,I,/home/kaahin/degree_project/hybrid-epidemic-forecasting/results/partA/forecasts/partA_03_forecast_A2_ARX_I.mat,294,295,10,304,0.65,0.656117833489756,0.00611783348975592,3.74278866083791e-05,0.00611783348975592,0.00296735686433085,0.00305891674487796,0.0094849747807176,0.000809214363893251,0,0.75,-0.0375,0.2125,0.0360992985526694
A2,Policy Intervention,ARX,I,/home/kaahin/degree_project/hybrid-epidemic-forecasting/results/partA/forecasts/partA_03_forecast_A2_ARX_I.mat,294,295,11,305,0.65,0.656364598382529,0.00636459838252901,4.05081125708909e-05,0.00636459838252901,0.00335528963818559,0.0031822991912645,0.0110378844217964,0.000878619758774235,0,0.75,-0.0375,0.2125,0.0418611843877371
A2,Policy Intervention,ARX,I,/home/kaahin/degree_project/hybrid-epidemic-forecasting/results/partA/forecasts/partA_03_forecast_A2_ARX_I.mat,294,295,12,306,0.65,0.657436576101323,0.00743657610132276,5.53026641107648e-05,0.00743657610132276,0.003699819147099,0.00371828805066138,0.0129308981112841,0,0,1,0.2125,0.2125,0.0484466335405724
A2,Policy Intervention,ARX,I,/home/kaahin/degree_project/hybrid-epidemic-forecasting/results/partA/forecasts/partA_03_forecast_A2_ARX_I.mat,294,295,13,307,0.65,0.658673970373022,0.00867397037302231,7.52377620320688e-05,0.00867397037302231,0.00421885940287265,0.00433698518651116,0.0146478821264158,0,0,1,0.2125,0.2125,0.0545552077997
A2,Policy Intervention,ARX,I,/home/kaahin/degree_project/hybrid-epidemic-forecasting/results/partA/forecasts/partA_03_forecast_A2_ARX_I.mat,294,295,14,308,0.65,0.659790367741231,0.00979036774123121,9.58513005085407e-05,0.00979036774123121,0.00472365621606603,0.0048951838706156,0.0162932829151134,6.79861865681142e-05,0,0.75,-0.0375,0.2125,0.061101196236912
A2,Policy Intervention,ARX,I,/home/kaahin/degree_project/hybrid-epidemic-forecasting/results/partA/forecasts/partA_03_forecast_A2_ARX_I.mat,301,302,1,302,0.65,0.650060550059688,6.05500596880804e-05,3.66630972823009e-09,6.05500596880804e-05,0.000118255412156879,3.02750298440402e-05,0.000383730771838609,0.000118143553023309,0,0.5,-0.2875,0.3625,0.00240986178657304
A2,Policy Intervention,ARX,I,/home/kaahin/degree_project/hybrid-epidemic-forecasting/results/partA/forecasts/partA_03_forecast_A2_ARX_I.mat,301,302,2,303,0.65,0.650192633590409,0.000192633590408664,3.71077001537329e-08,0.000192633590408664,0.00030656947397828,9.6316795204332e-05,0.00110726931899199,0.000175976518705934,0,0.75,-0.0375,0.2125,0.00542902008920304
A2,Policy Intervention,ARX,I,/home/kaahin/degree_project/hybrid-epidemic-forecasting/results/partA/forecasts/partA_03_forecast_A2_ARX_I.mat,301,302,3,304,0.65,0.650430734681486,0.000430734681486133,1.85532365834961e-07,0.000430734681486133,0.000527247592697834,0.000215367340743067,0.00180824954468807,0.000348997281709118,0,0.75,-0.0375,0.2125,0.00855740952058218
A2,Policy Intervention,ARX,I,/home/kaahin/degree_project/hybrid-epidemic-forecasting/results/partA/forecasts/partA_03_forecast_A2_ARX_I.mat,301,302,4,305,0.65,0.650787610844212,0.000787610844211639,6.20330841919771e-07,0.000787610844211639,0.000833801637455757,0.00039380542210582,0.00277096220888322,0.000587339737561865,0,0.75,-0.0375,0.2125,0.0128883903531014
A2,Policy Intervention,ARX,I,/home/kaahin/degree_project/hybrid-epidemic-forecasting/results/partA/forecasts/partA_03_forecast_A2_ARX_I.mat,301,302,5,306,0.65,0.651188688026724,0.00118868802672356,1.41297922487595e-06,0.00118868802672356,0.0011734847664052,0.000594344013361781,0.00382245261810331,0.000863884817358329,0,0.75,-0.0375,0.2125,0.017611765716205
A2,Policy Intervention,ARX,I,/home/kaahin/degree_project/hybrid-epidemic-forecasting/results/partA/forecasts/partA_03_forecast_A2_ARX_I.mat,301,302,6,307,0.65,0.651677780860999,0.00167778086099879,2.81494861753384e-06,0.00167778086099879,0.00138890557454753,0.000838890430499395,0.00501482890614682,0.000396355748817689,0,0.75,-0.0375,0.2125,0.0224735339346571
A2,Policy Intervention,ARX,I,/home/kaahin/degree_project/hybrid-epidemic-forecasting/results/partA/forecasts/partA_03_forecast_A2_ARX_I.mat,301,302,7,308,0.65,0.652353032928614,0.00235303292861444,5.53676396314385e-06,0.00235303292861444,0.00159915689076462,0.00117651646430722,0.00601968954413357,0,0,1,0.2125,0.2125,0.026698065954355
A2,Policy Intervention,ARX,I,/home/kaahin/degree_project/hybrid-epidemic-forecasting/results/partA/forecasts/partA_03_forecast_A2_ARX_I.mat,301,302,8,309,0.65,0.653340220158574,0.00334022015857427,1.11570707077459e-05,0.00334022015857427,0.00192748928946022,0.00167011007928713,0.00700359172328385,0,0,1,0.2125,0.2125,0.0309862575160971
A2,Policy Intervention,ARX,I,/home/kaahin/degree_project/hybrid-epidemic-forecasting/results/partA/forecasts/partA_03_forecast_A2_ARX_I.mat,301,302,9,310,0.65,0.653935184183352,0.00393518418335181,1.54856745569023e-05,0.00393518418335181,0.00234581771094454,0.00196759209167591,0.00834863028839229,0.000239957319182249,0,0.75,-0.0375,0.2125,0.0362613156651641
A2,Policy Intervention,ARX,I,/home/kaahin/degree_project/hybrid-epidemic-forecasting/results/partA/forecasts/partA_03_forecast_A2_ARX_I.mat,301,302,10,311,0.65,0.654918662002574,0.00491866200257418,2.41932358955671e-05,0.00491866200257418,0.00282432556715164,0.00245933100128709,0.00964523713466071,0.000604896916234554,0,0.75,-0.0375,0.2125,0.0414510429082663
A2,Policy Intervention,ARX,I,/home/kaahin/degree_project/hybrid-epidemic-forecasting/results/partA/forecasts/partA_03_forecast_A2_ARX_I.mat,301,302,11,312,0.65,0.657238450760807,0.00723845076080731,5.2395169416632e-05,0.00723845076080731,0.00346273558594367,0.00361922538040366,0.01108873632113,0.000874348435212835,0,0.75,-0.0375,0.2125,0.0465881362563152
A2,Policy Intervention,ARX,I,/home/kaahin/degree_project/hybrid-epidemic-forecasting/results/partA/forecasts/partA_03_forecast_A2_ARX_I.mat,301,302,12,313,0.65,0.658802940495101,0.00880294049510122,7.74917613602929e-05,0.00880294049510122,0.00401971191973146,0.00440147024755061,0.0124669630112118,0.00122027038002914,0,0.75,-0.0375,0.2125,0.0517015346308295
A2,Policy Intervention,ARX,I,/home/kaahin/degree_project/hybrid-epidemic-forecasting/results/partA/forecasts/partA_03_forecast_A2_ARX_I.mat,301,302,13,314,0.65,0.660616643219146,0.0106166432191456,0.00011271311324263,0.0106166432191456,0.00464118088165596,0.00530832160957279,0.0139288133436085,0.0016481790142705,0,0.75,-0.0375,0.2125,0.0564062814285597
A2,Policy Intervention,ARX,I,/home/kaahin/degree_project/hybrid-epidemic-forecasting/results/partA/forecasts/partA_03_forecast_A2_ARX_I.mat,301,302,14,315,0.65,0.662359248508269,0.0123592485082687,0.000152751023689143,0.0123592485082687,0.00534527754671674,0.00617962425413437,0.0157791480517154,0.00209497665437552,0,0.75,-0.0375,0.2125,0.0623989690990883
A2,Policy Intervention,ARX,I,/home/kaahin/degree_project/hybrid-epidemic-forecasting/results/partA/forecasts/partA_03_forecast_A2_ARX_I.mat,308,309,1,309,0.65,0.650058804261013,5.88042610126793e-05,3.45794111324732e-09,5.88042610126793e-05,8.4232437256826e-05,2.94021305063397e-05,0.000232986880677483,0.000116656956471894,0,0.5,-0.2875,0.3625,0.00167454095233743
A2,Policy Intervention,ARX,I,/home/kaahin/degree_project/hybrid-epidemic-forecasting/results/partA/forecasts/partA_03_forecast_A2_ARX_I.mat,308,309,2,310,0.65,0.650189223831727,0.000189223831727037,3.58056584934619e-08,0.000189223831727037,0.00023978527007371,9.46119158635184e-05,0.000636360678106745,0.000348061121361432,0,0.5,-0.2875,0.3625,0.00381361731544738
A2,Policy Intervention,ARX,I,/home/kaahin/degree_project/hybrid-epidemic-forecasting/results/partA/forecasts/partA_03_forecast_A2_ARX_I.mat,308,309,3,311,0.65,0.650474574273327,0.000474574273326644,2.25220740903513e-07,0.000474574273326644,0.000422373047807786,0.000237287136663322,0.00119730289821361,0.000466088680258103,0,0.5,-0.2875,0.3625,0.00641495242750983
A2,Policy Intervention,ARX,I,/home/kaahin/degree_project/hybrid-epidemic-forecasting/results/partA/forecasts/partA_03_forecast_A2_ARX_I.mat,308,309,4,312,0.65,0.650983522756557,0.000983522756557442,9.6731701266635e-07,0.000983522756557442,0.000669414741524975,0.000491761378278721,0.00193302765404649,0.000587577304537179,0,0.75,-0.0375,0.2125,0.00964234935626504
A2,Policy Intervention,ARX,I,/home/kaahin/degree_project/hybrid-epidemic-forecasting/results/partA/forecasts/partA_03_forecast_A2_ARX_I.mat,308,309,5,313,0.65,0.651677835007675,0.00167783500767504,2.81513031297991e-06,0.00167783500767504,0.000960511368028817,0.000838917503837522,0.00259662954874827,0.000886754103543885,0,0.75,-0.0375,0.2125,0.0125361931655039
A2,Policy Intervention,ARX,I,/home/kaahin/degree_project/hybrid-epidemic-forecasting/results/partA/forecasts/partA_03_forecast_A2_ARX_I.mat,308,309,6,314,0.65,0.652514621332795,0.00251462133279512,6.3233204473483e-06,0.00251462133279512,0.00134079416037787,0.00125731066639756,0.00355506003424331,0.00122120302105955,0,0.75,-0.0375,0.2125,0.0158484621105102
A2,Policy Intervention,ARX,I,/home/kaahin/degree_project/hybrid-epidemic-forecasting/results/partA/forecasts/partA_03_forecast_A2_ARX_I.mat,308,309,7,315,0.65,0.653424766280584,0.00342476628058364,1.17290240766227e-05,0.00342476628058364,0.00177755250319189,0.00171238314029182,0.004654605748132,0.00163199737593966,0,0.75,-0.0375,0.2125,0.019454842247051
A2,Policy Intervention,ARX,I,/home/kaahin/degree_project/hybrid-epidemic-forecasting/results/partA/forecasts/partA_03_forecast_A2_ARX_I.mat,308,309,8,316,0.65,0.654359377999414,0.0043593779994141,1.90041765417757e-05,0.0043593779994141,0.00211974739227775,0.00217968899970705,0.00568633854140826,0.00167283572413457,0,0.75,-0.0375,0.2125,0.0223456836795649
A2,Policy Intervention,ARX,I,/home/kaahin/degree_project/hybrid-epidemic-forecasting/results/partA/forecasts/partA_03_forecast_A2_ARX_I.mat,308,309,9,317,0.65,0.65525294282915,0.00525294282915034,2.7593408366322e-05,0.00525294282915034,0.00245553222441203,0.00262647141457517,0.00688322310797699,0.00154020048730197,0,0.75,-0.0375,0.2125,0.0255659304339345
A2,Policy Intervention,ARX,I,/home/kaahin/degree_project/hybrid-epidemic-forecasting/results/partA/forecasts/partA_03_forecast_A2_ARX_I.mat,308,309,10,318,0.65,0.655920821372936,0.00592082137293548,3.50561257302096e-05,0.00592082137293548,0.00289163088170161,0.00296041068646774,0.00784497267438177,0.00220695560680773,0,0.75,-0.0375,0.2125,0.0290851648324413
A2,Policy Intervention,ARX,I,/home/kaahin/degree_project/hybrid-epidemic-forecasting/results/partA/forecasts/partA_03_forecast_A2_ARX_I.mat,308,309,11,319,0.65,0.657259136868798,0.00725913686879809,5.26950680799437e-05,0.00725913686879809,0.00315562217439722,0.00362956843439904,0.0093947355768478,0.00117599577354066,0,0.75,-0.0375,0.2125,0.0337069732673541
A2,Policy Intervention,ARX,I,/home/kaahin/degree_project/hybrid-epidemic-forecasting/results/partA/forecasts/partA_03_forecast_A2_ARX_I.mat,308,309,12,320,0.65,0.65838418675892,0.00838418675891994,7.02945876084485e-05,0.00838418675891994,0.00352386617589979,0.00419209337945997,0.0110024261423052,0.00066287826978384,0,0.75,-0.0375,0.2125,0.0383783299144568
A2,Policy Intervention,ARX,I,/home/kaahin/degree_project/hybrid-epidemic-forecasting/results/partA/forecasts/partA_03_forecast_A2_ARX_I.mat,308,309,13,321,0.65,0.660414372293211,0.0104143722932107,0.000108459150261595,0.0104143722932107,0.00413855396529897,0.00520718614660537,0.0124617389402342,0.000954567757005753,0,0.75,-0.0375,0.2125,0.042761677210451
A2,Policy Intervention,ARX,I,/home/kaahin/degree_project/hybrid-epidemic-forecasting/results/partA/forecasts/partA_03_forecast_A2_ARX_I.mat,308,309,14,322,0.65,0.66131512268535,0.0113151226853502,0.000128032001384526,0.0113151226853502,0.0046329047865499,0.00565756134267509,0.0139582298008432,0.00123228039595624,0,0.75,-0.0375,0.2125,0.0474656325135232
A2,Policy Intervention,ARX,I,/home/kaahin/degree_project/hybrid-epidemic-forecasting/results/partA/forecasts/partA_03_forecast_A2_ARX_I.mat,315,316,1,316,0.65,0.65005821191962,5.8211919620299e-05,3.38862758588016e-09,5.8211919620299e-05,6.68921302099149e-05,2.91059598101495e-05,9.90902697196622e-05,0.000172818356414806,0,0.25,-0.5375,0.5625,0.000576734647708799
A2,Policy Intervention,ARX,I,/home/kaahin/degree_project/hybrid-epidemic-forecasting/results/partA/forecasts/partA_03_forecast_A2_ARX_I.mat,315,316,2,317,0.65,0.650190858141767,0.000190858141766559,3.64268302785839e-08,0.000190858141766559,0.000203303275714601,9.54290708832795e-05,0.000475212891974144,0.000344222777858283,0,0.5,-0.2875,0.3625,0.00281363373595531
A2,Policy Intervention,ARX,I,/home/kaahin/degree_project/hybrid-epidemic-forecasting/results/partA/forecasts/partA_03_forecast_A2_ARX_I.mat,315,316,3,318,0.65,0.650647621613457,0.000647621613457328,4.19413754217072e-07,0.000647621613457328,0.000406551046987913,0.000323810806728664,0.00115068447943869,0.00035498442527826,0,0.75,-0.0375,0.2125,0.00622277541124594
A2,Policy Intervention,ARX,I,/home/kaahin/degree_project/hybrid-epidemic-forecasting/results/partA/forecasts/partA_03_forecast_A2_ARX_I.mat,315,316,4,319,0.65,0.651142956932449,0.00114295693244848,1.30635054943204e-06,0.00114295693244848,0.000684910732088309,0.00057147846622424,0.00192837049896268,0.000582249329210471,0,0.75,-0.0375,0.2125,0.0100780697528254
A2,Policy Intervention,ARX,I,/home/kaahin/degree_project/hybrid-epidemic-forecasting/results/partA/forecasts/partA_03_forecast_A2_ARX_I.mat,315,316,5,320,0.65,0.651128891293702,0.00112889129370231,1.27439555299686e-06,0.00112889129370231,0.000925859165395303,0.000564445646851153,0.00282268049529667,0.00077924010213104,0,0.75,-0.0375,0.2125,0.0141466050711766
A2,Policy Intervention,ARX,I,/home/kaahin/degree_project/hybrid-epidemic-forecasting/results/partA/forecasts/partA_03_forecast_A2_ARX_I.mat,315,316,6,321,0.65,0.652398352830279,0.00239835283027856,5.75209629850518e-06,0.00239835283027856,0.00138680750683837,0.00119917641513928,0.00393755099703945,0.00110390636859392,0,0.75,-0.0375,0.2125,0.0188484969829822
A2,Policy Intervention,ARX,I,/home/kaahin/degree_project/hybrid-epidemic-forecasting/results/partA/forecasts/partA_03_forecast_A2_ARX_I.mat,315,316,7,322,0.65,0.653047732414653,0.00304773241465295,9.28867287132629e-06,0.00304773241465295,0.00162700811828058,0.00152386620732647,0.00552392223382879,0.000273748091107362,0,0.75,-0.0375,0.2125,0.0237447893872065
A2,Policy Intervention,ARX,I,/home/kaahin/degree_project/hybrid-epidemic-forecasting/results/partA/forecasts/partA_03_forecast_A2_ARX_I.mat,315,316,8,323,0.65,0.653754506822696,0.00375450682269585,1.40963214816697e-05,0.00375450682269585,0.00206047484886647,0.00187725341134792,0.0067256038229948,0.000669279585556404,0,0.75,-0.0375,0.2125,0.0285111405556388
A2,Policy Intervention,ARX,I,/home/kaahin/degree_project/hybrid-epidemic-forecasting/results/partA/forecasts/partA_03_forecast_A2_ARX_I.mat,315,316,9,324,0.65,0.654939160962558,0.00493916096255786,2.43953110140555e-05,0.00493916096255786,0.00241687873312631,0.00246958048127893,0.00823699556883089,0.000169378248958574,0,0.75,-0.0375,0.2125,0.0334332105160739
A2,Policy Intervention,ARX,I,/home/kaahin/degree_project/hybrid-epidemic-forecasting/results/partA/forecasts/partA_03_forecast_A2_ARX_I.mat,315,316,10,325,0.65,0.65610805848599,0.00610805848598972,3.7308378468271e-05,0.00610805848598972,0.00284670597506533,0.00305402924299486,0.00958954547042297,0.00016660217437614,0,0.75,-0.0375,0.2125,0.0382585749662209
A2,Policy Intervention,ARX,I,/home/kaahin/degree_project/hybrid-epidemic-forecasting/results/partA/forecasts/partA_03_forecast_A2_ARX_I.mat,315,316,11,326,0.65,0.658147144004754,0.00814714400475436,6.63759554342049e-05,0.00814714400475436,0.003437783572891,0.00407357200237718,0.0109215124953772,0.000474941580255073,0,0.75,-0.0375,0.2125,0.0429972921121691
A2,Policy Intervention,ARX,I,/home/kaahin/degree_project/hybrid-epidemic-forecasting/results/partA/forecasts/partA_03_forecast_A2_ARX_I.mat,315,316,12,327,0.65,0.659102452418224,0.00910245241822361,8.28546400260248e-05,0.00910245241822361,0.00392396955174203,0.0045512262091118,0.0124386574598182,0.000667979313909162,0,0.75,-0.0375,0.2125,0.0476311484810108
A2,Policy Intervention,ARX,I,/home/kaahin/degree_project/hybrid-epidemic-forecasting/results/partA/forecasts/partA_03_forecast_A2_ARX_I.mat,315,316,13,328,0.65,0.660681928425392,0.0106819284253916,0.000114103594885189,0.0106819284253916,0.00450336529022217,0.00534096421269581,0.0139726933099161,0.000951486283387815,0,0.75,-0.0375,0.2125,0.052695978786
A2,Policy Intervention,ARX,I,/home/kaahin/degree_project/hybrid-epidemic-forecasting/results/partA/forecasts/partA_03_forecast_A2_ARX_I.mat,315,316,14,329,0.65,0.661349420247059,0.0113494202470593,0.00012880933994436,0.0113494202470593,0.00500930237845735,0.00567471012352966,0.0153766751584075,0.00149047542112091,0,0.75,-0.0375,0.2125,0.0572374098524092
A2,Policy Intervention,ARX,I,/home/kaahin/degree_project/hybrid-epidemic-forecasting/results/partA/forecasts/partA_03_forecast_A2_ARX_I.mat,322,323,1,323,0.65,0.650058504117826,5.85041178258194e-05,3.42273180257736e-09,5.85041178258194e-05,0.000101374964071925,2.92520589129097e-05,0.000199424616780813,0.000227510662629937,0,0,-0.7875,0.7875,0.000859485740602101
A2,Policy Intervention,ARX,I,/home/kaahin/degree_project/hybrid-epidemic-forecasting/results/partA/forecasts/partA_03_forecast_A2_ARX_I.mat,322,323,2,324,0.65,0.650196677110738,0.000196677110737675,3.86818858881198e-08,0.000196677110737675,0.000228746664940416,9.83385553688376e-05,0.000591700052112021,0.000339321384751012,0,0.5,-0.2875,0.3625,0.00268580102564495
A2,Policy Intervention,ARX,I,/home/kaahin/degree_project/hybrid-epidemic-forecasting/results/partA/forecasts/partA_03_forecast_A2_ARX_I.mat,322,323,3,325,0.65,0.650452451853573,0.000452451853572899,2.04712679801552e-07,0.000452451853572899,0.000417228977260638,0.00022622592678645,0.00131444043059155,0.000336864040294871,0,0.75,-0.0375,0.2125,0.00585110229942545
A2,Policy Intervention,ARX,I,/home/kaahin/degree_project/hybrid-epidemic-forecasting/results/partA/forecasts/partA_03_forecast_A2_ARX_I.mat,322,323,4,326,0.65,0.650936857794034,0.000936857794034185,8.77702526242599e-07,0.000936857794034185,0.000708051197504577,0.000468428897017092,0.00216050490607402,0.00055729658567949,0,0.75,-0.0375,0.2125,0.00933179982662025
A2,Policy Intervention,ARX,I,/home/kaahin/degree_project/hybrid-epidemic-forecasting/results/partA/forecasts/partA_03_forecast_A2_ARX_I.mat,322,323,5,327,0.65,0.651505581434886,0.00150558143488577,2.2667754570727e-06,0.00150558143488577,0.00101121010432466,0.000752790717442886,0.00296702257958769,0.000830632172430401,0,0.75,-0.0375,0.2125,0.0125739440389401
A2,Policy Intervention,ARX,I,/home/kaahin/degree_project/hybrid-epidemic-forecasting/results/partA/forecasts/partA_03_forecast_A2_ARX_I.mat,322,323,6,328,0.65,0.652248385308247,0.00224838530824722,5.05523649434197e-06,0.00224838530824722,0.00137435045900819,0.00112419265412361,0.00390664972484847,0.00115373468656477,0,0.75,-0.0375,0.2125,0.0157326131423609
A2,Policy Intervention,ARX,I,/home/kaahin/degree_project/hybrid-epidemic-forecasting/results/partA/forecasts/partA_03_forecast_A2_ARX_I.mat,322,323,7,329,0.65,0.653170689031564,0.00317068903156437,1.00532689348826e-05,0.00317068903156437,0.00173176561007583,0.00158534451578218,0.00505334881854968,0.00115425191100937,0,0.75,-0.0375,0.2125,0.0194843424968722
A2,Policy Intervention,ARX,I,/home/kaahin/degree_project/hybrid-epidemic-forecasting/results/partA/forecasts/partA_03_forecast_A2_ARX_I.mat,322,323,8,330,0.65,0.654198783900334,0.00419878390033401,1.76297862417041e-05,0.00419878390033401,0.00205799148119858,0.00209939195016701,0.00642305575916687,0.000738513956059728,0,0.75,-0.0375,0.2125,0.024077250945534
A2,Policy Intervention,ARX,I,/home/kaahin/degree_project/hybrid-epidemic-forecasting/results/partA/forecasts/partA_03_forecast_A2_ARX_I.mat,322,323,9,331,0.65,0.655409240400768,0.00540924040076762,2.92598817132967e-05,0.00540924040076762,0.00251281276690588,0.00270462020038381,0.00802664645324887,0.00057639079744376,0,0.75,-0.0375,0.2125,0.0290204137116841
A2,Policy Intervention,ARX,I,/home/kaahin/degree_project/hybrid-epidemic-forecasting/results/partA/forecasts/partA_03_forecast_A2_ARX_I.mat,322,323,10,332,0.65,0.655849225722514,0.00584922572251423,3.42134415529221e-05,0.00584922572251423,0.00308603750818843,0.00292461286125711,0.00944710492399016,0.00151545100160067,0,0.75,-0.0375,0.2125,0.0338233926010702
A2,Policy Intervention,ARX,I,/home/kaahin/degree_project/hybrid-epidemic-forecasting/results/partA/forecasts/partA_03_forecast_A2_ARX_I.mat,322,323,11,333,0.65,0.6568247635059,0.0068247635059,4.65773969114645e-05,0.0068247635059,0.00352427083323626,0.00341238175295,0.0108861507775282,0.00156068621908501,0,0.75,-0.0375,0.2125,0.0384486960117466
A2,Policy Intervention,ARX,I,/home/kaahin/degree_project/hybrid-epidemic-forecasting/results/partA/forecasts/partA_03_forecast_A2_ARX_I.mat,322,323,12,334,0.65,0.658318349396842,0.00831834939684173,6.91949366879371e-05,0.00831834939684173,0.00381867601311272,0.00415917469842086,0.0130248673605864,0,0,1,0.2125,0.2125,0.0450326871539349
A2,Policy Intervention,ARX,I,/home/kaahin/degree_project/hybrid-epidemic-forecasting/results/partA/forecasts/partA_03_forecast_A2_ARX_I.mat,322,323,13,335,0.65,0.660710614870247,0.0107106148702474,0.000114717270898764,0.0107106148702474,0.00469103483770654,0.00535530743512369,0.014358702326209,0.00139564700834671,0,0.75,-0.0375,0.2125,0.0508108393464663
A2,Policy Intervention,ARX,I,/home/kaahin/degree_project/hybrid-epidemic-forecasting/results/partA/forecasts/partA_03_forecast_A2_ARX_I.mat,322,323,14,336,0.65,0.662638934851059,0.012638934851059,0.000159742674169315,0.012638934851059,0.00510223885362942,0.00631946742552952,0.0159533571367874,0.000687250279015506,0,0.75,-0.0375,0.2125,0.0553243693560447
A2,Policy Intervention,ARX,I,/home/kaahin/degree_project/hybrid-epidemic-forecasting/results/partA/forecasts/partA_03_forecast_A2_ARX_I.mat,329,330,1,330,0.65,0.650060417275672,6.04172756720756e-05,3.65024719963557e-09,6.04172756720756e-05,0.00012197909306472,3.02086378360378e-05,0.00029401143940376,0.000224685841551442,0,0,-0.7875,0.7875,0.001450519504751
A2,Policy Intervention,ARX,I,/home/kaahin/degree_project/hybrid-epidemic-forecasting/results/partA/forecasts/partA_03_forecast_A2_ARX_I.mat,329,330,2,331,0.65,0.650237259669516,0.000237259669515599,5.62921507786514e-08,0.000237259669515599,0.000320111652889127,0.0001186298347578,0.000817673917291412,0.000504198685951862,0,0.25,-0.5375,0.5625,0.00352965406706679
A2,Policy Intervention,ARX,I,/home/kaahin/degree_project/hybrid-epidemic-forecasting/results/partA/forecasts/partA_03_forecast_A2_ARX_I.mat,329,330,3,332,0.65,0.650513881333743,0.000513881333743305,2.64074025169798e-07,0.000513881333743305,0.000450185753087888,0.000256940666871652,0.00142721484270937,0.00034168037931448,0,0.75,-0.0375,0.2125,0.00630428748191028
A2,Policy Intervention,ARX,I,/home/kaahin/degree_project/hybrid-epidemic-forecasting/results/partA/forecasts/partA_03_forecast_A2_ARX_I.mat,329,330,4,333,0.65,0.65094605736144,0.000946057361440378,8.9502453113553e-07,0.000946057361440378,0.000744212595013361,0.000473028680720189,0.00229802277851081,0.000577905218329122,0,0.75,-0.0375,0.2125,0.00975290772508222
A2,Policy Intervention,ARX,I,/home/kaahin/degree_project/hybrid-epidemic-forecasting/results/partA/forecasts/partA_03_forecast_A2_ARX_I.mat,329,330,5,334,0.65,0.651413318440323,0.00141331844032255,1.99746901375577e-06,0.00141331844032255,0.00101030053600718,0.000706659220161276,0.00297762967898594,0.000862063512885092,0,0.75,-0.0375,0.2125,0.0127806092893838
A2,Policy Intervention,ARX,I,/home/kaahin/degree_project/hybrid-epidemic-forecasting/results/partA/forecasts/partA_03_forecast_A2_ARX_I.mat,329,330,6,335,0.65,0.651941514965366,0.00194151496536576,3.76948036073923e-06,0.00194151496536576,0.00132026689568873,0.000970757482682882,0.00378515600076166,0.00118528754715475,0,0.75,-0.0375,0.2125,0.0159216161120922
A2,Policy Intervention,ARX,I,/home/kaahin/degree_project/hybrid-epidemic-forecasting/results/partA/forecasts/partA_03_forecast_A2_ARX_I.mat,329,330,7,336,0.65,0.652761797039423,0.00276179703942347,7.62752288696827e-06,0.00276179703942347,0.00167101269492468,0.00138089851971174,0.00485796615946986,0.00128069244797946,0,0.75,-0.0375,0.2125,0.0194267527832779
A2,Policy Intervention,ARX,I,/home/kaahin/degree_project/hybrid-epidemic-forecasting/results/partA/forecasts/partA_03_forecast_A2_ARX_I.mat,329,330,8,337,0.65,0.653433223653085,0.00343322365308474,1.17870246521005e-05,0.00343322365308474,0.00198671478600108,0.00171661182654237,0.00620443239995796,0.00101917231050452,0,0.75,-0.0375,0.2125,0.0234226781643836
A2,Policy Intervention,ARX,I,/home/kaahin/degree_project/hybrid-epidemic-forecasting/results/partA/forecasts/partA_03_forecast_A2_ARX_I.mat,329,330,9,338,0.65,0.654176897378442,0.00417689737844185,1.74464717100344e-05,0.00417689737844185,0.00234529208662676,0.00208844868922092,0.00741613228946999,0.0010492334111295,0,0.75,-0.0375,0.2125,0.0272910228142365
A2,Policy Intervention,ARX,I,/home/kaahin/degree_project/hybrid-epidemic-forecasting/results/partA/forecasts/partA_03_forecast_A2_ARX_I.mat,329,330,10,339,0.65,0.654762610542865,0.00476261054286475,2.26824591830065e-05,0.00476261054286475,0.00271793059516565,0.00238130527143238,0.00865829264281986,0.00119108976399318,0,0.75,-0.0375,0.2125,0.0317149483697119
A2,Policy Intervention,ARX,I,/home/kaahin/degree_project/hybrid-epidemic-forecasting/results/partA/forecasts/partA_03_forecast_A2_ARX_I.mat,329,330,11,340,0.65,0.655240021717399,0.00524002171739923,2.74578275988156e-05,0.00524002171739923,0.00306508751559297,0.00262001085869962,0.00988549919547351,0.00128738376599524,0,0.75,-0.0375,0.2125,0.036522484005183
A2,Policy Intervention,ARX,I,/home/kaahin/degree_project/hybrid-epidemic-forecasting/results/partA/forecasts/partA_03_forecast_A2_ARX_I.mat,329,330,12,341,0.65,0.656235411767097,0.00623541176709652,3.88803599052458e-05,0.00623541176709652,0.00347527708511193,0.00311770588354826,0.0109296186256837,0.00159142237377174,0,0.75,-0.0375,0.2125,0.0414767082413181
A2,Policy Intervention,ARX,I,/home/kaahin/degree_project/hybrid-epidemic-forecasting/results/partA/forecasts/partA_03_forecast_A2_ARX_I.mat,329,330,13,342,0.65,0.657968621086985,0.00796862108698448,6.34989220279338e-05,0.00796862108698448,0.00412810873074815,0.00398431054349224,0.0125371903899503,0.00205498835492413,0,0.75,-0.0375,0.2125,0.0469102736078466
A2,Policy Intervention,ARX,I,/home/kaahin/degree_project/hybrid-epidemic-forecasting/results/partA/forecasts/partA_03_forecast_A2_ARX_I.mat,329,330,14,343,0.65,0.66005935047682,0.0100593504768196,0.000101190532015491,0.0100593504768196,0.00471036539467794,0.0050296752384098,0.013943149221865,0.00222381981577591,0,0.75,-0.0375,0.2125,0.0526520490534372
A2,Policy Intervention,ARX,I,/home/kaahin/degree_project/hybrid-epidemic-forecasting/results/partA/forecasts/partA_03_forecast_A2_ARX_I.mat,336,337,1,337,0.65,0.650058992832284,5.8992832284277e-05,3.48015426092083e-09,5.8992832284277e-05,8.91216034938457e-05,2.94964161421385e-05,0.000149670133885771,0.000221880665694396,0,0,-0.7875,0.7875,0.000834933020394529
A2,Policy Intervention,ARX,I,/home/kaahin/degree_project/hybrid-epidemic-forecasting/results/partA/forecasts/partA_03_forecast_A2_ARX_I.mat,336,337,2,338,0.65,0.650212053684696,0.000212053684695679,4.49667651930144e-08,0.000212053684695679,0.000203554730926459,0.000106026842347839,0.000478021353316996,0.000331948093504231,0,0.5,-0.2875,0.3625,0.00274561419113636
A2,Policy Intervention,ARX,I,/home/kaahin/degree_project/hybrid-epidemic-forecasting/results/partA/forecasts/partA_03_forecast_A2_ARX_I.mat,336,337,3,339,0.65,0.650516177323693,0.00051617732369269,2.66439029494548e-07,0.00051617732369269,0.000367180105272235,0.000258088661846345,0.00105997398224906,0.000334247829629652,0,0.75,-0.0375,0.2125,0.00526321725351486
A2,Policy Intervention,ARX,I,/home/kaahin/degree_project/hybrid-epidemic-forecasting/results/partA/forecasts/partA_03_forecast_A2_ARX_I.mat,336,337,4,340,0.65,0.650930648846239,0.000930648846239168,8.66107275006295e-07,0.000930648846239168,0.000619755090776461,0.000465324423119584,0.00175627180929483,0.000567301676079657,0,0.75,-0.0375,0.2125,0.00820063846155003
A2,Policy Intervention,ARX,I,/home/kaahin/degree_project/hybrid-epidemic-forecasting/results/partA/forecasts/partA_03_forecast_A2_ARX_I.mat,336,337,5,341,0.65,0.651406174251569,0.00140617425156919,1.97732602577618e-06,0.00140617425156919,0.000878815384021222,0.000703087125784596,0.00241299372574499,0.000838588376565919,0,0.75,-0.0375,0.2125,0.0111354915780592
A2,Policy Intervention,ARX,I,/home/kaahin/degree_project/hybrid-epidemic-forecasting/results/partA/forecasts/partA_03_forecast_A2_ARX_I.mat,336,337,6,342,0.65,0.652059791735473,0.00205979173547266,4.24274199352147e-06,0.00205979173547266,0.00119259829154946,0.00102989586773633,0.00314750261672481,0.00118929382751143,0,0.75,-0.0375,0.2125,0.0142214942539383
A2,Policy Intervention,ARX,I,/home/kaahin/degree_project/hybrid-epidemic-forecasting/results/partA/forecasts/partA_03_forecast_A2_ARX_I.mat,336,337,7,343,0.65,0.652804468363684,0.00280446836368353,7.86504280290179e-06,0.00280446836368353,0.00157168224338337,0.00140223418184177,0.00403379123925197,0.00163654467413143,0,0.75,-0.0375,0.2125,0.0180007054520355
A2,Policy Intervention,ARX,I,/home/kaahin/degree_project/hybrid-epidemic-forecasting/results/partA/forecasts/partA_03_forecast_A2_ARX_I.mat,336,337,8,344,0.65,0.653493343305334,0.00349334330533402,1.2203447448922e-05,0.00349334330533402,0.00193254911889204,0.00174667165266701,0.00491480126301866,0.0020349981193285,0,0.75,-0.0375,0.2125,0.0217024127332081
A2,Policy Intervention,ARX,I,/home/kaahin/degree_project/hybrid-epidemic-forecasting/results/partA/forecasts/partA_03_forecast_A2_ARX_I.mat,336,337,9,345,0.65,0.65428103615808,0.0042810361580804,1.83272705867918e-05,0.0042810361580804,0.00230812822100633,0.0021405180790402,0.00581270979911203,0.00243334911637627,0,0.75,-0.0375,0.2125,0.0254738129714538
A2,Policy Intervention,ARX,I,/home/kaahin/degree_project/hybrid-epidemic-forecasting/results/partA/forecasts/partA_03_forecast_A2_ARX_I.mat,336,337,10,346,0.65,0.655102731457265,0.00510273145726547,2.60378683249666e-05,0.00510273145726547,0.00273521670773487,0.00255136572863274,0.00662939483527805,0.00312771462089612,0,0.75,-0.0375,0.2125,0.0289340638793598
A2,Policy Intervention,ARX,I,/home/kaahin/degree_project/hybrid-epidemic-forecasting/results/partA/forecasts/partA_03_forecast_A2_ARX_I.mat,336,337,11,347,0.65,0.656342611462132,0.00634261146213155,4.02287201595626e-05,0.00634261146213155,0.00318465182137124,0.00317130573106578,0.00762015380508043,0.00353947366002438,0,0.75,-0.0375,0.2125,0.0326874222431924
A2,Policy Intervention,ARX,I,/home/kaahin/degree_project/hybrid-epidemic-forecasting/results/partA/forecasts/partA_03_forecast_A2_ARX_I.mat,336,337,12,348,0.65,0.657362959170648,0.00736295917064822,5.42131677486327e-05,0.00736295917064822,0.00357689476555944,0.00368147958532411,0.00873124919504012,0.00368329766465325,0,0.75,-0.0375,0.2125,0.036523181984918
A2,Policy Intervention,ARX,I,/home/kaahin/degree_project/hybrid-epidemic-forecasting/results/partA/forecasts/partA_03_forecast_A2_ARX_I.mat,336,337,13,349,0.65,0.658177120897986,0.0081771208979855,6.68653061802712e-05,0.0081771208979855,0.00407199418431778,0.00408856044899275,0.00976959051994503,0.00446582286049224,0,0.75,-0.0375,0.2125,0.0404176102531191
A2,Policy Intervention,ARX,I,/home/kaahin/degree_project/hybrid-epidemic-forecasting/results/partA/forecasts/partA_03_forecast_A2_ARX_I.mat,336,337,14,350,0.65,0.659728111871285,0.00972811187128519,9.46361605802399e-05,0.00972811187128519,0.00467846147105965,0.0048640559356426,0.0106879530161395,0.0055010676679863,0,0.75,-0.0375,0.2125,0.0442807928039891
A2,Policy Intervention,ARX,I,/home/kaahin/degree_project/hybrid-epidemic-forecasting/results/partA/forecasts/partA_03_forecast_A2_ARX_I.mat,343,344,1,344,0.65,0.6500549052443,5.49052443000742e-05,3.01458585165082e-09,5.49052443000742e-05,7.44729945400338e-05,2.74526221500371e-05,0.00019819259162584,0.000109483261654275,0,0.5,-0.2875,0.3625,0.00140068416169539
A2,Policy Intervention,ARX,I,/home/kaahin/degree_project/hybrid-epidemic-forecasting/results/partA/forecasts/partA_03_forecast_A2_ARX_I.mat,343,344,2,345,0.65,0.650167819153496,0.000167819153496174,2.81632682801723e-08,0.000167819153496174,0.000210257786610086,8.39095767480869e-05,0.000699447561321384,0.000162802901675918,0,0.75,-0.0375,0.2125,0.00384413526146402
A2,Policy Intervention,ARX,I,/home/kaahin/degree_project/hybrid-epidemic-forecasting/results/partA/forecasts/partA_03_forecast_A2_ARX_I.mat,343,344,3,346,0.65,0.650431289009,0.000431289009000468,1.86010209284606e-07,0.000431289009000468,0.00043124693344468,0.000215644504500234,0.00140200242716334,0.000322964268837489,0,0.75,-0.0375,0.2125,0.00698413225781019
A2,Policy Intervention,ARX,I,/home/kaahin/degree_project/hybrid-epidemic-forecasting/results/partA/forecasts/partA_03_forecast_A2_ARX_I.mat,343,344,4,347,0.65,0.651011624821163,0.00101162482116279,1.02338477879265e-06,0.00101162482116279,0.000719353273728268,0.000505812410581397,0.00219679527341353,0.000534482047782281,0,0.75,-0.0375,0.2125,0.0103090271935851
A2,Policy Intervention,ARX,I,/home/kaahin/degree_project/hybrid-epidemic-forecasting/results/partA/forecasts/partA_03_forecast_A2_ARX_I.mat,343,344,5,348,0.65,0.651591631462952,0.00159163146295194,2.53329071385852e-06,0.00159163146295194,0.00102417025874699,0.000795815731475968,0.0030175226252203,0.000795427807665172,0,0.75,-0.0375,0.2125,0.0135673674932657
A2,Policy Intervention,ARX,I,/home/kaahin/degree_project/hybrid-epidemic-forecasting/results/partA/forecasts/partA_03_forecast_A2_ARX_I.mat,343,344,6,349,0.65,0.652180781961383,0.00218078196138294,4.75580996309322e-06,0.00218078196138294,0.0013710107146357,0.00109039098069147,0.00396463775509616,0.00111451948007302,0,0.75,-0.0375,0.2125,0.0176911540499452
A2,Policy Intervention,ARX,I,/home/kaahin/degree_project/hybrid-epidemic-forecasting/results/partA/forecasts/partA_03_forecast_A2_ARX_I.mat,343,344,7,350,0.65,0.65281290845825,0.00281290845824977,7.91245399449312e-06,0.00281290845824977,0.0017103414980609,0.00140645422912489,0.00502786626119247,0.00126221625095668,0,0.75,-0.0375,0.2125,0.0217041789356761
A2,Policy Intervention,ARX,I,/home/kaahin/degree_project/hybrid-epidemic-forecasting/results/partA/forecasts/partA_03_forecast_A2_ARX_I.mat,343,344,8,351,0.65,0.653414965935599,0.00341496593559876,1.16619923412999e-05,0.00341496593559876,0.00211060875447204,0.00170748296779938,0.00592618575998772,0.00186407066733707,0,0.75,-0.0375,0.2125,0.0259475026264898
A2,Policy Intervention,ARX,I,/home/kaahin/degree_project/hybrid-epidemic-forecasting/results/partA/forecasts/partA_03_forecast_A2_ARX_I.mat,343,344,9,352,0.65,0.654333606936844,0.0043336069368437,1.87801490830599e-05,0.0043336069368437,0.00243600545177547,0.00216680346842185,0.00719459263860801,0.00160062842595976,0,0.75,-0.0375,0.2125,0.0308614184281582
A2,Policy Intervention,ARX,I,/home/kaahin/degree_project/hybrid-epidemic-forecasting/results/partA/forecasts/partA_03_forecast_A2_ARX_I.mat,343,344,10,353,0.65,0.655079797413732,0.0050797974137321,2.58043417645593e-05,0.0050797974137321,0.00281050876724009,0.00253989870686605,0.00882275231740328,0.00128463842831106,0,0.75,-0.0375,0.2125,0.0370394903687216
A2,Policy Intervention,ARX,I,/home/kaahin/degree_project/hybrid-epidemic-forecasting/results/partA/forecasts/partA_03_forecast_A2_ARX_I.mat,343,344,11,354,0.65,0.655727457054218,0.00572745705421751,3.28037643079059e-05,0.00572745705421751,0.003194641334739,0.00286372852710876,0.0103541120218478,0.00115804545736897,0,0.75,-0.0375,0.2125,0.0429517693707333
A2,Policy Intervention,ARX,I,/home/kaahin/degree_project/hybrid-epidemic-forecasting/results/partA/forecasts/partA_03_forecast_A2_ARX_I.mat,343,344,12,355,0.65,0.656423198133131,0.00642319813313064,4.12574742574529e-05,0.00642319813313064,0.00356233407736585,0.00321159906656532,0.0118198265597951,0.000999077721785868,0,0.75,-0.0375,0.2125,0.0488998122658774
A2,Policy Intervention,ARX,I,/home/kaahin/degree_project/hybrid-epidemic-forecasting/results/partA/forecasts/partA_03_forecast_A2_ARX_I.mat,343,344,13,356,0.65,0.658321733548861,0.00832173354886112,6.92512492582407e-05,0.00832173354886112,0.00391723782738522,0.00416086677443056,0.0134637090788051,2.99436999784408e-06,0,0.75,-0.0375,0.2125,0.0551783504047461
A2,Policy Intervention,ARX,I,/home/kaahin/degree_project/hybrid-epidemic-forecasting/results/partA/forecasts/partA_03_forecast_A2_ARX_I.mat,343,344,14,357,0.65,0.659580369354603,0.00958036935460316,9.17834769706193e-05,0.00958036935460316,0.00448992786718559,0.00479018467730158,0.0154144907250336,0,0,1,0.2125,0.2125,0.0614809542193383
A2,Policy Intervention,ARX,I,/home/kaahin/degree_project/hybrid-epidemic-forecasting/results/partA/forecasts/partA_03_forecast_A2_ARX_I.mat,350,351,1,351,0.65,0.650054185833878,5.4185833877729e-05,2.93610459302485e-09,5.4185833877729e-05,4.88063674189354e-05,2.70929169388645e-05,8.44477024929985e-05,0.000108088033953346,0,0.5,-0.2875,0.3625,0.000533030784284544
A2,Policy Intervention,ARX,I,/home/kaahin/degree_project/hybrid-epidemic-forecasting/results/partA/forecasts/partA_03_forecast_A2_ARX_I.mat,350,351,2,352,0.65,0.650177190744881,0.000177190744881428,3.13965600716353e-08,0.000177190744881428,0.000133458524874225,8.8595372440714e-05,0.000351130712548808,0.000160837276944492,0,0.75,-0.0375,0.2125,0.00186299978163393
A2,Policy Intervention,ARX,I,/home/kaahin/degree_project/hybrid-epidemic-forecasting/results/partA/forecasts/partA_03_forecast_A2_ARX_I.mat,350,351,3,353,0.65,0.650417555355792,0.000417555355791577,1.7435247515023e-07,0.000417555355791577,0.000313306420441279,0.000208777677895788,0.000873119924949278,0.000327981289140689,0,0.75,-0.0375,0.2125,0.00442448556152139
A2,Policy Intervention,ARX,I,/home/kaahin/degree_project/hybrid-epidemic-forecasting/results/partA/forecasts/partA_03_forecast_A2_ARX_I.mat,350,351,4,354,0.65,0.650791337200358,0.000791337200358178,6.26214564670718e-07,0.000791337200358178,0.000540206131561309,0.000395668600179089,0.00148800529675646,0.000547253695090344,0,0.75,-0.0375,0.2125,0.00716447775826437
A2,Policy Intervention,ARX,I,/home/kaahin/degree_project/hybrid-epidemic-forecasting/results/partA/forecasts/partA_03_forecast_A2_ARX_I.mat,350,351,5,355,0.65,0.651299770227738,0.00129977022773786,1.68940264491373e-06,0.00129977022773786,0.000848270923403187,0.000649885113868931,0.00233072717331605,0.000836606868129364,0,0.75,-0.0375,0.2125,0.0105159610907493
A2,Policy Intervention,ARX,I,/home/kaahin/degree_project/hybrid-epidemic-forecasting/results/partA/forecasts/partA_03_forecast_A2_ARX_I.mat,350,351,6,356,0.65,0.65208944777336,0.00208944777335962,4.36579199759748e-06,0.00208944777335962,0.00117854419150495,0.00104472388667981,0.00307426691739184,0.00118445805770062,0,0.75,-0.0375,0.2125,0.0136400154040135
A2,Policy Intervention,ARX,I,/home/kaahin/degree_project/hybrid-epidemic-forecasting/results/partA/forecasts/partA_03_forecast_A2_ARX_I.mat,350,351,7,357,0.65,0.652872248877002,0.00287224887700177,8.24981361143793e-06,0.00287224887700177,0.00151637441599732,0.00143612443850089,0.00382008378449414,0.00156747664899293,0,0.75,-0.0375,0.2125,0.0168145776832087
A2,Policy Intervention,ARX,I,/home/kaahin/degree_project/hybrid-epidemic-forecasting/results/partA/forecasts/partA_03_forecast_A2_ARX_I.mat,350,351,8,358,0.65,0.653564030171879,0.00356403017187945,1.27023110660671e-05,0.00356403017187945,0.00188578493986486,0.00178201508593973,0.00471019039923748,0.00199382674421467,0,0.75,-0.0375,0.2125,0.0208382289441715
A2,Policy Intervention,ARX,I,/home/kaahin/degree_project/hybrid-epidemic-forecasting/results/partA/forecasts/partA_03_forecast_A2_ARX_I.mat,350,351,9,359,0.65,0.654445935295671,0.00444593529567106,1.97663406532937e-05,0.00444593529567106,0.00228696235817347,0.00222296764783553,0.0056060504657811,0.00246231249816398,0,0.75,-0.0375,0.2125,0.0248337858085033
A2,Policy Intervention,ARX,I,/home/kaahin/degree_project/hybrid-epidemic-forecasting/results/partA/forecasts/partA_03_forecast_A2_ARX_I.mat,350,351,10,360,0.65,0.655407046389774,0.00540704638977429,2.92361506611712e-05,0.00540704638977429,0.00258975486510083,0.00270352319488715,0.00663670161125482,0.00231367208681177,0,0.75,-0.0375,0.2125,0.0284743491991594
A2,Policy Intervention,ARX,I,/home/kaahin/degree_project/hybrid-epidemic-forecasting/results/partA/forecasts/partA_03_forecast_A2_ARX_I.mat,350,351,11,361,0.65,0.656557601163518,0.00655760116351767,4.30021330197683e-05,0.00655760116351767,0.00276962581950705,0.00327880058175883,0.00805873157952934,0.00112578402649355,0,0.75,-0.0375,0.2125,0.0323316760375384
A2,Policy Intervention,ARX,I,/home/kaahin/degree_project/hybrid-epidemic-forecasting/results/partA/forecasts/partA_03_forecast_A2_ARX_I.mat,350,351,12,362,0.65,0.657740292583848,0.00774029258384823,5.99121292835759e-05,0.00774029258384823,0.00301036220719206,0.00387014629192411,0.00916847585101832,0.000508007789421838,0,0.75,-0.0375,0.2125,0.0357936952640031
A2,Policy Intervention,ARX,I,/home/kaahin/degree_project/hybrid-epidemic-forecasting/results/partA/forecasts/partA_03_forecast_A2_ARX_I.mat,350,351,13,363,0.65,0.659030335621695,0.00903033562169508,8.15469614404552e-05,0.00903033562169508,0.00364472589526909,0.00451516781084754,0.0105936202804908,0.00129247843737257,0,0.75,-0.0375,0.2125,0.0399349150761103
A2,Policy Intervention,ARX,I,/home/kaahin/degree_project/hybrid-epidemic-forecasting/results/partA/forecasts/partA_03_forecast_A2_ARX_I.mat,350,351,14,364,0.65,0.660342128748891,0.0103421287488907,0.000106959627058632,0.0103421287488907,0.00394962972263977,0.00517106437444537,0.0125096920467507,9.25773306829081e-05,0,0.75,-0.0375,0.2125,0.044844315868426
A3,Damped Recurrent Waves,ARX,I,/home/kaahin/degree_project/hybrid-epidemic-forecasting/results/partA/forecasts/partA_03_forecast_A3_ARX_I.mat,49,50,1,50,1.02203144736961,1.02208509238016,5.36450105452779e-05,2.87778715640298e-09,5.36450105452779e-05,3.35336752338297e-05,2.6822505272639e-05,2.55726264052292e-05,9.85064068743657e-05,0,0,-0.7875,0.7875,7.19742341299123e-05
A3,Damped Recurrent Waves,ARX,I,/home/kaahin/degree_project/hybrid-epidemic-forecasting/results/partA/forecasts/partA_03_forecast_A3_ARX_I.mat,49,50,2,51,1.03056016698516,1.03073166707577,0.000171500090616838,2.94122810815838e-08,0.000171500090616838,0.000121718589157324,8.57500453084192e-05,5.80479018269409e-05,0.0004039357040726,0,0,-0.7875,0.7875,0.000168344819680699
A3,Damped Recurrent Waves,ARX,I,/home/kaahin/degree_project/hybrid-epidemic-forecasting/results/partA/forecasts/partA_03_forecast_A3_ARX_I.mat,49,50,3,52,1.03926620533134,1.03963252655514,0.00036632122379765,1.34191239004608e-07,0.00036632122379765,0.000282659270279082,0.000183160611898825,9.83217366856914e-05,0.000990484367671352,0,0,-0.7875,0.7875,0.000296514782918034
A3,Damped Recurrent Waves,ARX,I,/home/kaahin/degree_project/hybrid-epidemic-forecasting/results/partA/forecasts/partA_03_forecast_A3_ARX_I.mat,49,50,4,53,1.04810745240317,1.04878455091131,0.000677098508145679,4.58462389733105e-07,0.000677098508145679,0.000524455897619203,0.00033854925407284,0.000143398529160443,0.00187810375605313,0,0,-0.7875,0.7875,0.000439819447773215
A3,Damped Recurrent Waves,ARX,I,/home/kaahin/degree_project/hybrid-epidemic-forecasting/results/partA/forecasts/partA_03_forecast_A3_ARX_I.mat,49,50,5,54,1.0570378069064,1.05812499804857,0.00108719114217748,1.18198457962917e-06,0.00108719114217748,0.000871825093054829,0.00054359557108874,0.000197789243984259,0.00318182810367373,0,0,-0.7875,0.7875,0.00061543160932459
A3,Damped Recurrent Waves,ARX,I,/home/kaahin/degree_project/hybrid-epidemic-forecasting/results/partA/forecasts/partA_03_forecast_A3_ARX_I.mat,49,50,6,55,1.06600749345699,1.06763094358251,0.00162345012552301,2.63559031006067e-06,0.00162345012552301,0.00133010996171877,0.000811725062761504,0.000253084062193709,0.00492068570277926,0,0,-0.7875,0.7875,0.000805510671878229
A3,Damped Recurrent Waves,ARX,I,/home/kaahin/degree_project/hybrid-epidemic-forecasting/results/partA/forecasts/partA_03_forecast_A3_ARX_I.mat,49,50,7,56,1.0749634562186,1.07723533863087,0.00227188241227538,5.16144969520622e-06,0.00227188241227538,0.00190642807645112,0.00113594120613769,0.000324589096020417,0.00711839604187192,0,0,-0.7875,0.7875,0.00102757921597124
A3,Damped Recurrent Waves,ARX,I,/home/kaahin/degree_project/hybrid-epidemic-forecasting/results/partA/forecasts/partA_03_forecast_A3_ARX_I.mat,49,50,8,57,1.08384982633508,1.08690360250518,0.00305377617010039,9.32554889707298e-06,0.00305377617010039,0.00260760933965066,0.00152688808505019,0.000393999946632667,0.0098133539967451,0,0,-0.7875,0.7875,0.00126518686694443
A3,Damped Recurrent Waves,ARX,I,/home/kaahin/degree_project/hybrid-epidemic-forecasting/results/partA/forecasts/partA_03_forecast_A3_ARX_I.mat,49,50,9,58,1.09260845877722,1.09657256552826,0.00396410675103631,1.57141423336117e-05,0.00396410675103631,0.00342575587481841,0.00198205337551816,0.000468436941257555,0.0129654111199071,0,0,-0.7875,0.7875,0.00152395867175154
A3,Damped Recurrent Waves,ARX,I,/home/kaahin/degree_project/hybrid-epidemic-forecasting/results/partA/forecasts/partA_03_forecast_A3_ARX_I.mat,49,50,10,59,1.10117953249487,1.1062163458707,0.00503681337583273,2.53694889829675e-05,0.00503681337583273,0.00437758510959225,0.00251840668791636,0.000548678567317601,0.0166320477379311,0,0,-0.7875,0.7875,0.00179927039853212
A3,Damped Recurrent Waves,ARX,I,/home/kaahin/degree_project/hybrid-epidemic-forecasting/results/partA/forecasts/partA_03_forecast_A3_ARX_I.mat,49,50,11,60,1.10950220609657,1.11574625932828,0.0062440532317134,3.89882007604705e-05,0.0062440532317134,0.00543503075690918,0.0031220266158567,0.000644814046095332,0.0206907977441393,0,0,-0.7875,0.7875,0.00210331655438839
A3,Damped Recurrent Waves,ARX,I,/home/kaahin/degree_project/hybrid-epidemic-forecasting/results/partA/forecasts/partA_03_forecast_A3_ARX_I.mat,49,50,12,61,1.11751531971669,1.12504031501747,0.00752499530077677,5.66255542767125e-05,0.00752499530077677,0.00656815734452559,0.00376249765038839,0.00076515874305117,0.0250290516569256,0,0,-0.7875,0.7875,0.00245205287336603
A3,Damped Recurrent Waves,ARX,I,/home/kaahin/degree_project/hybrid-epidemic-forecasting/results/partA/forecasts/partA_03_forecast_A3_ARX_I.mat,49,50,13,62,1.12515813232472,1.13395632858128,0.00879819625655953,7.74082573689382e-05,0.00879819625655953,0.0077636414191299,0.00439909812827977,0.000867088938746785,0.029670199319058,0,0,-0.7875,0.7875,0.00279386520697744
A3,Damped Recurrent Waves,ARX,I,/home/kaahin/degree_project/hybrid-epidemic-forecasting/results/partA/forecasts/partA_03_forecast_A3_ARX_I.mat,49,50,14,63,1.13237108252788,1.14245528999929,0.0100842074714138,0.000101691240326518,0.0100842074714138,0.00897804027403407,0.0050421037357069,0.000980672058563275,0.0343784054388832,0,0,-0.7875,0.7875,0.00317385928753439
A3,Damped Recurrent Waves,ARX,I,/home/kaahin/degree_project/hybrid-epidemic-forecasting/results/partA/forecasts/partA_03_forecast_A3_ARX_I.mat,56,57,1,57,1.08384982633508,1.08384848831979,-1.33801529100808e-06,1.79028491897143e-12,1.33801529100808e-06,4.54954663944296e-06,6.69007645504038e-07,1.98039522319893e-05,0,0,1,0.2125,0.2125,6.17890169110069e-05
A3,Damped Recurrent Waves,ARX,I,/home/kaahin/degree_project/hybrid-epidemic-forecasting/results/partA/forecasts/partA_03_forecast_A3_ARX_I.mat,56,57,2,58,1.09260845877722,1.09258701029631,-2.14484809135662e-05,4.60037333499614e-10,2.14484809135662e-05,1.30064912259408e-05,1.07242404567831e-05,4.78049700599503e-05,0,0,1,0.2125,0.2125,0.00015949157659878
A3,Damped Recurrent Waves,ARX,I,/home/kaahin/degree_project/hybrid-epidemic-forecasting/results/partA/forecasts/partA_03_forecast_A3_ARX_I.mat,56,57,3,59,1.10117953249487,1.10109640350563,-8.31289892457843e-05,6.91042885302572e-09,8.31289892457843e-05,3.45437170059662e-05,4.15644946228921e-05,8.9069204294695e-05,0,2.48130276092606e-05,0.75,-0.0375,0.2125,0.000307301167104035
A3,Damped Recurrent Waves,ARX,I,/home/kaahin/degree_project/hybrid-epidemic-forecasting/results/partA/forecasts/partA_03_forecast_A3_ARX_I.mat,56,57,4,60,1.10950220609657,1.10927925571517,-0.000222950381398634,4.97068725657966e-08,0.000222950381398634,8.66513406892354e-05,0.000111475190699317,0.00014696872359507,0,0.000131487118807172,0.5,-0.2875,0.3625,0.00048981190145081
A3,Damped Recurrent Waves,ARX,I,/home/kaahin/degree_project/hybrid-epidemic-forecasting/results/partA/forecasts/partA_03_forecast_A3_ARX_I.mat,56,57,5,61,1.11751531971669,1.11705049533511,-0.000464824381579021,2.16061705710319e-07,0.000464824381579021,0.000204979672979635,0.00023241219078951,0.000216243067110711,0,0.000473753270508137,0.25,-0.5375,0.5625,0.000699202085048034
A3,Damped Recurrent Waves,ARX,I,/home/kaahin/degree_project/hybrid-epidemic-forecasting/results/partA/forecasts/partA_03_forecast_A3_ARX_I.mat,56,57,6,62,1.12515813232472,1.12428506903761,-0.00087306328710901,7.6223950329759e-07,0.00087306328710901,0.000481363599594486,0.000436531643554505,0.000274108335343032,0,0.00145549621927765,0,-0.7875,0.7875,0.000915617145088088
A3,Damped Recurrent Waves,ARX,I,/home/kaahin/degree_project/hybrid-epidemic-forecasting/results/partA/forecasts/partA_03_forecast_A3_ARX_I.mat,56,57,7,63,1.13237108252788,1.13087737028666,-0.00149371224121664,2.23117625956043e-06,0.00149371224121664,0.000965450924110892,0.000746856120608319,0.000342076927669505,0,0.00325559611022119,0,-0.7875,0.7875,0.00116001201949212
A3,Damped Recurrent Waves,ARX,I,/home/kaahin/degree_project/hybrid-epidemic-forecasting/results/partA/forecasts/partA_03_forecast_A3_ARX_I.mat,56,57,8,64,1.13909655995878,1.1367007840622,-0.00239577589657314,5.73974214660082e-06,0.00239577589657314,0.00170980307699985,0.00119788794828657,0.000420667343399855,0,0.0060755585548129,0,-0.7875,0.7875,0.0014294242822992
A3,Damped Recurrent Waves,ARX,I,/home/kaahin/degree_project/hybrid-epidemic-forecasting/results/partA/forecasts/partA_03_forecast_A3_ARX_I.mat,56,57,9,65,1.14527967366082,1.14165058463095,-0.00362908902987624,1.31702871867681e-05,0.00362908902987624,0.00279475918655767,0.00181454451493812,0.000504160815158072,0,0.0102577110094133,0,-0.7875,0.7875,0.00169104111893137
A3,Damped Recurrent Waves,ARX,I,/home/kaahin/degree_project/hybrid-epidemic-forecasting/results/partA/forecasts/partA_03_forecast_A3_ARX_I.mat,56,57,10,66,1.15086900351395,1.14559381563735,-0.00527518787659842,2.78276071334109e-05,0.00527518787659842,0.00428108042408734,0.00263759393829921,0.000610172410655951,0,0.0160170955594379,0,-0.7875,0.7875,0.00200666960526735
A3,Damped Recurrent Waves,ARX,I,/home/kaahin/degree_project/hybrid-epidemic-forecasting/results/partA/forecasts/partA_03_forecast_A3_ARX_I.mat,56,57,11,67,1.15581732070296,1.14840049266107,-0.0074168280418907,5.50093382029762e-05,0.0074168280418907,0.00626809105170009,0.00370841402094535,0.000729487150351366,0,0.0237685085613537,0,-0.7875,0.7875,0.00234009099161636
A3,Damped Recurrent Waves,ARX,I,/home/kaahin/degree_project/hybrid-epidemic-forecasting/results/partA/forecasts/partA_03_forecast_A3_ARX_I.mat,56,57,12,68,1.1600822635315,1.14995015249049,-0.0101321110410093,0.000102659674147343,0.0101321110410093,0.00882574053575216,0.00506605552050465,0.000832324273367779,0,0.0338174526170123,0,-0.7875,0.7875,0.00267896939661383
A3,Damped Recurrent Waves,ARX,I,/home/kaahin/degree_project/hybrid-epidemic-forecasting/results/partA/forecasts/partA_03_forecast_A3_ARX_I.mat,56,57,13,69,1.16362695552714,1.150124453488,-0.0135025020391379,0.000182317561316924,0.0135025020391379,0.0120628743139989,0.00675125101956897,0.000959377756963609,0,0.0465723056364624,0,-0.7875,0.7875,0.0030754667378734
A3,Damped Recurrent Waves,ARX,I,/home/kaahin/degree_project/hybrid-epidemic-forecasting/results/partA/forecasts/partA_03_forecast_A3_ARX_I.mat,56,57,14,70,1.16642055375831,1.1486966907123,-0.0177238630460061,0.000314135321273582,0.0177238630460061,0.016091049856575,0.00886193152300307,0.00109803449734558,0,0.0624497583342387,0,-0.7875,0.7875,0.00348002870149622
A3,Damped Recurrent Waves,ARX,I,/home/kaahin/degree_project/hybrid-epidemic-forecasting/results/partA/forecasts/partA_03_forecast_A3_ARX_I.mat,63,64,1,64,1.13909655995878,1.13895780210006,-0.000138757858717531,1.92537433558743e-08,0.000138757858717531,8.93698838401414e-05,6.93789293587654e-05,2.92871497392044e-05,0,0.000303498398182667,0,-0.7875,0.7875,8.20446412073683e-05
A3,Damped Recurrent Waves,ARX,I,/home/kaahin/degree_project/hybrid-epidemic-forecasting/results/partA/forecasts/partA_03_forecast_A3_ARX_I.mat,63,64,2,65,1.14527967366082,1.14483589845602,-0.000443775204807428,1.96936432401875e-07,0.000443775204807428,0.000330902255190898,0.000221887602403714,7.13510008360008e-05,0,0.00119582154511932,0,-0.7875,0.7875,0.000212281966264327
A3,Damped Recurrent Waves,ARX,I,/home/kaahin/degree_project/hybrid-epidemic-forecasting/results/partA/forecasts/partA_03_forecast_A3_ARX_I.mat,63,64,3,66,1.15086900351395,1.14990962483524,-0.000959378678708322,9.20407449160127e-07,0.000959378678708322,0.000801550229579433,0.000479689339354161,0.000124838818031497,0,0.00300244787572179,0,-0.7875,0.7875,0.000381392016976567
A3,Damped Recurrent Waves,ARX,I,/home/kaahin/degree_project/hybrid-epidemic-forecasting/results/partA/forecasts/partA_03_forecast_A3_ARX_I.mat,63,64,4,67,1.15581732070296,1.15401082144266,-0.00180649926029708,3.26343957745389e-06,0.00180649926029708,0.00157071705941517,0.000903249630148539,0.00018808711975602,0,0.00597689001746371,0,-0.7875,0.7875,0.000586664985249397
A3,Damped Recurrent Waves,ARX,I,/home/kaahin/degree_project/hybrid-epidemic-forecasting/results/partA/forecasts/partA_03_forecast_A3_ARX_I.mat,63,64,5,68,1.1600822635315,1.15709250111722,-0.00298976241427917,8.93867929383643e-06,0.00298976241427917,0.00270651668591445,0.00149488120713959,0.000257283787136542,0,0.0104271600923389,0,-0.7875,0.7875,0.000810425140767346
A3,Damped Recurrent Waves,ARX,I,/home/kaahin/degree_project/hybrid-epidemic-forecasting/results/partA/forecasts/partA_03_forecast_A3_ARX_I.mat,63,64,6,69,1.16362695552714,1.15894151767302,-0.00468543785412456,2.19533278848634e-05,0.00468543785412456,0.00430857921613333,0.00234271892706228,0.000332339483123395,0,0.0167135480624143,0,-0.7875,0.7875,0.00105491453140183
A3,Damped Recurrent Waves,ARX,I,/home/kaahin/degree_project/hybrid-epidemic-forecasting/results/partA/forecasts/partA_03_forecast_A3_ARX_I.mat,63,64,7,70,1.16642055375831,1.15945788359142,-0.00696267016688856,4.847877585288e-05,0.00696267016688856,0.00647813234404718,0.00348133508344428,0.000411943953601857,0,0.0252583165111662,0,-0.7875,0.7875,0.00132097771077277
A3,Damped Recurrent Waves,ARX,I,/home/kaahin/degree_project/hybrid-epidemic-forecasting/results/partA/forecasts/partA_03_forecast_A3_ARX_I.mat,63,64,8,71,1.16843871657211,1.15857796084151,-0.00986075573060319,9.72345035786236e-05,0.00986075573060319,0.00928076527168868,0.00493037786530159,0.000489135789207806,0,0.0363439300680897,0,-0.7875,0.7875,0.00161087689924311
A3,Damped Recurrent Waves,ARX,I,/home/kaahin/degree_project/hybrid-epidemic-forecasting/results/partA/forecasts/partA_03_forecast_A3_ARX_I.mat,63,64,9,72,1.16966398153372,1.15612706818268,-0.0135369133510432,0.000183248023073653,0.0135369133510432,0.0128421400594383,0.00676845667552162,0.000593197786183441,0,0.0504279758057673,0,-0.7875,0.7875,0.00194266688283473
A3,Damped Recurrent Waves,ARX,I,/home/kaahin/degree_project/hybrid-epidemic-forecasting/results/partA/forecasts/partA_03_forecast_A3_ARX_I.mat,63,64,10,73,1.17008604616406,1.15203011957134,-0.0180559265927163,0.000326016485121558,0.0180559265927163,0.01724355530316,0.00902796329635813,0.000719893778393438,0,0.0678481417894685,0,-0.7875,0.7875,0.00231922145917957
A3,Damped Recurrent Waves,ARX,I,/home/kaahin/degree_project/hybrid-epidemic-forecasting/results/partA/forecasts/partA_03_forecast_A3_ARX_I.mat,63,64,11,74,1.16970194608673,1.14611797075232,-0.0235839753344147,0.000556203892574281,0.0235839753344147,0.022600497164959,0.0117919876672073,0.000843627296504312,0,0.0890666222786038,0,-0.7875,0.7875,0.00271312449404731
A3,Damped Recurrent Waves,ARX,I,/home/kaahin/degree_project/hybrid-epidemic-forecasting/results/partA/forecasts/partA_03_forecast_A3_ARX_I.mat,63,64,12,75,1.16851612735324,1.13841716930642,-0.0300989580468216,0.000905947275504327,0.0300989580468216,0.0290071511184967,0.0150494790234108,0.000974286037012223,0,0.114508414972812,0,-0.7875,0.7875,0.00311298194983944
A3,Damped Recurrent Waves,ARX,I,/home/kaahin/degree_project/hybrid-epidemic-forecasting/results/partA/forecasts/partA_03_forecast_A3_ARX_I.mat,63,64,13,76,1.16654041195996,1.12867146466326,-0.0378689472967002,0.00143405716936026,0.0378689472967002,0.036592753645943,0.0189344736483501,0.00114575822122145,0,0.144587159537172,0,-0.7875,0.7875,0.00353465123585617
A3,Damped Recurrent Waves,ARX,I,/home/kaahin/degree_project/hybrid-epidemic-forecasting/results/partA/forecasts/partA_03_forecast_A3_ARX_I.mat,63,64,14,77,1.16379385783897,1.11690530056518,-0.0468885572737892,0.00219853680321741,0.0468885572737892,0.0454443961835424,0.0234442786368946,0.00129864641129516,0,0.179756857777751,0,-0.7875,0.7875,0.00392902437401432
A3,Damped Recurrent Waves,ARX,I,/home/kaahin/degree_project/hybrid-epidemic-forecasting/results/partA/forecasts/partA_03_forecast_A3_ARX_I.mat,70,71,1,71,1.16843871657211,1.16819652271394,-0.000242193858169149,5.86578649348576e-08,0.000242193858169149,0.000136735130565576,0.000121096929084574,6.61091986966789e-05,0,0.000428101959763838,0,-0.7875,0.7875,0.000211355782729128
A3,Damped Recurrent Waves,ARX,I,/home/kaahin/degree_project/hybrid-epidemic-forecasting/results/partA/forecasts/partA_03_forecast_A3_ARX_I.mat,70,71,2,72,1.16966398153372,1.16886352343776,-0.000800458095961742,6.40733163390698e-07,0.000800458095961742,0.000569684839175169,0.000400229047980871,0.000140689231524793,0,0.0020226634967826,0,-0.7875,0.7875,0.000464974878121249
A3,Damped Recurrent Waves,ARX,I,/home/kaahin/degree_project/hybrid-epidemic-forecasting/results/partA/forecasts/partA_03_forecast_A3_ARX_I.mat,70,71,3,73,1.17008604616406,1.1683586522939,-0.00172739387016385,2.98388958267965e-06,0.00172739387016385,0.00135672361521561,0.000863696935081926,0.000243216315206829,0,0.00499834301818147,0,-0.7875,0.7875,0.000787224425173316
A3,Damped Recurrent Waves,ARX,I,/home/kaahin/degree_project/hybrid-epidemic-forecasting/results/partA/forecasts/partA_03_forecast_A3_ARX_I.mat,70,71,4,74,1.16970194608673,1.16661673278883,-0.00308521329790223,9.51854109355278e-06,0.00308521329790223,0.00259143587541722,0.00154260664895112,0.00037210369648219,0,0.00974675109394418,0,-0.7875,0.7875,0.00118312112880087
A3,Damped Recurrent Waves,ARX,I,/home/kaahin/degree_project/hybrid-epidemic-forecasting/results/partA/forecasts/partA_03_forecast_A3_ARX_I.mat,70,71,5,75,1.16851612735324,1.1634267475766,-0.0050893797766407,2.59017865108794e-05,0.0050893797766407,0.00439754578713581,0.00254468988832035,0.000484940275690765,0,0.0167593258781,0,-0.7875,0.7875,0.00155245491279793
A3,Damped Recurrent Waves,ARX,I,/home/kaahin/degree_project/hybrid-epidemic-forecasting/results/partA/forecasts/partA_03_forecast_A3_ARX_I.mat,70,71,6,76,1.16654041195996,1.15886292882158,-0.00767748313837524,5.89437473400361e-05,0.00767748313837524,0.00682453894230193,0.00383874156918762,0.000609175435700671,0,0.0262625082354704,0,-0.7875,0.7875,0.00198844919983399
A3,Damped Recurrent Waves,ARX,I,/home/kaahin/degree_project/hybrid-epidemic-forecasting/results/partA/forecasts/partA_03_forecast_A3_ARX_I.mat,70,71,7,77,1.16379385783897,1.15279230500872,-0.0110015528302501,0.000121034164676783,0.0110015528302501,0.00994463220255272,0.00550077641512503,0.000766414751417777,0,0.0384836537449444,0,-0.7875,0.7875,0.00250464897552938
A3,Damped Recurrent Waves,ARX,I,/home/kaahin/degree_project/hybrid-epidemic-forecasting/results/partA/forecasts/partA_03_forecast_A3_ARX_I.mat,70,71,8,78,1.1603025168359,1.14517446605349,-0.0151280507824063,0.000228857920475064,0.0151280507824063,0.0138576018346748,0.00756402539120316,0.000947473390215614,0,0.0538477094746179,0,-0.7875,0.7875,0.00308285096894045
A3,Damped Recurrent Waves,ARX,I,/home/kaahin/degree_project/hybrid-epidemic-forecasting/results/partA/forecasts/partA_03_forecast_A3_ARX_I.mat,70,71,9,79,1.15609909631904,1.13601365774102,-0.0200854385780138,0.000403424842871166,0.0200854385780138,0.0186585064086932,0.0100427192890069,0.0011134653078165,0,0.0728070942422958,0,-0.7875,0.7875,0.00365032105885549
A3,Damped Recurrent Waves,ARX,I,/home/kaahin/degree_project/hybrid-epidemic-forecasting/results/partA/forecasts/partA_03_forecast_A3_ARX_I.mat,70,71,10,80,1.15122253203776,1.1252048421919,-0.0260176898458553,0.000676920184915121,0.0260176898458553,0.0244414631921616,0.0130088449229276,0.00127337612682041,0,0.0957043633149792,0,-0.7875,0.7875,0.00418416622730178
A3,Damped Recurrent Waves,ARX,I,/home/kaahin/degree_project/hybrid-epidemic-forecasting/results/partA/forecasts/partA_03_forecast_A3_ARX_I.mat,70,71,11,81,1.14571748160999,1.11273855764952,-0.0329789239604756,0.00108760942559083,0.0329789239604756,0.0311827572699301,0.0164894619802378,0.00148756867973402,0,0.122345377054714,0,-0.7875,0.7875,0.00484114402853603
A3,Damped Recurrent Waves,ARX,I,/home/kaahin/degree_project/hybrid-epidemic-forecasting/results/partA/forecasts/partA_03_forecast_A3_ARX_I.mat,70,71,12,82,1.13963374952215,1.09857175965318,-0.0410619898689659,0.00168608701199906,0.0410619898689659,0.039002494209314,0.020530994934483,0.00167246734085763,0,0.153307761666573,0,-0.7875,0.7875,0.00549474524242649
A3,Damped Recurrent Waves,ARX,I,/home/kaahin/degree_project/hybrid-epidemic-forecasting/results/partA/forecasts/partA_03_forecast_A3_ARX_I.mat,70,71,13,83,1.13302565573098,1.08278318666986,-0.050242469061121,0.0025243056973577,0.050242469061121,0.0479714996601113,0.0251212345305605,0.00185740328464775,0,0.188893110655292,0,-0.7875,0.7875,0.00611401617533547
A3,Damped Recurrent Waves,ARX,I,/home/kaahin/degree_project/hybrid-epidemic-forecasting/results/partA/forecasts/partA_03_forecast_A3_ARX_I.mat,70,71,14,84,1.12595136083632,1.06538610261108,-0.0605652582252358,0.0036681505038895,0.0605652582252358,0.05810581636619,0.0302826291126179,0.00200769199458882,0,0.229185852540648,0,-0.7875,0.7875,0.00670620530645105
A3,Damped Recurrent Waves,ARX,I,/home/kaahin/degree_project/hybrid-epidemic-forecasting/results/partA/forecasts/partA_03_forecast_A3_ARX_I.mat,77,78,1,78,1.1603025168359,1.15997314834043,-0.000329368495464166,1.08483605804329e-07,0.000329368495464166,0.000244854226091123,0.000164684247732083,7.34533530751424e-05,0,0.000863706416602827,0,-0.7875,0.7875,0.000222462240521082
A3,Damped Recurrent Waves,ARX,I,/home/kaahin/degree_project/hybrid-epidemic-forecasting/results/partA/forecasts/partA_03_forecast_A3_ARX_I.mat,77,78,2,79,1.15609909631904,1.15504496282786,-0.00105413349117889,1.11119741722499e-06,0.00105413349117889,0.000865394961811995,0.000527066745589444,0.00016921037271303,0,0.0031980002098515,0,-0.7875,0.7875,0.000523947278360359
A3,Damped Recurrent Waves,ARX,I,/home/kaahin/degree_project/hybrid-epidemic-forecasting/results/partA/forecasts/partA_03_forecast_A3_ARX_I.mat,77,78,3,80,1.15122253203776,1.14897799886371,-0.00224453317404327,5.03792916938077e-06,0.00224453317404327,0.00193776874382886,0.00112226658702164,0.000271472188733446,0,0.00732622057147481,0,-0.7875,0.7875,0.000861459439453705
A3,Damped Recurrent Waves,ARX,I,/home/kaahin/degree_project/hybrid-epidemic-forecasting/results/partA/forecasts/partA_03_forecast_A3_ARX_I.mat,77,78,4,81,1.14571748160999,1.14172294822127,-0.00399453338871592,1.59562969935663e-05,0.00399453338871592,0.00349324691394939,0.00199726669435796,0.00038781202378263,0,0.0133345323946317,0,-0.7875,0.7875,0.00131099850091293
A3,Damped Recurrent Waves,ARX,I,/home/kaahin/degree_project/hybrid-epidemic-forecasting/results/partA/forecasts/partA_03_forecast_A3_ARX_I.mat,77,78,5,82,1.13963374952215,1.13332900465361,-0.00630474486854027,3.97498078573848e-05,0.00630474486854027,0.00565761383111923,0.00315237243427013,0.000555483097071613,0,0.0217514067086948,0,-0.7875,0.7875,0.00182662719353754
A3,Damped Recurrent Waves,ARX,I,/home/kaahin/degree_project/hybrid-epidemic-forecasting/results/partA/forecasts/partA_03_forecast_A3_ARX_I.mat,77,78,6,83,1.13302565573098,1.12370574214862,-0.00931991358236028,8.68607891826637e-05,0.00931991358236028,0.00840993017688121,0.00465995679118014,0.000756167121059864,0,0.0324285618837254,0,-0.7875,0.7875,0.00243423410663896
A3,Damped Recurrent Waves,ARX,I,/home/kaahin/degree_project/hybrid-epidemic-forecasting/results/partA/forecasts/partA_03_forecast_A3_ARX_I.mat,77,78,7,84,1.12595136083632,1.11297622265541,-0.0129751381809045,0.000168354210813565,0.0129751381809045,0.0118064330506076,0.00648756909045223,0.00100486735410495,0,0.0456365122831772,0,-0.7875,0.7875,0.00316550938590909
A3,Damped Recurrent Waves,ARX,I,/home/kaahin/degree_project/hybrid-epidemic-forecasting/results/partA/forecasts/partA_03_forecast_A3_ARX_I.mat,77,78,8,85,1.11847216132678,1.10098845596606,-0.01748370536072,0.000305679953140468,0.01748370536072,0.0159729791233679,0.00874185268035998,0.00125755603157706,0,0.0618789973432186,0,-0.7875,0.7875,0.00389181254668614
A3,Damped Recurrent Waves,ARX,I,/home/kaahin/degree_project/hybrid-epidemic-forecasting/results/partA/forecasts/partA_03_forecast_A3_ARX_I.mat,77,78,9,86,1.11065176857875,1.08780537659218,-0.022846391986576,0.000521957626804284,0.022846391986576,0.0210031504838485,0.011423195993288,0.00147890317871077,0,0.0816120780053193,0,-0.7875,0.7875,0.00458465493909921
A3,Damped Recurrent Waves,ARX,I,/home/kaahin/degree_project/hybrid-epidemic-forecasting/results/partA/forecasts/partA_03_forecast_A3_ARX_I.mat,77,78,10,87,1.1025555851146,1.07351111536838,-0.0290444697462258,0.000843581222839424,0.0290444697462258,0.0268156958593828,0.0145222348731129,0.00170832624028343,0,0.104440070253826,0,-0.7875,0.7875,0.0053524174748294
A3,Damped Recurrent Waves,ARX,I,/home/kaahin/degree_project/hybrid-epidemic-forecasting/results/partA/forecasts/partA_03_forecast_A3_ARX_I.mat,77,78,11,88,1.0942499911109,1.05815310258121,-0.0360968885296877,0.0013029853615247,0.0360968885296877,0.0335042582582053,0.0180484442648439,0.00197316864679246,0,0.130747549250288,0,-0.7875,0.7875,0.00617950625354263
A3,Damped Recurrent Waves,ARX,I,/home/kaahin/degree_project/hybrid-epidemic-forecasting/results/partA/forecasts/partA_03_forecast_A3_ARX_I.mat,77,78,12,89,1.08580165331514,1.04177451589927,-0.0440271374158745,0.0019383888290363,0.0440271374158745,0.0410820872672934,0.0220135687079372,0.00224269548344277,0,0.16061312851144,0,-0.7875,0.7875,0.0070369311579192
A3,Damped Recurrent Waves,ARX,I,/home/kaahin/degree_project/hybrid-epidemic-forecasting/results/partA/forecasts/partA_03_forecast_A3_ARX_I.mat,77,78,13,90,1.07727686741043,1.02433953336768,-0.0529373340427515,0.00280236133555385,0.0529373340427515,0.0496603333582424,0.0264686670213757,0.00248298389501705,0,0.194519849195698,0,-0.7875,0.7875,0.00774765601505967
A3,Damped Recurrent Waves,ARX,I,/home/kaahin/degree_project/hybrid-epidemic-forecasting/results/partA/forecasts/partA_03_forecast_A3_ARX_I.mat,77,78,14,91,1.06874094350186,1.00593010249892,-0.0628108410029338,0.00394520174749583,0.0628108410029338,0.059156593393286,0.0314054205014669,0.00274277246855281,0,0.232056477299767,0,-0.7875,0.7875,0.00849637102595574
A3,Damped Recurrent Waves,ARX,I,/home/kaahin/degree_project/hybrid-epidemic-forecasting/results/partA/forecasts/partA_03_forecast_A3_ARX_I.mat,84,85,1,85,1.11847216132678,1.11806347330954,-0.000408688017240255,1.67025895435771e-07,0.000408688017240255,0.000238454251976644,0.000204344008620128,0.000127922573484962,0,0.000740777551789806,0,-0.7875,0.7875,0.000368097062836359
A3,Damped Recurrent Waves,ARX,I,/home/kaahin/degree_project/hybrid-epidemic-forecasting/results/partA/forecasts/partA_03_forecast_A3_ARX_I.mat,84,85,2,86,1.11065176857875,1.1094098860621,-0.00124188251664714,1.54227218515384e-06,0.00124188251664714,0.00095910059243006,0.000620941258323571,0.000256092455467932,0,0.00343891895214377,0,-0.7875,0.7875,0.00076636965831417
A3,Damped Recurrent Waves,ARX,I,/home/kaahin/degree_project/hybrid-epidemic-forecasting/results/partA/forecasts/partA_03_forecast_A3_ARX_I.mat,84,85,3,87,1.1025555851146,1.09993675602845,-0.00261882908615707,6.85826578250228e-06,0.00261882908615707,0.00215408231220264,0.00130941454307854,0.000416516843153653,0,0.00796743901867969,0,-0.7875,0.7875,0.00126866938555154
A3,Damped Recurrent Waves,ARX,I,/home/kaahin/degree_project/hybrid-epidemic-forecasting/results/partA/forecasts/partA_03_forecast_A3_ARX_I.mat,84,85,4,88,1.0942499911109,1.08963722702337,-0.00461276408752687,2.12775925271776e-05,0.00461276408752687,0.00374488061893281,0.00230638204376343,0.000619648904912984,0,0.0139259318365212,0,-0.7875,0.7875,0.00199729590172926
A3,Damped Recurrent Waves,ARX,I,/home/kaahin/degree_project/hybrid-epidemic-forecasting/results/partA/forecasts/partA_03_forecast_A3_ARX_I.mat,84,85,5,89,1.08580165331514,1.07858439354505,-0.00721725977009724,5.20888385890641e-05,0.00721725977009724,0.00591781449635859,0.00360862988504862,0.000854971266432114,0,0.0221665640821329,0,-0.7875,0.7875,0.00279819368502549
A3,Damped Recurrent Waves,ARX,I,/home/kaahin/degree_project/hybrid-epidemic-forecasting/results/partA/forecasts/partA_03_forecast_A3_ARX_I.mat,84,85,6,90,1.07727686741043,1.06679872439437,-0.0104781430160581,0.000109791481064967,0.0104781430160581,0.00868332467143118,0.00523907150802905,0.00111048190026923,0,0.032725407613142,0,-0.7875,0.7875,0.0036273709639994
A3,Damped Recurrent Waves,ARX,I,/home/kaahin/degree_project/hybrid-epidemic-forecasting/results/partA/forecasts/partA_03_forecast_A3_ARX_I.mat,84,85,7,91,1.06874094350186,1.05431304126737,-0.0144279022344878,0.000208164362887937,0.0144279022344878,0.0121231429179615,0.00721395111724388,0.00139355227042709,0,0.0459466397431556,0,-0.7875,0.7875,0.00455558198213063
A3,Damped Recurrent Waves,ARX,I,/home/kaahin/degree_project/hybrid-epidemic-forecasting/results/partA/forecasts/partA_03_forecast_A3_ARX_I.mat,84,85,8,92,1.06025764283151,1.04143444216891,-0.0188232006626039,0.000354312883184652,0.0188232006626039,0.0162281827691957,0.00941160033130195,0.00166189747763615,0,0.0619533246524426,0,-0.7875,0.7875,0.00541403634801163
A3,Damped Recurrent Waves,ARX,I,/home/kaahin/degree_project/hybrid-epidemic-forecasting/results/partA/forecasts/partA_03_forecast_A3_ARX_I.mat,84,85,9,93,1.05188867211142,1.02787150608423,-0.02401716602719,0.000576824263977607,0.02401716602719,0.0210262477998829,0.012008583013595,0.00190838894520639,0,0.0807011431406719,0,-0.7875,0.7875,0.00631007535161388
A3,Damped Recurrent Waves,ARX,I,/home/kaahin/degree_project/hybrid-epidemic-forecasting/results/partA/forecasts/partA_03_forecast_A3_ARX_I.mat,84,85,10,94,1.04369324004953,1.01390185308542,-0.0297913869641127,0.000887526737245501,0.0297913869641127,0.0266060858731574,0.0148956934820563,0.00210002319806387,0,0.102731669749088,0,-0.7875,0.7875,0.00712105349274583
A3,Damped Recurrent Waves,ARX,I,/home/kaahin/degree_project/hybrid-epidemic-forecasting/results/partA/forecasts/partA_03_forecast_A3_ARX_I.mat,84,85,11,95,1.03572767878779,0.999344382361632,-0.0363832964261538,0.00132374425883338,0.0363832964261538,0.0328893748624943,0.0181916482130769,0.00234639459456565,0,0.127464144073582,0,-0.7875,0.7875,0.00803364157487699
A3,Damped Recurrent Waves,ARX,I,/home/kaahin/degree_project/hybrid-epidemic-forecasting/results/partA/forecasts/partA_03_forecast_A3_ARX_I.mat,84,85,12,96,1.02804513112847,0.984127931177132,-0.0439171999513335,0.0019287204515654,0.0439171999513335,0.0399181320972614,0.0219585999756667,0.00261716350808814,0,0.155055830953921,0,-0.7875,0.7875,0.00897923785778904
A3,Damped Recurrent Waves,ARX,I,/home/kaahin/degree_project/hybrid-epidemic-forecasting/results/partA/forecasts/partA_03_forecast_A3_ARX_I.mat,84,85,13,97,1.02069530264814,0.96854639080486,-0.0521489118432835,0.00271950900643856,0.0521489118432835,0.0477004732838239,0.0260744559216418,0.00285629813023715,0,0.185721375725329,0,-0.7875,0.7875,0.00986817859161193
A3,Damped Recurrent Waves,ARX,I,/home/kaahin/degree_project/hybrid-epidemic-forecasting/results/partA/forecasts/partA_03_forecast_A3_ARX_I.mat,84,85,14,98,1.01372427613738,0.952707020298287,-0.0610172558390977,0.0037231055101339,0.0610172558390977,0.0561633217449094,0.0305086279195488,0.00313939431218063,0,0.219086925620363,0,-0.7875,0.7875,0.0108057878209864
A3,Damped Recurrent Waves,ARX,I,/home/kaahin/degree_project/hybrid-epidemic-forecasting/results/partA/forecasts/partA_03_forecast_A3_ARX_I.mat,91,92,1,92,1.06025764283151,1.05979949802256,-0.000458144808953342,2.09896665970895e-07,0.000458144808953342,0.000287756326441445,0.000229072404476671,0.000142463928918563,0,0.000923367135591269,0,-0.7875,0.7875,0.000398714557581725
A3,Damped Recurrent Waves,ARX,I,/home/kaahin/degree_project/hybrid-epidemic-forecasting/results/partA/forecasts/partA_03_forecast_A3_ARX_I.mat,91,92,2,93,1.05188867211142,1.05049801682969,-0.00139065528173532,1.93392211261834e-06,0.00139065528173532,0.00104931768010081,0.00069532764086766,0.000275282091307627,0,0.00375131982827837,0,-0.7875,0.7875,0.000888021637846459
A3,Damped Recurrent Waves,ARX,I,/home/kaahin/degree_project/hybrid-epidemic-forecasting/results/partA/forecasts/partA_03_forecast_A3_ARX_I.mat,91,92,3,94,1.04369324004953,1.04086213425445,-0.00283110579508339,8.01516002295475e-06,0.00283110579508339,0.00221127283856175,0.00141555289754169,0.000480862005302374,0,0.00805431287068381,0,-0.7875,0.7875,0.00157588570711598
A3,Damped Recurrent Waves,ARX,I,/home/kaahin/degree_project/hybrid-epidemic-forecasting/results/partA/forecasts/partA_03_forecast_A3_ARX_I.mat,91,92,4,95,1.03572767878779,1.03090858578913,-0.00481909299865602,2.32236573296954e-05,0.00481909299865602,0.00383493691995046,0.00240954649932801,0.000760463914721771,0,0.0140872057257273,0,-0.7875,0.7875,0.00235484687934573
A3,Damped Recurrent Waves,ARX,I,/home/kaahin/degree_project/hybrid-epidemic-forecasting/results/partA/forecasts/partA_03_forecast_A3_ARX_I.mat,91,92,5,96,1.02804513112847,1.02049680044694,-0.00754833068152938,5.69772960777178e-05,0.00754833068152938,0.00617044679088084,0.00377416534076469,0.00105513908681642,0,0.0229377061313827,0,-0.7875,0.7875,0.00320088209810543
A3,Damped Recurrent Waves,ARX,I,/home/kaahin/degree_project/hybrid-epidemic-forecasting/results/partA/forecasts/partA_03_forecast_A3_ARX_I.mat,91,92,6,97,1.02069530264814,1.01010916391306,-0.0105861387350878,0.000112066333318527,0.0105861387350878,0.00901677609250339,0.00529306936754392,0.00129951724269095,0,0.0339829058060304,0,-0.7875,0.7875,0.00406129273284817
A3,Damped Recurrent Waves,ARX,I,/home/kaahin/degree_project/hybrid-epidemic-forecasting/results/partA/forecasts/partA_03_forecast_A3_ARX_I.mat,91,92,7,98,1.01372427613738,0.999355370225284,-0.0143689059120999,0.000206465457110781,0.0143689059120999,0.0124197014168581,0.00718445295604997,0.00162531337735013,0,0.0470788900424615,0,-0.7875,0.7875,0.00502296528646712
A3,Damped Recurrent Waves,ARX,I,/home/kaahin/degree_project/hybrid-epidemic-forecasting/results/partA/forecasts/partA_03_forecast_A3_ARX_I.mat,91,92,8,99,1.0071743843033,0.988532893054259,-0.0186414912490411,0.000347505195988077,0.0186414912490411,0.0162711085521476,0.00932074562452057,0.00203703119197188,0,0.061862211668172,0,-0.7875,0.7875,0.00619924770327529
A3,Damped Recurrent Waves,ARX,I,/home/kaahin/degree_project/hybrid-epidemic-forecasting/results/partA/forecasts/partA_03_forecast_A3_ARX_I.mat,91,92,9,100,1.00108413537008,0.977334519501812,-0.0237496158682643,0.000564044253890111,0.0237496158682643,0.0208199840099773,0.0118748079341321,0.00240149295855051,0,0.0794136271522153,0,-0.7875,0.7875,0.00739021701390374
A3,Damped Recurrent Waves,ARX,I,/home/kaahin/degree_project/hybrid-epidemic-forecasting/results/partA/forecasts/partA_03_forecast_A3_ARX_I.mat,91,92,10,101,0.995488185141505,0.966163246933556,-0.029324938207949,0.000859952000900028,0.029324938207949,0.0258882701086444,0.0146624691039745,0.00283938130263404,0,0.0989953650822915,0,-0.7875,0.7875,0.00865286719248751
A3,Damped Recurrent Waves,ARX,I,/home/kaahin/degree_project/hybrid-epidemic-forecasting/results/partA/forecasts/partA_03_forecast_A3_ARX_I.mat,91,92,11,102,0.990417348273686,0.95491681202526,-0.035500536248426,0.00126028807392581,0.035500536248426,0.0315845561558339,0.017750268124213,0.00324941116004358,0,0.121130823416996,0,-0.7875,0.7875,0.00983070083876769
A3,Damped Recurrent Waves,ARX,I,/home/kaahin/degree_project/hybrid-epidemic-forecasting/results/partA/forecasts/partA_03_forecast_A3_ARX_I.mat,91,92,12,103,0.98589864096179,0.943659151234713,-0.0422394897270767,0.00178417449240382,0.0422394897270767,0.0380542577947826,0.0211197448635383,0.00359200565163779,0,0.146532409561346,0,-0.7875,0.7875,0.010779493464448
A3,Damped Recurrent Waves,ARX,I,/home/kaahin/degree_project/hybrid-epidemic-forecasting/results/partA/forecasts/partA_03_forecast_A3_ARX_I.mat,91,92,13,104,0.981955346980157,0.932471582916038,-0.0494837640641183,0.00244864290595332,0.0494837640641183,0.0450230545936129,0.0247418820320591,0.0038907586386942,0,0.173971105000505,0,-0.7875,0.7875,0.0116697731959812
A3,Damped Recurrent Waves,ARX,I,/home/kaahin/degree_project/hybrid-epidemic-forecasting/results/partA/forecasts/partA_03_forecast_A3_ARX_I.mat,91,92,14,105,0.97860709902998,0.921269148223428,-0.057337950806552,0.00328764060269458,0.057337950806552,0.0526081714834633,0.028668975403276,0.0041961705358646,0,0.203871625736444,0,-0.7875,0.7875,0.0125280157104962
A3,Damped Recurrent Waves,ARX,I,/home/kaahin/degree_project/hybrid-epidemic-forecasting/results/partA/forecasts/partA_03_forecast_A3_ARX_I.mat,98,99,1,99,1.0071743843033,1.00660927444585,-0.000565109857447732,3.19349150984596e-07,0.000565109857447732,0.000287698809560482,0.000282554928723866,0.000173554994430913,0,0.00083853471986739,0,-0.7875,0.7875,0.000505228314795048
A3,Damped Recurrent Waves,ARX,I,/home/kaahin/degree_project/hybrid-epidemic-forecasting/results/partA/forecasts/partA_03_forecast_A3_ARX_I.mat,98,99,2,100,1.00108413537008,0.999414380109593,-0.00166975526048263,2.78808262990942e-06,0.00166975526048263,0.0010500496298553,0.000834877630241315,0.000445094037710769,0,0.00344525166639675,0,-0.7875,0.7875,0.00125581755581872
A3,Damped Recurrent Waves,ARX,I,/home/kaahin/degree_project/hybrid-epidemic-forecasting/results/partA/forecasts/partA_03_forecast_A3_ARX_I.mat,98,99,3,101,0.995488185141505,0.992244730186581,-0.00324345495492417,1.05200000446222e-05,0.00324345495492417,0.00229828299771677,0.00162172747746209,0.000689981990860047,0,0.00803056402140334,0,-0.7875,0.7875,0.00212934013425353
A3,Damped Recurrent Waves,ARX,I,/home/kaahin/degree_project/hybrid-epidemic-forecasting/results/partA/forecasts/partA_03_forecast_A3_ARX_I.mat,98,99,4,102,0.990417348273686,0.985150290281278,-0.00526705799240812,2.77418998953903e-05,0.00526705799240812,0.00399006921747174,0.00263352899620406,0.00100607872587353,0,0.0143157037565452,0,-0.7875,0.7875,0.00315361079973117
A3,Damped Recurrent Waves,ARX,I,/home/kaahin/degree_project/hybrid-epidemic-forecasting/results/partA/forecasts/partA_03_forecast_A3_ARX_I.mat,98,99,5,103,0.98589864096179,0.977909738550934,-0.00798890241085581,6.38225617301778e-05,0.00798890241085581,0.00628134904869195,0.00399445120542791,0.00140967827754251,0,0.0228619412361434,0,-0.7875,0.7875,0.00427019830795419
A3,Damped Recurrent Waves,ARX,I,/home/kaahin/degree_project/hybrid-epidemic-forecasting/results/partA/forecasts/partA_03_forecast_A3_ARX_I.mat,98,99,6,104,0.981955346980157,0.970897025591109,-0.0110583213890476,0.000122286471943468,0.0110583213890476,0.0091179293537751,0.0055291606945238,0.00184843535861527,0,0.0336530860388489,0,-0.7875,0.7875,0.00546949689402662
A3,Damped Recurrent Waves,ARX,I,/home/kaahin/degree_project/hybrid-epidemic-forecasting/results/partA/forecasts/partA_03_forecast_A3_ARX_I.mat,98,99,7,105,0.97860709902998,0.964059056085302,-0.0145480429446778,0.00021164555352019,0.0145480429446778,0.0125327012870785,0.00727402147233891,0.00223128103688471,0,0.0468918532826297,0,-0.7875,0.7875,0.00661315420253875
A3,Damped Recurrent Waves,ARX,I,/home/kaahin/degree_project/hybrid-epidemic-forecasting/results/partA/forecasts/partA_03_forecast_A3_ARX_I.mat,98,99,8,106,0.975869967635345,0.956973143514055,-0.0188968241212893,0.000357089961870943,0.0188968241212893,0.0164812460480339,0.00944841206064467,0.00260813089368022,0,0.0621090642618276,0,-0.7875,0.7875,0.00780486175667988
A3,Damped Recurrent Waves,ARX,I,/home/kaahin/degree_project/hybrid-epidemic-forecasting/results/partA/forecasts/partA_03_forecast_A3_ARX_I.mat,98,99,9,107,0.973756550370824,0.950197776719534,-0.0235587736512904,0.000555015815952737,0.0235587736512904,0.0209619805459919,0.0117793868256452,0.00289994810197432,0,0.0796495775293441,0,-0.7875,0.7875,0.00892600027246629
A3,Damped Recurrent Waves,ARX,I,/home/kaahin/degree_project/hybrid-epidemic-forecasting/results/partA/forecasts/partA_03_forecast_A3_ARX_I.mat,98,99,10,108,0.972276054979677,0.943523246619375,-0.0287528083603018,0.000826723988604241,0.0287528083603018,0.0258286561494608,0.0143764041801509,0.00329478106587703,0,0.0985577674265458,0,-0.7875,0.7875,0.0102118854223324
A3,Damped Recurrent Waves,ARX,I,/home/kaahin/degree_project/hybrid-epidemic-forecasting/results/partA/forecasts/partA_03_forecast_A3_ARX_I.mat,98,99,11,109,0.97143437092219,0.936726556060446,-0.0347078148617439,0.00120463241247709,0.0347078148617439,0.0313429642640162,0.017353907430872,0.00382616336019516,0,0.119863268397006,0,-0.7875,0.7875,0.0116236278580371
A3,Damped Recurrent Waves,ARX,I,/home/kaahin/degree_project/hybrid-epidemic-forecasting/results/partA/forecasts/partA_03_forecast_A3_ARX_I.mat,98,99,12,110,0.971234125044821,0.93027829063461,-0.0409558344102112,0.00167738037223664,0.0409558344102112,0.0374713290092564,0.0204779172051056,0.00427291556540684,0,0.143870147771141,0,-0.7875,0.7875,0.0129554540006342
A3,Damped Recurrent Waves,ARX,I,/home/kaahin/degree_project/hybrid-epidemic-forecasting/results/partA/forecasts/partA_03_forecast_A3_ARX_I.mat,98,99,13,111,0.971674718344115,0.923770666770243,-0.0479040515738723,0.00229479815719222,0.0479040515738723,0.0441356293822554,0.0239520257869362,0.00472925780564401,0,0.169929048627569,0,-0.7875,0.7875,0.0142425367479568
A3,Damped Recurrent Waves,ARX,I,/home/kaahin/degree_project/hybrid-epidemic-forecasting/results/partA/forecasts/partA_03_forecast_A3_ARX_I.mat,98,99,14,112,0.97275234217318,0.917070756677411,-0.0556815854957682,0.00310043896332254,0.0556815854957682,0.0512286074088923,0.0278407927478841,0.00523291791712483,0,0.197455022675006,0,-0.7875,0.7875,0.0156343943955829
A3,Damped Recurrent Waves,ARX,I,/home/kaahin/degree_project/hybrid-epidemic-forecasting/results/partA/forecasts/partA_03_forecast_A3_ARX_I.mat,105,106,1,106,0.975869967635345,0.975279085285092,-0.000590882350252397,3.49141951839797e-07,0.000590882350252397,0.000294648849341345,0.000295441175126199,0.000207181087869207,0,0.000823297559040648,0,-0.7875,0.7875,0.000564815168849875
A3,Damped Recurrent Waves,ARX,I,/home/kaahin/degree_project/hybrid-epidemic-forecasting/results/partA/forecasts/partA_03_forecast_A3_ARX_I.mat,105,106,2,107,0.973756550370824,0.972198840135055,-0.00155771023576912,2.42646117861988e-06,0.00155771023576912,0.00100196104884439,0.000778855117884558,0.000475030311694818,0,0.00325493929022036,0,-0.7875,0.7875,0.00136151018111652
A3,Damped Recurrent Waves,ARX,I,/home/kaahin/degree_project/hybrid-epidemic-forecasting/results/partA/forecasts/partA_03_forecast_A3_ARX_I.mat,105,106,3,108,0.972276054979677,0.969269512394431,-0.00300654258524602,9.03929831689782e-06,0.00300654258524602,0.00212629361207133,0.00150327129262301,0.000801781572907892,0,0.0072632683887901,0,-0.7875,0.7875,0.00239195061973105
A3,Damped Recurrent Waves,ARX,I,/home/kaahin/degree_project/hybrid-epidemic-forecasting/results/partA/forecasts/partA_03_forecast_A3_ARX_I.mat,105,106,4,109,0.97143437092219,0.966480512933559,-0.00495385798863079,2.45407089715211e-05,0.00495385798863079,0.00377482831558183,0.0024769289943154,0.00110426168509642,0,0.0134055367407064,0,-0.7875,0.7875,0.00343726812135017
A3,Damped Recurrent Waves,ARX,I,/home/kaahin/degree_project/hybrid-epidemic-forecasting/results/partA/forecasts/partA_03_forecast_A3_ARX_I.mat,105,106,5,110,0.971234125044821,0.963538277869686,-0.00769584717513494,5.92260637430324e-05,0.00769584717513494,0.00590574896490618,0.00384792358756747,0.00143067795928569,0,0.0212972687952246,0,-0.7875,0.7875,0.00454807799434689
A3,Damped Recurrent Waves,ARX,I,/home/kaahin/degree_project/hybrid-epidemic-forecasting/results/partA/forecasts/partA_03_forecast_A3_ARX_I.mat,105,106,6,111,0.971674718344115,0.96095063522876,-0.0107240831153559,0.000115005958665061,0.0107240831153559,0.00862133735917529,0.00536204155767794,0.00170872620819235,0,0.0317252503504185,0,-0.7875,0.7875,0.00555497884609013
A3,Damped Recurrent Waves,ARX,I,/home/kaahin/degree_project/hybrid-epidemic-forecasting/results/partA/forecasts/partA_03_forecast_A3_ARX_I.mat,105,106,7,112,0.97275234217318,0.958572570526252,-0.0141797716469276,0.000201065923959013,0.0141797716469276,0.0118093020239455,0.00708988582346382,0.00211398455827521,0,0.0439379887260155,0,-0.7875,0.7875,0.00678700832361975
A3,Damped Recurrent Waves,ARX,I,/home/kaahin/degree_project/hybrid-epidemic-forecasting/results/partA/forecasts/partA_03_forecast_A3_ARX_I.mat,105,106,8,113,0.974459973658929,0.956123041228491,-0.0183369324304385,0.000336243090958469,0.0183369324304385,0.015352709874379,0.00916846621521927,0.00258245670470006,0,0.0573362715147864,0,-0.7875,0.7875,0.00819968594626999
A3,Damped Recurrent Waves,ARX,I,/home/kaahin/degree_project/hybrid-epidemic-forecasting/results/partA/forecasts/partA_03_forecast_A3_ARX_I.mat,105,106,9,114,0.976787351520342,0.954241059372185,-0.022546292148157,0.000508335289630044,0.022546292148157,0.0192618791083665,0.0112731460740785,0.00297659849749275,0,0.072428711416078,0,-0.7875,0.7875,0.0096663757130821
A3,Damped Recurrent Waves,ARX,I,/home/kaahin/degree_project/hybrid-epidemic-forecasting/results/partA/forecasts/partA_03_forecast_A3_ARX_I.mat,105,106,10,115,0.979720934856715,0.952386599901095,-0.02733433495562,0.000747165867466029,0.02733433495562,0.023504618432981,0.01366716747781,0.00351762025313544,0,0.088585995217469,0,-0.7875,0.7875,0.0112765081969693
A3,Damped Recurrent Waves,ARX,I,/home/kaahin/degree_project/hybrid-epidemic-forecasting/results/partA/forecasts/partA_03_forecast_A3_ARX_I.mat,105,106,11,116,0.983243848766763,0.950340673654432,-0.0329031751123312,0.00108261893247273,0.0329031751123312,0.0281920614156668,0.0164515875561656,0.00390712119297214,0,0.106505567621363,0,-0.7875,0.7875,0.0128230210514248
A3,Damped Recurrent Waves,ARX,I,/home/kaahin/degree_project/hybrid-epidemic-forecasting/results/partA/forecasts/partA_03_forecast_A3_ARX_I.mat,105,106,12,117,0.987335821822896,0.94829970710636,-0.0390361147165355,0.00152381825216252,0.0390361147165355,0.0332186589326451,0.0195180573582677,0.00442060148025387,0,0.125545306358382,0,-0.7875,0.7875,0.0145094186166163
A3,Damped Recurrent Waves,ARX,I,/home/kaahin/degree_project/hybrid-epidemic-forecasting/results/partA/forecasts/partA_03_forecast_A3_ARX_I.mat,105,106,13,118,0.991973121422405,0.94680013781005,-0.0451729836123541,0.00204059844844201,0.0451729836123541,0.0386485526495524,0.0225864918061771,0.00488579774634623,0,0.146446197370463,0,-0.7875,0.7875,0.0160292887462768
A3,Damped Recurrent Waves,ARX,I,/home/kaahin/degree_project/hybrid-epidemic-forecasting/results/partA/forecasts/partA_03_forecast_A3_ARX_I.mat,105,106,14,119,0.997128493834903,0.945711910709851,-0.0514165831250522,0.0026436650202554,0.0514165831250522,0.0443919226303313,0.0257082915625261,0.00526108647577328,0,0.168794273798192,0,-0.7875,0.7875,0.0174865594930495
A3,Damped Recurrent Waves,ARX,I,/home/kaahin/degree_project/hybrid-epidemic-forecasting/results/partA/forecasts/partA_03_forecast_A3_ARX_I.mat,112,113,1,113,0.974459973658929,0.974052014180182,-0.00040795947874761,1.66430936300022e-07,0.00040795947874761,0.000160259909557935,0.000203979739373805,0.000239144912404279,0,0.000278044941232625,0.5,-0.2875,0.3625,0.000682911452415447
A3,Damped Recurrent Waves,ARX,I,/home/kaahin/degree_project/hybrid-epidemic-forecasting/results/partA/forecasts/partA_03_forecast_A3_ARX_I.mat,112,113,2,114,0.976787351520342,0.975469259821359,-0.001318091698983,1.7373657269279e-06,0.001318091698983,0.000638950276036873,0.000659045849491502,0.000576251809750342,0,0.00163997858292408,0.25,-0.5375,0.5625,0.00176329985531137
A3,Damped Recurrent Waves,ARX,I,/home/kaahin/degree_project/hybrid-epidemic-forecasting/results/partA/forecasts/partA_03_forecast_A3_ARX_I.mat,112,113,3,115,0.979720934856715,0.977076780429722,-0.00264415442699306,6.99155263378701e-06,0.00264415442699306,0.00162477343985456,0.00132207721349653,0.000874554659350083,0,0.00511484860649891,0,-0.7875,0.7875,0.00278653782370017
A3,Damped Recurrent Waves,ARX,I,/home/kaahin/degree_project/hybrid-epidemic-forecasting/results/partA/forecasts/partA_03_forecast_A3_ARX_I.mat,112,113,4,116,0.983243848766763,0.978604512558542,-0.00463933620822155,2.15234404529155e-05,0.00463933620822155,0.0031306851158546,0.00231966810411077,0.00120761689710538,0,0.0105607980201295,0,-0.7875,0.7875,0.00388831170004025
A3,Damped Recurrent Waves,ARX,I,/home/kaahin/degree_project/hybrid-epidemic-forecasting/results/partA/forecasts/partA_03_forecast_A3_ARX_I.mat,112,113,5,117,0.987335821822896,0.9802928319858,-0.00704298983709561,4.96037058454321e-05,0.00704298983709561,0.00492724066775478,0.00352149491854781,0.00164618750917498,0,0.0170049005771737,0,-0.7875,0.7875,0.00528984225904239
A3,Damped Recurrent Waves,ARX,I,/home/kaahin/degree_project/hybrid-epidemic-forecasting/results/partA/forecasts/partA_03_forecast_A3_ARX_I.mat,112,113,6,118,0.991973121422405,0.982014276631576,-0.00995884479082876,9.91785895678171e-05,0.00995884479082876,0.00721477596483057,0.00497942239541438,0.00211094375045287,0,0.0253761256958703,0,-0.7875,0.7875,0.00673029082565571
A3,Damped Recurrent Waves,ARX,I,/home/kaahin/degree_project/hybrid-epidemic-forecasting/results/partA/forecasts/partA_03_forecast_A3_ARX_I.mat,112,113,7,119,0.997128493834903,0.983996593700954,-0.0131319001339495,0.000172446801128023,0.0131319001339495,0.00978980671376452,0.00656595006697475,0.00255518342400264,0,0.0349329967209629,0,-0.7875,0.7875,0.00814963388035983
A3,Damped Recurrent Waves,ARX,I,/home/kaahin/degree_project/hybrid-epidemic-forecasting/results/partA/forecasts/partA_03_forecast_A3_ARX_I.mat,112,113,8,120,1.00277111633519,0.986225522242066,-0.0165455940931221,0.000273756683894356,0.0165455940931221,0.0127462851244246,0.00827279704656103,0.00296510359770316,0,0.0461203824156466,0,-0.7875,0.7875,0.00959312432648912
A3,Damped Recurrent Waves,ARX,I,/home/kaahin/degree_project/hybrid-epidemic-forecasting/results/partA/forecasts/partA_03_forecast_A3_ARX_I.mat,112,113,9,121,1.00886656913064,0.988357318692502,-0.0205092504381419,0.000420629353534423,0.0205092504381419,0.0160986073180243,0.0102546252190709,0.00343703909335542,0,0.0587520686186828,0,-0.7875,0.7875,0.0110636011033174
A3,Damped Recurrent Waves,ARX,I,/home/kaahin/degree_project/hybrid-epidemic-forecasting/results/partA/forecasts/partA_03_forecast_A3_ARX_I.mat,112,113,10,122,1.01537683484735,0.990731709549059,-0.0246451252982869,0.00060738220096826,0.0246451252982869,0.0195307197607399,0.0123225626491434,0.00392482654445822,0,0.0716408497297278,0,-0.7875,0.7875,0.0128528556810286
A3,Damped Recurrent Waves,ARX,I,/home/kaahin/degree_project/hybrid-epidemic-forecasting/results/partA/forecasts/partA_03_forecast_A3_ARX_I.mat,112,113,11,123,1.02226033312135,0.993095552541222,-0.0291647805801281,0.000850584426287015,0.0291647805801281,0.0234587831290357,0.014582390290064,0.00438744955815551,0,0.0865946842324412,0,-0.7875,0.7875,0.0145137120361203
A3,Damped Recurrent Waves,ARX,I,/home/kaahin/degree_project/hybrid-epidemic-forecasting/results/partA/forecasts/partA_03_forecast_A3_ARX_I.mat,112,113,12,124,1.02947199735146,0.995516330606323,-0.0339556667451408,0.00115298730410706,0.0339556667451408,0.0276905238305677,0.0169778333725704,0.00486695626668321,0,0.102762567598301,0,-0.7875,0.7875,0.016068507103531
A3,Damped Recurrent Waves,ARX,I,/home/kaahin/degree_project/hybrid-epidemic-forecasting/results/partA/forecasts/partA_03_forecast_A3_ARX_I.mat,112,113,13,125,1.036963399915,0.998072340768132,-0.0388910591468666,0.00151251448156508,0.0388910591468666,0.0321419743287116,0.0194455295734333,0.0054822678674699,0,0.119711087038299,0,-0.7875,0.7875,0.0178631328794457
A3,Damped Recurrent Waves,ARX,I,/home/kaahin/degree_project/hybrid-epidemic-forecasting/results/partA/forecasts/partA_03_forecast_A3_ARX_I.mat,112,113,14,126,1.0446829311448,1.00045752088638,-0.0442254102584185,0.00195588691252543,0.0442254102584185,0.0369504967077465,0.0221127051292093,0.00606682428702387,0,0.138097705768626,0,-0.7875,0.7875,0.0194781465161222
A3,Damped Recurrent Waves,ARX,I,/home/kaahin/degree_project/hybrid-epidemic-forecasting/results/partA/forecasts/partA_03_forecast_A3_ARX_I.mat,119,120,1,120,1.00277111633519,1.00248946129867,-0.000281655036512785,7.9329559593018e-08,0.000281655036512785,0.000112690606165669,0.000140827518256392,0.000240032628438497,0,0.00012624758105062,0.75,-0.0375,0.2125,0.000711365163980626
A3,Damped Recurrent Waves,ARX,I,/home/kaahin/degree_project/hybrid-epidemic-forecasting/results/partA/forecasts/partA_03_forecast_A3_ARX_I.mat,119,120,2,121,1.00886656913064,1.00792977780909,-0.000936791321556996,8.77577980144502e-07,0.000936791321556996,0.000382162933201593,0.000468395660778498,0.000521170586029474,0,0.000730166952599198,0.25,-0.5375,0.5625,0.00152203672440593
A3,Damped Recurrent Waves,ARX,I,/home/kaahin/degree_project/hybrid-epidemic-forecasting/results/partA/forecasts/partA_03_forecast_A3_ARX_I.mat,119,120,3,122,1.01537683484735,1.01369527681365,-0.00168155803369063,2.82763742066951e-06,0.00168155803369063,0.000860158095413408,0.000840779016845317,0.000823299932552463,0,0.00220663247996256,0,-0.7875,0.7875,0.00253716453798403
A3,Damped Recurrent Waves,ARX,I,/home/kaahin/degree_project/hybrid-epidemic-forecasting/results/partA/forecasts/partA_03_forecast_A3_ARX_I.mat,119,120,4,123,1.02226033312135,1.0192939863229,-0.00296634679844932,8.7992133286705e-06,0.00296634679844932,0.00137148385219199,0.00148317339922466,0.00124206670024045,0,0.00344643723539884,0,-0.7875,0.7875,0.00394452750693269
A3,Damped Recurrent Waves,ARX,I,/home/kaahin/degree_project/hybrid-epidemic-forecasting/results/partA/forecasts/partA_03_forecast_A3_ARX_I.mat,119,120,5,124,1.02947199735146,1.02489315475826,-0.00457884259320163,2.09657994933174e-05,0.00457884259320163,0.002251681554535,0.00228942129660081,0.0015463393623095,0,0.00629680633649721,0,-0.7875,0.7875,0.00514831084544914
A3,Damped Recurrent Waves,ARX,I,/home/kaahin/degree_project/hybrid-epidemic-forecasting/results/partA/forecasts/partA_03_forecast_A3_ARX_I.mat,119,120,6,125,1.036963399915,1.03095047303672,-0.00601292687828137,3.61552896435585e-05,0.00601292687828137,0.00331651735199837,0.00300646343914068,0.0020034846242426,0,0.0099143800206094,0,-0.7875,0.7875,0.00664764184094802
A3,Damped Recurrent Waves,ARX,I,/home/kaahin/degree_project/hybrid-epidemic-forecasting/results/partA/forecasts/partA_03_forecast_A3_ARX_I.mat,119,120,7,126,1.0446829311448,1.03669126213335,-0.00799166901144388,6.38667735884724e-05,0.00799166901144388,0.00440934781520601,0.00399583450572194,0.002514054334588,0,0.0133321763281171,0,-0.7875,0.7875,0.00826009975151765
A3,Damped Recurrent Waves,ARX,I,/home/kaahin/degree_project/hybrid-epidemic-forecasting/results/partA/forecasts/partA_03_forecast_A3_ARX_I.mat,119,120,8,127,1.05257603613776,1.04257895411493,-0.00999708202282701,9.9941648971131e-05,0.00999708202282701,0.00572997293572735,0.0049985410114135,0.00292365723192005,0,0.0178626799674395,0,-0.7875,0.7875,0.00962040282543342
A3,Damped Recurrent Waves,ARX,I,/home/kaahin/degree_project/hybrid-epidemic-forecasting/results/partA/forecasts/partA_03_forecast_A3_ARX_I.mat,119,120,9,128,1.06058551204334,1.04835674258736,-0.0122287694559742,0.000149542802407367,0.0122287694559742,0.00708019150205137,0.00611438472798709,0.00345416537596761,0,0.0222923116552765,0,-0.7875,0.7875,0.0112477734270168
A3,Damped Recurrent Waves,ARX,I,/home/kaahin/degree_project/hybrid-epidemic-forecasting/results/partA/forecasts/partA_03_forecast_A3_ARX_I.mat,119,120,10,129,1.06865186690258,1.05476834941269,-0.0138835174898941,0.000192752057892196,0.0138835174898941,0.00846216939479877,0.00694175874494707,0.00403076505389921,0,0.0271072384777482,0,-0.7875,0.7875,0.0129568741264873
A3,Damped Recurrent Waves,ARX,I,/home/kaahin/degree_project/hybrid-epidemic-forecasting/results/partA/forecasts/partA_03_forecast_A3_ARX_I.mat,119,120,11,130,1.07671373941731,1.06041556655825,-0.0162981728590561,0.000265630438543673,0.0162981728590561,0.00980136929329633,0.00814908642952805,0.00462492972145386,0,0.0313321456688516,0,-0.7875,0.7875,0.0148629171439314
A3,Damped Recurrent Waves,ARX,I,/home/kaahin/degree_project/hybrid-epidemic-forecasting/results/partA/forecasts/partA_03_forecast_A3_ARX_I.mat,119,120,12,131,1.08470837727307,1.06605859469454,-0.0186497825785308,0.00034781439022647,0.0186497825785308,0.0109550358963905,0.00932489128926539,0.00533608995960112,0,0.0346366802848905,0,-0.7875,0.7875,0.0171472161375217
A3,Damped Recurrent Waves,ARX,I,/home/kaahin/degree_project/hybrid-epidemic-forecasting/results/partA/forecasts/partA_03_forecast_A3_ARX_I.mat,119,120,13,132,1.09257216986955,1.07217725261486,-0.0203949172546865,0.000415952649825507,0.0203949172546865,0.0118380618807154,0.0101974586273432,0.00596924125144188,0,0.0371045785844344,0,-0.7875,0.7875,0.0195605120121844
A3,Damped Recurrent Waves,ARX,I,/home/kaahin/degree_project/hybrid-epidemic-forecasting/results/partA/forecasts/partA_03_forecast_A3_ARX_I.mat,119,120,14,133,1.10024122958024,1.07786160050592,-0.0223796290743121,0.000500847797503797,0.0223796290743121,0.012731734290708,0.0111898145371561,0.00671798806479286,0,0.0393850017062369,0,-0.7875,0.7875,0.022051996243605
A3,Damped Recurrent Waves,ARX,I,/home/kaahin/degree_project/hybrid-epidemic-forecasting/results/partA/forecasts/partA_03_forecast_A3_ARX_I.mat,126,127,1,127,1.05257603613776,1.05253065833474,-4.5377803012947e-05,2.05914500628182e-09,4.5377803012947e-05,6.86687265517954e-05,2.26889015064735e-05,0.000286320367976606,0,0,1,0.2125,0.2125,0.000788401281758777
A3,Damped Recurrent Waves,ARX,I,/home/kaahin/degree_project/hybrid-epidemic-forecasting/results/partA/forecasts/partA_03_forecast_A3_ARX_I.mat,126,127,2,128,1.06058551204334,1.06044577014185,-0.000139741901483248,1.95277990301538e-08,0.000139741901483248,0.0001553879282071,6.9870950741624e-05,0.000629374726190324,0,0,1,0.2125,0.2125,0.00198529589351526
A3,Damped Recurrent Waves,ARX,I,/home/kaahin/degree_project/hybrid-epidemic-forecasting/results/partA/forecasts/partA_03_forecast_A3_ARX_I.mat,126,127,3,129,1.06865186690258,1.06828130808026,-0.000370558822320399,1.37313840799481e-07,0.000370558822320399,0.00026985671406822,0.0001852794111602,0.00102907580214679,0,0,1,0.2125,0.2125,0.00328457233813928
A3,Damped Recurrent Waves,ARX,I,/home/kaahin/degree_project/hybrid-epidemic-forecasting/results/partA/forecasts/partA_03_forecast_A3_ARX_I.mat,126,127,4,130,1.07671373941731,1.07604384841136,-0.000669891005942613,4.48753959842806e-07,0.000669891005942613,0.000413447830246115,0.000334945502971307,0.00152556973313621,0,0,1,0.2125,0.2125,0.00467012433877617
A3,Damped Recurrent Waves,ARX,I,/home/kaahin/degree_project/hybrid-epidemic-forecasting/results/partA/forecasts/partA_03_forecast_A3_ARX_I.mat,126,127,5,131,1.08470837727307,1.08394443665411,-0.000763940618962788,5.83605269301248e-07,0.000763940618962788,0.000507841977304134,0.000381970309481394,0.00190331858838721,0,0,1,0.2125,0.2125,0.00599858391845803
A3,Damped Recurrent Waves,ARX,I,/home/kaahin/degree_project/hybrid-epidemic-forecasting/results/partA/forecasts/partA_03_forecast_A3_ARX_I.mat,126,127,6,132,1.09257216986955,1.09178434030582,-0.000787829563722031,6.20675421474446e-07,0.000787829563722031,0.000645898984882755,0.000393914781861016,0.00251263065011138,0,0,1,0.2125,0.2125,0.00788918852471865
A3,Damped Recurrent Waves,ARX,I,/home/kaahin/degree_project/hybrid-epidemic-forecasting/results/partA/forecasts/partA_03_forecast_A3_ARX_I.mat,126,127,7,133,1.10024122958024,1.09940068205688,-0.000840547523357271,7.06520139022042e-07,0.000840547523357271,0.000783679122109218,0.000420273761678636,0.00310628228781284,0,0,1,0.2125,0.2125,0.0099867077886428
A3,Damped Recurrent Waves,ARX,I,/home/kaahin/degree_project/hybrid-epidemic-forecasting/results/partA/forecasts/partA_03_forecast_A3_ARX_I.mat,126,127,8,134,1.10765201402401,1.10729802900675,-0.000353985017262914,1.25305392446626e-07,0.000353985017262914,0.000897342038574604,0.000176992508631457,0.00386104666495426,0,0,1,0.2125,0.2125,0.0123510814054406
A3,Damped Recurrent Waves,ARX,I,/home/kaahin/degree_project/hybrid-epidemic-forecasting/results/partA/forecasts/partA_03_forecast_A3_ARX_I.mat,126,127,9,135,1.11474198033424,1.11509996399546,0.000357983661223304,1.28152301702842e-07,0.000357983661223304,0.00106185819700468,0.000178991830611652,0.00459937005590941,0,0,1,0.2125,0.2125,0.0147151907100277
A3,Damped Recurrent Waves,ARX,I,/home/kaahin/degree_project/hybrid-epidemic-forecasting/results/partA/forecasts/partA_03_forecast_A3_ARX_I.mat,126,127,10,136,1.12145026110684,1.12301532826749,0.00156506716065619,2.44943521736442e-06,0.00156506716065619,0.00133122183125283,0.000782533580328093,0.00520796466030965,0,0,1,0.2125,0.2125,0.0168710649794682
A3,Damped Recurrent Waves,ARX,I,/home/kaahin/degree_project/hybrid-epidemic-forecasting/results/partA/forecasts/partA_03_forecast_A3_ARX_I.mat,126,127,11,137,1.12771835063922,1.13072098856141,0.00300263792219146,9.01583449178227e-06,0.00300263792219146,0.00168404981414017,0.00150131896109573,0.00607690520253502,0,0,1,0.2125,0.2125,0.019406689079105
A3,Damped Recurrent Waves,ARX,I,/home/kaahin/degree_project/hybrid-epidemic-forecasting/results/partA/forecasts/partA_03_forecast_A3_ARX_I.mat,126,127,12,138,1.13349078927649,1.13802445347585,0.00453366419936585,2.05541110726116e-05,0.00453366419936585,0.00206653534924313,0.00226683209968292,0.00703257697191114,0,0,1,0.2125,0.2125,0.0220074059776829
A3,Damped Recurrent Waves,ARX,I,/home/kaahin/degree_project/hybrid-epidemic-forecasting/results/partA/forecasts/partA_03_forecast_A3_ARX_I.mat,126,127,13,139,1.13871583318829,1.14493022958049,0.00621439639219723,3.8618722519354e-05,0.00621439639219723,0.00245178001432339,0.00310719819609862,0.00792581186835663,0,0,1,0.2125,0.2125,0.0245198959310651
A3,Damped Recurrent Waves,ARX,I,/home/kaahin/degree_project/hybrid-epidemic-forecasting/results/partA/forecasts/partA_03_forecast_A3_ARX_I.mat,126,127,14,140,1.14334609673203,1.15185081869923,0.00850472196719476,7.23302957392851e-05,0.00850472196719476,0.00286457157810303,0.00425236098359738,0.00863821111786626,0,0,1,0.2125,0.2125,0.0266563977366385
A3,Damped Recurrent Waves,ARX,I,/home/kaahin/degree_project/hybrid-epidemic-forecasting/results/partA/forecasts/partA_03_forecast_A3_ARX_I.mat,133,134,1,134,1.10765201402401,1.10790337084416,0.000251356820150317,6.31802510360788e-08,0.000251356820150317,8.87722267729867e-05,0.000125678410075158,0.000273796610403282,0,0,1,0.2125,0.2125,0.000772412447741067
A3,Damped Recurrent Waves,ARX,I,/home/kaahin/degree_project/hybrid-epidemic-forecasting/results/partA/forecasts/partA_03_forecast_A3_ARX_I.mat,133,134,2,135,1.11474198033424,1.11531867514531,0.000576694811070144,3.32576905115229e-07,0.000576694811070144,0.000233759201400616,0.000288347405535072,0.000592220078368361,0.000171348922399339,0,0.75,-0.0375,0.2125,0.00181192093704852
A3,Damped Recurrent Waves,ARX,I,/home/kaahin/degree_project/hybrid-epidemic-forecasting/results/partA/forecasts/partA_03_forecast_A3_ARX_I.mat,133,134,3,136,1.12145026110684,1.12273969871314,0.00128943760629974,1.66264934054e-06,0.00128943760629974,0.000470479892222154,0.000644718803149869,0.000961640380176437,0.000510800331673389,0,0.75,-0.0375,0.2125,0.00295264332086392
A3,Damped Recurrent Waves,ARX,I,/home/kaahin/degree_project/hybrid-epidemic-forecasting/results/partA/forecasts/partA_03_forecast_A3_ARX_I.mat,133,134,4,137,1.12771835063922,1.12993071523934,0.0022123646001222,4.89455712387385e-06,0.0022123646001222,0.000802920039997763,0.0011061823000611,0.00135457849502641,0.00115237938490242,0,0.5,-0.2875,0.3625,0.00409706174086438
A3,Damped Recurrent Waves,ARX,I,/home/kaahin/degree_project/hybrid-epidemic-forecasting/results/partA/forecasts/partA_03_forecast_A3_ARX_I.mat,133,134,5,138,1.13349078927649,1.13686199753787,0.0033712082613786,1.13650451415873e-05,0.0033712082613786,0.00129797273955853,0.0016856041306893,0.00175889505399936,0.00239637814332472,0,0.5,-0.2875,0.3625,0.00560242114672838
A3,Damped Recurrent Waves,ARX,I,/home/kaahin/degree_project/hybrid-epidemic-forecasting/results/partA/forecasts/partA_03_forecast_A3_ARX_I.mat,133,134,6,139,1.13871583318829,1.14354234698052,0.00482651379222809,2.3295235386568e-05,0.00482651379222809,0.00209260164367064,0.00241325689611405,0.00230991860300966,0.00469353189739419,0,0,-0.7875,0.7875,0.00727864339371859
A3,Damped Recurrent Waves,ARX,I,/home/kaahin/degree_project/hybrid-epidemic-forecasting/results/partA/forecasts/partA_03_forecast_A3_ARX_I.mat,133,134,7,140,1.14334609673203,1.15047945739727,0.00713336066524128,5.08848343804116e-05,0.00713336066524128,0.00352978033144526,0.00356668033262064,0.00280404928647885,0.00951328187240419,0,0,-0.7875,0.7875,0.0088457171682923
A3,Damped Recurrent Waves,ARX,I,/home/kaahin/degree_project/hybrid-epidemic-forecasting/results/partA/forecasts/partA_03_forecast_A3_ARX_I.mat,133,134,8,141,1.14733915472621,1.15698396037868,0.00964480565246784,9.30222760738755e-05,0.00964480565246784,0.00526563389459412,0.00482240282623392,0.00334235115668933,0.0155305985427503,0,0,-0.7875,0.7875,0.0105241515299685
A3,Damped Recurrent Waves,ARX,I,/home/kaahin/degree_project/hybrid-epidemic-forecasting/results/partA/forecasts/partA_03_forecast_A3_ARX_I.mat,133,134,9,142,1.15065809246462,1.16261070251616,0.0119526100515392,0.000142864887044157,0.0119526100515392,0.00719253510737572,0.00597630502576962,0.00388323224199098,0.0225068707154301,0,0,-0.7875,0.7875,0.0124960776045321
A3,Damped Recurrent Waves,ARX,I,/home/kaahin/degree_project/hybrid-epidemic-forecasting/results/partA/forecasts/partA_03_forecast_A3_ARX_I.mat,133,134,10,143,1.15327199213787,1.16862742118251,0.0153554290446385,0.000235789201144927,0.0153554290446385,0.00958698225205491,0.00767771452231925,0.00453512303643217,0.0309285825754957,0,0,-0.7875,0.7875,0.014865165895479
A3,Damped Recurrent Waves,ARX,I,/home/kaahin/degree_project/hybrid-epidemic-forecasting/results/partA/forecasts/partA_03_forecast_A3_ARX_I.mat,133,134,11,144,1.15515634547566,1.17445958339778,0.0193032379221285,0.0003726149942783,0.0193032379221285,0.0123960399723826,0.00965161896106426,0.00512455925210504,0.0410060016625524,0,0,-0.7875,0.7875,0.0173505641929144
A3,Damped Recurrent Waves,ARX,I,/home/kaahin/degree_project/hybrid-epidemic-forecasting/results/partA/forecasts/partA_03_forecast_A3_ARX_I.mat,133,134,12,145,1.15629338385156,1.17980107753744,0.0235076936858833,0.00055261166242932,0.0235076936858833,0.0154725614054786,0.0117538468429417,0.00572177853330203,0.0521509009484098,0,0,-0.7875,0.7875,0.0198276502381142
A3,Damped Recurrent Waves,ARX,I,/home/kaahin/degree_project/hybrid-epidemic-forecasting/results/partA/forecasts/partA_03_forecast_A3_ARX_I.mat,133,134,13,146,1.15667231876539,1.18450252811875,0.0278302093533607,0.000774520552651884,0.0278302093533607,0.0188307808221976,0.0139151046766803,0.00645012464615272,0.0643732843770561,0,0,-0.7875,0.7875,0.0224128167472312
A3,Damped Recurrent Waves,ARX,I,/home/kaahin/degree_project/hybrid-epidemic-forecasting/results/partA/forecasts/partA_03_forecast_A3_ARX_I.mat,133,134,14,147,1.15628948748954,1.18942879291227,0.0331393054227278,0.00109821356390084,0.0331393054227278,0.0226238681199536,0.0165696527113639,0.00727908712600137,0.0779586667024261,0,0,-0.7875,0.7875,0.025112386851375
A3,Damped Recurrent Waves,ARX,I,/home/kaahin/degree_project/hybrid-epidemic-forecasting/results/partA/forecasts/partA_03_forecast_A3_ARX_I.mat,140,141,1,141,1.14733915472621,1.14778970981763,0.00045055509142089,2.02999890405287e-07,0.00045055509142089,0.000143321014571612,0.000225277545710445,0.000277026234941485,0.000142640784920323,0,0.5,-0.2875,0.3625,0.000815192428442912
A3,Damped Recurrent Waves,ARX,I,/home/kaahin/degree_project/hybrid-epidemic-forecasting/results/partA/forecasts/partA_03_forecast_A3_ARX_I.mat,140,141,2,142,1.15065809246462,1.15173995782788,0.00108186536325605,1.17043266421315e-06,0.00108186536325605,0.000499741357226449,0.000540932681628026,0.000553611666586179,0.00115429175930482,0,0,-0.7875,0.7875,0.00171891022107068
A3,Damped Recurrent Waves,ARX,I,/home/kaahin/degree_project/hybrid-epidemic-forecasting/results/partA/forecasts/partA_03_forecast_A3_ARX_I.mat,140,141,3,143,1.15327199213787,1.15528070790297,0.00200871576509964,4.03493902495985e-06,0.00200871576509964,0.00120077465872415,0.00100435788254982,0.000909242081097023,0.00348988600061184,0,0,-0.7875,0.7875,0.00283848832748185
A3,Damped Recurrent Waves,ARX,I,/home/kaahin/degree_project/hybrid-epidemic-forecasting/results/partA/forecasts/partA_03_forecast_A3_ARX_I.mat,140,141,4,144,1.15515634547566,1.15867826398926,0.00352191851360506,1.24039100164741e-05,0.00352191851360506,0.00212385737936816,0.00176095925680253,0.00134200787954847,0.0064543910708057,0,0,-0.7875,0.7875,0.00404225391757707
A3,Damped Recurrent Waves,ARX,I,/home/kaahin/degree_project/hybrid-epidemic-forecasting/results/partA/forecasts/partA_03_forecast_A3_ARX_I.mat,140,141,5,145,1.15629338385156,1.1617676920758,0.00547430822424122,2.99680505339951e-05,0.00547430822424122,0.0035914131454826,0.00273715411212061,0.00177361220188237,0.0116505928406687,0,0,-0.7875,0.7875,0.00529760136845531
A3,Damped Recurrent Waves,ARX,I,/home/kaahin/degree_project/hybrid-epidemic-forecasting/results/partA/forecasts/partA_03_forecast_A3_ARX_I.mat,140,141,6,146,1.15667231876539,1.16442923361793,0.00775691485253516,6.01697280294805e-05,0.00775691485253516,0.0052385252927636,0.00387845742626758,0.00220970786344304,0.0174851985277256,0,0,-0.7875,0.7875,0.0066376788879477
A3,Damped Recurrent Waves,ARX,I,/home/kaahin/degree_project/hybrid-epidemic-forecasting/results/partA/forecasts/partA_03_forecast_A3_ARX_I.mat,140,141,7,147,1.15628948748954,1.16705178962997,0.0107623021404217,0.000115827147361726,0.0107623021404217,0.00711493338660376,0.00538115107021087,0.00282223674439658,0.0238138124251095,0,0,-0.7875,0.7875,0.00842331045776928
A3,Damped Recurrent Waves,ARX,I,/home/kaahin/degree_project/hybrid-epidemic-forecasting/results/partA/forecasts/partA_03_forecast_A3_ARX_I.mat,140,141,8,148,1.15514840068497,1.16897865803946,0.0138302573544928,0.000191276018491503,0.0138302573544928,0.00920105855916708,0.00691512867724642,0.0033503011992425,0.031139333639763,0,0,-0.7875,0.7875,0.0102274661647522
A3,Damped Recurrent Waves,ARX,I,/home/kaahin/degree_project/hybrid-epidemic-forecasting/results/partA/forecasts/partA_03_forecast_A3_ARX_I.mat,140,141,9,149,1.1532596909014,1.17084640751346,0.0175867166120649,0.00030929260119308,0.0175867166120649,0.0118171699031984,0.00879335830603245,0.00396039716942824,0.0404235090889322,0,0,-0.7875,0.7875,0.0121130993195148
A3,Damped Recurrent Waves,ARX,I,/home/kaahin/degree_project/hybrid-epidemic-forecasting/results/partA/forecasts/partA_03_forecast_A3_ARX_I.mat,140,141,10,150,1.15064096301685,1.17215120076811,0.021510237751265,0.000462690328115948,0.021510237751265,0.0147780524303039,0.0107551188756325,0.0046709385472493,0.0510751785134858,0,0,-0.7875,0.7875,0.014261197609836
A3,Damped Recurrent Waves,ARX,I,/home/kaahin/degree_project/hybrid-epidemic-forecasting/results/partA/forecasts/partA_03_forecast_A3_ARX_I.mat,140,141,11,151,1.14731654978184,1.17296710804939,0.0256505582675441,0.000657951139436677,0.0256505582675441,0.0179193280265859,0.0128252791337721,0.00526947111292315,0.0625422258729413,0,0,-0.7875,0.7875,0.0164328996938631
A3,Damped Recurrent Waves,ARX,I,/home/kaahin/degree_project/hybrid-epidemic-forecasting/results/partA/forecasts/partA_03_forecast_A3_ARX_I.mat,140,141,12,152,1.14331717765569,1.17315552067683,0.0298383430211369,0.000890326714247027,0.0298383430211369,0.0213096034781613,0.0149191715105684,0.00596447063839831,0.0750095735027589,0,0,-0.7875,0.7875,0.0187527400322691
A3,Damped Recurrent Waves,ARX,I,/home/kaahin/degree_project/hybrid-epidemic-forecasting/results/partA/forecasts/partA_03_forecast_A3_ARX_I.mat,140,141,13,153,1.13867954999776,1.17358094960147,0.034901399603716,0.00121810769429826,0.034901399603716,0.025077527069151,0.017450699801858,0.00653193647564944,0.0888662355336722,0,0,-0.7875,0.7875,0.0210377541465268
A3,Damped Recurrent Waves,ARX,I,/home/kaahin/degree_project/hybrid-epidemic-forecasting/results/partA/forecasts/partA_03_forecast_A3_ARX_I.mat,140,141,14,154,1.13344585635549,1.173524590615,0.0400787342595124,0.00160630493984461,0.0400787342595124,0.0288287536860164,0.0200393671297562,0.00728050379573704,0.10240952066158,0,0,-0.7875,0.7875,0.0235837520855624
A3,Damped Recurrent Waves,ARX,I,/home/kaahin/degree_project/hybrid-epidemic-forecasting/results/partA/forecasts/partA_03_forecast_A3_ARX_I.mat,147,148,1,148,1.15514840068497,1.15545255912481,0.000304158439847324,9.25123565303582e-08,0.000304158439847324,0.000122022940340208,0.000152079219923662,0.000255644441277936,0.000141379570329336,0,0.75,-0.0375,0.2125,0.000781249743695922
A3,Damped Recurrent Waves,ARX,I,/home/kaahin/degree_project/hybrid-epidemic-forecasting/results/partA/forecasts/partA_03_forecast_A3_ARX_I.mat,147,148,2,149,1.1532596909014,1.15426145168091,0.00100176077951231,1.0035246593691e-06,0.00100176077951231,0.0004301504795319,0.000500880389756153,0.000504099368615835,0.000930697399521563,0,0.25,-0.5375,0.5625,0.00160330220883631
A3,Damped Recurrent Waves,ARX,I,/home/kaahin/degree_project/hybrid-epidemic-forecasting/results/partA/forecasts/partA_03_forecast_A3_ARX_I.mat,147,148,3,150,1.15064096301685,1.15267797227335,0.00203700925650252,4.14940671107695e-06,0.00203700925650252,0.00104812573013171,0.00101850462825126,0.000808392936363633,0.0028896682209778,0,0,-0.7875,0.7875,0.00266590882823342
A3,Damped Recurrent Waves,ARX,I,/home/kaahin/degree_project/hybrid-epidemic-forecasting/results/partA/forecasts/partA_03_forecast_A3_ARX_I.mat,147,148,4,151,1.14731654978184,1.1508306857659,0.00351413598405714,1.23491517144453e-05,0.00351413598405714,0.00190122725799304,0.00175706799202857,0.0012308714795228,0.0055675831894173,0,0,-0.7875,0.7875,0.00404095642019264
A3,Damped Recurrent Waves,ARX,I,/home/kaahin/degree_project/hybrid-epidemic-forecasting/results/partA/forecasts/partA_03_forecast_A3_ARX_I.mat,147,148,5,152,1.14331717765569,1.1483982234717,0.00508104581601154,2.58170265844084e-05,0.00508104581601154,0.00291589943920598,0.00254052290800577,0.00175451568363194,0.0088265088847892,0,0,-0.7875,0.7875,0.00570934748325241
A3,Damped Recurrent Waves,ARX,I,/home/kaahin/degree_project/hybrid-epidemic-forecasting/results/partA/forecasts/partA_03_forecast_A3_ARX_I.mat,147,148,6,153,1.13867954999776,1.14550738139283,0.0068278313950727,4.66192815595405e-05,0.0068278313950727,0.00425834927768265,0.00341391569753635,0.00225835815602215,0.0134902978960134,0,0,-0.7875,0.7875,0.00738236400760556
A3,Damped Recurrent Waves,ARX,I,/home/kaahin/degree_project/hybrid-epidemic-forecasting/results/partA/forecasts/partA_03_forecast_A3_ARX_I.mat,147,148,7,154,1.13344585635549,1.14233380669586,0.00888795034037471,7.89956612529669e-05,0.00888795034037471,0.00584038098556697,0.00444397517018735,0.0027884879295316,0.0190492513353324,0,0,-0.7875,0.7875,0.00914545653099025
A3,Damped Recurrent Waves,ARX,I,/home/kaahin/degree_project/hybrid-epidemic-forecasting/results/partA/forecasts/partA_03_forecast_A3_ARX_I.mat,147,148,8,155,1.12766321802629,1.13870820626156,0.0110449882352779,0.000121991765117427,0.0110449882352779,0.00749437652654659,0.00552249411763894,0.00335558688059409,0.0248466133712266,0,0,-0.7875,0.7875,0.0111746466225178
A3,Damped Recurrent Waves,ARX,I,/home/kaahin/degree_project/hybrid-epidemic-forecasting/results/partA/forecasts/partA_03_forecast_A3_ARX_I.mat,147,148,9,156,1.12138308122569,1.13520168493269,0.0138186037070012,0.000190953808411146,0.0138186037070012,0.00943919996750391,0.00690930185350058,0.00399516541429433,0.0315719325859727,0,0,-0.7875,0.7875,0.0132680983257337
A3,Damped Recurrent Waves,ARX,I,/home/kaahin/degree_project/hybrid-epidemic-forecasting/results/partA/forecasts/partA_03_forecast_A3_ARX_I.mat,147,148,10,157,1.11466057003996,1.13143934455184,0.0167787745118737,0.000281527274120303,0.0167787745118737,0.011537150499247,0.00838938725593685,0.00472067243297316,0.0388071175577016,0,0,-0.7875,0.7875,0.0154444065863396
A3,Damped Recurrent Waves,ARX,I,/home/kaahin/degree_project/hybrid-epidemic-forecasting/results/partA/forecasts/partA_03_forecast_A3_ARX_I.mat,147,148,11,158,1.10755381185927,1.12772681039778,0.0201729985385108,0.000406949870034761,0.0201729985385108,0.0139036266066213,0.0100864992692554,0.00523449927877599,0.0472453211817645,0,0,-0.7875,0.7875,0.0173736885758142
A3,Damped Recurrent Waves,ARX,I,/home/kaahin/degree_project/hybrid-epidemic-forecasting/results/partA/forecasts/partA_03_forecast_A3_ARX_I.mat,147,148,12,159,1.10012324816834,1.123054036463,0.0229307882946548,0.000525821051814277,0.0229307882946548,0.0164102224812022,0.0114653941473274,0.00572478062446382,0.0566558263936188,0,0,-0.7875,0.7875,0.0192230804538185
A3,Damped Recurrent Waves,ARX,I,/home/kaahin/degree_project/hybrid-epidemic-forecasting/results/partA/forecasts/partA_03_forecast_A3_ARX_I.mat,147,148,13,160,1.09243094341759,1.11854578115143,0.0261148377338389,0.000681984749864738,0.0261148377338389,0.0188267921042685,0.0130574188669195,0.00620430217071733,0.0654588434315713,0,0,-0.7875,0.7875,0.0211294591668631
A3,Damped Recurrent Waves,ARX,I,/home/kaahin/degree_project/hybrid-epidemic-forecasting/results/partA/forecasts/partA_03_forecast_A3_ARX_I.mat,147,148,14,161,1.08453990421943,1.11314728696174,0.0286073827423037,0.000818382347364654,0.0286073827423037,0.0210831660453567,0.0143036913711518,0.00676659295775051,0.0738039628752027,0,0,-0.7875,0.7875,0.0230699012797819
A3,Damped Recurrent Waves,ARX,I,/home/kaahin/degree_project/hybrid-epidemic-forecasting/results/partA/forecasts/partA_03_forecast_A3_ARX_I.mat,154,155,1,155,1.12766321802629,1.12788836657386,0.000225148547577492,5.0691868476254e-08,0.000225148547577492,8.76968442495456e-05,0.000112574273788746,0.00028206152533421,0,0,1,0.2125,0.2125,0.0008508764869396
A3,Damped Recurrent Waves,ARX,I,/home/kaahin/degree_project/hybrid-epidemic-forecasting/results/partA/forecasts/partA_03_forecast_A3_ARX_I.mat,154,155,2,156,1.12138308122569,1.12207303117964,0.000689949953947666,4.76030938952387e-07,0.000689949953947666,0.000228040592615479,0.000344974976973833,0.000653674791858933,2.75328979368883e-05,0,0.75,-0.0375,0.2125,0.00199556426381797
A3,Damped Recurrent Waves,ARX,I,/home/kaahin/degree_project/hybrid-epidemic-forecasting/results/partA/forecasts/partA_03_forecast_A3_ARX_I.mat,154,155,3,157,1.11466057003996,1.11602206759808,0.00136149755811554,1.85367560075459e-06,0.00136149755811554,0.000480221892767305,0.000680748779057772,0.00109498991791678,0.000385259820478323,0,0.75,-0.0375,0.2125,0.00352004153160662
A3,Damped Recurrent Waves,ARX,I,/home/kaahin/degree_project/hybrid-epidemic-forecasting/results/partA/forecasts/partA_03_forecast_A3_ARX_I.mat,154,155,4,158,1.10755381185927,1.10967298331125,0.00211917145198481,4.49088764290742e-06,0.00211917145198481,0.000762048126603724,0.00105958572599241,0.00153002617223966,0.000839604671484695,0,0.75,-0.0375,0.2125,0.00497804247663525
A3,Damped Recurrent Waves,ARX,I,/home/kaahin/degree_project/hybrid-epidemic-forecasting/results/partA/forecasts/partA_03_forecast_A3_ARX_I.mat,154,155,5,159,1.10012324816834,1.10320404767149,0.00308079950314966,9.49132557860717e-06,0.00308079950314966,0.00107145656553785,0.00154039975157483,0.00205398887647563,0.00122716591686989,0,0.75,-0.0375,0.2125,0.00666837688081207
A3,Damped Recurrent Waves,ARX,I,/home/kaahin/degree_project/hybrid-epidemic-forecasting/results/partA/forecasts/partA_03_forecast_A3_ARX_I.mat,154,155,6,160,1.09243094341759,1.09644435808818,0.00401341467058747,1.61074973180867e-05,0.00401341467058747,0.00140788300644404,0.00200670733529373,0.00268113995585978,0.00164762623784465,0,0.75,-0.0375,0.2125,0.00838850042080092
A3,Damped Recurrent Waves,ARX,I,/home/kaahin/degree_project/hybrid-epidemic-forecasting/results/partA/forecasts/partA_03_forecast_A3_ARX_I.mat,154,155,7,161,1.08453990421943,1.08966347744802,0.00512357322858659,2.62510026286892e-05,0.00512357322858659,0.00186855119149387,0.00256178661429329,0.00320096132789808,0.00264573241953103,0,0.5,-0.2875,0.3625,0.0101073660943599
A3,Damped Recurrent Waves,ARX,I,/home/kaahin/degree_project/hybrid-epidemic-forecasting/results/partA/forecasts/partA_03_forecast_A3_ARX_I.mat,154,155,8,162,1.07651342033497,1.08242489773972,0.00591147740474751,3.49455651068404e-05,0.00591147740474751,0.00240071165367474,0.00295573870237376,0.00366477494336337,0.00418268879579919,0,0.5,-0.2875,0.3625,0.0118420511271
A3,Damped Recurrent Waves,ARX,I,/home/kaahin/degree_project/hybrid-epidemic-forecasting/results/partA/forecasts/partA_03_forecast_A3_ARX_I.mat,154,155,9,163,1.06841443786284,1.07545155471258,0.00703711684974095,4.95210135569081e-05,0.00703711684974095,0.00288421703706441,0.00351855842487048,0.0041615097789618,0.00529890846295755,0,0.5,-0.2875,0.3625,0.0135308364365354
A3,Damped Recurrent Waves,ARX,I,/home/kaahin/degree_project/hybrid-epidemic-forecasting/results/partA/forecasts/partA_03_forecast_A3_ARX_I.mat,154,155,10,164,1.06030497375459,1.06840771455798,0.00810274080338491,6.56544085268388e-05,0.00810274080338491,0.00314084718943498,0.00405137040169246,0.00499868949186492,0.00508375245890003,0,0.5,-0.2875,0.3625,0.0156715950494588
A3,Damped Recurrent Waves,ARX,I,/home/kaahin/degree_project/hybrid-epidemic-forecasting/results/partA/forecasts/partA_03_forecast_A3_ARX_I.mat,154,155,11,165,1.05224557930063,1.06129722501553,0.00905164571489836,8.19322901480378e-05,0.00905164571489836,0.0034383083847707,0.00452582285744918,0.00568175002908706,0.00526481484493191,0,0.75,-0.0375,0.2125,0.0175161735280231
A3,Damped Recurrent Waves,ARX,I,/home/kaahin/degree_project/hybrid-epidemic-forecasting/results/partA/forecasts/partA_03_forecast_A3_ARX_I.mat,154,155,12,166,1.04429485860723,1.05438557032354,0.0100907117163098,0.000101822462941672,0.0100907117163098,0.00377246846495784,0.00504535585815491,0.00618720695274195,0.00574354528141341,0,0.75,-0.0375,0.2125,0.0192336901336636
A3,Damped Recurrent Waves,ARX,I,/home/kaahin/degree_project/hybrid-epidemic-forecasting/results/partA/forecasts/partA_03_forecast_A3_ARX_I.mat,154,155,13,167,1.03650904636849,1.04759705701449,0.0110880106460045,0.000122943980085909,0.0110880106460045,0.0040768601395691,0.00554400532300225,0.00690343623886925,0.00589842906618943,0,0.75,-0.0375,0.2125,0.0215009117058088
A3,Damped Recurrent Waves,ARX,I,/home/kaahin/degree_project/hybrid-epidemic-forecasting/results/partA/forecasts/partA_03_forecast_A3_ARX_I.mat,154,155,14,168,1.02894164748016,1.04057797992428,0.0116363324441142,0.000135404232749945,0.0116363324441142,0.00427721935847562,0.00581816622205711,0.00749773810711906,0.00593158278396411,0,0.75,-0.0375,0.2125,0.0236024406703456
A3,Damped Recurrent Waves,ARX,I,/home/kaahin/degree_project/hybrid-epidemic-forecasting/results/partA/forecasts/partA_03_forecast_A3_ARX_I.mat,161,162,1,162,1.07651342033497,1.07642860601786,-8.48143171077176e-05,7.19346838644848e-09,8.48143171077176e-05,6.48670209944376e-05,4.24071585538588e-05,0.00024949443592111,0,0,1,0.2125,0.2125,0.000784517166145415
A3,Damped Recurrent Waves,ARX,I,/home/kaahin/degree_project/hybrid-epidemic-forecasting/results/partA/forecasts/partA_03_forecast_A3_ARX_I.mat,161,162,2,163,1.06841443786284,1.06819607269848,-0.000218365164360135,4.76833450060287e-08,0.000218365164360135,0.000154131794165094,0.000109182582180067,0.000584410491562853,0,0,1,0.2125,0.2125,0.00180582569064019
A3,Damped Recurrent Waves,ARX,I,/home/kaahin/degree_project/hybrid-epidemic-forecasting/results/partA/forecasts/partA_03_forecast_A3_ARX_I.mat,161,162,3,164,1.06030497375459,1.06003657111637,-0.000268402638220921,7.20399762039509e-08,0.000268402638220921,0.000256248248039136,0.000134201319110461,0.00101891579706565,0,0,1,0.2125,0.2125,0.00299441573591319
A3,Damped Recurrent Waves,ARX,I,/home/kaahin/degree_project/hybrid-epidemic-forecasting/results/partA/forecasts/partA_03_forecast_A3_ARX_I.mat,161,162,4,165,1.05224557930063,1.05185534235462,-0.000390236946012701,1.5228487403332e-07,0.000390236946012701,0.000362779807319078,0.00019511847300635,0.0014373906599295,0,0,1,0.2125,0.2125,0.00425165106911896
A3,Damped Recurrent Waves,ARX,I,/home/kaahin/degree_project/hybrid-epidemic-forecasting/results/partA/forecasts/partA_03_forecast_A3_ARX_I.mat,161,162,5,166,1.04429485860723,1.0438063091181,-0.00048854948912691,2.38680603326165e-07,0.00048854948912691,0.000468451493524595,0.000244274744563455,0.00186375697629722,0,0,1,0.2125,0.2125,0.00558719683876241
A3,Damped Recurrent Waves,ARX,I,/home/kaahin/degree_project/hybrid-epidemic-forecasting/results/partA/forecasts/partA_03_forecast_A3_ARX_I.mat,161,162,6,167,1.03650904636849,1.03588190491115,-0.000627141457339997,3.93306407514535e-07,0.000627141457339997,0.000587174823470449,0.000313570728669998,0.00232871597694702,0,0,1,0.2125,0.2125,0.00705286192458654
A3,Damped Recurrent Waves,ARX,I,/home/kaahin/degree_project/hybrid-epidemic-forecasting/results/partA/forecasts/partA_03_forecast_A3_ARX_I.mat,161,162,7,168,1.02894164748016,1.02791311799604,-0.00102852948412302,1.05787289971036e-06,0.00102852948412302,0.000730986233697169,0.00051426474206151,0.00277517330957575,0,0,1,0.2125,0.2125,0.00860883279758545
A3,Damped Recurrent Waves,ARX,I,/home/kaahin/degree_project/hybrid-epidemic-forecasting/results/partA/forecasts/partA_03_forecast_A3_ARX_I.mat,161,162,8,169,1.021643139297,1.01987857159464,-0.001764567702361,3.11369917621557e-06,0.001764567702361,0.000892658724053254,0.000882283851180499,0.00313468040705914,0,0,1,0.2125,0.2125,0.009996325110323
A3,Damped Recurrent Waves,ARX,I,/home/kaahin/degree_project/hybrid-epidemic-forecasting/results/partA/forecasts/partA_03_forecast_A3_ARX_I.mat,161,162,9,170,1.01466073565219,1.01201113852459,-0.00264959712760726,7.02036493862465e-06,0.00264959712760726,0.00112334292881881,0.00132479856380363,0.00373024461588103,0,0,1,0.2125,0.2125,0.0116243239541323
A3,Damped Recurrent Waves,ARX,I,/home/kaahin/degree_project/hybrid-epidemic-forecasting/results/partA/forecasts/partA_03_forecast_A3_ARX_I.mat,161,162,10,171,1.00803821018345,1.00444633418214,-0.00359187600131117,1.29015732087951e-05,0.00359187600131117,0.00138937844562276,0.00179593800065558,0.00416767565835812,0,0.000288589346288726,0.75,-0.0375,0.2125,0.0132597056382574
A3,Damped Recurrent Waves,ARX,I,/home/kaahin/degree_project/hybrid-epidemic-forecasting/results/partA/forecasts/partA_03_forecast_A3_ARX_I.mat,161,162,11,172,1.00181577508786,0.996855477239792,-0.00496029784806495,2.46045547415178e-05,0.00496029784806495,0.00184848703681014,0.00248014892403248,0.00460286611907934,0,0.00123517662253381,0.75,-0.0375,0.2125,0.0147218324105354
A3,Damped Recurrent Waves,ARX,I,/home/kaahin/degree_project/hybrid-epidemic-forecasting/results/partA/forecasts/partA_03_forecast_A3_ARX_I.mat,161,162,12,173,0.99603001019389,0.989536657339797,-0.00649335285409258,4.21636312877523e-05,0.00649335285409258,0.00238646509946573,0.00324667642704629,0.00509635577749338,0,0.00239606074305609,0.75,-0.0375,0.2125,0.016394756180057
A3,Damped Recurrent Waves,ARX,I,/home/kaahin/degree_project/hybrid-epidemic-forecasting/results/partA/forecasts/partA_03_forecast_A3_ARX_I.mat,161,162,13,174,0.99071383622411,0.982407100804882,-0.00830673541922811,6.90018533250587e-05,0.00830673541922811,0.00299332546797238,0.00415336770961405,0.00569941185743695,0,0.00361718503882469,0.75,-0.0375,0.2125,0.0183092617913163
A3,Damped Recurrent Waves,ARX,I,/home/kaahin/degree_project/hybrid-epidemic-forecasting/results/partA/forecasts/partA_03_forecast_A3_ARX_I.mat,161,162,14,175,0.985896525349018,0.975318097250167,-0.0105784280988505,0.000111903141042549,0.0105784280988505,0.00388762304638511,0.00528921404942523,0.00629458665958637,0,0.0059105029997214,0.5,-0.2875,0.3625,0.0202776119629369
A3,Damped Recurrent Waves,ARX,I,/home/kaahin/degree_project/hybrid-epidemic-forecasting/results/partA/forecasts/partA_03_forecast_A3_ARX_I.mat,168,169,1,169,1.021643139297,1.02134049009203,-0.000302649204965144,9.15965412660338e-08,0.000302649204965144,8.88540889144473e-05,0.000151324602482572,0.000229553613677386,0,1.89651839550553e-05,0.75,-0.0375,0.2125,0.000700520003066973
A3,Damped Recurrent Waves,ARX,I,/home/kaahin/degree_project/hybrid-epidemic-forecasting/results/partA/forecasts/partA_03_forecast_A3_ARX_I.mat,168,169,2,170,1.01466073565219,1.01392272344168,-0.000738012210518502,5.44662022874405e-07,0.000738012210518502,0.000260950522024367,0.000369006105259251,0.00051472611162714,0,0.000290545132223263,0.75,-0.0375,0.2125,0.00168237887965161
A3,Damped Recurrent Waves,ARX,I,/home/kaahin/degree_project/hybrid-epidemic-forecasting/results/partA/forecasts/partA_03_forecast_A3_ARX_I.mat,168,169,3,171,1.00803821018345,1.0065554212196,-0.00148278896385645,2.19866311133449e-06,0.00148278896385645,0.00050432797763787,0.000741394481928226,0.000853066914213813,0,0.000675014503228377,0.75,-0.0375,0.2125,0.00281266380071693
A3,Damped Recurrent Waves,ARX,I,/home/kaahin/degree_project/hybrid-epidemic-forecasting/results/partA/forecasts/partA_03_forecast_A3_ARX_I.mat,168,169,4,172,1.00181577508786,0.999368057147799,-0.00244771794005705,5.99132311407712e-06,0.00244771794005705,0.000834118097904203,0.00122385897002852,0.00130805286925642,0,0.00122161960128397,0.75,-0.0375,0.2125,0.00426497657731506
A3,Damped Recurrent Waves,ARX,I,/home/kaahin/degree_project/hybrid-epidemic-forecasting/results/partA/forecasts/partA_03_forecast_A3_ARX_I.mat,168,169,5,173,0.99603001019389,0.992331659426628,-0.00369835076726133,1.36777983977024e-05,0.00369835076726133,0.00131260756369014,0.00184917538363066,0.00175874751900061,0,0.00229881113397434,0.5,-0.2875,0.3625,0.00569844423466623
A3,Damped Recurrent Waves,ARX,I,/home/kaahin/degree_project/hybrid-epidemic-forecasting/results/partA/forecasts/partA_03_forecast_A3_ARX_I.mat,168,169,6,174,0.99071383622411,0.985503963580878,-0.00520987264323214,2.71427729586986e-05,0.00520987264323214,0.00183204213553059,0.00260493632161607,0.00233559157676707,0,0.00330366171150454,0.5,-0.2875,0.3625,0.00728510423420242
A3,Damped Recurrent Waves,ARX,I,/home/kaahin/degree_project/hybrid-epidemic-forecasting/results/partA/forecasts/partA_03_forecast_A3_ARX_I.mat,168,169,7,175,0.985896525349018,0.978702566403142,-0.00719395894587527,5.17530453149388e-05,0.00719395894587527,0.00268670509095458,0.00359697947293763,0.00290384524180214,0,0.00558934819455581,0.25,-0.5375,0.5625,0.00904149835039508
A3,Damped Recurrent Waves,ARX,I,/home/kaahin/degree_project/hybrid-epidemic-forecasting/results/partA/forecasts/partA_03_forecast_A3_ARX_I.mat,168,169,8,176,0.981603741617533,0.972742298338076,-0.0088614432794577,7.85251769950461e-05,0.0088614432794577,0.00387260288861647,0.00443072163972885,0.00342846691303776,0,0.0095675244460075,0,-0.7875,0.7875,0.0106432215938853
A3,Damped Recurrent Waves,ARX,I,/home/kaahin/degree_project/hybrid-epidemic-forecasting/results/partA/forecasts/partA_03_forecast_A3_ARX_I.mat,168,169,9,177,0.977857603599633,0.966501845434278,-0.0113557581653546,0.000128953243510018,0.0113557581653546,0.00548413897682883,0.00567787908267731,0.00398744640634456,0,0.0150132999067079,0,-0.7875,0.7875,0.0122840578821576
A3,Damped Recurrent Waves,ARX,I,/home/kaahin/degree_project/hybrid-epidemic-forecasting/results/partA/forecasts/partA_03_forecast_A3_ARX_I.mat,168,169,10,178,0.974676761592206,0.960549645617193,-0.0141271159750127,0.000199575405771459,0.0141271159750127,0.00733859619493296,0.00706355798750635,0.00460231204441558,0,0.0213578128452764,0,-0.7875,0.7875,0.0139907346606383
A3,Damped Recurrent Waves,ARX,I,/home/kaahin/degree_project/hybrid-epidemic-forecasting/results/partA/forecasts/partA_03_forecast_A3_ARX_I.mat,168,169,11,179,0.972076482012457,0.955323535652955,-0.0167529463595021,0.000280661211724354,0.0167529463595021,0.00940347877270469,0.00837647317975104,0.00512664424405056,0,0.0288125370533695,0,-0.7875,0.7875,0.0157730062023936
A3,Damped Recurrent Waves,ARX,I,/home/kaahin/degree_project/hybrid-epidemic-forecasting/results/partA/forecasts/partA_03_forecast_A3_ARX_I.mat,168,169,12,180,0.970068732119357,0.950217511715526,-0.0198512204038311,0.000394070951521482,0.0198512204038311,0.0119129963782636,0.00992561020191557,0.00559150398111013,0,0.0380913695191604,0,-0.7875,0.7875,0.0175135227396596
A3,Damped Recurrent Waves,ARX,I,/home/kaahin/degree_project/hybrid-epidemic-forecasting/results/partA/forecasts/partA_03_forecast_A3_ARX_I.mat,168,169,13,181,0.968662258941408,0.945603467240257,-0.0230587917011508,0.00053170787471706,0.0230587917011508,0.0146529623819638,0.0115293958505754,0.00626093279249919,0,0.0481480020757624,0,-0.7875,0.7875,0.0194667132515947
A3,Damped Recurrent Waves,ARX,I,/home/kaahin/degree_project/hybrid-epidemic-forecasting/results/partA/forecasts/partA_03_forecast_A3_ARX_I.mat,168,169,14,182,0.967862657221049,0.941290928018184,-0.0265717292028649,0.000706056792830382,0.0265717292028649,0.0174420060881201,0.0132858646014324,0.00696169669859282,0,0.0582414660965154,0,-0.7875,0.7875,0.0216382293112055
A3,Damped Recurrent Waves,ARX,I,/home/kaahin/degree_project/hybrid-epidemic-forecasting/results/partA/forecasts/partA_03_forecast_A3_ARX_I.mat,175,176,1,176,0.981603741617533,0.981434107205655,-0.000169634411878117,2.87758336932346e-08,0.000169634411878117,7.22569235645429e-05,8.48172059390584e-05,0.000240338950101385,0,0,1,0.2125,0.2125,0.000717426900697704
A3,Damped Recurrent Waves,ARX,I,/home/kaahin/degree_project/hybrid-epidemic-forecasting/results/partA/forecasts/partA_03_forecast_A3_ARX_I.mat,175,176,2,177,0.977857603599633,0.977257136719191,-0.000600466880441908,3.60560474507636e-07,0.000600466880441908,0.000207088118797418,0.000300233440220954,0.000500574518314942,0,0.000131088576052485,0.75,-0.0375,0.2125,0.00158958323966482
A3,Damped Recurrent Waves,ARX,I,/home/kaahin/degree_project/hybrid-epidemic-forecasting/results/partA/forecasts/partA_03_forecast_A3_ARX_I.mat,175,176,3,178,0.974676761592206,0.973390327127666,-0.00128643446453969,1.65491363155551e-06,0.00128643446453969,0.000495722830205523,0.000643217232269844,0.000781200517095768,0,0.000806334986559243,0.25,-0.5375,0.5625,0.00247104639870621
A3,Damped Recurrent Waves,ARX,I,/home/kaahin/degree_project/hybrid-epidemic-forecasting/results/partA/forecasts/partA_03_forecast_A3_ARX_I.mat,175,176,4,179,0.972076482012457,0.970067670811249,-0.0020088112012081,4.03532244209915e-06,0.0020088112012081,0.000994586581907903,0.00100440560060405,0.00116718701393299,0,0.00230404700404852,0,-0.7875,0.7875,0.00350130424681971
A3,Damped Recurrent Waves,ARX,I,/home/kaahin/degree_project/hybrid-epidemic-forecasting/results/partA/forecasts/partA_03_forecast_A3_ARX_I.mat,175,176,5,180,0.970068732119357,0.966801999098161,-0.00326673302119573,1.06715446317706e-05,0.00326673302119573,0.00182535289990997,0.00163336651059787,0.00152314467327928,0,0.00505757686571773,0,-0.7875,0.7875,0.00461849296539896
A3,Damped Recurrent Waves,ARX,I,/home/kaahin/degree_project/hybrid-epidemic-forecasting/results/partA/forecasts/partA_03_forecast_A3_ARX_I.mat,175,176,6,181,0.968662258941408,0.963901384089641,-0.00476087485176691,2.26659293541866e-05,0.00476087485176691,0.00296285530148401,0.00238043742588345,0.00184231788616893,0,0.00911009354462566,0,-0.7875,0.7875,0.00560898732251291
A3,Damped Recurrent Waves,ARX,I,/home/kaahin/degree_project/hybrid-epidemic-forecasting/results/partA/forecasts/partA_03_forecast_A3_ARX_I.mat,175,176,7,182,0.967862657221049,0.961210050206557,-0.00665260701449222,4.42571800892711e-05,0.00665260701449222,0.00449433708493456,0.00332630350724611,0.00225415675962678,0,0.0146440566153326,0,-0.7875,0.7875,0.00674479403911246
A3,Damped Recurrent Waves,ARX,I,/home/kaahin/degree_project/hybrid-epidemic-forecasting/results/partA/forecasts/partA_03_forecast_A3_ARX_I.mat,175,176,8,183,0.96767242228004,0.959006064510482,-0.00866635776955815,7.5105756989981e-05,0.00866635776955815,0.00625057696660649,0.00433317888477908,0.00262717505837284,0,0.0211672424065773,0,-0.7875,0.7875,0.00785372905263468
A3,Damped Recurrent Waves,ARX,I,/home/kaahin/degree_project/hybrid-epidemic-forecasting/results/partA/forecasts/partA_03_forecast_A3_ARX_I.mat,175,176,9,184,0.968090984929695,0.957083618735859,-0.0110073661938358,0.000121162110525199,0.0110073661938358,0.00823698587204044,0.0055036830969179,0.003015900877112,0,0.0285468524501521,0,-0.7875,0.7875,0.00910098367609316
A3,Damped Recurrent Waves,ARX,I,/home/kaahin/degree_project/hybrid-epidemic-forecasting/results/partA/forecasts/partA_03_forecast_A3_ARX_I.mat,175,176,10,185,0.969114726855266,0.95518250009976,-0.013932226755506,0.000194106942366837,0.013932226755506,0.0103603915093833,0.00696611337775299,0.00344930125803282,0,0.036206347156439,0,-0.7875,0.7875,0.0104513846090772
A3,Damped Recurrent Waves,ARX,I,/home/kaahin/degree_project/hybrid-epidemic-forecasting/results/partA/forecasts/partA_03_forecast_A3_ARX_I.mat,175,176,11,186,0.970736976253422,0.954110551760807,-0.0166264244926159,0.000276437991408657,0.0166264244926159,0.0126195362177384,0.00831321224630793,0.00388340062574578,0,0.0445913001077692,0,-0.7875,0.7875,0.011904133682238
A3,Damped Recurrent Waves,ARX,I,/home/kaahin/degree_project/hybrid-epidemic-forecasting/results/partA/forecasts/partA_03_forecast_A3_ARX_I.mat,175,176,12,187,0.972947984852862,0.95325777335557,-0.0196902114972922,0.000387704428808099,0.0196902114972922,0.0151031576744203,0.00984510574864611,0.00434863918082432,0,0.053770464605421,0,-0.7875,0.7875,0.0135666923379111
A3,Damped Recurrent Waves,ARX,I,/home/kaahin/degree_project/hybrid-epidemic-forecasting/results/partA/forecasts/partA_03_forecast_A3_ARX_I.mat,175,176,13,188,0.97573488875811,0.952318522082472,-0.0234163666756375,0.000548326228287907,0.0234163666756375,0.017956021021971,0.0117081833378188,0.00481447960458206,0,0.0642794316564687,0,-0.7875,0.7875,0.0150830081821504
A3,Damped Recurrent Waves,ARX,I,/home/kaahin/degree_project/hybrid-epidemic-forecasting/results/partA/forecasts/partA_03_forecast_A3_ARX_I.mat,175,176,14,189,0.97908165678387,0.952137266101193,-0.0269443906826766,0.000726000189260711,0.0269443906826766,0.0209379248801875,0.0134721953413383,0.00541734109694718,0,0.0753311255225583,0,-0.7875,0.7875,0.0170083602506412
A3,Damped Recurrent Waves,ARX,I,/home/kaahin/degree_project/hybrid-epidemic-forecasting/results/partA/forecasts/partA_03_forecast_A3_ARX_I.mat,182,183,1,183,0.96767242228004,0.967400530089325,-0.000271892190714662,7.39253633716182e-08,0.000271892190714662,9.8113467075692e-05,0.000135946095357331,0.000187101922317026,0,0.000118462584166257,0.75,-0.0375,0.2125,0.000614328002164766
A3,Damped Recurrent Waves,ARX,I,/home/kaahin/degree_project/hybrid-epidemic-forecasting/results/partA/forecasts/partA_03_forecast_A3_ARX_I.mat,182,183,2,184,0.968090984929695,0.967275756730359,-0.000815228199335549,6.64597016991882e-07,0.000815228199335549,0.00029434707153533,0.000407614099667775,0.00042366459343629,0,0.000493283128804922,0.5,-0.2875,0.3625,0.00143321850402953
A3,Damped Recurrent Waves,ARX,I,/home/kaahin/degree_project/hybrid-epidemic-forecasting/results/partA/forecasts/partA_03_forecast_A3_ARX_I.mat,182,183,3,185,0.969114726855266,0.967636016715568,-0.0014787101396988,2.18658367724805e-06,0.0014787101396988,0.000608525397238926,0.000739355069849401,0.000780322601846228,0,0.00121868661587954,0.5,-0.2875,0.3625,0.00247672495201059
A3,Damped Recurrent Waves,ARX,I,/home/kaahin/degree_project/hybrid-epidemic-forecasting/results/partA/forecasts/partA_03_forecast_A3_ARX_I.mat,182,183,4,186,0.970736976253422,0.968140422424896,-0.0025965538285263,6.74209178443461e-06,0.0025965538285263,0.00110824603441377,0.00129827691426315,0.00115717241944167,0,0.00253165782115716,0.25,-0.5375,0.5625,0.00360494039465101
A3,Damped Recurrent Waves,ARX,I,/home/kaahin/degree_project/hybrid-epidemic-forecasting/results/partA/forecasts/partA_03_forecast_A3_ARX_I.mat,182,183,5,187,0.972947984852862,0.969052499763059,-0.00389548508980286,1.51748040848764e-05,0.00389548508980286,0.00177578592789554,0.00194774254490143,0.00160920860788525,0,0.00443408552274327,0.25,-0.5375,0.5625,0.00488777979848132
A3,Damped Recurrent Waves,ARX,I,/home/kaahin/degree_project/hybrid-epidemic-forecasting/results/partA/forecasts/partA_03_forecast_A3_ARX_I.mat,182,183,6,188,0.97573488875811,0.97035685289757,-0.0053780358605402,2.89232697172563e-05,0.0053780358605402,0.00270991144152667,0.0026890179302701,0.00209019608771488,0,0.00741538746888504,0,-0.7875,0.7875,0.00640544519211483
A3,Damped Recurrent Waves,ARX,I,/home/kaahin/degree_project/hybrid-epidemic-forecasting/results/partA/forecasts/partA_03_forecast_A3_ARX_I.mat,182,183,7,189,0.97908165678387,0.97187265812015,-0.00720899866371982,5.19696617335142e-05,0.00720899866371982,0.00383725176146226,0.00360449933185991,0.00256962765899215,0,0.0110935059357281,0,-0.7875,0.7875,0.00780404381564706
A3,Damped Recurrent Waves,ARX,I,/home/kaahin/degree_project/hybrid-epidemic-forecasting/results/partA/forecasts/partA_03_forecast_A3_ARX_I.mat,182,183,8,190,0.982969031052767,0.973969905077386,-0.00899912597538055,8.09842683207689e-05,0.00899912597538055,0.00521896402589669,0.00449956298769028,0.0029105630809705,0,0.0160752120478743,0,-0.7875,0.7875,0.00917139181206245
A3,Damped Recurrent Waves,ARX,I,/home/kaahin/degree_project/hybrid-epidemic-forecasting/results/partA/forecasts/partA_03_forecast_A3_ARX_I.mat,182,183,9,191,0.987374465576871,0.976316479015673,-0.0110579865611983,0.000122279066787642,0.0110579865611983,0.00678561354327303,0.00552899328059914,0.00339711185595005,0,0.0216091558081795,0,-0.7875,0.7875,0.0108205640973495
A3,Damped Recurrent Waves,ARX,I,/home/kaahin/degree_project/hybrid-epidemic-forecasting/results/partA/forecasts/partA_03_forecast_A3_ARX_I.mat,182,183,10,192,0.992272069301209,0.97878012762073,-0.0134919416804788,0.000182032490309442,0.0134919416804788,0.00859008962639497,0.00674597084023942,0.00398092979235553,0,0.0279285026861824,0,-0.7875,0.7875,0.0124320383108563
A3,Damped Recurrent Waves,ARX,I,/home/kaahin/degree_project/hybrid-epidemic-forecasting/results/partA/forecasts/partA_03_forecast_A3_ARX_I.mat,182,183,11,193,0.99763256062883,0.981446248115809,-0.0161863125130211,0.000261996712769182,0.0161863125130211,0.0104783408741765,0.00809315625651053,0.00449548408322711,0,0.0345638935940568,0,-0.7875,0.7875,0.0139849710292048
A3,Damped Recurrent Waves,ARX,I,/home/kaahin/degree_project/hybrid-epidemic-forecasting/results/partA/forecasts/partA_03_forecast_A3_ARX_I.mat,182,183,12,194,1.003423240751,0.984495521764226,-0.018927718986772,0.000358258546042211,0.018927718986772,0.0122050289118933,0.00946385949338602,0.00503108768293967,0,0.0404276829271943,0,-0.7875,0.7875,0.0158952432150236
A3,Damped Recurrent Waves,ARX,I,/home/kaahin/degree_project/hybrid-epidemic-forecasting/results/partA/forecasts/partA_03_forecast_A3_ARX_I.mat,182,183,13,195,1.00960799315836,0.987754814296764,-0.0218531788615997,0.000477561426357066,0.0218531788615997,0.0140247279197213,0.0109265894307998,0.0055703463471851,0,0.0466143398607608,0,-0.7875,0.7875,0.0177861178807735
A3,Damped Recurrent Waves,ARX,I,/home/kaahin/degree_project/hybrid-epidemic-forecasting/results/partA/forecasts/partA_03_forecast_A3_ARX_I.mat,182,183,14,196,1.01614731650224,0.991273419816264,-0.0248738966859747,0.000618710736344545,0.0248738966859747,0.0160788678907153,0.0124369483429874,0.00617230277368996,0,0.0537456543915416,0,-0.7875,0.7875,0.0195735309652986
A3,Damped Recurrent Waves,ARX,I,/home/kaahin/degree_project/hybrid-epidemic-forecasting/results/partA/forecasts/partA_03_forecast_A3_ARX_I.mat,189,190,1,190,0.982969031052767,0.982770184221028,-0.00019884683173943,3.95400624928091e-08,0.00019884683173943,6.45166630673729e-05,9.94234158697149e-05,0.000187389253977563,0,3.51231395590013e-06,0.75,-0.0375,0.2125,0.000599786177682582
A3,Damped Recurrent Waves,ARX,I,/home/kaahin/degree_project/hybrid-epidemic-forecasting/results/partA/forecasts/partA_03_forecast_A3_ARX_I.mat,189,190,2,191,0.987374465576871,0.986824502237856,-0.000549963339015136,3.02459674260677e-07,0.000549963339015136,0.000211771489800747,0.000274981669507568,0.000417987854533181,0,0.000260002180062613,0.75,-0.0375,0.2125,0.00148036520925021
A3,Damped Recurrent Waves,ARX,I,/home/kaahin/degree_project/hybrid-epidemic-forecasting/results/partA/forecasts/partA_03_forecast_A3_ARX_I.mat,189,190,3,192,0.992272069301209,0.991121495298541,-0.00115057400266716,1.32382053561353e-06,0.00115057400266716,0.000445536978363635,0.00057528700133358,0.000679060209154445,0,0.000750569192148332,0.75,-0.0375,0.2125,0.00255478998336214
A3,Damped Recurrent Waves,ARX,I,/home/kaahin/degree_project/hybrid-epidemic-forecasting/results/partA/forecasts/partA_03_forecast_A3_ARX_I.mat,189,190,4,193,0.99763256062883,0.995665417148022,-0.0019671434808074,3.86965347408305e-06,0.0019671434808074,0.000744786250892016,0.000983571740403699,0.000995534398407058,0,0.00137243199020332,0.5,-0.2875,0.3625,0.00382783490490954
A3,Damped Recurrent Waves,ARX,I,/home/kaahin/degree_project/hybrid-epidemic-forecasting/results/partA/forecasts/partA_03_forecast_A3_ARX_I.mat,189,190,5,194,1.003423240751,1.00067446139006,-0.00274877936094198,7.55578797514059e-06,0.00274877936094198,0.00112051149939416,0.00137438968047099,0.00147069805709742,0,0.0021972140097053,0.5,-0.2875,0.3625,0.0054246775713033
A3,Damped Recurrent Waves,ARX,I,/home/kaahin/degree_project/hybrid-epidemic-forecasting/results/partA/forecasts/partA_03_forecast_A3_ARX_I.mat,189,190,6,195,1.00960799315836,1.00585334704132,-0.00375464611704679,1.40973674642545e-05,0.00375464611704679,0.00153756216860916,0.00187732305852339,0.00197064978615345,0,0.0030710569140644,0.5,-0.2875,0.3625,0.00700657070380301
A3,Damped Recurrent Waves,ARX,I,/home/kaahin/degree_project/hybrid-epidemic-forecasting/results/partA/forecasts/partA_03_forecast_A3_ARX_I.mat,189,190,7,196,1.01614731650224,1.01117990823223,-0.0049674082700113,2.46751449209766e-05,0.0049674082700113,0.00201709214635134,0.00248370413500565,0.00246797781365168,0,0.00412523270992371,0.5,-0.2875,0.3625,0.00859273334165656
A3,Damped Recurrent Waves,ARX,I,/home/kaahin/degree_project/hybrid-epidemic-forecasting/results/partA/forecasts/partA_03_forecast_A3_ARX_I.mat,189,190,8,197,1.0229983975094,1.01680002190073,-0.0061983756086712,3.84198601861701e-05,0.0061983756086712,0.00274942026934229,0.0030991878043356,0.00301263275453673,0,0.00626057065316799,0.25,-0.5375,0.5625,0.0101880108239176
A3,Damped Recurrent Waves,ARX,I,/home/kaahin/degree_project/hybrid-epidemic-forecasting/results/partA/forecasts/partA_03_forecast_A3_ARX_I.mat,189,190,9,198,1.0301152299368,1.02283622400341,-0.00727900593339492,5.29839273783985e-05,0.00727900593339492,0.00338844487388895,0.00363950296669746,0.00355458426607145,0,0.00805391469973138,0.25,-0.5375,0.5625,0.0119112377774555
A3,Damped Recurrent Waves,ARX,I,/home/kaahin/degree_project/hybrid-epidemic-forecasting/results/partA/forecasts/partA_03_forecast_A3_ARX_I.mat,189,190,10,199,1.0374487845996,1.02896353318061,-0.00848525141899081,7.19994916434856e-05,0.00848525141899081,0.00390470900933592,0.00424262570949541,0.00394730093021125,0,0.00938126390230498,0.25,-0.5375,0.5625,0.0136189318616298
A3,Damped Recurrent Waves,ARX,I,/home/kaahin/degree_project/hybrid-epidemic-forecasting/results/partA/forecasts/partA_03_forecast_A3_ARX_I.mat,189,190,11,200,1.0449472343391,1.03511906047481,-0.00982817386429047,9.65930015067222e-05,0.00982817386429047,0.0042472399725594,0.00491408693214523,0.00452964891775792,0,0.00966884402661417,0,-0.7875,0.7875,0.0157783284922298
A3,Damped Recurrent Waves,ARX,I,/home/kaahin/degree_project/hybrid-epidemic-forecasting/results/partA/forecasts/partA_03_forecast_A3_ARX_I.mat,189,190,12,201,1.05255623644679,1.04170411274922,-0.0108521236975681,0.000117768588747318,0.0108521236975681,0.00447942926737296,0.00542606184878403,0.00516316914067421,0,0.00956820071372011,0.25,-0.5375,0.5625,0.0181644033091568
A3,Damped Recurrent Waves,ARX,I,/home/kaahin/degree_project/hybrid-epidemic-forecasting/results/partA/forecasts/partA_03_forecast_A3_ARX_I.mat,189,190,13,202,1.06021927356127,1.04841081605565,-0.0118084575056232,0.000139439668662109,0.0118084575056232,0.00480186628575227,0.0059042287528116,0.00580753071199658,0,0.00989663882107705,0.25,-0.5375,0.5625,0.0205995652798953
A3,Damped Recurrent Waves,ARX,I,/home/kaahin/degree_project/hybrid-epidemic-forecasting/results/partA/forecasts/partA_03_forecast_A3_ARX_I.mat,189,190,14,203,1.06787805244903,1.05569306039577,-0.0121849920532568,0.000148474031337933,0.0121849920532568,0.00506357087422863,0.00609249602662842,0.00627728730984394,0,0.0104162855975565,0.25,-0.5375,0.5625,0.0227271534781878
A3,Damped Recurrent Waves,ARX,I,/home/kaahin/degree_project/hybrid-epidemic-forecasting/results/partA/forecasts/partA_03_forecast_A3_ARX_I.mat,196,197,1,197,1.0229983975094,1.02289244470915,-0.000105952800247611,1.12259958803101e-08,0.000105952800247611,5.74525710646953e-05,5.29764001238053e-05,0.000205560169667324,0,0,1,0.2125,0.2125,0.000669439531767846
A3,Damped Recurrent Waves,ARX,I,/home/kaahin/degree_project/hybrid-epidemic-forecasting/results/partA/forecasts/partA_03_forecast_A3_ARX_I.mat,196,197,2,198,1.0301152299368,1.02994080586701,-0.000174424069785184,3.04237561204267e-08,0.000174424069785184,0.000110559397314563,8.7212034892592e-05,0.000410305253022941,0,0,1,0.2125,0.2125,0.00143056245506945
A3,Damped Recurrent Waves,ARX,I,/home/kaahin/degree_project/hybrid-epidemic-forecasting/results/partA/forecasts/partA_03_forecast_A3_ARX_I.mat,196,197,3,199,1.0374487845996,1.03714941860994,-0.000299365989662626,8.96199957666832e-08,0.000299365989662626,0.000180888276313264,0.000149682994831313,0.000664314248578374,0,0,1,0.2125,0.2125,0.00222689720402147
A3,Damped Recurrent Waves,ARX,I,/home/kaahin/degree_project/hybrid-epidemic-forecasting/results/partA/forecasts/partA_03_forecast_A3_ARX_I.mat,196,197,4,200,1.0449472343391,1.04458073560158,-0.000366498737523369,1.34321324606223e-07,0.000366498737523369,0.000239213350610396,0.000183249368761684,0.000893210708985098,0,0,1,0.2125,0.2125,0.00305204510181489
A3,Damped Recurrent Waves,ARX,I,/home/kaahin/degree_project/hybrid-epidemic-forecasting/results/partA/forecasts/partA_03_forecast_A3_ARX_I.mat,196,197,5,201,1.05255623644679,1.05223218730674,-0.000324049140043803,1.05007845163128e-07,0.000324049140043803,0.000298325854514906,0.000162024570021901,0.00118044177529518,0,0,1,0.2125,0.2125,0.00417904289829196
A3,Damped Recurrent Waves,ARX,I,/home/kaahin/degree_project/hybrid-epidemic-forecasting/results/partA/forecasts/partA_03_forecast_A3_ARX_I.mat,196,197,6,202,1.06021927356127,1.05998397915466,-0.000235294406609299,5.5363457781622e-08,0.000235294406609299,0.000372115319709819,0.000117647203304649,0.00155687173538954,0,0,1,0.2125,0.2125,0.0054821544834438
A3,Damped Recurrent Waves,ARX,I,/home/kaahin/degree_project/hybrid-epidemic-forecasting/results/partA/forecasts/partA_03_forecast_A3_ARX_I.mat,196,197,7,203,1.06787805244903,1.06810426770757,0.000226215258539053,5.11733431958906e-08,0.000226215258539053,0.000482132528991761,0.000113107629269527,0.0020564887511934,0,0,1,0.2125,0.2125,0.0069730172165266
A3,Damped Recurrent Waves,ARX,I,/home/kaahin/degree_project/hybrid-epidemic-forecasting/results/partA/forecasts/partA_03_forecast_A3_ARX_I.mat,196,197,8,204,1.07547295841117,1.07625468881383,0.000781730402664937,6.11102422450685e-07,0.000781730402664937,0.000673073634680321,0.000390865201332469,0.00263796615472898,0,0,1,0.2125,0.2125,0.00862327037920352
A3,Damped Recurrent Waves,ARX,I,/home/kaahin/degree_project/hybrid-epidemic-forecasting/results/partA/forecasts/partA_03_forecast_A3_ARX_I.mat,196,197,9,205,1.08294356137725,1.08432959022024,0.00138602884299077,1.92107595360234e-06,0.00138602884299077,0.000865295728211388,0.000693014421495386,0.00320081635545586,0,0,1,0.2125,0.2125,0.010162457994774
A3,Damped Recurrent Waves,ARX,I,/home/kaahin/degree_project/hybrid-epidemic-forecasting/results/partA/forecasts/partA_03_forecast_A3_ARX_I.mat,196,197,10,206,1.09022916810202,1.0924401501499,0.00221098204788284,4.88844161606018e-06,0.00221098204788284,0.00109097059722781,0.00110549102394142,0.00380387666358373,0,0,1,0.2125,0.2125,0.0115780048306627
A3,Damped Recurrent Waves,ARX,I,/home/kaahin/degree_project/hybrid-epidemic-forecasting/results/partA/forecasts/partA_03_forecast_A3_ARX_I.mat,196,197,11,207,1.09726941332334,1.10097646775409,0.00370705443075425,1.37422525525747e-05,0.00370705443075425,0.0013679959961149,0.00185352721537713,0.00430245476713991,0,0,1,0.2125,0.2125,0.012859398558107
A3,Damped Recurrent Waves,ARX,I,/home/kaahin/degree_project/hybrid-epidemic-forecasting/results/partA/forecasts/partA_03_forecast_A3_ARX_I.mat,196,197,12,208,1.10400488131788,1.10908798263177,0.00508310131389189,2.58379189672895e-05,0.00508310131389189,0.00174565683098335,0.00254155065694595,0.00493085644682404,0.000383048635655081,0,0.75,-0.0375,0.2125,0.0142715486931648
A3,Damped Recurrent Waves,ARX,I,/home/kaahin/degree_project/hybrid-epidemic-forecasting/results/partA/forecasts/partA_03_forecast_A3_ARX_I.mat,196,197,13,209,1.11037774805173,1.11740430315566,0.00702655510393435,4.93724766286259e-05,0.00702655510393435,0.00239052080644953,0.00351327755196718,0.00549860169158198,0.00174546438547374,0,0.75,-0.0375,0.2125,0.016142322998678
A3,Damped Recurrent Waves,ARX,I,/home/kaahin/degree_project/hybrid-epidemic-forecasting/results/partA/forecasts/partA_03_forecast_A3_ARX_I.mat,196,197,14,210,1.11633243310742,1.12569535174996,0.00936291864254191,8.76642455068588e-05,0.00936291864254191,0.00337462957947869,0.00468145932127095,0.00604900304990731,0.00445537073647584,0,0.5,-0.2875,0.3625,0.0180943603227831
A3,Damped Recurrent Waves,ARX,I,/home/kaahin/degree_project/hybrid-epidemic-forecasting/results/partA/forecasts/partA_03_forecast_A3_ARX_I.mat,203,204,1,204,1.07547295841117,1.07565834254443,0.000185384133263744,3.43672768659496e-08,0.000185384133263744,7.32955528405638e-05,9.2692066631872e-05,0.000220130522779038,1.70073983716268e-05,0,0.75,-0.0375,0.2125,0.00073013132100419
A3,Damped Recurrent Waves,ARX,I,/home/kaahin/degree_project/hybrid-epidemic-forecasting/results/partA/forecasts/partA_03_forecast_A3_ARX_I.mat,203,204,2,205,1.08294356137725,1.0834616124684,0.000518051091157545,2.68376933049523e-07,0.000518051091157545,0.000201743138876351,0.000259025545578773,0.000466588041133953,0.000182230538230854,0,0.75,-0.0375,0.2125,0.00163703415358601
A3,Damped Recurrent Waves,ARX,I,/home/kaahin/degree_project/hybrid-epidemic-forecasting/results/partA/forecasts/partA_03_forecast_A3_ARX_I.mat,203,204,3,206,1.09022916810202,1.09127590135546,0.0010467332534474,1.09565050387257e-06,0.0010467332534474,0.000368786894601432,0.000523366626723698,0.000811664296800041,0.000324510102182707,0,0.75,-0.0375,0.2125,0.00261880304765405
A3,Damped Recurrent Waves,ARX,I,/home/kaahin/degree_project/hybrid-epidemic-forecasting/results/partA/forecasts/partA_03_forecast_A3_ARX_I.mat,203,204,4,207,1.09726941332334,1.09896857420949,0.00169916088615296,2.88714771703212e-06,0.00169916088615296,0.000610493385452202,0.000849580443076481,0.0011752636423036,0.000722376149154824,0,0.75,-0.0375,0.2125,0.00367023198428318
A3,Damped Recurrent Waves,ARX,I,/home/kaahin/degree_project/hybrid-epidemic-forecasting/results/partA/forecasts/partA_03_forecast_A3_ARX_I.mat,203,204,5,208,1.10400488131788,1.10684927838605,0.00284439706817308,8.09059468143159e-06,0.00284439706817308,0.00104668015265575,0.00142219853408654,0.00153735549704692,0.00175050665581744,0,0.5,-0.2875,0.3625,0.00484929244789584
A3,Damped Recurrent Waves,ARX,I,/home/kaahin/degree_project/hybrid-epidemic-forecasting/results/partA/forecasts/partA_03_forecast_A3_ARX_I.mat,203,204,6,209,1.11037774805173,1.11468908520605,0.00431133715431575,1.85876280581835e-05,0.00431133715431575,0.00170885308002819,0.00215566857715788,0.00207605057644853,0.00345811970652043,0,0.25,-0.5375,0.5625,0.00639956849044743
A3,Damped Recurrent Waves,ARX,I,/home/kaahin/degree_project/hybrid-epidemic-forecasting/results/partA/forecasts/partA_03_forecast_A3_ARX_I.mat,203,204,7,210,1.11633243310742,1.12252096564225,0.00618853253483098,3.82979349346616e-05,0.00618853253483098,0.00267868610140544,0.00309426626741549,0.00264895316011256,0.00631086802879643,0,0,-0.7875,0.7875,0.00812009689498483
A3,Damped Recurrent Waves,ARX,I,/home/kaahin/degree_project/hybrid-epidemic-forecasting/results/partA/forecasts/partA_03_forecast_A3_ARX_I.mat,203,204,8,211,1.12181624981277,1.13044044158444,0.0086241917716734,7.43766837145991e-05,0.0086241917716734,0.00417547486611957,0.0043120958858367,0.003218911671322,0.0112586293403794,0,0,-0.7875,0.7875,0.00990877351595287
A3,Damped Recurrent Waves,ARX,I,/home/kaahin/degree_project/hybrid-epidemic-forecasting/results/partA/forecasts/partA_03_forecast_A3_ARX_I.mat,203,204,9,212,1.12678004152895,1.13764914068461,0.0108690991556595,0.000118137316455558,0.0108690991556595,0.00583790154775552,0.00543454957782974,0.00373751088451852,0.0170984965025516,0,0,-0.7875,0.7875,0.0117006341653967
A3,Damped Recurrent Waves,ARX,I,/home/kaahin/degree_project/hybrid-epidemic-forecasting/results/partA/forecasts/partA_03_forecast_A3_ARX_I.mat,203,204,10,213,1.13117879189548,1.1450988459357,0.0139200540402191,0.000193767904482621,0.0139200540402191,0.0079876226361703,0.00696002702010956,0.00441917524301565,0.0245650995996411,0,0,-0.7875,0.7875,0.0137676484484022
A3,Damped Recurrent Waves,ARX,I,/home/kaahin/degree_project/hybrid-epidemic-forecasting/results/partA/forecasts/partA_03_forecast_A3_ARX_I.mat,203,204,11,214,1.13497219698993,1.15257060988511,0.0175984128951765,0.000309704136429114,0.0175984128951765,0.0105966677596639,0.00879920644758825,0.00508721514467129,0.033798583326228,0,0,-0.7875,0.7875,0.0158518865727245
A3,Damped Recurrent Waves,ARX,I,/home/kaahin/degree_project/hybrid-epidemic-forecasting/results/partA/forecasts/partA_03_forecast_A3_ARX_I.mat,203,204,12,215,1.13812518784141,1.15913312345264,0.021007935611232,0.000441333358645671,0.021007935611232,0.0136060475828502,0.010503967805616,0.00571079781667503,0.045012448500535,0,0,-0.7875,0.7875,0.017755625399572
A3,Damped Recurrent Waves,ARX,I,/home/kaahin/degree_project/hybrid-epidemic-forecasting/results/partA/forecasts/partA_03_forecast_A3_ARX_I.mat,203,204,13,216,1.14060839253099,1.16580151561358,0.0251931230825835,0.000634693450654201,0.0251931230825835,0.0168728924635623,0.0125965615412917,0.00631727152470755,0.0570141830200313,0,0,-0.7875,0.7875,0.0198730266599038
A3,Damped Recurrent Waves,ARX,I,/home/kaahin/degree_project/hybrid-epidemic-forecasting/results/partA/forecasts/partA_03_forecast_A3_ARX_I.mat,203,204,14,217,1.14239852820188,1.17223118985573,0.0298326616538536,0.000889987701353305,0.0298326616538536,0.0206511804318377,0.0149163308269268,0.00704674077839694,0.070967240337946,0,0,-0.7875,0.7875,0.022051835307802
A3,Damped Recurrent Waves,ARX,I,/home/kaahin/degree_project/hybrid-epidemic-forecasting/results/partA/forecasts/partA_03_forecast_A3_ARX_I.mat,210,211,1,211,1.12181624981277,1.12215232952451,0.000336079711739323,1.12949572642787e-07,0.000336079711739323,0.00012788049182444,0.000168039855869662,0.000245245669382949,0.000162176687957372,0,0.75,-0.0375,0.2125,0.000763490150251456
A3,Damped Recurrent Waves,ARX,I,/home/kaahin/degree_project/hybrid-epidemic-forecasting/results/partA/forecasts/partA_03_forecast_A3_ARX_I.mat,210,211,2,212,1.12678004152895,1.12782929221687,0.00104925068792094,1.10092700610257e-06,0.00104925068792094,0.000433090660764663,0.000524625343960472,0.000596073445463241,0.00082820918401727,0,0.5,-0.2875,0.3625,0.00184287394245519
A3,Damped Recurrent Waves,ARX,I,/home/kaahin/degree_project/hybrid-epidemic-forecasting/results/partA/forecasts/partA_03_forecast_A3_ARX_I.mat,210,211,3,213,1.13117879189548,1.13327059541667,0.00209180352119409,4.37564197128e-06,0.00209180352119409,0.00105306811255583,0.00104590176059705,0.000950747468668928,0.00274215727723526,0,0,-0.7875,0.7875,0.00299652298468966
A3,Damped Recurrent Waves,ARX,I,/home/kaahin/degree_project/hybrid-epidemic-forecasting/results/partA/forecasts/partA_03_forecast_A3_ARX_I.mat,210,211,4,214,1.13497219698993,1.13862089523444,0.00364869824451342,1.33129988795153e-05,0.00364869824451342,0.00218295139881652,0.00182434912225671,0.00127050524541269,0.00672842692700493,0,0,-0.7875,0.7875,0.00411562888807071
A3,Damped Recurrent Waves,ARX,I,/home/kaahin/degree_project/hybrid-epidemic-forecasting/results/partA/forecasts/partA_03_forecast_A3_ARX_I.mat,210,211,5,215,1.13812518784141,1.14363348542729,0.005508297585882,3.03413422946335e-05,0.005508297585882,0.00358082374603518,0.002754148792941,0.0017180715613926,0.0116414865028247,0,0,-0.7875,0.7875,0.00566938480190293
A3,Damped Recurrent Waves,ARX,I,/home/kaahin/degree_project/hybrid-epidemic-forecasting/results/partA/forecasts/partA_03_forecast_A3_ARX_I.mat,210,211,6,216,1.14060839253099,1.14847427568688,0.00786588315588599,6.18721178220509e-05,0.00786588315588599,0.00535255166507498,0.00393294157794299,0.00224460728662301,0.0179089336282714,0,0,-0.7875,0.7875,0.00725296584056312
A3,Damped Recurrent Waves,ARX,I,/home/kaahin/degree_project/hybrid-epidemic-forecasting/results/partA/forecasts/partA_03_forecast_A3_ARX_I.mat,210,211,7,217,1.14239852820188,1.15285698795505,0.0104584597531712,0.000109379380408701,0.0104584597531712,0.00754799670409518,0.00522922987658558,0.00284803450633487,0.0258887207855079,0,0,-0.7875,0.7875,0.00902562520652112
A3,Damped Recurrent Waves,ARX,I,/home/kaahin/degree_project/hybrid-epidemic-forecasting/results/partA/forecasts/partA_03_forecast_A3_ARX_I.mat,210,211,8,218,1.14347871465899,1.15748317973688,0.0140044650778932,0.000196125042117931,0.0140044650778932,0.0103582413696169,0.00700223253894661,0.00353418572655009,0.0360756678977794,0,0,-0.7875,0.7875,0.0108004958079794
A3,Damped Recurrent Waves,ARX,I,/home/kaahin/degree_project/hybrid-epidemic-forecasting/results/partA/forecasts/partA_03_forecast_A3_ARX_I.mat,210,211,9,219,1.14383870282712,1.16131252706403,0.017473824236905,0.000305334533462249,0.017473824236905,0.0136710687453131,0.00873691211845251,0.00390020866263351,0.0488826885728229,0,0,-0.7875,0.7875,0.0122093209003028
A3,Damped Recurrent Waves,ARX,I,/home/kaahin/degree_project/hybrid-epidemic-forecasting/results/partA/forecasts/partA_03_forecast_A3_ARX_I.mat,210,211,10,220,1.14347501311506,1.16503049332579,0.0215554802107292,0.000464638727115137,0.0215554802107292,0.0172676333586532,0.0107777401053646,0.00448584666873312,0.0624407633398418,0,0,-0.7875,0.7875,0.0139880309144805
A3,Damped Recurrent Waves,ARX,I,/home/kaahin/degree_project/hybrid-epidemic-forecasting/results/partA/forecasts/partA_03_forecast_A3_ARX_I.mat,210,211,11,221,1.14239098065071,1.16844219400718,0.026051213356469,0.000678665717344268,0.026051213356469,0.0214148767968436,0.0130256066782345,0.00503098611550771,0.0783103527920541,0,0,-0.7875,0.7875,0.0156841000103186
A3,Damped Recurrent Waves,ARX,I,/home/kaahin/degree_project/hybrid-epidemic-forecasting/results/partA/forecasts/partA_03_forecast_A3_ARX_I.mat,210,211,12,222,1.14059670635632,1.17189570199234,0.0312989956360223,0.000979627127823746,0.0312989956360223,0.0260819389281984,0.0156494978180112,0.00541861438923179,0.09630061296965,0,0,-0.7875,0.7875,0.0171947440058536
A3,Damped Recurrent Waves,ARX,I,/home/kaahin/degree_project/hybrid-epidemic-forecasting/results/partA/forecasts/partA_03_forecast_A3_ARX_I.mat,210,211,13,223,1.13810891486599,1.17487480249732,0.0367658876313322,0.00135173049331974,0.0367658876313322,0.0309440926120221,0.0183829438156661,0.0058371055898611,0.115028367348572,0,0,-0.7875,0.7875,0.0188808447357575
A3,Damped Recurrent Waves,ARX,I,/home/kaahin/degree_project/hybrid-epidemic-forecasting/results/partA/forecasts/partA_03_forecast_A3_ARX_I.mat,210,211,14,224,1.13495072229273,1.17780277489421,0.0428520526014828,0.00183629841216025,0.0428520526014828,0.036110840750444,0.0214260263007414,0.00637609248304099,0.134696664593215,0,0,-0.7875,0.7875,0.0205732190871672
A3,Damped Recurrent Waves,ARX,I,/home/kaahin/degree_project/hybrid-epidemic-forecasting/results/partA/forecasts/partA_03_forecast_A3_ARX_I.mat,217,218,1,218,1.14347871465899,1.14403338436287,0.000554669703884958,3.07658480407827e-07,0.000554669703884958,0.000181428510629563,0.000277334851942479,0.000281837638864374,0.00025725580702618,0,0.5,-0.2875,0.3625,0.000849399600715617
A3,Damped Recurrent Waves,ARX,I,/home/kaahin/degree_project/hybrid-epidemic-forecasting/results/partA/forecasts/partA_03_forecast_A3_ARX_I.mat,217,218,2,219,1.14383870282712,1.14528909644897,0.00145039362184396,2.10364165828564e-06,0.00145039362184396,0.000626738455209246,0.00072519681092198,0.000575746574270075,0.00151937966324955,0,0.25,-0.5375,0.5625,0.00180710056354805
A3,Damped Recurrent Waves,ARX,I,/home/kaahin/degree_project/hybrid-epidemic-forecasting/results/partA/forecasts/partA_03_forecast_A3_ARX_I.mat,217,218,3,220,1.14347501311506,1.14634902794264,0.00287401482757543,8.25996122912345e-06,0.00287401482757543,0.00152452506644014,0.00143700741378772,0.000958974954189978,0.00446438043100295,0,0,-0.7875,0.7875,0.00296108437627007
A3,Damped Recurrent Waves,ARX,I,/home/kaahin/degree_project/hybrid-epidemic-forecasting/results/partA/forecasts/partA_03_forecast_A3_ARX_I.mat,217,218,4,221,1.14239098065071,1.14719186225111,0.00480088160039194,2.30484641409819e-05,0.00480088160039194,0.00261259125857515,0.00240044080019597,0.00141070733539739,0.0079455125279948,0,0,-0.7875,0.7875,0.00467838887939237
A3,Damped Recurrent Waves,ARX,I,/home/kaahin/degree_project/hybrid-epidemic-forecasting/results/partA/forecasts/partA_03_forecast_A3_ARX_I.mat,217,218,5,222,1.14059670635632,1.14753225994388,0.00693555358756437,4.8101903565977e-05,0.00693555358756437,0.0040846612417206,0.00346777679378218,0.00189729744037407,0.0130159013535864,0,0,-0.7875,0.7875,0.00651974160164576
A3,Damped Recurrent Waves,ARX,I,/home/kaahin/degree_project/hybrid-epidemic-forecasting/results/partA/forecasts/partA_03_forecast_A3_ARX_I.mat,217,218,6,223,1.13810891486599,1.14754960314866,0.00944068828266809,8.91265952505065e-05,0.00944068828266809,0.00587020223216735,0.00472034414133404,0.00255066670079064,0.0191448992026284,0,0,-0.7875,0.7875,0.00864764252335476
A3,Damped Recurrent Waves,ARX,I,/home/kaahin/degree_project/hybrid-epidemic-forecasting/results/partA/forecasts/partA_03_forecast_A3_ARX_I.mat,217,218,7,224,1.13495072229273,1.14721491500771,0.012264192714982,0.000150410422950218,0.012264192714982,0.0080082324351519,0.00613209635749101,0.00313410019203649,0.026770849408656,0,0,-0.7875,0.7875,0.0106361147801708
A3,Damped Recurrent Waves,ARX,I,/home/kaahin/degree_project/hybrid-epidemic-forecasting/results/partA/forecasts/partA_03_forecast_A3_ARX_I.mat,217,218,8,225,1.13115131877287,1.14661290674705,0.0154615879741804,0.00023906070268332,0.0154615879741804,0.0105979138995501,0.0077307939870902,0.00374326187965893,0.0362165566812265,0,0,-0.7875,0.7875,0.0127028477710503
A3,Damped Recurrent Waves,ARX,I,/home/kaahin/degree_project/hybrid-epidemic-forecasting/results/partA/forecasts/partA_03_forecast_A3_ARX_I.mat,217,218,9,226,1.12674557249781,1.14602239476109,0.0192768222632758,0.000371595876569924,0.0192768222632758,0.0135848185933861,0.00963841113163788,0.00435471486491832,0.0471385576736814,0,0,-0.7875,0.7875,0.0147882814297271
A3,Damped Recurrent Waves,ARX,I,/home/kaahin/degree_project/hybrid-epidemic-forecasting/results/partA/forecasts/partA_03_forecast_A3_ARX_I.mat,217,218,10,227,1.12177356353763,1.14462317816223,0.0228496146246051,0.000522104888492968,0.0228496146246051,0.0166775643934237,0.0114248073123026,0.00516981268364997,0.0584544197744541,0,0,-0.7875,0.7875,0.0170638113883101
A3,Damped Recurrent Waves,ARX,I,/home/kaahin/degree_project/hybrid-epidemic-forecasting/results/partA/forecasts/partA_03_forecast_A3_ARX_I.mat,217,218,11,228,1.11628005712485,1.14351478033038,0.0272347232055354,0.00074173014808213,0.0272347232055354,0.0201373390844768,0.0136173616027677,0.00592728322603814,0.07107338105134,0,0,-0.7875,0.7875,0.0191828397772625
A3,Damped Recurrent Waves,ARX,I,/home/kaahin/degree_project/hybrid-epidemic-forecasting/results/partA/forecasts/partA_03_forecast_A3_ARX_I.mat,217,218,12,229,1.11031392716421,1.14268221391787,0.0323682867536541,0.00104770598736678,0.0323682867536541,0.0241281702661401,0.0161841433768271,0.00647381809275012,0.0859188047280535,0,0,-0.7875,0.7875,0.0211112116760017
A3,Damped Recurrent Waves,ARX,I,/home/kaahin/degree_project/hybrid-epidemic-forecasting/results/partA/forecasts/partA_03_forecast_A3_ARX_I.mat,217,218,13,230,1.10392754153768,1.14135011567068,0.0374225741330025,0.00140044905474007,0.0374225741330025,0.0284423938549358,0.0187112870665013,0.00703144126488564,0.102248044015824,0,0,-0.7875,0.7875,0.023084465907024
A3,Damped Recurrent Waves,ARX,I,/home/kaahin/degree_project/hybrid-epidemic-forecasting/results/partA/forecasts/partA_03_forecast_A3_ARX_I.mat,217,218,14,231,1.09717612126587,1.14010981010236,0.0429336888364853,0.00184330163710814,0.0429336888364853,0.0331101633104983,0.0214668444182426,0.007713579744463,0.119815310734537,0,0,-0.7875,0.7875,0.0249539578041651
A3,Damped Recurrent Waves,ARX,I,/home/kaahin/degree_project/hybrid-epidemic-forecasting/results/partA/forecasts/partA_03_forecast_A3_ARX_I.mat,224,225,1,225,1.13115131877287,1.13153081205768,0.000379493284808907,1.44015153215054e-07,0.000379493284808907,0.000138608536491837,0.000189746642404454,0.000269517847538708,0.000164473924270103,0,0.75,-0.0375,0.2125,0.000822023028485885
A3,Damped Recurrent Waves,ARX,I,/home/kaahin/degree_project/hybrid-epidemic-forecasting/results/partA/forecasts/partA_03_forecast_A3_ARX_I.mat,224,225,2,226,1.12674557249781,1.12798442747511,0.00123885497729326,1.53476165476428e-06,0.00123885497729326,0.000435052544655352,0.000619427488646629,0.000609208375240017,0.000729100587062437,0,0.5,-0.2875,0.3625,0.00187134275208628
A3,Damped Recurrent Waves,ARX,I,/home/kaahin/degree_project/hybrid-epidemic-forecasting/results/partA/forecasts/partA_03_forecast_A3_ARX_I.mat,224,225,3,227,1.12177356353763,1.12421516486123,0.00244160132359705,5.96141702339088e-06,0.00244160132359705,0.000997139715954492,0.00122080066179853,0.000989536620581183,0.0022767914394155,0,0.25,-0.5375,0.5625,0.00319962217346575
A3,Damped Recurrent Waves,ARX,I,/home/kaahin/degree_project/hybrid-epidemic-forecasting/results/partA/forecasts/partA_03_forecast_A3_ARX_I.mat,224,225,4,228,1.11628005712485,1.12032312474111,0.00404306761626305,1.6346395749675e-05,0.00404306761626305,0.00191976711606091,0.00202153380813153,0.00133498133901894,0.00528243687512364,0,0,-0.7875,0.7875,0.00447761449911754
A3,Damped Recurrent Waves,ARX,I,/home/kaahin/degree_project/hybrid-epidemic-forecasting/results/partA/forecasts/partA_03_forecast_A3_ARX_I.mat,224,225,5,229,1.11031392716421,1.11634917562823,0.00603524846402159,3.6424224022475e-05,0.00603524846402159,0.00318006075584852,0.0030176242320108,0.00177035245394903,0.00952229671535854,0,0,-0.7875,0.7875,0.00573112570733725
A3,Damped Recurrent Waves,ARX,I,/home/kaahin/degree_project/hybrid-epidemic-forecasting/results/partA/forecasts/partA_03_forecast_A3_ARX_I.mat,224,225,6,230,1.10392754153768,1.1122882555981,0.00836071406041827,6.99015396000758e-05,0.00836071406041827,0.00465389976842178,0.00418035703020914,0.0022053217608023,0.0145568701668866,0,0,-0.7875,0.7875,0.00723763463699312
A3,Damped Recurrent Waves,ARX,I,/home/kaahin/degree_project/hybrid-epidemic-forecasting/results/partA/forecasts/partA_03_forecast_A3_ARX_I.mat,224,225,7,231,1.09717612126587,1.1076171522268,0.0104410309609269,0.000109015127527033,0.0104410309609269,0.00645885604902754,0.00522051548046343,0.00253892251838262,0.0213054142217779,0,0,-0.7875,0.7875,0.00854024947233645
A3,Damped Recurrent Waves,ARX,I,/home/kaahin/degree_project/hybrid-epidemic-forecasting/results/partA/forecasts/partA_03_forecast_A3_ARX_I.mat,224,225,8,232,1.09011708575928,1.10335598848854,0.0132389027292528,0.000175268545474616,0.0132389027292528,0.00851691526331387,0.00661945136462638,0.0029979307981406,0.0287087365221455,0,0,-0.7875,0.7875,0.01026229853583
A3,Damped Recurrent Waves,ARX,I,/home/kaahin/degree_project/hybrid-epidemic-forecasting/results/partA/forecasts/partA_03_forecast_A3_ARX_I.mat,224,225,9,233,1.08280939624575,1.09904275922288,0.0162333629771318,0.000263522073547315,0.0162333629771318,0.0109412791851549,0.00811668148856592,0.00338994371165644,0.0377291311329746,0,0,-0.7875,0.7875,0.0118604540457135
A3,Damped Recurrent Waves,ARX,I,/home/kaahin/degree_project/hybrid-epidemic-forecasting/results/partA/forecasts/partA_03_forecast_A3_ARX_I.mat,224,225,10,234,1.07531290900704,1.09457664548452,0.0192637364774864,0.000371091543074039,0.0192637364774864,0.0132711114108822,0.00963186823874318,0.004082754775645,0.0460053783345815,0,0,-0.7875,0.7875,0.0139718941229364
A3,Damped Recurrent Waves,ARX,I,/home/kaahin/degree_project/hybrid-epidemic-forecasting/results/partA/forecasts/partA_03_forecast_A3_ARX_I.mat,224,225,11,235,1.06768774931611,1.09020089041795,0.0225131411018373,0.000506841522271237,0.0225131411018373,0.0158711104326434,0.0112565705509187,0.00458364062245228,0.0555797857735245,0,0,-0.7875,0.7875,0.0157705580537205
A3,Damped Recurrent Waves,ARX,I,/home/kaahin/degree_project/hybrid-epidemic-forecasting/results/partA/forecasts/partA_03_forecast_A3_ARX_I.mat,224,225,12,236,1.05999371596659,1.08581735629301,0.025823640326424,0.000666860399708514,0.025823640326424,0.0186497475120246,0.012911820163212,0.00505682341437964,0.065955220226519,0,0,-0.7875,0.7875,0.0174290544268811
A3,Damped Recurrent Waves,ARX,I,/home/kaahin/degree_project/hybrid-epidemic-forecasting/results/partA/forecasts/partA_03_forecast_A3_ARX_I.mat,224,225,13,237,1.05228972506229,1.08171535848995,0.0294256334276599,0.000865867902619017,0.0294256334276599,0.0214485964214031,0.01471281671383,0.00556519195195896,0.0762406752305249,0,0,-0.7875,0.7875,0.019163612310251
A3,Damped Recurrent Waves,ARX,I,/home/kaahin/degree_project/hybrid-epidemic-forecasting/results/partA/forecasts/partA_03_forecast_A3_ARX_I.mat,224,225,14,238,1.04463330032889,1.07748393013203,0.0328506298031408,0.001079163878463,0.0328506298031408,0.0243767788312527,0.0164253149015704,0.0059858634368152,0.0872843264022516,0,0,-0.7875,0.7875,0.0207436699599127
A3,Damped Recurrent Waves,ARX,I,/home/kaahin/degree_project/hybrid-epidemic-forecasting/results/partA/forecasts/partA_03_forecast_A3_ARX_I.mat,231,232,1,232,1.09011708575928,1.09032764761807,0.000210561858787317,4.433629637597e-08,0.000210561858787317,8.98209953328072e-05,0.000105280929393659,0.000244515931109179,5.43976184947947e-05,0,0.75,-0.0375,0.2125,0.000766005545459858
A3,Damped Recurrent Waves,ARX,I,/home/kaahin/degree_project/hybrid-epidemic-forecasting/results/partA/forecasts/partA_03_forecast_A3_ARX_I.mat,231,232,2,233,1.08280939624575,1.08347188519238,0.000662488946634232,4.38891604412534e-07,0.000662488946634232,0.000238368204740543,0.000331244473317116,0.000523746588334245,0.000217665859681082,0,0.75,-0.0375,0.2125,0.00155634355524653
A3,Damped Recurrent Waves,ARX,I,/home/kaahin/degree_project/hybrid-epidemic-forecasting/results/partA/forecasts/partA_03_forecast_A3_ARX_I.mat,231,232,3,234,1.07531290900704,1.07667394929966,0.00136104029262429,1.85243067814682e-06,0.00136104029262429,0.000507364828600806,0.000680520146312147,0.000832477767270617,0.000770143815120861,0,0.75,-0.0375,0.2125,0.00267590521463967
A3,Damped Recurrent Waves,ARX,I,/home/kaahin/degree_project/hybrid-epidemic-forecasting/results/partA/forecasts/partA_03_forecast_A3_ARX_I.mat,231,232,4,235,1.06768774931611,1.06980534444537,0.00211759512926135,4.4842091314714e-06,0.00211759512926135,0.000845215139147052,0.00105879756463068,0.00120382716128599,0.00154084340024507,0,0.5,-0.2875,0.3625,0.00396632043955858
A3,Damped Recurrent Waves,ARX,I,/home/kaahin/degree_project/hybrid-epidemic-forecasting/results/partA/forecasts/partA_03_forecast_A3_ARX_I.mat,231,232,5,236,1.05999371596659,1.06317707837954,0.00318336241295336,1.01337962522042e-05,0.00318336241295336,0.00130208345071452,0.00159168120647668,0.00174856816318623,0.00251912615855243,0,0.5,-0.2875,0.3625,0.00554495132176508
A3,Damped Recurrent Waves,ARX,I,/home/kaahin/degree_project/hybrid-epidemic-forecasting/results/partA/forecasts/partA_03_forecast_A3_ARX_I.mat,231,232,6,237,1.05228972506229,1.05652625306569,0.00423652800339669,1.79481695235643e-05,0.00423652800339669,0.00170994329710113,0.00211826400169834,0.00227467889519238,0.00330180194006435,0,0.5,-0.2875,0.3625,0.00729600440457567
A3,Damped Recurrent Waves,ARX,I,/home/kaahin/degree_project/hybrid-epidemic-forecasting/results/partA/forecasts/partA_03_forecast_A3_ARX_I.mat,231,232,7,238,1.04463330032889,1.0497763846185,0.00514308428960186,2.64513160099495e-05,0.00514308428960186,0.00223802326257765,0.00257154214480093,0.00275909284307573,0.00474046969372277,0,0.25,-0.5375,0.5625,0.00905297288253032
A3,Damped Recurrent Waves,ARX,I,/home/kaahin/degree_project/hybrid-epidemic-forecasting/results/partA/forecasts/partA_03_forecast_A3_ARX_I.mat,231,232,8,239,1.03708011566706,1.04336158195712,0.00628146629005788,3.94568187531335e-05,0.00628146629005788,0.00293249608745685,0.00314073314502894,0.00329103071214963,0.00676446853637724,0,0.25,-0.5375,0.5625,0.0107743016840441
A3,Damped Recurrent Waves,ARX,I,/home/kaahin/degree_project/hybrid-epidemic-forecasting/results/partA/forecasts/partA_03_forecast_A3_ARX_I.mat,231,232,9,240,1.02968359403577,1.0370704390399,0.00738684500413456,5.45654791151077e-05,0.00738684500413456,0.00364870369189281,0.00369342250206728,0.00386145599666881,0.00886428811478157,0,0.25,-0.5375,0.5625,0.0126502288408475
A3,Damped Recurrent Waves,ARX,I,/home/kaahin/degree_project/hybrid-epidemic-forecasting/results/partA/forecasts/partA_03_forecast_A3_ARX_I.mat,231,232,10,241,1.02249456508538,1.03108756371188,0.00859299862650365,7.38396253950935e-05,0.00859299862650365,0.00424736497729448,0.00429649931325182,0.00448656437992704,0.0103300787046463,0,0.25,-0.5375,0.5625,0.0146034352059001
A3,Damped Recurrent Waves,ARX,I,/home/kaahin/degree_project/hybrid-epidemic-forecasting/results/partA/forecasts/partA_03_forecast_A3_ARX_I.mat,231,232,11,242,1.01556098230205,1.02561913309971,0.0100581507976614,0.000101166397468496,0.0100581507976614,0.00491721119959277,0.00502907539883068,0.00509853537852848,0.0119998396208083,0,0.25,-0.5375,0.5625,0.0165839881388292
A3,Damped Recurrent Waves,ARX,I,/home/kaahin/degree_project/hybrid-epidemic-forecasting/results/partA/forecasts/partA_03_forecast_A3_ARX_I.mat,231,232,12,243,1.0089276988261,1.02024117418846,0.0113134753623567,0.000127994724774652,0.0113134753623567,0.00541948816125287,0.00565673768117836,0.00580000438453702,0.0129309546599226,0,0.25,-0.5375,0.5625,0.0185998778503735
A3,Damped Recurrent Waves,ARX,I,/home/kaahin/degree_project/hybrid-epidemic-forecasting/results/partA/forecasts/partA_03_forecast_A3_ARX_I.mat,231,232,13,244,1.00263629961166,1.01518459027196,0.0125482906602994,0.000157459598495357,0.0125482906602994,0.00586344511445583,0.00627414533014969,0.00644029547212886,0.0136710622127727,0,0.25,-0.5375,0.5625,0.0208163866168487
A3,Damped Recurrent Waves,ARX,I,/home/kaahin/degree_project/hybrid-epidemic-forecasting/results/partA/forecasts/partA_03_forecast_A3_ARX_I.mat,231,232,14,245,0.996724986243541,1.01056586672289,0.0138408804793473,0.000191569972443577,0.0138408804793473,0.00618100837245567,0.00692044023967364,0.00716700113319305,0.0137270963031838,0,0.25,-0.5375,0.5625,0.0233002944525907
A3,Damped Recurrent Waves,ARX,I,/home/kaahin/degree_project/hybrid-epidemic-forecasting/results/partA/forecasts/partA_03_forecast_A3_ARX_I.mat,238,239,1,239,1.03708011566706,1.0371720027993,9.1887132235513e-05,8.44324507046666e-09,9.1887132235513e-05,5.38786418149787e-05,4.59435661177565e-05,0.000196510322049648,0,0,1,0.2125,0.2125,0.00063542309414083
A3,Damped Recurrent Waves,ARX,I,/home/kaahin/degree_project/hybrid-epidemic-forecasting/results/partA/forecasts/partA_03_forecast_A3_ARX_I.mat,238,239,2,240,1.02968359403577,1.02983228796918,0.000148693933414989,2.21098858344213e-08,0.000148693933414989,0.000112718899984563,7.43469667074947e-05,0.000432888083223037,0,0,1,0.2125,0.2125,0.00138105246036496
A3,Damped Recurrent Waves,ARX,I,/home/kaahin/degree_project/hybrid-epidemic-forecasting/results/partA/forecasts/partA_03_forecast_A3_ARX_I.mat,238,239,3,241,1.02249456508538,1.02270995871911,0.000215393633732575,4.63944174525225e-08,0.000215393633732575,0.000179024294199476,0.000107696816866287,0.000697912507031356,0,0,1,0.2125,0.2125,0.00218327278376329
A3,Damped Recurrent Waves,ARX,I,/home/kaahin/degree_project/hybrid-epidemic-forecasting/results/partA/forecasts/partA_03_forecast_A3_ARX_I.mat,238,239,4,242,1.01556098230205,1.01592333335865,0.000362351056605759,1.3129828822331e-07,0.000362351056605759,0.00026410601898317,0.000181175528302879,0.00100730155712139,0,0,1,0.2125,0.2125,0.00312819610096271
A3,Damped Recurrent Waves,ARX,I,/home/kaahin/degree_project/hybrid-epidemic-forecasting/results/partA/forecasts/partA_03_forecast_A3_ARX_I.mat,238,239,5,243,1.0089276988261,1.00923231987194,0.000304621045838394,9.27939815676767e-08,0.000304621045838394,0.000348448047068803,0.000152310522919197,0.00141570568889042,0,0,1,0.2125,0.2125,0.00437758477909722
A3,Damped Recurrent Waves,ARX,I,/home/kaahin/degree_project/hybrid-epidemic-forecasting/results/partA/forecasts/partA_03_forecast_A3_ARX_I.mat,238,239,6,244,1.00263629961166,1.00310424108786,0.000467941476203881,2.18969225151868e-07,0.000467941476203881,0.000474026826328168,0.000233970738101941,0.00189914998037481,0,0,1,0.2125,0.2125,0.0059516008837347
A3,Damped Recurrent Waves,ARX,I,/home/kaahin/degree_project/hybrid-epidemic-forecasting/results/partA/forecasts/partA_03_forecast_A3_ARX_I.mat,238,239,7,245,0.996724986243541,0.997039189874145,0.000314203630603749,9.8723921484577e-08,0.000314203630603749,0.0005621066260551,0.000157101815301874,0.00237237800194608,0,0,1,0.2125,0.2125,0.00748167794671684
A3,Damped Recurrent Waves,ARX,I,/home/kaahin/degree_project/hybrid-epidemic-forecasting/results/partA/forecasts/partA_03_forecast_A3_ARX_I.mat,238,239,8,246,0.991228509555462,0.991252779219161,2.42696636992834e-05,5.89016576076315e-10,2.42696636992834e-05,0.000667601393275231,1.21348318496417e-05,0.0029920714378889,0,0,1,0.2125,0.2125,0.00921862389941183
A3,Damped Recurrent Waves,ARX,I,/home/kaahin/degree_project/hybrid-epidemic-forecasting/results/partA/forecasts/partA_03_forecast_A3_ARX_I.mat,238,239,9,247,0.986178144229163,0.986021380005842,-0.000156764223320893,2.45750217134029e-08,0.000156764223320893,0.000813723466593115,7.83821116604466e-05,0.00358337348800857,0,0,1,0.2125,0.2125,0.011051200329931
A3,Damped Recurrent Waves,ARX,I,/home/kaahin/degree_project/hybrid-epidemic-forecasting/results/partA/forecasts/partA_03_forecast_A3_ARX_I.mat,238,239,10,248,0.981601698820097,0.981093447640729,-0.000508251179367925,2.58319261328886e-07,0.000508251179367925,0.000966771124174922,0.000254125589683962,0.00409634446910319,0,0,1,0.2125,0.2125,0.0125038492354949
A3,Damped Recurrent Waves,ARX,I,/home/kaahin/degree_project/hybrid-epidemic-forecasting/results/partA/forecasts/partA_03_forecast_A3_ARX_I.mat,238,239,11,249,0.977523554165694,0.976262583155761,-0.00126097100993305,1.59004788789159e-06,0.00126097100993305,0.00115981791042116,0.000630485504966527,0.00458869509192868,0,0,1,0.2125,0.2125,0.0141735607920602
A3,Damped Recurrent Waves,ARX,I,/home/kaahin/degree_project/hybrid-epidemic-forecasting/results/partA/forecasts/partA_03_forecast_A3_ARX_I.mat,238,239,12,250,0.973964722894921,0.972294600572799,-0.00167012232212205,2.78930857085034e-06,0.00167012232212205,0.00131934381470167,0.000835061161061024,0.00510198600509648,0,0,1,0.2125,0.2125,0.0161219990959374
A3,Damped Recurrent Waves,ARX,I,/home/kaahin/degree_project/hybrid-epidemic-forecasting/results/partA/forecasts/partA_03_forecast_A3_ARX_I.mat,238,239,13,251,0.970942922772586,0.968511863156441,-0.0024310596161452,5.91005085725206e-06,0.0024310596161452,0.00152563673687723,0.0012155298080726,0.00564983550787492,0,0,1,0.2125,0.2125,0.0179850916348613
A3,Damped Recurrent Waves,ARX,I,/home/kaahin/degree_project/hybrid-epidemic-forecasting/results/partA/forecasts/partA_03_forecast_A3_ARX_I.mat,238,239,14,252,0.968472656871352,0.965014458805204,-0.00345819806614833,1.19591338647121e-05,0.00345819806614833,0.00174583243827184,0.00172909903307417,0.00612714693914912,0,0,1,0.2125,0.2125,0.0198219389347199
A3,Damped Recurrent Waves,ARX,I,/home/kaahin/degree_project/hybrid-epidemic-forecasting/results/partA/forecasts/partA_03_forecast_A3_ARX_I.mat,245,246,1,246,0.991228509555462,0.991124699215623,-0.000103810339838639,1.07765866574138e-08,0.000103810339838639,5.64038169116272e-05,5.19051699193196e-05,0.000201912006183003,0,0,1,0.2125,0.2125,0.000689098962958878
A3,Damped Recurrent Waves,ARX,I,/home/kaahin/degree_project/hybrid-epidemic-forecasting/results/partA/forecasts/partA_03_forecast_A3_ARX_I.mat,245,246,2,247,0.986178144229163,0.985917652765344,-0.000260491463819346,6.78558027227455e-08,0.000260491463819346,0.000124076311757167,0.000130245731909673,0.000428097670997579,0,0,1,0.2125,0.2125,0.00153187167807217
A3,Damped Recurrent Waves,ARX,I,/home/kaahin/degree_project/hybrid-epidemic-forecasting/results/partA/forecasts/partA_03_forecast_A3_ARX_I.mat,245,246,3,248,0.981601698820097,0.981084349752233,-0.000517349067864714,2.67650058020489e-07,0.000517349067864714,0.000218211098887893,0.000258674533932357,0.000723275411063162,0,0,1,0.2125,0.2125,0.00244363715526744
A3,Damped Recurrent Waves,ARX,I,/home/kaahin/degree_project/hybrid-epidemic-forecasting/results/partA/forecasts/partA_03_forecast_A3_ARX_I.mat,245,246,4,249,0.977523554165694,0.976587914449524,-0.00093563971616939,8.75421678473536e-07,0.00093563971616939,0.000358385956620671,0.000467819858084695,0.00104151843473982,0,0.0001033985119685,0.75,-0.0375,0.2125,0.00352950716448538
A3,Damped Recurrent Waves,ARX,I,/home/kaahin/degree_project/hybrid-epidemic-forecasting/results/partA/forecasts/partA_03_forecast_A3_ARX_I.mat,245,246,5,250,0.973964722894921,0.972530708399252,-0.00143401449566927,2.05639757378958e-06,0.00143401449566927,0.000549553805155512,0.000717007247834633,0.00140253451124024,0,0.00035345036412493,0.75,-0.0375,0.2125,0.00489504778595928
A3,Damped Recurrent Waves,ARX,I,/home/kaahin/degree_project/hybrid-epidemic-forecasting/results/partA/forecasts/partA_03_forecast_A3_ARX_I.mat,245,246,6,251,0.970942922772586,0.969201804379118,-0.00174111839346824,3.03149326007344e-06,0.00174111839346824,0.00072155132133619,0.000870559196734122,0.00181887191176252,0,0.000557549837516214,0.75,-0.0375,0.2125,0.00625995700601703
A3,Damped Recurrent Waves,ARX,I,/home/kaahin/degree_project/hybrid-epidemic-forecasting/results/partA/forecasts/partA_03_forecast_A3_ARX_I.mat,245,246,7,252,0.968472656871352,0.965952033596268,-0.00252062327508407,6.35354169489552e-06,0.00252062327508407,0.000966053735999857,0.00126031163754203,0.00227412813743727,0,0.000812802037020055,0.75,-0.0375,0.2125,0.00776813374870483
A3,Damped Recurrent Waves,ARX,I,/home/kaahin/degree_project/hybrid-epidemic-forecasting/results/partA/forecasts/partA_03_forecast_A3_ARX_I.mat,245,246,8,253,0.966565294054816,0.963129413938953,-0.00343588011586227,1.18052721705777e-05,0.00343588011586227,0.00131342761492545,0.00171794005793113,0.00282250953996027,0,0.00136997466927313,0.75,-0.0375,0.2125,0.00965590324847232
A3,Damped Recurrent Waves,ARX,I,/home/kaahin/degree_project/hybrid-epidemic-forecasting/results/partA/forecasts/partA_03_forecast_A3_ARX_I.mat,245,246,9,254,0.965229143955803,0.961193046528746,-0.00403609742705702,1.62900824406963e-05,0.00403609742705702,0.00161490812334788,0.00201804871352851,0.00335867121227071,0,0.00189036662926623,0.75,-0.0375,0.2125,0.0116383576233671
A3,Damped Recurrent Waves,ARX,I,/home/kaahin/degree_project/hybrid-epidemic-forecasting/results/partA/forecasts/partA_03_forecast_A3_ARX_I.mat,245,246,10,255,0.964469521519439,0.959248975270757,-0.00522054624868118,2.72541031346191e-05,0.00522054624868118,0.00198243484826675,0.00261027312434059,0.00380337841240437,0,0.0025073052804554,0.75,-0.0375,0.2125,0.0135856992262924
A3,Damped Recurrent Waves,ARX,I,/home/kaahin/degree_project/hybrid-epidemic-forecasting/results/partA/forecasts/partA_03_forecast_A3_ARX_I.mat,245,246,11,256,0.964288797219781,0.957628956627452,-0.00665984059232849,4.43534767152263e-05,0.00665984059232849,0.00245655043580958,0.00332992029616425,0.00443542817152943,0,0.00328912849344942,0.75,-0.0375,0.2125,0.0157094611082516
A3,Damped Recurrent Waves,ARX,I,/home/kaahin/degree_project/hybrid-epidemic-forecasting/results/partA/forecasts/partA_03_forecast_A3_ARX_I.mat,245,246,12,257,0.964686430217291,0.956593249245866,-0.00809318097142464,6.54995782362299e-05,0.00809318097142464,0.00292730056250615,0.00404659048571232,0.00513059838514489,0,0.00399566366042048,0.5,-0.2875,0.3625,0.0178882950793518
A3,Damped Recurrent Waves,ARX,I,/home/kaahin/degree_project/hybrid-epidemic-forecasting/results/partA/forecasts/partA_03_forecast_A3_ARX_I.mat,245,246,13,258,0.965658982964413,0.956090502226209,-0.00956848073820382,9.15558236373776e-05,0.00956848073820382,0.00353903956142431,0.00478424036910191,0.00594559992131151,0,0.00519583773599597,0.5,-0.2875,0.3625,0.0200024107515259
A3,Damped Recurrent Waves,ARX,I,/home/kaahin/degree_project/hybrid-epidemic-forecasting/results/partA/forecasts/partA_03_forecast_A3_ARX_I.mat,245,246,14,259,0.967200117048564,0.956163781864625,-0.0110363351839384,0.000121800694292237,0.0110363351839384,0.00418838665642938,0.00551816759196921,0.00665552726243813,0,0.00667404509952485,0.5,-0.2875,0.3625,0.0218428894645808
A3,Damped Recurrent Waves,ARX,I,/home/kaahin/degree_project/hybrid-epidemic-forecasting/results/partA/forecasts/partA_03_forecast_A3_ARX_I.mat,252,253,1,253,0.966565294054816,0.966373553715219,-0.000191740339596236,3.67643578284798e-08,0.000191740339596236,6.64487367910539e-05,9.58701697981179e-05,0.000203149145761625,0,0,1,0.2125,0.2125,0.000616135039789995
A3,Damped Recurrent Waves,ARX,I,/home/kaahin/degree_project/hybrid-epidemic-forecasting/results/partA/forecasts/partA_03_forecast_A3_ARX_I.mat,252,253,2,254,0.965229143955803,0.964723953551651,-0.000505190404152311,2.55217344447576e-07,0.000505190404152311,0.000178863361039277,0.000252595202076156,0.0004477202464791,0,0.000104569676121491,0.75,-0.0375,0.2125,0.00138476140595917
A3,Damped Recurrent Waves,ARX,I,/home/kaahin/degree_project/hybrid-epidemic-forecasting/results/partA/forecasts/partA_03_forecast_A3_ARX_I.mat,252,253,3,255,0.964469521519439,0.963631410410173,-0.00083811110926546,7.0243023147418e-07,0.00083811110926546,0.000335918348113502,0.00041905555463273,0.000771249933979248,0,0.000321327077898781,0.75,-0.0375,0.2125,0.00254063997279586
A3,Damped Recurrent Waves,ARX,I,/home/kaahin/degree_project/hybrid-epidemic-forecasting/results/partA/forecasts/partA_03_forecast_A3_ARX_I.mat,252,253,4,256,0.964288797219781,0.962810441822237,-0.00147835539754415,2.18553468144792e-06,0.00147835539754415,0.000541689163998163,0.000739177698772076,0.00111497770896294,0,0.000583445830256712,0.75,-0.0375,0.2125,0.00372091650202147
A3,Damped Recurrent Waves,ARX,I,/home/kaahin/degree_project/hybrid-epidemic-forecasting/results/partA/forecasts/partA_03_forecast_A3_ARX_I.mat,252,253,5,257,0.964686430217291,0.962698934413305,-0.00198749580398605,3.95013957086216e-06,0.00198749580398605,0.000771301312217052,0.000993747901993025,0.00148232193695206,0,0.00099478606603165,0.5,-0.2875,0.3625,0.00490027846212185
A3,Damped Recurrent Waves,ARX,I,/home/kaahin/degree_project/hybrid-epidemic-forecasting/results/partA/forecasts/partA_03_forecast_A3_ARX_I.mat,252,253,6,258,0.965658982964413,0.963066865888384,-0.00259211707602902,6.71907093584124e-06,0.00259211707602902,0.00106028095211534,0.00129605853801451,0.00189697905640274,0,0.00157822669010177,0.5,-0.2875,0.3625,0.00625311652358843
A3,Damped Recurrent Waves,ARX,I,/home/kaahin/degree_project/hybrid-epidemic-forecasting/results/partA/forecasts/partA_03_forecast_A3_ARX_I.mat,252,253,7,259,0.967200117048564,0.963661358084628,-0.00353875896393607,1.25228150048379e-05,0.00353875896393607,0.00138751548100898,0.00176937948196804,0.00231170289095052,0,0.00216273729162186,0.5,-0.2875,0.3625,0.00764045641676883
A3,Damped Recurrent Waves,ARX,I,/home/kaahin/degree_project/hybrid-epidemic-forecasting/results/partA/forecasts/partA_03_forecast_A3_ARX_I.mat,252,253,8,260,0.96930057134518,0.964602545928822,-0.00469802541635855,2.2071442812751e-05,0.00469802541635855,0.00175727285018826,0.00234901270817928,0.00275582779850335,0,0.00280288731916456,0.75,-0.0375,0.2125,0.00901473702026678
A3,Damped Recurrent Waves,ARX,I,/home/kaahin/degree_project/hybrid-epidemic-forecasting/results/partA/forecasts/partA_03_forecast_A3_ARX_I.mat,252,253,9,261,0.971948124797725,0.96633321964991,-0.0056149051478146,3.15271598189549e-05,0.0056149051478146,0.00214607071695424,0.0028074525739073,0.00319948664742364,0,0.00365037900496312,0.5,-0.2875,0.3625,0.0102569088588396
A3,Damped Recurrent Waves,ARX,I,/home/kaahin/degree_project/hybrid-epidemic-forecasting/results/partA/forecasts/partA_03_forecast_A3_ARX_I.mat,252,253,10,262,0.9751275473072,0.968188833577219,-0.00693871372998167,4.81457482266362e-05,0.00693871372998167,0.00281887935159006,0.00346935686499084,0.00344887349559126,0,0.00576672672157319,0.5,-0.2875,0.3625,0.0113657616756666
A3,Damped Recurrent Waves,ARX,I,/home/kaahin/degree_project/hybrid-epidemic-forecasting/results/partA/forecasts/partA_03_forecast_A3_ARX_I.mat,252,253,11,263,0.978820543263547,0.97065718208962,-0.00816336117392724,6.66404656559828e-05,0.00816336117392724,0.0032735814927767,0.00408168058696362,0.00403951760784686,0,0.00660991852268467,0.5,-0.2875,0.3625,0.0130790460217534
A3,Damped Recurrent Waves,ARX,I,/home/kaahin/degree_project/hybrid-epidemic-forecasting/results/partA/forecasts/partA_03_forecast_A3_ARX_I.mat,252,253,12,264,0.983005693150981,0.973629287631732,-0.00937640551924868,8.7916980461397e-05,0.00937640551924868,0.0039669087184601,0.00468820275962434,0.00440572482100346,0,0.00875716165244267,0.25,-0.5375,0.5625,0.0142898255509571
A3,Damped Recurrent Waves,ARX,I,/home/kaahin/degree_project/hybrid-epidemic-forecasting/results/partA/forecasts/partA_03_forecast_A3_ARX_I.mat,252,253,13,265,0.987658399378696,0.977010162228876,-0.0106482371498193,0.000113384954398792,0.0106482371498193,0.00478650341770835,0.00532411857490966,0.00477368786046988,0,0.011441458944308,0.25,-0.5375,0.5625,0.0154133405263564
A3,Damped Recurrent Waves,ARX,I,/home/kaahin/degree_project/hybrid-epidemic-forecasting/results/partA/forecasts/partA_03_forecast_A3_ARX_I.mat,252,253,14,266,0.992750843001928,0.980624074977224,-0.0121267680247037,0.000147058502724976,0.0121267680247037,0.00551095010257362,0.00606338401235185,0.00530555039088126,0,0.0134303410583482,0.25,-0.5375,0.5625,0.016815240430768
A3,Damped Recurrent Waves,ARX,I,/home/kaahin/degree_project/hybrid-epidemic-forecasting/results/partA/forecasts/partA_03_forecast_A3_ARX_I.mat,259,260,1,260,0.96930057134518,0.969309459073789,8.88772860918596e-06,7.89917198305427e-11,8.88772860918596e-06,4.65691647399544e-05,4.44386430459298e-06,0.000205117377025202,0,0,1,0.2125,0.2125,0.000627253479190321
A3,Damped Recurrent Waves,ARX,I,/home/kaahin/degree_project/hybrid-epidemic-forecasting/results/partA/forecasts/partA_03_forecast_A3_ARX_I.mat,259,260,2,261,0.971948124797725,0.971855698108812,-9.24266889125169e-05,8.54269282333118e-09,9.24266889125169e-05,0.000109299891101863,4.62133444562585e-05,0.000445636165502125,0,0,1,0.2125,0.2125,0.00147482751632771
A3,Damped Recurrent Waves,ARX,I,/home/kaahin/degree_project/hybrid-epidemic-forecasting/results/partA/forecasts/partA_03_forecast_A3_ARX_I.mat,259,260,3,262,0.9751275473072,0.974880418566428,-0.00024712874077204,6.10726145155742e-08,0.00024712874077204,0.000210377006469366,0.00012356437038602,0.000823132158726128,0,0,1,0.2125,0.2125,0.00265149417276991
A3,Damped Recurrent Waves,ARX,I,/home/kaahin/degree_project/hybrid-epidemic-forecasting/results/partA/forecasts/partA_03_forecast_A3_ARX_I.mat,259,260,4,263,0.978820543263547,0.978417462178591,-0.000403081084956014,1.62474361049317e-07,0.000403081084956014,0.000324617891136096,0.000201540542478007,0.00125923996763443,0,0,1,0.2125,0.2125,0.00396716439012609
A3,Damped Recurrent Waves,ARX,I,/home/kaahin/degree_project/hybrid-epidemic-forecasting/results/partA/forecasts/partA_03_forecast_A3_ARX_I.mat,259,260,5,264,0.983005693150981,0.982227463442758,-0.000778229708222944,6.05641478760768e-07,0.000778229708222944,0.000471819221278817,0.000389114854111472,0.00173407164164321,0,0,1,0.2125,0.2125,0.00545808706251477
A3,Damped Recurrent Waves,ARX,I,/home/kaahin/degree_project/hybrid-epidemic-forecasting/results/partA/forecasts/partA_03_forecast_A3_ARX_I.mat,259,260,6,265,0.987658399378696,0.986476443324154,-0.00118195605454152,1.39702011486736e-06,0.00118195605454152,0.00063792869859025,0.000590978027270761,0.00227970111638537,0,0,1,0.2125,0.2125,0.00705250522654591
A3,Damped Recurrent Waves,ARX,I,/home/kaahin/degree_project/hybrid-epidemic-forecasting/results/partA/forecasts/partA_03_forecast_A3_ARX_I.mat,259,260,7,266,0.992750843001928,0.991003510525499,-0.00174733247642878,3.05317078318272e-06,0.00174733247642878,0.000815807494088312,0.000873666238214388,0.00279746748518302,0,0,1,0.2125,0.2125,0.00877554744250478
A3,Damped Recurrent Waves,ARX,I,/home/kaahin/degree_project/hybrid-epidemic-forecasting/results/partA/forecasts/partA_03_forecast_A3_ARX_I.mat,259,260,8,267,0.998251958286305,0.995973467757228,-0.00227849052907758,5.19151909109624e-06,0.00227849052907758,0.00100230513959209,0.00113924526453879,0.0033711278636256,0,0,1,0.2125,0.2125,0.0106971839394309
A3,Damped Recurrent Waves,ARX,I,/home/kaahin/degree_project/hybrid-epidemic-forecasting/results/partA/forecasts/partA_03_forecast_A3_ARX_I.mat,259,260,9,268,1.00412743211706,1.00155293374623,-0.00257449837082957,6.62804186140411e-06,0.00257449837082957,0.00116709189172097,0.00128724918541478,0.00396466432732956,0,0,1,0.2125,0.2125,0.0126946502773043
A3,Damped Recurrent Waves,ARX,I,/home/kaahin/degree_project/hybrid-epidemic-forecasting/results/partA/forecasts/partA_03_forecast_A3_ARX_I.mat,259,260,10,269,1.010339735057,1.00707615916842,-0.00326357588857418,1.06509275804827e-05,0.00326357588857418,0.00140960125557519,0.00163178794428709,0.00471141770580127,0,0,1,0.2125,0.2125,0.0149678181660442
A3,Damped Recurrent Waves,ARX,I,/home/kaahin/degree_project/hybrid-epidemic-forecasting/results/partA/forecasts/partA_03_forecast_A3_ARX_I.mat,259,260,11,270,1.01684819041315,1.01339108275473,-0.00345710765841534,1.1951593361874e-05,0.00345710765841534,0.00158660498920177,0.00172855382920767,0.00541116862220032,0,0,1,0.2125,0.2125,0.0170849758585908
A3,Damped Recurrent Waves,ARX,I,/home/kaahin/degree_project/hybrid-epidemic-forecasting/results/partA/forecasts/partA_03_forecast_A3_ARX_I.mat,259,260,12,271,1.02360908698922,1.0201000129274,-0.00350907406182888,1.23136007714002e-05,0.00350907406182888,0.00173188131773921,0.00175453703091444,0.00603892889891202,0,0,1,0.2125,0.2125,0.0189994685260297
A3,Damped Recurrent Waves,ARX,I,/home/kaahin/degree_project/hybrid-epidemic-forecasting/results/partA/forecasts/partA_03_forecast_A3_ARX_I.mat,259,260,13,272,1.03057584029317,1.02671249528132,-0.00386334501184726,1.49254346805651e-05,0.00386334501184726,0.00189986991929136,0.00193167250592363,0.00661774213088747,0,0,1,0.2125,0.2125,0.02088494960704
A3,Damped Recurrent Waves,ARX,I,/home/kaahin/degree_project/hybrid-epidemic-forecasting/results/partA/forecasts/partA_03_forecast_A3_ARX_I.mat,259,260,14,273,1.03769920585862,1.03364018842862,-0.00405901743000148,1.64756224970558e-05,0.00405901743000148,0.00208107053453252,0.00202950871500074,0.0073353086903956,0,0,1,0.2125,0.2125,0.0229905407041092
A3,Damped Recurrent Waves,ARX,I,/home/kaahin/degree_project/hybrid-epidemic-forecasting/results/partA/forecasts/partA_03_forecast_A3_ARX_I.mat,266,267,1,267,0.998251958286305,0.998271237994116,1.92797078109042e-05,3.71707133273839e-10,1.92797078109042e-05,5.08158967287428e-05,9.63985390545208e-06,0.000219031681373891,0,0,1,0.2125,0.2125,0.000707686081302644
A3,Damped Recurrent Waves,ARX,I,/home/kaahin/degree_project/hybrid-epidemic-forecasting/results/partA/forecasts/partA_03_forecast_A3_ARX_I.mat,266,267,2,268,1.00412743211706,1.0042454330364,0.00011800091934111,1.39242169653472e-08,0.00011800091934111,0.000118445828913352,5.90004596705551e-05,0.000474005770439528,0,0,1,0.2125,0.2125,0.00149257019285126
A3,Damped Recurrent Waves,ARX,I,/home/kaahin/degree_project/hybrid-epidemic-forecasting/results/partA/forecasts/partA_03_forecast_A3_ARX_I.mat,266,267,3,269,1.010339735057,1.01052102797274,0.000181292915747644,3.28671213002823e-08,0.000181292915747644,0.000200699097120619,9.0646457873822e-05,0.000812499479168966,0,0,1,0.2125,0.2125,0.00249554719400219
A3,Damped Recurrent Waves,ARX,I,/home/kaahin/degree_project/hybrid-epidemic-forecasting/results/partA/forecasts/partA_03_forecast_A3_ARX_I.mat,266,267,4,270,1.01684819041315,1.0172814908646,0.00043330045144585,1.87749281223178e-07,0.00043330045144585,0.000297080773948925,0.000216650225722925,0.00112021325704724,0,0,1,0.2125,0.2125,0.00351038007917426
A3,Damped Recurrent Waves,ARX,I,/home/kaahin/degree_project/hybrid-epidemic-forecasting/results/partA/forecasts/partA_03_forecast_A3_ARX_I.mat,266,267,5,271,1.02360908698922,1.0242388701523,0.000629783163074826,3.96626832492533e-07,0.000629783163074826,0.000392369253064675,0.000314891581537413,0.00145077005725363,0,0,1,0.2125,0.2125,0.00468273033797262
A3,Damped Recurrent Waves,ARX,I,/home/kaahin/degree_project/hybrid-epidemic-forecasting/results/partA/forecasts/partA_03_forecast_A3_ARX_I.mat,266,267,6,272,1.03057584029317,1.03138947195986,0.000813631666694681,6.61996489048364e-07,0.000813631666694681,0.000487555413491016,0.00040681583334734,0.00178718352736223,0,0,1,0.2125,0.2125,0.00589139218403584
A3,Damped Recurrent Waves,ARX,I,/home/kaahin/degree_project/hybrid-epidemic-forecasting/results/partA/forecasts/partA_03_forecast_A3_ARX_I.mat,266,267,7,273,1.03769920585862,1.03876276770475,0.00106356184612966,1.13116380054272e-06,0.00106356184612966,0.000597572864392409,0.000531780923064828,0.00215729696670101,0,0,1,0.2125,0.2125,0.00741158968623384
A3,Damped Recurrent Waves,ARX,I,/home/kaahin/degree_project/hybrid-epidemic-forecasting/results/partA/forecasts/partA_03_forecast_A3_ARX_I.mat,266,267,8,274,1.04492754705274,1.04660720558361,0.00167965853086027,2.82125278029169e-06,0.00167965853086027,0.000753026531929371,0.000839829265430136,0.00254879012825203,0,0,1,0.2125,0.2125,0.00880697886856824
A3,Damped Recurrent Waves,ARX,I,/home/kaahin/degree_project/hybrid-epidemic-forecasting/results/partA/forecasts/partA_03_forecast_A3_ARX_I.mat,266,267,9,275,1.05220715831559,1.05448678445409,0.0022796261384912,5.19669533129229e-06,0.0022796261384912,0.000954344693657155,0.0011398130692456,0.00293221613788034,0.000222521914331253,0,0.75,-0.0375,0.2125,0.00993500563567595
A3,Damped Recurrent Waves,ARX,I,/home/kaahin/degree_project/hybrid-epidemic-forecasting/results/partA/forecasts/partA_03_forecast_A3_ARX_I.mat,266,267,10,276,1.05948264324611,1.06277422990194,0.00329158665582785,1.0834542712824e-05,0.00329158665582785,0.00126702368898164,0.00164579332791392,0.0034989243524348,0.000556888920068666,0,0.75,-0.0375,0.2125,0.0114194580464667
A3,Damped Recurrent Waves,ARX,I,/home/kaahin/degree_project/hybrid-epidemic-forecasting/results/partA/forecasts/partA_03_forecast_A3_ARX_I.mat,266,267,11,277,1.06669734536064,1.07118360429876,0.0044862589381216,2.0126519259876e-05,0.0044862589381216,0.00161471792196291,0.0022431294690608,0.00413265588201004,0.000890445297762277,0,0.75,-0.0375,0.2125,0.0130798513334258
A3,Damped Recurrent Waves,ARX,I,/home/kaahin/degree_project/hybrid-epidemic-forecasting/results/partA/forecasts/partA_03_forecast_A3_ARX_I.mat,266,267,12,278,1.0737938277472,1.07981472535617,0.00602089760897284,3.62512080177349e-05,0.00602089760897284,0.0020561848490801,0.00301044880448642,0.00466136605804923,0.0015810169583248,0,0.75,-0.0375,0.2125,0.014675261303685
A3,Damped Recurrent Waves,ARX,I,/home/kaahin/degree_project/hybrid-epidemic-forecasting/results/partA/forecasts/partA_03_forecast_A3_ARX_I.mat,266,267,13,279,1.0807143962704,1.0885798947753,0.00786549850490181,6.18660667306127e-05,0.00786549850490181,0.00263701010924751,0.00393274925245091,0.00525065378283127,0.00268314245633161,0,0.75,-0.0375,0.2125,0.0165314605152918
A3,Damped Recurrent Waves,ARX,I,/home/kaahin/degree_project/hybrid-epidemic-forecasting/results/partA/forecasts/partA_03_forecast_A3_ARX_I.mat,266,267,14,280,1.08740165949556,1.09740322173837,0.0100015622428156,0.000100031247296914,0.0100015622428156,0.00335873605963759,0.00500078112140778,0.00589984493526458,0.00421368621169682,0,0.5,-0.2875,0.3625,0.0185400011340004
A3,Damped Recurrent Waves,ARX,I,/home/kaahin/degree_project/hybrid-epidemic-forecasting/results/partA/forecasts/partA_03_forecast_A3_ARX_I.mat,273,274,1,274,1.04492754705274,1.04511366018601,0.000186113133269217,3.46380983752852e-08,0.000186113133269217,7.46185946160728e-05,9.30565666346084e-05,0.000180269831500401,6.24572776373178e-05,0,0.75,-0.0375,0.2125,0.000641051815927496
A3,Damped Recurrent Waves,ARX,I,/home/kaahin/degree_project/hybrid-epidemic-forecasting/results/partA/forecasts/partA_03_forecast_A3_ARX_I.mat,273,274,2,275,1.05220715831559,1.05281386576579,0.000606707450192756,3.68093930119396e-07,0.000606707450192756,0.000196187967581979,0.000303353725096378,0.000378312995383379,0.000201179133639151,0,0.75,-0.0375,0.2125,0.00126636806723313
A3,Damped Recurrent Waves,ARX,I,/home/kaahin/degree_project/hybrid-epidemic-forecasting/results/partA/forecasts/partA_03_forecast_A3_ARX_I.mat,273,274,3,276,1.05948264324611,1.06054248026743,0.00105983702132129,1.12325451176318e-06,0.00105983702132129,0.000379075489650872,0.000529918510660643,0.000668039516731622,0.000507881676036659,0,0.75,-0.0375,0.2125,0.00206454376213916
A3,Damped Recurrent Waves,ARX,I,/home/kaahin/degree_project/hybrid-epidemic-forecasting/results/partA/forecasts/partA_03_forecast_A3_ARX_I.mat,273,274,4,277,1.06669734536064,1.06859671086335,0.00189936550270953,3.60758931288301e-06,0.00189936550270953,0.00066230243776166,0.000949682751354763,0.00099130369134724,0.00103937452722547,0,0.5,-0.2875,0.3625,0.00310230586619598
A3,Damped Recurrent Waves,ARX,I,/home/kaahin/degree_project/hybrid-epidemic-forecasting/results/partA/forecasts/partA_03_forecast_A3_ARX_I.mat,273,274,5,278,1.0737938277472,1.07667108928742,0.00287726154022039,8.2786339708314e-06,0.00287726154022039,0.00106792609278812,0.00143863077011019,0.00135331477951333,0.00201372186792304,0,0.5,-0.2875,0.3625,0.00433715979004823
A3,Damped Recurrent Waves,ARX,I,/home/kaahin/degree_project/hybrid-epidemic-forecasting/results/partA/forecasts/partA_03_forecast_A3_ARX_I.mat,273,274,6,279,1.0807143962704,1.08486022583562,0.00414582956522458,1.71879027838902e-05,0.00414582956522458,0.00169551615194648,0.00207291478261229,0.00185495345225255,0.00370195444889432,0,0,-0.7875,0.7875,0.00583984763155276
A3,Damped Recurrent Waves,ARX,I,/home/kaahin/degree_project/hybrid-epidemic-forecasting/results/partA/forecasts/partA_03_forecast_A3_ARX_I.mat,273,274,7,280,1.08740165949556,1.09295169664882,0.00555003715326019,3.08029124025685e-05,0.00555003715326019,0.00254836186172914,0.00277501857663009,0.00235965945432848,0.00633295034682257,0,0,-0.7875,0.7875,0.00743465333529686
A3,Damped Recurrent Waves,ARX,I,/home/kaahin/degree_project/hybrid-epidemic-forecasting/results/partA/forecasts/partA_03_forecast_A3_ARX_I.mat,273,274,8,281,1.0937991171432,1.10130880097131,0.00750968382811257,5.63953511982154e-05,0.00750968382811257,0.00385131655083592,0.00375484191405628,0.00293778788230341,0.010638294682402,0,0,-0.7875,0.7875,0.00886558015343841
A3,Damped Recurrent Waves,ARX,I,/home/kaahin/degree_project/hybrid-epidemic-forecasting/results/partA/forecasts/partA_03_forecast_A3_ARX_I.mat,273,274,9,282,1.09985176769963,1.10967822472169,0.00982645702206342,9.65592576064594e-05,0.00982645702206342,0.00539788973343966,0.00491322851103171,0.00362347181621226,0.0157538034732345,0,0,-0.7875,0.7875,0.0104798213193304
A3,Damped Recurrent Waves,ARX,I,/home/kaahin/degree_project/hybrid-epidemic-forecasting/results/partA/forecasts/partA_03_forecast_A3_ARX_I.mat,273,274,10,283,1.10550672483641,1.1179843770467,0.0124776522102918,0.000155691804681001,0.0124776522102918,0.00722052412556523,0.00623882610514592,0.00404239538903939,0.0222111370708582,0,0,-0.7875,0.7875,0.012072913982713
A3,Damped Recurrent Waves,ARX,I,/home/kaahin/degree_project/hybrid-epidemic-forecasting/results/partA/forecasts/partA_03_forecast_A3_ARX_I.mat,273,274,11,284,1.1107138315643,1.12663563316252,0.0159218015982201,0.000253503766133084,0.0159218015982201,0.00949553787650816,0.00796090079911005,0.00446939971344465,0.030299619931732,0,0,-0.7875,0.7875,0.0138055912058691
A3,Damped Recurrent Waves,ARX,I,/home/kaahin/degree_project/hybrid-epidemic-forecasting/results/partA/forecasts/partA_03_forecast_A3_ARX_I.mat,273,274,12,285,1.11542626059344,1.13473384617136,0.0193075855779239,0.000372782860848855,0.0193075855779239,0.0121290262590754,0.00965379278896195,0.00501583127405408,0.0399109941028233,0,0,-0.7875,0.7875,0.0157397194655159
A3,Damped Recurrent Waves,ARX,I,/home/kaahin/degree_project/hybrid-epidemic-forecasting/results/partA/forecasts/partA_03_forecast_A3_ARX_I.mat,273,274,13,286,1.11960108921043,1.14244036958008,0.0228392803696513,0.00052163272780354,0.0228392803696513,0.0149577101070128,0.0114196401848257,0.00556051202835225,0.0503295432683797,0,0,-0.7875,0.7875,0.0178441268466226
A3,Damped Recurrent Waves,ARX,I,/home/kaahin/degree_project/hybrid-epidemic-forecasting/results/partA/forecasts/partA_03_forecast_A3_ARX_I.mat,273,274,14,287,1.12319983712558,1.1500661157137,0.0268662785881244,0.000721796925174712,0.0268662785881244,0.0183382366418964,0.0134331392940622,0.00616017760930169,0.0629287479851699,0,0,-0.7875,0.7875,0.01970745616949
A3,Damped Recurrent Waves,ARX,I,/home/kaahin/degree_project/hybrid-epidemic-forecasting/results/partA/forecasts/partA_03_forecast_A3_ARX_I.mat,280,281,1,281,1.0937991171432,1.09404751109999,0.000248393956786108,6.1699557767859e-08,0.000248393956786108,0.000104594526960899,0.000124196978393054,0.000230785568972702,0.000115692823958291,0,0.75,-0.0375,0.2125,0.00074607574224228
A3,Damped Recurrent Waves,ARX,I,/home/kaahin/degree_project/hybrid-epidemic-forecasting/results/partA/forecasts/partA_03_forecast_A3_ARX_I.mat,280,281,2,282,1.09985176769963,1.10076219013091,0.000910422431282365,8.28869003382093e-07,0.000910422431282365,0.000338939294131647,0.000455211215641182,0.000462883177234591,0.000607132430716639,0,0.5,-0.2875,0.3625,0.00153386109583592
A3,Damped Recurrent Waves,ARX,I,/home/kaahin/degree_project/hybrid-epidemic-forecasting/results/partA/forecasts/partA_03_forecast_A3_ARX_I.mat,280,281,3,283,1.10550672483641,1.10741901803816,0.00191229320174724,3.65686528944871e-06,0.00191229320174724,0.000905055512210306,0.00095614660087362,0.000717640129683067,0.00239896307438969,0,0.25,-0.5375,0.5625,0.00236991302929318
A3,Damped Recurrent Waves,ARX,I,/home/kaahin/degree_project/hybrid-epidemic-forecasting/results/partA/forecasts/partA_03_forecast_A3_ARX_I.mat,280,281,4,284,1.1107138315643,1.11394996465602,0.00323613309172299,1.04725573873446e-05,0.00323613309172299,0.00183154386686182,0.0016180665458615,0.00108288404208107,0.00554099681293563,0,0,-0.7875,0.7875,0.00349409863181377
A3,Damped Recurrent Waves,ARX,I,/home/kaahin/degree_project/hybrid-epidemic-forecasting/results/partA/forecasts/partA_03_forecast_A3_ARX_I.mat,280,281,5,285,1.11542626059344,1.12051938384105,0.00509312324761568,2.59399044154033e-05,0.00509312324761568,0.00301703500604385,0.00254656162380784,0.00154112649502753,0.00948896940836197,0,0,-0.7875,0.7875,0.00508712513376253
A3,Damped Recurrent Waves,ARX,I,/home/kaahin/degree_project/hybrid-epidemic-forecasting/results/partA/forecasts/partA_03_forecast_A3_ARX_I.mat,280,281,6,286,1.11960108921043,1.127092909221,0.00749182001057269,5.61273670708174e-05,0.00749182001057269,0.00446340935206318,0.00374591000528635,0.00209366607209801,0.0142457660069,0,0,-0.7875,0.7875,0.00685115151873228
A3,Damped Recurrent Waves,ARX,I,/home/kaahin/degree_project/hybrid-epidemic-forecasting/results/partA/forecasts/partA_03_forecast_A3_ARX_I.mat,280,281,7,287,1.12319983712558,1.13321619886562,0.0100163617400395,0.000100327502507327,0.0100163617400395,0.00635335194128666,0.00500818087001975,0.00276082560377054,0.0208210772619997,0,0,-0.7875,0.7875,0.00875797506342219
A3,Damped Recurrent Waves,ARX,I,/home/kaahin/degree_project/hybrid-epidemic-forecasting/results/partA/forecasts/partA_03_forecast_A3_ARX_I.mat,280,281,8,288,1.12618895619148,1.13930825865739,0.0131193024659146,0.000172116097192154,0.0131193024659146,0.00871374604214439,0.00655965123295732,0.00329554083423559,0.0293566651224568,0,0,-0.7875,0.7875,0.0105335906337158
A3,Damped Recurrent Waves,ARX,I,/home/kaahin/degree_project/hybrid-epidemic-forecasting/results/partA/forecasts/partA_03_forecast_A3_ARX_I.mat,280,281,9,289,1.1285402616402,1.14484168284655,0.0163014212063508,0.000265736333346864,0.0163014212063508,0.0114469692258337,0.0081507106031754,0.00381990662195687,0.0395407442911193,0,0,-0.7875,0.7875,0.0124341170968648
A3,Damped Recurrent Waves,ARX,I,/home/kaahin/degree_project/hybrid-epidemic-forecasting/results/partA/forecasts/partA_03_forecast_A3_ARX_I.mat,280,281,10,290,1.13023129551364,1.15087229800226,0.0206410024886181,0.000426050983735139,0.0206410024886181,0.0146596807903276,0.0103205012443091,0.00448983879837483,0.0511582235137902,0,0,-0.7875,0.7875,0.0144763484101055
A3,Damped Recurrent Waves,ARX,I,/home/kaahin/degree_project/hybrid-epidemic-forecasting/results/partA/forecasts/partA_03_forecast_A3_ARX_I.mat,280,281,11,291,1.13124561424507,1.15584842882028,0.0246028145752062,0.000605298485021978,0.0246028145752062,0.0179953039058259,0.0123014072876031,0.00535870568311181,0.0633187546055016,0,0,-0.7875,0.7875,0.0169256873814395
A3,Damped Recurrent Waves,ARX,I,/home/kaahin/degree_project/hybrid-epidemic-forecasting/results/partA/forecasts/partA_03_forecast_A3_ARX_I.mat,280,281,12,292,1.13157299385586,1.16092307687199,0.0293500830161282,0.000861427373053616,0.0293500830161282,0.0217942697455737,0.0146750415080641,0.00613011956074757,0.0772690527862701,0,0,-0.7875,0.7875,0.0193603025486066
A3,Damped Recurrent Waves,ARX,I,/home/kaahin/degree_project/hybrid-epidemic-forecasting/results/partA/forecasts/partA_03_forecast_A3_ARX_I.mat,280,281,13,293,1.13120954791971,1.16541118223623,0.0342016343165243,0.00116975178992126,0.0342016343165243,0.0260902840378109,0.0171008171582622,0.00671095073535405,0.093594510276533,0,0,-0.7875,0.7875,0.0215003561737264
A3,Damped Recurrent Waves,ARX,I,/home/kaahin/degree_project/hybrid-epidemic-forecasting/results/partA/forecasts/partA_03_forecast_A3_ARX_I.mat,280,281,14,294,1.13015775527156,1.1694726605062,0.0393149052346384,0.0015456617736086,0.0393149052346384,0.030748157333667,0.0196574526173192,0.00733191167644535,0.111377343707737,0,0,-0.7875,0.7875,0.0236418802800181
A3,Damped Recurrent Waves,ARX,I,/home/kaahin/degree_project/hybrid-epidemic-forecasting/results/partA/forecasts/partA_03_forecast_A3_ARX_I.mat,287,288,1,288,1.12618895619148,1.12662391857941,0.000434962387936277,1.89192278919229e-07,0.000434962387936277,0.0001968529632257,0.000217481193968139,0.000215352113631034,0.000453005026916475,0,0.5,-0.2875,0.3625,0.000756644898825931
A3,Damped Recurrent Waves,ARX,I,/home/kaahin/degree_project/hybrid-epidemic-forecasting/results/partA/forecasts/partA_03_forecast_A3_ARX_I.mat,287,288,2,289,1.1285402616402,1.12992787113795,0.00138760949775452,1.92546011825854e-06,0.00138760949775452,0.00065351569905872,0.000693804748877258,0.000488062127060163,0.00175895376982682,0,0,-0.7875,0.7875,0.00158207964207441
A3,Damped Recurrent Waves,ARX,I,/home/kaahin/degree_project/hybrid-epidemic-forecasting/results/partA/forecasts/partA_03_forecast_A3_ARX_I.mat,287,288,3,290,1.13023129551364,1.13304271156173,0.00281141604809187,7.90406019546853e-06,0.00281141604809187,0.00160867816480713,0.00140570802404594,0.000859874941068639,0.0049734687765175,0,0,-0.7875,0.7875,0.00267156681011571
A3,Damped Recurrent Waves,ARX,I,/home/kaahin/degree_project/hybrid-epidemic-forecasting/results/partA/forecasts/partA_03_forecast_A3_ARX_I.mat,287,288,4,291,1.13124561424507,1.13591793589624,0.00467232165116616,2.1830589611956e-05,0.00467232165116616,0.00302047945562403,0.00233616082558308,0.00121901819663037,0.0100369785280947,0,0,-0.7875,0.7875,0.00389908084102486
A3,Damped Recurrent Waves,ARX,I,/home/kaahin/degree_project/hybrid-epidemic-forecasting/results/partA/forecasts/partA_03_forecast_A3_ARX_I.mat,287,288,5,292,1.13157299385586,1.13846948929588,0.00689649544002346,4.75616493542644e-05,0.00689649544002346,0.00490871452232241,0.00344824772001173,0.00158627926877777,0.0170546883616614,0,0,-0.7875,0.7875,0.00521562615872734
A3,Damped Recurrent Waves,ARX,I,/home/kaahin/degree_project/hybrid-epidemic-forecasting/results/partA/forecasts/partA_03_forecast_A3_ARX_I.mat,287,288,6,293,1.13120954791971,1.14082612637871,0.00961657845900121,9.24785812581261e-05,0.00961657845900121,0.00723764037897342,0.00480828922950061,0.00200409348449582,0.025756998991384,0,0,-0.7875,0.7875,0.00650714701607757
A3,Damped Recurrent Waves,ARX,I,/home/kaahin/degree_project/hybrid-epidemic-forecasting/results/partA/forecasts/partA_03_forecast_A3_ARX_I.mat,287,288,7,294,1.13015775527156,1.14307479683464,0.0129170415630848,0.000166849962742461,0.0129170415630848,0.00996646436144969,0.00645852078154241,0.00243578322612074,0.0359547856188605,0,0,-0.7875,0.7875,0.00795381001599932
A3,Damped Recurrent Waves,ARX,I,/home/kaahin/degree_project/hybrid-epidemic-forecasting/results/partA/forecasts/partA_03_forecast_A3_ARX_I.mat,287,288,8,295,1.12842639634863,1.14473806476119,0.0163116684125664,0.000266070526401516,0.0163116684125664,0.0131673484480116,0.00815583420628319,0.00285904144556304,0.0482381923642059,0,0,-0.7875,0.7875,0.00940208117179475
A3,Damped Recurrent Waves,ARX,I,/home/kaahin/degree_project/hybrid-epidemic-forecasting/results/partA/forecasts/partA_03_forecast_A3_ARX_I.mat,287,288,9,296,1.12603039899524,1.14663770212003,0.0206073031247902,0.000424660942076988,0.0206073031247902,0.0166462105501248,0.0103036515623951,0.00330084869574101,0.0613034472174254,0,0,-0.7875,0.7875,0.0110458816217359
A3,Damped Recurrent Waves,ARX,I,/home/kaahin/degree_project/hybrid-epidemic-forecasting/results/partA/forecasts/partA_03_forecast_A3_ARX_I.mat,287,288,10,297,1.1229905964864,1.14806204037593,0.0250714438895328,0.000628577298705989,0.0250714438895328,0.0205096190939971,0.0125357219447664,0.00375937219576666,0.0759981917824537,0,0,-0.7875,0.7875,0.0125661446113248
A3,Damped Recurrent Waves,ARX,I,/home/kaahin/degree_project/hybrid-epidemic-forecasting/results/partA/forecasts/partA_03_forecast_A3_ARX_I.mat,287,288,11,298,1.11933340237515,1.14960475254019,0.0302713501650385,0.000916354640814374,0.0302713501650385,0.0248203386436545,0.0151356750825192,0.00430691396996735,0.0922489348439588,0,0,-0.7875,0.7875,0.0142599359693412
A3,Damped Recurrent Waves,ARX,I,/home/kaahin/degree_project/hybrid-epidemic-forecasting/results/partA/forecasts/partA_03_forecast_A3_ARX_I.mat,287,288,12,299,1.11509040849581,1.15037398473286,0.0352835762370476,0.00124493075207555,0.0352835762370476,0.0294248446005194,0.0176417881185238,0.00488809479468254,0.109881917789131,0,0,-0.7875,0.7875,0.0158488986066522
A3,Damped Recurrent Waves,ARX,I,/home/kaahin/degree_project/hybrid-epidemic-forecasting/results/partA/forecasts/partA_03_forecast_A3_ARX_I.mat,287,288,13,300,1.11029791401258,1.15132075370354,0.0410228396909584,0.00168287337631007,0.0410228396909584,0.0342569036245051,0.0205114198454792,0.00558856659294166,0.128056079871852,0,0,-0.7875,0.7875,0.0175699500592477
A3,Damped Recurrent Waves,ARX,I,/home/kaahin/degree_project/hybrid-epidemic-forecasting/results/partA/forecasts/partA_03_forecast_A3_ARX_I.mat,287,288,14,301,1.10499639475119,1.15181782510124,0.0468214303500512,0.00219224634002469,0.0468214303500512,0.0393576406397916,0.0234107151750256,0.00618725033403071,0.147511417370006,0,0,-0.7875,0.7875,0.0193688694215662
A3,Damped Recurrent Waves,ARX,I,/home/kaahin/degree_project/hybrid-epidemic-forecasting/results/partA/forecasts/partA_03_forecast_A3_ARX_I.mat,294,295,1,295,1.12842639634863,1.12897123984482,0.000544843496197878,2.96854435349127e-07,0.000544843496197878,0.000200330371857632,0.000272421748098939,0.000242576496554481,0.000386488428705922,0,0.5,-0.2875,0.3625,0.00078512110521578
A3,Damped Recurrent Waves,ARX,I,/home/kaahin/degree_project/hybrid-epidemic-forecasting/results/partA/forecasts/partA_03_forecast_A3_ARX_I.mat,294,295,2,296,1.12603039899524,1.12748170830337,0.00145130930812787,2.10629870785859e-06,0.00145130930812787,0.000767463418308373,0.000725654654063934,0.000491020507901474,0.00223691022042227,0,0,-0.7875,0.7875,0.00159955326982442
A3,Damped Recurrent Waves,ARX,I,/home/kaahin/degree_project/hybrid-epidemic-forecasting/results/partA/forecasts/partA_03_forecast_A3_ARX_I.mat,294,295,3,297,1.1229905964864,1.1258328570775,0.00284226059109915,8.07844526771532e-06,0.00284226059109915,0.00174387256128748,0.00142113029554958,0.00076408148112932,0.00566221474911477,0,0,-0.7875,0.7875,0.00246513865931647
A3,Damped Recurrent Waves,ARX,I,/home/kaahin/degree_project/hybrid-epidemic-forecasting/results/partA/forecasts/partA_03_forecast_A3_ARX_I.mat,294,295,4,298,1.11933340237515,1.12388913388049,0.00455573150533706,2.07546895487207e-05,0.00455573150533706,0.00313242178549003,0.00227786575266853,0.001037008195968,0.0107810240860686,0,0,-0.7875,0.7875,0.0034742189336362
A3,Damped Recurrent Waves,ARX,I,/home/kaahin/degree_project/hybrid-epidemic-forecasting/results/partA/forecasts/partA_03_forecast_A3_ARX_I.mat,294,295,5,299,1.11509040849581,1.1215309691477,0.00644056065188714,4.14808215106369e-05,0.00644056065188714,0.00495605591246211,0.00322028032594357,0.00132041519882501,0.0177615560813109,0,0,-0.7875,0.7875,0.00454992353601918
A3,Damped Recurrent Waves,ARX,I,/home/kaahin/degree_project/hybrid-epidemic-forecasting/results/partA/forecasts/partA_03_forecast_A3_ARX_I.mat,294,295,6,300,1.11029791401258,1.11958282303588,0.00928490902330159,8.62095355709873e-05,0.00928490902330159,0.00720681307104676,0.0046424545116508,0.00180886115780277,0.0259793431502569,0,0,-0.7875,0.7875,0.00594383807288151
A3,Damped Recurrent Waves,ARX,I,/home/kaahin/degree_project/hybrid-epidemic-forecasting/results/partA/forecasts/partA_03_forecast_A3_ARX_I.mat,294,295,7,301,1.10499639475119,1.11723411518973,0.0122377204385327,0.00014976180153168,0.0122377204385327,0.00965153847309482,0.00611886021926633,0.00223047861606593,0.0350825842935945,0,0,-0.7875,0.7875,0.00747636417194841
A3,Damped Recurrent Waves,ARX,I,/home/kaahin/degree_project/hybrid-epidemic-forecasting/results/partA/forecasts/partA_03_forecast_A3_ARX_I.mat,294,295,8,302,1.09922992315667,1.11479171056536,0.0155617874086891,0.000242169227353234,0.0155617874086891,0.012271908877967,0.00778089370434454,0.00276227168430419,0.0446804245622026,0,0,-0.7875,0.7875,0.00926077718188889
A3,Damped Recurrent Waves,ARX,I,/home/kaahin/degree_project/hybrid-epidemic-forecasting/results/partA/forecasts/partA_03_forecast_A3_ARX_I.mat,294,295,9,303,1.09304555005715,1.11220119981709,0.0191556497599412,0.000366938917725536,0.0191556497599412,0.0152105954690017,0.00957782487997061,0.00334931201066712,0.0555205427198699,0,0,-0.7875,0.7875,0.0111314476218664
A3,Damped Recurrent Waves,ARX,I,/home/kaahin/degree_project/hybrid-epidemic-forecasting/results/partA/forecasts/partA_03_forecast_A3_ARX_I.mat,294,295,10,304,1.08649265996593,1.10974070732028,0.0232480473543482,0.000540471705790014,0.0232480473543482,0.0184993845831531,0.0116240236771741,0.00383738248538008,0.0677858244616349,0,0,-0.7875,0.7875,0.0128715714004787
A3,Damped Recurrent Waves,ARX,I,/home/kaahin/degree_project/hybrid-epidemic-forecasting/results/partA/forecasts/partA_03_forecast_A3_ARX_I.mat,294,295,11,305,1.07962231191225,1.10709377178099,0.0274714598687316,0.000754681107319329,0.0274714598687316,0.0219683547062811,0.0137357299343658,0.00445271041777563,0.0806691558261237,0,0,-0.7875,0.7875,0.0146881005123108
A3,Damped Recurrent Waves,ARX,I,/home/kaahin/degree_project/hybrid-epidemic-forecasting/results/partA/forecasts/partA_03_forecast_A3_ARX_I.mat,294,295,12,306,1.07248657775835,1.10457048116715,0.0320839034087985,0.00102937685794511,0.0320839034087985,0.0258191544650813,0.0160419517043993,0.0049494789365758,0.0951947644518907,0,0,-0.7875,0.7875,0.0161212704264577
A3,Damped Recurrent Waves,ARX,I,/home/kaahin/degree_project/hybrid-epidemic-forecasting/results/partA/forecasts/partA_03_forecast_A3_ARX_I.mat,294,295,13,307,1.06513788964348,1.10215966762432,0.0370217779808382,0.00137061204486247,0.0370217779808382,0.0299605265349909,0.0185108889904191,0.00542229841043859,0.110889182006602,0,0,-0.7875,0.7875,0.0175704742257877
A3,Damped Recurrent Waves,ARX,I,/home/kaahin/degree_project/hybrid-epidemic-forecasting/results/partA/forecasts/partA_03_forecast_A3_ARX_I.mat,294,295,14,308,1.05762840761481,1.09979385307622,0.0421654454614029,0.00177792479095854,0.0421654454614029,0.0343122815587047,0.0210827227307014,0.00578699896913054,0.127535545314339,0,0,-0.7875,0.7875,0.0190973105871257
A3,Damped Recurrent Waves,ARX,I,/home/kaahin/degree_project/hybrid-epidemic-forecasting/results/partA/forecasts/partA_03_forecast_A3_ARX_I.mat,301,302,1,302,1.09922992315667,1.09959693844254,0.000367015285869909,1.34700220062171e-07,0.000367015285869909,0.000125489772129523,0.000183507642934955,0.000236785171237591,0.000144411160410307,0,0.75,-0.0375,0.2125,0.000775073283305727
A3,Damped Recurrent Waves,ARX,I,/home/kaahin/degree_project/hybrid-epidemic-forecasting/results/partA/forecasts/partA_03_forecast_A3_ARX_I.mat,301,302,2,303,1.09304555005715,1.09402804232019,0.000982492263041035,9.65291046935494e-07,0.000982492263041035,0.000375864803896937,0.000491246131520517,0.000553381494467303,0.000646763991548394,0,0.5,-0.2875,0.3625,0.0017630406782379
A3,Damped Recurrent Waves,ARX,I,/home/kaahin/degree_project/hybrid-epidemic-forecasting/results/partA/forecasts/partA_03_forecast_A3_ARX_I.mat,301,302,3,304,1.08649265996593,1.08861913793552,0.00212647796959153,4.52190855515813e-06,0.00212647796959153,0.000862322802214103,0.00106323898479577,0.000876177070503542,0.00194103655466416,0,0.25,-0.5375,0.5625,0.00283470415693438
A3,Damped Recurrent Waves,ARX,I,/home/kaahin/degree_project/hybrid-epidemic-forecasting/results/partA/forecasts/partA_03_forecast_A3_ARX_I.mat,301,302,4,305,1.07962231191225,1.08298145451933,0.0033591426070736,1.12838390546572e-05,0.0033591426070736,0.00167797239300894,0.0016795713035368,0.00128349646397922,0.00458780800102421,0,0,-0.7875,0.7875,0.00411353442176815
A3,Damped Recurrent Waves,ARX,I,/home/kaahin/degree_project/hybrid-epidemic-forecasting/results/partA/forecasts/partA_03_forecast_A3_ARX_I.mat,301,302,5,306,1.07248657775835,1.07781423123312,0.00532765347476793,2.83838915472069e-05,0.00532765347476793,0.00289510087186849,0.00266382673738397,0.001692765815901,0.00867136137012325,0,0,-0.7875,0.7875,0.00521323972888649
A3,Damped Recurrent Waves,ARX,I,/home/kaahin/degree_project/hybrid-epidemic-forecasting/results/partA/forecasts/partA_03_forecast_A3_ARX_I.mat,301,302,6,307,1.06513788964348,1.07231692916208,0.00717903951859711,5.1538608409579e-05,0.00717903951859711,0.00430643264342405,0.00358951975929855,0.00212028251728615,0.0136691446188235,0,0,-0.7875,0.7875,0.00650903624135579
A3,Damped Recurrent Waves,ARX,I,/home/kaahin/degree_project/hybrid-epidemic-forecasting/results/partA/forecasts/partA_03_forecast_A3_ARX_I.mat,301,302,7,308,1.05762840761481,1.06710181367735,0.00947340606254055,8.974542242578e-05,0.00947340606254055,0.005682758744603,0.00473670303127027,0.00274826273529121,0.018087448584152,0,0,-0.7875,0.7875,0.0084011535092588
A3,Damped Recurrent Waves,ARX,I,/home/kaahin/degree_project/hybrid-epidemic-forecasting/results/partA/forecasts/partA_03_forecast_A3_ARX_I.mat,301,302,8,309,1.050009417683,1.06178685289062,0.0117774352076234,0.000138707980069768,0.0117774352076234,0.0073478341623364,0.00588871760381171,0.00328432937121288,0.0238922067554892,0,0,-0.7875,0.7875,0.0100928954972864
A3,Damped Recurrent Waves,ARX,I,/home/kaahin/degree_project/hybrid-epidemic-forecasting/results/partA/forecasts/partA_03_forecast_A3_ARX_I.mat,301,302,9,310,1.0423307695096,1.05687690952245,0.0145461400128495,0.000211590189273421,0.0145461400128495,0.00931649724569334,0.00727307000642474,0.00377348458615203,0.0308776830130433,0,0,-0.7875,0.7875,0.0117077584284224
A3,Damped Recurrent Waves,ARX,I,/home/kaahin/degree_project/hybrid-epidemic-forecasting/results/partA/forecasts/partA_03_forecast_A3_ARX_I.mat,301,302,10,311,1.034640361729,1.05176883965545,0.0171284779264527,0.000293384756076976,0.0171284779264527,0.0115380497949006,0.00856423896322633,0.00435959800122687,0.0389973871125997,0,0,-0.7875,0.7875,0.0133168393211009
A3,Damped Recurrent Waves,ARX,I,/home/kaahin/degree_project/hybrid-epidemic-forecasting/results/partA/forecasts/partA_03_forecast_A3_ARX_I.mat,301,302,11,312,1.02698368156921,1.04692726064676,0.0199435790775462,0.000397746346422338,0.0199435790775462,0.013932974033506,0.00997178953877309,0.00493712889926595,0.0477894647127379,0,0,-0.7875,0.7875,0.0148797446357232
A3,Damped Recurrent Waves,ARX,I,/home/kaahin/degree_project/hybrid-epidemic-forecasting/results/partA/forecasts/partA_03_forecast_A3_ARX_I.mat,301,302,12,313,1.01940340400532,1.04223517060502,0.0228317665997,0.000521289566063176,0.0228317665997,0.0165699183027244,0.01141588329985,0.00535586800530427,0.0577928810571056,0,0,-0.7875,0.7875,0.0162404228618026
A3,Damped Recurrent Waves,ARX,I,/home/kaahin/degree_project/hybrid-epidemic-forecasting/results/partA/forecasts/partA_03_forecast_A3_ARX_I.mat,301,302,13,314,1.01193905419829,1.03741100096985,0.0254719467715605,0.000648820072333212,0.0254719467715605,0.019166498388939,0.0127359733857803,0.00586807032678896,0.0676451990376563,0,0,-0.7875,0.7875,0.017811741004099
A3,Damped Recurrent Waves,ARX,I,/home/kaahin/degree_project/hybrid-epidemic-forecasting/results/partA/forecasts/partA_03_forecast_A3_ARX_I.mat,301,302,14,315,1.00462673548266,1.03328320987832,0.0286564743956534,0.000821193524788741,0.0286564743956534,0.0218718881417331,0.0143282371978267,0.00640443612940637,0.0776908233105658,0,0,-0.7875,0.7875,0.0195558395390271
A3,Damped Recurrent Waves,ARX,I,/home/kaahin/degree_project/hybrid-epidemic-forecasting/results/partA/forecasts/partA_03_forecast_A3_ARX_I.mat,308,309,1,309,1.050009417683,1.05025973678815,0.000250319105152386,6.26596544042911e-08,0.000250319105152386,8.71339659228291e-05,0.000125159552576193,0.000240657099417152,2.62861946593862e-05,0,0.75,-0.0375,0.2125,0.000749425337116139
A3,Damped Recurrent Waves,ARX,I,/home/kaahin/degree_project/hybrid-epidemic-forecasting/results/partA/forecasts/partA_03_forecast_A3_ARX_I.mat,308,309,2,310,1.0423307695096,1.04308074240326,0.000749972893660411,5.6245934122537e-07,0.000749972893660411,0.000276241998949858,0.000374986446830206,0.000503339377314055,0.0003647631711301,0,0.75,-0.0375,0.2125,0.00158034979070365
A3,Damped Recurrent Waves,ARX,I,/home/kaahin/degree_project/hybrid-epidemic-forecasting/results/partA/forecasts/partA_03_forecast_A3_ARX_I.mat,308,309,3,311,1.034640361729,1.03608520675827,0.00144484502927034,2.0875771586072e-06,0.00144484502927034,0.000562039479380824,0.000722422514635168,0.000823877413938512,0.00098287772864003,0,0.5,-0.2875,0.3625,0.00253292360856988
A3,Damped Recurrent Waves,ARX,I,/home/kaahin/degree_project/hybrid-epidemic-forecasting/results/partA/forecasts/partA_03_forecast_A3_ARX_I.mat,308,309,4,312,1.02698368156921,1.02947469028868,0.00249100871946717,6.20512444046147e-06,0.00249100871946717,0.00106484048685254,0.00124550435973358,0.00112603894828987,0.00242023888281295,0,0.5,-0.2875,0.3625,0.00355494383914934
A3,Damped Recurrent Waves,ARX,I,/home/kaahin/degree_project/hybrid-epidemic-forecasting/results/partA/forecasts/partA_03_forecast_A3_ARX_I.mat,308,309,5,313,1.01940340400532,1.02296573367077,0.00356232966544812,1.26901926453317e-05,0.00356232966544812,0.00163604159550797,0.00178116483272406,0.00144096511132805,0.00414005723573374,0,0.25,-0.5375,0.5625,0.00479222376955935
A3,Damped Recurrent Waves,ARX,I,/home/kaahin/degree_project/hybrid-epidemic-forecasting/results/partA/forecasts/partA_03_forecast_A3_ARX_I.mat,308,309,6,314,1.01193905419829,1.01672696182554,0.00478790762725256,2.29240594471033e-05,0.00478790762725256,0.00238540867155853,0.00239395381362628,0.00181741783551848,0.00652296737286862,0,0.25,-0.5375,0.5625,0.00621203759224775
A3,Damped Recurrent Waves,ARX,I,/home/kaahin/degree_project/hybrid-epidemic-forecasting/results/partA/forecasts/partA_03_forecast_A3_ARX_I.mat,308,309,7,315,1.00462673548266,1.01082580439671,0.00619906891404209,3.8428455401043e-05,0.00619906891404209,0.00322246959214471,0.00309953445702105,0.00221880445440459,0.00918277425322556,0,0.25,-0.5375,0.5625,0.00755791656826843
A3,Damped Recurrent Waves,ARX,I,/home/kaahin/degree_project/hybrid-epidemic-forecasting/results/partA/forecasts/partA_03_forecast_A3_ARX_I.mat,308,309,8,316,0.99749892370806,1.00530008647323,0.00780116276516873,6.08581404886551e-05,0.00780116276516873,0.00415177271678847,0.00390058138258437,0.00263315552361269,0.0121492403193511,0,0.25,-0.5375,0.5625,0.00880835988951384
A3,Damped Recurrent Waves,ARX,I,/home/kaahin/degree_project/hybrid-epidemic-forecasting/results/partA/forecasts/partA_03_forecast_A3_ARX_I.mat,308,309,9,317,0.99058432734832,1.00017808976013,0.00959376241180609,9.20402772141835e-05,0.00959376241180609,0.00540029193226871,0.00479688120590305,0.00305953883108517,0.016444893658221,0,0,-0.7875,0.7875,0.0101469714223818
A3,Damped Recurrent Waves,ARX,I,/home/kaahin/degree_project/hybrid-epidemic-forecasting/results/partA/forecasts/partA_03_forecast_A3_ARX_I.mat,308,309,10,318,0.983907811500708,0.995659751678419,0.0117519401777112,0.000138108097940503,0.0117519401777112,0.00655875297107343,0.0058759700888556,0.00365029542236333,0.0199881228586115,0,0,-0.7875,0.7875,0.0118866156375916
A3,Damped Recurrent Waves,ARX,I,/home/kaahin/degree_project/hybrid-epidemic-forecasting/results/partA/forecasts/partA_03_forecast_A3_ARX_I.mat,308,309,11,319,0.977490382733049,0.991428586766671,0.0139382040336216,0.000194273531682864,0.0139382040336216,0.00771960310940799,0.00696910201681078,0.00438930247067919,0.023379809504846,0,0,-0.7875,0.7875,0.0139232602032807
A3,Damped Recurrent Waves,ARX,I,/home/kaahin/degree_project/hybrid-epidemic-forecasting/results/partA/forecasts/partA_03_forecast_A3_ARX_I.mat,308,309,12,320,0.971349230721131,0.987575338903352,0.0162261081822207,0.00026328658674113,0.0162261081822207,0.009108722548347,0.00811305409111035,0.00496408770093601,0.0279121096755152,0,0,-0.7875,0.7875,0.015921645292275
A3,Damped Recurrent Waves,ARX,I,/home/kaahin/degree_project/hybrid-epidemic-forecasting/results/partA/forecasts/partA_03_forecast_A3_ARX_I.mat,308,309,13,321,0.965497821768109,0.984239988664907,0.0187421668967979,0.000351268819987426,0.0187421668967979,0.0106681136447366,0.00937108344839893,0.00557968915400522,0.0330557387989108,0,0,-0.7875,0.7875,0.018050509204365
A3,Damped Recurrent Waves,ARX,I,/home/kaahin/degree_project/hybrid-epidemic-forecasting/results/partA/forecasts/partA_03_forecast_A3_ARX_I.mat,308,309,14,322,0.959946038622275,0.981319297395532,0.0213732587732565,0.000456816190588584,0.0213732587732565,0.0122438551258335,0.0106866293866282,0.00623935508338879,0.0381713635962339,0,0,-0.7875,0.7875,0.020278549082445
A3,Damped Recurrent Waves,ARX,I,/home/kaahin/degree_project/hybrid-epidemic-forecasting/results/partA/forecasts/partA_03_forecast_A3_ARX_I.mat,315,316,1,316,0.99749892370806,0.997660448461664,0.000161524753603648,2.60902460267192e-08,0.000161524753603648,6.35760546356063e-05,8.0762376801824e-05,0.000205329869058404,0,0,1,0.2125,0.2125,0.000678825362782881
A3,Damped Recurrent Waves,ARX,I,/home/kaahin/degree_project/hybrid-epidemic-forecasting/results/partA/forecasts/partA_03_forecast_A3_ARX_I.mat,315,316,2,317,0.99058432734832,0.991025347716186,0.000441020367865752,1.94498964872443e-07,0.000441020367865752,0.000162616684078828,0.000220510183932876,0.000485411080941214,2.58538134806363e-05,0,0.75,-0.0375,0.2125,0.00151280523952632
A3,Damped Recurrent Waves,ARX,I,/home/kaahin/degree_project/hybrid-epidemic-forecasting/results/partA/forecasts/partA_03_forecast_A3_ARX_I.mat,315,316,3,318,0.983907811500708,0.984914050780935,0.00100623928022681,1.01251748907136e-06,0.00100623928022681,0.000336341601534975,0.000503119640113403,0.000846167770590434,0.000164249796203553,0,0.75,-0.0375,0.2125,0.00263578993949998
A3,Damped Recurrent Waves,ARX,I,/home/kaahin/degree_project/hybrid-epidemic-forecasting/results/partA/forecasts/partA_03_forecast_A3_ARX_I.mat,315,316,4,319,0.977490382733049,0.979180639224101,0.00169025649105126,2.85696700554091e-06,0.00169025649105126,0.000574726669994789,0.000845128245525628,0.0012114217060539,0.000529720063397021,0,0.75,-0.0375,0.2125,0.00369770968310382
A3,Damped Recurrent Waves,ARX,I,/home/kaahin/degree_project/hybrid-epidemic-forecasting/results/partA/forecasts/partA_03_forecast_A3_ARX_I.mat,315,316,5,320,0.971349230721131,0.973941572784979,0.00259234206384729,6.72023737599201e-06,0.00259234206384729,0.000892784889558224,0.00129617103192364,0.00160603455113088,0.00111532641995749,0,0.75,-0.0375,0.2125,0.00499308311383673
A3,Damped Recurrent Waves,ARX,I,/home/kaahin/degree_project/hybrid-epidemic-forecasting/results/partA/forecasts/partA_03_forecast_A3_ARX_I.mat,315,316,6,321,0.965497821768109,0.969077606986183,0.00357978521807445,1.28148622075443e-05,0.00357978521807445,0.00122398718085684,0.00178989260903722,0.00196446561523387,0.0017535840895847,0,0.75,-0.0375,0.2125,0.00620536800841606
A3,Damped Recurrent Waves,ARX,I,/home/kaahin/degree_project/hybrid-epidemic-forecasting/results/partA/forecasts/partA_03_forecast_A3_ARX_I.mat,315,316,7,322,0.959946038622275,0.964763791815828,0.00481775319355304,2.32107458339905e-05,0.00481775319355304,0.00167348930915595,0.00240887659677652,0.00240067693098064,0.00272114836344461,0,0.5,-0.2875,0.3625,0.00760087885106098
A3,Damped Recurrent Waves,ARX,I,/home/kaahin/degree_project/hybrid-epidemic-forecasting/results/partA/forecasts/partA_03_forecast_A3_ARX_I.mat,315,316,8,323,0.954700360513806,0.960781641423221,0.00608128090941462,3.69819774992107e-05,0.00608128090941462,0.00224730081546009,0.00304064045470731,0.00294535072723848,0.00412686248762462,0,0.5,-0.2875,0.3625,0.00928780945614921
A3,Damped Recurrent Waves,ARX,I,/home/kaahin/degree_project/hybrid-epidemic-forecasting/results/partA/forecasts/partA_03_forecast_A3_ARX_I.mat,315,316,9,324,0.949764077013851,0.957324480956758,0.00756040394290691,5.71597077799224e-05,0.00756040394290691,0.00277673996804386,0.00378020197145346,0.00352655591877914,0.00518857196596478,0,0.5,-0.2875,0.3625,0.0110634251218443
A3,Damped Recurrent Waves,ARX,I,/home/kaahin/degree_project/hybrid-epidemic-forecasting/results/partA/forecasts/partA_03_forecast_A3_ARX_I.mat,315,316,10,325,0.94513752917449,0.954587035297494,0.00944950612300399,8.92931659686899e-05,0.00944950612300399,0.00341053931426767,0.004724753061502,0.00402289146717212,0.00659978238553038,0,0.5,-0.2875,0.3625,0.0127528055809558
A3,Damped Recurrent Waves,ARX,I,/home/kaahin/degree_project/hybrid-epidemic-forecasting/results/partA/forecasts/partA_03_forecast_A3_ARX_I.mat,315,316,11,326,0.940818371425053,0.95238793487965,0.0115695634545968,0.000133854798529942,0.0115695634545968,0.00423954485406764,0.0057847817272984,0.00454445698179397,0.00874871313421199,0,0.25,-0.5375,0.5625,0.0145705168282428
A3,Damped Recurrent Waves,ARX,I,/home/kaahin/degree_project/hybrid-epidemic-forecasting/results/partA/forecasts/partA_03_forecast_A3_ARX_I.mat,315,316,12,327,0.936801847864763,0.950596219740483,0.0137943718757205,0.000190284695445669,0.0137943718757205,0.00546582915902906,0.00689718593786026,0.00513314504865011,0.0125659002291204,0,0,-0.7875,0.7875,0.0165265283279321
A3,Damped Recurrent Waves,ARX,I,/home/kaahin/degree_project/hybrid-epidemic-forecasting/results/partA/forecasts/partA_03_forecast_A3_ARX_I.mat,315,316,13,328,0.93308107688634,0.949070834490891,0.0159897576045507,0.000255672348252286,0.0159897576045507,0.00691235695772766,0.00799487880227534,0.00580041342864817,0.017310314078851,0,0,-0.7875,0.7875,0.0186434430430903
A3,Damped Recurrent Waves,ARX,I,/home/kaahin/degree_project/hybrid-epidemic-forecasting/results/partA/forecasts/partA_03_forecast_A3_ARX_I.mat,315,316,14,329,0.929647338470724,0.948145835259007,0.0184984967882833,0.000342194383426128,0.0184984967882833,0.00860941955522826,0.00924924839414165,0.00638106599440097,0.0231120736099846,0,0,-0.7875,0.7875,0.0205568722298371
A3,Damped Recurrent Waves,ARX,I,/home/kaahin/degree_project/hybrid-epidemic-forecasting/results/partA/forecasts/partA_03_forecast_A3_ARX_I.mat,322,323,1,323,0.954700360513806,0.954959594222662,0.000259233708855722,6.72021158070931e-08,0.000259233708855722,8.65429224230323e-05,0.000129616854427861,0.000186307319941381,7.35189765344035e-05,0,0.75,-0.0375,0.2125,0.000606327392423389
A3,Damped Recurrent Waves,ARX,I,/home/kaahin/degree_project/hybrid-epidemic-forecasting/results/partA/forecasts/partA_03_forecast_A3_ARX_I.mat,322,323,2,324,0.949764077013851,0.950412110675041,0.000648033661189817,4.19947626035079e-07,0.000648033661189817,0.000231382609598746,0.000324016830594909,0.000370146432988641,0.000347058479610807,0,0.75,-0.0375,0.2125,0.00114031956338792
A3,Damped Recurrent Waves,ARX,I,/home/kaahin/degree_project/hybrid-epidemic-forecasting/results/partA/forecasts/partA_03_forecast_A3_ARX_I.mat,322,323,3,325,0.94513752917449,0.946366521258857,0.00122899208436744,1.51042154343783e-06,0.00122899208436744,0.000489001188466607,0.000614496042183721,0.000633769810570503,0.000952239495345508,0,0.25,-0.5375,0.5625,0.00198538499335868
A3,Damped Recurrent Waves,ARX,I,/home/kaahin/degree_project/hybrid-epidemic-forecasting/results/partA/forecasts/partA_03_forecast_A3_ARX_I.mat,322,323,4,326,0.940818371425053,0.942840777406558,0.00202240598150449,4.09012595402515e-06,0.00202240598150449,0.000862252844882632,0.00101120299075225,0.000970371599872416,0.00189856321134718,0,0.25,-0.5375,0.5625,0.00307984356268282
A3,Damped Recurrent Waves,ARX,I,/home/kaahin/degree_project/hybrid-epidemic-forecasting/results/partA/forecasts/partA_03_forecast_A3_ARX_I.mat,322,323,5,327,0.936801847864763,0.939867930498314,0.00306608263355146,9.40086271576585e-06,0.00306608263355146,0.00135130097528064,0.00153304131677573,0.00130668802308552,0.00324112504890162,0,0.25,-0.5375,0.5625,0.00425450167989272
A3,Damped Recurrent Waves,ARX,I,/home/kaahin/degree_project/hybrid-epidemic-forecasting/results/partA/forecasts/partA_03_forecast_A3_ARX_I.mat,322,323,6,328,0.93308107688634,0.937176959791097,0.00409588290475671,1.67762567694783e-05,0.00409588290475671,0.0020708712820617,0.00204794145237835,0.00171316386805837,0.00555781544884093,0,0,-0.7875,0.7875,0.00563061931394668
A3,Damped Recurrent Waves,ARX,I,/home/kaahin/degree_project/hybrid-epidemic-forecasting/results/partA/forecasts/partA_03_forecast_A3_ARX_I.mat,322,323,7,329,0.929647338470724,0.93505177280832,0.00540443433759585,2.92079105093851e-05,0.00540443433759585,0.00299807315906094,0.00270221716879793,0.00221804034931308,0.00857107169766325,0,0,-0.7875,0.7875,0.00722797469894165
A3,Damped Recurrent Waves,ARX,I,/home/kaahin/degree_project/hybrid-epidemic-forecasting/results/partA/forecasts/partA_03_forecast_A3_ARX_I.mat,322,323,8,330,0.926490358988501,0.933440325458799,0.00694996647029811,4.83020339382679e-05,0.00694996647029811,0.00400877629558016,0.00347498323514905,0.00273555095397664,0.011828959140985,0,0,-0.7875,0.7875,0.0090425899529937
A3,Damped Recurrent Waves,ARX,I,/home/kaahin/degree_project/hybrid-epidemic-forecasting/results/partA/forecasts/partA_03_forecast_A3_ARX_I.mat,322,323,9,331,0.92359858890775,0.932784697057818,0.00918610815006793,8.43845829447444e-05,0.00918610815006793,0.00528591989669491,0.00459305407503396,0.00327667056447193,0.0159169148956212,0,0,-0.7875,0.7875,0.0108771791119448
A3,Damped Recurrent Waves,ARX,I,/home/kaahin/degree_project/hybrid-epidemic-forecasting/results/partA/forecasts/partA_03_forecast_A3_ARX_I.mat,322,323,10,332,0.920959469419515,0.932316590960074,0.0113571215405588,0.000128984209687024,0.0113571215405588,0.00675567724129139,0.00567856077027939,0.00386132585075462,0.0208606609647772,0,0,-0.7875,0.7875,0.0126961959453996
A3,Damped Recurrent Waves,ARX,I,/home/kaahin/degree_project/hybrid-epidemic-forecasting/results/partA/forecasts/partA_03_forecast_A3_ARX_I.mat,322,323,11,333,0.918559684630593,0.932444401124043,0.0138847164934504,0.000192785352103492,0.0138847164934504,0.00864844168126378,0.00694235824672518,0.00433073394779497,0.0276448953711669,0,0,-0.7875,0.7875,0.0142923944531495
A3,Damped Recurrent Waves,ARX,I,/home/kaahin/degree_project/hybrid-epidemic-forecasting/results/partA/forecasts/partA_03_forecast_A3_ARX_I.mat,322,323,12,334,0.916385396619701,0.933186823720931,0.01680142710123,0.000282287952637946,0.01680142710123,0.0108531096278522,0.008400713550615,0.00483811109097283,0.035600168683747,0,0,-0.7875,0.7875,0.0158287324615411
A3,Damped Recurrent Waves,ARX,I,/home/kaahin/degree_project/hybrid-epidemic-forecasting/results/partA/forecasts/partA_03_forecast_A3_ARX_I.mat,322,323,13,335,0.914422461290127,0.934512671923382,0.0200902106332543,0.000403616563288526,0.0200902106332543,0.0133785106613233,0.0100451053166272,0.0054032793829022,0.0447549132764254,0,0,-0.7875,0.7875,0.0173663467244471
A3,Damped Recurrent Waves,ARX,I,/home/kaahin/degree_project/hybrid-epidemic-forecasting/results/partA/forecasts/partA_03_forecast_A3_ARX_I.mat,322,323,14,336,0.912656623564436,0.936413333307495,0.0237567097430589,0.000564381257815949,0.0237567097430589,0.0160434317656239,0.0118783548715294,0.00599879508048652,0.0543182929932917,0,0,-0.7875,0.7875,0.0193103156094593
A3,Damped Recurrent Waves,ARX,I,/home/kaahin/degree_project/hybrid-epidemic-forecasting/results/partA/forecasts/partA_03_forecast_A3_ARX_I.mat,329,330,1,330,0.926490358988501,0.926753159633189,0.000262800644688754,6.90641788488249e-08,0.000262800644688754,9.94498268300953e-05,0.000131400322344377,0.000200440446577599,0.000115683451813453,0,0.5,-0.2875,0.3625,0.000657198759550642
A3,Damped Recurrent Waves,ARX,I,/home/kaahin/degree_project/hybrid-epidemic-forecasting/results/partA/forecasts/partA_03_forecast_A3_ARX_I.mat,329,330,2,331,0.92359858890775,0.924384011890464,0.000785422982714001,6.16889261775358e-07,0.000785422982714001,0.000307346023392443,0.000392711491357001,0.000456005788777478,0.000534339825131513,0,0.5,-0.2875,0.3625,0.0014536883235399
A3,Damped Recurrent Waves,ARX,I,/home/kaahin/degree_project/hybrid-epidemic-forecasting/results/partA/forecasts/partA_03_forecast_A3_ARX_I.mat,329,330,3,332,0.920959469419515,0.92263638831102,0.00167691889150468,2.81205696868527e-06,0.00167691889150468,0.000845959110375404,0.000838459445752338,0.000710811653070531,0.00225754489786645,0,0,-0.7875,0.7875,0.00220266133798733
A3,Damped Recurrent Waves,ARX,I,/home/kaahin/degree_project/hybrid-epidemic-forecasting/results/partA/forecasts/partA_03_forecast_A3_ARX_I.mat,329,330,4,333,0.918559684630593,0.921480683111217,0.00292099848062422,8.53223212380897e-06,0.00292099848062422,0.00165650494782882,0.00146049924031211,0.00107131450588221,0.00492245851903539,0,0,-0.7875,0.7875,0.00314115727061776
A3,Damped Recurrent Waves,ARX,I,/home/kaahin/degree_project/hybrid-epidemic-forecasting/results/partA/forecasts/partA_03_forecast_A3_ARX_I.mat,329,330,5,334,0.916385396619701,0.920572913422833,0.00418751680313223,1.75352969765148e-05,0.00418751680313223,0.00269250370143295,0.00209375840156611,0.00133948029037446,0.00868302796450771,0,0,-0.7875,0.7875,0.00413637894008781
A3,Damped Recurrent Waves,ARX,I,/home/kaahin/degree_project/hybrid-epidemic-forecasting/results/partA/forecasts/partA_03_forecast_A3_ARX_I.mat,329,330,6,335,0.914422461290127,0.920411183922138,0.00598872263201089,3.58647987631594e-05,0.00598872263201089,0.00407558391686827,0.00299436131600544,0.00169344231303387,0.0136523239968679,0,0,-0.7875,0.7875,0.00520734758555555
A3,Damped Recurrent Waves,ARX,I,/home/kaahin/degree_project/hybrid-epidemic-forecasting/results/partA/forecasts/partA_03_forecast_A3_ARX_I.mat,329,330,7,336,0.912656623564436,0.92107582049217,0.00841919692773341,7.08828769079556e-05,0.00841919692773341,0.00583205939387509,0.0042095984638667,0.0020812499649623,0.0199534188436089,0,0,-0.7875,0.7875,0.00646932655621255
A3,Damped Recurrent Waves,ARX,I,/home/kaahin/degree_project/hybrid-epidemic-forecasting/results/partA/forecasts/partA_03_forecast_A3_ARX_I.mat,329,330,8,337,0.91107369104209,0.922039027274397,0.0109653362323063,0.00012023859868753,0.0109653362323063,0.00782337522797319,0.00548266811615317,0.00247451379393213,0.0272480066157941,0,0,-0.7875,0.7875,0.00778403908293024
A3,Damped Recurrent Waves,ARX,I,/home/kaahin/degree_project/hybrid-epidemic-forecasting/results/partA/forecasts/partA_03_forecast_A3_ARX_I.mat,329,330,9,338,0.909659685768577,0.923599555740216,0.0139398699716391,0.000194319974826205,0.0139398699716391,0.0100818065803214,0.00696993498581955,0.00287760847423911,0.0355205861513879,0,0,-0.7875,0.7875,0.00923078054560222
A3,Damped Recurrent Waves,ARX,I,/home/kaahin/degree_project/hybrid-epidemic-forecasting/results/partA/forecasts/partA_03_forecast_A3_ARX_I.mat,329,330,10,339,0.90840097423717,0.925726920411486,0.0173259461743162,0.000300188410835301,0.0173259461743162,0.0127132829995651,0.00866297308715808,0.00334440021479176,0.0452024001960931,0,0,-0.7875,0.7875,0.0109754406029548
A3,Damped Recurrent Waves,ARX,I,/home/kaahin/degree_project/hybrid-epidemic-forecasting/results/partA/forecasts/partA_03_forecast_A3_ARX_I.mat,329,330,11,340,0.907284376156499,0.92835661970662,0.0210722435501201,0.000444039448235576,0.0210722435501201,0.0157151500769039,0.01053612177506,0.00374657286272124,0.0564354807082862,0,0,-0.7875,0.7875,0.0123289170167512
A3,Damped Recurrent Waves,ARX,I,/home/kaahin/degree_project/hybrid-epidemic-forecasting/results/partA/forecasts/partA_03_forecast_A3_ARX_I.mat,329,330,12,341,0.906297252865797,0.931268628815965,0.0249713759501681,0.000623569616844632,0.0249713759501681,0.0191437824570755,0.012485687975084,0.00407579513131768,0.069585537950438,0,0,-0.7875,0.7875,0.0135728518388623
A3,Damped Recurrent Waves,ARX,I,/home/kaahin/degree_project/hybrid-epidemic-forecasting/results/partA/forecasts/partA_03_forecast_A3_ARX_I.mat,329,330,13,342,0.905427576564174,0.934784628642082,0.0293570520779077,0.000861836506704987,0.0293570520779077,0.0229018442816455,0.0146785260389539,0.00447861376032637,0.0839011594681245,0,0,-0.7875,0.7875,0.0150491829751287
A3,Damped Recurrent Waves,ARX,I,/home/kaahin/degree_project/hybrid-epidemic-forecasting/results/partA/forecasts/partA_03_forecast_A3_ARX_I.mat,329,330,14,343,0.904663981741778,0.938880828873295,0.0342168471315173,0.00117079262762162,0.0342168471315173,0.0271946629931998,0.0171084235657586,0.00495434398962772,0.100313215914013,0,0,-0.7875,0.7875,0.0165401009227772
A3,Damped Recurrent Waves,ARX,I,/home/kaahin/degree_project/hybrid-epidemic-forecasting/results/partA/forecasts/partA_03_forecast_A3_ARX_I.mat,336,337,1,337,0.91107369104209,0.911386903243105,0.000313212201014879,9.81018828645847e-08,0.000313212201014879,0.00014262749507081,0.000156606100507439,0.000196446728145416,0.000288770899165791,0,0.25,-0.5375,0.5625,0.000596963243952947
A3,Damped Recurrent Waves,ARX,I,/home/kaahin/degree_project/hybrid-epidemic-forecasting/results/partA/forecasts/partA_03_forecast_A3_ARX_I.mat,336,337,2,338,0.909659685768577,0.910581005356267,0.000921319587689706,8.4882978266073e-07,0.000921319587689706,0.000490620150569587,0.000460659793844853,0.000472057862493305,0.00127507302122498,0,0.25,-0.5375,0.5625,0.00145996569304413
A3,Damped Recurrent Waves,ARX,I,/home/kaahin/degree_project/hybrid-epidemic-forecasting/results/partA/forecasts/partA_03_forecast_A3_ARX_I.mat,336,337,3,339,0.90840097423717,0.910570740769327,0.00216976653215761,4.70788680407127e-06,0.00216976653215761,0.00114517304815893,0.00108488326607881,0.000749176007673161,0.00331921944296321,0,0,-0.7875,0.7875,0.0024579295673634
A3,Damped Recurrent Waves,ARX,I,/home/kaahin/degree_project/hybrid-epidemic-forecasting/results/partA/forecasts/partA_03_forecast_A3_ARX_I.mat,336,337,4,340,0.907284376156499,0.910916859800801,0.00363248364430158,1.31949374261185e-05,0.00363248364430158,0.00215698019028708,0.00181624182215079,0.00105711820044318,0.0068330508336979,0,0,-0.7875,0.7875,0.00359141653589681
A3,Damped Recurrent Waves,ARX,I,/home/kaahin/degree_project/hybrid-epidemic-forecasting/results/partA/forecasts/partA_03_forecast_A3_ARX_I.mat,336,337,5,341,0.906297252865797,0.911961978222115,0.00566472535631823,3.20891133625147e-05,0.00566472535631823,0.00340698633984593,0.00283236267815912,0.00150619335743467,0.0109928824937129,0,0,-0.7875,0.7875,0.00509653977696758
A3,Damped Recurrent Waves,ARX,I,/home/kaahin/degree_project/hybrid-epidemic-forecasting/results/partA/forecasts/partA_03_forecast_A3_ARX_I.mat,336,337,6,342,0.905427576564174,0.913467231106032,0.00803965454185795,6.46360451524172e-05,0.00803965454185795,0.00515876717448393,0.00401982727092898,0.00186708461518756,0.0173275403990611,0,0,-0.7875,0.7875,0.00667909355713367
A3,Damped Recurrent Waves,ARX,I,/home/kaahin/degree_project/hybrid-epidemic-forecasting/results/partA/forecasts/partA_03_forecast_A3_ARX_I.mat,336,337,7,343,0.904663981741778,0.915617951355282,0.0109539696135038,0.000119989450293565,0.0109539696135038,0.007312379132992,0.00547698480675191,0.0024142847638223,0.0250144365278898,0,0,-0.7875,0.7875,0.0083785755089178
A3,Damped Recurrent Waves,ARX,I,/home/kaahin/degree_project/hybrid-epidemic-forecasting/results/partA/forecasts/partA_03_forecast_A3_ARX_I.mat,336,337,8,344,0.9039958003618,0.918071911738878,0.0140761113770781,0.000198136911499907,0.0140761113770781,0.00981481874313636,0.00703805568853905,0.0029186885124562,0.0342099401431184,0,0,-0.7875,0.7875,0.0101987975612394
A3,Damped Recurrent Waves,ARX,I,/home/kaahin/degree_project/hybrid-epidemic-forecasting/results/partA/forecasts/partA_03_forecast_A3_ARX_I.mat,336,337,9,345,0.903413082447181,0.921083557966736,0.0176704755195546,0.000312245705087178,0.0176704755195546,0.0127854822104903,0.00883523775977729,0.00346451022867647,0.0452349219587527,0,0,-0.7875,0.7875,0.0120021738486975
A3,Damped Recurrent Waves,ARX,I,/home/kaahin/degree_project/hybrid-epidemic-forecasting/results/partA/forecasts/partA_03_forecast_A3_ARX_I.mat,336,337,10,346,0.902906603779488,0.924335175547933,0.0214285717684446,0.000459183688035381,0.0214285717684446,0.0161891068581509,0.0107142858842223,0.00412443839756854,0.0580122565798881,0,0,-0.7875,0.7875,0.0139783406098508
A3,Damped Recurrent Waves,ARX,I,/home/kaahin/degree_project/hybrid-epidemic-forecasting/results/partA/forecasts/partA_03_forecast_A3_ARX_I.mat,336,337,11,347,0.902467862425672,0.928577527547926,0.0261096651222537,0.000681714612796229,0.0261096651222537,0.0199312014250361,0.0130548325611268,0.00480203491786534,0.0718335389336701,0,0,-0.7875,0.7875,0.016009892404336
A3,Damped Recurrent Waves,ARX,I,/home/kaahin/degree_project/hybrid-epidemic-forecasting/results/partA/forecasts/partA_03_forecast_A3_ARX_I.mat,336,337,12,348,0.902089065777401,0.933374232098351,0.0312851663209497,0.000978761631729485,0.0312851663209497,0.024255381501047,0.0156425831604748,0.00548459454609029,0.0880220390481463,0,0,-0.7875,0.7875,0.0179757905513572
A3,Damped Recurrent Waves,ARX,I,/home/kaahin/degree_project/hybrid-epidemic-forecasting/results/partA/forecasts/partA_03_forecast_A3_ARX_I.mat,336,337,13,349,0.901763109723909,0.93848458778589,0.0367214780619814,0.00134846695105658,0.0367214780619814,0.0289295790717828,0.0183607390309907,0.00616952326691203,0.10565284352512,0,0,-0.7875,0.7875,0.019993595620074
A3,Damped Recurrent Waves,ARX,I,/home/kaahin/degree_project/hybrid-epidemic-forecasting/results/partA/forecasts/partA_03_forecast_A3_ARX_I.mat,336,337,14,350,0.901483551489164,0.944453414982569,0.0429698634934047,0.00184640916864183,0.0429698634934047,0.0341758442777219,0.0214849317467024,0.00673693102642858,0.125569436476618,0,0,-0.7875,0.7875,0.0217496612080229
A3,Damped Recurrent Waves,ARX,I,/home/kaahin/degree_project/hybrid-epidemic-forecasting/results/partA/forecasts/partA_03_forecast_A3_ARX_I.mat,343,344,1,344,0.9039958003618,0.904344039516163,0.000348239154362773,1.21270508631299e-07,0.000348239154362773,0.000133456304697031,0.000174119577181386,0.000234053878016355,0.000192379915938901,0,0.75,-0.0375,0.2125,0.000691546521139286
A3,Damped Recurrent Waves,ARX,I,/home/kaahin/degree_project/hybrid-epidemic-forecasting/results/partA/forecasts/partA_03_forecast_A3_ARX_I.mat,343,344,2,345,0.903413082447181,0.904523947634176,0.00111086518699455,1.23402146367643e-06,0.00111086518699455,0.000701586135486908,0.000555432593497274,0.000456177826247384,0.00214552718994643,0,0,-0.7875,0.7875,0.00135535487240546
A3,Damped Recurrent Waves,ARX,I,/home/kaahin/degree_project/hybrid-epidemic-forecasting/results/partA/forecasts/partA_03_forecast_A3_ARX_I.mat,343,344,3,346,0.902906603779488,0.905253326563923,0.00234672278443515,5.50710782698707e-06,0.00234672278443515,0.00169755091528138,0.00117336139221758,0.000700383561386347,0.00576523416516228,0,0,-0.7875,0.7875,0.00214714498973409
A3,Damped Recurrent Waves,ARX,I,/home/kaahin/degree_project/hybrid-epidemic-forecasting/results/partA/forecasts/partA_03_forecast_A3_ARX_I.mat,343,344,4,347,0.902467862425672,0.906531891534442,0.00406402910876991,1.65163325969291e-05,0.00406402910876991,0.00307815187566763,0.00203201455438495,0.000971952692647368,0.010847716193472,0,0,-0.7875,0.7875,0.00317201508426107
A3,Damped Recurrent Waves,ARX,I,/home/kaahin/degree_project/hybrid-epidemic-forecasting/results/partA/forecasts/partA_03_forecast_A3_ARX_I.mat,343,344,5,348,0.902089065777401,0.908508219413884,0.00641915363648238,4.12055334087649e-05,0.00641915363648238,0.00485274718020733,0.00320957681824119,0.0012694192461333,0.0173583662465585,0,0,-0.7875,0.7875,0.00426414698694455
A3,Damped Recurrent Waves,ARX,I,/home/kaahin/degree_project/hybrid-epidemic-forecasting/results/partA/forecasts/partA_03_forecast_A3_ARX_I.mat,343,344,6,349,0.901763109723909,0.911082987006731,0.00931987728282224,8.68601125668661e-05,0.00931987728282224,0.00711721902623142,0.00465993864141112,0.00164217962262772,0.0257253673540025,0,0,-0.7875,0.7875,0.0053145909830252
A3,Damped Recurrent Waves,ARX,I,/home/kaahin/degree_project/hybrid-epidemic-forecasting/results/partA/forecasts/partA_03_forecast_A3_ARX_I.mat,343,344,7,350,0.901483551489164,0.914006294690203,0.0125227432010391,0.00015681909727917,0.0125227432010391,0.00978222075379794,0.00626137160051954,0.00204927301137823,0.0357093487801929,0,0,-0.7875,0.7875,0.00655347448804472
A3,Damped Recurrent Waves,ARX,I,/home/kaahin/degree_project/hybrid-epidemic-forecasting/results/partA/forecasts/partA_03_forecast_A3_ARX_I.mat,343,344,8,351,0.901244577553815,0.917265896867408,0.0160213193135931,0.00025668267254811,0.0160213193135931,0.0129264209763876,0.00801065965679654,0.00238762441653034,0.0477706103204172,0,0,-0.7875,0.7875,0.00778324940578276
A3,Damped Recurrent Waves,ARX,I,/home/kaahin/degree_project/hybrid-epidemic-forecasting/results/partA/forecasts/partA_03_forecast_A3_ARX_I.mat,343,344,9,352,0.901040967957625,0.920764314251764,0.0197233462941385,0.000389010389038508,0.0197233462941385,0.0165526679336119,0.00986167314706926,0.00287223484822369,0.0617530977059606,0,0,-0.7875,0.7875,0.00910841900150791
A3,Damped Recurrent Waves,ARX,I,/home/kaahin/degree_project/hybrid-epidemic-forecasting/results/partA/forecasts/partA_03_forecast_A3_ARX_I.mat,343,344,10,353,0.90086805814432,0.924912946814253,0.0240448886699327,0.000578156671149458,0.0240448886699327,0.0204446067738575,0.0120224443349664,0.00338353574101247,0.0765947504063801,0,0,-0.7875,0.7875,0.0108013620766778
A3,Damped Recurrent Waves,ARX,I,/home/kaahin/degree_project/hybrid-epidemic-forecasting/results/partA/forecasts/partA_03_forecast_A3_ARX_I.mat,343,344,11,354,0.900721699372573,0.929507970670742,0.0287862712981684,0.000828649415251751,0.0287862712981684,0.0249084118222833,0.0143931356490842,0.00384254841926254,0.0938521691319281,0,0,-0.7875,0.7875,0.012303024665681
A3,Damped Recurrent Waves,ARX,I,/home/kaahin/degree_project/hybrid-epidemic-forecasting/results/partA/forecasts/partA_03_forecast_A3_ARX_I.mat,343,344,12,355,0.900598218578461,0.934787107354277,0.0341888887758158,0.00116888011572511,0.0341888887758158,0.0296844819627077,0.0170944443879079,0.00442545381544201,0.112060270628835,0,0,-0.7875,0.7875,0.0139386500976241
A3,Damped Recurrent Waves,ARX,I,/home/kaahin/degree_project/hybrid-epidemic-forecasting/results/partA/forecasts/partA_03_forecast_A3_ARX_I.mat,343,344,13,356,0.900494378439519,0.940372682467386,0.0398783040278669,0.00159027913213898,0.0398783040278669,0.034971108722979,0.0199391520139334,0.00489188567818692,0.132538951561285,0,0,-0.7875,0.7875,0.0153151036497856
A3,Damped Recurrent Waves,ARX,I,/home/kaahin/degree_project/hybrid-epidemic-forecasting/results/partA/forecasts/partA_03_forecast_A3_ARX_I.mat,343,344,14,357,0.900407338261319,0.946459287277669,0.0460519490163496,0.00212078200820446,0.0460519490163496,0.0403995663655024,0.0230259745081748,0.00547379131656121,0.153298282820025,0,0,-0.7875,0.7875,0.0169578575555799
A3,Damped Recurrent Waves,ARX,I,/home/kaahin/degree_project/hybrid-epidemic-forecasting/results/partA/forecasts/partA_03_forecast_A3_ARX_I.mat,350,351,1,351,0.901244577553815,0.901634713723778,0.000390136169963418,1.52206231113725e-07,0.000390136169963418,0.000181852849594184,0.000195068084981709,0.000231550344847636,0.000391719393344481,0,0,-0.7875,0.7875,0.000695493200217501
A3,Damped Recurrent Waves,ARX,I,/home/kaahin/degree_project/hybrid-epidemic-forecasting/results/partA/forecasts/partA_03_forecast_A3_ARX_I.mat,350,351,2,352,0.901040967957625,0.902319787968038,0.00127882001041313,1.63538061903303e-06,0.00127882001041313,0.000787183684017033,0.000639410005206564,0.000436065261344176,0.00246685131152591,0,0,-0.7875,0.7875,0.0013850685343634
A3,Damped Recurrent Waves,ARX,I,/home/kaahin/degree_project/hybrid-epidemic-forecasting/results/partA/forecasts/partA_03_forecast_A3_ARX_I.mat,350,351,3,353,0.90086805814432,0.903484530079718,0.00261647193539738,6.84592538872211e-06,0.00261647193539738,0.00182377786047413,0.00130823596769869,0.000653511874361748,0.00624525253007313,0,0,-0.7875,0.7875,0.00219906287642199
A3,Damped Recurrent Waves,ARX,I,/home/kaahin/degree_project/hybrid-epidemic-forecasting/results/partA/forecasts/partA_03_forecast_A3_ARX_I.mat,350,351,4,354,0.900721699372573,0.905143511319308,0.00442181194673497,1.95524208922881e-05,0.00442181194673497,0.00320146907568482,0.00221090597336748,0.00097573470656597,0.0112199701606482,0,0,-0.7875,0.7875,0.00327172907322482
A3,Damped Recurrent Waves,ARX,I,/home/kaahin/degree_project/hybrid-epidemic-forecasting/results/partA/forecasts/partA_03_forecast_A3_ARX_I.mat,350,351,5,355,0.900598218578461,0.907255325434406,0.00665710685594434,4.43170716914611e-05,0.00665710685594434,0.00488806096715823,0.00332855342797217,0.00134339002059336,0.0173243309036465,0,0,-0.7875,0.7875,0.00447438041437948
A3,Damped Recurrent Waves,ARX,I,/home/kaahin/degree_project/hybrid-epidemic-forecasting/results/partA/forecasts/partA_03_forecast_A3_ARX_I.mat,350,351,6,356,0.900494378439519,0.90970724131497,0.00921286287545087,8.48768423618608e-05,0.00921286287545087,0.00691608978331494,0.00460643143772543,0.00181099968740769,0.0247049728997841,0,0,-0.7875,0.7875,0.00593092391061298
A3,Damped Recurrent Waves,ARX,I,/home/kaahin/degree_project/hybrid-epidemic-forecasting/results/partA/forecasts/partA_03_forecast_A3_ARX_I.mat,350,351,7,357,0.900407338261319,0.912544368078252,0.0121370298169328,0.000147307492777115,0.0121370298169328,0.00938293506088159,0.00606851490846638,0.00239662982064393,0.0337580630448568,0,0,-0.7875,0.7875,0.00753456533433439
A3,Damped Recurrent Waves,ARX,I,/home/kaahin/degree_project/hybrid-epidemic-forecasting/results/partA/forecasts/partA_03_forecast_A3_ARX_I.mat,350,351,8,358,0.900334616186493,0.915997248368537,0.0156626321820444,0.000245318046870014,0.0156626321820444,0.0122886795487797,0.00783131609102222,0.0028245307692677,0.0446432111092185,0,0,-0.7875,0.7875,0.00910213106014002
A3,Damped Recurrent Waves,ARX,I,/home/kaahin/degree_project/hybrid-epidemic-forecasting/results/partA/forecasts/partA_03_forecast_A3_ARX_I.mat,350,351,9,359,0.900274053114855,0.919770844953336,0.0194967918384805,0.000380124891993041,0.0194967918384805,0.0155333563418867,0.00974839591924026,0.00340499006299044,0.0567467175562595,0,0,-0.7875,0.7875,0.0109330415364612
A3,Damped Recurrent Waves,ARX,I,/home/kaahin/degree_project/hybrid-epidemic-forecasting/results/partA/forecasts/partA_03_forecast_A3_ARX_I.mat,350,351,10,360,0.90022377862286,0.924453239679266,0.0242294610564062,0.000587066783083906,0.0242294610564062,0.0193087973447914,0.0121147305282031,0.00379406836901263,0.0709807891543457,0,0,-0.7875,0.7875,0.0124783664192447
A3,Damped Recurrent Waves,ARX,I,/home/kaahin/degree_project/hybrid-epidemic-forecasting/results/partA/forecasts/partA_03_forecast_A3_ARX_I.mat,350,351,11,361,0.900182179081543,0.929120928370364,0.0289387492888208,0.000837451210401226,0.0289387492888208,0.023460899058031,0.0144693746444104,0.00419883445447074,0.0869058366622582,0,0,-0.7875,0.7875,0.0139720398025765
A3,Damped Recurrent Waves,ARX,I,/home/kaahin/degree_project/hybrid-epidemic-forecasting/results/partA/forecasts/partA_03_forecast_A3_ARX_I.mat,350,351,12,362,0.900147868094621,0.934201566628687,0.0340536985340665,0.00115965438384908,0.0340536985340665,0.0279860346137539,0.0170268492670332,0.00467834854089745,0.104231957953962,0,0,-0.7875,0.7875,0.0155631900648116
A3,Damped Recurrent Waves,ARX,I,/home/kaahin/degree_project/hybrid-epidemic-forecasting/results/partA/forecasts/partA_03_forecast_A3_ARX_I.mat,350,351,13,363,0.900119659312237,0.939714760924555,0.0395951016123183,0.00156777207168981,0.0395951016123183,0.0328368378267962,0.0197975508061591,0.00519755990315544,0.122770659511268,0,0,-0.7875,0.7875,0.0172206511637488
A3,Damped Recurrent Waves,ARX,I,/home/kaahin/degree_project/hybrid-epidemic-forecasting/results/partA/forecasts/partA_03_forecast_A3_ARX_I.mat,350,351,14,364,0.900096541620639,0.945640615135611,0.0455440735149725,0.00207426263233722,0.0455440735149725,0.0381482190137199,0.0227720367574862,0.00559880049570522,0.143296148308548,0,0,-0.7875,0.7875,0.0186592609876902
A4,Amplifying Recurrent Waves,ARX,I,/home/kaahin/degree_project/hybrid-epidemic-forecasting/results/partA/forecasts/partA_03_forecast_A4_ARX_I.mat,49,50,1,50,1.02203147384211,1.02208122506364,4.97512215278384e-05,2.47518404351205e-09,4.97512215278384e-05,3.2890165746576e-05,2.48756107639192e-05,2.34220273373942e-05,9.97081077582784e-05,0,0,-0.7875,0.7875,6.90538002742214e-05
A4,Amplifying Recurrent Waves,ARX,I,/home/kaahin/degree_project/hybrid-epidemic-forecasting/results/partA/forecasts/partA_03_forecast_A4_ARX_I.mat,49,50,2,51,1.03056020224833,1.03073079100068,0.000170588752343992,2.91005224262798e-08,0.000170588752343992,0.000121768880583064,8.5294376171996e-05,5.30464791957841e-05,0.00040961910725601,0,0,-0.7875,0.7875,0.000170385050231037
A4,Amplifying Recurrent Waves,ARX,I,/home/kaahin/degree_project/hybrid-epidemic-forecasting/results/partA/forecasts/partA_03_forecast_A4_ARX_I.mat,49,50,3,52,1.03926625216349,1.0396401517996,0.00037389963611334,1.39800937885688e-07,0.00037389963611334,0.000281288287929327,0.00018694981805667,9.0836320060661e-05,0.000988011157564639,0,0,-0.7875,0.7875,0.000295678659122778
A4,Amplifying Recurrent Waves,ARX,I,/home/kaahin/degree_project/hybrid-epidemic-forecasting/results/partA/forecasts/partA_03_forecast_A4_ARX_I.mat,49,50,4,53,1.0481075144133,1.04878535956848,0.000677845155174106,4.59474054393008e-07,0.000677845155174106,0.000535908563737437,0.000338922577587053,0.000124624919710015,0.0019480410395214,0,0,-0.7875,0.7875,0.000428304447870009
A4,Amplifying Recurrent Waves,ARX,I,/home/kaahin/degree_project/hybrid-epidemic-forecasting/results/partA/forecasts/partA_03_forecast_A4_ARX_I.mat,49,50,5,54,1.05703788876747,1.0581397130315,0.00110182426403704,1.21401670882077e-06,0.00110182426403704,0.000881747477013535,0.000550912132018522,0.000177441738518114,0.00323950977602427,0,0,-0.7875,0.7875,0.000609006471282592
A4,Amplifying Recurrent Waves,ARX,I,/home/kaahin/degree_project/hybrid-epidemic-forecasting/results/partA/forecasts/partA_03_forecast_A4_ARX_I.mat,49,50,6,55,1.06600760119977,1.06764925863682,0.00164165743705147,2.6950391406264e-06,0.00164165743705147,0.00133815658996247,0.000820828718525735,0.00024102759038771,0.00495984834591767,0,0,-0.7875,0.7875,0.000807318035141946
A4,Amplifying Recurrent Waves,ARX,I,/home/kaahin/degree_project/hybrid-epidemic-forecasting/results/partA/forecasts/partA_03_forecast_A4_ARX_I.mat,49,50,7,56,1.07496359760089,1.07725628324028,0.00229268563938612,5.25640744104732e-06,0.00229268563938612,0.00193285805573383,0.00114634281969306,0.000318510292658336,0.00723300813845085,0,0,-0.7875,0.7875,0.0010186192183041
A4,Amplifying Recurrent Waves,ARX,I,/home/kaahin/degree_project/hybrid-epidemic-forecasting/results/partA/forecasts/partA_03_forecast_A4_ARX_I.mat,49,50,8,57,1.08385001130364,1.08694027113863,0.00309025983498401,9.5497058477154e-06,0.00309025983498401,0.00263748258304901,0.00154512991749201,0.000388880733675512,0.00993466097255302,0,0,-0.7875,0.7875,0.00123441782856271
A4,Amplifying Recurrent Waves,ARX,I,/home/kaahin/degree_project/hybrid-epidemic-forecasting/results/partA/forecasts/partA_03_forecast_A4_ARX_I.mat,49,50,9,58,1.09260870004363,1.09664695870019,0.00403825865656193,1.63075329772974e-05,0.00403825865656193,0.0034787859975363,0.00201912932828097,0.000472169353097329,0.0131632383075351,0,0,-0.7875,0.7875,0.00147831209473936
A4,Amplifying Recurrent Waves,ARX,I,/home/kaahin/degree_project/hybrid-epidemic-forecasting/results/partA/forecasts/partA_03_forecast_A4_ARX_I.mat,49,50,10,59,1.10117984625074,1.10629955014981,0.00511970389907135,2.62113680141664e-05,0.00511970389907135,0.00444403540701541,0.00255985194953567,0.000564406822528568,0.0168739005595051,0,0,-0.7875,0.7875,0.00175663673941401
A4,Amplifying Recurrent Waves,ARX,I,/home/kaahin/degree_project/hybrid-epidemic-forecasting/results/partA/forecasts/partA_03_forecast_A4_ARX_I.mat,49,50,11,60,1.10950261289842,1.11583875948154,0.00633614658312043,4.01467535227887e-05,0.00633614658312043,0.00548320473195065,0.00316807329156021,0.000673982856593364,0.0208323651456244,0,0,-0.7875,0.7875,0.00209171119817875
A4,Amplifying Recurrent Waves,ARX,I,/home/kaahin/degree_project/hybrid-epidemic-forecasting/results/partA/forecasts/partA_03_forecast_A4_ARX_I.mat,49,50,12,61,1.11751584557657,1.12517068036866,0.00765483479208995,5.85964956941908e-05,0.00765483479208995,0.00660343388241501,0.00382741739604497,0.000812478219407503,0.0250755568554151,0,0,-0.7875,0.7875,0.00247614345379277
A4,Amplifying Recurrent Waves,ARX,I,/home/kaahin/degree_project/hybrid-epidemic-forecasting/results/partA/forecasts/partA_03_forecast_A4_ARX_I.mat,49,50,13,62,1.12515881004927,1.13418124958888,0.00902243953961168,8.14044152459483e-05,0.00902243953961168,0.0077816352152092,0.00451121976980584,0.000966971838183883,0.0295391668604517,0,0,-0.7875,0.7875,0.00289150870207183
A4,Amplifying Recurrent Waves,ARX,I,/home/kaahin/degree_project/hybrid-epidemic-forecasting/results/partA/forecasts/partA_03_forecast_A4_ARX_I.mat,49,50,14,63,1.13237195335601,1.14278712119647,0.0104151678404585,0.000108475721144921,0.0104151678404585,0.0089766290580416,0.00520758392022924,0.0011163497538009,0.034070897087157,0,0,-0.7875,0.7875,0.00333154476077491
A4,Amplifying Recurrent Waves,ARX,I,/home/kaahin/degree_project/hybrid-epidemic-forecasting/results/partA/forecasts/partA_03_forecast_A4_ARX_I.mat,56,57,1,57,1.08385001130364,1.08383821601967,-1.17952839755464e-05,1.39128724063782e-10,1.17952839755464e-05,6.64678180608804e-06,5.89764198777321e-06,2.4012876139623e-05,0,0,1,0.2125,0.2125,6.51551393519023e-05
A4,Amplifying Recurrent Waves,ARX,I,/home/kaahin/degree_project/hybrid-epidemic-forecasting/results/partA/forecasts/partA_03_forecast_A4_ARX_I.mat,56,57,2,58,1.09260870004363,1.09254470920148,-6.39908421478097e-05,4.0948278787859e-09,6.39908421478097e-05,1.88844023071572e-05,3.19954210739049e-05,5.29843893083026e-05,0,0,1,0.2125,0.2125,0.000154179777079322
A4,Amplifying Recurrent Waves,ARX,I,/home/kaahin/degree_project/hybrid-epidemic-forecasting/results/partA/forecasts/partA_03_forecast_A4_ARX_I.mat,56,57,3,59,1.10117984625074,1.10102915144908,-0.000150694801661855,2.27089232479058e-08,0.000150694801661855,5.29569135849882e-05,7.53474008309274e-05,8.12088811041223e-05,0,8.17498291973973e-05,0.5,-0.2875,0.3625,0.000256170459689342
A4,Amplifying Recurrent Waves,ARX,I,/home/kaahin/degree_project/hybrid-epidemic-forecasting/results/partA/forecasts/partA_03_forecast_A4_ARX_I.mat,56,57,4,60,1.10950261289842,1.10920606321445,-0.000296549683973968,8.79417150650602e-08,0.000296549683973968,0.000144338321114879,0.000148274841986984,0.000117524581790401,0,0.000383723021239568,0,-0.7875,0.7875,0.000379389575985156
A4,Amplifying Recurrent Waves,ARX,I,/home/kaahin/degree_project/hybrid-epidemic-forecasting/results/partA/forecasts/partA_03_forecast_A4_ARX_I.mat,56,57,5,61,1.11751584557657,1.11694290151826,-0.000572944058315317,3.28264893958825e-07,0.000572944058315317,0.000366266853735129,0.000286472029157658,0.000157456373783638,0,0.00120427243886678,0,-0.7875,0.7875,0.000518748131449087
A4,Amplifying Recurrent Waves,ARX,I,/home/kaahin/degree_project/hybrid-epidemic-forecasting/results/partA/forecasts/partA_03_forecast_A4_ARX_I.mat,56,57,6,62,1.12515881004927,1.12416177548805,-0.000997034561223575,9.94077916274287e-07,0.000997034561223575,0.000730530196738731,0.000498517280611788,0.000203316953339416,0,0.00258555165137309,0,-0.7875,0.7875,0.000679685458740253
A4,Amplifying Recurrent Waves,ARX,I,/home/kaahin/degree_project/hybrid-epidemic-forecasting/results/partA/forecasts/partA_03_forecast_A4_ARX_I.mat,56,57,7,63,1.13237195335601,1.13074076113112,-0.00163119222488817,2.66078807453561e-06,0.00163119222488817,0.0013058423256546,0.000815596112444084,0.000256595794812192,0,0.00480409855818942,0,-0.7875,0.7875,0.000849140316501795
A4,Amplifying Recurrent Waves,ARX,I,/home/kaahin/degree_project/hybrid-epidemic-forecasting/results/partA/forecasts/partA_03_forecast_A4_ARX_I.mat,56,57,8,64,1.1390976755568,1.13653484673219,-0.00256282882460757,6.5680915842394e-06,0.00256282882460757,0.00213739494242768,0.00128141441230378,0.00032905062312959,0,0.00800781220549118,0,-0.7875,0.7875,0.00108874360019773
A4,Amplifying Recurrent Waves,ARX,I,/home/kaahin/degree_project/hybrid-epidemic-forecasting/results/partA/forecasts/partA_03_forecast_A4_ARX_I.mat,56,57,9,65,1.14528109854342,1.1414506137398,-0.0038304848036208,1.46726138307699e-05,0.0038304848036208,0.00329137384363581,0.0019152424018104,0.000404251383089305,0,0.0124916885114614,0,-0.7875,0.7875,0.00133536296194042
A4,Amplifying Recurrent Waves,ARX,I,/home/kaahin/degree_project/hybrid-epidemic-forecasting/results/partA/forecasts/partA_03_forecast_A4_ARX_I.mat,56,57,10,66,1.15087081797014,1.14537986760467,-0.00549095036546232,3.01505359159708e-05,0.00549095036546232,0.00485894018395378,0.00274547518273116,0.000487139791613284,0,0.0186326158534476,0,-0.7875,0.7875,0.0015821089860642
A4,Amplifying Recurrent Waves,ARX,I,/home/kaahin/degree_project/hybrid-epidemic-forecasting/results/partA/forecasts/partA_03_forecast_A4_ARX_I.mat,56,57,11,67,1.15581962431822,1.14815617941919,-0.00766344489902293,5.87283877203606e-05,0.00766344489902293,0.00693224795698818,0.00383172244951147,0.000569508322534856,0,0.0267938850344005,0,-0.7875,0.7875,0.00184420108284372
A4,Amplifying Recurrent Waves,ARX,I,/home/kaahin/degree_project/hybrid-epidemic-forecasting/results/partA/forecasts/partA_03_forecast_A4_ARX_I.mat,56,57,12,68,1.16008517941027,1.14966878372374,-0.0104163956865344,0.000108501299098453,0.0104163956865344,0.00959826475143909,0.0052081978432672,0.000643927427335567,0,0.0373400661108731,0,-0.7875,0.7875,0.00212701089798623
A4,Amplifying Recurrent Waves,ARX,I,/home/kaahin/degree_project/hybrid-epidemic-forecasting/results/partA/forecasts/partA_03_forecast_A4_ARX_I.mat,56,57,13,69,1.16363063533412,1.14973523944402,-0.0138953958901062,0.000193082026942781,0.0138953958901062,0.0129634978231465,0.00694769794505312,0.000742978518604059,0,0.0506450637405023,0,-0.7875,0.7875,0.00244555189057455
A4,Amplifying Recurrent Waves,ARX,I,/home/kaahin/degree_project/hybrid-epidemic-forecasting/results/partA/forecasts/partA_03_forecast_A4_ARX_I.mat,56,57,14,70,1.16642518371225,1.14825279544408,-0.0181723882681686,0.000330235695369071,0.0181723882681686,0.0171079685939384,0.00908619413408429,0.000873145116887958,0,0.0670265194217505,0,-0.7875,0.7875,0.00281824443967815
A4,Amplifying Recurrent Waves,ARX,I,/home/kaahin/degree_project/hybrid-epidemic-forecasting/results/partA/forecasts/partA_03_forecast_A4_ARX_I.mat,63,64,1,64,1.1390976755568,1.13896350732969,-0.000134168227111431,1.80011131662245e-08,0.000134168227111431,9.28754728082108e-05,6.70841135557154e-05,3.26164792872341e-05,0,0.000318239034793999,0,-0.7875,0.7875,8.46848984953907e-05
A4,Amplifying Recurrent Waves,ARX,I,/home/kaahin/degree_project/hybrid-epidemic-forecasting/results/partA/forecasts/partA_03_forecast_A4_ARX_I.mat,63,64,2,65,1.14528109854342,1.14485341846516,-0.000427680078262327,1.8291024934247e-07,0.000427680078262327,0.000344065891985565,0.000213840039131163,7.13028452272502e-05,0,0.00126315362957663,0,-0.7875,0.7875,0.000208857027542864
A4,Amplifying Recurrent Waves,ARX,I,/home/kaahin/degree_project/hybrid-epidemic-forecasting/results/partA/forecasts/partA_03_forecast_A4_ARX_I.mat,63,64,3,66,1.15087081797014,1.14990817186563,-0.000962646104506248,9.26687522521055e-07,0.000962646104506248,0.000829062305408801,0.000481323052253124,0.000119376542285554,0,0.00313008077980093,0,-0.7875,0.7875,0.000350624407570499
A4,Amplifying Recurrent Waves,ARX,I,/home/kaahin/degree_project/hybrid-epidemic-forecasting/results/partA/forecasts/partA_03_forecast_A4_ARX_I.mat,63,64,4,67,1.15581962431822,1.15402238957867,-0.00179723473954763,3.23005270903682e-06,0.00179723473954763,0.00161141520554782,0.000898617369773813,0.000171212499872619,0,0.00618153855531878,0,-0.7875,0.7875,0.000511065374198538
A4,Amplifying Recurrent Waves,ARX,I,/home/kaahin/degree_project/hybrid-epidemic-forecasting/results/partA/forecasts/partA_03_forecast_A4_ARX_I.mat,63,64,5,68,1.16008517941027,1.15706828441271,-0.00301689499756375,9.10165542632516e-06,0.00301689499756375,0.00277350468377177,0.00150844749878187,0.000226057585539247,0,0.0107462659926518,0,-0.7875,0.7875,0.000698554088715442
A4,Amplifying Recurrent Waves,ARX,I,/home/kaahin/degree_project/hybrid-epidemic-forecasting/results/partA/forecasts/partA_03_forecast_A4_ARX_I.mat,63,64,6,69,1.16363063533412,1.15893915595445,-0.00469147937967063,2.20099787698747e-05,0.00469147937967063,0.00439754845843081,0.00234573968983531,0.000297364752791651,0,0.0171458636203117,0,-0.7875,0.7875,0.000895217343078014
A4,Amplifying Recurrent Waves,ARX,I,/home/kaahin/degree_project/hybrid-epidemic-forecasting/results/partA/forecasts/partA_03_forecast_A4_ARX_I.mat,63,64,7,70,1.16642518371225,1.1595287561352,-0.006896427577048,4.75607133254682e-05,0.006896427577048,0.00654687701928711,0.003448213788524,0.000367281456140867,0,0.0256454513421271,0,-0.7875,0.7875,0.00111333505048289
A4,Amplifying Recurrent Waves,ARX,I,/home/kaahin/degree_project/hybrid-epidemic-forecasting/results/partA/forecasts/partA_03_forecast_A4_ARX_I.mat,63,64,8,71,1.16844452454205,1.15866916144019,-0.00977536310185689,9.55577237731452e-05,0.00977536310185689,0.00933980176927223,0.00488768155092845,0.000449057576287021,0,0.0366923688345095,0,-0.7875,0.7875,0.00136385821758567
A4,Amplifying Recurrent Waves,ARX,I,/home/kaahin/degree_project/hybrid-epidemic-forecasting/results/partA/forecasts/partA_03_forecast_A4_ARX_I.mat,63,64,9,72,1.16967124540443,1.15622070887577,-0.0134505365286672,0.000180916932909012,0.0134505365286672,0.0128810152088439,0.00672526826433362,0.00054237537002082,0,0.050696924805443,0,-0.7875,0.7875,0.00166546474748286
A4,Amplifying Recurrent Waves,ARX,I,/home/kaahin/degree_project/hybrid-epidemic-forecasting/results/partA/forecasts/partA_03_forecast_A4_ARX_I.mat,63,64,10,73,1.17009510365501,1.15216198500651,-0.0179331186485014,0.00032159674446123,0.0179331186485014,0.0172652407556039,0.00896655932425072,0.000667204670223637,0,0.0680598194057431,0,-0.7875,0.7875,0.00202893286391687
A4,Amplifying Recurrent Waves,ARX,I,/home/kaahin/degree_project/hybrid-epidemic-forecasting/results/partA/forecasts/partA_03_forecast_A4_ARX_I.mat,63,64,11,74,1.16971320622619,1.14629497436372,-0.0234182318624645,0.000548413583564148,0.0234182318624645,0.0226170644431638,0.0117091159312323,0.000765818327825402,0,0.0893018557351795,0,-0.7875,0.7875,0.00238513538241902
A4,Amplifying Recurrent Waves,ARX,I,/home/kaahin/degree_project/hybrid-epidemic-forecasting/results/partA/forecasts/partA_03_forecast_A4_ARX_I.mat,63,64,12,75,1.16853008382646,1.13857965529742,-0.0299504285290364,0.000897028169072917,0.0299504285290364,0.0290276009087277,0.0149752142645182,0.000869406226001485,0,0.114779583598755,0,-0.7875,0.7875,0.00277230694775032
A4,Amplifying Recurrent Waves,ARX,I,/home/kaahin/degree_project/hybrid-epidemic-forecasting/results/partA/forecasts/partA_03_forecast_A4_ARX_I.mat,63,64,13,76,1.16655765856671,1.12894682691035,-0.0376108316563608,0.00141457465788311,0.0376108316563608,0.0365593922640505,0.0188054158281804,0.000987496819851602,0,0.144724352540195,0,-0.7875,0.7875,0.00317823287141195
A4,Amplifying Recurrent Waves,ARX,I,/home/kaahin/degree_project/hybrid-epidemic-forecasting/results/partA/forecasts/partA_03_forecast_A4_ARX_I.mat,63,64,14,77,1.16381510631036,1.11733234576973,-0.0464827605406297,0.00216064702747752,0.0464827605406297,0.0453172688270019,0.0232413802703149,0.0010993584640691,0,0.179586970987125,0,-0.7875,0.7875,0.00355667981567198
A4,Amplifying Recurrent Waves,ARX,I,/home/kaahin/degree_project/hybrid-epidemic-forecasting/results/partA/forecasts/partA_03_forecast_A4_ARX_I.mat,70,71,1,71,1.16844452454205,1.16818337837235,-0.000261146169702409,6.81973219502392e-08,0.000261146169702409,0.000176818832932009,0.000130573084851204,5.08099151465158e-05,0,0.000614301748196322,0,-0.7875,0.7875,0.000169112329114374
A4,Amplifying Recurrent Waves,ARX,I,/home/kaahin/degree_project/hybrid-epidemic-forecasting/results/partA/forecasts/partA_03_forecast_A4_ARX_I.mat,70,71,2,72,1.16967124540443,1.16885732728577,-0.000813918118665047,6.62462703891249e-07,0.000813918118665047,0.000659627733940285,0.000406959059332523,0.000120692284721269,0,0.00244067345867749,0,-0.7875,0.7875,0.000376766604690493
A4,Amplifying Recurrent Waves,ARX,I,/home/kaahin/degree_project/hybrid-epidemic-forecasting/results/partA/forecasts/partA_03_forecast_A4_ARX_I.mat,70,71,3,73,1.17009510365501,1.16832076536773,-0.00177433828728235,3.14827635771607e-06,0.00177433828728235,0.00151219993222744,0.000887169143641175,0.00020769066409228,0,0.00571003988729002,0,-0.7875,0.7875,0.000666042239699127
A4,Amplifying Recurrent Waves,ARX,I,/home/kaahin/degree_project/hybrid-epidemic-forecasting/results/partA/forecasts/partA_03_forecast_A4_ARX_I.mat,70,71,4,74,1.16971320622619,1.16654981269748,-0.00316339352870298,1.00070586174399e-05,0.00316339352870298,0.00280756179735814,0.00158169676435149,0.000330303258954884,0,0.0107220280648053,0,-0.7875,0.7875,0.00103394734024886
A4,Amplifying Recurrent Waves,ARX,I,/home/kaahin/degree_project/hybrid-epidemic-forecasting/results/partA/forecasts/partA_03_forecast_A4_ARX_I.mat,70,71,5,75,1.16853008382646,1.16340631953956,-0.00512376428689931,2.62529604677048e-05,0.00512376428689931,0.00462202723969628,0.00256188214344966,0.000460309017325866,0,0.0177769314178577,0,-0.7875,0.7875,0.0014866250859602
A4,Amplifying Recurrent Waves,ARX,I,/home/kaahin/degree_project/hybrid-epidemic-forecasting/results/partA/forecasts/partA_03_forecast_A4_ARX_I.mat,70,71,6,76,1.16655765856671,1.15889366785464,-0.0076639907120708,5.87367536347075e-05,0.0076639907120708,0.00705980735222003,0.0038319953560354,0.000584952037428338,0,0.0273521856915264,0,-0.7875,0.7875,0.00197948347403443
A4,Amplifying Recurrent Waves,ARX,I,/home/kaahin/degree_project/hybrid-epidemic-forecasting/results/partA/forecasts/partA_03_forecast_A4_ARX_I.mat,70,71,7,77,1.16381510631036,1.15278395347787,-0.0110311528324885,0.000121686332813718,0.0110311528324885,0.0102300550924976,0.00551557641624423,0.000712671096525008,0,0.0398070004034698,0,-0.7875,0.7875,0.00245839644228391
A4,Amplifying Recurrent Waves,ARX,I,/home/kaahin/degree_project/hybrid-epidemic-forecasting/results/partA/forecasts/partA_03_forecast_A4_ARX_I.mat,70,71,8,78,1.16032861727303,1.14513722918279,-0.015191388090241,0.000230778272108316,0.015191388090241,0.0141893445089879,0.0075956940451205,0.000875423146780668,0,0.0553809330985442,0,-0.7875,0.7875,0.00296747959216243
A4,Amplifying Recurrent Waves,ARX,I,/home/kaahin/degree_project/hybrid-epidemic-forecasting/results/partA/forecasts/partA_03_forecast_A4_ARX_I.mat,70,71,9,79,1.15613106052547,1.13589304996866,-0.0202380105568116,0.000409577071297619,0.0202380105568116,0.0189978511407136,0.0101190052784058,0.00105504212923997,0,0.0743162827255652,0,-0.7875,0.7875,0.00353441076084055
A4,Amplifying Recurrent Waves,ARX,I,/home/kaahin/degree_project/hybrid-epidemic-forecasting/results/partA/forecasts/partA_03_forecast_A4_ARX_I.mat,70,71,10,80,1.15126156002278,1.12501360719925,-0.0262479528235271,0.000688955027426104,0.0262479528235271,0.024759426860529,0.0131239764117635,0.0012207315743103,0,0.0970727128863065,0,-0.7875,0.7875,0.00408940519021639
A4,Amplifying Recurrent Waves,ARX,I,/home/kaahin/degree_project/hybrid-epidemic-forecasting/results/partA/forecasts/partA_03_forecast_A4_ARX_I.mat,70,71,11,81,1.14576499153988,1.112601620888,-0.0331633706518835,0.00109980915299421,0.0331633706518835,0.0315255224446987,0.0165816853259417,0.0014226221185582,0,0.123860543556644,0,-0.7875,0.7875,0.00467403961531315
A4,Amplifying Recurrent Waves,ARX,I,/home/kaahin/degree_project/hybrid-epidemic-forecasting/results/partA/forecasts/partA_03_forecast_A4_ARX_I.mat,70,71,12,82,1.13969141139002,1.09849217907278,-0.0411992323172339,0.00169737674352941,0.0411992323172339,0.0393442632841017,0.0205996161586169,0.00164576732094686,0,0.154803801298894,0,-0.7875,0.7875,0.00531129322438134
A4,Amplifying Recurrent Waves,ARX,I,/home/kaahin/degree_project/hybrid-epidemic-forecasting/results/partA/forecasts/partA_03_forecast_A4_ARX_I.mat,70,71,13,83,1.13309542900156,1.0826963805429,-0.0503990484586612,0.00254006408553848,0.0503990484586612,0.0482971755949842,0.0251995242293306,0.00187508599372899,0,0.190262679954369,0,-0.7875,0.7875,0.00599837064504744
A4,Amplifying Recurrent Waves,ARX,I,/home/kaahin/degree_project/hybrid-epidemic-forecasting/results/partA/forecasts/partA_03_forecast_A4_ARX_I.mat,70,71,14,84,1.12603553629897,1.0652314593617,-0.060804076937266,0.00369713577219296,0.060804076937266,0.0584326483484871,0.030402038468633,0.00211414123994096,0,0.230430737859618,0,-0.7875,0.7875,0.00667948579675959
A4,Amplifying Recurrent Waves,ARX,I,/home/kaahin/degree_project/hybrid-epidemic-forecasting/results/partA/forecasts/partA_03_forecast_A4_ARX_I.mat,77,78,1,78,1.16032861727303,1.15998716079651,-0.000341456476518509,1.16592525356435e-07,0.000341456476518509,0.000192853879206568,0.000170728238259255,8.98273537580541e-05,0,0.000607286864412249,0,-0.7875,0.7875,0.000285038663240977
A4,Amplifying Recurrent Waves,ARX,I,/home/kaahin/degree_project/hybrid-epidemic-forecasting/results/partA/forecasts/partA_03_forecast_A4_ARX_I.mat,77,78,2,79,1.15613106052547,1.15504665622209,-0.00108440430338108,1.17593269319141e-06,0.00108440430338108,0.000761213530124289,0.000542202151690541,0.000223668114710324,0,0.00265959061915844,0,-0.7875,0.7875,0.000678898721825527
A4,Amplifying Recurrent Waves,ARX,I,/home/kaahin/degree_project/hybrid-epidemic-forecasting/results/partA/forecasts/partA_03_forecast_A4_ARX_I.mat,77,78,3,80,1.15126156002278,1.14891679277604,-0.00234476724673605,5.49793344136614e-06,0.00234476724673605,0.00179758504145487,0.00117238362336802,0.00035985342868165,0,0.00655689563449724,0,-0.7875,0.7875,0.00113392719628774
A4,Amplifying Recurrent Waves,ARX,I,/home/kaahin/degree_project/hybrid-epidemic-forecasting/results/partA/forecasts/partA_03_forecast_A4_ARX_I.mat,77,78,4,81,1.14576499153988,1.14166210728444,-0.00410288425543937,1.68336592135322e-05,0.00410288425543937,0.0033167515124662,0.00205144212771968,0.000515749460571302,0,0.0123581902178069,0,-0.7875,0.7875,0.0016619812823172
A4,Amplifying Recurrent Waves,ARX,I,/home/kaahin/degree_project/hybrid-epidemic-forecasting/results/partA/forecasts/partA_03_forecast_A4_ARX_I.mat,77,78,5,82,1.13969141139002,1.13328617620717,-0.00640523518284319,4.10270377475323e-05,0.00640523518284319,0.00544875194364684,0.0032026175914216,0.000675904924475396,0,0.0206408612305138,0,-0.7875,0.7875,0.00221651347226759
A4,Amplifying Recurrent Waves,ARX,I,/home/kaahin/degree_project/hybrid-epidemic-forecasting/results/partA/forecasts/partA_03_forecast_A4_ARX_I.mat,77,78,6,83,1.13309542900156,1.12365880641282,-0.0094366225887379,8.90498458822783e-05,0.0094366225887379,0.00823364939096507,0.00471831129436895,0.000845981839026333,0,0.0314871291259475,0,-0.7875,0.7875,0.00286463582708979
A4,Amplifying Recurrent Waves,ARX,I,/home/kaahin/degree_project/hybrid-epidemic-forecasting/results/partA/forecasts/partA_03_forecast_A4_ARX_I.mat,77,78,7,84,1.12603553629897,1.11298530886591,-0.0130502274330551,0.000170308436054463,0.0130502274330551,0.0117047694175204,0.00652511371652753,0.00112048040833136,0,0.045025868253983,0,-0.7875,0.7875,0.00366374418551324
A4,Amplifying Recurrent Waves,ARX,I,/home/kaahin/degree_project/hybrid-epidemic-forecasting/results/partA/forecasts/partA_03_forecast_A4_ARX_I.mat,77,78,8,85,1.1185734073562,1.10099947443524,-0.0175739329209603,0.000308843118310413,0.0175739329209603,0.0159496543600925,0.00878696646048016,0.00138945421193257,0,0.0615970239480037,0,-0.7875,0.7875,0.00446919264098644
A4,Amplifying Recurrent Waves,ARX,I,/home/kaahin/degree_project/hybrid-epidemic-forecasting/results/partA/forecasts/partA_03_forecast_A4_ARX_I.mat,77,78,9,86,1.11077318195776,1.08782650515664,-0.0229466768011219,0.000526549976215148,0.0229466768011219,0.0210502339387353,0.011473338400561,0.00161154722361833,0,0.0816411671001294,0,-0.7875,0.7875,0.00520065738817749
A4,Amplifying Recurrent Waves,ARX,I,/home/kaahin/degree_project/hybrid-epidemic-forecasting/results/partA/forecasts/partA_03_forecast_A4_ARX_I.mat,77,78,10,87,1.10270074651478,1.07358198749649,-0.0291187590182904,0.00084790212676527,0.0291187590182904,0.0270214003434318,0.0145593795091452,0.00186780750064277,0,0.105169114535655,0,-0.7875,0.7875,0.0059521122621527
A4,Amplifying Recurrent Waves,ARX,I,/home/kaahin/degree_project/hybrid-epidemic-forecasting/results/partA/forecasts/partA_03_forecast_A4_ARX_I.mat,77,78,11,88,1.09442302525472,1.05810793962221,-0.0363150856325112,0.00131878544449662,0.0363150856325112,0.0339227113349145,0.0181575428162556,0.0021022739358226,0,0.132392384255037,0,-0.7875,0.7875,0.00661490972571299
A4,Amplifying Recurrent Waves,ARX,I,/home/kaahin/degree_project/hybrid-epidemic-forecasting/results/partA/forecasts/partA_03_forecast_A4_ARX_I.mat,77,78,12,89,1.08600729375556,1.04157085210056,-0.0444364416549998,0.0019745973469582,0.0444364416549998,0.0417301120109475,0.0222182208274999,0.00230143295711341,0,0.16326585026465,0,-0.7875,0.7875,0.00729119314179838
A4,Amplifying Recurrent Waves,ARX,I,/home/kaahin/degree_project/hybrid-epidemic-forecasting/results/partA/forecasts/partA_03_forecast_A4_ARX_I.mat,77,78,13,90,1.07752052576068,1.02396166487844,-0.0535588608822453,0.0028685515790037,0.0535588608822453,0.0504233522658057,0.0267794304411226,0.00254885816023712,0,0.197576796594766,0,-0.7875,0.7875,0.00807396973058883
A4,Amplifying Recurrent Waves,ARX,I,/home/kaahin/degree_project/hybrid-epidemic-forecasting/results/partA/forecasts/partA_03_forecast_A4_ARX_I.mat,77,78,14,91,1.0690287828289,1.00545967658782,-0.0635691062410753,0.00404103126828911,0.0635691062410753,0.0600011060207332,0.0317845531205376,0.00279170678711181,0,0.23542871718565,0,-0.7875,0.7875,0.00889570872427087
A4,Amplifying Recurrent Waves,ARX,I,/home/kaahin/degree_project/hybrid-epidemic-forecasting/results/partA/forecasts/partA_03_forecast_A4_ARX_I.mat,84,85,1,85,1.1185734073562,1.11815300876715,-0.000420398589048521,1.76734973673987e-07,0.000420398589048521,0.000244051031901967,0.00021019929452426,0.000127675174039305,0,0.000760355174995286,0,-0.7875,0.7875,0.000362149818242508
A4,Amplifying Recurrent Waves,ARX,I,/home/kaahin/degree_project/hybrid-epidemic-forecasting/results/partA/forecasts/partA_03_forecast_A4_ARX_I.mat,84,85,2,86,1.11077318195776,1.10947808728722,-0.00129509467054079,1.67727020566315e-06,0.00129509467054079,0.000884558699823147,0.000647547335270393,0.000278783334687638,0,0.00305418347924613,0,-0.7875,0.7875,0.000861966116403767
A4,Amplifying Recurrent Waves,ARX,I,/home/kaahin/degree_project/hybrid-epidemic-forecasting/results/partA/forecasts/partA_03_forecast_A4_ARX_I.mat,84,85,3,87,1.10270074651478,1.10006327541049,-0.00263747110428803,6.95625382595429e-06,0.00263747110428803,0.00202099960845469,0.00131873555214401,0.00041961695258852,0,0.00735614573331356,0,-0.7875,0.7875,0.00137832594521003
A4,Amplifying Recurrent Waves,ARX,I,/home/kaahin/degree_project/hybrid-epidemic-forecasting/results/partA/forecasts/partA_03_forecast_A4_ARX_I.mat,84,85,4,88,1.09442302525472,1.0898562889208,-0.0045667363339259,2.0855080743599e-05,0.0045667363339259,0.00367429808703193,0.00228336816696295,0.000624674108504997,0,0.0136262991161757,0,-0.7875,0.7875,0.00199779981561965
A4,Amplifying Recurrent Waves,ARX,I,/home/kaahin/degree_project/hybrid-epidemic-forecasting/results/partA/forecasts/partA_03_forecast_A4_ARX_I.mat,84,85,5,89,1.08600729375556,1.07899699730949,-0.0070102964460701,4.9144256261783e-05,0.0070102964460701,0.00586882158730083,0.00350514822303505,0.000855321062308712,0,0.02204922785751,0,-0.7875,0.7875,0.00278943255443764
A4,Amplifying Recurrent Waves,ARX,I,/home/kaahin/degree_project/hybrid-epidemic-forecasting/results/partA/forecasts/partA_03_forecast_A4_ARX_I.mat,84,85,6,90,1.07752052576068,1.06737473438282,-0.0101457913778624,0.000102937082683107,0.0101457913778624,0.00866901410346115,0.00507289568893121,0.00108348824630922,0,0.0328541795303348,0,-0.7875,0.7875,0.00361274341079021
A4,Amplifying Recurrent Waves,ARX,I,/home/kaahin/degree_project/hybrid-epidemic-forecasting/results/partA/forecasts/partA_03_forecast_A4_ARX_I.mat,84,85,7,91,1.0690287828289,1.05506854313389,-0.0139602396950136,0.000194888292342233,0.0139602396950136,0.0121424752247797,0.00698011984750679,0.00137431129275385,0,0.0462867073712481,0,-0.7875,0.7875,0.00452967357536643
A4,Amplifying Recurrent Waves,ARX,I,/home/kaahin/degree_project/hybrid-epidemic-forecasting/results/partA/forecasts/partA_03_forecast_A4_ARX_I.mat,84,85,8,92,1.06059665479083,1.04196513209285,-0.018631522697983,0.000347133638045454,0.018631522697983,0.0163566457965382,0.00931576134899148,0.00167916310095685,0,0.0626099816344734,0,-0.7875,0.7875,0.00551953969840951
A4,Amplifying Recurrent Waves,ARX,I,/home/kaahin/degree_project/hybrid-epidemic-forecasting/results/partA/forecasts/partA_03_forecast_A4_ARX_I.mat,84,85,9,93,1.05228675725001,1.02839893362051,-0.0238878236295046,0.000570628117754318,0.0238878236295046,0.0212460988729078,0.0119439118147523,0.00200668123346239,0,0.0816568518798706,0,-0.7875,0.7875,0.0064868550400774
A4,Amplifying Recurrent Waves,ARX,I,/home/kaahin/degree_project/hybrid-epidemic-forecasting/results/partA/forecasts/partA_03_forecast_A4_ARX_I.mat,84,85,10,94,1.04415929053806,1.01436690462829,-0.0297923859097715,0.000887586258196752,0.0297923859097715,0.026754168989811,0.0148961929548858,0.00233080099626681,0,0.103166766502997,0,-0.7875,0.7875,0.00756200541892765
A4,Amplifying Recurrent Waves,ARX,I,/home/kaahin/degree_project/hybrid-epidemic-forecasting/results/partA/forecasts/partA_03_forecast_A4_ARX_I.mat,84,85,11,95,1.03627166266444,0.999742896303846,-0.0365287663605981,0.00133435077182716,0.0365287663605981,0.0328996480371964,0.018264383180299,0.00270488036424823,0,0.127079152622837,0,-0.7875,0.7875,0.0087731557373924
A4,Amplifying Recurrent Waves,ARX,I,/home/kaahin/degree_project/hybrid-epidemic-forecasting/results/partA/forecasts/partA_03_forecast_A4_ARX_I.mat,84,85,12,96,1.02867817694788,0.984623169184684,-0.0440550077631947,0.00194084370901515,0.0440550077631947,0.0397959388746147,0.0220275038815974,0.00297763697508745,0,0.154076584079081,0,-0.7875,0.7875,0.00987267792171526
A4,Amplifying Recurrent Waves,ARX,I,/home/kaahin/degree_project/hybrid-epidemic-forecasting/results/partA/forecasts/partA_03_forecast_A4_ARX_I.mat,84,85,13,97,1.02142978323239,0.969149423744272,-0.0522803594881147,0.00273323598820651,0.0522803594881147,0.0474430673988175,0.0261401797440574,0.00330755904045088,0,0.18404606451017,0,-0.7875,0.7875,0.0110112967782874
A4,Amplifying Recurrent Waves,ARX,I,/home/kaahin/degree_project/hybrid-epidemic-forecasting/results/partA/forecasts/partA_03_forecast_A4_ARX_I.mat,84,85,14,98,1.01457388992586,0.953425281435724,-0.061148608490137,0.00373915232028006,0.061148608490137,0.0558336900755786,0.0305743042450685,0.00361497123796894,0,0.217062329857066,0,-0.7875,0.7875,0.0121422475755188
A4,Amplifying Recurrent Waves,ARX,I,/home/kaahin/degree_project/hybrid-epidemic-forecasting/results/partA/forecasts/partA_03_forecast_A4_ARX_I.mat,91,92,1,92,1.06059665479083,1.0600987073331,-0.000497947457727355,2.47951670657136e-07,0.000497947457727355,0.000278059510192556,0.000248973728863677,0.000156668744295446,0,0.000845625322707377,0,-0.7875,0.7875,0.000435700909254266
A4,Amplifying Recurrent Waves,ARX,I,/home/kaahin/degree_project/hybrid-epidemic-forecasting/results/partA/forecasts/partA_03_forecast_A4_ARX_I.mat,91,92,2,93,1.05228675725001,1.05084493321183,-0.00144182403818571,2.07885655709016e-06,0.00144182403818571,0.000995538800807732,0.000720912019092856,0.000335988477258037,0,0.0034230241072839,0,-0.7875,0.7875,0.00102181980157356
A4,Amplifying Recurrent Waves,ARX,I,/home/kaahin/degree_project/hybrid-epidemic-forecasting/results/partA/forecasts/partA_03_forecast_A4_ARX_I.mat,91,92,3,94,1.04415929053806,1.04116448008241,-0.00299481045565497,8.96888966530034e-06,0.00299481045565497,0.00222989647953991,0.00149740522782749,0.000579114114908691,0,0.00795801481519343,0,-0.7875,0.7875,0.00177601706694719
A4,Amplifying Recurrent Waves,ARX,I,/home/kaahin/degree_project/hybrid-epidemic-forecasting/results/partA/forecasts/partA_03_forecast_A4_ARX_I.mat,91,92,4,95,1.03627166266444,1.03119922857425,-0.0050724340901962,2.57295875993845e-05,0.0050724340901962,0.00401905455959299,0.0025362170450981,0.000860156851896576,0,0.0146893716211738,0,-0.7875,0.7875,0.00259132385807076
A4,Amplifying Recurrent Waves,ARX,I,/home/kaahin/degree_project/hybrid-epidemic-forecasting/results/partA/forecasts/partA_03_forecast_A4_ARX_I.mat,91,92,5,96,1.02867817694788,1.02107216752986,-0.00760600941801437,5.78513792669233e-05,0.00760600941801437,0.00641868753708933,0.00380300470900719,0.00112980502804156,0,0.0239512841798533,0,-0.7875,0.7875,0.003460898914382
A4,Amplifying Recurrent Waves,ARX,I,/home/kaahin/degree_project/hybrid-epidemic-forecasting/results/partA/forecasts/partA_03_forecast_A4_ARX_I.mat,91,92,6,97,1.02142978323239,1.01061791491572,-0.0108118683166685,0.00011689649649698,0.0108118683166685,0.00923290968650175,0.00540593415833424,0.00144878324919023,0,0.0346933761817334,0,-0.7875,0.7875,0.00450103466888879
A4,Amplifying Recurrent Waves,ARX,I,/home/kaahin/degree_project/hybrid-epidemic-forecasting/results/partA/forecasts/partA_03_forecast_A4_ARX_I.mat,91,92,7,98,1.01457388992586,0.999914876250227,-0.0146590136756338,0.00021488668194242,0.0146590136756338,0.0126207075269659,0.00732950683781691,0.00177395468898982,0,0.0476897223445396,0,-0.7875,0.7875,0.00554674037234812
A4,Amplifying Recurrent Waves,ARX,I,/home/kaahin/degree_project/hybrid-epidemic-forecasting/results/partA/forecasts/partA_03_forecast_A4_ARX_I.mat,91,92,8,99,1.00815423259918,0.98897275347322,-0.0191814791259644,0.000367929141459806,0.0191814791259644,0.0166331795309763,0.00959073956298218,0.00213544493803952,0,0.0631231233883718,0,-0.7875,0.7875,0.00667830610549935
A4,Amplifying Recurrent Waves,ARX,I,/home/kaahin/degree_project/hybrid-epidemic-forecasting/results/partA/forecasts/partA_03_forecast_A4_ARX_I.mat,91,92,9,100,1.00221079358812,0.977825604728598,-0.0243851888595219,0.000594637435714551,0.0243851888595219,0.0212611693753184,0.012192594429761,0.00250175037146323,0,0.0809809173877085,0,-0.7875,0.7875,0.00796345894122347
A4,Amplifying Recurrent Waves,ARX,I,/home/kaahin/degree_project/hybrid-epidemic-forecasting/results/partA/forecasts/partA_03_forecast_A4_ARX_I.mat,91,92,10,101,0.996779765981315,0.966650765695891,-0.0301290002854243,0.000907756658199098,0.0301290002854243,0.0265092658427261,0.0150645001427122,0.00287966260209163,0,0.101347533547464,0,-0.7875,0.7875,0.00928555180841592
A4,Amplifying Recurrent Waves,ARX,I,/home/kaahin/degree_project/hybrid-epidemic-forecasting/results/partA/forecasts/partA_03_forecast_A4_ARX_I.mat,91,92,11,102,0.991893554580749,0.955145399527047,-0.0367481550537014,0.00135042689985088,0.0367481550537014,0.0324957952036373,0.0183740775268507,0.0032897715613327,0,0.124567229328185,0,-0.7875,0.7875,0.0106224568042362
A4,Amplifying Recurrent Waves,ARX,I,/home/kaahin/degree_project/hybrid-epidemic-forecasting/results/partA/forecasts/partA_03_forecast_A4_ARX_I.mat,91,92,12,103,0.987580805902459,0.943568413137106,-0.0440123927653531,0.0019370907169317,0.0440123927653531,0.039086425850465,0.0220061963826765,0.00370895406050813,0,0.150173765883908,0,-0.7875,0.7875,0.0119767103972184
A4,Amplifying Recurrent Waves,ARX,I,/home/kaahin/degree_project/hybrid-epidemic-forecasting/results/partA/forecasts/partA_03_forecast_A4_ARX_I.mat,91,92,13,104,0.983866459053984,0.932161701429927,-0.051704757624057,0.00267338196096248,0.051704757624057,0.0462314358514459,0.0258523788120285,0.00406956206226877,0,0.178119520457209,0,-0.7875,0.7875,0.0132259051661406
A4,Amplifying Recurrent Waves,ARX,I,/home/kaahin/degree_project/hybrid-epidemic-forecasting/results/partA/forecasts/partA_03_forecast_A4_ARX_I.mat,91,92,14,105,0.980771809380591,0.920717784584681,-0.0600540247959094,0.0036064858941877,0.0600540247959094,0.0540320552974,0.0300270123979547,0.0044022530198379,0,0.208714983420507,0,-0.7875,0.7875,0.0143066230478728
A4,Amplifying Recurrent Waves,ARX,I,/home/kaahin/degree_project/hybrid-epidemic-forecasting/results/partA/forecasts/partA_03_forecast_A4_ARX_I.mat,98,99,1,99,1.00815423259918,1.00764765864467,-0.000506573954511591,2.56617171389512e-07,0.000506573954511591,0.000289227179798425,0.000253286977255796,0.00019505982225026,0,0.000853175509586857,0,-0.7875,0.7875,0.000519432111591056
A4,Amplifying Recurrent Waves,ARX,I,/home/kaahin/degree_project/hybrid-epidemic-forecasting/results/partA/forecasts/partA_03_forecast_A4_ARX_I.mat,98,99,2,100,1.00221079358812,1.00060604638592,-0.00160474720220027,2.57521358296961e-06,0.00160474720220027,0.00102232498692914,0.000802373601100137,0.000429178602666849,0,0.00336891023741415,0,-0.7875,0.7875,0.00126059417581706
A4,Amplifying Recurrent Waves,ARX,I,/home/kaahin/degree_project/hybrid-epidemic-forecasting/results/partA/forecasts/partA_03_forecast_A4_ARX_I.mat,98,99,3,101,0.996779765981315,0.993425166076338,-0.00335459990497744,1.12533405224746e-05,0.00335459990497744,0.00235958749731518,0.00167729995248872,0.000657450495161527,0,0.00828339329026806,0,-0.7875,0.7875,0.00201005531320878
A4,Amplifying Recurrent Waves,ARX,I,/home/kaahin/degree_project/hybrid-epidemic-forecasting/results/partA/forecasts/partA_03_forecast_A4_ARX_I.mat,98,99,4,102,0.991893554580749,0.986504276827588,-0.00538927775316067,2.90443147007125e-05,0.00538927775316067,0.00419581012357778,0.00269463887658034,0.000916173754419525,0,0.0152703329251002,0,-0.7875,0.7875,0.00280369024827229
A4,Amplifying Recurrent Waves,ARX,I,/home/kaahin/degree_project/hybrid-epidemic-forecasting/results/partA/forecasts/partA_03_forecast_A4_ARX_I.mat,98,99,5,103,0.987580805902459,0.97946261942072,-0.00811818648173901,6.590495175229e-05,0.00811818648173901,0.00660746364706091,0.0040590932408695,0.00124440142606148,0,0.0244300917448431,0,-0.7875,0.7875,0.00370306443885748
A4,Amplifying Recurrent Waves,ARX,I,/home/kaahin/degree_project/hybrid-epidemic-forecasting/results/partA/forecasts/partA_03_forecast_A4_ARX_I.mat,98,99,6,104,0.983866459053984,0.972423572215375,-0.0114428868386086,0.000130939659201202,0.0114428868386086,0.00959449072742023,0.00572144341930431,0.00153065012516778,0,0.035923114728919,0,-0.7875,0.7875,0.00461322417986437
A4,Amplifying Recurrent Waves,ARX,I,/home/kaahin/degree_project/hybrid-epidemic-forecasting/results/partA/forecasts/partA_03_forecast_A4_ARX_I.mat,98,99,7,105,0.980771809380591,0.96566488272807,-0.0151069266525212,0.000228219232884656,0.0151069266525212,0.0130977906133957,0.00755346332626061,0.00178261077603227,0,0.0496039836579876,0,-0.7875,0.7875,0.00550811465036385
A4,Amplifying Recurrent Waves,ARX,I,/home/kaahin/degree_project/hybrid-epidemic-forecasting/results/partA/forecasts/partA_03_forecast_A4_ARX_I.mat,98,99,8,106,0.978314577106943,0.958840243376618,-0.019474333730325,0.000379249674240075,0.019474333730325,0.0169629651405838,0.00973716686516252,0.00219828702436933,0,0.0643978892430951,0,-0.7875,0.7875,0.00686665206520989
A4,Amplifying Recurrent Waves,ARX,I,/home/kaahin/degree_project/hybrid-epidemic-forecasting/results/partA/forecasts/partA_03_forecast_A4_ARX_I.mat,98,99,9,107,0.976508973798412,0.951916501567009,-0.0245924722314035,0.000604789690452351,0.0245924722314035,0.0214366130893256,0.0122962361157017,0.0025985207019994,0,0.081570002084264,0,-0.7875,0.7875,0.00823280666437276
A4,Amplifying Recurrent Waves,ARX,I,/home/kaahin/degree_project/hybrid-epidemic-forecasting/results/partA/forecasts/partA_03_forecast_A4_ARX_I.mat,98,99,10,108,0.975365760303647,0.944977014642432,-0.030388745661215,0.000923475862862011,0.030388745661215,0.0265568203992601,0.0151943728306075,0.00299934363326806,0,0.101311975332795,0,-0.7875,0.7875,0.00954021009104633
A4,Amplifying Recurrent Waves,ARX,I,/home/kaahin/degree_project/hybrid-epidemic-forecasting/results/partA/forecasts/partA_03_forecast_A4_ARX_I.mat,98,99,11,109,0.974892290887597,0.938305767754436,-0.0365865231331619,0.00133857367497339,0.0365865231331619,0.032121484581894,0.018293261566581,0.00340129530862786,0,0.122852123743314,0,-0.7875,0.7875,0.010945434995717
A4,Amplifying Recurrent Waves,ARX,I,/home/kaahin/degree_project/hybrid-epidemic-forecasting/results/partA/forecasts/partA_03_forecast_A4_ARX_I.mat,98,99,12,110,0.975092539486771,0.931986330764943,-0.0431062087218282,0.00185814523036982,0.0431062087218282,0.0381582128844556,0.0215531043609141,0.00381971767636127,0,0.146339135942775,0,-0.7875,0.7875,0.0124511198204502
A4,Amplifying Recurrent Waves,ARX,I,/home/kaahin/degree_project/hybrid-epidemic-forecasting/results/partA/forecasts/partA_03_forecast_A4_ARX_I.mat,98,99,13,111,0.975967105376107,0.925473784202345,-0.0504933211737626,0.00254957548315674,0.0504933211737626,0.0446717390340799,0.0252466605868813,0.00428930916868542,0,0.171486855897793,0,-0.7875,0.7875,0.0140903641387899
A4,Amplifying Recurrent Waves,ARX,I,/home/kaahin/degree_project/hybrid-epidemic-forecasting/results/partA/forecasts/partA_03_forecast_A4_ARX_I.mat,98,99,14,112,0.977513196986095,0.919313057705798,-0.0582001392802968,0.00338725621224594,0.0582001392802968,0.0517973586657733,0.0291000696401484,0.00474976685797039,0,0.199238277497861,0,-0.7875,0.7875,0.0156391541989998
A4,Amplifying Recurrent Waves,ARX,I,/home/kaahin/degree_project/hybrid-epidemic-forecasting/results/partA/forecasts/partA_03_forecast_A4_ARX_I.mat,105,106,1,106,0.978314577106943,0.977676101146782,-0.000638475960160867,4.07651551703341e-07,0.000638475960160867,0.000291657569875195,0.000319237980080433,0.000228390538711143,0,0.0007648305456468,0,-0.7875,0.7875,0.000629018766321154
A4,Amplifying Recurrent Waves,ARX,I,/home/kaahin/degree_project/hybrid-epidemic-forecasting/results/partA/forecasts/partA_03_forecast_A4_ARX_I.mat,105,106,2,107,0.976508973798412,0.974778974135664,-0.00172999966274801,2.99289883310821e-06,0.00172999966274801,0.00109236420391272,0.000864999831374003,0.000466982390970389,0,0.00358365669526284,0,-0.7875,0.7875,0.00145219555189488
A4,Amplifying Recurrent Waves,ARX,I,/home/kaahin/degree_project/hybrid-epidemic-forecasting/results/partA/forecasts/partA_03_forecast_A4_ARX_I.mat,105,106,3,108,0.975365760303647,0.972042038165555,-0.00332372213809207,1.10471288512433e-05,0.00332372213809207,0.002444093666666,0.00166186106904603,0.000723184099611785,0,0.00861337633133918,0,-0.7875,0.7875,0.0024061909172054
A4,Amplifying Recurrent Waves,ARX,I,/home/kaahin/degree_project/hybrid-epidemic-forecasting/results/partA/forecasts/partA_03_forecast_A4_ARX_I.mat,105,106,4,109,0.974892290887597,0.969348140407974,-0.0055441504796232,3.07376045407062e-05,0.0055441504796232,0.00432221805033195,0.0027720752398116,0.0010717171747071,0,0.0156061888119751,0,-0.7875,0.7875,0.00357686052915418
A4,Amplifying Recurrent Waves,ARX,I,/home/kaahin/degree_project/hybrid-epidemic-forecasting/results/partA/forecasts/partA_03_forecast_A4_ARX_I.mat,105,106,5,110,0.975092539486771,0.966518856937057,-0.00857368254971369,7.3508032463265e-05,0.00857368254971369,0.0066099850943052,0.00428684127485685,0.00153516289784387,0,0.0239229287516727,0,-0.7875,0.7875,0.00496475360990448
A4,Amplifying Recurrent Waves,ARX,I,/home/kaahin/degree_project/hybrid-epidemic-forecasting/results/partA/forecasts/partA_03_forecast_A4_ARX_I.mat,105,106,6,111,0.975967105376107,0.963952707956697,-0.0120143974194101,0.000144345745351529,0.0120143974194101,0.00944992930613175,0.00600719870970506,0.00195607320676713,0,0.0345614099611207,0,-0.7875,0.7875,0.0062283215677286
A4,Amplifying Recurrent Waves,ARX,I,/home/kaahin/degree_project/hybrid-epidemic-forecasting/results/partA/forecasts/partA_03_forecast_A4_ARX_I.mat,105,106,7,112,0.977513196986095,0.96132454965985,-0.0161886473262447,0.00026207230225353,0.0161886473262447,0.0128959629500894,0.00809432366312235,0.00239634027706262,0,0.0475411693352172,0,-0.7875,0.7875,0.00754600270575495
A4,Amplifying Recurrent Waves,ARX,I,/home/kaahin/degree_project/hybrid-epidemic-forecasting/results/partA/forecasts/partA_03_forecast_A4_ARX_I.mat,105,106,8,113,0.979724594103646,0.959266425364094,-0.0204581687395524,0.000418536668176,0.0204581687395524,0.0167859014689585,0.0102290843697762,0.00282989653171813,0,0.0624775757088187,0,-0.7875,0.7875,0.00894349993336066
A4,Amplifying Recurrent Waves,ARX,I,/home/kaahin/degree_project/hybrid-epidemic-forecasting/results/partA/forecasts/partA_03_forecast_A4_ARX_I.mat,105,106,9,114,0.982591590183631,0.957560221371161,-0.0250313688124696,0.000626569424625875,0.0250313688124696,0.0211046726184858,0.0125156844062348,0.00324097097445527,0,0.0792143714024961,0,-0.7875,0.7875,0.0105082506075429
A4,Amplifying Recurrent Waves,ARX,I,/home/kaahin/degree_project/hybrid-epidemic-forecasting/results/partA/forecasts/partA_03_forecast_A4_ARX_I.mat,105,106,10,115,0.986100917942554,0.955702424058951,-0.0303984938836022,0.000924068430391398,0.0303984938836022,0.0258438439912059,0.0151992469418011,0.00371596284173794,0,0.0973820881768876,0,-0.7875,0.7875,0.0122450407935469
A4,Amplifying Recurrent Waves,ARX,I,/home/kaahin/degree_project/hybrid-epidemic-forecasting/results/partA/forecasts/partA_03_forecast_A4_ARX_I.mat,105,106,11,116,0.990235662755504,0.953824420939233,-0.0364112418162704,0.00132577853060292,0.0364112418162704,0.0312872153006634,0.0182056209081352,0.00415401256921817,0,0.118432835375632,0,-0.7875,0.7875,0.0136383783259473
A4,Amplifying Recurrent Waves,ARX,I,/home/kaahin/degree_project/hybrid-epidemic-forecasting/results/partA/forecasts/partA_03_forecast_A4_ARX_I.mat,105,106,12,117,0.994975169588379,0.951858181679294,-0.0431169879090854,0.00185907464635221,0.0431169879090854,0.037236393171777,0.0215584939545427,0.00458328142068555,0,0.141421993897768,0,-0.7875,0.7875,0.0149802175615483
A4,Amplifying Recurrent Waves,ARX,I,/home/kaahin/degree_project/hybrid-epidemic-forecasting/results/partA/forecasts/partA_03_forecast_A4_ARX_I.mat,105,106,13,118,1.00029495022917,0.950092945429016,-0.0502020048001581,0.0025202412859551,0.0502020048001581,0.0435758263863556,0.0251010024000791,0.0051941734898512,0,0.16579604284867,0,-0.7875,0.7875,0.0166131499679071
A4,Amplifying Recurrent Waves,ARX,I,/home/kaahin/degree_project/hybrid-epidemic-forecasting/results/partA/forecasts/partA_03_forecast_A4_ARX_I.mat,105,106,14,119,1.006166598399,0.948135984092661,-0.0580306143063367,0.00336755219677081,0.0580306143063367,0.0502798076238712,0.0290153071531684,0.0057939650617247,0,0.191449862092528,0,-0.7875,0.7875,0.0182139646051249
A4,Amplifying Recurrent Waves,ARX,I,/home/kaahin/degree_project/hybrid-epidemic-forecasting/results/partA/forecasts/partA_03_forecast_A4_ARX_I.mat,112,113,1,113,0.979724594103646,0.979176065762645,-0.000548528341001164,3.0088334088149e-07,0.000548528341001164,0.000169520421645483,0.000274264170500582,0.000298646349162501,0,0.000189931377741592,0.5,-0.2875,0.3625,0.000803644841608608
A4,Amplifying Recurrent Waves,ARX,I,/home/kaahin/degree_project/hybrid-epidemic-forecasting/results/partA/forecasts/partA_03_forecast_A4_ARX_I.mat,112,113,2,114,0.982591590183631,0.980996098153937,-0.00159549202969389,2.54559481681673e-06,0.00159549202969389,0.000744796069999876,0.000797746014846945,0.000587061573809397,0,0.0019667747263431,0,-0.7875,0.7875,0.00184089541078117
A4,Amplifying Recurrent Waves,ARX,I,/home/kaahin/degree_project/hybrid-epidemic-forecasting/results/partA/forecasts/partA_03_forecast_A4_ARX_I.mat,112,113,3,115,0.986100917942554,0.98293804938978,-0.00316286855277359,1.00037374821241e-05,0.00316286855277359,0.00180518521257245,0.0015814342763868,0.000977601084033553,0,0.00556429809615566,0,-0.7875,0.7875,0.00301254795800512
A4,Amplifying Recurrent Waves,ARX,I,/home/kaahin/degree_project/hybrid-epidemic-forecasting/results/partA/forecasts/partA_03_forecast_A4_ARX_I.mat,112,113,4,116,0.990235662755504,0.985143058705347,-0.0050926040501561,2.59346160116663e-05,0.0050926040501561,0.00337706883829763,0.00254630202507805,0.00134184140034243,0,0.0113086663469188,0,-0.7875,0.7875,0.00425210378206239
A4,Amplifying Recurrent Waves,ARX,I,/home/kaahin/degree_project/hybrid-epidemic-forecasting/results/partA/forecasts/partA_03_forecast_A4_ARX_I.mat,112,113,5,117,0.994975169588379,0.987557491440397,-0.00741767814798222,5.50219491070529e-05,0.00741767814798222,0.00530649759870119,0.00370883907399111,0.00173109138506058,0,0.0184393087351037,0,-0.7875,0.7875,0.00558463985283555
A4,Amplifying Recurrent Waves,ARX,I,/home/kaahin/degree_project/hybrid-epidemic-forecasting/results/partA/forecasts/partA_03_forecast_A4_ARX_I.mat,112,113,6,118,1.00029495022917,0.989718548994434,-0.0105764012347394,0.000111860263078196,0.0105764012347394,0.00778158023610231,0.00528820061736968,0.00224079473744321,0,0.0274881157076475,0,-0.7875,0.7875,0.0070743188840337
A4,Amplifying Recurrent Waves,ARX,I,/home/kaahin/degree_project/hybrid-epidemic-forecasting/results/partA/forecasts/partA_03_forecast_A4_ARX_I.mat,112,113,7,119,1.006166598399,0.992019840307468,-0.0141467580915295,0.000200130764500257,0.0141467580915295,0.0107379994508554,0.00707337904576477,0.00264878125844993,0,0.0385988372246348,0,-0.7875,0.7875,0.00843600562519506
A4,Amplifying Recurrent Waves,ARX,I,/home/kaahin/degree_project/hybrid-epidemic-forecasting/results/partA/forecasts/partA_03_forecast_A4_ARX_I.mat,112,113,8,120,1.01255772089538,0.994320966289638,-0.0182367546057456,0.000332579218550183,0.0182367546057456,0.0141131096667191,0.00911837730287279,0.00299956920470253,0,0.0513910469926608,0,-0.7875,0.7875,0.00988322386945839
A4,Amplifying Recurrent Waves,ARX,I,/home/kaahin/degree_project/hybrid-epidemic-forecasting/results/partA/forecasts/partA_03_forecast_A4_ARX_I.mat,112,113,9,121,1.01943189322359,0.996900796412945,-0.0225310968106414,0.000507650323490493,0.0225310968106414,0.0176960004856504,0.0112655484053207,0.00337800302552813,0,0.0649884507545779,0,-0.7875,0.7875,0.0115557728769332
A4,Amplifying Recurrent Waves,ARX,I,/home/kaahin/degree_project/hybrid-epidemic-forecasting/results/partA/forecasts/partA_03_forecast_A4_ARX_I.mat,112,113,10,122,1.02674864818975,0.999483561458117,-0.027265086731628,0.000743384954483196,0.027265086731628,0.0216599444165892,0.013632543365814,0.00371305010463296,0,0.0801241564042043,0,-0.7875,0.7875,0.0131143301041863
A4,Amplifying Recurrent Waves,ARX,I,/home/kaahin/degree_project/hybrid-epidemic-forecasting/results/partA/forecasts/partA_03_forecast_A4_ARX_I.mat,112,113,11,123,1.03446350565443,1.00250259968259,-0.0319609059718384,0.0010214995105407,0.0319609059718384,0.0259644858599609,0.0159804529859192,0.00404943488832378,0,0.0968102984955812,0,-0.7875,0.7875,0.0145432192475674
A4,Amplifying Recurrent Waves,ARX,I,/home/kaahin/degree_project/hybrid-epidemic-forecasting/results/partA/forecasts/partA_03_forecast_A4_ARX_I.mat,112,113,12,124,1.04252805107631,1.00512627939384,-0.0374017716824724,0.00139889252498779,0.0374017716824724,0.0304917237735788,0.0187008858412362,0.00458574239617873,0,0.113926128743689,0,-0.7875,0.7875,0.0162812530648947
A4,Amplifying Recurrent Waves,ARX,I,/home/kaahin/degree_project/hybrid-epidemic-forecasting/results/partA/forecasts/partA_03_forecast_A4_ARX_I.mat,112,113,13,125,1.05089006962188,1.00808839244314,-0.0428016771787461,0.00183198356931359,0.0428016771787461,0.0352882371235818,0.021400838589373,0.00509818619156769,0,0.132298042275178,0,-0.7875,0.7875,0.0178747800470788
A4,Amplifying Recurrent Waves,ARX,I,/home/kaahin/degree_project/hybrid-epidemic-forecasting/results/partA/forecasts/partA_03_forecast_A4_ARX_I.mat,112,113,14,126,1.05949374149576,1.0112651947882,-0.0482285467075565,0.00232599271752296,0.0482285467075565,0.0402228192680592,0.0241142733537782,0.00562249780470578,0,0.151265915547782,0,-0.7875,0.7875,0.0192856431943893
A4,Amplifying Recurrent Waves,ARX,I,/home/kaahin/degree_project/hybrid-epidemic-forecasting/results/partA/forecasts/partA_03_forecast_A4_ARX_I.mat,119,120,1,120,1.01255772089538,1.01221001875871,-0.000347702136674677,1.20896775848136e-07,0.000347702136674677,0.000124422727145168,0.000173851068337338,0.000266770020202878,0,0.00011928118361304,0.75,-0.0375,0.2125,0.000750967156311455
A4,Amplifying Recurrent Waves,ARX,I,/home/kaahin/degree_project/hybrid-epidemic-forecasting/results/partA/forecasts/partA_03_forecast_A4_ARX_I.mat,119,120,2,121,1.01943189322359,1.01840049798071,-0.00103139524287799,1.06377614703134e-06,0.00103139524287799,0.000472644007551732,0.000515697621438993,0.000579419668985992,0,0.00103178074355781,0,-0.7875,0.7875,0.00164643071085874
A4,Amplifying Recurrent Waves,ARX,I,/home/kaahin/degree_project/hybrid-epidemic-forecasting/results/partA/forecasts/partA_03_forecast_A4_ARX_I.mat,119,120,3,122,1.02674864818975,1.02485662214827,-0.00189202604147432,3.57976254161697e-06,0.00189202604147432,0.00103693963243093,0.000946013020737158,0.000937640141401153,0,0.00278257518380087,0,-0.7875,0.7875,0.00289701810629744
A4,Amplifying Recurrent Waves,ARX,I,/home/kaahin/degree_project/hybrid-epidemic-forecasting/results/partA/forecasts/partA_03_forecast_A4_ARX_I.mat,119,120,4,123,1.03446350565443,1.03120749644783,-0.0032560092065983,1.06015959534529e-05,0.0032560092065983,0.0016709036890742,0.00162800460329915,0.00149413502135798,0,0.00439692697617677,0,-0.7875,0.7875,0.00465506712308361
A4,Amplifying Recurrent Waves,ARX,I,/home/kaahin/degree_project/hybrid-epidemic-forecasting/results/partA/forecasts/partA_03_forecast_A4_ARX_I.mat,119,120,5,124,1.04252805107631,1.03758767870815,-0.00494037236816403,2.44072791361186e-05,0.00494037236816403,0.00260729569545889,0.00247018618408201,0.00207597850757405,0,0.00718666593790895,0,-0.7875,0.7875,0.00652697695746846
A4,Amplifying Recurrent Waves,ARX,I,/home/kaahin/degree_project/hybrid-epidemic-forecasting/results/partA/forecasts/partA_03_forecast_A4_ARX_I.mat,119,120,6,125,1.05089006962188,1.04419503002038,-0.00669503960150664,4.48235552657421e-05,0.00669503960150664,0.00361423069686938,0.00334751980075332,0.00255216925702579,0,0.0103643490781331,0,-0.7875,0.7875,0.00844742929378145
A4,Amplifying Recurrent Waves,ARX,I,/home/kaahin/degree_project/hybrid-epidemic-forecasting/results/partA/forecasts/partA_03_forecast_A4_ARX_I.mat,119,120,7,126,1.05949374149576,1.05089189604547,-0.00860184545028964,7.39917451506685e-05,0.00860184545028964,0.00487724785680548,0.00430092272514482,0.00319673954415005,0,0.0144499530863298,0,-0.7875,0.7875,0.0106233756149609
A4,Amplifying Recurrent Waves,ARX,I,/home/kaahin/degree_project/hybrid-epidemic-forecasting/results/partA/forecasts/partA_03_forecast_A4_ARX_I.mat,119,120,8,127,1.06827990278252,1.05761575555205,-0.0106641472304629,0.00011372403615299,0.0106641472304629,0.00627656931355963,0.00533207361523147,0.00364011954689549,0,0.0192723687488914,0,-0.7875,0.7875,0.0124295604519402
A4,Amplifying Recurrent Waves,ARX,I,/home/kaahin/degree_project/hybrid-epidemic-forecasting/results/partA/forecasts/partA_03_forecast_A4_ARX_I.mat,119,120,9,128,1.07718637451896,1.06392521151898,-0.0132611629999753,0.000175858444111913,0.0132611629999753,0.00783335464874857,0.00663058149998763,0.00422996742093642,0,0.0243895469984445,0,-0.7875,0.7875,0.0143769000490269
A4,Amplifying Recurrent Waves,ARX,I,/home/kaahin/degree_project/hybrid-epidemic-forecasting/results/partA/forecasts/partA_03_forecast_A4_ARX_I.mat,119,120,10,129,1.08614836097585,1.07073908623514,-0.0154092747407071,0.000237445748034593,0.0154092747407071,0.00946542227593062,0.00770463737035354,0.00484985385877243,0,0.0300399090125618,0,-0.7875,0.7875,0.0162543411453935
A4,Amplifying Recurrent Waves,ARX,I,/home/kaahin/degree_project/hybrid-epidemic-forecasting/results/partA/forecasts/partA_03_forecast_A4_ARX_I.mat,119,120,11,130,1.0950989162678,1.07708491122438,-0.0180140050434248,0.000324504377704533,0.0180140050434248,0.0109530383750217,0.00900700252171238,0.00563127055289394,0,0.0346503996129914,0,-0.7875,0.7875,0.0186379555496883
A4,Amplifying Recurrent Waves,ARX,I,/home/kaahin/degree_project/hybrid-epidemic-forecasting/results/partA/forecasts/partA_03_forecast_A4_ARX_I.mat,119,120,12,131,1.10396947648052,1.08375201848145,-0.0202174579990673,0.000408745607944049,0.0202174579990673,0.0123745623072895,0.0101087289995336,0.00642970264711213,0,0.0391470987361568,0,-0.7875,0.7875,0.0210986485307138
A4,Amplifying Recurrent Waves,ARX,I,/home/kaahin/degree_project/hybrid-epidemic-forecasting/results/partA/forecasts/partA_03_forecast_A4_ARX_I.mat,119,120,13,132,1.1126904525627,1.0903807749941,-0.0223096775685967,0.000497721713214747,0.0223096775685967,0.0135456145993986,0.0111548387842983,0.00714265034371618,0,0.042657776569279,0,-0.7875,0.7875,0.0236534470974363
A4,Amplifying Recurrent Waves,ARX,I,/home/kaahin/degree_project/hybrid-epidemic-forecasting/results/partA/forecasts/partA_03_forecast_A4_ARX_I.mat,119,120,14,133,1.12119187733184,1.09636392707678,-0.0248279502550603,0.000616427113867751,0.0248279502550603,0.0149486873197223,0.0124139751275302,0.00772224559649244,0,0.0471328722147279,0,-0.7875,0.7875,0.025910112628671
A4,Amplifying Recurrent Waves,ARX,I,/home/kaahin/degree_project/hybrid-epidemic-forecasting/results/partA/forecasts/partA_03_forecast_A4_ARX_I.mat,126,127,1,127,1.06827990278252,1.06818633448894,-9.35682935783166e-05,8.75502556315805e-09,9.35682935783166e-05,6.51722543618795e-05,4.67841467891583e-05,0.000246490997839299,0,0,1,0.2125,0.2125,0.000743004492689603
A4,Amplifying Recurrent Waves,ARX,I,/home/kaahin/degree_project/hybrid-epidemic-forecasting/results/partA/forecasts/partA_03_forecast_A4_ARX_I.mat,126,127,2,128,1.07718637451896,1.07694396892569,-0.000242405593265271,5.87604716462882e-08,0.000242405593265271,0.000149719733950059,0.000121202796632636,0.000552536006142629,0,0,1,0.2125,0.2125,0.00169645217118641
A4,Amplifying Recurrent Waves,ARX,I,/home/kaahin/degree_project/hybrid-epidemic-forecasting/results/partA/forecasts/partA_03_forecast_A4_ARX_I.mat,126,127,3,129,1.08614836097585,1.0856511947728,-0.000497166203055954,2.47174233461074e-07,0.000497166203055954,0.000258846943605153,0.000248583101527977,0.000916228144695214,0,0,1,0.2125,0.2125,0.00294067357537853
A4,Amplifying Recurrent Waves,ARX,I,/home/kaahin/degree_project/hybrid-epidemic-forecasting/results/partA/forecasts/partA_03_forecast_A4_ARX_I.mat,126,127,4,130,1.0950989162678,1.09416360515182,-0.000935311115979331,8.74806883674502e-07,0.000935311115979331,0.000388799663179008,0.000467655557989666,0.00128194292631587,0,0,1,0.2125,0.2125,0.00420558349720929
A4,Amplifying Recurrent Waves,ARX,I,/home/kaahin/degree_project/hybrid-epidemic-forecasting/results/partA/forecasts/partA_03_forecast_A4_ARX_I.mat,126,127,5,131,1.10396947648052,1.10298812671555,-0.000981349764975104,9.63047361216691e-07,0.000981349764975104,0.000504294190954864,0.000490674882487552,0.00177864897680934,0,0,1,0.2125,0.2125,0.00567591897492653
A4,Amplifying Recurrent Waves,ARX,I,/home/kaahin/degree_project/hybrid-epidemic-forecasting/results/partA/forecasts/partA_03_forecast_A4_ARX_I.mat,126,127,6,132,1.1126904525627,1.1117992664468,-0.000891186115900666,7.94212693174116e-07,0.000891186115900666,0.000608385977341544,0.000445593057950333,0.00229214384008661,0,0,1,0.2125,0.2125,0.00721673768262981
A4,Amplifying Recurrent Waves,ARX,I,/home/kaahin/degree_project/hybrid-epidemic-forecasting/results/partA/forecasts/partA_03_forecast_A4_ARX_I.mat,126,127,7,133,1.12119187733184,1.12039757255258,-0.000794304779256905,6.3092008235036e-07,0.000794304779256905,0.000733592076644141,0.000397152389628452,0.00290401195527018,0,0,1,0.2125,0.2125,0.00916444984159842
A4,Amplifying Recurrent Waves,ARX,I,/home/kaahin/degree_project/hybrid-epidemic-forecasting/results/partA/forecasts/partA_03_forecast_A4_ARX_I.mat,126,127,8,134,1.12940409814855,1.12914190096187,-0.000262197186684743,6.87473647053939e-08,0.000262197186684743,0.000827981331534556,0.000131098593342371,0.00359481739856313,0,0,1,0.2125,0.2125,0.0114556117947536
A4,Amplifying Recurrent Waves,ARX,I,/home/kaahin/degree_project/hybrid-epidemic-forecasting/results/partA/forecasts/partA_03_forecast_A4_ARX_I.mat,126,127,9,135,1.13725850517748,1.1378025638095,0.000544058632015565,2.95999795070648e-07,0.000544058632015565,0.00102379278118424,0.000272029316007782,0.00433503819932129,0,0,1,0.2125,0.2125,0.0139610365269542
A4,Amplifying Recurrent Waves,ARX,I,/home/kaahin/degree_project/hybrid-epidemic-forecasting/results/partA/forecasts/partA_03_forecast_A4_ARX_I.mat,126,127,10,136,1.14468828372916,1.14646277223687,0.00177448850771178,3.14880946400118e-06,0.00177448850771178,0.00130617516409835,0.00088724425385589,0.0049905439845867,0,0,1,0.2125,0.2125,0.0161895794015765
A4,Amplifying Recurrent Waves,ARX,I,/home/kaahin/degree_project/hybrid-epidemic-forecasting/results/partA/forecasts/partA_03_forecast_A4_ARX_I.mat,126,127,11,137,1.15162917801302,1.15479048911848,0.00316131110545093,9.99388790544735e-06,0.00316131110545093,0.00164916434246865,0.00158065555272546,0.00584058398838345,0,0,1,0.2125,0.2125,0.0188566694879015
A4,Amplifying Recurrent Waves,ARX,I,/home/kaahin/degree_project/hybrid-epidemic-forecasting/results/partA/forecasts/partA_03_forecast_A4_ARX_I.mat,126,127,12,138,1.1580202527693,1.16294970341996,0.00492945065066097,2.42994837173019e-05,0.00492945065066097,0.00208839298917094,0.00246472532533049,0.00693304312593875,0,0,1,0.2125,0.2125,0.0220863968335684
A4,Amplifying Recurrent Waves,ARX,I,/home/kaahin/degree_project/hybrid-epidemic-forecasting/results/partA/forecasts/partA_03_forecast_A4_ARX_I.mat,126,127,13,139,1.16380463871869,1.17055308680999,0.00674844809130004,4.55415516409712e-05,0.00674844809130004,0.00255513804016853,0.00337422404565002,0.00812389713510835,0,0,1,0.2125,0.2125,0.0254421790289787
A4,Amplifying Recurrent Waves,ARX,I,/home/kaahin/degree_project/hybrid-epidemic-forecasting/results/partA/forecasts/partA_03_forecast_A4_ARX_I.mat,126,127,14,140,1.16893024759835,1.17804651016571,0.00911626256735953,8.31062431970406e-05,0.00911626256735953,0.00339244146615283,0.00455813128367977,0.00904423848590694,0.00166361682810101,0,0.75,-0.0375,0.2125,0.0283658100876163
A4,Amplifying Recurrent Waves,ARX,I,/home/kaahin/degree_project/hybrid-epidemic-forecasting/results/partA/forecasts/partA_03_forecast_A4_ARX_I.mat,133,134,1,134,1.12940409814855,1.12957039612525,0.000166297976694763,2.76550170527718e-08,0.000166297976694763,8.3367522323489e-05,8.31489883473813e-05,0.000292004862108319,0,0,1,0.2125,0.2125,0.000834541779627884
A4,Amplifying Recurrent Waves,ARX,I,/home/kaahin/degree_project/hybrid-epidemic-forecasting/results/partA/forecasts/partA_03_forecast_A4_ARX_I.mat,133,134,2,135,1.13725850517748,1.13781075895078,0.000552253773297151,3.04984230120941e-07,0.000552253773297151,0.000203099718485368,0.000276126886648576,0.000583063483832946,5.47583627026338e-05,0,0.75,-0.0375,0.2125,0.00176173443865912
A4,Amplifying Recurrent Waves,ARX,I,/home/kaahin/degree_project/hybrid-epidemic-forecasting/results/partA/forecasts/partA_03_forecast_A4_ARX_I.mat,133,134,3,136,1.14468828372916,1.14616204361796,0.00147375988880571,2.17196820985263e-06,0.00147375988880571,0.00047487856058958,0.000736879944402857,0.000883922320696257,0.000516151257553998,0,0.5,-0.2875,0.3625,0.00278542701539103
A4,Amplifying Recurrent Waves,ARX,I,/home/kaahin/degree_project/hybrid-epidemic-forecasting/results/partA/forecasts/partA_03_forecast_A4_ARX_I.mat,133,134,4,137,1.15162917801302,1.15401989245929,0.00239071444626826,5.71551556359576e-06,0.00239071444626826,0.000990282783322219,0.00119535722313413,0.00122996503816122,0.00203095026365463,0,0.5,-0.2875,0.3625,0.00410818638236687
A4,Amplifying Recurrent Waves,ARX,I,/home/kaahin/degree_project/hybrid-epidemic-forecasting/results/partA/forecasts/partA_03_forecast_A4_ARX_I.mat,133,134,5,138,1.1580202527693,1.16165782959966,0.00363757683035981,1.32319651967705e-05,0.00363757683035981,0.00167182064151634,0.00181878841517991,0.00176590712338615,0.00393849734825746,0,0.25,-0.5375,0.5625,0.00583308485267237
A4,Amplifying Recurrent Waves,ARX,I,/home/kaahin/degree_project/hybrid-epidemic-forecasting/results/partA/forecasts/partA_03_forecast_A4_ARX_I.mat,133,134,6,139,1.16380463871869,1.16938633424536,0.00558169552667431,3.1155324952496e-05,0.00558169552667431,0.00266582076104849,0.00279084776333716,0.00236842470970205,0.00683692095167898,0,0.25,-0.5375,0.5625,0.00773752488214741
A4,Amplifying Recurrent Waves,ARX,I,/home/kaahin/degree_project/hybrid-epidemic-forecasting/results/partA/forecasts/partA_03_forecast_A4_ARX_I.mat,133,134,7,140,1.16893024759835,1.17669374336406,0.0077634957657049,6.02718665041179e-05,0.0077634957657049,0.00402617993139674,0.00388174788285245,0.0030339284305833,0.0112021333778496,0,0,-0.7875,0.7875,0.00963243271438208
A4,Amplifying Recurrent Waves,ARX,I,/home/kaahin/degree_project/hybrid-epidemic-forecasting/results/partA/forecasts/partA_03_forecast_A4_ARX_I.mat,133,134,8,141,1.17335044275208,1.18363253301635,0.0102820902642706,0.000105721380202609,0.0102820902642706,0.00560501919151708,0.00514104513213531,0.00382623509722894,0.0162553061324626,0,0,-0.7875,0.7875,0.0121277757288251
A4,Amplifying Recurrent Waves,ARX,I,/home/kaahin/degree_project/hybrid-epidemic-forecasting/results/partA/forecasts/partA_03_forecast_A4_ARX_I.mat,133,134,9,142,1.17702465181467,1.19021599765383,0.013191345839165,0.000174011605048457,0.013191345839165,0.00768980985993188,0.00659567291958252,0.00464064232812841,0.0233678291219825,0,0,-0.7875,0.7875,0.0147340637028109
A4,Amplifying Recurrent Waves,ARX,I,/home/kaahin/degree_project/hybrid-epidemic-forecasting/results/partA/forecasts/partA_03_forecast_A4_ARX_I.mat,133,134,10,143,1.17991890896535,1.19657597799665,0.0166570690313044,0.000277457948713639,0.0166570690313044,0.0101457929216662,0.00832853451565219,0.00550566478453541,0.0318218688473104,0,0,-0.7875,0.7875,0.01748816711173
A4,Amplifying Recurrent Waves,ARX,I,/home/kaahin/degree_project/hybrid-epidemic-forecasting/results/partA/forecasts/partA_03_forecast_A4_ARX_I.mat,133,134,11,144,1.1820063155013,1.20258588410503,0.020579568603732,0.000423518643915712,0.020579568603732,0.0130033337900692,0.010289784301866,0.00645852917291376,0.0417666885805317,0,0,-0.7875,0.7875,0.0203725284975054
A4,Amplifying Recurrent Waves,ARX,I,/home/kaahin/degree_project/hybrid-epidemic-forecasting/results/partA/forecasts/partA_03_forecast_A4_ARX_I.mat,133,134,12,145,1.18326740906918,1.20837518005725,0.0251077709880694,0.000630400163989338,0.0251077709880694,0.0162423105483606,0.0125538854940347,0.00732181307618607,0.053214698897402,0,0,-0.7875,0.7875,0.0233575865636896
A4,Amplifying Recurrent Waves,ARX,I,/home/kaahin/degree_project/hybrid-epidemic-forecasting/results/partA/forecasts/partA_03_forecast_A4_ARX_I.mat,133,134,13,146,1.1836904337473,1.21351971357471,0.0298292798274118,0.000889785935022036,0.0298292798274118,0.0198637976152041,0.0149146399137059,0.00801097368277775,0.0664614756719346,0,0,-0.7875,0.7875,0.0260442992974145
A4,Amplifying Recurrent Waves,ARX,I,/home/kaahin/degree_project/hybrid-epidemic-forecasting/results/partA/forecasts/partA_03_forecast_A4_ARX_I.mat,133,134,14,147,1.18327150524464,1.21828883898594,0.0350173337413,0.00122621366234959,0.0350173337413,0.0240968972800937,0.01750866687065,0.00860863151920276,0.0823187393705687,0,0,-0.7875,0.7875,0.0285225026809276
A4,Amplifying Recurrent Waves,ARX,I,/home/kaahin/degree_project/hybrid-epidemic-forecasting/results/partA/forecasts/partA_03_forecast_A4_ARX_I.mat,140,141,1,141,1.17335044275208,1.17376436099182,0.000413918239742239,1.71328309191314e-07,0.000413918239742239,0.000148964692473991,0.00020695911987112,0.000312065584732629,0.000151316411529212,0,0.5,-0.2875,0.3625,0.000887463315158543
A4,Amplifying Recurrent Waves,ARX,I,/home/kaahin/degree_project/hybrid-epidemic-forecasting/results/partA/forecasts/partA_03_forecast_A4_ARX_I.mat,140,141,2,142,1.17702465181467,1.17813290713918,0.00110825532451453,1.2282298643148e-06,0.00110825532451453,0.000503138202340896,0.000554127662257264,0.000655861337716768,0.00105413291056,0,0.25,-0.5375,0.5625,0.00201687809603507
A4,Amplifying Recurrent Waves,ARX,I,/home/kaahin/degree_project/hybrid-epidemic-forecasting/results/partA/forecasts/partA_03_forecast_A4_ARX_I.mat,140,141,3,143,1.17991890896535,1.18241376514958,0.00249485618422907,6.22430737998602e-06,0.00249485618422907,0.001206441677166,0.00124742809211453,0.00115043112421969,0.00303112833091279,0,0,-0.7875,0.7875,0.00361652959830544
A4,Amplifying Recurrent Waves,ARX,I,/home/kaahin/degree_project/hybrid-epidemic-forecasting/results/partA/forecasts/partA_03_forecast_A4_ARX_I.mat,140,141,4,144,1.1820063155013,1.18626664092017,0.00426032541887245,1.81503726746907e-05,0.00426032541887245,0.00232037259559231,0.00213016270943622,0.00174859125368732,0.00656292271704184,0,0,-0.7875,0.7875,0.00540819253411917
A4,Amplifying Recurrent Waves,ARX,I,/home/kaahin/degree_project/hybrid-epidemic-forecasting/results/partA/forecasts/partA_03_forecast_A4_ARX_I.mat,140,141,5,145,1.18326740906918,1.18953283648926,0.00626542742007463,3.92555807562231e-05,0.00626542742007463,0.00382366786053562,0.00313271371003732,0.00229099787907816,0.0117827937832948,0,0,-0.7875,0.7875,0.00711737384666228
A4,Amplifying Recurrent Waves,ARX,I,/home/kaahin/degree_project/hybrid-epidemic-forecasting/results/partA/forecasts/partA_03_forecast_A4_ARX_I.mat,140,141,6,146,1.1836904337473,1.19250513813047,0.00881470438317589,7.76990133627802e-05,0.00881470438317589,0.00563080472085115,0.00440735219158794,0.00304004170991097,0.0178912273423313,0,0,-0.7875,0.7875,0.00929299355125768
A4,Amplifying Recurrent Waves,ARX,I,/home/kaahin/degree_project/hybrid-epidemic-forecasting/results/partA/forecasts/partA_03_forecast_A4_ARX_I.mat,140,141,7,147,1.18327150524464,1.19547702970301,0.0122055244583683,0.000148974827303827,0.0122055244583683,0.00764310235674421,0.00610276222918416,0.00376107856713839,0.0245301198090264,0,0,-0.7875,0.7875,0.0117669576797272
A4,Amplifying Recurrent Waves,ARX,I,/home/kaahin/degree_project/hybrid-epidemic-forecasting/results/partA/forecasts/partA_03_forecast_A4_ARX_I.mat,140,141,8,148,1.18201466771717,1.19798022542682,0.0159655577096545,0.000254899032980307,0.0159655577096545,0.0101186160851239,0.00798277885482723,0.00463770915042513,0.0329132843778053,0,0,-0.7875,0.7875,0.0143353364212743
A4,Amplifying Recurrent Waves,ARX,I,/home/kaahin/degree_project/hybrid-epidemic-forecasting/results/partA/forecasts/partA_03_forecast_A4_ARX_I.mat,140,141,9,149,1.17993184103448,1.2000153043848,0.0200834633503157,0.000403345500143476,0.0200834633503157,0.0130477308895756,0.0100417316751579,0.00550602892179752,0.0431670284061347,0,0,-0.7875,0.7875,0.0168974271259159
A4,Amplifying Recurrent Waves,ARX,I,/home/kaahin/degree_project/hybrid-epidemic-forecasting/results/partA/forecasts/partA_03_forecast_A4_ARX_I.mat,140,141,10,150,1.1770426596957,1.20168213447637,0.0246394747806671,0.000607103717467129,0.0246394747806671,0.0163638732525514,0.0123197373903335,0.00635476001908794,0.0549629322270599,0,0,-0.7875,0.7875,0.0196100589993758
A4,Amplifying Recurrent Waves,ARX,I,/home/kaahin/degree_project/hybrid-epidemic-forecasting/results/partA/forecasts/partA_03_forecast_A4_ARX_I.mat,140,141,11,151,1.17337420692442,1.20286570175917,0.0294914948347489,0.00086974826758802,0.0294914948347489,0.0199916265926824,0.0147457474173744,0.00719744071646186,0.0680191315332344,0,0,-0.7875,0.7875,0.0222275561667926
A4,Amplifying Recurrent Waves,ARX,I,/home/kaahin/degree_project/hybrid-epidemic-forecasting/results/partA/forecasts/partA_03_forecast_A4_ARX_I.mat,140,141,12,152,1.16896064970435,1.20331649735263,0.0343558476482893,0.00118032426763246,0.0343558476482893,0.0239459546453501,0.0171779238241446,0.00807222748245717,0.0825066445974738,0,0,-0.7875,0.7875,0.0246023566265535
A4,Amplifying Recurrent Waves,ARX,I,/home/kaahin/degree_project/hybrid-epidemic-forecasting/results/partA/forecasts/partA_03_forecast_A4_ARX_I.mat,140,141,13,153,1.1638427825858,1.20367190178501,0.0398291191992075,0.00158635873618468,0.0398291191992075,0.0282772287210759,0.0199145595996038,0.00896019801153745,0.0983727716337004,0,0,-0.7875,0.7875,0.0271577071566497
A4,Amplifying Recurrent Waves,ARX,I,/home/kaahin/degree_project/hybrid-epidemic-forecasting/results/partA/forecasts/partA_03_forecast_A4_ARX_I.mat,140,141,14,154,1.15806748994287,1.20317345174834,0.0451059618054723,0.00203454779039673,0.0451059618054723,0.0327781959337895,0.0225529809027362,0.00974273409493188,0.115206166704385,0,0,-0.7875,0.7875,0.0296101759356156
A4,Amplifying Recurrent Waves,ARX,I,/home/kaahin/degree_project/hybrid-epidemic-forecasting/results/partA/forecasts/partA_03_forecast_A4_ARX_I.mat,147,148,1,148,1.18201466771717,1.18232235581503,0.000307688097858749,9.46719655639353e-08,0.000307688097858749,0.000123961214477777,0.000153844048929375,0.000278143448186396,0.000125837968034226,0,0.75,-0.0375,0.2125,0.000890892598260584
A4,Amplifying Recurrent Waves,ARX,I,/home/kaahin/degree_project/hybrid-epidemic-forecasting/results/partA/forecasts/partA_03_forecast_A4_ARX_I.mat,147,148,2,149,1.17993184103448,1.18100722987708,0.0010753888425914,1.15646116277006e-06,0.0010753888425914,0.000386374992478993,0.000537694421295698,0.000651145397279734,0.000549847647580037,0,0.5,-0.2875,0.3625,0.00206203885762846
A4,Amplifying Recurrent Waves,ARX,I,/home/kaahin/degree_project/hybrid-epidemic-forecasting/results/partA/forecasts/partA_03_forecast_A4_ARX_I.mat,147,148,3,150,1.1770426596957,1.17913128892027,0.00208862922457231,4.36237203773754e-06,0.00208862922457231,0.000986860570765799,0.00104431461228616,0.00104395665389272,0.00235260130226722,0,0,-0.7875,0.7875,0.00326633115673308
A4,Amplifying Recurrent Waves,ARX,I,/home/kaahin/degree_project/hybrid-epidemic-forecasting/results/partA/forecasts/partA_03_forecast_A4_ARX_I.mat,147,148,4,151,1.17337420692442,1.1768028213814,0.0034286144569724,1.17553970945602e-05,0.0034286144569724,0.00190710485881205,0.0017143072284862,0.00146776071985361,0.0053999039163144,0,0,-0.7875,0.7875,0.00471545700341347
A4,Amplifying Recurrent Waves,ARX,I,/home/kaahin/degree_project/hybrid-epidemic-forecasting/results/partA/forecasts/partA_03_forecast_A4_ARX_I.mat,147,148,5,152,1.16896064970435,1.17396497766219,0.00500432795784778,2.50432983096969e-05,0.00500432795784778,0.00305962688763569,0.00250216397892389,0.00192922035909113,0.00933693665634561,0,0,-0.7875,0.7875,0.00642878828327376
A4,Amplifying Recurrent Waves,ARX,I,/home/kaahin/degree_project/hybrid-epidemic-forecasting/results/partA/forecasts/partA_03_forecast_A4_ARX_I.mat,147,148,6,153,1.1638427825858,1.17098249621202,0.00713971362622079,5.09755106644428e-05,0.00713971362622079,0.00460875254135633,0.00356985681311039,0.00245109536839925,0.0147184342545938,0,0,-0.7875,0.7875,0.00816179766333891
A4,Amplifying Recurrent Waves,ARX,I,/home/kaahin/degree_project/hybrid-epidemic-forecasting/results/partA/forecasts/partA_03_forecast_A4_ARX_I.mat,147,148,7,154,1.15806748994287,1.16769938499002,0.00963189504715167,9.27734021993449e-05,0.00963189504715167,0.00647746295895522,0.00481594752357584,0.00300923646057655,0.0213233993311461,0,0,-0.7875,0.7875,0.00975486684978272
A4,Amplifying Recurrent Waves,ARX,I,/home/kaahin/degree_project/hybrid-epidemic-forecasting/results/partA/forecasts/partA_03_forecast_A4_ARX_I.mat,147,148,8,155,1.15168713793976,1.16434274758163,0.0126556096418662,0.000160164455407296,0.0126556096418662,0.00865714175528035,0.00632780482093309,0.00357875705255098,0.0290505760252775,0,0,-0.7875,0.7875,0.0116049749408765
A4,Amplifying Recurrent Waves,ARX,I,/home/kaahin/degree_project/hybrid-epidemic-forecasting/results/partA/forecasts/partA_03_forecast_A4_ARX_I.mat,147,148,9,156,1.1447589087329,1.1602293582201,0.0154704494872067,0.000239334807336213,0.0154704494872067,0.0107116356952126,0.00773522474360333,0.00418523708681763,0.0362818987980358,0,0,-0.7875,0.7875,0.0137434873017381
A4,Amplifying Recurrent Waves,ARX,I,/home/kaahin/degree_project/hybrid-epidemic-forecasting/results/partA/forecasts/partA_03_forecast_A4_ARX_I.mat,147,148,10,157,1.13734409035937,1.15584984697718,0.0185057566178093,0.000342463027997592,0.0185057566178093,0.0128020192179571,0.00925287830890464,0.00490973909191958,0.0434464690799825,0,0,-0.7875,0.7875,0.0160330240837843
A4,Amplifying Recurrent Waves,ARX,I,/home/kaahin/degree_project/hybrid-epidemic-forecasting/results/partA/forecasts/partA_03_forecast_A4_ARX_I.mat,147,148,11,158,1.12950733632284,1.15135137852806,0.0218440422052233,0.000477162179863576,0.0218440422052233,0.0150456387211755,0.0109220211026116,0.00563402169396802,0.0511493314487099,0,0,-0.7875,0.7875,0.018364303928904
A4,Amplifying Recurrent Waves,ARX,I,/home/kaahin/degree_project/hybrid-epidemic-forecasting/results/partA/forecasts/partA_03_forecast_A4_ARX_I.mat,147,148,12,159,1.12131590907418,1.14627510439876,0.0249591953245842,0.000622961431250748,0.0249591953245842,0.0170828665185098,0.0124795976622921,0.00635565759061454,0.0580376440803876,0,0,-0.7875,0.7875,0.021027986463738
A4,Amplifying Recurrent Waves,ARX,I,/home/kaahin/degree_project/hybrid-epidemic-forecasting/results/partA/forecasts/partA_03_forecast_A4_ARX_I.mat,147,148,13,160,1.11283892139923,1.14087986337348,0.028040941974244,0.000786294426802919,0.028040941974244,0.0190841859264928,0.014020470987122,0.00721455237633893,0.0646438133057567,0,0,-0.7875,0.7875,0.024003940317982
A4,Amplifying Recurrent Waves,ARX,I,/home/kaahin/degree_project/hybrid-epidemic-forecasting/results/partA/forecasts/partA_03_forecast_A4_ARX_I.mat,147,148,14,161,1.10414658918154,1.13601254961943,0.0318659604378908,0.00101543943462922,0.0318659604378908,0.0213562683001032,0.0159329802189454,0.00804017312971038,0.0721300540018088,0,0,-0.7875,0.7875,0.0267138355309361
A4,Amplifying Recurrent Waves,ARX,I,/home/kaahin/degree_project/hybrid-epidemic-forecasting/results/partA/forecasts/partA_03_forecast_A4_ARX_I.mat,154,155,1,155,1.15168713793976,1.15193486235522,0.000247724415457951,6.13673860139833e-08,0.000247724415457951,9.38448270369041e-05,0.000123862207728975,0.000298439513937093,0,0,1,0.2125,0.2125,0.000912240302841205
A4,Amplifying Recurrent Waves,ARX,I,/home/kaahin/degree_project/hybrid-epidemic-forecasting/results/partA/forecasts/partA_03_forecast_A4_ARX_I.mat,154,155,2,156,1.1447589087329,1.14541251766575,0.000653608932855265,4.27204637108199e-07,0.000653608932855265,0.000238278806321187,0.000326804466427633,0.000606593926409321,0.000138856235608387,0,0.75,-0.0375,0.2125,0.00184288886672018
A4,Amplifying Recurrent Waves,ARX,I,/home/kaahin/degree_project/hybrid-epidemic-forecasting/results/partA/forecasts/partA_03_forecast_A4_ARX_I.mat,154,155,3,157,1.13734409035937,1.13855064102881,0.00120655066943609,1.45576451791668e-06,0.00120655066943609,0.000442854788461156,0.000603275334718045,0.000993313394417783,0.000396257818939372,0,0.75,-0.0375,0.2125,0.00294111889153631
A4,Amplifying Recurrent Waves,ARX,I,/home/kaahin/degree_project/hybrid-epidemic-forecasting/results/partA/forecasts/partA_03_forecast_A4_ARX_I.mat,154,155,4,158,1.12950733632284,1.13136235351425,0.00185501719141179,3.44108878043328e-06,0.00185501719141179,0.000695887913843856,0.000927508595705895,0.00139233977413638,0.000811647242455082,0,0.75,-0.0375,0.2125,0.00430075626843429
A4,Amplifying Recurrent Waves,ARX,I,/home/kaahin/degree_project/hybrid-epidemic-forecasting/results/partA/forecasts/partA_03_forecast_A4_ARX_I.mat,154,155,5,159,1.12131590907418,1.12398127724921,0.00266536817502794,7.10418750845176e-06,0.00266536817502794,0.000967569194897385,0.00133268408751397,0.0019345291752311,0.00108684811429316,0,0.75,-0.0375,0.2125,0.0059696923653888
A4,Amplifying Recurrent Waves,ARX,I,/home/kaahin/degree_project/hybrid-epidemic-forecasting/results/partA/forecasts/partA_03_forecast_A4_ARX_I.mat,154,155,6,160,1.11283892139923,1.11624492487,0.00340600347076236,1.16008596428453e-05,0.00340600347076236,0.00122626508698825,0.00170300173538118,0.00246184342272721,0.00135334773333873,0,0.5,-0.2875,0.3625,0.0076806321201725
A4,Amplifying Recurrent Waves,ARX,I,/home/kaahin/degree_project/hybrid-epidemic-forecasting/results/partA/forecasts/partA_03_forecast_A4_ARX_I.mat,154,155,7,161,1.10414658918154,1.10863604082177,0.00448945164023051,2.01551760299684e-05,0.00448945164023051,0.00168218678705994,0.00224472582011526,0.00300108726547251,0.00232402745618199,0,0.5,-0.2875,0.3625,0.0095125795135646
A4,Amplifying Recurrent Waves,ARX,I,/home/kaahin/degree_project/hybrid-epidemic-forecasting/results/partA/forecasts/partA_03_forecast_A4_ARX_I.mat,154,155,8,162,1.09530950812892,1.10060924977611,0.00529974164718872,2.80872615269466e-05,0.00529974164718872,0.00206582784276027,0.00264987082359436,0.00356600055386043,0.00308035391496642,0,0.5,-0.2875,0.3625,0.0112618293383526
A4,Amplifying Recurrent Waves,ARX,I,/home/kaahin/degree_project/hybrid-epidemic-forecasting/results/partA/forecasts/partA_03_forecast_A4_ARX_I.mat,154,155,9,163,1.08639796587165,1.09247110764362,0.00607314177197393,3.68830509824947e-05,0.00607314177197393,0.00237801539395011,0.00303657088598697,0.00434281496937174,0.00332168341741679,0,0.5,-0.2875,0.3625,0.013257570802199
A4,Amplifying Recurrent Waves,ARX,I,/home/kaahin/degree_project/hybrid-epidemic-forecasting/results/partA/forecasts/partA_03_forecast_A4_ARX_I.mat,154,155,10,164,1.07748129939817,1.08402261818358,0.00654131878540709,4.27888514523197e-05,0.00654131878540709,0.00255226117976082,0.00327065939270355,0.00490899986638762,0.00330551604983254,0,0.5,-0.2875,0.3625,0.014913347449926
A4,Amplifying Recurrent Waves,ARX,I,/home/kaahin/degree_project/hybrid-epidemic-forecasting/results/partA/forecasts/partA_03_forecast_A4_ARX_I.mat,154,155,11,165,1.06862730614107,1.0754079335339,0.00678062739283236,4.59769078404286e-05,0.00678062739283236,0.00275745454767767,0.00339031369641618,0.00533444473295244,0.00368378703518091,0,0.5,-0.2875,0.3625,0.0163632600776451
A4,Amplifying Recurrent Waves,ARX,I,/home/kaahin/degree_project/hybrid-epidemic-forecasting/results/partA/forecasts/partA_03_forecast_A4_ARX_I.mat,154,155,12,166,1.05990171521389,1.06723245886996,0.00733074365607167,5.3739802551035e-05,0.00733074365607167,0.0029429439298986,0.00366537182803583,0.00559725778918487,0.00398061806732297,0,0.5,-0.2875,0.3625,0.0176677463531394
A4,Amplifying Recurrent Waves,ARX,I,/home/kaahin/degree_project/hybrid-epidemic-forecasting/results/partA/forecasts/partA_03_forecast_A4_ARX_I.mat,154,155,13,167,1.0513677233864,1.05917612255614,0.00780839916974108,6.09710975940131e-05,0.00780839916974108,0.0029744802616754,0.00390419958487054,0.0059895978230269,0.00349136376964188,0,0.75,-0.0375,0.2125,0.0191631272045094
A4,Amplifying Recurrent Waves,ARX,I,/home/kaahin/degree_project/hybrid-epidemic-forecasting/results/partA/forecasts/partA_03_forecast_A4_ARX_I.mat,154,155,14,168,1.04308559842943,1.05124099107528,0.00815539264584775,6.65104292079475e-05,0.00815539264584775,0.00305245400174398,0.00407769632292387,0.00657537362046476,0.00308297306445926,0,0.75,-0.0375,0.2125,0.0211169544874678
A4,Amplifying Recurrent Waves,ARX,I,/home/kaahin/degree_project/hybrid-epidemic-forecasting/results/partA/forecasts/partA_03_forecast_A4_ARX_I.mat,161,162,1,162,1.09530950812892,1.0952260507264,-8.34574025159185e-05,6.96513803470404e-09,8.34574025159185e-05,5.84291785269012e-05,4.17287012579592e-05,0.000221202602113096,0,0,1,0.2125,0.2125,0.000726809139048934
A4,Amplifying Recurrent Waves,ARX,I,/home/kaahin/degree_project/hybrid-epidemic-forecasting/results/partA/forecasts/partA_03_forecast_A4_ARX_I.mat,161,162,2,163,1.08639796587165,1.08617880103203,-0.000219164839625474,4.80332269280598e-08,0.000219164839625474,0.000141552063870477,0.000109582419812737,0.00052740186760441,0,0,1,0.2125,0.2125,0.00170233916651469
A4,Amplifying Recurrent Waves,ARX,I,/home/kaahin/degree_project/hybrid-epidemic-forecasting/results/partA/forecasts/partA_03_forecast_A4_ARX_I.mat,161,162,3,164,1.07748129939817,1.07718749497063,-0.000293804427546229,8.63210416457675e-08,0.000293804427546229,0.000222409779011068,0.000146902213773115,0.000853941791776691,0,0,1,0.2125,0.2125,0.00282930364349709
A4,Amplifying Recurrent Waves,ARX,I,/home/kaahin/degree_project/hybrid-epidemic-forecasting/results/partA/forecasts/partA_03_forecast_A4_ARX_I.mat,161,162,4,165,1.06862730614107,1.06801468630755,-0.00061261983351879,3.75303060420591e-07,0.00061261983351879,0.000331752398836445,0.000306309916759395,0.00118657587800461,0,0,1,0.2125,0.2125,0.00412704586104057
A4,Amplifying Recurrent Waves,ARX,I,/home/kaahin/degree_project/hybrid-epidemic-forecasting/results/partA/forecasts/partA_03_forecast_A4_ARX_I.mat,161,162,5,166,1.05990171521389,1.05878627299492,-0.00111544221896431,1.24421134384803e-06,0.00111544221896431,0.000494259938781369,0.000557721109482157,0.00166644861503401,0,0,1,0.2125,0.2125,0.00555628135308461
A4,Amplifying Recurrent Waves,ARX,I,/home/kaahin/degree_project/hybrid-epidemic-forecasting/results/partA/forecasts/partA_03_forecast_A4_ARX_I.mat,161,162,6,167,1.0513677233864,1.04973407681071,-0.00163364657568987,2.66880113426325e-06,0.00163364657568987,0.000669740307771446,0.000816823287844937,0.00219700809712657,0,0,1,0.2125,0.2125,0.00698888454521085
A4,Amplifying Recurrent Waves,ARX,I,/home/kaahin/degree_project/hybrid-epidemic-forecasting/results/partA/forecasts/partA_03_forecast_A4_ARX_I.mat,161,162,7,168,1.04308559842943,1.040830763409,-0.00225483502043522,5.0842809693811e-06,0.00225483502043522,0.000877629342400103,0.00112741751021761,0.00282191453058285,0,0,1,0.2125,0.2125,0.00863738368575451
A4,Amplifying Recurrent Waves,ARX,I,/home/kaahin/degree_project/hybrid-epidemic-forecasting/results/partA/forecasts/partA_03_forecast_A4_ARX_I.mat,161,162,8,169,1.03511235052023,1.03189520028691,-0.00321715023332092,1.03500556237569e-05,0.00321715023332092,0.00114267779231326,0.00160857511666046,0.0035334749487492,0,0,1,0.2125,0.2125,0.0106539607222373
A4,Amplifying Recurrent Waves,ARX,I,/home/kaahin/degree_project/hybrid-epidemic-forecasting/results/partA/forecasts/partA_03_forecast_A4_ARX_I.mat,161,162,9,170,1.02750147053046,1.02323388601943,-0.00426758451103404,1.82122775588176e-05,0.00426758451103404,0.00149669689920073,0.00213379225551702,0.00410809389749021,0,0.000493249893396053,0.75,-0.0375,0.2125,0.0125493052885839
A4,Amplifying Recurrent Waves,ARX,I,/home/kaahin/degree_project/hybrid-epidemic-forecasting/results/partA/forecasts/partA_03_forecast_A4_ARX_I.mat,161,162,10,171,1.02030273227509,1.01458480953036,-0.00571792274473348,3.26946405147405e-05,0.00571792274473348,0.00201777844639824,0.00285896137236674,0.00467650488820081,0,0.00154453674822452,0.75,-0.0375,0.2125,0.014534174671569
A4,Amplifying Recurrent Waves,ARX,I,/home/kaahin/degree_project/hybrid-epidemic-forecasting/results/partA/forecasts/partA_03_forecast_A4_ARX_I.mat,161,162,11,172,1.01356205422887,1.00607280113595,-0.00748925309291493,5.60889118897358e-05,0.00748925309291493,0.0025944521026259,0.00374462654645746,0.00534775284447235,0,0.00258265507088673,0.75,-0.0375,0.2125,0.0167144247391617
A4,Amplifying Recurrent Waves,ARX,I,/home/kaahin/degree_project/hybrid-epidemic-forecasting/results/partA/forecasts/partA_03_forecast_A4_ARX_I.mat,161,162,12,173,1.00732141485984,0.997799881022782,-0.009521533837061,9.06596066102976e-05,0.009521533837061,0.00336180060795903,0.0047607669185305,0.00602005145352828,0,0.00434728436375686,0.5,-0.2875,0.3625,0.0188754318916969
A4,Amplifying Recurrent Waves,ARX,I,/home/kaahin/degree_project/hybrid-epidemic-forecasting/results/partA/forecasts/partA_03_forecast_A4_ARX_I.mat,161,162,13,174,1.00161881462006,0.989707974104668,-0.0119108405153938,0.000141868121783147,0.0119108405153938,0.00439601249805154,0.00595542025769691,0.00675751173937785,0,0.00706912424415718,0.5,-0.2875,0.3625,0.0212520503960049
A4,Amplifying Recurrent Waves,ARX,I,/home/kaahin/degree_project/hybrid-epidemic-forecasting/results/partA/forecasts/partA_03_forecast_A4_ARX_I.mat,161,162,14,175,0.996488276798802,0.981680989779472,-0.0148072870193301,0.000219255748872822,0.0148072870193301,0.00573351105650842,0.00740364350966505,0.00745480448968777,0,0.0109423517549351,0.25,-0.5375,0.5625,0.0234663349498921
A4,Amplifying Recurrent Waves,ARX,I,/home/kaahin/degree_project/hybrid-epidemic-forecasting/results/partA/forecasts/partA_03_forecast_A4_ARX_I.mat,168,169,1,169,1.03511235052023,1.03489791418146,-0.000214436338770385,4.59829433852474e-08,0.000214436338770385,8.1017594799932e-05,0.000107218169385193,0.00023532574038086,0,2.20352668336421e-05,0.75,-0.0375,0.2125,0.000741646139804708
A4,Amplifying Recurrent Waves,ARX,I,/home/kaahin/degree_project/hybrid-epidemic-forecasting/results/partA/forecasts/partA_03_forecast_A4_ARX_I.mat,168,169,2,170,1.02750147053046,1.02681801746016,-0.000683453070305484,4.67108099309993e-07,0.000683453070305484,0.000242275634893199,0.000341726535152742,0.000566516470298445,0,0.000181997351568208,0.75,-0.0375,0.2125,0.00176635137534908
A4,Amplifying Recurrent Waves,ARX,I,/home/kaahin/degree_project/hybrid-epidemic-forecasting/results/partA/forecasts/partA_03_forecast_A4_ARX_I.mat,168,169,3,171,1.02030273227509,1.01895598046016,-0.00134675181492816,1.81374045101229e-06,0.00134675181492816,0.000511478531325076,0.00067337590746408,0.000917210917005429,0,0.000711066566493335,0.75,-0.0375,0.2125,0.0029511722836571
A4,Amplifying Recurrent Waves,ARX,I,/home/kaahin/degree_project/hybrid-epidemic-forecasting/results/partA/forecasts/partA_03_forecast_A4_ARX_I.mat,168,169,4,172,1.01356205422887,1.01123736041295,-0.0023246938159176,5.40420133776553e-06,0.0023246938159176,0.000859523622602261,0.0011623469079588,0.00131940625014939,0,0.00138610314360199,0.5,-0.2875,0.3625,0.00415572663360481
A4,Amplifying Recurrent Waves,ARX,I,/home/kaahin/degree_project/hybrid-epidemic-forecasting/results/partA/forecasts/partA_03_forecast_A4_ARX_I.mat,168,169,5,173,1.00732141485984,1.00373935501257,-0.00358205984727555,1.28311527494638e-05,0.00358205984727555,0.00136356305004447,0.00179102992363778,0.00181143851770848,0,0.00253356528385384,0.5,-0.2875,0.3625,0.00575118693357107
A4,Amplifying Recurrent Waves,ARX,I,/home/kaahin/degree_project/hybrid-epidemic-forecasting/results/partA/forecasts/partA_03_forecast_A4_ARX_I.mat,168,169,6,174,1.00161881462006,0.996479143051686,-0.00513967156837536,2.6416223830766e-05,0.00513967156837536,0.00208367464587973,0.00256983578418768,0.00242428276768301,0,0.00438241735458811,0.25,-0.5375,0.5625,0.0075935573282315
A4,Amplifying Recurrent Waves,ARX,I,/home/kaahin/degree_project/hybrid-epidemic-forecasting/results/partA/forecasts/partA_03_forecast_A4_ARX_I.mat,168,169,7,175,0.996488276798802,0.989584275690695,-0.00690400110810785,4.76652313007544e-05,0.00690400110810785,0.00307216528276056,0.00345200055405392,0.00301455519261511,0,0.0073581880257535,0,-0.7875,0.7875,0.00948768408052889
A4,Amplifying Recurrent Waves,ARX,I,/home/kaahin/degree_project/hybrid-epidemic-forecasting/results/partA/forecasts/partA_03_forecast_A4_ARX_I.mat,168,169,8,176,0.991959878901415,0.983001891107231,-0.00895798779418411,8.02455453207515e-05,0.00895798779418411,0.00452104332148721,0.00447899389709205,0.00341968375029523,0,0.0124460172993052,0,-0.7875,0.7875,0.0109827994738872
A4,Amplifying Recurrent Waves,ARX,I,/home/kaahin/degree_project/hybrid-epidemic-forecasting/results/partA/forecasts/partA_03_forecast_A4_ARX_I.mat,168,169,9,177,0.988059805975167,0.976240140340618,-0.0118196656345496,0.000139704495712553,0.0118196656345496,0.00637288718728537,0.00590983281727481,0.00410960208334542,0,0.0186585574421639,0,-0.7875,0.7875,0.0128368321329366
A4,Amplifying Recurrent Waves,ARX,I,/home/kaahin/degree_project/hybrid-epidemic-forecasting/results/partA/forecasts/partA_03_forecast_A4_ARX_I.mat,168,169,10,178,0.984810417363346,0.969778848696975,-0.0150315686663706,0.000225948056571813,0.0150315686663706,0.00845629975987035,0.00751578433318528,0.00477401227922418,0,0.0257635523070071,0,-0.7875,0.7875,0.0147250230085551
A4,Amplifying Recurrent Waves,ARX,I,/home/kaahin/degree_project/hybrid-epidemic-forecasting/results/partA/forecasts/partA_03_forecast_A4_ARX_I.mat,168,169,11,179,0.98223031872117,0.964030970167573,-0.0181993485535968,0.000331216287775307,0.0181993485535968,0.010865699029171,0.00909967427679842,0.00542178330926769,0,0.0343741880452033,0,-0.7875,0.7875,0.0163901266354286
A4,Amplifying Recurrent Waves,ARX,I,/home/kaahin/degree_project/hybrid-epidemic-forecasting/results/partA/forecasts/partA_03_forecast_A4_ARX_I.mat,168,169,12,180,0.980334431755407,0.958957208196183,-0.0213772235592237,0.000456985687101027,0.0213772235592237,0.0135067692027521,0.0106886117796118,0.00601435669125049,0,0.044077492941522,0,-0.7875,0.7875,0.0181680238577415
A4,Amplifying Recurrent Waves,ARX,I,/home/kaahin/degree_project/hybrid-epidemic-forecasting/results/partA/forecasts/partA_03_forecast_A4_ARX_I.mat,168,169,13,181,0.979134055029544,0.954308041164482,-0.0248260138650618,0.00061633096442824,0.0248260138650618,0.0163030725704583,0.0124130069325309,0.00666243954785441,0,0.054288380086677,0,-0.7875,0.7875,0.0201112469246097
A4,Amplifying Recurrent Waves,ARX,I,/home/kaahin/degree_project/hybrid-epidemic-forecasting/results/partA/forecasts/partA_03_forecast_A4_ARX_I.mat,168,169,14,182,0.978636910276946,0.9500682114079,-0.0285686988690464,0.000816170555070256,0.0285686988690464,0.0194931789791024,0.0142843494345232,0.00726732601850411,0,0.0661676299529335,0,-0.7875,0.7875,0.0219944267078444
A4,Amplifying Recurrent Waves,ARX,I,/home/kaahin/degree_project/hybrid-epidemic-forecasting/results/partA/forecasts/partA_03_forecast_A4_ARX_I.mat,175,176,1,176,0.991959878901415,0.991634639292708,-0.000325239608707228,1.05780803072031e-07,0.000325239608707228,0.000115319915734784,0.000162619804353614,0.000240131858514028,0,0.000116187957938885,0.75,-0.0375,0.2125,0.000763128213195186
A4,Amplifying Recurrent Waves,ARX,I,/home/kaahin/degree_project/hybrid-epidemic-forecasting/results/partA/forecasts/partA_03_forecast_A4_ARX_I.mat,175,176,2,177,0.988059805975167,0.987081471214964,-0.000978334760202926,9.57138903021316e-07,0.000978334760202926,0.000382445147454146,0.000489167380101463,0.000499688675064203,0,0.00073214710837799,0.5,-0.2875,0.3625,0.00166912362363611
A4,Amplifying Recurrent Waves,ARX,I,/home/kaahin/degree_project/hybrid-epidemic-forecasting/results/partA/forecasts/partA_03_forecast_A4_ARX_I.mat,175,176,3,178,0.984810417363346,0.983009332645305,-0.0018010847180403,3.24390616155832e-06,0.0018010847180403,0.000818919576181268,0.000900542359020151,0.000806381036104228,0,0.00197821469769133,0.25,-0.5375,0.5625,0.0027469178571167
A4,Amplifying Recurrent Waves,ARX,I,/home/kaahin/degree_project/hybrid-epidemic-forecasting/results/partA/forecasts/partA_03_forecast_A4_ARX_I.mat,175,176,4,179,0.98223031872117,0.979130799336153,-0.00309951938501707,9.60702041809659e-06,0.00309951938501707,0.00169259661366354,0.00154975969250853,0.00112377330119347,0,0.00494315176778393,0,-0.7875,0.7875,0.00366586514419928
A4,Amplifying Recurrent Waves,ARX,I,/home/kaahin/degree_project/hybrid-epidemic-forecasting/results/partA/forecasts/partA_03_forecast_A4_ARX_I.mat,175,176,5,180,0.980334431755407,0.975482914943954,-0.00485151681145279,2.35372153718091e-05,0.00485151681145279,0.00276565918292923,0.0024257584057264,0.00142931566766306,0,0.00859039224979208,0,-0.7875,0.7875,0.00466680411889897
A4,Amplifying Recurrent Waves,ARX,I,/home/kaahin/degree_project/hybrid-epidemic-forecasting/results/partA/forecasts/partA_03_forecast_A4_ARX_I.mat,175,176,6,181,0.979134055029544,0.972361169748082,-0.00677288528146158,4.58719750358389e-05,0.00677288528146158,0.00411204510494884,0.00338644264073079,0.00178074509745362,0,0.0133370152340854,0,-0.7875,0.7875,0.00576717579909153
A4,Amplifying Recurrent Waves,ARX,I,/home/kaahin/degree_project/hybrid-epidemic-forecasting/results/partA/forecasts/partA_03_forecast_A4_ARX_I.mat,175,176,7,182,0.978636910276946,0.969574613033851,-0.00906229724309526,8.2125231322212e-05,0.00906229724309526,0.00572412061701929,0.00453114862154763,0.00225952117158149,0,0.0189678729834577,0,-0.7875,0.7875,0.0071092781772075
A4,Amplifying Recurrent Waves,ARX,I,/home/kaahin/degree_project/hybrid-epidemic-forecasting/results/partA/forecasts/partA_03_forecast_A4_ARX_I.mat,175,176,8,183,0.978847169948569,0.967275204573004,-0.0115719653755657,0.000133910382653292,0.0115719653755657,0.00759045848674946,0.00578598268778285,0.00261702699379151,0,0.0257540535087982,0,-0.7875,0.7875,0.00847708143496442
A4,Amplifying Recurrent Waves,ARX,I,/home/kaahin/degree_project/hybrid-epidemic-forecasting/results/partA/forecasts/partA_03_forecast_A4_ARX_I.mat,175,176,9,184,0.979765463147698,0.965288057205541,-0.0144774059421565,0.000209595282813989,0.0144774059421565,0.0097308977420347,0.00723870297107826,0.00311929985900319,0,0.0334310370090747,0,-0.7875,0.7875,0.010176899894357
A4,Amplifying Recurrent Waves,ARX,I,/home/kaahin/degree_project/hybrid-epidemic-forecasting/results/partA/forecasts/partA_03_forecast_A4_ARX_I.mat,175,176,10,185,0.981388858626145,0.963530354045738,-0.0178585045804074,0.000318926185848432,0.0178585045804074,0.0122419335420586,0.00892925229020369,0.00356927061981773,0,0.0425901780292424,0,-0.7875,0.7875,0.0119037480520585
A4,Amplifying Recurrent Waves,ARX,I,/home/kaahin/degree_project/hybrid-epidemic-forecasting/results/partA/forecasts/partA_03_forecast_A4_ARX_I.mat,175,176,11,186,0.983710825086268,0.962235502210857,-0.0214753228754113,0.000461189492603165,0.0214753228754113,0.0151821192724733,0.0107376614377057,0.00406166563278465,0,0.0535202096556397,0,-0.7875,0.7875,0.0135937914202636
A4,Amplifying Recurrent Waves,ARX,I,/home/kaahin/degree_project/hybrid-epidemic-forecasting/results/partA/forecasts/partA_03_forecast_A4_ARX_I.mat,175,176,12,187,0.986721170601349,0.961647589357728,-0.025073581243621,0.000628684476380464,0.025073581243621,0.0182280212336543,0.0125367906218105,0.00467086830718375,0,0.06481843662245,0,-0.7875,0.7875,0.0156013860435271
A4,Amplifying Recurrent Waves,ARX,I,/home/kaahin/degree_project/hybrid-epidemic-forecasting/results/partA/forecasts/partA_03_forecast_A4_ARX_I.mat,175,176,13,188,0.990405964483912,0.961415291053561,-0.0289906734303506,0.000840459145945234,0.0289906734303506,0.0217488130955097,0.0144953367151753,0.00526952911998948,0,0.0781047930946288,0,-0.7875,0.7875,0.017374549558687
A4,Amplifying Recurrent Waves,ARX,I,/home/kaahin/degree_project/hybrid-epidemic-forecasting/results/partA/forecasts/partA_03_forecast_A4_ARX_I.mat,175,176,14,189,0.994747446348724,0.961490294978672,-0.0332571513700518,0.00110603811725054,0.0332571513700518,0.0256498354494512,0.0166285756850259,0.00568847461068388,0,0.0931072092268205,0,-0.7875,0.7875,0.0188598510829405
A4,Amplifying Recurrent Waves,ARX,I,/home/kaahin/degree_project/hybrid-epidemic-forecasting/results/partA/forecasts/partA_03_forecast_A4_ARX_I.mat,182,183,1,183,0.978847169948569,0.978477264337808,-0.000369905610761445,1.36830160872798e-07,0.000369905610761445,0.00011038682915522,0.000184952805380723,0.00024869720841259,0,6.30907174051787e-05,0.75,-0.0375,0.2125,0.000754144870257212
A4,Amplifying Recurrent Waves,ARX,I,/home/kaahin/degree_project/hybrid-epidemic-forecasting/results/partA/forecasts/partA_03_forecast_A4_ARX_I.mat,182,183,2,184,0.979765463147698,0.978798836124545,-0.000966627023152866,9.34367801889372e-07,0.000966627023152866,0.000373526871263099,0.000483313511576433,0.000543220234880709,0,0.000654337174226804,0.25,-0.5375,0.5625,0.00161189421832653
A4,Amplifying Recurrent Waves,ARX,I,/home/kaahin/degree_project/hybrid-epidemic-forecasting/results/partA/forecasts/partA_03_forecast_A4_ARX_I.mat,182,183,3,185,0.981388858626145,0.979479721374343,-0.00190913725180286,3.64480504622138e-06,0.00190913725180286,0.000956574887768014,0.000954568625901431,0.000926934775465296,0,0.00242308359358934,0,-0.7875,0.7875,0.00276529322377894
A4,Amplifying Recurrent Waves,ARX,I,/home/kaahin/degree_project/hybrid-epidemic-forecasting/results/partA/forecasts/partA_03_forecast_A4_ARX_I.mat,182,183,4,186,0.983710825086268,0.980584122230779,-0.00312670285548877,9.77627074652164e-06,0.00312670285548877,0.00176185302426822,0.00156335142774439,0.00131066367470198,0,0.00505432350676061,0,-0.7875,0.7875,0.00404460259566031
A4,Amplifying Recurrent Waves,ARX,I,/home/kaahin/degree_project/hybrid-epidemic-forecasting/results/partA/forecasts/partA_03_forecast_A4_ARX_I.mat,182,183,5,187,0.986721170601349,0.982169354878972,-0.00455181572237751,2.07190263704831e-05,0.00455181572237751,0.00289073532114263,0.00227590786118875,0.00168123719827337,0,0.00905116388567972,0,-0.7875,0.7875,0.00519010564058889
A4,Amplifying Recurrent Waves,ARX,I,/home/kaahin/degree_project/hybrid-epidemic-forecasting/results/partA/forecasts/partA_03_forecast_A4_ARX_I.mat,182,183,6,188,0.990405964483912,0.984158053904429,-0.00624791057948249,3.90363866092092e-05,0.00624791057948249,0.00435389655333513,0.00312395528974124,0.00211112155439193,0,0.0143574576458749,0,-0.7875,0.7875,0.00650053440086859
A4,Amplifying Recurrent Waves,ARX,I,/home/kaahin/degree_project/hybrid-epidemic-forecasting/results/partA/forecasts/partA_03_forecast_A4_ARX_I.mat,182,183,7,189,0.994747446348724,0.986589796914143,-0.00815764943458042,6.65472442975102e-05,0.00815764943458042,0.00595488111614366,0.00407882471729021,0.00261616576221659,0,0.0201019745431397,0,-0.7875,0.7875,0.00803226376262936
A4,Amplifying Recurrent Waves,ARX,I,/home/kaahin/degree_project/hybrid-epidemic-forecasting/results/partA/forecasts/partA_03_forecast_A4_ARX_I.mat,182,183,8,190,0.999723928388814,0.989527697686592,-0.0101962307022221,0.000103963120532936,0.0101962307022221,0.00779282561669005,0.00509811535111104,0.00309389293909292,0,0.0268757069849013,0,-0.7875,0.7875,0.00940277415617438
A4,Amplifying Recurrent Waves,ARX,I,/home/kaahin/degree_project/hybrid-epidemic-forecasting/results/partA/forecasts/partA_03_forecast_A4_ARX_I.mat,182,183,9,191,1.00530969796622,0.992575157443182,-0.0127345405230364,0.000162168522332855,0.0127345405230364,0.00973973538546501,0.00636727026151818,0.00359941630383011,0,0.0338621226692443,0,-0.7875,0.7875,0.0108646286267283
A4,Amplifying Recurrent Waves,ARX,I,/home/kaahin/degree_project/hybrid-epidemic-forecasting/results/partA/forecasts/partA_03_forecast_A4_ARX_I.mat,182,183,10,192,1.011474928477,0.99599573404266,-0.0154791944343389,0.000239605460336068,0.0154791944343389,0.011839894734571,0.00773959721716944,0.00410756216236417,0,0.0414323669260358,0,-0.7875,0.7875,0.0124761858523252
A4,Amplifying Recurrent Waves,ARX,I,/home/kaahin/degree_project/hybrid-epidemic-forecasting/results/partA/forecasts/partA_03_forecast_A4_ARX_I.mat,182,183,11,193,1.01818560705055,0.999579536449864,-0.0186060706006906,0.000346185863197884,0.0186060706006906,0.0140294912459877,0.00930303530034532,0.00466481503095121,0,0.0491648602756483,0,-0.7875,0.7875,0.0143212303454882
A4,Amplifying Recurrent Waves,ARX,I,/home/kaahin/degree_project/hybrid-epidemic-forecasting/results/partA/forecasts/partA_03_forecast_A4_ARX_I.mat,182,183,12,194,1.02540348796165,1.00386492282199,-0.0215385651396585,0.000463909788275311,0.0215385651396585,0.0162862958668165,0.0107692825698292,0.00527604072860219,0,0.057243008102243,0,-0.7875,0.7875,0.0161073883996941
A4,Amplifying Recurrent Waves,ARX,I,/home/kaahin/degree_project/hybrid-epidemic-forecasting/results/partA/forecasts/partA_03_forecast_A4_ARX_I.mat,182,183,13,195,1.03308608065262,1.00854952185079,-0.0245365588018291,0.000602042717835619,0.0245365588018291,0.0186547184650033,0.0122682794009146,0.00587149904517953,0,0.0658064546464208,0,-0.7875,0.7875,0.0178001978895098
A4,Amplifying Recurrent Waves,ARX,I,/home/kaahin/degree_project/hybrid-epidemic-forecasting/results/partA/forecasts/partA_03_forecast_A4_ARX_I.mat,182,183,14,196,1.04118668097411,1.01386378740765,-0.0273228935664576,0.000746540512843968,0.0273228935664576,0.0209256235752422,0.0136614467832288,0.00650252100267453,0,0.0740013383026867,0,-0.7875,0.7875,0.0198049573596617
A4,Amplifying Recurrent Waves,ARX,I,/home/kaahin/degree_project/hybrid-epidemic-forecasting/results/partA/forecasts/partA_03_forecast_A4_ARX_I.mat,189,190,1,190,0.999723928388814,0.99949083650235,-0.000233091886464365,5.43318275355164e-08,0.000233091886464365,0.000100445638206593,0.000116545943232182,0.000228096751335155,0,0.000107362677362333,0.75,-0.0375,0.2125,0.000720722377759858
A4,Amplifying Recurrent Waves,ARX,I,/home/kaahin/degree_project/hybrid-epidemic-forecasting/results/partA/forecasts/partA_03_forecast_A4_ARX_I.mat,189,190,2,191,1.00530969796622,1.00460614675312,-0.000703551213100395,4.94984309455038e-07,0.000703551213100395,0.000271849714420333,0.000351775606550198,0.000480886666104874,0,0.000390661442236429,0.5,-0.2875,0.3625,0.00147487606397295
A4,Amplifying Recurrent Waves,ARX,I,/home/kaahin/degree_project/hybrid-epidemic-forecasting/results/partA/forecasts/partA_03_forecast_A4_ARX_I.mat,189,190,3,192,1.011474928477,1.01023137315329,-0.0012435553237049,1.54642984311481e-06,0.0012435553237049,0.000519418781435062,0.000621777661852452,0.000797676861251612,0,0.000917929993353717,0.5,-0.2875,0.3625,0.00252041176078432
A4,Amplifying Recurrent Waves,ARX,I,/home/kaahin/degree_project/hybrid-epidemic-forecasting/results/partA/forecasts/partA_03_forecast_A4_ARX_I.mat,189,190,4,193,1.01818560705055,1.01625490782219,-0.00193069922836564,3.72759951041168e-06,0.00193069922836564,0.000841856251932765,0.00096534961418282,0.00123557977537906,0,0.00158742374413556,0.5,-0.2875,0.3625,0.00398854013911454
A4,Amplifying Recurrent Waves,ARX,I,/home/kaahin/degree_project/hybrid-epidemic-forecasting/results/partA/forecasts/partA_03_forecast_A4_ARX_I.mat,189,190,5,194,1.02540348796165,1.02259444358935,-0.00280904437230656,7.89073028558714e-06,0.00280904437230656,0.00125464179498299,0.00140452218615328,0.00174098593672528,0,0.00250037995454488,0.25,-0.5375,0.5625,0.00570507672862175
A4,Amplifying Recurrent Waves,ARX,I,/home/kaahin/degree_project/hybrid-epidemic-forecasting/results/partA/forecasts/partA_03_forecast_A4_ARX_I.mat,189,190,6,195,1.03308608065262,1.02932449499608,-0.00376158565653339,1.41495266514378e-05,0.00376158565653339,0.00169606585129378,0.0018807928282667,0.00238545749770184,0,0.00336604600485346,0.25,-0.5375,0.5625,0.00772304584448402
A4,Amplifying Recurrent Waves,ARX,I,/home/kaahin/degree_project/hybrid-epidemic-forecasting/results/partA/forecasts/partA_03_forecast_A4_ARX_I.mat,189,190,7,196,1.04118668097411,1.03630262054193,-0.00488406043218292,2.38540463052148e-05,0.00488406043218292,0.00218098361650563,0.00244203021609146,0.00295734804939489,0,0.004415048008789,0.25,-0.5375,0.5625,0.00978438448078356
A4,Amplifying Recurrent Waves,ARX,I,/home/kaahin/degree_project/hybrid-epidemic-forecasting/results/partA/forecasts/partA_03_forecast_A4_ARX_I.mat,189,190,8,197,1.04965445365564,1.04385883301723,-0.00579562063840378,3.35892185842918e-05,0.00579562063840378,0.00254736084615374,0.00289781031920189,0.00361928388655602,0,0.00494602960193391,0.5,-0.2875,0.3625,0.0119682448235583
A4,Amplifying Recurrent Waves,ARX,I,/home/kaahin/degree_project/hybrid-epidemic-forecasting/results/partA/forecasts/partA_03_forecast_A4_ARX_I.mat,189,190,9,198,1.05843457312053,1.05158937652979,-0.00684519659074367,4.68567163659288e-05,0.00684519659074367,0.00295541762382249,0.00342259829537184,0.00431310196956254,0,0.00556367904226684,0.5,-0.2875,0.3625,0.0141576233215843
A4,Amplifying Recurrent Waves,ARX,I,/home/kaahin/degree_project/hybrid-epidemic-forecasting/results/partA/forecasts/partA_03_forecast_A4_ARX_I.mat,189,190,10,199,1.06746842858259,1.05925403661361,-0.00821439196897611,6.74762354199792e-05,0.00821439196897611,0.00347232813971398,0.00410719598448805,0.00497155400993417,0,0.00654672663429068,0.5,-0.2875,0.3625,0.0165649306591709
A4,Amplifying Recurrent Waves,ARX,I,/home/kaahin/degree_project/hybrid-epidemic-forecasting/results/partA/forecasts/partA_03_forecast_A4_ARX_I.mat,189,190,11,200,1.07669389792988,1.06724110087913,-0.00945279705075053,8.93553720826779e-05,0.00945279705075053,0.00398851049930999,0.00472639852537526,0.00555827304140311,0,0.00766362568011658,0.5,-0.2875,0.3625,0.0190298891701833
A4,Amplifying Recurrent Waves,ARX,I,/home/kaahin/degree_project/hybrid-epidemic-forecasting/results/partA/forecasts/partA_03_forecast_A4_ARX_I.mat,189,190,12,201,1.08604569325052,1.07549749417373,-0.0105481990767877,0.000111264503763545,0.0105481990767877,0.00430161572240271,0.00527409953839386,0.00616617879411677,0,0.00791699241830157,0.5,-0.2875,0.3625,0.0214841304212104
A4,Amplifying Recurrent Waves,ARX,I,/home/kaahin/degree_project/hybrid-epidemic-forecasting/results/partA/forecasts/partA_03_forecast_A4_ARX_I.mat,189,190,13,202,1.09545577902846,1.08418959176167,-0.0112661872667972,0.000126926975530543,0.0112661872667972,0.00451702958511923,0.00563309363339859,0.00689363548367198,0,0.00779990401596597,0.5,-0.2875,0.3625,0.0241079866193959
A4,Amplifying Recurrent Waves,ARX,I,/home/kaahin/degree_project/hybrid-epidemic-forecasting/results/partA/forecasts/partA_03_forecast_A4_ARX_I.mat,189,190,14,203,1.10485386208378,1.09276290921314,-0.0120909528706368,0.00014619114131996,0.0120909528706368,0.00458966218464583,0.00604547643531839,0.00766837515841753,0,0.00693962823717031,0.5,-0.2875,0.3625,0.0269840053716844
A4,Amplifying Recurrent Waves,ARX,I,/home/kaahin/degree_project/hybrid-epidemic-forecasting/results/partA/forecasts/partA_03_forecast_A4_ARX_I.mat,196,197,1,197,1.04965445365564,1.04970380418324,4.93505276037975e-05,2.43547457477318e-09,4.93505276037975e-05,5.74977102918946e-05,2.46752638018988e-05,0.000234064432511627,0,0,1,0.2125,0.2125,0.000704081552108493
A4,Amplifying Recurrent Waves,ARX,I,/home/kaahin/degree_project/hybrid-epidemic-forecasting/results/partA/forecasts/partA_03_forecast_A4_ARX_I.mat,196,197,2,198,1.05843457312053,1.0584532857277,1.87126071684585e-05,3.50161667041043e-10,1.87126071684585e-05,0.000109945274454597,9.35630358422923e-06,0.00048539743146146,0,0,1,0.2125,0.2125,0.00155942104184903
A4,Amplifying Recurrent Waves,ARX,I,/home/kaahin/degree_project/hybrid-epidemic-forecasting/results/partA/forecasts/partA_03_forecast_A4_ARX_I.mat,196,197,3,199,1.06746842858259,1.06751295908553,4.4530502942397e-05,1.98296569230283e-09,4.4530502942397e-05,0.000182178406337611,2.22652514711985e-05,0.000797537577048052,0,0,1,0.2125,0.2125,0.00263892926743159
A4,Amplifying Recurrent Waves,ARX,I,/home/kaahin/degree_project/hybrid-epidemic-forecasting/results/partA/forecasts/partA_03_forecast_A4_ARX_I.mat,196,197,4,200,1.07669389792988,1.07680588808585,0.000111990155972741,1.25417950347989e-08,0.000111990155972741,0.000291320497960154,5.59950779863705e-05,0.00125494716283432,0,0,1,0.2125,0.2125,0.00407474298362659
A4,Amplifying Recurrent Waves,ARX,I,/home/kaahin/degree_project/hybrid-epidemic-forecasting/results/partA/forecasts/partA_03_forecast_A4_ARX_I.mat,196,197,5,201,1.08604569325052,1.08629990130539,0.000254208054863314,6.46217351573897e-08,0.000254208054863314,0.000431739738459981,0.000127104027431657,0.00181572479563826,0,0,1,0.2125,0.2125,0.00581983595537594
A4,Amplifying Recurrent Waves,ARX,I,/home/kaahin/degree_project/hybrid-epidemic-forecasting/results/partA/forecasts/partA_03_forecast_A4_ARX_I.mat,196,197,6,202,1.09545577902846,1.09602334174705,0.000567562718588377,3.22127439531429e-07,0.000567562718588377,0.000589027513037704,0.000283781359294188,0.00236684244937548,0,0,1,0.2125,0.2125,0.00748215207289843
A4,Amplifying Recurrent Waves,ARX,I,/home/kaahin/degree_project/hybrid-epidemic-forecasting/results/partA/forecasts/partA_03_forecast_A4_ARX_I.mat,196,197,7,203,1.10485386208378,1.10602296363119,0.00116910154741001,1.36679842815648e-06,0.00116910154741001,0.00078583825353635,0.000584550773705006,0.00295172136720857,0,0,1,0.2125,0.2125,0.00941511665707012
A4,Amplifying Recurrent Waves,ARX,I,/home/kaahin/degree_project/hybrid-epidemic-forecasting/results/partA/forecasts/partA_03_forecast_A4_ARX_I.mat,196,197,8,204,1.1141679503063,1.11646128621805,0.00229333591175473,5.25938960414392e-06,0.00229333591175473,0.00108901850688805,0.00114666795587737,0.00375391532511886,0,0,1,0.2125,0.2125,0.0117114351475322
A4,Amplifying Recurrent Waves,ARX,I,/home/kaahin/degree_project/hybrid-epidemic-forecasting/results/partA/forecasts/partA_03_forecast_A4_ARX_I.mat,196,197,9,205,1.12332497519201,1.12670288237697,0.00337790718495823,1.14102569501924e-05,0.00337790718495823,0.00140602536953583,0.00168895359247911,0.0046381605704321,0,0,1,0.2125,0.2125,0.0141275781021785
A4,Amplifying Recurrent Waves,ARX,I,/home/kaahin/degree_project/hybrid-epidemic-forecasting/results/partA/forecasts/partA_03_forecast_A4_ARX_I.mat,196,197,10,206,1.13225147119922,1.1372152863668,0.00496381516757927,2.463946101789e-05,0.00496381516757927,0.00177125625358759,0.00248190758378963,0.00548874555735454,0,0,1,0.2125,0.2125,0.0166271142190405
A4,Amplifying Recurrent Waves,ARX,I,/home/kaahin/degree_project/hybrid-epidemic-forecasting/results/partA/forecasts/partA_03_forecast_A4_ARX_I.mat,196,197,11,207,1.14087430305651,1.14783369506378,0.00695939200726481,4.84331371107813e-05,0.00695939200726481,0.00236753702622394,0.0034796960036324,0.00608867837012025,0.00108554224425506,0,0.75,-0.0375,0.2125,0.0187455019609462
A4,Amplifying Recurrent Waves,ARX,I,/home/kaahin/degree_project/hybrid-epidemic-forecasting/results/partA/forecasts/partA_03_forecast_A4_ARX_I.mat,196,197,12,208,1.14912143043671,1.15833513105906,0.00921370062234717,8.48922791582405e-05,0.00921370062234717,0.00324345887218484,0.00460685031117358,0.00674780163012683,0.00324091298353135,0,0.75,-0.0375,0.2125,0.0210074319845723
A4,Amplifying Recurrent Waves,ARX,I,/home/kaahin/degree_project/hybrid-epidemic-forecasting/results/partA/forecasts/partA_03_forecast_A4_ARX_I.mat,196,197,13,209,1.15692269791585,1.16860538098626,0.0116826830704138,0.000136485083723732,0.0116826830704138,0.00418025079531868,0.00584134153520688,0.00763380543471502,0.00533598160901216,0,0.75,-0.0375,0.2125,0.0239865490671692
A4,Amplifying Recurrent Waves,ARX,I,/home/kaahin/degree_project/hybrid-epidemic-forecasting/results/partA/forecasts/partA_03_forecast_A4_ARX_I.mat,196,197,14,210,1.16421063691383,1.17860907715583,0.0143984402419977,0.000207315081402378,0.0143984402419977,0.00568665672073098,0.00719922012099883,0.00837847569024549,0.0100122594320451,0,0.25,-0.5375,0.5625,0.026847712883929
A4,Amplifying Recurrent Waves,ARX,I,/home/kaahin/degree_project/hybrid-epidemic-forecasting/results/partA/forecasts/partA_03_forecast_A4_ARX_I.mat,203,204,1,204,1.1141679503063,1.11437438890525,0.000206438598952863,4.26168951376209e-08,0.000206438598952863,7.72875622408588e-05,0.000103219299476431,0.000244574730607433,0,0,1,0.2125,0.2125,0.000755335538992596
A4,Amplifying Recurrent Waves,ARX,I,/home/kaahin/degree_project/hybrid-epidemic-forecasting/results/partA/forecasts/partA_03_forecast_A4_ARX_I.mat,203,204,2,205,1.12332497519201,1.12397362704813,0.000648651856118398,4.20749230445844e-07,0.000648651856118398,0.00024446957487941,0.000324325928059199,0.000560198805162559,0.000215588353735585,0,0.75,-0.0375,0.2125,0.00177149050412045
A4,Amplifying Recurrent Waves,ARX,I,/home/kaahin/degree_project/hybrid-epidemic-forecasting/results/partA/forecasts/partA_03_forecast_A4_ARX_I.mat,203,204,3,206,1.13225147119922,1.13360863152185,0.00135716032262723,1.84188414131364e-06,0.00135716032262723,0.000546131896884314,0.000678580161313613,0.000913108190224504,0.000865905184441296,0,0.5,-0.2875,0.3625,0.00287447570377303
A4,Amplifying Recurrent Waves,ARX,I,/home/kaahin/degree_project/hybrid-epidemic-forecasting/results/partA/forecasts/partA_03_forecast_A4_ARX_I.mat,203,204,4,207,1.14087430305651,1.14320147811836,0.00232717506184432,5.41574376847012e-06,0.00232717506184432,0.000996166096335674,0.00116358753092216,0.00131209971446801,0.00200706018812036,0,0.5,-0.2875,0.3625,0.00404280127529283
A4,Amplifying Recurrent Waves,ARX,I,/home/kaahin/degree_project/hybrid-epidemic-forecasting/results/partA/forecasts/partA_03_forecast_A4_ARX_I.mat,203,204,5,208,1.14912143043671,1.15298142678937,0.00385999635265533,1.48995718425124e-05,0.00385999635265533,0.00177092003428531,0.00192999817632766,0.0018054850426659,0.00423365693529032,0,0.25,-0.5375,0.5625,0.00555739202805106
A4,Amplifying Recurrent Waves,ARX,I,/home/kaahin/degree_project/hybrid-epidemic-forecasting/results/partA/forecasts/partA_03_forecast_A4_ARX_I.mat,203,204,6,209,1.15692269791585,1.16275989284472,0.00583719492886647,3.40728446375845e-05,0.00583719492886647,0.00279118513961954,0.00291859746443324,0.0024865927030306,0.00715514296082409,0,0.25,-0.5375,0.5625,0.00754502462429629
A4,Amplifying Recurrent Waves,ARX,I,/home/kaahin/degree_project/hybrid-epidemic-forecasting/results/partA/forecasts/partA_03_forecast_A4_ARX_I.mat,203,204,7,210,1.16421063691383,1.1725722827844,0.00836164587056576,6.99171216647494e-05,0.00836164587056576,0.00450017260890742,0.00418082293528288,0.00312511270429055,0.01294484110051,0,0,-0.7875,0.7875,0.00945789737502795
A4,Amplifying Recurrent Waves,ARX,I,/home/kaahin/degree_project/hybrid-epidemic-forecasting/results/partA/forecasts/partA_03_forecast_A4_ARX_I.mat,203,204,8,211,1.17092126540787,1.18211801357228,0.0111967481644097,0.000125367169457213,0.0111967481644097,0.00659308305457359,0.00559837408220487,0.00379383449176808,0.0202766651716082,0,0,-0.7875,0.7875,0.0114910156334953
A4,Amplifying Recurrent Waves,ARX,I,/home/kaahin/degree_project/hybrid-epidemic-forecasting/results/partA/forecasts/partA_03_forecast_A4_ARX_I.mat,203,204,9,212,1.17699487065469,1.19165054468928,0.0146556740345851,0.000214788781408012,0.0146556740345851,0.00913238313190616,0.00732783701729256,0.00442043373979105,0.0293474533364941,0,0,-0.7875,0.7875,0.0134755747440599
A4,Amplifying Recurrent Waves,ARX,I,/home/kaahin/degree_project/hybrid-epidemic-forecasting/results/partA/forecasts/partA_03_forecast_A4_ARX_I.mat,203,204,10,213,1.18237675997831,1.20124229413471,0.0188655341563995,0.000355908379006275,0.0188655341563995,0.0124057245889013,0.00943276707819973,0.00511675757733781,0.0412762359945182,0,0,-0.7875,0.7875,0.0156394218321925
A4,Amplifying Recurrent Waves,ARX,I,/home/kaahin/degree_project/hybrid-epidemic-forecasting/results/partA/forecasts/partA_03_forecast_A4_ARX_I.mat,203,204,11,214,1.18701796488971,1.21047024484965,0.0234522799599464,0.000550009435319702,0.0234522799599464,0.0161671365710569,0.0117261399799732,0.00583368857554814,0.0551922860142349,0,0,-0.7875,0.7875,0.0178560352229568
A4,Amplifying Recurrent Waves,ARX,I,/home/kaahin/degree_project/hybrid-epidemic-forecasting/results/partA/forecasts/partA_03_forecast_A4_ARX_I.mat,203,204,12,215,1.19087588440542,1.21955056155194,0.0286746771465189,0.000822237109457096,0.0286746771465189,0.0203432179002462,0.0143373385732595,0.0067732641324774,0.0704338778453713,0,0,-0.7875,0.7875,0.0205489077436311
A4,Amplifying Recurrent Waves,ARX,I,/home/kaahin/degree_project/hybrid-epidemic-forecasting/results/partA/forecasts/partA_03_forecast_A4_ARX_I.mat,203,204,13,216,1.19391485441362,1.22771473355842,0.0337998791447969,0.00114243183020287,0.0337998791447969,0.0250246093396237,0.0168999395723984,0.00767008968003878,0.0880407127758693,0,0,-0.7875,0.7875,0.0234022654169607
A4,Amplifying Recurrent Waves,ARX,I,/home/kaahin/degree_project/hybrid-epidemic-forecasting/results/partA/forecasts/partA_03_forecast_A4_ARX_I.mat,203,204,14,217,1.19610663127637,1.23604952424829,0.0399428929719146,0.00159543469896582,0.0399428929719146,0.0304332622904814,0.0199714464859573,0.00850673016253495,0.108471503658674,0,0,-0.7875,0.7875,0.0260170373943299
A4,Amplifying Recurrent Waves,ARX,I,/home/kaahin/degree_project/hybrid-epidemic-forecasting/results/partA/forecasts/partA_03_forecast_A4_ARX_I.mat,210,211,1,211,1.17092126540787,1.1713250477104,0.000403782302529132,1.63040147835728e-07,0.000403782302529132,0.000185944299666132,0.000201891151264566,0.000224286799595136,0.000410571397637893,0,0.5,-0.2875,0.3625,0.000778252442554028
A4,Amplifying Recurrent Waves,ARX,I,/home/kaahin/degree_project/hybrid-epidemic-forecasting/results/partA/forecasts/partA_03_forecast_A4_ARX_I.mat,210,211,2,212,1.17699487065469,1.17835564310574,0.00136077245104782,1.85170166353069e-06,0.00136077245104782,0.000649330911244702,0.00068038622552391,0.000516971292963692,0.00172463158211356,0,0.5,-0.2875,0.3625,0.00178181404552125
A4,Amplifying Recurrent Waves,ARX,I,/home/kaahin/degree_project/hybrid-epidemic-forecasting/results/partA/forecasts/partA_03_forecast_A4_ARX_I.mat,210,211,3,213,1.18237675997831,1.18508672142601,0.00270996144769464,7.34389104799124e-06,0.00270996144769464,0.00156576839464169,0.00135498072384732,0.000922128786228349,0.00476884826581192,0,0,-0.7875,0.7875,0.00310626284192245
A4,Amplifying Recurrent Waves,ARX,I,/home/kaahin/degree_project/hybrid-epidemic-forecasting/results/partA/forecasts/partA_03_forecast_A4_ARX_I.mat,210,211,4,214,1.18701796488971,1.19157914163003,0.00456117674031997,2.08043332564359e-05,0.00456117674031997,0.00293085321977748,0.00228058837015999,0.00135956217258674,0.00954868894625194,0,0,-0.7875,0.7875,0.00460208866869183
A4,Amplifying Recurrent Waves,ARX,I,/home/kaahin/degree_project/hybrid-epidemic-forecasting/results/partA/forecasts/partA_03_forecast_A4_ARX_I.mat,210,211,5,215,1.19087588440542,1.19798982915346,0.00711394474804239,5.06082098781999e-05,0.00711394474804239,0.00479666023825251,0.00355697237402119,0.00189071615453049,0.0161372825435846,0,0,-0.7875,0.7875,0.00625073073280641
A4,Amplifying Recurrent Waves,ARX,I,/home/kaahin/degree_project/hybrid-epidemic-forecasting/results/partA/forecasts/partA_03_forecast_A4_ARX_I.mat,210,211,6,216,1.19391485441362,1.20418238402141,0.0102675296077812,0.000105422164246664,0.0102675296077812,0.00716805857110542,0.00513376480389061,0.00251266649758558,0.0246098322684982,0,0,-0.7875,0.7875,0.00807037535438299
A4,Amplifying Recurrent Waves,ARX,I,/home/kaahin/degree_project/hybrid-epidemic-forecasting/results/partA/forecasts/partA_03_forecast_A4_ARX_I.mat,210,211,7,217,1.19610663127637,1.20994722035419,0.0138405890778199,0.000191561906021068,0.0138405890778199,0.010187548143362,0.00692029453890997,0.00312563086833892,0.0357980412378802,0,0,-0.7875,0.7875,0.00996879820652613
A4,Amplifying Recurrent Waves,ARX,I,/home/kaahin/degree_project/hybrid-epidemic-forecasting/results/partA/forecasts/partA_03_forecast_A4_ARX_I.mat,210,211,8,218,1.19743077952265,1.21584920144892,0.0184184219262724,0.000339238266254192,0.0184184219262724,0.0138101332767157,0.00920921096313621,0.00376474766322885,0.0491716411188554,0,0,-0.7875,0.7875,0.0119275044537326
A4,Amplifying Recurrent Waves,ARX,I,/home/kaahin/degree_project/hybrid-epidemic-forecasting/results/partA/forecasts/partA_03_forecast_A4_ARX_I.mat,210,211,9,219,1.19787495543466,1.22158923456996,0.0237142791352978,0.00056236703490682,0.0237142791352978,0.0178686806888241,0.0118571395676489,0.00443339378033452,0.0641185297517248,0,0,-0.7875,0.7875,0.0142244223490339
A4,Amplifying Recurrent Waves,ARX,I,/home/kaahin/degree_project/hybrid-epidemic-forecasting/results/partA/forecasts/partA_03_forecast_A4_ARX_I.mat,210,211,10,220,1.19743508050687,1.2265705568926,0.0291354763857234,0.000848875984223049,0.0291354763857234,0.0224486440353024,0.0145677381928617,0.00508757191223798,0.0813635880537613,0,0,-0.7875,0.7875,0.01657399797301
A4,Amplifying Recurrent Waves,ARX,I,/home/kaahin/degree_project/hybrid-epidemic-forecasting/results/partA/forecasts/partA_03_forecast_A4_ARX_I.mat,210,211,11,221,1.19611540110302,1.23126383230064,0.0351484311976198,0.00123541221565381,0.0351484311976198,0.0273459963356194,0.0175742155988099,0.00581089031567381,0.0996718775958036,0,0,-0.7875,0.7875,0.0191755390125518
A4,Amplifying Recurrent Waves,ARX,I,/home/kaahin/degree_project/hybrid-epidemic-forecasting/results/partA/forecasts/partA_03_forecast_A4_ARX_I.mat,210,211,12,222,1.19392843308619,1.23572783297858,0.0417993998923882,0.00174718983136379,0.0417993998923882,0.0330415369486246,0.0208996999461941,0.00653390625051417,0.121253310072102,0,0,-0.7875,0.7875,0.0213676118084224
A4,Amplifying Recurrent Waves,ARX,I,/home/kaahin/degree_project/hybrid-epidemic-forecasting/results/partA/forecasts/partA_03_forecast_A4_ARX_I.mat,210,211,13,223,1.19089479268046,1.2397631639775,0.0488683712970357,0.00238811771322494,0.0488683712970357,0.0394339284501337,0.0244341856485178,0.00717003609139747,0.145848456285686,0,0,-0.7875,0.7875,0.0234645510617464
A4,Amplifying Recurrent Waves,ARX,I,/home/kaahin/degree_project/hybrid-epidemic-forecasting/results/partA/forecasts/partA_03_forecast_A4_ARX_I.mat,210,211,14,224,1.18704291727061,1.24368083180291,0.056637914532299,0.00320785336256801,0.056637914532299,0.0461194536300897,0.0283189572661495,0.00799451647935247,0.171224067589901,0,0,-0.7875,0.7875,0.026256138715016
A4,Amplifying Recurrent Waves,ARX,I,/home/kaahin/degree_project/hybrid-epidemic-forecasting/results/partA/forecasts/partA_03_forecast_A4_ARX_I.mat,217,218,1,218,1.19743077952265,1.19809829016111,0.000667510638461932,4.45570452459856e-07,0.000667510638461932,0.000259139754242356,0.000333755319230966,0.00027136487869559,0.000561008696164045,0,0.5,-0.2875,0.3625,0.000833111874514958
A4,Amplifying Recurrent Waves,ARX,I,/home/kaahin/degree_project/hybrid-epidemic-forecasting/results/partA/forecasts/partA_03_forecast_A4_ARX_I.mat,217,218,2,219,1.19787495543466,1.19964403119439,0.00176907575972907,3.12962904366097e-06,0.00176907575972907,0.00109285240601797,0.000884537879864533,0.000546266424568931,0.0034870315226474,0,0,-0.7875,0.7875,0.00168619456242042
A4,Amplifying Recurrent Waves,ARX,I,/home/kaahin/degree_project/hybrid-epidemic-forecasting/results/partA/forecasts/partA_03_forecast_A4_ARX_I.mat,217,218,3,220,1.19743508050687,1.20096234015631,0.00352725964943668,1.24415606345441e-05,0.00352725964943668,0.00253223010174385,0.00176362982471834,0.000908984482320663,0.00872242115080835,0,0,-0.7875,0.7875,0.00280600672350612
A4,Amplifying Recurrent Waves,ARX,I,/home/kaahin/degree_project/hybrid-epidemic-forecasting/results/partA/forecasts/partA_03_forecast_A4_ARX_I.mat,217,218,4,221,1.19611540110302,1.20218031167075,0.00606491056773351,3.67831401946056e-05,0.00606491056773351,0.00431240743272567,0.00303245528386675,0.00142576874672603,0.0149476094166727,0,0,-0.7875,0.7875,0.00452655296514576
A4,Amplifying Recurrent Waves,ARX,I,/home/kaahin/degree_project/hybrid-epidemic-forecasting/results/partA/forecasts/partA_03_forecast_A4_ARX_I.mat,217,218,5,222,1.19392843308619,1.20306446889464,0.00913603580844424,8.34671502931755e-05,0.00913603580844424,0.00662819988039864,0.00456801790422212,0.00190734430642894,0.0233515372511428,0,0,-0.7875,0.7875,0.00632965054539236
A4,Amplifying Recurrent Waves,ARX,I,/home/kaahin/degree_project/hybrid-epidemic-forecasting/results/partA/forecasts/partA_03_forecast_A4_ARX_I.mat,217,218,6,223,1.19089479268046,1.20363533542412,0.0127405427436578,0.000162321429402971,0.0127405427436578,0.00961441323675191,0.00637027137182888,0.00234151309310434,0.0345530751004504,0,0,-0.7875,0.7875,0.00805451046109534
A4,Amplifying Recurrent Waves,ARX,I,/home/kaahin/degree_project/hybrid-epidemic-forecasting/results/partA/forecasts/partA_03_forecast_A4_ARX_I.mat,217,218,7,224,1.18704291727061,1.20359351668283,0.0165505994122188,0.000273922340903738,0.0165505994122188,0.0130161471993324,0.00827529970610941,0.00293635146557347,0.0473610112253131,0,0,-0.7875,0.7875,0.010058937714504
A4,Amplifying Recurrent Waves,ARX,I,/home/kaahin/degree_project/hybrid-epidemic-forecasting/results/partA/forecasts/partA_03_forecast_A4_ARX_I.mat,217,218,8,225,1.18240868218951,1.20369986785184,0.0212911856623295,0.000453314586907784,0.0212911856623295,0.0170687213431035,0.0106455928311647,0.00347754913868592,0.0626861040741149,0,0,-0.7875,0.7875,0.0119168149345948
A4,Amplifying Recurrent Waves,ARX,I,/home/kaahin/degree_project/hybrid-epidemic-forecasting/results/partA/forecasts/partA_03_forecast_A4_ARX_I.mat,217,218,9,226,1.17703492171501,1.20356249639147,0.0265275746764555,0.000703712218214923,0.0265275746764555,0.0216507188242056,0.0132637873382278,0.00404569756520562,0.0801187498054916,0,0,-0.7875,0.7875,0.0137289718619994
A4,Amplifying Recurrent Waves,ARX,I,/home/kaahin/degree_project/hybrid-epidemic-forecasting/results/partA/forecasts/partA_03_forecast_A4_ARX_I.mat,217,218,10,227,1.17097086443989,1.20336494804425,0.0323940836043595,0.00104937665256623,0.0323940836043595,0.0265487814576117,0.0161970418021797,0.00479086286722887,0.0984816118898442,0,0,-0.7875,0.7875,0.0159650357237213
A4,Amplifying Recurrent Waves,ARX,I,/home/kaahin/degree_project/hybrid-epidemic-forecasting/results/partA/forecasts/partA_03_forecast_A4_ARX_I.mat,217,218,11,228,1.16427149483656,1.20283586806526,0.0385643732287013,0.00148721088252258,0.0385643732287013,0.0319357661178383,0.0192821866143507,0.00568295360354845,0.118745807312373,0,0,-0.7875,0.7875,0.0183155367561618
A4,Amplifying Recurrent Waves,ARX,I,/home/kaahin/degree_project/hybrid-epidemic-forecasting/results/partA/forecasts/partA_03_forecast_A4_ARX_I.mat,217,218,12,229,1.15699685416926,1.20198658438697,0.0449897302177158,0.00202407582506285,0.0449897302177158,0.0377180196284208,0.0224948651088579,0.00623015813059302,0.141006065088443,0,0,-0.7875,0.7875,0.0203911966825656
A4,Amplifying Recurrent Waves,ARX,I,/home/kaahin/degree_project/hybrid-epidemic-forecasting/results/partA/forecasts/partA_03_forecast_A4_ARX_I.mat,217,218,13,230,1.14921129487691,1.20124978077818,0.0520384859012666,0.00270800401489632,0.0520384859012666,0.0440787958467209,0.0260192429506333,0.00660544225145054,0.16572989610816,0,0,-0.7875,0.7875,0.0224421796952555
A4,Amplifying Recurrent Waves,ARX,I,/home/kaahin/degree_project/hybrid-epidemic-forecasting/results/partA/forecasts/partA_03_forecast_A4_ARX_I.mat,217,218,14,231,1.14098270313833,1.20088205645452,0.0598993533161836,0.00358793252769699,0.0598993533161836,0.0509835780627296,0.0299496766580918,0.00716238604981758,0.192314038574374,0,0,-0.7875,0.7875,0.024312838461271
A4,Amplifying Recurrent Waves,ARX,I,/home/kaahin/degree_project/hybrid-epidemic-forecasting/results/partA/forecasts/partA_03_forecast_A4_ARX_I.mat,224,225,1,225,1.18240868218951,1.18295071779922,0.000542035609714775,2.93802602198868e-07,0.000542035609714775,0.000197075345271249,0.000271017804857387,0.000271665644442209,0.000344155604421026,0,0.5,-0.2875,0.3625,0.0008748132232827
A4,Amplifying Recurrent Waves,ARX,I,/home/kaahin/degree_project/hybrid-epidemic-forecasting/results/partA/forecasts/partA_03_forecast_A4_ARX_I.mat,224,225,2,226,1.17703492171501,1.178520154596,0.00148523288099423,2.20591671078641e-06,0.00148523288099423,0.000780366913899751,0.000742616440497113,0.000544431394535377,0.00222460327751639,0,0,-0.7875,0.7875,0.00177187426591752
A4,Amplifying Recurrent Waves,ARX,I,/home/kaahin/degree_project/hybrid-epidemic-forecasting/results/partA/forecasts/partA_03_forecast_A4_ARX_I.mat,224,225,3,227,1.17097086443989,1.17398083453286,0.00300997009297288,9.05991996059117e-06,0.00300997009297288,0.00188505395017868,0.00150498504648644,0.000897262213668798,0.00608049551564882,0,0,-0.7875,0.7875,0.00282792007153559
A4,Amplifying Recurrent Waves,ARX,I,/home/kaahin/degree_project/hybrid-epidemic-forecasting/results/partA/forecasts/partA_03_forecast_A4_ARX_I.mat,224,225,4,228,1.16427149483656,1.16947298125813,0.00520148642157192,2.70554609937971e-05,0.00520148642157192,0.00330765309106676,0.00260074321078596,0.00129777998378015,0.0109859157152343,0,0,-0.7875,0.7875,0.00408388583801966
A4,Amplifying Recurrent Waves,ARX,I,/home/kaahin/degree_project/hybrid-epidemic-forecasting/results/partA/forecasts/partA_03_forecast_A4_ARX_I.mat,224,225,5,229,1.15699685416926,1.16482799367866,0.00783113950940284,6.13267460157302e-05,0.00783113950940284,0.00503662113899436,0.00391556975470142,0.00186113170797145,0.0168880936628018,0,0,-0.7875,0.7875,0.00572467902937174
A4,Amplifying Recurrent Waves,ARX,I,/home/kaahin/degree_project/hybrid-epidemic-forecasting/results/partA/forecasts/partA_03_forecast_A4_ARX_I.mat,224,225,6,230,1.14921129487691,1.1599116091879,0.0107003143109827,0.000114496726353822,0.0107003143109827,0.00743533055240506,0.00535015715549136,0.00235330865103036,0.0257555216793011,0,0,-0.7875,0.7875,0.00726922078393322
A4,Amplifying Recurrent Waves,ARX,I,/home/kaahin/degree_project/hybrid-epidemic-forecasting/results/partA/forecasts/partA_03_forecast_A4_ARX_I.mat,224,225,7,231,1.14098270313833,1.15493611768277,0.0139534145444344,0.000194697777448835,0.0139534145444344,0.0100886620692192,0.00697670727221722,0.00282468770420046,0.0355975843350687,0,0,-0.7875,0.7875,0.00896732772432823
A4,Amplifying Recurrent Waves,ARX,I,/home/kaahin/degree_project/hybrid-epidemic-forecasting/results/partA/forecasts/partA_03_forecast_A4_ARX_I.mat,224,225,8,232,1.13238170452692,1.1501693001254,0.0177875955984712,0.000316398557174752,0.0177875955984712,0.0132100358958617,0.0088937977992356,0.00332752773799459,0.0472238359941475,0,0,-0.7875,0.7875,0.0106555787760286
A4,Amplifying Recurrent Waves,ARX,I,/home/kaahin/degree_project/hybrid-epidemic-forecasting/results/partA/forecasts/partA_03_forecast_A4_ARX_I.mat,224,225,9,233,1.12348086746776,1.14560192883082,0.0221210613630602,0.000489341355828277,0.0221210613630602,0.0166110848167345,0.0110605306815301,0.00403496614106067,0.0596543848527147,0,0,-0.7875,0.7875,0.0126728104503
A4,Amplifying Recurrent Waves,ARX,I,/home/kaahin/degree_project/hybrid-epidemic-forecasting/results/partA/forecasts/partA_03_forecast_A4_ARX_I.mat,224,225,10,234,1.11435391863849,1.14072009268995,0.0263661740514647,0.00069517513411213,0.0263661740514647,0.0203905248516924,0.0131830870257323,0.00466654389979279,0.0739077309070908,0,0,-0.7875,0.7875,0.0145962342328348
A4,Amplifying Recurrent Waves,ARX,I,/home/kaahin/degree_project/hybrid-epidemic-forecasting/results/partA/forecasts/partA_03_forecast_A4_ARX_I.mat,224,225,11,235,1.10507498353222,1.13578690835894,0.0307119248267216,0.000943222326562197,0.0307119248267216,0.0245766979340627,0.0153559624133608,0.00519346707489866,0.0900457112150226,0,0,-0.7875,0.7875,0.0165118957853444
A4,Amplifying Recurrent Waves,ARX,I,/home/kaahin/degree_project/hybrid-epidemic-forecasting/results/partA/forecasts/partA_03_forecast_A4_ARX_I.mat,224,225,12,236,1.09571786416059,1.13165043209477,0.0359325679341742,0.00129114943834404,0.0359325679341742,0.0289755856191317,0.0179662839670871,0.00585888603670263,0.106564965282303,0,0,-0.7875,0.7875,0.0186575506792219
A4,Amplifying Recurrent Waves,ARX,I,/home/kaahin/degree_project/hybrid-epidemic-forecasting/results/partA/forecasts/partA_03_forecast_A4_ARX_I.mat,224,225,13,237,1.08635536436126,1.12738787472482,0.0410325103635598,0.00168366690673564,0.0410325103635598,0.0336375993363409,0.0205162551817799,0.00623624931576069,0.124616692515993,0,0,-0.7875,0.7875,0.020128150056769
A4,Amplifying Recurrent Waves,ARX,I,/home/kaahin/degree_project/hybrid-epidemic-forecasting/results/partA/forecasts/partA_03_forecast_A4_ARX_I.mat,224,225,14,238,1.07705867143811,1.12322807512447,0.0461694036863654,0.00213161383675457,0.0461694036863654,0.038359426925437,0.0230847018431827,0.0066432954594279,0.142889423861856,0,0,-0.7875,0.7875,0.0214486075249839
A4,Amplifying Recurrent Waves,ARX,I,/home/kaahin/degree_project/hybrid-epidemic-forecasting/results/partA/forecasts/partA_03_forecast_A4_ARX_I.mat,231,232,1,232,1.13238170452692,1.13266683023882,0.000285125711892542,8.12966715822289e-08,0.000285125711892542,9.67440479213686e-05,0.000142562855946271,0.000292785359699887,0,0,1,0.2125,0.2125,0.000873593262207095
A4,Amplifying Recurrent Waves,ARX,I,/home/kaahin/degree_project/hybrid-epidemic-forecasting/results/partA/forecasts/partA_03_forecast_A4_ARX_I.mat,231,232,2,233,1.12348086746776,1.12433955978207,0.000858692314307685,7.37352490651088e-07,0.000858692314307685,0.000297945795129306,0.000429346157153843,0.000615981161127771,0.000295428759800265,0,0.5,-0.2875,0.3625,0.00187744548977514
A4,Amplifying Recurrent Waves,ARX,I,/home/kaahin/degree_project/hybrid-epidemic-forecasting/results/partA/forecasts/partA_03_forecast_A4_ARX_I.mat,231,232,3,234,1.11435391863849,1.1161503072813,0.00179638864281162,3.22701215602257e-06,0.00179638864281162,0.00081609781730584,0.00089819432140581,0.000911490315021701,0.00186275554144877,0,0.25,-0.5375,0.5625,0.00282613593377096
A4,Amplifying Recurrent Waves,ARX,I,/home/kaahin/degree_project/hybrid-epidemic-forecasting/results/partA/forecasts/partA_03_forecast_A4_ARX_I.mat,231,232,4,235,1.10507498353222,1.10781987525968,0.00274489172746395,7.53443059550003e-06,0.00274489172746395,0.0015874917078489,0.00137244586373197,0.00123013964206458,0.00454112717952349,0,0,-0.7875,0.7875,0.00388237728863478
A4,Amplifying Recurrent Waves,ARX,I,/home/kaahin/degree_project/hybrid-epidemic-forecasting/results/partA/forecasts/partA_03_forecast_A4_ARX_I.mat,231,232,5,236,1.09571786416059,1.09976352443569,0.00404566027509379,1.63673670614719e-05,0.00404566027509379,0.00252547006589549,0.00202283013754689,0.00165333308863905,0.00768845207034374,0,0,-0.7875,0.7875,0.00532627776803679
A4,Amplifying Recurrent Waves,ARX,I,/home/kaahin/degree_project/hybrid-epidemic-forecasting/results/partA/forecasts/partA_03_forecast_A4_ARX_I.mat,231,232,6,237,1.08635536436126,1.09196573366243,0.00561036930117798,3.14762436956002e-05,0.00561036930117798,0.00372606439054243,0.00280518465058899,0.00203440032460936,0.0119277047822426,0,0,-0.7875,0.7875,0.00666127675212042
A4,Amplifying Recurrent Waves,ARX,I,/home/kaahin/degree_project/hybrid-epidemic-forecasting/results/partA/forecasts/partA_03_forecast_A4_ARX_I.mat,231,232,7,238,1.07705867143811,1.08492874895906,0.0078700775209537,6.19381201858207e-05,0.0078700775209537,0.00507991346762304,0.00393503876047685,0.00243091591888636,0.0164936559249405,0,0,-0.7875,0.7875,0.00795380720302385
A4,Amplifying Recurrent Waves,ARX,I,/home/kaahin/degree_project/hybrid-epidemic-forecasting/results/partA/forecasts/partA_03_forecast_A4_ARX_I.mat,231,232,8,239,1.06789680095995,1.07797492959294,0.0100781286329881,0.000101568676743054,0.0100781286329881,0.00647686072779068,0.00503906431649404,0.00287482547356814,0.0212319834849959,0,0,-0.7875,0.7875,0.00921553743354331
A4,Amplifying Recurrent Waves,ARX,I,/home/kaahin/degree_project/hybrid-epidemic-forecasting/results/partA/forecasts/partA_03_forecast_A4_ARX_I.mat,231,232,9,240,1.05893610953439,1.07100743884062,0.012071329306228,0.000145716991219399,0.012071329306228,0.00793216579495946,0.006035664653114,0.00332750044354523,0.0263315809806584,0,0,-0.7875,0.7875,0.0105573294530085
A4,Amplifying Recurrent Waves,ARX,I,/home/kaahin/degree_project/hybrid-epidemic-forecasting/results/partA/forecasts/partA_03_forecast_A4_ARX_I.mat,231,232,10,241,1.0502398783199,1.06423024042585,0.0139903621059536,0.000195730231855703,0.0139903621059536,0.00943970488957721,0.00699518105297681,0.00373684898913001,0.0317466419609906,0,0,-0.7875,0.7875,0.0121083249731423
A4,Amplifying Recurrent Waves,ARX,I,/home/kaahin/degree_project/hybrid-epidemic-forecasting/results/partA/forecasts/partA_03_forecast_A4_ARX_I.mat,231,232,11,242,1.04186796800132,1.058174702759,0.0163067347576769,0.000265909598457226,0.0163067347576769,0.0110491407634513,0.00815336737883843,0.00422781995387287,0.0373399461028194,0,0,-0.7875,0.7875,0.0139039683923304
A4,Amplifying Recurrent Waves,ARX,I,/home/kaahin/degree_project/hybrid-epidemic-forecasting/results/partA/forecasts/partA_03_forecast_A4_ARX_I.mat,231,232,12,243,1.0338765439921,1.05270780641938,0.0188312624272806,0.000354616444605111,0.0188312624272806,0.0125864370635876,0.00941563121364031,0.0047146398505876,0.0425086957219165,0,0,-0.7875,0.7875,0.0158382984880589
A4,Amplifying Recurrent Waves,ARX,I,/home/kaahin/degree_project/hybrid-epidemic-forecasting/results/partA/forecasts/partA_03_forecast_A4_ARX_I.mat,231,232,13,244,1.02631786879539,1.04786045978588,0.0215425909904863,0.00046408322658338,0.0215425909904863,0.0141965070855249,0.0107712954952431,0.00526680967057631,0.0478461767190426,0,0,-0.7875,0.7875,0.0177177616937554
A4,Amplifying Recurrent Waves,ARX,I,/home/kaahin/degree_project/hybrid-epidemic-forecasting/results/partA/forecasts/partA_03_forecast_A4_ARX_I.mat,231,232,14,245,1.01924015680612,1.043007103338,0.0237669465318862,0.000564867747449535,0.0237669465318862,0.0157446664569974,0.0118834732659431,0.00570728268612009,0.0532602431044251,0,0,-0.7875,0.7875,0.0193677906987785
A4,Amplifying Recurrent Waves,ARX,I,/home/kaahin/degree_project/hybrid-epidemic-forecasting/results/partA/forecasts/partA_03_forecast_A4_ARX_I.mat,238,239,1,239,1.06789680095995,1.06798337291656,8.65719566107703e-05,7.4947036714171e-09,8.65719566107703e-05,6.95501444605617e-05,4.32859783053852e-05,0.000269689671767143,0,0,1,0.2125,0.2125,0.000828266747987971
A4,Amplifying Recurrent Waves,ARX,I,/home/kaahin/degree_project/hybrid-epidemic-forecasting/results/partA/forecasts/partA_03_forecast_A4_ARX_I.mat,238,239,2,240,1.05893610953439,1.05922226066887,0.000286151134486046,8.1882471767651e-08,0.000286151134486046,0.0001671178759854,0.000143075567243023,0.000608954874691275,0,0,1,0.2125,0.2125,0.00188882724946776
A4,Amplifying Recurrent Waves,ARX,I,/home/kaahin/degree_project/hybrid-epidemic-forecasting/results/partA/forecasts/partA_03_forecast_A4_ARX_I.mat,238,239,3,241,1.0502398783199,1.05076091875644,0.000521040436538334,2.71483136508057e-07,0.000521040436538334,0.000272224667695157,0.000260520218269167,0.00096449078635904,0,0,1,0.2125,0.2125,0.00319134373864355
A4,Amplifying Recurrent Waves,ARX,I,/home/kaahin/degree_project/hybrid-epidemic-forecasting/results/partA/forecasts/partA_03_forecast_A4_ARX_I.mat,238,239,4,242,1.04186796800132,1.04257788113749,0.000709913136173856,5.039766609122e-07,0.000709913136173856,0.000397706069299863,0.000354956568086928,0.00143472074376246,0,0,1,0.2125,0.2125,0.00471107026536849
A4,Amplifying Recurrent Waves,ARX,I,/home/kaahin/degree_project/hybrid-epidemic-forecasting/results/partA/forecasts/partA_03_forecast_A4_ARX_I.mat,238,239,5,243,1.0338765439921,1.03497902020513,0.00110247621302872,1.21545380029416e-06,0.00110247621302872,0.000522010596218922,0.000551238106514362,0.00179780957647079,0,0,1,0.2125,0.2125,0.00607751740427626
A4,Amplifying Recurrent Waves,ARX,I,/home/kaahin/degree_project/hybrid-epidemic-forecasting/results/partA/forecasts/partA_03_forecast_A4_ARX_I.mat,238,239,6,244,1.02631786879539,1.02813215316972,0.00181428437432807,3.29162779093099e-06,0.00181428437432807,0.000719217025778532,0.000907142187164034,0.00232933442883936,0,0,1,0.2125,0.2125,0.00760644788625764
A4,Amplifying Recurrent Waves,ARX,I,/home/kaahin/degree_project/hybrid-epidemic-forecasting/results/partA/forecasts/partA_03_forecast_A4_ARX_I.mat,238,239,7,245,1.01924015680612,1.02142736869481,0.00218721188869275,4.78389584603892e-06,0.00218721188869275,0.000848398732105866,0.00109360594434638,0.00272418835013002,0,0,1,0.2125,0.2125,0.00901353177567848
A4,Amplifying Recurrent Waves,ARX,I,/home/kaahin/degree_project/hybrid-epidemic-forecasting/results/partA/forecasts/partA_03_forecast_A4_ARX_I.mat,238,239,8,246,1.01268748541072,1.0149561521356,0.00226866672487658,5.14684870856222e-06,0.00226866672487658,0.000954318754048716,0.00113433336243829,0.00316010103078093,0,0,1,0.2125,0.2125,0.0104299497773793
A4,Amplifying Recurrent Waves,ARX,I,/home/kaahin/degree_project/hybrid-epidemic-forecasting/results/partA/forecasts/partA_03_forecast_A4_ARX_I.mat,238,239,9,247,1.00669975507686,1.00924677481764,0.00254701974078175,6.48730955993195e-06,0.00254701974078175,0.00108723793658128,0.00127350987039088,0.00361906084422489,0,0,1,0.2125,0.2125,0.0119526785067617
A4,Amplifying Recurrent Waves,ARX,I,/home/kaahin/degree_project/hybrid-epidemic-forecasting/results/partA/forecasts/partA_03_forecast_A4_ARX_I.mat,238,239,10,248,1.00131269024855,1.00380369350899,0.00249100326044682,6.2050972435567e-06,0.00249100326044682,0.00120247861141217,0.00124550163022341,0.00416565212113133,0,0,1,0.2125,0.2125,0.0135559155064182
A4,Amplifying Recurrent Waves,ARX,I,/home/kaahin/degree_project/hybrid-epidemic-forecasting/results/partA/forecasts/partA_03_forecast_A4_ARX_I.mat,238,239,11,249,0.996557872292889,0.999259466450214,0.00270159415732463,7.29861099089056e-06,0.00270159415732463,0.00134669965882139,0.00135079707866231,0.00470935138603393,0,0,1,0.2125,0.2125,0.0152750140240302
A4,Amplifying Recurrent Waves,ARX,I,/home/kaahin/degree_project/hybrid-epidemic-forecasting/results/partA/forecasts/partA_03_forecast_A4_ARX_I.mat,238,239,12,250,0.992462795490859,0.995217092543197,0.00275429705233754,7.58615225251526e-06,0.00275429705233754,0.00146331889586805,0.00137714852616877,0.00520778650523747,0,0,1,0.2125,0.2125,0.0167499376118153
A4,Amplifying Recurrent Waves,ARX,I,/home/kaahin/degree_project/hybrid-epidemic-forecasting/results/partA/forecasts/partA_03_forecast_A4_ARX_I.mat,238,239,13,251,0.98905093712718,0.991676110636209,0.00262517350902869,6.891535952506e-06,0.00262517350902869,0.00157048716977948,0.00131258675451434,0.00575460550949331,0,0,1,0.2125,0.2125,0.0182541056606379
A4,Amplifying Recurrent Waves,ARX,I,/home/kaahin/degree_project/hybrid-epidemic-forecasting/results/partA/forecasts/partA_03_forecast_A4_ARX_I.mat,238,239,14,252,0.986341833104493,0.988151340287188,0.00180950718269512,3.27431624422525e-06,0.00180950718269512,0.00157540108118073,0.000904753591347562,0.00618455127396572,0,0,1,0.2125,0.2125,0.0196014898259556
A4,Amplifying Recurrent Waves,ARX,I,/home/kaahin/degree_project/hybrid-epidemic-forecasting/results/partA/forecasts/partA_03_forecast_A4_ARX_I.mat,245,246,1,246,1.01268748541072,1.01261939444444,-6.80909662813534e-05,4.6363796891284e-09,6.80909662813534e-05,5.47706462746156e-05,3.40454831406767e-05,0.000212422425095093,0,0,1,0.2125,0.2125,0.000722849744700715
A4,Amplifying Recurrent Waves,ARX,I,/home/kaahin/degree_project/hybrid-epidemic-forecasting/results/partA/forecasts/partA_03_forecast_A4_ARX_I.mat,245,246,2,247,1.00669975507686,1.0065013376961,-0.000198417380766536,3.93694569902524e-08,0.000198417380766536,0.000148966292198234,9.92086903832679e-05,0.000571139624508787,0,0,1,0.2125,0.2125,0.00177614059293735
A4,Amplifying Recurrent Waves,ARX,I,/home/kaahin/degree_project/hybrid-epidemic-forecasting/results/partA/forecasts/partA_03_forecast_A4_ARX_I.mat,245,246,3,248,1.00131269024855,1.00088123352315,-0.000431456725390911,1.86154905885048e-07,0.000431456725390911,0.000263732293955561,0.000215728362695455,0.000971066960104569,0,0,1,0.2125,0.2125,0.00297199495313497
A4,Amplifying Recurrent Waves,ARX,I,/home/kaahin/degree_project/hybrid-epidemic-forecasting/results/partA/forecasts/partA_03_forecast_A4_ARX_I.mat,245,246,4,249,0.996557872292889,0.995864493006715,-0.000693379286174411,4.80774834495736e-07,0.000693379286174411,0.000392090978350037,0.000346689643087206,0.00141771975948796,0,0,1,0.2125,0.2125,0.00437030518945924
A4,Amplifying Recurrent Waves,ARX,I,/home/kaahin/degree_project/hybrid-epidemic-forecasting/results/partA/forecasts/partA_03_forecast_A4_ARX_I.mat,245,246,5,250,0.992462795490859,0.991386670944356,-0.00107612454650363,1.15804403958765e-06,0.00107612454650363,0.000543090628681956,0.000538062273251816,0.00190584555581699,0,0,1,0.2125,0.2125,0.00576562503904626
A4,Amplifying Recurrent Waves,ARX,I,/home/kaahin/degree_project/hybrid-epidemic-forecasting/results/partA/forecasts/partA_03_forecast_A4_ARX_I.mat,245,246,6,251,0.98905093712718,0.987413306159136,-0.00163763096804403,2.68183518749684e-06,0.00163763096804403,0.00071844167888498,0.000818815484022017,0.00241417207096039,0,0,1,0.2125,0.2125,0.00737042862573953
A4,Amplifying Recurrent Waves,ARX,I,/home/kaahin/degree_project/hybrid-epidemic-forecasting/results/partA/forecasts/partA_03_forecast_A4_ARX_I.mat,245,246,7,252,0.986341833104493,0.983975988885473,-0.00236584421901975,5.59721886866918e-06,0.00236584421901975,0.000901557177442552,0.00118292210950988,0.00287408518898161,0,0,1,0.2125,0.2125,0.00880586515739326
A4,Amplifying Recurrent Waves,ARX,I,/home/kaahin/degree_project/hybrid-epidemic-forecasting/results/partA/forecasts/partA_03_forecast_A4_ARX_I.mat,245,246,8,253,0.984351151166515,0.980915353539412,-0.00343579762710211,1.18047053344005e-05,0.00343579762710211,0.0011969050883791,0.00171789881355106,0.00322397585315706,0,0.000444198230997839,0.75,-0.0375,0.2125,0.01009919145296
A4,Amplifying Recurrent Waves,ARX,I,/home/kaahin/degree_project/hybrid-epidemic-forecasting/results/partA/forecasts/partA_03_forecast_A4_ARX_I.mat,245,246,9,254,0.98309075473887,0.978667910870775,-0.00442284386809555,1.95615478815504e-05,0.00442284386809555,0.0015566966010983,0.00221142193404777,0.00385817764154563,0,0.000935535129348963,0.75,-0.0375,0.2125,0.0117176403713636
A4,Amplifying Recurrent Waves,ARX,I,/home/kaahin/degree_project/hybrid-epidemic-forecasting/results/partA/forecasts/partA_03_forecast_A4_ARX_I.mat,245,246,10,255,0.982568751551764,0.976831087175357,-0.00573766437640721,3.29207924962924e-05,0.00573766437640721,0.00195133181584912,0.00286883218820361,0.00447423981013076,0,0.00143792117298669,0.75,-0.0375,0.2125,0.0134713604847179
A4,Amplifying Recurrent Waves,ARX,I,/home/kaahin/degree_project/hybrid-epidemic-forecasting/results/partA/forecasts/partA_03_forecast_A4_ARX_I.mat,245,246,11,256,0.982789522556908,0.975488565659968,-0.00730095689694032,5.33039716109805e-05,0.00730095689694032,0.00244187229510635,0.00365047844847016,0.00486621526253161,0,0.00247173161697678,0.75,-0.0375,0.2125,0.0148646418573752
A4,Amplifying Recurrent Waves,ARX,I,/home/kaahin/degree_project/hybrid-epidemic-forecasting/results/partA/forecasts/partA_03_forecast_A4_ARX_I.mat,245,246,12,257,0.983753728148167,0.974944015887908,-0.00880971226025851,7.7611030108549e-05,0.00880971226025851,0.00302614319758818,0.00440485613012925,0.00528820803678138,0,0.00392458022223618,0.75,-0.0375,0.2125,0.0162574691178626
A4,Amplifying Recurrent Waves,ARX,I,/home/kaahin/degree_project/hybrid-epidemic-forecasting/results/partA/forecasts/partA_03_forecast_A4_ARX_I.mat,245,246,13,258,0.985458290293266,0.975183094730878,-0.0102751955623881,0.00010557964384532,0.0102751955623881,0.00358861312895045,0.00513759778119405,0.00575146482897014,0,0.00525969647011282,0.5,-0.2875,0.3625,0.0176135051411156
A4,Amplifying Recurrent Waves,ARX,I,/home/kaahin/degree_project/hybrid-epidemic-forecasting/results/partA/forecasts/partA_03_forecast_A4_ARX_I.mat,245,246,14,259,0.987896350832083,0.975278692083615,-0.0126176587484684,0.000159205312292802,0.0126176587484684,0.00425798511264634,0.00630882937423421,0.00643221692035902,0,0.0064198867123153,0.5,-0.2875,0.3625,0.0196804460393721
A4,Amplifying Recurrent Waves,ARX,I,/home/kaahin/degree_project/hybrid-epidemic-forecasting/results/partA/forecasts/partA_03_forecast_A4_ARX_I.mat,252,253,1,253,0.984351151166515,0.984184900921318,-0.000166250245196453,2.76391440278808e-08,0.000166250245196453,8.65381102830952e-05,8.31251225982266e-05,0.000306296373675702,0,0,1,0.2125,0.2125,0.00085884777868106
A4,Amplifying Recurrent Waves,ARX,I,/home/kaahin/degree_project/hybrid-epidemic-forecasting/results/partA/forecasts/partA_03_forecast_A4_ARX_I.mat,252,253,2,254,0.98309075473887,0.982660085909642,-0.000430668829227931,1.85475640468557e-07,0.000430668829227931,0.000187788891840115,0.000215334414613966,0.00062971559866655,0,0,1,0.2125,0.2125,0.00181373617735581
A4,Amplifying Recurrent Waves,ARX,I,/home/kaahin/degree_project/hybrid-epidemic-forecasting/results/partA/forecasts/partA_03_forecast_A4_ARX_I.mat,252,253,3,255,0.982568751551764,0.981723613111031,-0.000845138440733084,7.14258984004749e-07,0.000845138440733084,0.000322295759917149,0.000422569220366542,0.000949198596388387,0,7.85631028722422e-05,0.75,-0.0375,0.2125,0.00286333979573994
A4,Amplifying Recurrent Waves,ARX,I,/home/kaahin/degree_project/hybrid-epidemic-forecasting/results/partA/forecasts/partA_03_forecast_A4_ARX_I.mat,252,253,4,256,0.982789522556908,0.981314384929491,-0.00147513762741713,2.17603101982185e-06,0.00147513762741713,0.000525570644148529,0.000737568813708567,0.00132424968851227,0,0.000303249396447547,0.75,-0.0375,0.2125,0.00402500726107086
A4,Amplifying Recurrent Waves,ARX,I,/home/kaahin/degree_project/hybrid-epidemic-forecasting/results/partA/forecasts/partA_03_forecast_A4_ARX_I.mat,252,253,5,257,0.983753728148167,0.981721118280555,-0.00203260986761189,4.13150287391322e-06,0.00203260986761189,0.000831753155927262,0.00101630493380594,0.00173550774607387,0,0.000991076521792866,0.75,-0.0375,0.2125,0.00544915762814857
A4,Amplifying Recurrent Waves,ARX,I,/home/kaahin/degree_project/hybrid-epidemic-forecasting/results/partA/forecasts/partA_03_forecast_A4_ARX_I.mat,252,253,6,258,0.985458290293266,0.982450534287695,-0.00300775600557146,9.04659618905119e-06,0.00300775600557146,0.00113608522747079,0.00150387800278573,0.00214677294088329,0,0.00146173257994953,0.75,-0.0375,0.2125,0.00704503293466846
A4,Amplifying Recurrent Waves,ARX,I,/home/kaahin/degree_project/hybrid-epidemic-forecasting/results/partA/forecasts/partA_03_forecast_A4_ARX_I.mat,252,253,7,259,0.987896350832083,0.983680917050571,-0.00421543378151201,1.77698819663127e-05,0.00421543378151201,0.00150431729429583,0.00210771689075601,0.00277167174262168,0,0.00189003919095354,0.75,-0.0375,0.2125,0.00905670964224634
A4,Amplifying Recurrent Waves,ARX,I,/home/kaahin/degree_project/hybrid-epidemic-forecasting/results/partA/forecasts/partA_03_forecast_A4_ARX_I.mat,252,253,8,260,0.991057207843375,0.985503288563339,-0.00555391928003535,3.08460193691483e-05,0.00555391928003535,0.00191962399767738,0.00277695964001767,0.00322648189064078,0,0.00263486645888977,0.75,-0.0375,0.2125,0.0107439351927176
A4,Amplifying Recurrent Waves,ARX,I,/home/kaahin/degree_project/hybrid-epidemic-forecasting/results/partA/forecasts/partA_03_forecast_A4_ARX_I.mat,252,253,9,261,0.994926233574265,0.988277764698486,-0.00664846887577941,4.42021383922076e-05,0.00664846887577941,0.00226005106466308,0.00332423443788971,0.00380699871428881,0,0.00303899663880536,0.75,-0.0375,0.2125,0.0124957812803663
A4,Amplifying Recurrent Waves,ARX,I,/home/kaahin/degree_project/hybrid-epidemic-forecasting/results/partA/forecasts/partA_03_forecast_A4_ARX_I.mat,252,253,10,262,0.999484778914447,0.991657607545207,-0.00782717136923949,6.12646116434425e-05,0.00782717136923949,0.00261601131901199,0.00391358568461975,0.00430640047940375,0,0.00355206477153047,0.75,-0.0375,0.2125,0.0142985612990836
A4,Amplifying Recurrent Waves,ARX,I,/home/kaahin/degree_project/hybrid-epidemic-forecasting/results/partA/forecasts/partA_03_forecast_A4_ARX_I.mat,252,253,11,263,1.00471007073158,0.995864261064677,-0.00884580966690085,7.82483486630365e-05,0.00884580966690085,0.00302245204513328,0.00442290483345043,0.00490376006195767,0,0.00427436930769165,0.75,-0.0375,0.2125,0.0163605836552996
A4,Amplifying Recurrent Waves,ARX,I,/home/kaahin/degree_project/hybrid-epidemic-forecasting/results/partA/forecasts/partA_03_forecast_A4_ARX_I.mat,252,253,12,264,1.01057510952127,1.00055131377087,-0.0100237957504024,0.000100476481245784,0.0100237957504024,0.00339206438394287,0.00501189787520118,0.00568588645541262,0,0.00456650539712911,0.75,-0.0375,0.2125,0.0185868802999723
A4,Amplifying Recurrent Waves,ARX,I,/home/kaahin/degree_project/hybrid-epidemic-forecasting/results/partA/forecasts/partA_03_forecast_A4_ARX_I.mat,252,253,13,265,1.01704857572488,1.00604586700875,-0.0110027087161313,0.000121059599092032,0.0110027087161313,0.00388540559918198,0.00550135435806565,0.00634369394169254,0,0.00563927689656074,0.5,-0.2875,0.3625,0.0208090665843818
A4,Amplifying Recurrent Waves,ARX,I,/home/kaahin/degree_project/hybrid-epidemic-forecasting/results/partA/forecasts/partA_03_forecast_A4_ARX_I.mat,252,253,14,266,1.02409475369773,1.01142319179286,-0.0126715619048763,0.000160568481109112,0.0126715619048763,0.00462525986910244,0.00633578095243814,0.00677463756622742,0,0.0077032508922954,0.5,-0.2875,0.3625,0.0225566039196963
A4,Amplifying Recurrent Waves,ARX,I,/home/kaahin/degree_project/hybrid-epidemic-forecasting/results/partA/forecasts/partA_03_forecast_A4_ARX_I.mat,259,260,1,260,0.991057207843375,0.990979284750449,-7.79230929255359e-05,6.0720084110817e-09,7.79230929255359e-05,5.13997791095868e-05,3.89615464627679e-05,0.000192337459530373,0,0,1,0.2125,0.2125,0.000649727422815216
A4,Amplifying Recurrent Waves,ARX,I,/home/kaahin/degree_project/hybrid-epidemic-forecasting/results/partA/forecasts/partA_03_forecast_A4_ARX_I.mat,259,260,2,261,0.994926233574265,0.994696994684753,-0.000229238889511985,5.25504684646879e-08,0.000229238889511985,0.000132437611658104,0.000114619444755992,0.000481349807705475,0,0,1,0.2125,0.2125,0.00160377765635364
A4,Amplifying Recurrent Waves,ARX,I,/home/kaahin/degree_project/hybrid-epidemic-forecasting/results/partA/forecasts/partA_03_forecast_A4_ARX_I.mat,259,260,3,262,0.999484778914447,0.999081677563734,-0.000403101350712642,1.62490698946357e-07,0.000403101350712642,0.000234855943934246,0.000201550675356321,0.000855301072347786,0,0,1,0.2125,0.2125,0.00290175018226413
A4,Amplifying Recurrent Waves,ARX,I,/home/kaahin/degree_project/hybrid-epidemic-forecasting/results/partA/forecasts/partA_03_forecast_A4_ARX_I.mat,259,260,4,263,1.00471007073158,1.00418569420924,-0.000524376522334391,2.7497073717551e-07,0.000524376522334391,0.00037806635115285,0.000262188261167196,0.00143911031902063,0,0,1,0.2125,0.2125,0.00464564571947151
A4,Amplifying Recurrent Waves,ARX,I,/home/kaahin/degree_project/hybrid-epidemic-forecasting/results/partA/forecasts/partA_03_forecast_A4_ARX_I.mat,259,260,5,264,1.01057510952127,1.00987771111093,-0.000697398410338224,4.86364542742281e-07,0.000697398410338224,0.000526166829628717,0.000348699205169112,0.00201905152816012,0,0,1,0.2125,0.2125,0.00639708932945138
A4,Amplifying Recurrent Waves,ARX,I,/home/kaahin/degree_project/hybrid-epidemic-forecasting/results/partA/forecasts/partA_03_forecast_A4_ARX_I.mat,259,260,6,265,1.01704857572488,1.01612534177282,-0.000923233952058622,8.52360930233782e-07,0.000923233952058622,0.000688325681043129,0.000461616976029311,0.00263584858866477,0,0,1,0.2125,0.2125,0.00825568250490655
A4,Amplifying Recurrent Waves,ARX,I,/home/kaahin/degree_project/hybrid-epidemic-forecasting/results/partA/forecasts/partA_03_forecast_A4_ARX_I.mat,259,260,7,266,1.02409475369773,1.02280114707507,-0.0012936066226672,1.67341809420844e-06,0.0012936066226672,0.000857648764000702,0.000646803311333599,0.00321261612666956,0,0,1,0.2125,0.2125,0.00999210992035882
A4,Amplifying Recurrent Waves,ARX,I,/home/kaahin/degree_project/hybrid-epidemic-forecasting/results/partA/forecasts/partA_03_forecast_A4_ARX_I.mat,259,260,8,267,1.03167348264356,1.03015302351131,-0.00152045913225018,2.31179597284298e-06,0.00152045913225018,0.00101569944199086,0.000760229566125092,0.0038104179228338,0,0,1,0.2125,0.2125,0.0118102631480967
A4,Amplifying Recurrent Waves,ARX,I,/home/kaahin/degree_project/hybrid-epidemic-forecasting/results/partA/forecasts/partA_03_forecast_A4_ARX_I.mat,259,260,9,268,1.03974014384915,1.0384241239977,-0.00131601985144281,1.73190824939155e-06,0.00131601985144281,0.00114537600778959,0.000658009925721403,0.00449618210933174,0,0,1,0.2125,0.2125,0.0136796336504554
A4,Amplifying Recurrent Waves,ARX,I,/home/kaahin/degree_project/hybrid-epidemic-forecasting/results/partA/forecasts/partA_03_forecast_A4_ARX_I.mat,259,260,10,269,1.04824569324798,1.04709307368612,-0.00115261956185986,1.32853185438201e-06,0.00115261956185986,0.00130539430633669,0.000576309780929929,0.00529796459758518,0,0,1,0.2125,0.2125,0.0157926717782295
A4,Amplifying Recurrent Waves,ARX,I,/home/kaahin/degree_project/hybrid-epidemic-forecasting/results/partA/forecasts/partA_03_forecast_A4_ARX_I.mat,259,260,11,270,1.0571367477123,1.0563015773452,-0.000835170367103677,6.97509542088091e-07,0.000835170367103677,0.00141965658970815,0.000417585183551838,0.00597086947013482,0,0,1,0.2125,0.2125,0.018037177119675
A4,Amplifying Recurrent Waves,ARX,I,/home/kaahin/degree_project/hybrid-epidemic-forecasting/results/partA/forecasts/partA_03_forecast_A4_ARX_I.mat,259,260,12,271,1.06635573252893,1.06564780905849,-0.00070792347044013,5.01155639999998e-07,0.00070792347044013,0.00159966021520211,0.000353961735220065,0.00684450923318944,0,0,1,0.2125,0.2125,0.0206264575746526
A4,Amplifying Recurrent Waves,ARX,I,/home/kaahin/degree_project/hybrid-epidemic-forecasting/results/partA/forecasts/partA_03_forecast_A4_ARX_I.mat,259,260,13,272,1.07584109627462,1.07563328046579,-0.000207815808824341,4.3187410397315e-08,0.000207815808824341,0.00171103528773967,0.00010390790441217,0.00759575089041633,0,0,1,0.2125,0.2125,0.02319668274797
A4,Amplifying Recurrent Waves,ARX,I,/home/kaahin/degree_project/hybrid-epidemic-forecasting/results/partA/forecasts/partA_03_forecast_A4_ARX_I.mat,259,260,14,273,1.08552759779996,1.08582412880982,0.000296531009863932,8.79306398109232e-08,0.000296531009863932,0.00192047337407443,0.000148265504931966,0.00849386467840297,0,0,1,0.2125,0.2125,0.026176621993547
A4,Amplifying Recurrent Waves,ARX,I,/home/kaahin/degree_project/hybrid-epidemic-forecasting/results/partA/forecasts/partA_03_forecast_A4_ARX_I.mat,266,267,1,267,1.03167348264356,1.0316749703313,1.48768773478025e-06,2.2132147962156e-12,1.48768773478025e-06,4.37462287503804e-05,7.43843867390126e-07,0.000196114185509322,0,0,1,0.2125,0.2125,0.000676951168754381
A4,Amplifying Recurrent Waves,ARX,I,/home/kaahin/degree_project/hybrid-epidemic-forecasting/results/partA/forecasts/partA_03_forecast_A4_ARX_I.mat,266,267,2,268,1.03974014384915,1.03990702350976,0.000166879660613795,2.78488211265753e-08,0.000166879660613795,0.000126541064394242,8.34398303068973e-05,0.00048599495946719,0,0,1,0.2125,0.2125,0.0016231919417935
A4,Amplifying Recurrent Waves,ARX,I,/home/kaahin/degree_project/hybrid-epidemic-forecasting/results/partA/forecasts/partA_03_forecast_A4_ARX_I.mat,266,267,3,269,1.04824569324798,1.04859154636696,0.000345853118977946,1.19614379906773e-07,0.000345853118977946,0.000211121137282897,0.000172926559488973,0.000777118558284062,0,0,1,0.2125,0.2125,0.00259817912984345
A4,Amplifying Recurrent Waves,ARX,I,/home/kaahin/degree_project/hybrid-epidemic-forecasting/results/partA/forecasts/partA_03_forecast_A4_ARX_I.mat,266,267,4,270,1.0571367477123,1.05783514945372,0.000698401741412669,4.87764992408248e-07,0.000698401741412669,0.000341199292303006,0.000349200870706334,0.00118619594465719,0,0,1,0.2125,0.2125,0.00386967326460247
A4,Amplifying Recurrent Waves,ARX,I,/home/kaahin/degree_project/hybrid-epidemic-forecasting/results/partA/forecasts/partA_03_forecast_A4_ARX_I.mat,266,267,5,271,1.06635573252893,1.06758215917584,0.0012264266469173,1.50412232026881e-06,0.0012264266469173,0.000503424107603603,0.00061321332345865,0.00165219516075756,0,0,1,0.2125,0.2125,0.00522704254449574
A4,Amplifying Recurrent Waves,ARX,I,/home/kaahin/degree_project/hybrid-epidemic-forecasting/results/partA/forecasts/partA_03_forecast_A4_ARX_I.mat,266,267,6,272,1.07584109627462,1.07789247175194,0.00205137547732059,4.20814134895229e-06,0.00205137547732059,0.000792063984320156,0.0010256877386603,0.00200373063450339,0.000534869556277018,0,0.75,-0.0375,0.2125,0.00651240241690665
A4,Amplifying Recurrent Waves,ARX,I,/home/kaahin/degree_project/hybrid-epidemic-forecasting/results/partA/forecasts/partA_03_forecast_A4_ARX_I.mat,266,267,7,273,1.08552759779996,1.088789447475,0.00326184967504273,1.06396633025763e-05,0.00326184967504273,0.00116718847966643,0.00163092483752136,0.00243859336154992,0.00118282995942764,0,0.75,-0.0375,0.2125,0.00806203114113435
A4,Amplifying Recurrent Waves,ARX,I,/home/kaahin/degree_project/hybrid-epidemic-forecasting/results/partA/forecasts/partA_03_forecast_A4_ARX_I.mat,266,267,8,274,1.09534666829279,1.09987235940342,0.00452569111063195,2.0481880028853e-05,0.00452569111063195,0.00161901756247061,0.00226284555531597,0.00298743064202682,0.00203530283377495,0,0.5,-0.2875,0.3625,0.00987013641663947
A4,Amplifying Recurrent Waves,ARX,I,/home/kaahin/degree_project/hybrid-epidemic-forecasting/results/partA/forecasts/partA_03_forecast_A4_ARX_I.mat,266,267,9,275,1.10522684946927,1.11137413362625,0.0061472841569743,3.77891025065872e-05,0.0061472841569743,0.00238820072218395,0.00307364207848715,0.00367400564651414,0.00399925552482649,0,0.5,-0.2875,0.3625,0.0122231667303233
A4,Amplifying Recurrent Waves,ARX,I,/home/kaahin/degree_project/hybrid-epidemic-forecasting/results/partA/forecasts/partA_03_forecast_A4_ARX_I.mat,266,267,10,276,1.11509430688358,1.12323002857606,0.00813572169247734,6.61899674574463e-05,0.00813572169247734,0.00351511582490502,0.00406786084623867,0.00443370602124322,0.00731645434459072,0,0.5,-0.2875,0.3625,0.0146240350945426
A4,Amplifying Recurrent Waves,ARX,I,/home/kaahin/degree_project/hybrid-epidemic-forecasting/results/partA/forecasts/partA_03_forecast_A4_ARX_I.mat,266,267,11,277,1.12487341521335,1.1352149392326,0.0103415240192581,0.000106947119040893,0.0103415240192581,0.00479124344304264,0.00517076200962907,0.00509594540055185,0.011293888083511,0,0.5,-0.2875,0.3625,0.0169444495492584
A4,Amplifying Recurrent Waves,ARX,I,/home/kaahin/degree_project/hybrid-epidemic-forecasting/results/partA/forecasts/partA_03_forecast_A4_ARX_I.mat,266,267,12,278,1.13448741022938,1.14829723306621,0.0138098228368226,0.000190711206784428,0.0138098228368226,0.00666952689866073,0.00690491141841132,0.00567921270559231,0.0174287469199697,0,0.25,-0.5375,0.5625,0.0192368367669166
A4,Amplifying Recurrent Waves,ARX,I,/home/kaahin/degree_project/hybrid-epidemic-forecasting/results/partA/forecasts/partA_03_forecast_A4_ARX_I.mat,266,267,13,279,1.14385910005724,1.16112259366088,0.0172634936036431,0.000298028211403026,0.0172634936036431,0.0089006162842275,0.00863174680182155,0.00645731537691106,0.0249637111002912,0,0,-0.7875,0.7875,0.021660558208446
A4,Amplifying Recurrent Waves,ARX,I,/home/kaahin/degree_project/hybrid-epidemic-forecasting/results/partA/forecasts/partA_03_forecast_A4_ARX_I.mat,266,267,14,280,1.1529116263496,1.17411257565255,0.0212009493029521,0.000449480251346346,0.0212009493029521,0.0119652656223966,0.0106004746514761,0.00728309620664184,0.0359601244426666,0,0,-0.7875,0.7875,0.0242058672341657
A4,Amplifying Recurrent Waves,ARX,I,/home/kaahin/degree_project/hybrid-epidemic-forecasting/results/partA/forecasts/partA_03_forecast_A4_ARX_I.mat,273,274,1,274,1.09534666829279,1.09566373481888,0.000317066526092757,1.00531181968529e-07,0.000317066526092757,0.000115809371883903,0.000158533263046379,0.000254982208972154,0.000107626701459029,0,0.75,-0.0375,0.2125,0.000836919472723574
A4,Amplifying Recurrent Waves,ARX,I,/home/kaahin/degree_project/hybrid-epidemic-forecasting/results/partA/forecasts/partA_03_forecast_A4_ARX_I.mat,273,274,2,275,1.10522684946927,1.10619963058981,0.000972781120539334,9.46303108477763e-07,0.000972781120539334,0.000339036212521768,0.000486390560269667,0.000588323534166296,0.000450948861911993,0,0.75,-0.0375,0.2125,0.00198027146719454
A4,Amplifying Recurrent Waves,ARX,I,/home/kaahin/degree_project/hybrid-epidemic-forecasting/results/partA/forecasts/partA_03_forecast_A4_ARX_I.mat,273,274,3,276,1.11509430688358,1.1169434977129,0.00184919082931745,3.41950672323175e-06,0.00184919082931745,0.000655080088170777,0.000924595414658724,0.000961208412442705,0.00106205656966707,0,0.5,-0.2875,0.3625,0.00315181140970761
A4,Amplifying Recurrent Waves,ARX,I,/home/kaahin/degree_project/hybrid-epidemic-forecasting/results/partA/forecasts/partA_03_forecast_A4_ARX_I.mat,273,274,4,277,1.12487341521335,1.12805304937897,0.00317963416562161,1.01100734271883e-05,0.00317963416562161,0.00127898019170063,0.00158981708281081,0.001415905841028,0.00274968793881403,0,0.25,-0.5375,0.5625,0.00461328217742646
A4,Amplifying Recurrent Waves,ARX,I,/home/kaahin/degree_project/hybrid-epidemic-forecasting/results/partA/forecasts/partA_03_forecast_A4_ARX_I.mat,273,274,5,278,1.13448741022938,1.13925306432026,0.0047656540908767,2.27114589138899e-05,0.0047656540908767,0.00233187627088518,0.00238282704543835,0.001971253754838,0.00613936241870694,0,0,-0.7875,0.7875,0.00627642412846341
A4,Amplifying Recurrent Waves,ARX,I,/home/kaahin/degree_project/hybrid-epidemic-forecasting/results/partA/forecasts/partA_03_forecast_A4_ARX_I.mat,273,274,6,279,1.14385910005724,1.15109570004103,0.00723659998379711,5.23683793254923e-05,0.00723659998379711,0.00399782505975635,0.00361829999189855,0.00261534932127396,0.0117565634557311,0,0,-0.7875,0.7875,0.00795634318908389
A4,Amplifying Recurrent Waves,ARX,I,/home/kaahin/degree_project/hybrid-epidemic-forecasting/results/partA/forecasts/partA_03_forecast_A4_ARX_I.mat,273,274,7,280,1.1529116263496,1.16314700895625,0.0102353826066559,0.000104763057104634,0.0102353826066559,0.00613657394484777,0.00511769130332795,0.00317461622942939,0.0193222752190576,0,0,-0.7875,0.7875,0.00932420984288773
A4,Amplifying Recurrent Waves,ARX,I,/home/kaahin/degree_project/hybrid-epidemic-forecasting/results/partA/forecasts/partA_03_forecast_A4_ARX_I.mat,273,274,8,281,1.16156926417433,1.17536219767121,0.0137929334968812,0.000190245014449386,0.0137929334968812,0.00873843905122215,0.00689646674844058,0.00377223069692709,0.028654278285132,0,0,-0.7875,0.7875,0.0111105630564586
A4,Amplifying Recurrent Waves,ARX,I,/home/kaahin/degree_project/hybrid-epidemic-forecasting/results/partA/forecasts/partA_03_forecast_A4_ARX_I.mat,273,274,9,282,1.16975824784134,1.18758438153194,0.0178261336905954,0.00031777104235498,0.0178261336905954,0.011803328924988,0.00891306684529769,0.00452928101805344,0.039672632299095,0,0,-0.7875,0.7875,0.0132239888258974
A4,Amplifying Recurrent Waves,ARX,I,/home/kaahin/degree_project/hybrid-epidemic-forecasting/results/partA/forecasts/partA_03_forecast_A4_ARX_I.mat,273,274,10,283,1.17740760859581,1.1999228653907,0.0225152567948907,0.000506936788539874,0.0225152567948907,0.0156628283464741,0.0112576283974454,0.0052015423485593,0.0540235568131289,0,0,-0.7875,0.7875,0.0152768435312755
A4,Amplifying Recurrent Waves,ARX,I,/home/kaahin/degree_project/hybrid-epidemic-forecasting/results/partA/forecasts/partA_03_forecast_A4_ARX_I.mat,273,274,11,284,1.18445000914121,1.21247316935099,0.0280231602097809,0.000785297508143048,0.0280231602097809,0.0201871219868945,0.0140115801048905,0.00592486678169714,0.0709056020544379,0,0,-0.7875,0.7875,0.0172785698751191
A4,Amplifying Recurrent Waves,ARX,I,/home/kaahin/degree_project/hybrid-epidemic-forecasting/results/partA/forecasts/partA_03_forecast_A4_ARX_I.mat,273,274,12,285,1.19082255935905,1.22448645077614,0.0336638914170901,0.00113325758534164,0.0336638914170901,0.0251722903869199,0.0168319457085451,0.00670815655786835,0.0897352044747262,0,0,-0.7875,0.7875,0.0196287108418098
A4,Amplifying Recurrent Waves,ARX,I,/home/kaahin/degree_project/hybrid-epidemic-forecasting/results/partA/forecasts/partA_03_forecast_A4_ARX_I.mat,273,274,13,286,1.19646759738977,1.2368466007858,0.0403790033960307,0.00163046391525666,0.0403790033960307,0.0309716883727529,0.0201895016980154,0.00740975678021646,0.111773339199156,0,0,-0.7875,0.7875,0.0221736358550985
A4,Amplifying Recurrent Waves,ARX,I,/home/kaahin/degree_project/hybrid-epidemic-forecasting/results/partA/forecasts/partA_03_forecast_A4_ARX_I.mat,273,274,14,287,1.20133342044546,1.24944467801718,0.0481112575717253,0.00231469310513289,0.0481112575717253,0.037513134125238,0.0240556287858626,0.00818612695630735,0.136567347821401,0,0,-0.7875,0.7875,0.0251704886307281
A4,Amplifying Recurrent Waves,ARX,I,/home/kaahin/degree_project/hybrid-epidemic-forecasting/results/partA/forecasts/partA_03_forecast_A4_ARX_I.mat,280,281,1,281,1.16156926417433,1.16204619233085,0.000476928156518674,2.27460466480301e-07,0.000476928156518674,0.000163392504729416,0.000238464078259337,0.000265137380326491,0.000231664812696541,0,0.5,-0.2875,0.3625,0.000871570267657662
A4,Amplifying Recurrent Waves,ARX,I,/home/kaahin/degree_project/hybrid-epidemic-forecasting/results/partA/forecasts/partA_03_forecast_A4_ARX_I.mat,280,281,2,282,1.16975824784134,1.17126488391512,0.00150663607377766,2.26995225880815e-06,0.00150663607377766,0.000750535346306559,0.000753318036888828,0.000551449863675552,0.00207264115781514,0,0,-0.7875,0.7875,0.00179545165224571
A4,Amplifying Recurrent Waves,ARX,I,/home/kaahin/degree_project/hybrid-epidemic-forecasting/results/partA/forecasts/partA_03_forecast_A4_ARX_I.mat,280,281,3,283,1.17740760859581,1.18059602775615,0.00318841916034596,1.01660167420612e-05,0.00318841916034596,0.00184221097991548,0.00159420958017298,0.000891030393534969,0.00580470943591171,0,0,-0.7875,0.7875,0.00304344729057882
A4,Amplifying Recurrent Waves,ARX,I,/home/kaahin/degree_project/hybrid-epidemic-forecasting/results/partA/forecasts/partA_03_forecast_A4_ARX_I.mat,280,281,4,284,1.18445000914121,1.18972787832421,0.00527786918299866,2.7855903112847e-05,0.00527786918299866,0.0034283991880963,0.00263893459149933,0.00133440454871351,0.0114544572062205,0,0,-0.7875,0.7875,0.00452700161398223
A4,Amplifying Recurrent Waves,ARX,I,/home/kaahin/degree_project/hybrid-epidemic-forecasting/results/partA/forecasts/partA_03_forecast_A4_ARX_I.mat,280,281,5,285,1.19082255935905,1.19881426169763,0.00799170233858293,6.38673062685119e-05,0.00799170233858293,0.00553205462616708,0.00399585116929146,0.00204384922764886,0.0188545454208116,0,0,-0.7875,0.7875,0.00647470292267616
A4,Amplifying Recurrent Waves,ARX,I,/home/kaahin/degree_project/hybrid-epidemic-forecasting/results/partA/forecasts/partA_03_forecast_A4_ARX_I.mat,280,281,6,286,1.19646759738977,1.20795577726334,0.01148817987357,0.000131978276807498,0.01148817987357,0.00850127653075087,0.00574408993678499,0.00262701627701938,0.0298846381745745,0,0,-0.7875,0.7875,0.008077119084829
A4,Amplifying Recurrent Waves,ARX,I,/home/kaahin/degree_project/hybrid-epidemic-forecasting/results/partA/forecasts/partA_03_forecast_A4_ARX_I.mat,280,281,7,287,1.20133342044546,1.21689872088156,0.0155653004361089,0.000242278577666333,0.0155653004361089,0.0120272916930819,0.00778265021805447,0.00342768311502337,0.0429124792857907,0,0,-0.7875,0.7875,0.0104551639932647
A4,Amplifying Recurrent Waves,ARX,I,/home/kaahin/degree_project/hybrid-epidemic-forecasting/results/partA/forecasts/partA_03_forecast_A4_ARX_I.mat,280,281,8,288,1.20537495034183,1.22590646542665,0.0205315150848153,0.000421543111677999,0.0205315150848153,0.0161762420907727,0.0102657575424077,0.00415256800895265,0.058374763857117,0,0,-0.7875,0.7875,0.012778292715697
A4,Amplifying Recurrent Waves,ARX,I,/home/kaahin/degree_project/hybrid-epidemic-forecasting/results/partA/forecasts/partA_03_forecast_A4_ARX_I.mat,280,281,9,289,1.20855431975475,1.23479641810734,0.0262420983525915,0.000688647725947086,0.0262420983525915,0.0211541350624155,0.0131210491762958,0.00476887297001133,0.0773036856345628,0,0,-0.7875,0.7875,0.015037734774769
A4,Amplifying Recurrent Waves,ARX,I,/home/kaahin/degree_project/hybrid-epidemic-forecasting/results/partA/forecasts/partA_03_forecast_A4_ARX_I.mat,280,281,10,290,1.21084136660259,1.24371695583551,0.03287558923292,0.00108080436741169,0.03287558923292,0.0271004329494392,0.01643779461646,0.00544714349617768,0.100067010159839,0,0,-0.7875,0.7875,0.0171938935506443
A4,Amplifying Recurrent Waves,ARX,I,/home/kaahin/degree_project/hybrid-epidemic-forecasting/results/partA/forecasts/partA_03_forecast_A4_ARX_I.mat,280,281,11,291,1.21221402569625,1.25255256496477,0.0403385392685207,0.00162719775031799,0.0403385392685207,0.0340271251611107,0.0201692696342604,0.00600868242459637,0.126944111166141,0,0,-0.7875,0.7875,0.0193467737599365
A4,Amplifying Recurrent Waves,ARX,I,/home/kaahin/degree_project/hybrid-epidemic-forecasting/results/partA/forecasts/partA_03_forecast_A4_ARX_I.mat,280,281,12,292,1.21265860883776,1.26179083385913,0.0491322250213617,0.00241397553554972,0.0491322250213617,0.0419475761423332,0.0245661125106809,0.00669825098597749,0.157499729143841,0,0,-0.7875,0.7875,0.0218035001117741
A4,Amplifying Recurrent Waves,ARX,I,/home/kaahin/degree_project/hybrid-epidemic-forecasting/results/partA/forecasts/partA_03_forecast_A4_ARX_I.mat,280,281,13,293,1.21216996683341,1.2709244795881,0.0587545127546911,0.00345209276904116,0.0587545127546911,0.0507719610042129,0.0293772563773456,0.00741734744348567,0.191679220698127,0,0,-0.7875,0.7875,0.0244835459116263
A4,Amplifying Recurrent Waves,ARX,I,/home/kaahin/degree_project/hybrid-epidemic-forecasting/results/partA/forecasts/partA_03_forecast_A4_ARX_I.mat,280,281,14,294,1.21075152935396,1.27991453740776,0.0691630080538042,0.00478352168305058,0.0691630080538042,0.0603376485781544,0.0345815040269021,0.0080466960277727,0.22889121854702,0,0,-0.7875,0.7875,0.0272355306388374
A4,Amplifying Recurrent Waves,ARX,I,/home/kaahin/degree_project/hybrid-epidemic-forecasting/results/partA/forecasts/partA_03_forecast_A4_ARX_I.mat,287,288,1,288,1.20537495034183,1.2061036197138,0.000728669371968138,5.30959053644441e-07,0.000728669371968138,0.000271545646965628,0.000364334685984069,0.000282413465266179,0.000575207260095079,0,0.5,-0.2875,0.3625,0.000962483070433229
A4,Amplifying Recurrent Waves,ARX,I,/home/kaahin/degree_project/hybrid-epidemic-forecasting/results/partA/forecasts/partA_03_forecast_A4_ARX_I.mat,287,288,2,289,1.20855431975475,1.21048587776453,0.00193155800978406,3.73091634516097e-06,0.00193155800978406,0.00105060546225865,0.000965779004892031,0.000670472983068104,0.00309147259220377,0,0,-0.7875,0.7875,0.00220279102178511
A4,Amplifying Recurrent Waves,ARX,I,/home/kaahin/degree_project/hybrid-epidemic-forecasting/results/partA/forecasts/partA_03_forecast_A4_ARX_I.mat,287,288,3,290,1.21084136660259,1.21474222723135,0.00390086062875517,1.52167136449721e-05,0.00390086062875517,0.00258409175811035,0.00195043031437758,0.00116396684761338,0.00851401574950561,0,0,-0.7875,0.7875,0.00370180365105388
A4,Amplifying Recurrent Waves,ARX,I,/home/kaahin/degree_project/hybrid-epidemic-forecasting/results/partA/forecasts/partA_03_forecast_A4_ARX_I.mat,287,288,4,291,1.21221402569625,1.21892921657887,0.00671519088261863,4.50937885900043e-05,0.00671519088261863,0.00490523852439361,0.00335759544130931,0.0017436504847618,0.0169723274337001,0,0,-0.7875,0.7875,0.00532235064568337
A4,Amplifying Recurrent Waves,ARX,I,/home/kaahin/degree_project/hybrid-epidemic-forecasting/results/partA/forecasts/partA_03_forecast_A4_ARX_I.mat,287,288,5,292,1.21265860883776,1.22294452108185,0.0102859122440826,0.000105799990692968,0.0102859122440826,0.00785885188599394,0.0051429561220413,0.00231413267651173,0.0279077446884197,0,0,-0.7875,0.7875,0.00725035279419467
A4,Amplifying Recurrent Waves,ARX,I,/home/kaahin/degree_project/hybrid-epidemic-forecasting/results/partA/forecasts/partA_03_forecast_A4_ARX_I.mat,287,288,6,293,1.21216996683341,1.22688572196466,0.0147157551312502,0.000216553449082917,0.0147157551312502,0.0116770175812317,0.00735787756562511,0.00292150464210865,0.0422671969078088,0,0,-0.7875,0.7875,0.00895456672716166
A4,Amplifying Recurrent Waves,ARX,I,/home/kaahin/degree_project/hybrid-epidemic-forecasting/results/partA/forecasts/partA_03_forecast_A4_ARX_I.mat,287,288,7,294,1.21075152935396,1.23085370657705,0.0201021772230885,0.000404097529108458,0.0201021772230885,0.0163541277838103,0.0100510886115442,0.00345506069307306,0.0600874257225292,0,0,-0.7875,0.7875,0.0106176185653911
A4,Amplifying Recurrent Waves,ARX,I,/home/kaahin/degree_project/hybrid-epidemic-forecasting/results/partA/forecasts/partA_03_forecast_A4_ARX_I.mat,287,288,8,295,1.20841522115756,1.23465870500481,0.0262434838472467,0.0006887204444407,0.0262434838472467,0.0216714468230007,0.0131217419236234,0.00406803581024875,0.0803317329696309,0,0,-0.7875,0.7875,0.0127965810430148
A4,Amplifying Recurrent Waves,ARX,I,/home/kaahin/degree_project/hybrid-epidemic-forecasting/results/partA/forecasts/partA_03_forecast_A4_ARX_I.mat,287,288,9,296,1.20518125581679,1.23850389824466,0.0333226424278725,0.00111039849837585,0.0333226424278725,0.0277286181464591,0.0166613212139363,0.00472730532906576,0.103390155116064,0,0,-0.7875,0.7875,0.0150832089599438
A4,Amplifying Recurrent Waves,ARX,I,/home/kaahin/degree_project/hybrid-epidemic-forecasting/results/partA/forecasts/partA_03_forecast_A4_ARX_I.mat,287,288,10,297,1.20107781068956,1.2425502455343,0.0414724348447384,0.00171996285195107,0.0414724348447384,0.0347262377992883,0.0207362174223692,0.00543992691760281,0.130091925756825,0,0,-0.7875,0.7875,0.0173132218524567
A4,Amplifying Recurrent Waves,ARX,I,/home/kaahin/degree_project/hybrid-epidemic-forecasting/results/partA/forecasts/partA_03_forecast_A4_ARX_I.mat,287,288,11,298,1.19614058937216,1.24647856558734,0.0503379762151861,0.00253391184944064,0.0503379762151861,0.0425305236979256,0.025168988107593,0.00603477531504371,0.160183593218028,0,0,-0.7875,0.7875,0.0197413215157735
A4,Amplifying Recurrent Waves,ARX,I,/home/kaahin/degree_project/hybrid-epidemic-forecasting/results/partA/forecasts/partA_03_forecast_A4_ARX_I.mat,287,288,12,299,1.19041228020378,1.25020119603358,0.0597889158298004,0.00357471445610296,0.0597889158298004,0.0510327028571594,0.0298944579149002,0.0067532487063968,0.192999456235921,0,0,-0.7875,0.7875,0.0223542088571465
A4,Amplifying Recurrent Waves,ARX,I,/home/kaahin/degree_project/hybrid-epidemic-forecasting/results/partA/forecasts/partA_03_forecast_A4_ARX_I.mat,287,288,13,300,1.18394192149494,1.25388751251952,0.0699455910245799,0.00489238570377779,0.0699455910245799,0.0602388997284653,0.0349727955122899,0.00727824817371578,0.228824005092088,0,0,-0.7875,0.7875,0.0245456843461639
A4,Amplifying Recurrent Waves,ARX,I,/home/kaahin/degree_project/hybrid-epidemic-forecasting/results/partA/forecasts/partA_03_forecast_A4_ARX_I.mat,287,288,14,301,1.17678418597095,1.25747422505359,0.0806900390826437,0.00651088240715857,0.0806900390826437,0.0700695366184121,0.0403450195413219,0.00794556363444193,0.267022331607091,0,0,-0.7875,0.7875,0.0272114775952011
A4,Amplifying Recurrent Waves,ARX,I,/home/kaahin/degree_project/hybrid-epidemic-forecasting/results/partA/forecasts/partA_03_forecast_A4_ARX_I.mat,294,295,1,295,1.20841522115756,1.20914961749554,0.000734396337979115,5.39337981237135e-07,0.000734396337979115,0.000361673367039337,0.000367198168989558,0.000277739524545984,0.000982592458141474,0,0,-0.7875,0.7875,0.000930579037183521
A4,Amplifying Recurrent Waves,ARX,I,/home/kaahin/degree_project/hybrid-epidemic-forecasting/results/partA/forecasts/partA_03_forecast_A4_ARX_I.mat,294,295,2,296,1.20518125581679,1.20740456867487,0.00222331285808308,4.94312006491756e-06,0.00222331285808308,0.00151956972902066,0.00111165642904154,0.00059649591963909,0.00512991143191233,0,0,-0.7875,0.7875,0.00194302702136495
A4,Amplifying Recurrent Waves,ARX,I,/home/kaahin/degree_project/hybrid-epidemic-forecasting/results/partA/forecasts/partA_03_forecast_A4_ARX_I.mat,294,295,3,297,1.20107781068956,1.20560260009713,0.00452478940756706,2.04737191828311e-05,0.00452478940756706,0.003217221941147,0.00226239470378353,0.00106800514650078,0.0111470988848772,0,0,-0.7875,0.7875,0.00348749039138591
A4,Amplifying Recurrent Waves,ARX,I,/home/kaahin/degree_project/hybrid-epidemic-forecasting/results/partA/forecasts/partA_03_forecast_A4_ARX_I.mat,294,295,4,298,1.19614058937216,1.20389600119863,0.00775541182647377,6.01464125982092e-05,0.00775541182647377,0.005741515130032,0.00387770591323688,0.00155018215338607,0.0204089300185211,0,0,-0.7875,0.7875,0.00506644904130754
A4,Amplifying Recurrent Waves,ARX,I,/home/kaahin/degree_project/hybrid-epidemic-forecasting/results/partA/forecasts/partA_03_forecast_A4_ARX_I.mat,294,295,5,299,1.19041228020378,1.20185173837094,0.0114394581671544,0.000130861203158076,0.0114394581671544,0.00884803095779691,0.00571972908357721,0.00220499226992031,0.0318914179565886,0,0,-0.7875,0.7875,0.00705694726602929
A4,Amplifying Recurrent Waves,ARX,I,/home/kaahin/degree_project/hybrid-epidemic-forecasting/results/partA/forecasts/partA_03_forecast_A4_ARX_I.mat,294,295,6,300,1.18394192149494,1.19963504663521,0.0156931251402703,0.000246274176668185,0.0156931251402703,0.0127220753564435,0.00784656257013516,0.00281803555618925,0.0465847409776712,0,0,-0.7875,0.7875,0.00895010464798279
A4,Amplifying Recurrent Waves,ARX,I,/home/kaahin/degree_project/hybrid-epidemic-forecasting/results/partA/forecasts/partA_03_forecast_A4_ARX_I.mat,294,295,7,301,1.17678418597095,1.19784735864096,0.0210631726700099,0.000443657242926652,0.0210631726700099,0.0174285321951803,0.0105315863350049,0.00347018859615034,0.0644266199471561,0,0,-0.7875,0.7875,0.0108523994888468
A4,Amplifying Recurrent Waves,ARX,I,/home/kaahin/degree_project/hybrid-epidemic-forecasting/results/partA/forecasts/partA_03_forecast_A4_ARX_I.mat,294,295,8,302,1.16899859841354,1.19606615127564,0.0270675528621034,0.000732652417942761,0.0270675528621034,0.0226394519863349,0.0135337764310517,0.00424639175376791,0.0840973657536874,0,0,-0.7875,0.7875,0.0131149533535614
A4,Amplifying Recurrent Waves,ARX,I,/home/kaahin/degree_project/hybrid-epidemic-forecasting/results/partA/forecasts/partA_03_forecast_A4_ARX_I.mat,294,295,9,303,1.16064870161219,1.19388077983749,0.0332320782253008,0.00110437102317251,0.0332320782253008,0.0285042244104786,0.0166160391126504,0.00506979778155496,0.106583172952949,0,0,-0.7875,0.7875,0.0152965513242785
A4,Amplifying Recurrent Waves,ARX,I,/home/kaahin/degree_project/hybrid-epidemic-forecasting/results/partA/forecasts/partA_03_forecast_A4_ARX_I.mat,294,295,10,304,1.15180118648105,1.19206472407026,0.0402635375892109,0.0016211524591978,0.0402635375892109,0.0351225239173756,0.0201317687946054,0.00577872927156614,0.132140859562019,0,0,-0.7875,0.7875,0.017445568545758
A4,Amplifying Recurrent Waves,ARX,I,/home/kaahin/degree_project/hybrid-epidemic-forecasting/results/partA/forecasts/partA_03_forecast_A4_ARX_I.mat,294,295,11,305,1.14252500254502,1.19106341901372,0.0485384164686959,0.00235597787328857,0.0485384164686959,0.0423935964378569,0.024269208234348,0.00635681782670998,0.160145157909298,0,0,-0.7875,0.7875,0.0194706247999972
A4,Amplifying Recurrent Waves,ARX,I,/home/kaahin/degree_project/hybrid-epidemic-forecasting/results/partA/forecasts/partA_03_forecast_A4_ARX_I.mat,294,295,12,306,1.13289046495227,1.1902725135933,0.0573820486410286,0.00329269950624137,0.0573820486410286,0.0502734971091622,0.0286910243205143,0.00709329524081752,0.190446417429898,0,0,-0.7875,0.7875,0.0216344394863669
A4,Amplifying Recurrent Waves,ARX,I,/home/kaahin/degree_project/hybrid-epidemic-forecasting/results/partA/forecasts/partA_03_forecast_A4_ARX_I.mat,294,295,13,307,1.12296837374189,1.18954906528389,0.0665806915420064,0.0044329884862118,0.0665806915420064,0.0583601840915375,0.0332903457710032,0.0078982065337632,0.221432276107152,0,0,-0.7875,0.7875,0.0242911121996892
A4,Amplifying Recurrent Waves,ARX,I,/home/kaahin/degree_project/hybrid-epidemic-forecasting/results/partA/forecasts/partA_03_forecast_A4_ARX_I.mat,294,295,14,308,1.11282916030935,1.18922790433543,0.0763987440260798,0.00583676808876247,0.0763987440260798,0.0669863005828295,0.0381993720130399,0.00853151104334515,0.254707469566348,0,0,-0.7875,0.7875,0.0267269463221803
A4,Amplifying Recurrent Waves,ARX,I,/home/kaahin/degree_project/hybrid-epidemic-forecasting/results/partA/forecasts/partA_03_forecast_A4_ARX_I.mat,301,302,1,302,1.16899859841354,1.16968553965573,0.000686941242188599,4.71888270219615e-07,0.000686941242188599,0.000296080104454368,0.000343470621094299,0.000268514814176846,0.000720375034773513,0,0.5,-0.2875,0.3625,0.000889118277069667
A4,Amplifying Recurrent Waves,ARX,I,/home/kaahin/degree_project/hybrid-epidemic-forecasting/results/partA/forecasts/partA_03_forecast_A4_ARX_I.mat,301,302,2,303,1.16064870161219,1.16271294992865,0.00206424831645702,4.26112111199563e-06,0.00206424831645702,0.00120059735406382,0.00103212415822851,0.000576379055453657,0.00379418487960503,0,0,-0.7875,0.7875,0.00196449835746626
A4,Amplifying Recurrent Waves,ARX,I,/home/kaahin/degree_project/hybrid-epidemic-forecasting/results/partA/forecasts/partA_03_forecast_A4_ARX_I.mat,301,302,3,304,1.15180118648105,1.15581943869045,0.00401825220940166,1.61463508183613e-05,0.00401825220940166,0.00272810589219064,0.00200912610470083,0.000997067795358481,0.00927028261479856,0,0,-0.7875,0.7875,0.00318166577181883
A4,Amplifying Recurrent Waves,ARX,I,/home/kaahin/degree_project/hybrid-epidemic-forecasting/results/partA/forecasts/partA_03_forecast_A4_ARX_I.mat,301,302,4,305,1.14252500254502,1.14922108391729,0.00669608137227296,4.48375057441009e-05,0.00669608137227296,0.00463298990800997,0.00334804068613648,0.00145016315775321,0.0160502507421552,0,0,-0.7875,0.7875,0.00465300667550933
A4,Amplifying Recurrent Waves,ARX,I,/home/kaahin/degree_project/hybrid-epidemic-forecasting/results/partA/forecasts/partA_03_forecast_A4_ARX_I.mat,301,302,5,306,1.13289046495227,1.14263822560705,0.0097477606547749,9.50188377827775e-05,0.0097477606547749,0.00718917863106473,0.00487388032738745,0.00189485959700881,0.025582563915395,0,0,-0.7875,0.7875,0.00593741808918524
A4,Amplifying Recurrent Waves,ARX,I,/home/kaahin/degree_project/hybrid-epidemic-forecasting/results/partA/forecasts/partA_03_forecast_A4_ARX_I.mat,301,302,6,307,1.12296837374189,1.13693193112114,0.013963557379256,0.000194980934683776,0.013963557379256,0.0101206470495712,0.00698177868962802,0.00249769846968461,0.0360634345637576,0,0,-0.7875,0.7875,0.00789955429159017
A4,Amplifying Recurrent Waves,ARX,I,/home/kaahin/degree_project/hybrid-epidemic-forecasting/results/partA/forecasts/partA_03_forecast_A4_ARX_I.mat,301,302,7,308,1.11282916030935,1.130860938385,0.0180317780756571,0.00032514502056975,0.0180317780756571,0.0133883982697177,0.00901588903782857,0.00316314140446288,0.0480687617714384,0,0,-0.7875,0.7875,0.0101223976113698
A4,Amplifying Recurrent Waves,ARX,I,/home/kaahin/degree_project/hybrid-epidemic-forecasting/results/partA/forecasts/partA_03_forecast_A4_ARX_I.mat,301,302,8,309,1.1025420749019,1.12505718268647,0.0225151077845704,0.000506930078550825,0.0225151077845704,0.017016659114885,0.0112575538922852,0.0040384366980442,0.0612789754266529,0,0,-0.7875,0.7875,0.0127859138731503
A4,Amplifying Recurrent Waves,ARX,I,/home/kaahin/degree_project/hybrid-epidemic-forecasting/results/partA/forecasts/partA_03_forecast_A4_ARX_I.mat,301,302,9,310,1.09217442758281,1.11993535478962,0.0277609272068111,0.000770669079381866,0.0277609272068111,0.0211131699236234,0.0138804636034056,0.00488126667420528,0.0762475343786944,0,0,-0.7875,0.7875,0.01543643719741
A4,Amplifying Recurrent Waves,ARX,I,/home/kaahin/degree_project/hybrid-epidemic-forecasting/results/partA/forecasts/partA_03_forecast_A4_ARX_I.mat,301,302,10,311,1.08179089347631,1.11524844739084,0.0334575539145241,0.00111940791394329,0.0334575539145241,0.0257939337240868,0.016728776957262,0.00559875831880925,0.0937451664823195,0,0,-0.7875,0.7875,0.0178959341891622
A4,Amplifying Recurrent Waves,ARX,I,/home/kaahin/degree_project/hybrid-epidemic-forecasting/results/partA/forecasts/partA_03_forecast_A4_ARX_I.mat,301,302,11,312,1.07145289129737,1.11072421527896,0.0392713239815874,0.0015422368872668,0.0392713239815874,0.0307040140354756,0.0196356619907937,0.00620040503994232,0.112331996128904,0,0,-0.7875,0.7875,0.020268949443111
A4,Amplifying Recurrent Waves,ARX,I,/home/kaahin/degree_project/hybrid-epidemic-forecasting/results/partA/forecasts/partA_03_forecast_A4_ARX_I.mat,301,302,12,313,1.06121804223751,1.10645752408601,0.0452394818485018,0.00204661071792092,0.0452394818485018,0.0359024731538171,0.0226197409242509,0.00693006080205991,0.132011327465866,0,0,-0.7875,0.7875,0.022804530968802
A4,Amplifying Recurrent Waves,ARX,I,/home/kaahin/degree_project/hybrid-epidemic-forecasting/results/partA/forecasts/partA_03_forecast_A4_ARX_I.mat,301,302,13,314,1.05113971427813,1.10261230673139,0.0514725924532546,0.00264942777385885,0.0514725924532546,0.0415805986055657,0.0257362962266273,0.00759689478551844,0.1537795027129,0,0,-0.7875,0.7875,0.02519773765367
A4,Amplifying Recurrent Waves,ARX,I,/home/kaahin/degree_project/hybrid-epidemic-forecasting/results/partA/forecasts/partA_03_forecast_A4_ARX_I.mat,301,302,14,315,1.0412666549909,1.09922944615706,0.0579627911661624,0.00335968515977216,0.0579627911661624,0.0476107730132585,0.0289813955830812,0.00811118135805092,0.177155901618531,0,0,-0.7875,0.7875,0.027501317150308
A4,Amplifying Recurrent Waves,ARX,I,/home/kaahin/degree_project/hybrid-epidemic-forecasting/results/partA/forecasts/partA_03_forecast_A4_ARX_I.mat,308,309,1,309,1.1025420749019,1.10299174665458,0.000449671752677627,2.02204685156169e-07,0.000449671752677627,0.000223493326611882,0.000224835876338814,0.000218783073681017,0.000562101019733641,0,0.5,-0.2875,0.3625,0.000748196986081473
A4,Amplifying Recurrent Waves,ARX,I,/home/kaahin/degree_project/hybrid-epidemic-forecasting/results/partA/forecasts/partA_03_forecast_A4_ARX_I.mat,308,309,2,310,1.09217442758281,1.09363527091325,0.00146084333044305,2.13406323609995e-06,0.00146084333044305,0.000631666750493803,0.000730421665221526,0.000550038673494013,0.00156204003850657,0,0.25,-0.5375,0.5625,0.00193451202720685
A4,Amplifying Recurrent Waves,ARX,I,/home/kaahin/degree_project/hybrid-epidemic-forecasting/results/partA/forecasts/partA_03_forecast_A4_ARX_I.mat,308,309,3,311,1.08179089347631,1.08436362167044,0.00257272819412391,6.61893036084006e-06,0.00257272819412391,0.0013124217622319,0.00128636409706195,0.00102946727841865,0.00359006655456295,0,0.25,-0.5375,0.5625,0.00340932817705825
A4,Amplifying Recurrent Waves,ARX,I,/home/kaahin/degree_project/hybrid-epidemic-forecasting/results/partA/forecasts/partA_03_forecast_A4_ARX_I.mat,308,309,4,312,1.07145289129737,1.075672939589,0.00422004829163214,1.78088075837073e-05,0.00422004829163214,0.00231376814848722,0.00211002414581607,0.00157624565318705,0.0067256868691894,0,0.25,-0.5375,0.5625,0.00506648984151692
A4,Amplifying Recurrent Waves,ARX,I,/home/kaahin/degree_project/hybrid-epidemic-forecasting/results/partA/forecasts/partA_03_forecast_A4_ARX_I.mat,308,309,5,313,1.06121804223751,1.06764479054475,0.00642674830724621,4.1303093804692e-05,0.00642674830724621,0.00353186909877255,0.00321337415362311,0.00216330906753534,0.010516727723318,0,0,-0.7875,0.7875,0.00693344652597505
A4,Amplifying Recurrent Waves,ARX,I,/home/kaahin/degree_project/hybrid-epidemic-forecasting/results/partA/forecasts/partA_03_forecast_A4_ARX_I.mat,308,309,6,314,1.05113971427813,1.06006916612248,0.00892945184434812,7.97351102405321e-05,0.00892945184434812,0.00518088416794939,0.00446472592217406,0.00277869835825808,0.0160705544753401,0,0,-0.7875,0.7875,0.0089324164670978
A4,Amplifying Recurrent Waves,ARX,I,/home/kaahin/degree_project/hybrid-epidemic-forecasting/results/partA/forecasts/partA_03_forecast_A4_ARX_I.mat,308,309,7,315,1.0412666549909,1.05324073543478,0.0119740804438859,0.000143378602476651,0.0119740804438859,0.00723720681382499,0.00598704022194296,0.00337937109105212,0.0232010193492174,0,0,-0.7875,0.7875,0.0110554466174286
A4,Amplifying Recurrent Waves,ARX,I,/home/kaahin/degree_project/hybrid-epidemic-forecasting/results/partA/forecasts/partA_03_forecast_A4_ARX_I.mat,308,309,8,316,1.03164271391496,1.04690822789974,0.015265513984775,0.000233035917219363,0.015265513984775,0.00956248412091214,0.00763275699238752,0.00402056801611002,0.0313778535356071,0,0,-0.7875,0.7875,0.0130815041244773
A4,Amplifying Recurrent Waves,ARX,I,/home/kaahin/degree_project/hybrid-epidemic-forecasting/results/partA/forecasts/partA_03_forecast_A4_ARX_I.mat,308,309,9,317,1.02230665372228,1.04063396178209,0.0183273080598081,0.000335890220719107,0.0183273080598081,0.0120326277527713,0.00916365402990404,0.00470718835897776,0.0402759824985892,0,0,-0.7875,0.7875,0.0152072893524359
A4,Amplifying Recurrent Waves,ARX,I,/home/kaahin/degree_project/hybrid-epidemic-forecasting/results/partA/forecasts/partA_03_forecast_A4_ARX_I.mat,308,309,10,318,1.01329204763781,1.03509632889433,0.0218042812565198,0.00047542668111342,0.0218042812565198,0.0148175481150063,0.0109021406282599,0.00538670215832385,0.0503901237309445,0,0,-0.7875,0.7875,0.0173269501581704
A4,Amplifying Recurrent Waves,ARX,I,/home/kaahin/degree_project/hybrid-epidemic-forecasting/results/partA/forecasts/partA_03_forecast_A4_ARX_I.mat,308,309,11,319,1.00462725900902,1.02990129939757,0.0252740403885507,0.000638777117562094,0.0252740403885507,0.0178939799574278,0.0126370201942754,0.00596862654588858,0.061917263068261,0,0,-0.7875,0.7875,0.0193664458758296
A4,Amplifying Recurrent Waves,ARX,I,/home/kaahin/degree_project/hybrid-epidemic-forecasting/results/partA/forecasts/partA_03_forecast_A4_ARX_I.mat,308,309,12,320,0.996335497547414,1.02596433496294,0.0296288374155221,0.000877868006595444,0.0296288374155221,0.0211925138609197,0.0148144187077611,0.00657667857877146,0.0739752150876061,0,0,-0.7875,0.7875,0.0213360534014099
A4,Amplifying Recurrent Waves,ARX,I,/home/kaahin/degree_project/hybrid-epidemic-forecasting/results/partA/forecasts/partA_03_forecast_A4_ARX_I.mat,308,309,13,321,0.988434945616121,1.02252369547883,0.0340887498627055,0.0011620428672021,0.0340887498627055,0.0248629815225758,0.0170443749313527,0.00709230539480815,0.0877467365254303,0,0,-0.7875,0.7875,0.023095188563828
A4,Amplifying Recurrent Waves,ARX,I,/home/kaahin/degree_project/hybrid-epidemic-forecasting/results/partA/forecasts/partA_03_forecast_A4_ARX_I.mat,308,309,14,322,0.980938947025583,1.01985234067621,0.0389133936506301,0.0015142522054089,0.0389133936506301,0.0287907228408708,0.019456696825315,0.0075653553454438,0.10253620061316,0,0,-0.7875,0.7875,0.0249231712641657
A4,Amplifying Recurrent Waves,ARX,I,/home/kaahin/degree_project/hybrid-epidemic-forecasting/results/partA/forecasts/partA_03_forecast_A4_ARX_I.mat,315,316,1,316,1.03164271391496,1.03190248432736,0.000259770412393223,6.74806671549452e-08,0.000259770412393223,0.000110639657053774,0.000129885206196612,0.000231062751207878,0.000136930499337495,0,0.75,-0.0375,0.2125,0.000749565503039895
A4,Amplifying Recurrent Waves,ARX,I,/home/kaahin/degree_project/hybrid-epidemic-forecasting/results/partA/forecasts/partA_03_forecast_A4_ARX_I.mat,315,316,2,317,1.02230665372228,1.02312989819927,0.000823244476994667,6.77731468902222e-07,0.000823244476994667,0.000310394779810393,0.000411622238497333,0.000509502542584139,0.000475651728065296,0,0.5,-0.2875,0.3625,0.00166191258018117
A4,Amplifying Recurrent Waves,ARX,I,/home/kaahin/degree_project/hybrid-epidemic-forecasting/results/partA/forecasts/partA_03_forecast_A4_ARX_I.mat,315,316,3,318,1.01329204763781,1.01493799071051,0.0016459430727036,2.70912859858098e-06,0.0016459430727036,0.000696878898795991,0.000822971536351802,0.000834057589021431,0.00147892591920873,0,0.5,-0.2875,0.3625,0.00262669742994825
A4,Amplifying Recurrent Waves,ARX,I,/home/kaahin/degree_project/hybrid-epidemic-forecasting/results/partA/forecasts/partA_03_forecast_A4_ARX_I.mat,315,316,4,319,1.00462725900902,1.00727823545159,0.00265097644256995,7.02767609906084e-06,0.00265097644256995,0.00138127530648755,0.00132548822128498,0.00113430773518272,0.0037559429227263,0,0,-0.7875,0.7875,0.00361077918354441
A4,Amplifying Recurrent Waves,ARX,I,/home/kaahin/degree_project/hybrid-epidemic-forecasting/results/partA/forecasts/partA_03_forecast_A4_ARX_I.mat,315,316,5,320,0.996335497547414,1.00039760660377,0.00406210905635407,1.65007299857137e-05,0.00406210905635407,0.00238331154024991,0.00203105452817703,0.0014704867765514,0.00722336062639617,0,0,-0.7875,0.7875,0.00483078135630746
A4,Amplifying Recurrent Waves,ARX,I,/home/kaahin/degree_project/hybrid-epidemic-forecasting/results/partA/forecasts/partA_03_forecast_A4_ARX_I.mat,315,316,6,321,0.988434945616121,0.994254335099086,0.00581938948296468,3.38652939544399e-05,0.00581938948296468,0.00354605946009763,0.00290969474148234,0.00196110767326086,0.0110864651556961,0,0,-0.7875,0.7875,0.00643401851369085
A4,Amplifying Recurrent Waves,ARX,I,/home/kaahin/degree_project/hybrid-epidemic-forecasting/results/partA/forecasts/partA_03_forecast_A4_ARX_I.mat,315,316,7,322,0.980938947025583,0.988546792102202,0.00760784507661838,5.78793067098265e-05,0.00760784507661838,0.00481538957614249,0.00380392253830919,0.00239276299007281,0.0154725675642592,0,0,-0.7875,0.7875,0.00802780868899491
A4,Amplifying Recurrent Waves,ARX,I,/home/kaahin/degree_project/hybrid-epidemic-forecasting/results/partA/forecasts/partA_03_forecast_A4_ARX_I.mat,315,316,8,323,0.973856250129659,0.98334043640189,0.00948418627223113,8.99497892463775e-05,0.00948418627223113,0.00632975922906886,0.00474209313611557,0.00288091693950886,0.0208609064551855,0,0,-0.7875,0.7875,0.00966004536316134
A4,Amplifying Recurrent Waves,ARX,I,/home/kaahin/degree_project/hybrid-epidemic-forecasting/results/partA/forecasts/partA_03_forecast_A4_ARX_I.mat,315,316,9,324,0.967191296586129,0.979080623780068,0.0118893271939383,0.000141356101124521,0.0118893271939383,0.00810302094857112,0.00594466359696916,0.00322917041519072,0.0272897602564102,0,0,-0.7875,0.7875,0.0111700213691487
A4,Amplifying Recurrent Waves,ARX,I,/home/kaahin/degree_project/hybrid-epidemic-forecasting/results/partA/forecasts/partA_03_forecast_A4_ARX_I.mat,315,316,10,325,0.96094454694982,0.97574209436541,0.01479754741559,0.000218967409516635,0.01479754741559,0.0101280245705755,0.00739877370779501,0.00386325658817888,0.0343140802716156,0,0,-0.7875,0.7875,0.0130081191426805
A4,Amplifying Recurrent Waves,ARX,I,/home/kaahin/degree_project/hybrid-epidemic-forecasting/results/partA/forecasts/partA_03_forecast_A4_ARX_I.mat,315,316,11,326,0.955112834289369,0.972919460599786,0.0178066263104172,0.000317075940558841,0.0178066263104172,0.0124686617139332,0.00890331315520859,0.0044667624287117,0.042738902128779,0,0,-0.7875,0.7875,0.0148077901799839
A4,Amplifying Recurrent Waves,ARX,I,/home/kaahin/degree_project/hybrid-epidemic-forecasting/results/partA/forecasts/partA_03_forecast_A4_ARX_I.mat,315,316,12,327,0.949689737240678,0.971153144434306,0.0214634071936285,0.000460677848359503,0.0214634071936285,0.0151919043673191,0.0107317035968142,0.00473138092306635,0.0529004851330552,0,0,-0.7875,0.7875,0.0160623061452088
A4,Amplifying Recurrent Waves,ARX,I,/home/kaahin/degree_project/hybrid-epidemic-forecasting/results/partA/forecasts/partA_03_forecast_A4_ARX_I.mat,315,316,13,328,0.944665964307884,0.970005998692888,0.0253400343850041,0.00064211734263319,0.0253400343850041,0.0181730864569285,0.012670017192502,0.00518171405772827,0.063927157805948,0,0,-0.7875,0.7875,0.0177354363387024
A4,Amplifying Recurrent Waves,ARX,I,/home/kaahin/degree_project/hybrid-epidemic-forecasting/results/partA/forecasts/partA_03_forecast_A4_ARX_I.mat,315,316,14,329,0.940029741770132,0.969710925259925,0.0296811834897928,0.000880972653354746,0.0296811834897928,0.0215231058091178,0.0148405917448964,0.00563089791157273,0.0763824864845611,0,0,-0.7875,0.7875,0.0194608606576321
A4,Amplifying Recurrent Waves,ARX,I,/home/kaahin/degree_project/hybrid-epidemic-forecasting/results/partA/forecasts/partA_03_forecast_A4_ARX_I.mat,322,323,1,323,0.973856250129659,0.974070770802362,0.000214520672703444,4.60191190171383e-08,0.000214520672703444,9.41267055846024e-05,0.000107260336351722,0.000266023230277063,5.0286608501926e-05,0,0.75,-0.0375,0.2125,0.00077783883046556
A4,Amplifying Recurrent Waves,ARX,I,/home/kaahin/degree_project/hybrid-epidemic-forecasting/results/partA/forecasts/partA_03_forecast_A4_ARX_I.mat,322,323,2,324,0.967191296586129,0.968001678845644,0.000810382259515019,6.56719406536668e-07,0.000810382259515019,0.000296983803736418,0.000405191129757509,0.000561032502301678,0.000370203484754694,0,0.75,-0.0375,0.2125,0.00183390328587715
A4,Amplifying Recurrent Waves,ARX,I,/home/kaahin/degree_project/hybrid-epidemic-forecasting/results/partA/forecasts/partA_03_forecast_A4_ARX_I.mat,322,323,3,325,0.96094454694982,0.962611009398303,0.00166646244848268,2.77709709220287e-06,0.00166646244848268,0.000667542034503003,0.000833231224241338,0.000894125270696577,0.0012765826603256,0,0.5,-0.2875,0.3625,0.00291114188520497
A4,Amplifying Recurrent Waves,ARX,I,/home/kaahin/degree_project/hybrid-epidemic-forecasting/results/partA/forecasts/partA_03_forecast_A4_ARX_I.mat,322,323,4,326,0.955112834289369,0.958027176723212,0.00291434243384314,8.49339182169877e-06,0.00291434243384314,0.0011672471978743,0.00145717121692157,0.00130679740190916,0.00248864377160363,0,0.5,-0.2875,0.3625,0.00435281848182015
A4,Amplifying Recurrent Waves,ARX,I,/home/kaahin/degree_project/hybrid-epidemic-forecasting/results/partA/forecasts/partA_03_forecast_A4_ARX_I.mat,322,323,5,327,0.949689737240678,0.954189153658984,0.00449941641830665,2.02447481053274e-05,0.00449941641830665,0.00179910363970377,0.00224970820915332,0.00181062757419365,0.00403563059531997,0,0.25,-0.5375,0.5625,0.00608324729896093
A4,Amplifying Recurrent Waves,ARX,I,/home/kaahin/degree_project/hybrid-epidemic-forecasting/results/partA/forecasts/partA_03_forecast_A4_ARX_I.mat,322,323,6,328,0.944665964307884,0.95112159829172,0.00645563398383631,4.16752101332622e-05,0.00645563398383631,0.00272641272316189,0.00322781699191815,0.00234081527730871,0.00670022498500167,0,0.25,-0.5375,0.5625,0.0077521397712898
A4,Amplifying Recurrent Waves,ARX,I,/home/kaahin/degree_project/hybrid-epidemic-forecasting/results/partA/forecasts/partA_03_forecast_A4_ARX_I.mat,322,323,7,329,0.940029741770132,0.948634661376789,0.00860491960665655,7.40446414370223e-05,0.00860491960665655,0.00402544943568339,0.00430245980332827,0.00290219724038962,0.0109098654168573,0,0,-0.7875,0.7875,0.00942008022935656
A4,Amplifying Recurrent Waves,ARX,I,/home/kaahin/degree_project/hybrid-epidemic-forecasting/results/partA/forecasts/partA_03_forecast_A4_ARX_I.mat,322,323,8,330,0.935767198221355,0.94720283848831,0.0114356402669549,0.0001307738683152,0.0114356402669549,0.00570782705821965,0.00571782013347744,0.00356433928261483,0.0164030623458962,0,0,-0.7875,0.7875,0.0113154886911685
A4,Amplifying Recurrent Waves,ARX,I,/home/kaahin/degree_project/hybrid-epidemic-forecasting/results/partA/forecasts/partA_03_forecast_A4_ARX_I.mat,322,323,9,331,0.931862739531889,0.946488062105211,0.0146253225733215,0.000213900060373707,0.0146253225733215,0.00785993610619012,0.00731266128666075,0.0041227452536075,0.0239343059375873,0,0,-0.7875,0.7875,0.0131780503044976
A4,Amplifying Recurrent Waves,ARX,I,/home/kaahin/degree_project/hybrid-epidemic-forecasting/results/partA/forecasts/partA_03_forecast_A4_ARX_I.mat,322,323,10,332,0.928299408846375,0.945902596683323,0.0176031878369483,0.000309872222022883,0.0176031878369483,0.0102299529826205,0.00880159391847413,0.00476344134438556,0.0324697531589326,0,0,-0.7875,0.7875,0.0152101623457457
A4,Amplifying Recurrent Waves,ARX,I,/home/kaahin/degree_project/hybrid-epidemic-forecasting/results/partA/forecasts/partA_03_forecast_A4_ARX_I.mat,322,323,11,333,0.925059227094433,0.946105406874227,0.0210461797797933,0.00044294168332338,0.0210461797797933,0.0127986333380107,0.0105230898898966,0.00545051814987168,0.0416202419812799,0,0,-0.7875,0.7875,0.0175016041711234
A4,Amplifying Recurrent Waves,ARX,I,/home/kaahin/degree_project/hybrid-epidemic-forecasting/results/partA/forecasts/partA_03_forecast_A4_ARX_I.mat,322,323,12,334,0.922123510363353,0.947127686349764,0.0250041759864107,0.000625208816759397,0.0250041759864107,0.0158020813029596,0.0125020879932053,0.0061961648576646,0.0524111130124483,0,0,-0.7875,0.7875,0.0199982159579192
A4,Amplifying Recurrent Waves,ARX,I,/home/kaahin/degree_project/hybrid-epidemic-forecasting/results/partA/forecasts/partA_03_forecast_A4_ARX_I.mat,322,323,13,335,0.919473161342081,0.949398489674468,0.0299253283323871,0.000895525275801173,0.0299253283323871,0.0192978372657091,0.0149626641661936,0.00703294857520717,0.0648446549542901,0,0,-0.7875,0.7875,0.0224653765100508
A4,Amplifying Recurrent Waves,ARX,I,/home/kaahin/degree_project/hybrid-epidemic-forecasting/results/partA/forecasts/partA_03_forecast_A4_ARX_I.mat,322,323,14,336,0.917088932872826,0.952223621888916,0.03513468901609,0.00123444637225735,0.03513468901609,0.0233729576184151,0.017567344508045,0.0078199255833278,0.0797910391914953,0,0,-0.7875,0.7875,0.0249021501754532
A4,Amplifying Recurrent Waves,ARX,I,/home/kaahin/degree_project/hybrid-epidemic-forecasting/results/partA/forecasts/partA_03_forecast_A4_ARX_I.mat,329,330,1,330,0.935767198221355,0.936056595630648,0.000289397409292569,8.37508605052506e-08,0.000289397409292569,0.000113104964317917,0.000144698704646284,0.000205047619297441,0.000159226015486902,0,0.75,-0.0375,0.2125,0.000698363230559718
A4,Amplifying Recurrent Waves,ARX,I,/home/kaahin/degree_project/hybrid-epidemic-forecasting/results/partA/forecasts/partA_03_forecast_A4_ARX_I.mat,329,330,2,331,0.931862739531889,0.932790069317067,0.000927329785178177,8.59940530478604e-07,0.000927329785178177,0.000387529797570082,0.000463664892589088,0.000564564785931282,0.000715654410544997,0,0.5,-0.2875,0.3625,0.00178722463041578
A4,Amplifying Recurrent Waves,ARX,I,/home/kaahin/degree_project/hybrid-epidemic-forecasting/results/partA/forecasts/partA_03_forecast_A4_ARX_I.mat,329,330,3,332,0.928299408846375,0.930310900227485,0.00201149138111012,4.0460975762803e-06,0.00201149138111012,0.000864424210788899,0.00100574569055506,0.000978463481065314,0.00190569977692967,0,0.25,-0.5375,0.5625,0.00304722900058046
A4,Amplifying Recurrent Waves,ARX,I,/home/kaahin/degree_project/hybrid-epidemic-forecasting/results/partA/forecasts/partA_03_forecast_A4_ARX_I.mat,329,330,4,333,0.925059227094433,0.928623847310939,0.0035646202165055,1.27065172879197e-05,0.0035646202165055,0.00170148831585592,0.00178231010825275,0.00136892671539338,0.00450546059770551,0,0,-0.7875,0.7875,0.0043370704561142
A4,Amplifying Recurrent Waves,ARX,I,/home/kaahin/degree_project/hybrid-epidemic-forecasting/results/partA/forecasts/partA_03_forecast_A4_ARX_I.mat,329,330,5,334,0.922123510363353,0.927519891578925,0.00539638121557151,2.91209302237731e-05,0.00539638121557151,0.00299623787967245,0.00269819060778576,0.00179673546306788,0.00898814438767237,0,0,-0.7875,0.7875,0.00578829812982984
A4,Amplifying Recurrent Waves,ARX,I,/home/kaahin/degree_project/hybrid-epidemic-forecasting/results/partA/forecasts/partA_03_forecast_A4_ARX_I.mat,329,330,6,335,0.919473161342081,0.926980294377547,0.00750713303546602,5.63570464121852e-05,0.00750713303546602,0.00453284548118931,0.00375356651773301,0.00231598585944008,0.0143282522881788,0,0,-0.7875,0.7875,0.00738546089778966
A4,Amplifying Recurrent Waves,ARX,I,/home/kaahin/degree_project/hybrid-epidemic-forecasting/results/partA/forecasts/partA_03_forecast_A4_ARX_I.mat,329,330,7,336,0.917088932872826,0.927178538688142,0.0100896058153156,0.00010180014550845,0.0100896058153156,0.0066260529225849,0.0050448029076578,0.00288294143853147,0.0218894938054428,0,0,-0.7875,0.7875,0.00906955063476914
A4,Amplifying Recurrent Waves,ARX,I,/home/kaahin/degree_project/hybrid-epidemic-forecasting/results/partA/forecasts/partA_03_forecast_A4_ARX_I.mat,329,330,8,337,0.914951662423273,0.928077267836056,0.0131256054127827,0.000172281517452071,0.0131256054127827,0.00917871347139544,0.00656280270639137,0.0034209198345898,0.0313204880802983,0,0,-0.7875,0.7875,0.0106512285911926
A4,Amplifying Recurrent Waves,ARX,I,/home/kaahin/degree_project/hybrid-epidemic-forecasting/results/partA/forecasts/partA_03_forecast_A4_ARX_I.mat,329,330,9,338,0.913042477004955,0.92986289841061,0.0168204214056558,0.000282926576263843,0.0168204214056558,0.0122765595273599,0.00841021070282788,0.00389747614215703,0.0429368310281347,0,0,-0.7875,0.7875,0.01227862941097
A4,Amplifying Recurrent Waves,ARX,I,/home/kaahin/degree_project/hybrid-epidemic-forecasting/results/partA/forecasts/partA_03_forecast_A4_ARX_I.mat,329,330,10,339,0.911342968701348,0.932535962140543,0.021192993439195,0.000449142970913763,0.021192993439195,0.0157464675399198,0.0105964967195975,0.00443339782095189,0.0558292093890899,0,0,-0.7875,0.7875,0.0140009858149708
A4,Amplifying Recurrent Waves,ARX,I,/home/kaahin/degree_project/hybrid-epidemic-forecasting/results/partA/forecasts/partA_03_forecast_A4_ARX_I.mat,329,330,11,340,0.909835341525607,0.935489990382288,0.0256546488566813,0.000658161007959621,0.0256546488566813,0.0196871822721355,0.0128273244283407,0.00514932105558196,0.0706156747406873,0,0,-0.7875,0.7875,0.0161037370710845
A4,Amplifying Recurrent Waves,ARX,I,/home/kaahin/degree_project/hybrid-epidemic-forecasting/results/partA/forecasts/partA_03_forecast_A4_ARX_I.mat,329,330,12,341,0.908502530798608,0.939131981293475,0.0306294504948671,0.000938163237617514,0.0306294504948671,0.0239789589267818,0.0153147252474335,0.00593480264221148,0.0866557872808731,0,0,-0.7875,0.7875,0.0184377123144675
A4,Amplifying Recurrent Waves,ARX,I,/home/kaahin/degree_project/hybrid-epidemic-forecasting/results/partA/forecasts/partA_03_forecast_A4_ARX_I.mat,329,330,13,342,0.907328296622161,0.943558986051058,0.0362306894288978,0.00131266285649325,0.0362306894288978,0.0286962620841177,0.0181153447144489,0.00656875903447705,0.104449075629604,0,0,-0.7875,0.7875,0.020703042440255
A4,Amplifying Recurrent Waves,ARX,I,/home/kaahin/degree_project/hybrid-epidemic-forecasting/results/partA/forecasts/partA_03_forecast_A4_ARX_I.mat,329,330,14,343,0.906297293321228,0.94880030338594,0.0425030100647126,0.00180650586456106,0.0425030100647126,0.0339718189101142,0.0212515050323563,0.00708968839795269,0.124531991665205,0,0,-0.7875,0.7875,0.0228772847928078
A4,Amplifying Recurrent Waves,ARX,I,/home/kaahin/degree_project/hybrid-epidemic-forecasting/results/partA/forecasts/partA_03_forecast_A4_ARX_I.mat,336,337,1,337,0.914951662423273,0.915344401856475,0.000392739433201728,1.54244262391614e-07,0.000392739433201728,0.000186141665149258,0.000196369716600864,0.000215720313848078,0.00042554746272272,0,0.25,-0.5375,0.5625,0.000661444349567525
A4,Amplifying Recurrent Waves,ARX,I,/home/kaahin/degree_project/hybrid-epidemic-forecasting/results/partA/forecasts/partA_03_forecast_A4_ARX_I.mat,336,337,2,338,0.913042477004955,0.914232740951939,0.00119026394698429,1.41672826349063e-06,0.00119026394698429,0.00067255769577348,0.000595131973492147,0.000489547919986058,0.00194182973750245,0,0.25,-0.5375,0.5625,0.00161438297887476
A4,Amplifying Recurrent Waves,ARX,I,/home/kaahin/degree_project/hybrid-epidemic-forecasting/results/partA/forecasts/partA_03_forecast_A4_ARX_I.mat,336,337,3,339,0.911342968701348,0.913805539246057,0.00246257054470889,6.06425368766782e-06,0.00246257054470889,0.00149091413239939,0.00123128527235444,0.000848313886806867,0.00462951443663595,0,0,-0.7875,0.7875,0.0027808727657809
A4,Amplifying Recurrent Waves,ARX,I,/home/kaahin/degree_project/hybrid-epidemic-forecasting/results/partA/forecasts/partA_03_forecast_A4_ARX_I.mat,336,337,4,340,0.909835341525607,0.914180491999199,0.00434515047359185,1.88803326381555e-05,0.00434515047359185,0.00284695319101838,0.00217257523679593,0.00126997749294185,0.00936873662984494,0,0,-0.7875,0.7875,0.00409142492229922
A4,Amplifying Recurrent Waves,ARX,I,/home/kaahin/degree_project/hybrid-epidemic-forecasting/results/partA/forecasts/partA_03_forecast_A4_ARX_I.mat,336,337,5,341,0.908502530798608,0.915308413656588,0.00680588285798012,4.63200414765476e-05,0.00680588285798012,0.00468471938501269,0.00340294142899006,0.00174521074437951,0.0159330850591876,0,0,-0.7875,0.7875,0.00558426381773561
A4,Amplifying Recurrent Waves,ARX,I,/home/kaahin/degree_project/hybrid-epidemic-forecasting/results/partA/forecasts/partA_03_forecast_A4_ARX_I.mat,336,337,6,342,0.907328296622161,0.916893686513687,0.009565389891526,9.14966837769078e-05,0.009565389891526,0.00710322526473341,0.004782694945763,0.00224138000250836,0.024940438743029,0,0,-0.7875,0.7875,0.00699962569279175
A4,Amplifying Recurrent Waves,ARX,I,/home/kaahin/degree_project/hybrid-epidemic-forecasting/results/partA/forecasts/partA_03_forecast_A4_ARX_I.mat,336,337,7,343,0.906297293321228,0.919230263501929,0.0129329701807012,0.000167261717694905,0.0129329701807012,0.00987029644285634,0.00646648509035058,0.00277295153919506,0.0351768973633079,0,0,-0.7875,0.7875,0.00872397591021415
A4,Amplifying Recurrent Waves,ARX,I,/home/kaahin/degree_project/hybrid-epidemic-forecasting/results/partA/forecasts/partA_03_forecast_A4_ARX_I.mat,336,337,8,344,0.90539511694659,0.922164733539165,0.0167696165925751,0.000281220040661972,0.0167696165925751,0.0130798249864846,0.00838480829628757,0.00335137894728889,0.0471230251956043,0,0,-0.7875,0.7875,0.0106091358178651
A4,Amplifying Recurrent Waves,ARX,I,/home/kaahin/degree_project/hybrid-epidemic-forecasting/results/partA/forecasts/partA_03_forecast_A4_ARX_I.mat,336,337,9,345,0.904608333070967,0.925522857781053,0.0209145247100861,0.000437417343848804,0.0209145247100861,0.0167453096229389,0.0104572623550431,0.00385246060876171,0.0610441703394201,0,0,-0.7875,0.7875,0.0125542934735014
A4,Amplifying Recurrent Waves,ARX,I,/home/kaahin/degree_project/hybrid-epidemic-forecasting/results/partA/forecasts/partA_03_forecast_A4_ARX_I.mat,336,337,10,346,0.903924487184033,0.929743892133092,0.025819404949059,0.000666641671923492,0.025819404949059,0.0207424062859042,0.0129097024745295,0.00450467805667985,0.0759264477553595,0,0,-0.7875,0.7875,0.0148928076905751
A4,Amplifying Recurrent Waves,ARX,I,/home/kaahin/degree_project/hybrid-epidemic-forecasting/results/partA/forecasts/partA_03_forecast_A4_ARX_I.mat,336,337,11,347,0.90333210000287,0.934237065832892,0.0309049658300226,0.000955116912954862,0.0309049658300226,0.0252800538642813,0.0154524829150113,0.00549416433852255,0.0928135951357318,0,0,-0.7875,0.7875,0.0176883191191307
A4,Amplifying Recurrent Waves,ARX,I,/home/kaahin/degree_project/hybrid-epidemic-forecasting/results/partA/forecasts/partA_03_forecast_A4_ARX_I.mat,336,337,12,348,0.902820649972514,0.939407433692067,0.0365867837195527,0.00133859274294133,0.0365867837195527,0.0303416252151191,0.0182933918597764,0.00623179119208373,0.112012130416176,0,0,-0.7875,0.7875,0.020305758074711
A4,Amplifying Recurrent Waves,ARX,I,/home/kaahin/degree_project/hybrid-epidemic-forecasting/results/partA/forecasts/partA_03_forecast_A4_ARX_I.mat,336,337,13,349,0.902380545145219,0.945447090674623,0.0430665455294045,0.00185472734383627,0.0430665455294045,0.0358929830849571,0.0215332727647022,0.00682749299253427,0.13315765812507,0,0,-0.7875,0.7875,0.022864423903413
A4,Amplifying Recurrent Waves,ARX,I,/home/kaahin/degree_project/hybrid-epidemic-forecasting/results/partA/forecasts/partA_03_forecast_A4_ARX_I.mat,336,337,14,350,0.902003086505286,0.951878256954235,0.0498751704489492,0.00248753262731173,0.0498751704489492,0.041938080635144,0.0249375852244746,0.00771572274352742,0.156068054890146,0,0,-0.7875,0.7875,0.0256365473866096
A4,Amplifying Recurrent Waves,ARX,I,/home/kaahin/degree_project/hybrid-epidemic-forecasting/results/partA/forecasts/partA_03_forecast_A4_ARX_I.mat,343,344,1,344,0.90539511694659,0.905734657094142,0.000339540147551554,1.15287511799331e-07,0.000339540147551554,0.000167827160577866,0.000169770073775777,0.000231800748353675,0.000353651400470945,0,0,-0.7875,0.7875,0.000718756514257818
A4,Amplifying Recurrent Waves,ARX,I,/home/kaahin/degree_project/hybrid-epidemic-forecasting/results/partA/forecasts/partA_03_forecast_A4_ARX_I.mat,343,344,2,345,0.904608333070967,0.905855986799786,0.00124765372881896,1.55663982703587e-06,0.00124765372881896,0.000766215272936388,0.000623826864409482,0.000506694309668054,0.00231744755413621,0,0,-0.7875,0.7875,0.00154275831947495
A4,Amplifying Recurrent Waves,ARX,I,/home/kaahin/degree_project/hybrid-epidemic-forecasting/results/partA/forecasts/partA_03_forecast_A4_ARX_I.mat,343,344,3,346,0.903924487184033,0.906494125072958,0.00256963788892461,6.60303888019695e-06,0.00256963788892461,0.00173164418363671,0.00128481894446231,0.000838408953148612,0.0056691709287543,0,0,-0.7875,0.7875,0.00260582354714128
A4,Amplifying Recurrent Waves,ARX,I,/home/kaahin/degree_project/hybrid-epidemic-forecasting/results/partA/forecasts/partA_03_forecast_A4_ARX_I.mat,343,344,4,347,0.90333210000287,0.907806541814117,0.00447444181124745,2.00206295222394e-05,0.00447444181124745,0.00318033916078732,0.00223722090562373,0.00121141065714537,0.0108628946607738,0,0,-0.7875,0.7875,0.00383164135975039
A4,Amplifying Recurrent Waves,ARX,I,/home/kaahin/degree_project/hybrid-epidemic-forecasting/results/partA/forecasts/partA_03_forecast_A4_ARX_I.mat,343,344,5,348,0.902820649972514,0.909842277987769,0.00702162801525519,4.93032599846165e-05,0.00702162801525519,0.00518069717904964,0.00351081400762759,0.00164014812804976,0.018162175170046,0,0,-0.7875,0.7875,0.00521634200149784
A4,Amplifying Recurrent Waves,ARX,I,/home/kaahin/degree_project/hybrid-epidemic-forecasting/results/partA/forecasts/partA_03_forecast_A4_ARX_I.mat,343,344,6,349,0.902380545145219,0.912467411008586,0.0100868658633668,0.000101744862945555,0.0100868658633668,0.00780891573840722,0.00504343293168341,0.00208808652959485,0.0280086013615543,0,0,-0.7875,0.7875,0.00659486338939438
A4,Amplifying Recurrent Waves,ARX,I,/home/kaahin/degree_project/hybrid-epidemic-forecasting/results/partA/forecasts/partA_03_forecast_A4_ARX_I.mat,343,344,7,350,0.902003086505286,0.915277236681156,0.0132741501758696,0.00017620306289154,0.0132741501758696,0.0108442404633918,0.00663707508793482,0.00261734449180303,0.0395446625055255,0,0,-0.7875,0.7875,0.00814609284278806
A4,Amplifying Recurrent Waves,ARX,I,/home/kaahin/degree_project/hybrid-epidemic-forecasting/results/partA/forecasts/partA_03_forecast_A4_ARX_I.mat,343,344,8,351,0.901680424657376,0.918674492976062,0.0169940683186863,0.000288798358020178,0.0169940683186863,0.0143377616539926,0.00849703415934316,0.00315688263307827,0.0528660106505452,0,0,-0.7875,0.7875,0.00973338474172056
A4,Amplifying Recurrent Waves,ARX,I,/home/kaahin/degree_project/hybrid-epidemic-forecasting/results/partA/forecasts/partA_03_forecast_A4_ARX_I.mat,343,344,9,352,0.901405511627779,0.922713194441511,0.0213076828137319,0.000454017346890604,0.0213076828137319,0.0181881686842133,0.0106538414068659,0.00366731792635306,0.0675255997457408,0,0,-0.7875,0.7875,0.0115583744855694
A4,Amplifying Recurrent Waves,ARX,I,/home/kaahin/degree_project/hybrid-epidemic-forecasting/results/partA/forecasts/partA_03_forecast_A4_ARX_I.mat,343,344,10,353,0.901172049347445,0.927195016309781,0.0260229669623359,0.000677194809522824,0.0260229669623359,0.0222521166826346,0.0130114834811679,0.00444764793815869,0.0826753936525292,0,0,-0.7875,0.7875,0.0136181625685417
A4,Amplifying Recurrent Waves,ARX,I,/home/kaahin/degree_project/hybrid-epidemic-forecasting/results/partA/forecasts/partA_03_forecast_A4_ARX_I.mat,343,344,11,354,0.900974436199026,0.932319808692982,0.0313453724939561,0.000982532376784858,0.0313453724939561,0.0269180301427108,0.015672686246978,0.00524640037336682,0.100212049021854,0,0,-0.7875,0.7875,0.0156064190487921
A4,Amplifying Recurrent Waves,ARX,I,/home/kaahin/degree_project/hybrid-epidemic-forecasting/results/partA/forecasts/partA_03_forecast_A4_ARX_I.mat,343,344,12,355,0.900807712823289,0.937921614352459,0.0371139015291694,0.00137744168671688,0.0371139015291694,0.0321295046822827,0.0185569507645847,0.00601386532300923,0.120011954982678,0,0,-0.7875,0.7875,0.0176714179983633
A4,Amplifying Recurrent Waves,ARX,I,/home/kaahin/degree_project/hybrid-epidemic-forecasting/results/partA/forecasts/partA_03_forecast_A4_ARX_I.mat,343,344,13,356,0.900667508197734,0.943926268845253,0.0432587606475188,0.00187132037275932,0.0432587606475188,0.03774220059769,0.0216293803237594,0.00668308440896096,0.141527437956885,0,0,-0.7875,0.7875,0.0198535188624673
A4,Amplifying Recurrent Waves,ARX,I,/home/kaahin/degree_project/hybrid-epidemic-forecasting/results/partA/forecasts/partA_03_forecast_A4_ARX_I.mat,343,344,14,357,0.900549986825775,0.950367736366571,0.0498177495407958,0.00248180816930946,0.0498177495407958,0.0438926921286256,0.0249088747703979,0.00732545493763835,0.165282784870779,0,0,-0.7875,0.7875,0.0220420165533146
A4,Amplifying Recurrent Waves,ARX,I,/home/kaahin/degree_project/hybrid-epidemic-forecasting/results/partA/forecasts/partA_03_forecast_A4_ARX_I.mat,350,351,1,351,0.901680424657376,0.902119156564195,0.000438731906819423,1.92485686061407e-07,0.000438731906819423,0.000209432908789813,0.000219365953409711,0.000256699718985873,0.000466382417158573,0,0.25,-0.5375,0.5625,0.000756142085822753
A4,Amplifying Recurrent Waves,ARX,I,/home/kaahin/degree_project/hybrid-epidemic-forecasting/results/partA/forecasts/partA_03_forecast_A4_ARX_I.mat,350,351,2,352,0.901405511627779,0.90294381614156,0.0015383045137809,2.36638077711868e-06,0.0015383045137809,0.000865510528756462,0.000769152256890449,0.000531787315724627,0.002593857806789,0,0,-0.7875,0.7875,0.00169002157749215
A4,Amplifying Recurrent Waves,ARX,I,/home/kaahin/degree_project/hybrid-epidemic-forecasting/results/partA/forecasts/partA_03_forecast_A4_ARX_I.mat,350,351,3,353,0.901172049347445,0.904196294220415,0.00302424487296982,9.14605705168422e-06,0.00302424487296982,0.00196062020680842,0.00151212243648491,0.000851216893600035,0.00645945160055295,0,0,-0.7875,0.7875,0.0028068042736161
A4,Amplifying Recurrent Waves,ARX,I,/home/kaahin/degree_project/hybrid-epidemic-forecasting/results/partA/forecasts/partA_03_forecast_A4_ARX_I.mat,350,351,4,354,0.900974436199026,0.905892579473533,0.00491814327450735,2.41881332685819e-05,0.00491814327450735,0.00347699534813003,0.00245907163725367,0.00128436835531746,0.011903039074014,0,0,-0.7875,0.7875,0.00411122712654291
A4,Amplifying Recurrent Waves,ARX,I,/home/kaahin/degree_project/hybrid-epidemic-forecasting/results/partA/forecasts/partA_03_forecast_A4_ARX_I.mat,350,351,5,355,0.900807712823289,0.908022782001616,0.00721506917832693,5.20572232480432e-05,0.00721506917832693,0.00539872878984226,0.00360753458916346,0.00180904958691211,0.0188776953782146,0,0,-0.7875,0.7875,0.00561907979366344
A4,Amplifying Recurrent Waves,ARX,I,/home/kaahin/degree_project/hybrid-epidemic-forecasting/results/partA/forecasts/partA_03_forecast_A4_ARX_I.mat,350,351,6,356,0.900667508197734,0.910710165949079,0.0100426577513442,0.000100854974710633,0.0100426577513442,0.00772951555481151,0.00502132887567208,0.00236728636321206,0.0273942047577677,0,0,-0.7875,0.7875,0.00730196001282962
A4,Amplifying Recurrent Waves,ARX,I,/home/kaahin/degree_project/hybrid-epidemic-forecasting/results/partA/forecasts/partA_03_forecast_A4_ARX_I.mat,350,351,7,357,0.900549986825775,0.914142898922723,0.0135929120969479,0.000184767259275353,0.0135929120969479,0.0106266145772304,0.00679645604847395,0.00295395973790682,0.0380693498111561,0,0,-0.7875,0.7875,0.00892526384718323
A4,Amplifying Recurrent Waves,ARX,I,/home/kaahin/degree_project/hybrid-epidemic-forecasting/results/partA/forecasts/partA_03_forecast_A4_ARX_I.mat,350,351,8,358,0.900451797711482,0.917704186529785,0.0172523888183024,0.000297644919937885,0.0172523888183024,0.0138459455054118,0.00862619440915119,0.00345837254136815,0.0502221878238339,0,0,-0.7875,0.7875,0.0107250972770177
A4,Amplifying Recurrent Waves,ARX,I,/home/kaahin/degree_project/hybrid-epidemic-forecasting/results/partA/forecasts/partA_03_forecast_A4_ARX_I.mat,350,351,9,359,0.900370025644648,0.922042051404676,0.0216720257600278,0.000469676700543309,0.0216720257600278,0.0172940163673799,0.0108360128800139,0.00418871344703113,0.0627983473261644,0,0,-0.7875,0.7875,0.0131628159449958
A4,Amplifying Recurrent Waves,ARX,I,/home/kaahin/degree_project/hybrid-epidemic-forecasting/results/partA/forecasts/partA_03_forecast_A4_ARX_I.mat,350,351,10,360,0.900302145185345,0.926706174654147,0.0264040294688014,0.000697172772189332,0.0264040294688014,0.0213398270605676,0.0132020147344007,0.00483644142142217,0.0779907656167311,0,0,-0.7875,0.7875,0.0154402429054654
A4,Amplifying Recurrent Waves,ARX,I,/home/kaahin/degree_project/hybrid-epidemic-forecasting/results/partA/forecasts/partA_03_forecast_A4_ARX_I.mat,350,351,11,361,0.900245977616876,0.931782747136972,0.0315367695200955,0.000994567831763627,0.0315367695200955,0.0256069592139475,0.0157683847600478,0.00539838062811507,0.094064551074601,0,0,-0.7875,0.7875,0.0177248847121592
A4,Amplifying Recurrent Waves,ARX,I,/home/kaahin/degree_project/hybrid-epidemic-forecasting/results/partA/forecasts/partA_03_forecast_A4_ARX_I.mat,350,351,12,362,0.900199651031386,0.937281592211108,0.0370819411797221,0.00137507036165637,0.0370819411797221,0.0304246142908747,0.018540970589861,0.00611454744720008,0.112255246271875,0,0,-0.7875,0.7875,0.0199942119223847
A4,Amplifying Recurrent Waves,ARX,I,/home/kaahin/degree_project/hybrid-epidemic-forecasting/results/partA/forecasts/partA_03_forecast_A4_ARX_I.mat,350,351,13,363,0.900161563623067,0.943491736061664,0.0433301724385974,0.00187750384355858,0.0433301724385974,0.0358269067641174,0.0216650862192987,0.00667374111807135,0.132882253101158,0,0,-0.7875,0.7875,0.0220170151772616
A4,Amplifying Recurrent Waves,ARX,I,/home/kaahin/degree_project/hybrid-epidemic-forecasting/results/partA/forecasts/partA_03_forecast_A4_ARX_I.mat,350,351,14,364,0.900130350189347,0.949991929270028,0.0498615790806802,0.00248617706841893,0.0498615790806802,0.0415839348370488,0.0249307895403401,0.00731935965410719,0.154877557572272,0,0,-0.7875,0.7875,0.0240342668201996
