CaseID,CaseName,TruthModel,Solver,StructuralMismatch,ObservationNoise,ProcessNoise,ReplicateID,Scenario,ScenarioName,Model,ExoMode,ForecastArtifact,ResultSource,WindowDay,WindowDayIdx,WindowWIS,WindowRawScaleWIS,WindowRMSE,WindowMAE,MeanWISMedianComponent,MeanWISDispersionComponent,MeanWISUnderpredictionComponent,MeanWISOverpredictionComponent,MeanCoverage,MeanCalibrationBias,MeanAbsoluteCalibrationError,MeanIntervalWidth,IsValid,IntervalMethod,IntervalStatus,RecordedStatus,AICC
combined_stress,SEIR with observation and process noise,SEIR,ssa,1,1,1,1,A1,Seasonal Forcing,ARX,I,/home/kaahin/degree_project/hybrid-epidemic-forecasting/results/partB/combined_stress/forecasts/partB_combined_stress_forecast_A1_rep001_ARX_I.mat,forecast_results,49,50,0.197418020316694,0.197418020316694,0.422527745110651,0.348103085204645,0.0386781205782939,0.0355834871594423,0.123156412578958,0,0.321428571428571,-0.466071428571429,0.532142857142857,0.516473672101838,1,closed_loop_monte_carlo,ok,ok,-90.2990925787711
combined_stress,SEIR with observation and process noise,SEIR,ssa,1,1,1,1,A1,Seasonal Forcing,ARX,I,/home/kaahin/degree_project/hybrid-epidemic-forecasting/results/partB/combined_stress/forecasts/partB_combined_stress_forecast_A1_rep001_ARX_I.mat,forecast_results,56,57,0.147245997084874,0.147245997084874,0.298275156194797,0.28466473202953,0.0316294146699477,0.0216239322233584,0,0.0939926501915682,0.178571428571429,-0.608928571428571,0.635714285714286,0.324551784099177,1,closed_loop_monte_carlo,ok,ok,-109.408861016859
combined_stress,SEIR with observation and process noise,SEIR,ssa,1,1,1,1,A1,Seasonal Forcing,ARX,I,/home/kaahin/degree_project/hybrid-epidemic-forecasting/results/partB/combined_stress/forecasts/partB_combined_stress_forecast_A1_rep001_ARX_I.mat,forecast_results,63,64,0.0299276808835633,0.0299276808835633,0.0438727128433677,0.0398077790392862,0.00442308655992069,0.0255045943236426,0,0,1,0.2125,0.2125,0.381796614687144,1,closed_loop_monte_carlo,ok,ok,-123.284759257176
combined_stress,SEIR with observation and process noise,SEIR,ssa,1,1,1,1,A1,Seasonal Forcing,ARX,I,/home/kaahin/degree_project/hybrid-epidemic-forecasting/results/partB/combined_stress/forecasts/partB_combined_stress_forecast_A1_rep001_ARX_I.mat,forecast_results,70,71,0.0262453751392112,0.0262453751392112,0.0334313975883918,0.0307532357029028,0.00341702618921142,0.0228283489499998,0,0,1,0.2125,0.2125,0.349447032242128,1,closed_loop_monte_carlo,ok,ok,-137.84609691526
combined_stress,SEIR with observation and process noise,SEIR,ssa,1,1,1,1,A1,Seasonal Forcing,ARX,I,/home/kaahin/degree_project/hybrid-epidemic-forecasting/results/partB/combined_stress/forecasts/partB_combined_stress_forecast_A1_rep001_ARX_I.mat,forecast_results,77,78,0.0515089033258582,0.0515089033258582,0.140615603756397,0.136548252089998,0.0151720280099997,0.0274432566446554,0.00889361867120305,0,0.732142857142857,-0.0553571428571429,0.233928571428571,0.404431686566586,1,closed_loop_monte_carlo,ok,ok,-148.77503672737
combined_stress,SEIR with observation and process noise,SEIR,ssa,1,1,1,1,A1,Seasonal Forcing,ARX,I,/home/kaahin/degree_project/hybrid-epidemic-forecasting/results/partB/combined_stress/forecasts/partB_combined_stress_forecast_A1_rep001_ARX_I.mat,forecast_results,84,85,0.0256070387886982,0.0256070387886982,0.04210683837588,0.037830908747058,0.00420343430522867,0.0214036044834696,0,0,1,0.2125,0.2125,0.325857519278509,1,closed_loop_monte_carlo,ok,ok,-162.536531405883
combined_stress,SEIR with observation and process noise,SEIR,ssa,1,1,1,1,A1,Seasonal Forcing,ARX,I,/home/kaahin/degree_project/hybrid-epidemic-forecasting/results/partB/combined_stress/forecasts/partB_combined_stress_forecast_A1_rep001_ARX_I.mat,forecast_results,91,92,0.0238351238149607,0.0238351238149607,0.0241847487724595,0.0201496920450062,0.00223885467166735,0.0215962691432933,0,0,1,0.2125,0.2125,0.323264857222696,1,closed_loop_monte_carlo,ok,ok,-180.78253084248
combined_stress,SEIR with observation and process noise,SEIR,ssa,1,1,1,1,A1,Seasonal Forcing,ARX,I,/home/kaahin/degree_project/hybrid-epidemic-forecasting/results/partB/combined_stress/forecasts/partB_combined_stress_forecast_A1_rep001_ARX_I.mat,forecast_results,98,99,0.0228063179989126,0.0228063179989126,0.0381403776377039,0.0355355991514306,0.00394839990571451,0.0188579180931981,0,0,1,0.2125,0.2125,0.279727203819848,1,closed_loop_monte_carlo,ok,ok,-199.703415027643
combined_stress,SEIR with observation and process noise,SEIR,ssa,1,1,1,1,A1,Seasonal Forcing,ARX,I,/home/kaahin/degree_project/hybrid-epidemic-forecasting/results/partB/combined_stress/forecasts/partB_combined_stress_forecast_A1_rep001_ARX_I.mat,forecast_results,105,106,0.0245580151502203,0.0245580151502203,0.0620360856469807,0.0585330913561212,0.0065036768173468,0.0164293382199799,0,0.00162500011289359,0.875,0.0875,0.2125,0.242948254308896,1,closed_loop_monte_carlo,ok,ok,-218.817792433536
combined_stress,SEIR with observation and process noise,SEIR,ssa,1,1,1,1,A1,Seasonal Forcing,ARX,I,/home/kaahin/degree_project/hybrid-epidemic-forecasting/results/partB/combined_stress/forecasts/partB_combined_stress_forecast_A1_rep001_ARX_I.mat,forecast_results,112,113,0.0282750810610868,0.0282750810610868,0.0770747886426333,0.0737140788200641,0.00819045320222934,0.0146095851640427,0,0.00547504269481475,0.821428571428571,0.0339285714285714,0.2125,0.217617907671489,1,closed_loop_monte_carlo,ok,ok,-240.576843883691
combined_stress,SEIR with observation and process noise,SEIR,ssa,1,1,1,1,A1,Seasonal Forcing,ARX,I,/home/kaahin/degree_project/hybrid-epidemic-forecasting/results/partB/combined_stress/forecasts/partB_combined_stress_forecast_A1_rep001_ARX_I.mat,forecast_results,119,120,0.0196619260668061,0.0196619260668061,0.0194638323648803,0.0147026047708823,0.00163362275232026,0.0180283033144859,0,0,1,0.2125,0.2125,0.269015972482494,1,closed_loop_monte_carlo,ok,ok,-247.177952354681
combined_stress,SEIR with observation and process noise,SEIR,ssa,1,1,1,1,A1,Seasonal Forcing,ARX,I,/home/kaahin/degree_project/hybrid-epidemic-forecasting/results/partB/combined_stress/forecasts/partB_combined_stress_forecast_A1_rep001_ARX_I.mat,forecast_results,126,127,0.0193885863363343,0.0193885863363343,0.0363558957811707,0.0296336289650717,0.00329262544056352,0.0160959608957708,0,0,1,0.2125,0.2125,0.243881087433167,1,closed_loop_monte_carlo,ok,ok,-266.75069155132
combined_stress,SEIR with observation and process noise,SEIR,ssa,1,1,1,1,A1,Seasonal Forcing,ARX,I,/home/kaahin/degree_project/hybrid-epidemic-forecasting/results/partB/combined_stress/forecasts/partB_combined_stress_forecast_A1_rep001_ARX_I.mat,forecast_results,133,134,0.0238221358762567,0.0238221358762567,0.0627779975920211,0.0550417884759077,0.00611575427510086,0.0157499978773266,0,0.00195638372382921,0.910714285714286,0.123214285714286,0.2125,0.2328463893091,1,closed_loop_monte_carlo,ok,ok,-280.776608420266
combined_stress,SEIR with observation and process noise,SEIR,ssa,1,1,1,1,A1,Seasonal Forcing,ARX,I,/home/kaahin/degree_project/hybrid-epidemic-forecasting/results/partB/combined_stress/forecasts/partB_combined_stress_forecast_A1_rep001_ARX_I.mat,forecast_results,140,141,0.0209258506950331,0.0209258506950331,0.0451276334496088,0.0406908657199595,0.00452120730221772,0.0160063683936628,0,0.000398274999152567,0.964285714285714,0.176785714285714,0.2125,0.237857936417121,1,closed_loop_monte_carlo,ok,ok,-298.585530445685
combined_stress,SEIR with observation and process noise,SEIR,ssa,1,1,1,1,A1,Seasonal Forcing,ARX,I,/home/kaahin/degree_project/hybrid-epidemic-forecasting/results/partB/combined_stress/forecasts/partB_combined_stress_forecast_A1_rep001_ARX_I.mat,forecast_results,147,148,0.0529811449273884,0.0529811449273884,0.137258282837665,0.132339266159109,0.0147043629065676,0.0151907859676035,0,0.0230859960532173,0.464285714285714,-0.323214285714286,0.398214285714286,0.227563905136721,1,closed_loop_monte_carlo,ok,ok,-312.166504740054
combined_stress,SEIR with observation and process noise,SEIR,ssa,1,1,1,1,A1,Seasonal Forcing,ARX,I,/home/kaahin/degree_project/hybrid-epidemic-forecasting/results/partB/combined_stress/forecasts/partB_combined_stress_forecast_A1_rep001_ARX_I.mat,forecast_results,154,155,0.0282546429522073,0.0282546429522073,0.0759906847764496,0.0668943980476394,0.00743271089418215,0.0178052661519431,0,0.00301666590608204,0.875,0.0875,0.2125,0.263938782166448,1,closed_loop_monte_carlo,ok,ok,-320.061739380023
combined_stress,SEIR with observation and process noise,SEIR,ssa,1,1,1,1,A1,Seasonal Forcing,ARX,I,/home/kaahin/degree_project/hybrid-epidemic-forecasting/results/partB/combined_stress/forecasts/partB_combined_stress_forecast_A1_rep001_ARX_I.mat,forecast_results,161,162,0.0320697930642092,0.0320697930642092,0.0855514495538162,0.0743724044223203,0.00826360049136892,0.0200525224697966,0,0.00375367010304371,0.892857142857143,0.105357142857143,0.2125,0.298363798770852,1,closed_loop_monte_carlo,ok,ok,-337.227750474801
combined_stress,SEIR with observation and process noise,SEIR,ssa,1,1,1,1,A1,Seasonal Forcing,ARX,I,/home/kaahin/degree_project/hybrid-epidemic-forecasting/results/partB/combined_stress/forecasts/partB_combined_stress_forecast_A1_rep001_ARX_I.mat,forecast_results,168,169,0.033745880926301,0.033745880926301,0.0952183769649662,0.0814600572462191,0.00905111747180212,0.0202632525044402,0,0.00443151095005865,0.839285714285714,0.0517857142857143,0.233928571428571,0.298363736273745,1,closed_loop_monte_carlo,ok,ok,-353.379787959147
combined_stress,SEIR with observation and process noise,SEIR,ssa,1,1,1,1,A1,Seasonal Forcing,ARX,I,/home/kaahin/degree_project/hybrid-epidemic-forecasting/results/partB/combined_stress/forecasts/partB_combined_stress_forecast_A1_rep001_ARX_I.mat,forecast_results,175,176,0.0312151903704639,0.0312151903704639,0.0808561289511774,0.0654308004987399,0.00727008894430444,0.0223987184503065,0,0.00154638297585293,0.928571428571429,0.141071428571429,0.2125,0.332601624873425,1,closed_loop_monte_carlo,ok,ok,-372.502114338261
combined_stress,SEIR with observation and process noise,SEIR,ssa,1,1,1,1,A1,Seasonal Forcing,ARX,I,/home/kaahin/degree_project/hybrid-epidemic-forecasting/results/partB/combined_stress/forecasts/partB_combined_stress_forecast_A1_rep001_ARX_I.mat,forecast_results,182,183,0.0521666000231599,0.0521666000231599,0.146388556823761,0.136631947252791,0.0151813274725324,0.0213302787711928,0,0.0156549937794347,0.714285714285714,-0.0732142857142857,0.258928571428571,0.314111640505079,1,closed_loop_monte_carlo,ok,ok,-379.381912650829
combined_stress,SEIR with observation and process noise,SEIR,ssa,1,1,1,1,A1,Seasonal Forcing,ARX,I,/home/kaahin/degree_project/hybrid-epidemic-forecasting/results/partB/combined_stress/forecasts/partB_combined_stress_forecast_A1_rep001_ARX_I.mat,forecast_results,189,190,0.0445695551603083,0.0445695551603083,0.12362004917563,0.112479920721189,0.012497768969021,0.0261672967032066,0,0.00590448948808072,0.821428571428571,0.0339285714285714,0.2125,0.38154618222876,1,closed_loop_monte_carlo,ok,ok,-393.52759534322
combined_stress,SEIR with observation and process noise,SEIR,ssa,1,1,1,1,A1,Seasonal Forcing,ARX,I,/home/kaahin/degree_project/hybrid-epidemic-forecasting/results/partB/combined_stress/forecasts/partB_combined_stress_forecast_A1_rep001_ARX_I.mat,forecast_results,196,197,0.0418996547724006,0.0418996547724006,0.109217706821017,0.0998067148102528,0.011089634978917,0.02984633163128,0,0.000963688162203568,0.910714285714286,0.123214285714286,0.2125,0.433978629519555,1,closed_loop_monte_carlo,ok,ok,-411.727748905535
combined_stress,SEIR with observation and process noise,SEIR,ssa,1,1,1,1,A1,Seasonal Forcing,ARX,I,/home/kaahin/degree_project/hybrid-epidemic-forecasting/results/partB/combined_stress/forecasts/partB_combined_stress_forecast_A1_rep001_ARX_I.mat,forecast_results,203,204,0.0484332841760708,0.0484332841760708,0.14527374867242,0.133435652454263,0.0148261836060292,0.025926144548328,0,0.00768095602171368,0.803571428571429,0.0160714285714286,0.2125,0.374952872201044,1,closed_loop_monte_carlo,ok,ok,-426.20766573548
combined_stress,SEIR with observation and process noise,SEIR,ssa,1,1,1,1,A1,Seasonal Forcing,ARX,I,/home/kaahin/degree_project/hybrid-epidemic-forecasting/results/partB/combined_stress/forecasts/partB_combined_stress_forecast_A1_rep001_ARX_I.mat,forecast_results,210,211,0.0362568313213339,0.0362568313213339,0.0632308072175766,0.0597003910105615,0.00663337677895128,0.0296234545423826,0,0,1,0.2125,0.2125,0.439199654663885,1,closed_loop_monte_carlo,ok,ok,-437.80321449738
combined_stress,SEIR with observation and process noise,SEIR,ssa,1,1,1,1,A1,Seasonal Forcing,ARX,I,/home/kaahin/degree_project/hybrid-epidemic-forecasting/results/partB/combined_stress/forecasts/partB_combined_stress_forecast_A1_rep001_ARX_I.mat,forecast_results,217,218,0.0315509548210328,0.0315509548210328,0.0415760709728854,0.0361689569185104,0.0040187729909456,0.0275321818300872,0,0,1,0.2125,0.2125,0.405381766825061,1,closed_loop_monte_carlo,ok,ok,-455.870377555246
combined_stress,SEIR with observation and process noise,SEIR,ssa,1,1,1,1,A1,Seasonal Forcing,ARX,I,/home/kaahin/degree_project/hybrid-epidemic-forecasting/results/partB/combined_stress/forecasts/partB_combined_stress_forecast_A1_rep001_ARX_I.mat,forecast_results,224,225,0.0307042547717039,0.0307042547717039,0.024185785729102,0.0196331058966081,0.00218145621073423,0.0285227985609697,0,0,1,0.2125,0.2125,0.423072639224252,1,closed_loop_monte_carlo,ok,ok,-472.301692261786
combined_stress,SEIR with observation and process noise,SEIR,ssa,1,1,1,1,A1,Seasonal Forcing,ARX,I,/home/kaahin/degree_project/hybrid-epidemic-forecasting/results/partB/combined_stress/forecasts/partB_combined_stress_forecast_A1_rep001_ARX_I.mat,forecast_results,231,232,0.0310610016573274,0.0310610016573274,0.0182694743999443,0.0120482131075623,0.0013386903452847,0.0297223113120427,0,0,1,0.2125,0.2125,0.441262189719059,1,closed_loop_monte_carlo,ok,ok,-487.338987429511
combined_stress,SEIR with observation and process noise,SEIR,ssa,1,1,1,1,A1,Seasonal Forcing,ARX,I,/home/kaahin/degree_project/hybrid-epidemic-forecasting/results/partB/combined_stress/forecasts/partB_combined_stress_forecast_A1_rep001_ARX_I.mat,forecast_results,238,239,0.0380177405004962,0.0380177405004962,0.0697793947312129,0.06481251915373,0.00720139101708111,0.0302422377247746,0.000574111758640424,0,0.982142857142857,0.194642857142857,0.2125,0.436509636117505,1,closed_loop_monte_carlo,ok,ok,-491.159186049043
combined_stress,SEIR with observation and process noise,SEIR,ssa,1,1,1,1,A1,Seasonal Forcing,ARX,I,/home/kaahin/degree_project/hybrid-epidemic-forecasting/results/partB/combined_stress/forecasts/partB_combined_stress_forecast_A1_rep001_ARX_I.mat,forecast_results,245,246,0.0405592657117962,0.0405592657117962,0.0893114501412418,0.0799601984802888,0.00888446649780986,0.0310452237880928,0.000629575425893521,0,0.964285714285714,0.176785714285714,0.2125,0.455942778918038,1,closed_loop_monte_carlo,ok,ok,-505.210249064452
combined_stress,SEIR with observation and process noise,SEIR,ssa,1,1,1,1,A1,Seasonal Forcing,ARX,I,/home/kaahin/degree_project/hybrid-epidemic-forecasting/results/partB/combined_stress/forecasts/partB_combined_stress_forecast_A1_rep001_ARX_I.mat,forecast_results,252,253,0.0344603003523376,0.0344603003523376,0.0512385596377067,0.0450286186130117,0.00500317984589019,0.0294571205064474,0,0,1,0.2125,0.2125,0.430897793169354,1,closed_loop_monte_carlo,ok,ok,-521.702269393228
combined_stress,SEIR with observation and process noise,SEIR,ssa,1,1,1,1,A1,Seasonal Forcing,ARX,I,/home/kaahin/degree_project/hybrid-epidemic-forecasting/results/partB/combined_stress/forecasts/partB_combined_stress_forecast_A1_rep001_ARX_I.mat,forecast_results,259,260,0.0481638574439031,0.0481638574439031,0.131108947224772,0.124553177123273,0.0138392419025859,0.0287074188055952,0.00561719673572204,0,0.785714285714286,-0.00178571428571429,0.2125,0.425090325070283,1,closed_loop_monte_carlo,ok,ok,-531.797306152646
combined_stress,SEIR with observation and process noise,SEIR,ssa,1,1,1,1,A1,Seasonal Forcing,ARX,I,/home/kaahin/degree_project/hybrid-epidemic-forecasting/results/partB/combined_stress/forecasts/partB_combined_stress_forecast_A1_rep001_ARX_I.mat,forecast_results,266,267,0.0486942303626938,0.0486942303626938,0.121997545550484,0.118840149551232,0.013204461061248,0.0275671459106882,0.00792262339075761,0,0.75,-0.0375,0.2125,0.409860633880785,1,closed_loop_monte_carlo,ok,ok,-543.574829058346
combined_stress,SEIR with observation and process noise,SEIR,ssa,1,1,1,1,A1,Seasonal Forcing,ARX,I,/home/kaahin/degree_project/hybrid-epidemic-forecasting/results/partB/combined_stress/forecasts/partB_combined_stress_forecast_A1_rep001_ARX_I.mat,forecast_results,273,274,0.0419389334056168,0.0419389334056168,0.109252028759482,0.0992420457094362,0.0110268939677151,0.0256432647165599,0.00526877472134169,0,0.839285714285714,0.0517857142857143,0.2125,0.377875977550281,1,closed_loop_monte_carlo,ok,ok,-555.090321903138
combined_stress,SEIR with observation and process noise,SEIR,ssa,1,1,1,1,A1,Seasonal Forcing,ARX,I,/home/kaahin/degree_project/hybrid-epidemic-forecasting/results/partB/combined_stress/forecasts/partB_combined_stress_forecast_A1_rep001_ARX_I.mat,forecast_results,280,281,0.0292839764894363,0.0292839764894363,0.0547522491958539,0.0479079811683847,0.00532310901870941,0.0235560098647847,0.000404857605942244,0,0.982142857142857,0.194642857142857,0.2125,0.341831070236778,1,closed_loop_monte_carlo,ok,ok,-570.220247262249
combined_stress,SEIR with observation and process noise,SEIR,ssa,1,1,1,1,A1,Seasonal Forcing,ARX,I,/home/kaahin/degree_project/hybrid-epidemic-forecasting/results/partB/combined_stress/forecasts/partB_combined_stress_forecast_A1_rep001_ARX_I.mat,forecast_results,287,288,0.0298216901581465,0.0298216901581465,0.0751730194164252,0.0728730071658016,0.00809700079620017,0.0197006101056837,0.00202407925626265,0,0.875,0.0875,0.2125,0.289156886369061,1,closed_loop_monte_carlo,ok,ok,-588.575025539113
combined_stress,SEIR with observation and process noise,SEIR,ssa,1,1,1,1,A1,Seasonal Forcing,ARX,I,/home/kaahin/degree_project/hybrid-epidemic-forecasting/results/partB/combined_stress/forecasts/partB_combined_stress_forecast_A1_rep001_ARX_I.mat,forecast_results,294,295,0.0326160665713508,0.0326160665713508,0.0831820753216696,0.0818416163620387,0.00909351292911541,0.0194606834188336,0.0040618702234018,0,0.767857142857143,-0.0196428571428571,0.2125,0.29537067524198,1,closed_loop_monte_carlo,ok,ok,-599.600037902897
combined_stress,SEIR with observation and process noise,SEIR,ssa,1,1,1,1,A1,Seasonal Forcing,ARX,I,/home/kaahin/degree_project/hybrid-epidemic-forecasting/results/partB/combined_stress/forecasts/partB_combined_stress_forecast_A1_rep001_ARX_I.mat,forecast_results,301,302,0.0223066862311138,0.0223066862311138,0.0298750074961682,0.026911755765065,0.00299019508500723,0.0193164911461066,0,0,1,0.2125,0.2125,0.28379081188573,1,closed_loop_monte_carlo,ok,ok,-610.162825881742
combined_stress,SEIR with observation and process noise,SEIR,ssa,1,1,1,1,A1,Seasonal Forcing,ARX,I,/home/kaahin/degree_project/hybrid-epidemic-forecasting/results/partB/combined_stress/forecasts/partB_combined_stress_forecast_A1_rep001_ARX_I.mat,forecast_results,308,309,0.0204860527307046,0.0204860527307046,0.0199931209580312,0.0168904417054216,0.00187671574504685,0.0186093369856578,0,0,1,0.2125,0.2125,0.270427140102178,1,closed_loop_monte_carlo,ok,ok,-625.119285630775
combined_stress,SEIR with observation and process noise,SEIR,ssa,1,1,1,1,A1,Seasonal Forcing,ARX,I,/home/kaahin/degree_project/hybrid-epidemic-forecasting/results/partB/combined_stress/forecasts/partB_combined_stress_forecast_A1_rep001_ARX_I.mat,forecast_results,315,316,0.0221010025949855,0.0221010025949855,0.0229325295897371,0.0185746151068182,0.0020638461229798,0.0200371564720057,0,0,1,0.2125,0.2125,0.294609945755526,1,closed_loop_monte_carlo,ok,ok,-642.496114572902
combined_stress,SEIR with observation and process noise,SEIR,ssa,1,1,1,1,A1,Seasonal Forcing,ARX,I,/home/kaahin/degree_project/hybrid-epidemic-forecasting/results/partB/combined_stress/forecasts/partB_combined_stress_forecast_A1_rep001_ARX_I.mat,forecast_results,322,323,0.0249860481427428,0.0249860481427428,0.0478523818134164,0.0430200695358117,0.0047800077262013,0.0193865925908863,0.000819447825655213,0,0.892857142857143,0.105357142857143,0.2125,0.285115348067698,1,closed_loop_monte_carlo,ok,ok,-658.599232974228
combined_stress,SEIR with observation and process noise,SEIR,ssa,1,1,1,1,A1,Seasonal Forcing,ARX,I,/home/kaahin/degree_project/hybrid-epidemic-forecasting/results/partB/combined_stress/forecasts/partB_combined_stress_forecast_A1_rep001_ARX_I.mat,forecast_results,329,330,0.0276962888423527,0.0276962888423527,0.073221399473833,0.0675164114786471,0.00750182349762745,0.0182088423627617,0,0.00198562298196357,0.892857142857143,0.105357142857143,0.2125,0.270970190089296,1,closed_loop_monte_carlo,ok,ok,-673.616579589842
combined_stress,SEIR with observation and process noise,SEIR,ssa,1,1,1,1,A1,Seasonal Forcing,ARX,I,/home/kaahin/degree_project/hybrid-epidemic-forecasting/results/partB/combined_stress/forecasts/partB_combined_stress_forecast_A1_rep001_ARX_I.mat,forecast_results,336,337,0.0285044349140705,0.0285044349140705,0.0735794230652539,0.0666158334820168,0.00740175927577964,0.0192013285121647,0,0.00190134712612622,0.892857142857143,0.105357142857143,0.2125,0.276311118954123,1,closed_loop_monte_carlo,ok,ok,-692.200404358373
combined_stress,SEIR with observation and process noise,SEIR,ssa,1,1,1,1,A1,Seasonal Forcing,ARX,I,/home/kaahin/degree_project/hybrid-epidemic-forecasting/results/partB/combined_stress/forecasts/partB_combined_stress_forecast_A1_rep001_ARX_I.mat,forecast_results,343,344,0.0255099881446662,0.0255099881446662,0.0532507594317055,0.042777603273921,0.00475306703043567,0.0200541951266139,0,0.000702725987616667,0.946428571428571,0.158928571428571,0.2125,0.28933638791086,1,closed_loop_monte_carlo,ok,ok,-709.907041605571
combined_stress,SEIR with observation and process noise,SEIR,ssa,1,1,1,1,A1,Seasonal Forcing,ARX,I,/home/kaahin/degree_project/hybrid-epidemic-forecasting/results/partB/combined_stress/forecasts/partB_combined_stress_forecast_A1_rep001_ARX_I.mat,forecast_results,350,351,0.0351822952859614,0.0351822952859614,0.0951038040075233,0.0888092002685868,0.00986768891873187,0.0194874296661491,0,0.00582717670108042,0.803571428571429,0.0160714285714286,0.223214285714286,0.290203371100873,1,closed_loop_monte_carlo,ok,ok,-722.006977960879
combined_stress,SEIR with observation and process noise,SEIR,ssa,1,1,1,1,A1,Seasonal Forcing,AR,None,/home/kaahin/degree_project/hybrid-epidemic-forecasting/results/partB/combined_stress/forecasts/partB_combined_stress_forecast_A1_rep001_AR_None.mat,forecast_results,49,50,0.0311230839374199,0.0311230839374199,0.0386222466084398,0.034261594701706,0.00380684385574511,0.0273162400816748,0,0,1,0.2125,0.2125,0.400258097762596,1,closed_loop_monte_carlo,ok,ok,-108.505930519228
combined_stress,SEIR with observation and process noise,SEIR,ssa,1,1,1,1,A1,Seasonal Forcing,AR,None,/home/kaahin/degree_project/hybrid-epidemic-forecasting/results/partB/combined_stress/forecasts/partB_combined_stress_forecast_A1_rep001_AR_None.mat,forecast_results,56,57,0.042304878653835,0.042304878653835,0.0973832092353925,0.0944453787388921,0.010493930970988,0.028051533072728,0,0.00375941461011899,0.892857142857143,0.105357142857143,0.223214285714286,0.403524947715846,1,closed_loop_monte_carlo,ok,ok,-125.774475526426
combined_stress,SEIR with observation and process noise,SEIR,ssa,1,1,1,1,A1,Seasonal Forcing,AR,None,/home/kaahin/degree_project/hybrid-epidemic-forecasting/results/partB/combined_stress/forecasts/partB_combined_stress_forecast_A1_rep001_AR_None.mat,forecast_results,63,64,0.0294341170544684,0.0294341170544684,0.0355523974045412,0.0283470451125707,0.00314967167917452,0.0262844453752939,0,0,1,0.2125,0.2125,0.382717656057481,1,closed_loop_monte_carlo,ok,ok,-140.254229308368
combined_stress,SEIR with observation and process noise,SEIR,ssa,1,1,1,1,A1,Seasonal Forcing,AR,None,/home/kaahin/degree_project/hybrid-epidemic-forecasting/results/partB/combined_stress/forecasts/partB_combined_stress_forecast_A1_rep001_AR_None.mat,forecast_results,70,71,0.0295871817464812,0.0295871817464812,0.0569193417482445,0.046951365666757,0.00521681840741744,0.0237253978435476,0.000644965495516091,0,0.946428571428571,0.158928571428571,0.2125,0.355829136349355,1,closed_loop_monte_carlo,ok,ok,-153.251809772139
combined_stress,SEIR with observation and process noise,SEIR,ssa,1,1,1,1,A1,Seasonal Forcing,AR,None,/home/kaahin/degree_project/hybrid-epidemic-forecasting/results/partB/combined_stress/forecasts/partB_combined_stress_forecast_A1_rep001_AR_None.mat,forecast_results,77,78,0.0465315041995091,0.0465315041995091,0.127781074291403,0.119998137372906,0.0133331263747674,0.0238690057513577,0.00932937207338402,0,0.75,-0.0375,0.244642857142857,0.359204948863403,1,closed_loop_monte_carlo,ok,ok,-162.947974893334
combined_stress,SEIR with observation and process noise,SEIR,ssa,1,1,1,1,A1,Seasonal Forcing,AR,None,/home/kaahin/degree_project/hybrid-epidemic-forecasting/results/partB/combined_stress/forecasts/partB_combined_stress_forecast_A1_rep001_AR_None.mat,forecast_results,84,85,0.0498996322735894,0.0498996322735894,0.127197413788624,0.122467093477233,0.0136074548308037,0.0234873600496772,0.0128048173931086,0,0.714285714285714,-0.0732142857142857,0.233928571428571,0.35975777770276,1,closed_loop_monte_carlo,ok,ok,-174.839903615231
combined_stress,SEIR with observation and process noise,SEIR,ssa,1,1,1,1,A1,Seasonal Forcing,AR,None,/home/kaahin/degree_project/hybrid-epidemic-forecasting/results/partB/combined_stress/forecasts/partB_combined_stress_forecast_A1_rep001_AR_None.mat,forecast_results,91,92,0.0355848064477202,0.0355848064477202,0.0891745957704811,0.0830354264948543,0.00922615849942826,0.0224459276611184,0.00391272028717362,0,0.785714285714286,-0.00178571428571429,0.223214285714286,0.340275891455341,1,closed_loop_monte_carlo,ok,ok,-192.100314019761
combined_stress,SEIR with observation and process noise,SEIR,ssa,1,1,1,1,A1,Seasonal Forcing,AR,None,/home/kaahin/degree_project/hybrid-epidemic-forecasting/results/partB/combined_stress/forecasts/partB_combined_stress_forecast_A1_rep001_AR_None.mat,forecast_results,98,99,0.0511390443881457,0.0511390443881457,0.133409063258508,0.127823059850467,0.0142025622056075,0.0200858687582304,0.0168506134243078,0,0.625,-0.1625,0.291071428571429,0.29918544244666,1,closed_loop_monte_carlo,ok,ok,-211.128643803483
combined_stress,SEIR with observation and process noise,SEIR,ssa,1,1,1,1,A1,Seasonal Forcing,AR,None,/home/kaahin/degree_project/hybrid-epidemic-forecasting/results/partB/combined_stress/forecasts/partB_combined_stress_forecast_A1_rep001_AR_None.mat,forecast_results,105,106,0.0253509030448184,0.0253509030448184,0.0529717795226216,0.0439903583041879,0.00488781758935421,0.0198688245340745,0.000594260921389619,0,0.946428571428571,0.158928571428571,0.2125,0.302197624446207,1,closed_loop_monte_carlo,ok,ok,-227.17637148378
combined_stress,SEIR with observation and process noise,SEIR,ssa,1,1,1,1,A1,Seasonal Forcing,AR,None,/home/kaahin/degree_project/hybrid-epidemic-forecasting/results/partB/combined_stress/forecasts/partB_combined_stress_forecast_A1_rep001_AR_None.mat,forecast_results,112,113,0.0226979751469519,0.0226979751469519,0.0410982957719744,0.0356023986059629,0.00395582206732921,0.0187421530796227,0,0,1,0.2125,0.2125,0.27480476118066,1,closed_loop_monte_carlo,ok,ok,-247.927238900749
combined_stress,SEIR with observation and process noise,SEIR,ssa,1,1,1,1,A1,Seasonal Forcing,AR,None,/home/kaahin/degree_project/hybrid-epidemic-forecasting/results/partB/combined_stress/forecasts/partB_combined_stress_forecast_A1_rep001_AR_None.mat,forecast_results,119,120,0.0273470587899147,0.0273470587899147,0.0643070054074017,0.0633822772139061,0.00704247524598957,0.0177268859449146,0.00257769759901051,0,0.767857142857143,-0.0196428571428571,0.2125,0.268963130541913,1,closed_loop_monte_carlo,ok,ok,-256.730632315213
combined_stress,SEIR with observation and process noise,SEIR,ssa,1,1,1,1,A1,Seasonal Forcing,AR,None,/home/kaahin/degree_project/hybrid-epidemic-forecasting/results/partB/combined_stress/forecasts/partB_combined_stress_forecast_A1_rep001_AR_None.mat,forecast_results,126,127,0.0249091015827281,0.0249091015827281,0.0627182001873142,0.0580647946442919,0.00645164384936577,0.0175789045402435,0.00087855319311884,0,0.910714285714286,0.123214285714286,0.2125,0.258353921668009,1,closed_loop_monte_carlo,ok,ok,-275.188021937581
combined_stress,SEIR with observation and process noise,SEIR,ssa,1,1,1,1,A1,Seasonal Forcing,AR,None,/home/kaahin/degree_project/hybrid-epidemic-forecasting/results/partB/combined_stress/forecasts/partB_combined_stress_forecast_A1_rep001_AR_None.mat,forecast_results,133,134,0.0193973303741121,0.0193973303741121,0.0205007035981692,0.0179207681484823,0.00199119646094248,0.0174061339131696,0,0,1,0.2125,0.2125,0.260401307032589,1,closed_loop_monte_carlo,ok,ok,-289.664682302082
combined_stress,SEIR with observation and process noise,SEIR,ssa,1,1,1,1,A1,Seasonal Forcing,AR,None,/home/kaahin/degree_project/hybrid-epidemic-forecasting/results/partB/combined_stress/forecasts/partB_combined_stress_forecast_A1_rep001_AR_None.mat,forecast_results,140,141,0.0190754969233361,0.0190754969233361,0.0288145112262628,0.0218789893212708,0.00243099881347454,0.0166444981098616,0,0,1,0.2125,0.2125,0.244183468362103,1,closed_loop_monte_carlo,ok,ok,-307.894997406886
combined_stress,SEIR with observation and process noise,SEIR,ssa,1,1,1,1,A1,Seasonal Forcing,AR,None,/home/kaahin/degree_project/hybrid-epidemic-forecasting/results/partB/combined_stress/forecasts/partB_combined_stress_forecast_A1_rep001_AR_None.mat,forecast_results,147,148,0.0447359684231833,0.0447359684231833,0.128069759379119,0.124314833907055,0.0138127593230061,0.0165405902837262,0,0.014382618816451,0.660714285714286,-0.126785714285714,0.266071428571429,0.244715430936917,1,closed_loop_monte_carlo,ok,ok,-321.735438680896
combined_stress,SEIR with observation and process noise,SEIR,ssa,1,1,1,1,A1,Seasonal Forcing,AR,None,/home/kaahin/degree_project/hybrid-epidemic-forecasting/results/partB/combined_stress/forecasts/partB_combined_stress_forecast_A1_rep001_AR_None.mat,forecast_results,154,155,0.0241417990918245,0.0241417990918245,0.05589994039335,0.0493705801868903,0.00548562002076558,0.0183402354480792,0,0.000315943622979753,0.946428571428571,0.158928571428571,0.2125,0.2770412328187,1,closed_loop_monte_carlo,ok,ok,-329.475051453478
combined_stress,SEIR with observation and process noise,SEIR,ssa,1,1,1,1,A1,Seasonal Forcing,AR,None,/home/kaahin/degree_project/hybrid-epidemic-forecasting/results/partB/combined_stress/forecasts/partB_combined_stress_forecast_A1_rep001_AR_None.mat,forecast_results,161,162,0.0308158008058636,0.0308158008058636,0.0834653961470893,0.0753615646757817,0.00837350718619797,0.0191354287479481,0,0.00330686487171753,0.910714285714286,0.123214285714286,0.2125,0.283950291500115,1,closed_loop_monte_carlo,ok,ok,-347.347216225449
combined_stress,SEIR with observation and process noise,SEIR,ssa,1,1,1,1,A1,Seasonal Forcing,AR,None,/home/kaahin/degree_project/hybrid-epidemic-forecasting/results/partB/combined_stress/forecasts/partB_combined_stress_forecast_A1_rep001_AR_None.mat,forecast_results,168,169,0.0338356171912541,0.0338356171912541,0.0948258464717811,0.0817053831971154,0.0090783759107906,0.0196416865417128,0,0.00511555473875067,0.857142857142857,0.0696428571428571,0.223214285714286,0.289329317312781,1,closed_loop_monte_carlo,ok,ok,-363.953879871593
combined_stress,SEIR with observation and process noise,SEIR,ssa,1,1,1,1,A1,Seasonal Forcing,AR,None,/home/kaahin/degree_project/hybrid-epidemic-forecasting/results/partB/combined_stress/forecasts/partB_combined_stress_forecast_A1_rep001_AR_None.mat,forecast_results,175,176,0.031936099889566,0.031936099889566,0.0828932424231302,0.0680657578415508,0.00756286198239453,0.0218285752699718,0,0.00254466263719967,0.910714285714286,0.123214285714286,0.2125,0.327726554507665,1,closed_loop_monte_carlo,ok,ok,-382.182546057462
combined_stress,SEIR with observation and process noise,SEIR,ssa,1,1,1,1,A1,Seasonal Forcing,AR,None,/home/kaahin/degree_project/hybrid-epidemic-forecasting/results/partB/combined_stress/forecasts/partB_combined_stress_forecast_A1_rep001_AR_None.mat,forecast_results,182,183,0.0485811635435168,0.0485811635435168,0.129662387982425,0.124207020600788,0.0138007800667542,0.0234398119188129,0,0.0113405715579497,0.75,-0.0375,0.223214285714286,0.355546098789681,1,closed_loop_monte_carlo,ok,ok,-389.225740031248
combined_stress,SEIR with observation and process noise,SEIR,ssa,1,1,1,1,A1,Seasonal Forcing,AR,None,/home/kaahin/degree_project/hybrid-epidemic-forecasting/results/partB/combined_stress/forecasts/partB_combined_stress_forecast_A1_rep001_AR_None.mat,forecast_results,189,190,0.0468929769367588,0.0468929769367588,0.132274108761092,0.123577878910953,0.0137308754345504,0.0234713862005022,0,0.00969071530170622,0.767857142857143,-0.0196428571428571,0.223214285714286,0.34599814561857,1,closed_loop_monte_carlo,ok,ok,-404.172531729609
combined_stress,SEIR with observation and process noise,SEIR,ssa,1,1,1,1,A1,Seasonal Forcing,AR,None,/home/kaahin/degree_project/hybrid-epidemic-forecasting/results/partB/combined_stress/forecasts/partB_combined_stress_forecast_A1_rep001_AR_None.mat,forecast_results,196,197,0.0451895133952811,0.0451895133952811,0.125725403183344,0.1186267284714,0.0131807476079334,0.0254265704135958,0,0.00658219537375191,0.785714285714286,-0.00178571428571429,0.2125,0.380211005241236,1,closed_loop_monte_carlo,ok,ok,-421.79105430309
combined_stress,SEIR with observation and process noise,SEIR,ssa,1,1,1,1,A1,Seasonal Forcing,AR,None,/home/kaahin/degree_project/hybrid-epidemic-forecasting/results/partB/combined_stress/forecasts/partB_combined_stress_forecast_A1_rep001_AR_None.mat,forecast_results,203,204,0.0482174484176583,0.0482174484176583,0.137432767499595,0.132575299904562,0.0147305888782847,0.0243961703067663,0,0.00909068923260726,0.767857142857143,-0.0196428571428571,0.223214285714286,0.356843681643387,1,closed_loop_monte_carlo,ok,ok,-436.459570212318
combined_stress,SEIR with observation and process noise,SEIR,ssa,1,1,1,1,A1,Seasonal Forcing,AR,None,/home/kaahin/degree_project/hybrid-epidemic-forecasting/results/partB/combined_stress/forecasts/partB_combined_stress_forecast_A1_rep001_AR_None.mat,forecast_results,210,211,0.0357086033538784,0.0357086033538784,0.0843980648488899,0.0798978556389668,0.00887753951544075,0.0254601845965748,0,0.0013708792418629,0.928571428571429,0.141071428571429,0.2125,0.384384012056461,1,closed_loop_monte_carlo,ok,ok,-448.237977950721
combined_stress,SEIR with observation and process noise,SEIR,ssa,1,1,1,1,A1,Seasonal Forcing,AR,None,/home/kaahin/degree_project/hybrid-epidemic-forecasting/results/partB/combined_stress/forecasts/partB_combined_stress_forecast_A1_rep001_AR_None.mat,forecast_results,217,218,0.0332930931125649,0.0332930931125649,0.0620672552611039,0.0598913583035028,0.00665459536705586,0.026638497745509,0,0,1,0.2125,0.2125,0.391050510369455,1,closed_loop_monte_carlo,ok,ok,-466.085934080522
combined_stress,SEIR with observation and process noise,SEIR,ssa,1,1,1,1,A1,Seasonal Forcing,AR,None,/home/kaahin/degree_project/hybrid-epidemic-forecasting/results/partB/combined_stress/forecasts/partB_combined_stress_forecast_A1_rep001_AR_None.mat,forecast_results,224,225,0.0325240382817083,0.0325240382817083,0.0438525241093361,0.0389685115218882,0.00432983461354314,0.0281942036681651,0,0,1,0.2125,0.2125,0.410604974989994,1,closed_loop_monte_carlo,ok,ok,-482.510655631999
combined_stress,SEIR with observation and process noise,SEIR,ssa,1,1,1,1,A1,Seasonal Forcing,AR,None,/home/kaahin/degree_project/hybrid-epidemic-forecasting/results/partB/combined_stress/forecasts/partB_combined_stress_forecast_A1_rep001_AR_None.mat,forecast_results,231,232,0.0312511393279443,0.0312511393279443,0.050641186673332,0.0424708208047127,0.00471898008941252,0.0265321592385318,0,0,1,0.2125,0.2125,0.388568369391599,1,closed_loop_monte_carlo,ok,ok,-497.497791546219
combined_stress,SEIR with observation and process noise,SEIR,ssa,1,1,1,1,A1,Seasonal Forcing,AR,None,/home/kaahin/degree_project/hybrid-epidemic-forecasting/results/partB/combined_stress/forecasts/partB_combined_stress_forecast_A1_rep001_AR_None.mat,forecast_results,238,239,0.0347007022108864,0.0347007022108864,0.0655309288952106,0.0564417307662642,0.0062713034184738,0.0281637430897153,0.000265655702697284,0,0.982142857142857,0.194642857142857,0.2125,0.420420114009236,1,closed_loop_monte_carlo,ok,ok,-500.759509630887
combined_stress,SEIR with observation and process noise,SEIR,ssa,1,1,1,1,A1,Seasonal Forcing,AR,None,/home/kaahin/degree_project/hybrid-epidemic-forecasting/results/partB/combined_stress/forecasts/partB_combined_stress_forecast_A1_rep001_AR_None.mat,forecast_results,245,246,0.0333355627280246,0.0333355627280246,0.0487273090940011,0.0413855825004976,0.00459839805561084,0.0287371646724137,0,0,1,0.2125,0.2125,0.424967267221576,1,closed_loop_monte_carlo,ok,ok,-516.021638811826
combined_stress,SEIR with observation and process noise,SEIR,ssa,1,1,1,1,A1,Seasonal Forcing,AR,None,/home/kaahin/degree_project/hybrid-epidemic-forecasting/results/partB/combined_stress/forecasts/partB_combined_stress_forecast_A1_rep001_AR_None.mat,forecast_results,252,253,0.0298941718188968,0.0298941718188968,0.0292025598061588,0.0239740459126154,0.00266378287917949,0.0272303889397173,0,0,1,0.2125,0.2125,0.397822530896116,1,closed_loop_monte_carlo,ok,ok,-533.878069598185
combined_stress,SEIR with observation and process noise,SEIR,ssa,1,1,1,1,A1,Seasonal Forcing,AR,None,/home/kaahin/degree_project/hybrid-epidemic-forecasting/results/partB/combined_stress/forecasts/partB_combined_stress_forecast_A1_rep001_AR_None.mat,forecast_results,259,260,0.0456284252377586,0.0456284252377586,0.120906778108758,0.112083386212149,0.0124537095791277,0.0272193133931801,0.00595540226545079,0,0.785714285714286,-0.00178571428571429,0.2125,0.39886717271106,1,closed_loop_monte_carlo,ok,ok,-545.501600455916
combined_stress,SEIR with observation and process noise,SEIR,ssa,1,1,1,1,A1,Seasonal Forcing,AR,None,/home/kaahin/degree_project/hybrid-epidemic-forecasting/results/partB/combined_stress/forecasts/partB_combined_stress_forecast_A1_rep001_AR_None.mat,forecast_results,266,267,0.0549253018559809,0.0549253018559809,0.151994638749506,0.142887814037297,0.0158764237819219,0.0264403243194619,0.0126085537545971,0,0.714285714285714,-0.0732142857142857,0.255357142857143,0.381255859752587,1,closed_loop_monte_carlo,ok,ok,-558.243951604203
combined_stress,SEIR with observation and process noise,SEIR,ssa,1,1,1,1,A1,Seasonal Forcing,AR,None,/home/kaahin/degree_project/hybrid-epidemic-forecasting/results/partB/combined_stress/forecasts/partB_combined_stress_forecast_A1_rep001_AR_None.mat,forecast_results,273,274,0.0436791681453833,0.0436791681453833,0.111374476090915,0.104232934659632,0.0115814371844035,0.0240276492490825,0.00807008171189725,0,0.75,-0.0375,0.233928571428571,0.358180627579546,1,closed_loop_monte_carlo,ok,ok,-568.868000899591
combined_stress,SEIR with observation and process noise,SEIR,ssa,1,1,1,1,A1,Seasonal Forcing,AR,None,/home/kaahin/degree_project/hybrid-epidemic-forecasting/results/partB/combined_stress/forecasts/partB_combined_stress_forecast_A1_rep001_AR_None.mat,forecast_results,280,281,0.0266833795195601,0.0266833795195601,0.0616934211317259,0.0491598662760113,0.00546220736400126,0.0206573356948391,0.000563836460719768,0,0.946428571428571,0.158928571428571,0.2125,0.301802046049612,1,closed_loop_monte_carlo,ok,ok,-584.436841055152
combined_stress,SEIR with observation and process noise,SEIR,ssa,1,1,1,1,A1,Seasonal Forcing,AR,None,/home/kaahin/degree_project/hybrid-epidemic-forecasting/results/partB/combined_stress/forecasts/partB_combined_stress_forecast_A1_rep001_AR_None.mat,forecast_results,287,288,0.0371355611354926,0.0371355611354926,0.0966999751339412,0.092844607450834,0.0103160674945371,0.0214456993081268,0.00537379433282866,0,0.785714285714286,-0.00178571428571429,0.223214285714286,0.316494412352614,1,closed_loop_monte_carlo,ok,ok,-602.963407977196
combined_stress,SEIR with observation and process noise,SEIR,ssa,1,1,1,1,A1,Seasonal Forcing,AR,None,/home/kaahin/degree_project/hybrid-epidemic-forecasting/results/partB/combined_stress/forecasts/partB_combined_stress_forecast_A1_rep001_AR_None.mat,forecast_results,294,295,0.0349172284369566,0.0349172284369566,0.091587630738373,0.0874900939331756,0.00972112154813062,0.0206645678400724,0.0045315390487536,0,0.821428571428571,0.0339285714285714,0.2125,0.300410911221184,1,closed_loop_monte_carlo,ok,ok,-615.337057758863
combined_stress,SEIR with observation and process noise,SEIR,ssa,1,1,1,1,A1,Seasonal Forcing,AR,None,/home/kaahin/degree_project/hybrid-epidemic-forecasting/results/partB/combined_stress/forecasts/partB_combined_stress_forecast_A1_rep001_AR_None.mat,forecast_results,301,302,0.0225973947314744,0.0225973947314744,0.0385942782671623,0.0320452584565033,0.00356058427294481,0.0190368104585296,0,0,1,0.2125,0.2125,0.281209712004054,1,closed_loop_monte_carlo,ok,ok,-627.90590551385
combined_stress,SEIR with observation and process noise,SEIR,ssa,1,1,1,1,A1,Seasonal Forcing,AR,None,/home/kaahin/degree_project/hybrid-epidemic-forecasting/results/partB/combined_stress/forecasts/partB_combined_stress_forecast_A1_rep001_AR_None.mat,forecast_results,308,309,0.0182541509684808,0.0182541509684808,0.0128258718951983,0.00985060705971415,0.00109451189552379,0.017159639072957,0,0,1,0.2125,0.2125,0.251748147627697,1,closed_loop_monte_carlo,ok,ok,-642.913554702732
combined_stress,SEIR with observation and process noise,SEIR,ssa,1,1,1,1,A1,Seasonal Forcing,AR,None,/home/kaahin/degree_project/hybrid-epidemic-forecasting/results/partB/combined_stress/forecasts/partB_combined_stress_forecast_A1_rep001_AR_None.mat,forecast_results,315,316,0.0196898503125805,0.0196898503125805,0.0175874135759891,0.0136433254795764,0.00151592505328627,0.0181739252592942,0,0,1,0.2125,0.2125,0.264581523756778,1,closed_loop_monte_carlo,ok,ok,-660.756405836749
combined_stress,SEIR with observation and process noise,SEIR,ssa,1,1,1,1,A1,Seasonal Forcing,AR,None,/home/kaahin/degree_project/hybrid-epidemic-forecasting/results/partB/combined_stress/forecasts/partB_combined_stress_forecast_A1_rep001_AR_None.mat,forecast_results,322,323,0.0251927269722775,0.0251927269722775,0.0539987282042389,0.0503697052106019,0.0055966339122891,0.0183843598120639,0.00121173324792453,0,0.910714285714286,0.123214285714286,0.2125,0.272170824094763,1,closed_loop_monte_carlo,ok,ok,-676.403062450919
combined_stress,SEIR with observation and process noise,SEIR,ssa,1,1,1,1,A1,Seasonal Forcing,AR,None,/home/kaahin/degree_project/hybrid-epidemic-forecasting/results/partB/combined_stress/forecasts/partB_combined_stress_forecast_A1_rep001_AR_None.mat,forecast_results,329,330,0.0241561445835648,0.0241561445835648,0.0572289802824032,0.0532176673541075,0.00591307415045639,0.0179477788589068,0,0.000295291574201576,0.946428571428571,0.158928571428571,0.2125,0.263798419749064,1,closed_loop_monte_carlo,ok,ok,-690.78695126578
combined_stress,SEIR with observation and process noise,SEIR,ssa,1,1,1,1,A1,Seasonal Forcing,AR,None,/home/kaahin/degree_project/hybrid-epidemic-forecasting/results/partB/combined_stress/forecasts/partB_combined_stress_forecast_A1_rep001_AR_None.mat,forecast_results,336,337,0.0288287690797272,0.0288287690797272,0.0757186993215297,0.0695746001637595,0.00773051112930661,0.0190547530926056,0,0.002043504857815,0.892857142857143,0.105357142857143,0.2125,0.274960592256833,1,closed_loop_monte_carlo,ok,ok,-709.685515448238
combined_stress,SEIR with observation and process noise,SEIR,ssa,1,1,1,1,A1,Seasonal Forcing,AR,None,/home/kaahin/degree_project/hybrid-epidemic-forecasting/results/partB/combined_stress/forecasts/partB_combined_stress_forecast_A1_rep001_AR_None.mat,forecast_results,343,344,0.024205885427845,0.024205885427845,0.055209453642773,0.0437015655875195,0.00485572950972439,0.0181111449072717,0,0.00123901101084891,0.910714285714286,0.123214285714286,0.2125,0.271538709823033,1,closed_loop_monte_carlo,ok,ok,-726.276409818284
combined_stress,SEIR with observation and process noise,SEIR,ssa,1,1,1,1,A1,Seasonal Forcing,AR,None,/home/kaahin/degree_project/hybrid-epidemic-forecasting/results/partB/combined_stress/forecasts/partB_combined_stress_forecast_A1_rep001_AR_None.mat,forecast_results,350,351,0.0441476021896677,0.0441476021896677,0.123629840882656,0.117169438613623,0.0130188265126248,0.0193355862488334,0,0.0117931894282095,0.732142857142857,-0.0553571428571429,0.244642857142857,0.281684539526697,1,closed_loop_monte_carlo,ok,ok,-738.681648279543
combined_stress,SEIR with observation and process noise,SEIR,ssa,1,1,1,2,A1,Seasonal Forcing,ARX,I,/home/kaahin/degree_project/hybrid-epidemic-forecasting/results/partB/combined_stress/forecasts/partB_combined_stress_forecast_A1_rep002_ARX_I.mat,forecast_results,49,50,0.115391548854869,0.115391548854869,0.22786938820632,0.207289467398226,0.0230321630442473,0.0193859378492971,0,0.0729734479613246,0.339285714285714,-0.448214285714286,0.514285714285714,0.283064367500697,1,closed_loop_monte_carlo,ok,ok,-95.17300324703
combined_stress,SEIR with observation and process noise,SEIR,ssa,1,1,1,2,A1,Seasonal Forcing,ARX,I,/home/kaahin/degree_project/hybrid-epidemic-forecasting/results/partB/combined_stress/forecasts/partB_combined_stress_forecast_A1_rep002_ARX_I.mat,forecast_results,56,57,0.103244043971402,0.103244043971402,0.25272773748906,0.224689878586177,0.0249655420651307,0.0270784840415385,0.0512000178647331,0,0.428571428571429,-0.358928571428571,0.478571428571429,0.391201413451045,1,closed_loop_monte_carlo,ok,ok,-110.213548570073
combined_stress,SEIR with observation and process noise,SEIR,ssa,1,1,1,2,A1,Seasonal Forcing,ARX,I,/home/kaahin/degree_project/hybrid-epidemic-forecasting/results/partB/combined_stress/forecasts/partB_combined_stress_forecast_A1_rep002_ARX_I.mat,forecast_results,63,64,0.0659357455481893,0.0659357455481893,0.168459225992959,0.157429990220405,0.0174922211356006,0.0204970339157158,0,0.0279464904968729,0.535714285714286,-0.251785714285714,0.376785714285714,0.298014462775407,1,closed_loop_monte_carlo,ok,ok,-126.303426302335
combined_stress,SEIR with observation and process noise,SEIR,ssa,1,1,1,2,A1,Seasonal Forcing,ARX,I,/home/kaahin/degree_project/hybrid-epidemic-forecasting/results/partB/combined_stress/forecasts/partB_combined_stress_forecast_A1_rep002_ARX_I.mat,forecast_results,70,71,0.0295990733307372,0.0295990733307372,0.0654881869942843,0.0541629588929835,0.00601810654366483,0.0227570589080832,0,0.000823907878989127,0.928571428571429,0.141071428571429,0.2125,0.320548236347655,1,closed_loop_monte_carlo,ok,ok,-139.902491438954
combined_stress,SEIR with observation and process noise,SEIR,ssa,1,1,1,2,A1,Seasonal Forcing,ARX,I,/home/kaahin/degree_project/hybrid-epidemic-forecasting/results/partB/combined_stress/forecasts/partB_combined_stress_forecast_A1_rep002_ARX_I.mat,forecast_results,77,78,0.0441705891447261,0.0441705891447261,0.119984780073759,0.109057076946739,0.0121174529940822,0.0194235341623523,0,0.0126296019882916,0.696428571428571,-0.0910714285714286,0.2875,0.279610384232633,1,closed_loop_monte_carlo,ok,ok,-157.001385777192
combined_stress,SEIR with observation and process noise,SEIR,ssa,1,1,1,2,A1,Seasonal Forcing,ARX,I,/home/kaahin/degree_project/hybrid-epidemic-forecasting/results/partB/combined_stress/forecasts/partB_combined_stress_forecast_A1_rep002_ARX_I.mat,forecast_results,84,85,0.0271870515258205,0.0271870515258205,0.0485137815679824,0.0405820393306419,0.00450911548118243,0.0226779360446381,0,0,1,0.2125,0.2125,0.329053460868246,1,closed_loop_monte_carlo,ok,ok,-156.336791389094
combined_stress,SEIR with observation and process noise,SEIR,ssa,1,1,1,2,A1,Seasonal Forcing,ARX,I,/home/kaahin/degree_project/hybrid-epidemic-forecasting/results/partB/combined_stress/forecasts/partB_combined_stress_forecast_A1_rep002_ARX_I.mat,forecast_results,91,92,0.0578549953514586,0.0578549953514586,0.14702773949126,0.137662063373237,0.0152957848192485,0.0185160090386016,0,0.0240432014936085,0.5,-0.2875,0.405357142857143,0.263244357862759,1,closed_loop_monte_carlo,ok,ok,-172.655442497727
combined_stress,SEIR with observation and process noise,SEIR,ssa,1,1,1,2,A1,Seasonal Forcing,ARX,I,/home/kaahin/degree_project/hybrid-epidemic-forecasting/results/partB/combined_stress/forecasts/partB_combined_stress_forecast_A1_rep002_ARX_I.mat,forecast_results,98,99,0.0222334472415389,0.0222334472415389,0.0282432100259337,0.0215409370700981,0.00239343745223312,0.0198400097893057,0,0,1,0.2125,0.2125,0.288460494488985,1,closed_loop_monte_carlo,ok,ok,-191.130524541297
combined_stress,SEIR with observation and process noise,SEIR,ssa,1,1,1,2,A1,Seasonal Forcing,ARX,I,/home/kaahin/degree_project/hybrid-epidemic-forecasting/results/partB/combined_stress/forecasts/partB_combined_stress_forecast_A1_rep002_ARX_I.mat,forecast_results,105,106,0.0325336621510281,0.0325336621510281,0.0872762276800225,0.0842627569032099,0.0093625285448011,0.018130347845074,0,0.00504078576115303,0.803571428571429,0.0160714285714286,0.2125,0.260908139879147,1,closed_loop_monte_carlo,ok,ok,-207.229924115344
combined_stress,SEIR with observation and process noise,SEIR,ssa,1,1,1,2,A1,Seasonal Forcing,ARX,I,/home/kaahin/degree_project/hybrid-epidemic-forecasting/results/partB/combined_stress/forecasts/partB_combined_stress_forecast_A1_rep002_ARX_I.mat,forecast_results,112,113,0.0215639717002353,0.0215639717002353,0.0213280968089925,0.0152869206986865,0.0016985467442985,0.0198654249559368,0,0,1,0.2125,0.2125,0.288282298132836,1,closed_loop_monte_carlo,ok,ok,-211.517015639236
combined_stress,SEIR with observation and process noise,SEIR,ssa,1,1,1,2,A1,Seasonal Forcing,ARX,I,/home/kaahin/degree_project/hybrid-epidemic-forecasting/results/partB/combined_stress/forecasts/partB_combined_stress_forecast_A1_rep002_ARX_I.mat,forecast_results,119,120,0.021271985912847,0.021271985912847,0.0342902975859477,0.0293330116580103,0.0032592235175567,0.0179919946777047,0,2.07677175855607e-05,0.982142857142857,0.194642857142857,0.2125,0.265291300469399,1,closed_loop_monte_carlo,ok,ok,-219.722727501724
combined_stress,SEIR with observation and process noise,SEIR,ssa,1,1,1,2,A1,Seasonal Forcing,ARX,I,/home/kaahin/degree_project/hybrid-epidemic-forecasting/results/partB/combined_stress/forecasts/partB_combined_stress_forecast_A1_rep002_ARX_I.mat,forecast_results,126,127,0.021935691215635,0.021935691215635,0.0331201710403404,0.0293676042441114,0.0032630671382346,0.0186726240774004,0,0,1,0.2125,0.2125,0.269481052676223,1,closed_loop_monte_carlo,ok,ok,-228.833866675165
combined_stress,SEIR with observation and process noise,SEIR,ssa,1,1,1,2,A1,Seasonal Forcing,ARX,I,/home/kaahin/degree_project/hybrid-epidemic-forecasting/results/partB/combined_stress/forecasts/partB_combined_stress_forecast_A1_rep002_ARX_I.mat,forecast_results,133,134,0.0253182416496871,0.0253182416496871,0.0637686558489002,0.0568333614950335,0.00631481794389261,0.0183916799980768,0,0.000611743707717692,0.946428571428571,0.158928571428571,0.2125,0.26384016420952,1,closed_loop_monte_carlo,ok,ok,-243.379752448707
combined_stress,SEIR with observation and process noise,SEIR,ssa,1,1,1,2,A1,Seasonal Forcing,ARX,I,/home/kaahin/degree_project/hybrid-epidemic-forecasting/results/partB/combined_stress/forecasts/partB_combined_stress_forecast_A1_rep002_ARX_I.mat,forecast_results,140,141,0.0226661450116595,0.0226661450116595,0.0548351683731119,0.044926440067056,0.00499182667411733,0.016905593372198,0,0.000768724965344204,0.928571428571429,0.141071428571429,0.2125,0.24685597772348,1,closed_loop_monte_carlo,ok,ok,-262.901768819161
combined_stress,SEIR with observation and process noise,SEIR,ssa,1,1,1,2,A1,Seasonal Forcing,ARX,I,/home/kaahin/degree_project/hybrid-epidemic-forecasting/results/partB/combined_stress/forecasts/partB_combined_stress_forecast_A1_rep002_ARX_I.mat,forecast_results,147,148,0.0235470806702659,0.0235470806702659,0.0538584391682684,0.0459495929411023,0.00510551032678914,0.017043704185329,0,0.00139786615814771,0.892857142857143,0.105357142857143,0.223214285714286,0.248445067318283,1,closed_loop_monte_carlo,ok,ok,-282.432496748159
combined_stress,SEIR with observation and process noise,SEIR,ssa,1,1,1,2,A1,Seasonal Forcing,ARX,I,/home/kaahin/degree_project/hybrid-epidemic-forecasting/results/partB/combined_stress/forecasts/partB_combined_stress_forecast_A1_rep002_ARX_I.mat,forecast_results,154,155,0.026510603365699,0.026510603365699,0.0712052603858729,0.0580168366461026,0.00644631518290029,0.0175312208808129,0,0.00253306730198575,0.875,0.0875,0.223214285714286,0.255308091677286,1,closed_loop_monte_carlo,ok,ok,-296.089220261194
combined_stress,SEIR with observation and process noise,SEIR,ssa,1,1,1,2,A1,Seasonal Forcing,ARX,I,/home/kaahin/degree_project/hybrid-epidemic-forecasting/results/partB/combined_stress/forecasts/partB_combined_stress_forecast_A1_rep002_ARX_I.mat,forecast_results,161,162,0.0349967673880833,0.0349967673880833,0.0982485558432513,0.0880474165872962,0.00978304628747736,0.0183558070430328,0,0.00685791405757317,0.785714285714286,-0.00178571428571429,0.233928571428571,0.266594927928234,1,closed_loop_monte_carlo,ok,ok,-315.338808469249
combined_stress,SEIR with observation and process noise,SEIR,ssa,1,1,1,2,A1,Seasonal Forcing,ARX,I,/home/kaahin/degree_project/hybrid-epidemic-forecasting/results/partB/combined_stress/forecasts/partB_combined_stress_forecast_A1_rep002_ARX_I.mat,forecast_results,168,169,0.041130238033637,0.041130238033637,0.117285591997074,0.106268226411685,0.0118075807124094,0.0200960109652947,0,0.0092266463559329,0.767857142857143,-0.0196428571428571,0.233928571428571,0.285855210584692,1,closed_loop_monte_carlo,ok,ok,-328.205853124393
combined_stress,SEIR with observation and process noise,SEIR,ssa,1,1,1,2,A1,Seasonal Forcing,ARX,I,/home/kaahin/degree_project/hybrid-epidemic-forecasting/results/partB/combined_stress/forecasts/partB_combined_stress_forecast_A1_rep002_ARX_I.mat,forecast_results,175,176,0.0438927417564348,0.0438927417564348,0.126143061756638,0.112104364036294,0.0124560404484771,0.0216232633784759,0,0.00981343792948184,0.767857142857143,-0.0196428571428571,0.244642857142857,0.314731888495458,1,closed_loop_monte_carlo,ok,ok,-340.666745522033
combined_stress,SEIR with observation and process noise,SEIR,ssa,1,1,1,2,A1,Seasonal Forcing,ARX,I,/home/kaahin/degree_project/hybrid-epidemic-forecasting/results/partB/combined_stress/forecasts/partB_combined_stress_forecast_A1_rep002_ARX_I.mat,forecast_results,182,183,0.0555446463293216,0.0555446463293216,0.154906012564717,0.146182337619273,0.016242481957697,0.0219565594679999,0,0.0173456049036247,0.642857142857143,-0.144642857142857,0.2875,0.31866131099868,1,closed_loop_monte_carlo,ok,ok,-357.234379571109
combined_stress,SEIR with observation and process noise,SEIR,ssa,1,1,1,2,A1,Seasonal Forcing,ARX,I,/home/kaahin/degree_project/hybrid-epidemic-forecasting/results/partB/combined_stress/forecasts/partB_combined_stress_forecast_A1_rep002_ARX_I.mat,forecast_results,189,190,0.040102514666326,0.040102514666326,0.112136097938639,0.0973482655578674,0.0108164739508742,0.0241468074078292,0,0.00513923330762265,0.875,0.0875,0.2125,0.350624242454612,1,closed_loop_monte_carlo,ok,ok,-368.434641176718
combined_stress,SEIR with observation and process noise,SEIR,ssa,1,1,1,2,A1,Seasonal Forcing,ARX,I,/home/kaahin/degree_project/hybrid-epidemic-forecasting/results/partB/combined_stress/forecasts/partB_combined_stress_forecast_A1_rep002_ARX_I.mat,forecast_results,196,197,0.0311290610795774,0.0311290610795774,0.0411970533667817,0.0370681238763011,0.00411868043070013,0.0270103806488773,0,0,1,0.2125,0.2125,0.404202318944034,1,closed_loop_monte_carlo,ok,ok,-380.876322360879
combined_stress,SEIR with observation and process noise,SEIR,ssa,1,1,1,2,A1,Seasonal Forcing,ARX,I,/home/kaahin/degree_project/hybrid-epidemic-forecasting/results/partB/combined_stress/forecasts/partB_combined_stress_forecast_A1_rep002_ARX_I.mat,forecast_results,203,204,0.033792906775644,0.033792906775644,0.0493709037777552,0.0444957225124967,0.00494396916805519,0.0288489376075888,0,0,1,0.2125,0.2125,0.417573659142467,1,closed_loop_monte_carlo,ok,ok,-399.205304877232
combined_stress,SEIR with observation and process noise,SEIR,ssa,1,1,1,2,A1,Seasonal Forcing,ARX,I,/home/kaahin/degree_project/hybrid-epidemic-forecasting/results/partB/combined_stress/forecasts/partB_combined_stress_forecast_A1_rep002_ARX_I.mat,forecast_results,210,211,0.0356515026841936,0.0356515026841936,0.0716177206409202,0.0651324679027236,0.0072369408780804,0.0278961558752205,0,0.000518405930892608,0.964285714285714,0.176785714285714,0.2125,0.40260407861679,1,closed_loop_monte_carlo,ok,ok,-408.233392646828
combined_stress,SEIR with observation and process noise,SEIR,ssa,1,1,1,2,A1,Seasonal Forcing,ARX,I,/home/kaahin/degree_project/hybrid-epidemic-forecasting/results/partB/combined_stress/forecasts/partB_combined_stress_forecast_A1_rep002_ARX_I.mat,forecast_results,217,218,0.0316388938857537,0.0316388938857537,0.0367097932679799,0.0293681413978553,0.00326312682198393,0.0283757670637698,0,0,1,0.2125,0.2125,0.415409485437261,1,closed_loop_monte_carlo,ok,ok,-421.476489767792
combined_stress,SEIR with observation and process noise,SEIR,ssa,1,1,1,2,A1,Seasonal Forcing,ARX,I,/home/kaahin/degree_project/hybrid-epidemic-forecasting/results/partB/combined_stress/forecasts/partB_combined_stress_forecast_A1_rep002_ARX_I.mat,forecast_results,224,225,0.0306026915187287,0.0306026915187287,0.0262528514813394,0.0215316183578308,0.00239240203975898,0.0282102894789697,0,0,1,0.2125,0.2125,0.417245919131146,1,closed_loop_monte_carlo,ok,ok,-440.397495983767
combined_stress,SEIR with observation and process noise,SEIR,ssa,1,1,1,2,A1,Seasonal Forcing,ARX,I,/home/kaahin/degree_project/hybrid-epidemic-forecasting/results/partB/combined_stress/forecasts/partB_combined_stress_forecast_A1_rep002_ARX_I.mat,forecast_results,231,232,0.0426811821787412,0.0426811821787412,0.109401480756978,0.106446872262205,0.0118274302513561,0.0290621858550676,0.00179156607231739,0,0.875,0.0875,0.2125,0.431907751875057,1,closed_loop_monte_carlo,ok,ok,-453.585402175002
combined_stress,SEIR with observation and process noise,SEIR,ssa,1,1,1,2,A1,Seasonal Forcing,ARX,I,/home/kaahin/degree_project/hybrid-epidemic-forecasting/results/partB/combined_stress/forecasts/partB_combined_stress_forecast_A1_rep002_ARX_I.mat,forecast_results,238,239,0.0376903930630045,0.0376903930630045,0.0823741850230828,0.0802775802740665,0.00891973114156294,0.0282452756617813,0.000525386259660246,0,0.946428571428571,0.158928571428571,0.2125,0.411702942397888,1,closed_loop_monte_carlo,ok,ok,-470.467501876709
combined_stress,SEIR with observation and process noise,SEIR,ssa,1,1,1,2,A1,Seasonal Forcing,ARX,I,/home/kaahin/degree_project/hybrid-epidemic-forecasting/results/partB/combined_stress/forecasts/partB_combined_stress_forecast_A1_rep002_ARX_I.mat,forecast_results,245,246,0.0329072402081144,0.0329072402081144,0.0602705989257275,0.0544764604003848,0.0060529400444872,0.0268543001636272,0,0,1,0.2125,0.2125,0.387081086626123,1,closed_loop_monte_carlo,ok,ok,-488.760702855087
combined_stress,SEIR with observation and process noise,SEIR,ssa,1,1,1,2,A1,Seasonal Forcing,ARX,I,/home/kaahin/degree_project/hybrid-epidemic-forecasting/results/partB/combined_stress/forecasts/partB_combined_stress_forecast_A1_rep002_ARX_I.mat,forecast_results,252,253,0.0517009341432335,0.0517009341432335,0.136222769719483,0.127211718886574,0.0141346354318415,0.0293000700296729,0.00826622868171906,0,0.785714285714286,-0.00178571428571429,0.2125,0.424266315941745,1,closed_loop_monte_carlo,ok,ok,-501.337816831936
combined_stress,SEIR with observation and process noise,SEIR,ssa,1,1,1,2,A1,Seasonal Forcing,ARX,I,/home/kaahin/degree_project/hybrid-epidemic-forecasting/results/partB/combined_stress/forecasts/partB_combined_stress_forecast_A1_rep002_ARX_I.mat,forecast_results,259,260,0.0326463761769225,0.0326463761769225,0.0722087231609986,0.0597970893368091,0.00664412103742323,0.0254458663758515,0.000556388763647783,0,0.964285714285714,0.176785714285714,0.2125,0.366004516206377,1,closed_loop_monte_carlo,ok,ok,-512.430064138512
combined_stress,SEIR with observation and process noise,SEIR,ssa,1,1,1,2,A1,Seasonal Forcing,ARX,I,/home/kaahin/degree_project/hybrid-epidemic-forecasting/results/partB/combined_stress/forecasts/partB_combined_stress_forecast_A1_rep002_ARX_I.mat,forecast_results,266,267,0.0296685720218954,0.0296685720218954,0.0597461395723646,0.0534097857879533,0.00593442064310593,0.0231319938631001,0,0.000602157515689369,0.946428571428571,0.158928571428571,0.2125,0.342330684406871,1,closed_loop_monte_carlo,ok,ok,-523.93005184214
combined_stress,SEIR with observation and process noise,SEIR,ssa,1,1,1,2,A1,Seasonal Forcing,ARX,I,/home/kaahin/degree_project/hybrid-epidemic-forecasting/results/partB/combined_stress/forecasts/partB_combined_stress_forecast_A1_rep002_ARX_I.mat,forecast_results,273,274,0.0435962735561444,0.0435962735561444,0.113269791614565,0.105505312699898,0.0117228125222109,0.0240289945804931,0.00784446645344042,0,0.821428571428571,0.0339285714285714,0.223214285714286,0.354175711962305,1,closed_loop_monte_carlo,ok,ok,-539.996584133991
combined_stress,SEIR with observation and process noise,SEIR,ssa,1,1,1,2,A1,Seasonal Forcing,ARX,I,/home/kaahin/degree_project/hybrid-epidemic-forecasting/results/partB/combined_stress/forecasts/partB_combined_stress_forecast_A1_rep002_ARX_I.mat,forecast_results,280,281,0.0451437807392234,0.0451437807392234,0.126771821941464,0.120786242832636,0.0134206936480706,0.0239033740958556,0.00781971299529716,0,0.714285714285714,-0.0732142857142857,0.244642857142857,0.349730828150264,1,closed_loop_monte_carlo,ok,ok,-559.374539547665
combined_stress,SEIR with observation and process noise,SEIR,ssa,1,1,1,2,A1,Seasonal Forcing,ARX,I,/home/kaahin/degree_project/hybrid-epidemic-forecasting/results/partB/combined_stress/forecasts/partB_combined_stress_forecast_A1_rep002_ARX_I.mat,forecast_results,287,288,0.0262169381579155,0.0262169381579155,0.0526429664969705,0.0476851785661121,0.00529835317401246,0.0205086157245667,0.000409969259336393,0,0.964285714285714,0.176785714285714,0.2125,0.306129505005933,1,closed_loop_monte_carlo,ok,ok,-575.664238288341
combined_stress,SEIR with observation and process noise,SEIR,ssa,1,1,1,2,A1,Seasonal Forcing,ARX,I,/home/kaahin/degree_project/hybrid-epidemic-forecasting/results/partB/combined_stress/forecasts/partB_combined_stress_forecast_A1_rep002_ARX_I.mat,forecast_results,294,295,0.0307221360578736,0.0307221360578736,0.0755301120648199,0.0738228426298141,0.00820253806997935,0.0198679160677158,0.00265168192017841,0,0.839285714285714,0.0517857142857143,0.2125,0.286953005165174,1,closed_loop_monte_carlo,ok,ok,-592.555560979262
combined_stress,SEIR with observation and process noise,SEIR,ssa,1,1,1,2,A1,Seasonal Forcing,ARX,I,/home/kaahin/degree_project/hybrid-epidemic-forecasting/results/partB/combined_stress/forecasts/partB_combined_stress_forecast_A1_rep002_ARX_I.mat,forecast_results,301,302,0.0206791813350648,0.0206791813350648,0.0274940539010633,0.0241010603485773,0.00267789559428636,0.0180012857407784,0,0,1,0.2125,0.2125,0.263727895684105,1,closed_loop_monte_carlo,ok,ok,-609.006354770624
combined_stress,SEIR with observation and process noise,SEIR,ssa,1,1,1,2,A1,Seasonal Forcing,ARX,I,/home/kaahin/degree_project/hybrid-epidemic-forecasting/results/partB/combined_stress/forecasts/partB_combined_stress_forecast_A1_rep002_ARX_I.mat,forecast_results,308,309,0.0188250993642561,0.0188250993642561,0.0296947869103422,0.0276085159290788,0.00306761288100875,0.0157574864832473,0,0,1,0.2125,0.2125,0.230685454654843,1,closed_loop_monte_carlo,ok,ok,-625.765658472765
combined_stress,SEIR with observation and process noise,SEIR,ssa,1,1,1,2,A1,Seasonal Forcing,ARX,I,/home/kaahin/degree_project/hybrid-epidemic-forecasting/results/partB/combined_stress/forecasts/partB_combined_stress_forecast_A1_rep002_ARX_I.mat,forecast_results,315,316,0.0315993452129639,0.0315993452129639,0.0789368607367697,0.0772821830571489,0.0085869092285721,0.0197269103780282,0.00328552560636358,0,0.803571428571429,0.0160714285714286,0.223214285714286,0.287314784879911,1,closed_loop_monte_carlo,ok,ok,-638.32152376192
combined_stress,SEIR with observation and process noise,SEIR,ssa,1,1,1,2,A1,Seasonal Forcing,ARX,I,/home/kaahin/degree_project/hybrid-epidemic-forecasting/results/partB/combined_stress/forecasts/partB_combined_stress_forecast_A1_rep002_ARX_I.mat,forecast_results,322,323,0.0208533888152697,0.0208533888152697,0.02757471092195,0.0231395567337677,0.00257106185930753,0.0182823269559622,0,0,1,0.2125,0.2125,0.269477921189089,1,closed_loop_monte_carlo,ok,ok,-656.663760552562
combined_stress,SEIR with observation and process noise,SEIR,ssa,1,1,1,2,A1,Seasonal Forcing,ARX,I,/home/kaahin/degree_project/hybrid-epidemic-forecasting/results/partB/combined_stress/forecasts/partB_combined_stress_forecast_A1_rep002_ARX_I.mat,forecast_results,329,330,0.0291633603389579,0.0291633603389579,0.0786315188543928,0.0711931378306907,0.00791034864785452,0.0173457558078396,0,0.00390725588326379,0.821428571428571,0.0339285714285714,0.2125,0.256784753790248,1,closed_loop_monte_carlo,ok,ok,-667.294373630074
combined_stress,SEIR with observation and process noise,SEIR,ssa,1,1,1,2,A1,Seasonal Forcing,ARX,I,/home/kaahin/degree_project/hybrid-epidemic-forecasting/results/partB/combined_stress/forecasts/partB_combined_stress_forecast_A1_rep002_ARX_I.mat,forecast_results,336,337,0.0332618487228313,0.0332618487228313,0.0967688630302644,0.0884400806958667,0.00982667563287407,0.0172832551734176,0,0.00615191791653962,0.803571428571429,0.0160714285714286,0.223214285714286,0.254343127414544,1,closed_loop_monte_carlo,ok,ok,-682.985874392586
combined_stress,SEIR with observation and process noise,SEIR,ssa,1,1,1,2,A1,Seasonal Forcing,ARX,I,/home/kaahin/degree_project/hybrid-epidemic-forecasting/results/partB/combined_stress/forecasts/partB_combined_stress_forecast_A1_rep002_ARX_I.mat,forecast_results,343,344,0.0317353577248901,0.0317353577248901,0.0866363209643239,0.077720325597225,0.008635591733025,0.0182134987562797,0,0.00488626723558538,0.803571428571429,0.0160714285714286,0.233928571428571,0.266487600480349,1,closed_loop_monte_carlo,ok,ok,-690.244944932376
combined_stress,SEIR with observation and process noise,SEIR,ssa,1,1,1,2,A1,Seasonal Forcing,ARX,I,/home/kaahin/degree_project/hybrid-epidemic-forecasting/results/partB/combined_stress/forecasts/partB_combined_stress_forecast_A1_rep002_ARX_I.mat,forecast_results,350,351,0.0390294298327577,0.0390294298327577,0.110733294982913,0.0979232820731741,0.0108803646747971,0.0195262678622019,0,0.0086227972957587,0.785714285714286,-0.00178571428571429,0.233928571428571,0.285061435641428,1,closed_loop_monte_carlo,ok,ok,-704.381643465434
combined_stress,SEIR with observation and process noise,SEIR,ssa,1,1,1,2,A1,Seasonal Forcing,AR,None,/home/kaahin/degree_project/hybrid-epidemic-forecasting/results/partB/combined_stress/forecasts/partB_combined_stress_forecast_A1_rep002_AR_None.mat,forecast_results,49,50,0.0245275502175883,0.0245275502175883,0.0452063567798527,0.0390087698792104,0.00433430776435671,0.01982094729544,0,0.000372295157791619,0.982142857142857,0.194642857142857,0.2125,0.286029790547386,1,closed_loop_monte_carlo,ok,ok,-114.931833039163
combined_stress,SEIR with observation and process noise,SEIR,ssa,1,1,1,2,A1,Seasonal Forcing,AR,None,/home/kaahin/degree_project/hybrid-epidemic-forecasting/results/partB/combined_stress/forecasts/partB_combined_stress_forecast_A1_rep002_AR_None.mat,forecast_results,56,57,0.0311022548185699,0.0311022548185699,0.066567774594666,0.059969609364901,0.00666328992943345,0.0240572220364256,0.000381742852710773,0,0.964285714285714,0.176785714285714,0.2125,0.343033395152715,1,closed_loop_monte_carlo,ok,ok,-125.520629274336
combined_stress,SEIR with observation and process noise,SEIR,ssa,1,1,1,2,A1,Seasonal Forcing,AR,None,/home/kaahin/degree_project/hybrid-epidemic-forecasting/results/partB/combined_stress/forecasts/partB_combined_stress_forecast_A1_rep002_AR_None.mat,forecast_results,63,64,0.0258504973331919,0.0258504973331919,0.0360991494244658,0.0292039192865483,0.00324487992072758,0.0226056174124643,0,0,1,0.2125,0.2125,0.31762088149624,1,closed_loop_monte_carlo,ok,ok,-141.484680494964
combined_stress,SEIR with observation and process noise,SEIR,ssa,1,1,1,2,A1,Seasonal Forcing,AR,None,/home/kaahin/degree_project/hybrid-epidemic-forecasting/results/partB/combined_stress/forecasts/partB_combined_stress_forecast_A1_rep002_AR_None.mat,forecast_results,70,71,0.0381467327624882,0.0381467327624882,0.103259159350103,0.0977965956981543,0.010866288410906,0.0240201635806353,0.00326028077094686,0,0.875,0.0875,0.2125,0.333919657959475,1,closed_loop_monte_carlo,ok,ok,-156.040338761175
combined_stress,SEIR with observation and process noise,SEIR,ssa,1,1,1,2,A1,Seasonal Forcing,AR,None,/home/kaahin/degree_project/hybrid-epidemic-forecasting/results/partB/combined_stress/forecasts/partB_combined_stress_forecast_A1_rep002_AR_None.mat,forecast_results,77,78,0.0349573621201879,0.0349573621201879,0.0877534805554147,0.0765773496870756,0.00850859440967506,0.0228732688636351,0.00357549884687778,0,0.875,0.0875,0.2125,0.326708617190991,1,closed_loop_monte_carlo,ok,ok,-173.203673605162
combined_stress,SEIR with observation and process noise,SEIR,ssa,1,1,1,2,A1,Seasonal Forcing,AR,None,/home/kaahin/degree_project/hybrid-epidemic-forecasting/results/partB/combined_stress/forecasts/partB_combined_stress_forecast_A1_rep002_AR_None.mat,forecast_results,84,85,0.0416334603113435,0.0416334603113435,0.115969099184791,0.106876297831666,0.0118751442035185,0.0231300448299959,0.00662827127782916,0,0.839285714285714,0.0517857142857143,0.2125,0.329719518587696,1,closed_loop_monte_carlo,ok,ok,-173.345945273891
combined_stress,SEIR with observation and process noise,SEIR,ssa,1,1,1,2,A1,Seasonal Forcing,AR,None,/home/kaahin/degree_project/hybrid-epidemic-forecasting/results/partB/combined_stress/forecasts/partB_combined_stress_forecast_A1_rep002_AR_None.mat,forecast_results,91,92,0.0352599478647679,0.0352599478647679,0.0928383259514306,0.0829959107799551,0.00922176786443946,0.0222861392771662,0.00375204072316226,0,0.892857142857143,0.105357142857143,0.2125,0.309434527187564,1,closed_loop_monte_carlo,ok,ok,-186.840046057024
combined_stress,SEIR with observation and process noise,SEIR,ssa,1,1,1,2,A1,Seasonal Forcing,AR,None,/home/kaahin/degree_project/hybrid-epidemic-forecasting/results/partB/combined_stress/forecasts/partB_combined_stress_forecast_A1_rep002_AR_None.mat,forecast_results,98,99,0.0452698406898734,0.0452698406898734,0.120417018540126,0.114475778942032,0.0127195309935591,0.020984319693036,0.0115659900032782,0,0.589285714285714,-0.198214285714286,0.3375,0.294337348846636,1,closed_loop_monte_carlo,ok,ok,-207.233855662043
combined_stress,SEIR with observation and process noise,SEIR,ssa,1,1,1,2,A1,Seasonal Forcing,AR,None,/home/kaahin/degree_project/hybrid-epidemic-forecasting/results/partB/combined_stress/forecasts/partB_combined_stress_forecast_A1_rep002_AR_None.mat,forecast_results,105,106,0.0256268993663241,0.0256268993663241,0.0603541086595933,0.0513461166541075,0.00570512407267861,0.0185898283736819,0.00133194691996351,0,0.910714285714286,0.123214285714286,0.2125,0.262999809106624,1,closed_loop_monte_carlo,ok,ok,-220.072152852484
combined_stress,SEIR with observation and process noise,SEIR,ssa,1,1,1,2,A1,Seasonal Forcing,AR,None,/home/kaahin/degree_project/hybrid-epidemic-forecasting/results/partB/combined_stress/forecasts/partB_combined_stress_forecast_A1_rep002_AR_None.mat,forecast_results,112,113,0.0344013792614808,0.0344013792614808,0.0872743301297251,0.0813290509525274,0.00903656121694749,0.0207612575176842,0.00460356052684913,0,0.803571428571429,0.0160714285714286,0.223214285714286,0.301497753119338,1,closed_loop_monte_carlo,ok,ok,-227.675241985488
combined_stress,SEIR with observation and process noise,SEIR,ssa,1,1,1,2,A1,Seasonal Forcing,AR,None,/home/kaahin/degree_project/hybrid-epidemic-forecasting/results/partB/combined_stress/forecasts/partB_combined_stress_forecast_A1_rep002_AR_None.mat,forecast_results,119,120,0.023998669797092,0.023998669797092,0.0470727902098437,0.0437303567971537,0.00485892853301708,0.0187253249954376,0.000414416268637266,0,0.946428571428571,0.158928571428571,0.2125,0.270162254777743,1,closed_loop_monte_carlo,ok,ok,-235.316197221646
combined_stress,SEIR with observation and process noise,SEIR,ssa,1,1,1,2,A1,Seasonal Forcing,AR,None,/home/kaahin/degree_project/hybrid-epidemic-forecasting/results/partB/combined_stress/forecasts/partB_combined_stress_forecast_A1_rep002_AR_None.mat,forecast_results,126,127,0.0216696204734562,0.0216696204734562,0.0290712620463718,0.0234694933371574,0.00260772148190638,0.0189455316423309,0.000116367349218924,0,0.982142857142857,0.194642857142857,0.2125,0.272790363101501,1,closed_loop_monte_carlo,ok,ok,-247.178997156695
combined_stress,SEIR with observation and process noise,SEIR,ssa,1,1,1,2,A1,Seasonal Forcing,AR,None,/home/kaahin/degree_project/hybrid-epidemic-forecasting/results/partB/combined_stress/forecasts/partB_combined_stress_forecast_A1_rep002_AR_None.mat,forecast_results,133,134,0.0207981161811315,0.0207981161811315,0.0284956921296088,0.0201770389146894,0.00224189321274327,0.0184218468654919,0.000134376102896306,0,0.982142857142857,0.194642857142857,0.2125,0.266117091128397,1,closed_loop_monte_carlo,ok,ok,-259.189498210415
combined_stress,SEIR with observation and process noise,SEIR,ssa,1,1,1,2,A1,Seasonal Forcing,AR,None,/home/kaahin/degree_project/hybrid-epidemic-forecasting/results/partB/combined_stress/forecasts/partB_combined_stress_forecast_A1_rep002_AR_None.mat,forecast_results,140,141,0.0208345715447146,0.0208345715447146,0.0348746106339308,0.0291605922386579,0.00324006580429532,0.0173547533969493,0,0.000239752343469958,0.982142857142857,0.194642857142857,0.2125,0.254757638548348,1,closed_loop_monte_carlo,ok,ok,-277.180848902633
combined_stress,SEIR with observation and process noise,SEIR,ssa,1,1,1,2,A1,Seasonal Forcing,AR,None,/home/kaahin/degree_project/hybrid-epidemic-forecasting/results/partB/combined_stress/forecasts/partB_combined_stress_forecast_A1_rep002_AR_None.mat,forecast_results,147,148,0.0204440448379253,0.0204440448379253,0.0385897175279472,0.0331117283339761,0.00367908092599735,0.0166929326601314,0,7.20312517964767e-05,0.982142857142857,0.194642857142857,0.2125,0.243329767892033,1,closed_loop_monte_carlo,ok,ok,-297.059002696785
combined_stress,SEIR with observation and process noise,SEIR,ssa,1,1,1,2,A1,Seasonal Forcing,AR,None,/home/kaahin/degree_project/hybrid-epidemic-forecasting/results/partB/combined_stress/forecasts/partB_combined_stress_forecast_A1_rep002_AR_None.mat,forecast_results,154,155,0.0250253741010027,0.0250253741010027,0.0549907835983097,0.047883901159265,0.00532043346214056,0.0188488548769574,0,0.000856085761904738,0.946428571428571,0.158928571428571,0.2125,0.269949484506269,1,closed_loop_monte_carlo,ok,ok,-310.934074605701
combined_stress,SEIR with observation and process noise,SEIR,ssa,1,1,1,2,A1,Seasonal Forcing,AR,None,/home/kaahin/degree_project/hybrid-epidemic-forecasting/results/partB/combined_stress/forecasts/partB_combined_stress_forecast_A1_rep002_AR_None.mat,forecast_results,161,162,0.0305341667049551,0.0305341667049551,0.0826987402268838,0.0768986850143898,0.0085442983349322,0.0187112509284961,0,0.0032786174415268,0.839285714285714,0.0517857142857143,0.2125,0.276671524640212,1,closed_loop_monte_carlo,ok,ok,-330.439319590136
combined_stress,SEIR with observation and process noise,SEIR,ssa,1,1,1,2,A1,Seasonal Forcing,AR,None,/home/kaahin/degree_project/hybrid-epidemic-forecasting/results/partB/combined_stress/forecasts/partB_combined_stress_forecast_A1_rep002_AR_None.mat,forecast_results,168,169,0.0412995987547879,0.0412995987547879,0.111870767211921,0.102972683344032,0.011441409260448,0.0182561151398695,0,0.0116020743544704,0.714285714285714,-0.0732142857142857,0.258928571428571,0.268155391827302,1,closed_loop_monte_carlo,ok,ok,-343.478358775879
combined_stress,SEIR with observation and process noise,SEIR,ssa,1,1,1,2,A1,Seasonal Forcing,AR,None,/home/kaahin/degree_project/hybrid-epidemic-forecasting/results/partB/combined_stress/forecasts/partB_combined_stress_forecast_A1_rep002_AR_None.mat,forecast_results,175,176,0.0365963118895142,0.0365963118895142,0.0989428635363551,0.0902615843132923,0.0100290649236991,0.0232411299399301,0,0.00332611702588495,0.857142857142857,0.0696428571428571,0.2125,0.328307752283282,1,closed_loop_monte_carlo,ok,ok,-357.759388232946
combined_stress,SEIR with observation and process noise,SEIR,ssa,1,1,1,2,A1,Seasonal Forcing,AR,None,/home/kaahin/degree_project/hybrid-epidemic-forecasting/results/partB/combined_stress/forecasts/partB_combined_stress_forecast_A1_rep002_AR_None.mat,forecast_results,182,183,0.053718549704824,0.053718549704824,0.147904369533951,0.141143792014763,0.0156826435571958,0.0211773895295227,0,0.0168585166181054,0.625,-0.1625,0.291071428571429,0.30541496468968,1,closed_loop_monte_carlo,ok,ok,-374.823051646259
combined_stress,SEIR with observation and process noise,SEIR,ssa,1,1,1,2,A1,Seasonal Forcing,AR,None,/home/kaahin/degree_project/hybrid-epidemic-forecasting/results/partB/combined_stress/forecasts/partB_combined_stress_forecast_A1_rep002_AR_None.mat,forecast_results,189,190,0.0373604725460076,0.0373604725460076,0.0967070393111518,0.0901469870912418,0.0100163318990269,0.0245353481440451,0,0.00280879250293563,0.857142857142857,0.0696428571428571,0.2125,0.355601365568262,1,closed_loop_monte_carlo,ok,ok,-385.619384161233
combined_stress,SEIR with observation and process noise,SEIR,ssa,1,1,1,2,A1,Seasonal Forcing,AR,None,/home/kaahin/degree_project/hybrid-epidemic-forecasting/results/partB/combined_stress/forecasts/partB_combined_stress_forecast_A1_rep002_AR_None.mat,forecast_results,196,197,0.0368996355332411,0.0368996355332411,0.0969774069323125,0.0879073530405878,0.00976748367117642,0.0249168513529373,0,0.00221530050912736,0.892857142857143,0.105357142857143,0.2125,0.361865756475825,1,closed_loop_monte_carlo,ok,ok,-397.529952609773
combined_stress,SEIR with observation and process noise,SEIR,ssa,1,1,1,2,A1,Seasonal Forcing,AR,None,/home/kaahin/degree_project/hybrid-epidemic-forecasting/results/partB/combined_stress/forecasts/partB_combined_stress_forecast_A1_rep002_AR_None.mat,forecast_results,203,204,0.0354132938860508,0.0354132938860508,0.0806570172462578,0.0749121497791044,0.00832357219767826,0.0263738871811536,0,0.000715834507218883,0.928571428571429,0.141071428571429,0.2125,0.387048308373255,1,closed_loop_monte_carlo,ok,ok,-416.442803405685
combined_stress,SEIR with observation and process noise,SEIR,ssa,1,1,1,2,A1,Seasonal Forcing,AR,None,/home/kaahin/degree_project/hybrid-epidemic-forecasting/results/partB/combined_stress/forecasts/partB_combined_stress_forecast_A1_rep002_AR_None.mat,forecast_results,210,211,0.0377756612253481,0.0377756612253481,0.0887543794625703,0.0780305774098577,0.00867006415665086,0.0271479343882843,0,0.00195766268041293,0.910714285714286,0.123214285714286,0.223214285714286,0.388184666438209,1,closed_loop_monte_carlo,ok,ok,-426.006873622287
combined_stress,SEIR with observation and process noise,SEIR,ssa,1,1,1,2,A1,Seasonal Forcing,AR,None,/home/kaahin/degree_project/hybrid-epidemic-forecasting/results/partB/combined_stress/forecasts/partB_combined_stress_forecast_A1_rep002_AR_None.mat,forecast_results,217,218,0.0334468224771086,0.0334468224771086,0.048693114811079,0.0438793853237692,0.00487548725819658,0.028571335218912,0,0,1,0.2125,0.2125,0.406842703923564,1,closed_loop_monte_carlo,ok,ok,-439.048457781342
combined_stress,SEIR with observation and process noise,SEIR,ssa,1,1,1,2,A1,Seasonal Forcing,AR,None,/home/kaahin/degree_project/hybrid-epidemic-forecasting/results/partB/combined_stress/forecasts/partB_combined_stress_forecast_A1_rep002_AR_None.mat,forecast_results,224,225,0.0307169241071514,0.0307169241071514,0.0448744096080954,0.0402901035063388,0.00447667816737098,0.0262402459397804,0,0,1,0.2125,0.2125,0.381886152765117,1,closed_loop_monte_carlo,ok,ok,-456.605391895971
combined_stress,SEIR with observation and process noise,SEIR,ssa,1,1,1,2,A1,Seasonal Forcing,AR,None,/home/kaahin/degree_project/hybrid-epidemic-forecasting/results/partB/combined_stress/forecasts/partB_combined_stress_forecast_A1_rep002_AR_None.mat,forecast_results,231,232,0.0392111663130515,0.0392111663130515,0.0864767958717048,0.0796333786892029,0.00884815318768921,0.0300002483026675,0.000362764822694818,0,0.946428571428571,0.158928571428571,0.2125,0.429889725880806,1,closed_loop_monte_carlo,ok,ok,-469.014385963184
combined_stress,SEIR with observation and process noise,SEIR,ssa,1,1,1,2,A1,Seasonal Forcing,AR,None,/home/kaahin/degree_project/hybrid-epidemic-forecasting/results/partB/combined_stress/forecasts/partB_combined_stress_forecast_A1_rep002_AR_None.mat,forecast_results,238,239,0.040115245826847,0.040115245826847,0.0947648422839945,0.0864810098175605,0.00960900109084006,0.0287843889158631,0.00172185582014391,0,0.928571428571429,0.141071428571429,0.2125,0.418234185333376,1,closed_loop_monte_carlo,ok,ok,-487.633754973993
combined_stress,SEIR with observation and process noise,SEIR,ssa,1,1,1,2,A1,Seasonal Forcing,AR,None,/home/kaahin/degree_project/hybrid-epidemic-forecasting/results/partB/combined_stress/forecasts/partB_combined_stress_forecast_A1_rep002_AR_None.mat,forecast_results,245,246,0.0363842114986295,0.0363842114986295,0.0818895576608474,0.0777435956183802,0.00863817729093113,0.0269070915858044,0.000838942621893951,0,0.946428571428571,0.158928571428571,0.2125,0.385765654405414,1,closed_loop_monte_carlo,ok,ok,-506.473638601107
combined_stress,SEIR with observation and process noise,SEIR,ssa,1,1,1,2,A1,Seasonal Forcing,AR,None,/home/kaahin/degree_project/hybrid-epidemic-forecasting/results/partB/combined_stress/forecasts/partB_combined_stress_forecast_A1_rep002_AR_None.mat,forecast_results,252,253,0.0463130833382098,0.0463130833382098,0.123872851304728,0.11613984698796,0.0129044274431066,0.0273662126878482,0.00604244320725492,0,0.821428571428571,0.0339285714285714,0.223214285714286,0.392511262767777,1,closed_loop_monte_carlo,ok,ok,-519.929114033783
combined_stress,SEIR with observation and process noise,SEIR,ssa,1,1,1,2,A1,Seasonal Forcing,AR,None,/home/kaahin/degree_project/hybrid-epidemic-forecasting/results/partB/combined_stress/forecasts/partB_combined_stress_forecast_A1_rep002_AR_None.mat,forecast_results,259,260,0.0286822173230386,0.0286822173230386,0.052111231539837,0.0418515125452159,0.00465016806057955,0.0240107800675782,2.12691948808691e-05,0,0.982142857142857,0.194642857142857,0.2125,0.352754967642487,1,closed_loop_monte_carlo,ok,ok,-531.871313466227
combined_stress,SEIR with observation and process noise,SEIR,ssa,1,1,1,2,A1,Seasonal Forcing,AR,None,/home/kaahin/degree_project/hybrid-epidemic-forecasting/results/partB/combined_stress/forecasts/partB_combined_stress_forecast_A1_rep002_AR_None.mat,forecast_results,266,267,0.0290437787929488,0.0290437787929488,0.0568139461049189,0.0455731472518826,0.00506368302798695,0.0226612036324154,0,0.00131889213254651,0.946428571428571,0.158928571428571,0.2125,0.328776502296702,1,closed_loop_monte_carlo,ok,ok,-543.862282966827
combined_stress,SEIR with observation and process noise,SEIR,ssa,1,1,1,2,A1,Seasonal Forcing,AR,None,/home/kaahin/degree_project/hybrid-epidemic-forecasting/results/partB/combined_stress/forecasts/partB_combined_stress_forecast_A1_rep002_AR_None.mat,forecast_results,273,274,0.0415965847017553,0.0415965847017553,0.113459056339364,0.107027895230072,0.0118919883588969,0.0235307528484604,0.00617384349439806,0,0.785714285714286,-0.00178571428571429,0.223214285714286,0.337474105436935,1,closed_loop_monte_carlo,ok,ok,-560.766715248832
combined_stress,SEIR with observation and process noise,SEIR,ssa,1,1,1,2,A1,Seasonal Forcing,AR,None,/home/kaahin/degree_project/hybrid-epidemic-forecasting/results/partB/combined_stress/forecasts/partB_combined_stress_forecast_A1_rep002_AR_None.mat,forecast_results,280,281,0.0453608819779242,0.0453608819779242,0.118484430635688,0.115433276247792,0.012825919583088,0.0237769049204394,0.00875805747439682,0,0.75,-0.0375,0.223214285714286,0.34614919972004,1,closed_loop_monte_carlo,ok,ok,-580.555348002325
combined_stress,SEIR with observation and process noise,SEIR,ssa,1,1,1,2,A1,Seasonal Forcing,AR,None,/home/kaahin/degree_project/hybrid-epidemic-forecasting/results/partB/combined_stress/forecasts/partB_combined_stress_forecast_A1_rep002_AR_None.mat,forecast_results,287,288,0.0286575262106265,0.0286575262106265,0.0702108011918081,0.060685297593343,0.00674281084370477,0.0195869380576111,0.00232777730931059,0,0.892857142857143,0.105357142857143,0.2125,0.284862003752919,1,closed_loop_monte_carlo,ok,ok,-596.120832443698
combined_stress,SEIR with observation and process noise,SEIR,ssa,1,1,1,2,A1,Seasonal Forcing,AR,None,/home/kaahin/degree_project/hybrid-epidemic-forecasting/results/partB/combined_stress/forecasts/partB_combined_stress_forecast_A1_rep002_AR_None.mat,forecast_results,294,295,0.033871608277997,0.033871608277997,0.088580847895562,0.0848040775366034,0.00942267528184483,0.019445454137444,0.00500347885870815,0,0.821428571428571,0.0339285714285714,0.2125,0.275510576831187,1,closed_loop_monte_carlo,ok,ok,-613.567613841412
combined_stress,SEIR with observation and process noise,SEIR,ssa,1,1,1,2,A1,Seasonal Forcing,AR,None,/home/kaahin/degree_project/hybrid-epidemic-forecasting/results/partB/combined_stress/forecasts/partB_combined_stress_forecast_A1_rep002_AR_None.mat,forecast_results,301,302,0.0202954908000483,0.0202954908000483,0.0288961785986816,0.0259083772439468,0.00287870858266075,0.0174167822173875,0,0,1,0.2125,0.2125,0.251322671496533,1,closed_loop_monte_carlo,ok,ok,-628.947945004804
combined_stress,SEIR with observation and process noise,SEIR,ssa,1,1,1,2,A1,Seasonal Forcing,AR,None,/home/kaahin/degree_project/hybrid-epidemic-forecasting/results/partB/combined_stress/forecasts/partB_combined_stress_forecast_A1_rep002_AR_None.mat,forecast_results,308,309,0.017506542562067,0.017506542562067,0.0181697023071066,0.013196240058583,0.00146624889539811,0.0160402936666689,0,0,1,0.2125,0.2125,0.23041729949354,1,closed_loop_monte_carlo,ok,ok,-646.549906961967
combined_stress,SEIR with observation and process noise,SEIR,ssa,1,1,1,2,A1,Seasonal Forcing,AR,None,/home/kaahin/degree_project/hybrid-epidemic-forecasting/results/partB/combined_stress/forecasts/partB_combined_stress_forecast_A1_rep002_AR_None.mat,forecast_results,315,316,0.0296532499073416,0.0296532499073416,0.0758117156441482,0.0737967258055406,0.00819963620061562,0.0184431201879847,0.0030104935187413,0,0.821428571428571,0.0339285714285714,0.223214285714286,0.264868454984465,1,closed_loop_monte_carlo,ok,ok,-657.720704460441
combined_stress,SEIR with observation and process noise,SEIR,ssa,1,1,1,2,A1,Seasonal Forcing,AR,None,/home/kaahin/degree_project/hybrid-epidemic-forecasting/results/partB/combined_stress/forecasts/partB_combined_stress_forecast_A1_rep002_AR_None.mat,forecast_results,322,323,0.0206177817009031,0.0206177817009031,0.0254453994793669,0.0208966193099576,0.00232184658999529,0.0182959351109078,0,0,1,0.2125,0.2125,0.263794440782946,1,closed_loop_monte_carlo,ok,ok,-675.942096692664
combined_stress,SEIR with observation and process noise,SEIR,ssa,1,1,1,2,A1,Seasonal Forcing,AR,None,/home/kaahin/degree_project/hybrid-epidemic-forecasting/results/partB/combined_stress/forecasts/partB_combined_stress_forecast_A1_rep002_AR_None.mat,forecast_results,329,330,0.028817324354705,0.028817324354705,0.0787207635231987,0.0702590270897009,0.00780655856552232,0.0176949070190132,0,0.0033158587701695,0.875,0.0875,0.2125,0.260130717155264,1,closed_loop_monte_carlo,ok,ok,-687.710174180683
combined_stress,SEIR with observation and process noise,SEIR,ssa,1,1,1,2,A1,Seasonal Forcing,AR,None,/home/kaahin/degree_project/hybrid-epidemic-forecasting/results/partB/combined_stress/forecasts/partB_combined_stress_forecast_A1_rep002_AR_None.mat,forecast_results,336,337,0.0290384737568361,0.0290384737568361,0.0783885509394602,0.0730688463480698,0.00811876070534109,0.0180279065040935,0,0.00289180654740152,0.839285714285714,0.0517857142857143,0.2125,0.261678559199037,1,closed_loop_monte_carlo,ok,ok,-702.422850857417
combined_stress,SEIR with observation and process noise,SEIR,ssa,1,1,1,2,A1,Seasonal Forcing,AR,None,/home/kaahin/degree_project/hybrid-epidemic-forecasting/results/partB/combined_stress/forecasts/partB_combined_stress_forecast_A1_rep002_AR_None.mat,forecast_results,343,344,0.0325766919277306,0.0325766919277306,0.0893298997178317,0.0798390448085234,0.00887100497872482,0.0171183166115251,0,0.00658737033748063,0.803571428571429,0.0160714285714286,0.233928571428571,0.253375101685208,1,closed_loop_monte_carlo,ok,ok,-710.536171799306
combined_stress,SEIR with observation and process noise,SEIR,ssa,1,1,1,2,A1,Seasonal Forcing,AR,None,/home/kaahin/degree_project/hybrid-epidemic-forecasting/results/partB/combined_stress/forecasts/partB_combined_stress_forecast_A1_rep002_AR_None.mat,forecast_results,350,351,0.0356680827672846,0.0356680827672846,0.102114267986135,0.0919176982676329,0.0102130775852925,0.0201544850747708,0,0.0053005201072213,0.839285714285714,0.0517857142857143,0.2125,0.296675417077571,1,closed_loop_monte_carlo,ok,ok,-724.565819136655
combined_stress,SEIR with observation and process noise,SEIR,ssa,1,1,1,1,A2,Policy Intervention,ARX,I,/home/kaahin/degree_project/hybrid-epidemic-forecasting/results/partB/combined_stress/forecasts/partB_combined_stress_forecast_A2_rep001_ARX_I.mat,forecast_results,49,50,0.0404255874667014,0.0404255874667014,0.0555899994820083,0.0485380254413573,0.00539311393792859,0.0350324735287728,0,0,1,0.2125,0.2125,0.516364284239408,1,closed_loop_monte_carlo,ok,ok,-85.0878871248455
combined_stress,SEIR with observation and process noise,SEIR,ssa,1,1,1,1,A2,Policy Intervention,ARX,I,/home/kaahin/degree_project/hybrid-epidemic-forecasting/results/partB/combined_stress/forecasts/partB_combined_stress_forecast_A2_rep001_ARX_I.mat,forecast_results,56,57,0.0450311856537171,0.0450311856537171,0.101652367079041,0.0923886396450278,0.0102654044050031,0.034759315623007,0,6.46562570704926e-06,0.982142857142857,0.194642857142857,0.2125,0.489647020561608,1,closed_loop_monte_carlo,ok,ok,-90.4507674194801
combined_stress,SEIR with observation and process noise,SEIR,ssa,1,1,1,1,A2,Policy Intervention,ARX,I,/home/kaahin/degree_project/hybrid-epidemic-forecasting/results/partB/combined_stress/forecasts/partB_combined_stress_forecast_A2_rep001_ARX_I.mat,forecast_results,63,64,0.0434673267157937,0.0434673267157937,0.0530606745560316,0.0473706958968086,0.00526341065520096,0.0382039160605927,0,0,1,0.2125,0.2125,0.540444698550587,1,closed_loop_monte_carlo,ok,ok,-107.859850585958
combined_stress,SEIR with observation and process noise,SEIR,ssa,1,1,1,1,A2,Policy Intervention,ARX,I,/home/kaahin/degree_project/hybrid-epidemic-forecasting/results/partB/combined_stress/forecasts/partB_combined_stress_forecast_A2_rep001_ARX_I.mat,forecast_results,70,71,0.040319281724766,0.040319281724766,0.0399694155101763,0.0330349634479807,0.00367055149422008,0.0366487302305459,0,0,1,0.2125,0.2125,0.504570679833803,1,closed_loop_monte_carlo,ok,ok,-122.069472062998
combined_stress,SEIR with observation and process noise,SEIR,ssa,1,1,1,1,A2,Policy Intervention,ARX,I,/home/kaahin/degree_project/hybrid-epidemic-forecasting/results/partB/combined_stress/forecasts/partB_combined_stress_forecast_A2_rep001_ARX_I.mat,forecast_results,77,78,0.0463538888950457,0.0463538888950457,0.0706674476719865,0.0678802859622287,0.00754225399580318,0.0388116348992425,0,0,1,0.2125,0.2125,0.54124669373231,1,closed_loop_monte_carlo,ok,ok,-140.152351389213
combined_stress,SEIR with observation and process noise,SEIR,ssa,1,1,1,1,A2,Policy Intervention,ARX,I,/home/kaahin/degree_project/hybrid-epidemic-forecasting/results/partB/combined_stress/forecasts/partB_combined_stress_forecast_A2_rep001_ARX_I.mat,forecast_results,84,85,0.0438612062243223,0.0438612062243223,0.0736488357492388,0.0700068023739979,0.00777853359711088,0.036014438446187,6.82341810244691e-05,0,0.982142857142857,0.194642857142857,0.2125,0.504857765440605,1,closed_loop_monte_carlo,ok,ok,-162.115485179103
combined_stress,SEIR with observation and process noise,SEIR,ssa,1,1,1,1,A2,Policy Intervention,ARX,I,/home/kaahin/degree_project/hybrid-epidemic-forecasting/results/partB/combined_stress/forecasts/partB_combined_stress_forecast_A2_rep001_ARX_I.mat,forecast_results,91,92,0.0417308712261941,0.0417308712261941,0.0310547182015892,0.0233493371074287,0.0025943707897143,0.0391365004364798,0,0,1,0.2125,0.2125,0.567884032621406,1,closed_loop_monte_carlo,ok,ok,-171.534087714501
combined_stress,SEIR with observation and process noise,SEIR,ssa,1,1,1,1,A2,Policy Intervention,ARX,I,/home/kaahin/degree_project/hybrid-epidemic-forecasting/results/partB/combined_stress/forecasts/partB_combined_stress_forecast_A2_rep001_ARX_I.mat,forecast_results,98,99,0.0480707078220296,0.0480707078220296,0.104381385915034,0.101306860727212,0.0112563178585791,0.0361614022796097,0.000652987683840874,0,0.946428571428571,0.158928571428571,0.2125,0.52319629372763,1,closed_loop_monte_carlo,ok,ok,-190.750475901201
combined_stress,SEIR with observation and process noise,SEIR,ssa,1,1,1,1,A2,Policy Intervention,ARX,I,/home/kaahin/degree_project/hybrid-epidemic-forecasting/results/partB/combined_stress/forecasts/partB_combined_stress_forecast_A2_rep001_ARX_I.mat,forecast_results,105,106,0.0412298531919735,0.0412298531919735,0.0826368428101187,0.0779817136314725,0.00866463484794139,0.0324445500875136,0,0.000120668256518449,0.982142857142857,0.194642857142857,0.2125,0.467895700697117,1,closed_loop_monte_carlo,ok,ok,-205.195728531395
combined_stress,SEIR with observation and process noise,SEIR,ssa,1,1,1,1,A2,Policy Intervention,ARX,I,/home/kaahin/degree_project/hybrid-epidemic-forecasting/results/partB/combined_stress/forecasts/partB_combined_stress_forecast_A2_rep001_ARX_I.mat,forecast_results,112,113,0.274549722411217,0.274549722411217,0.515276308986524,0.393224145891737,0.0436915717657486,0.0348703924112335,0.195987758234235,0,0.482142857142857,-0.305357142857143,0.483928571428571,0.497226695925954,1,closed_loop_monte_carlo,ok,ok,-218.001416992385
combined_stress,SEIR with observation and process noise,SEIR,ssa,1,1,1,1,A2,Policy Intervention,ARX,I,/home/kaahin/degree_project/hybrid-epidemic-forecasting/results/partB/combined_stress/forecasts/partB_combined_stress_forecast_A2_rep001_ARX_I.mat,forecast_results,119,120,0.507718521655796,0.507718521655796,0.718751795552334,0.684093917522333,0.0760104352802592,0.0316950657758768,0.40001302059966,0,0.0357142857142857,-0.751785714285714,0.757142857142857,0.450580652941284,1,closed_loop_monte_carlo,ok,ok,-229.065775660343
combined_stress,SEIR with observation and process noise,SEIR,ssa,1,1,1,1,A2,Policy Intervention,ARX,I,/home/kaahin/degree_project/hybrid-epidemic-forecasting/results/partB/combined_stress/forecasts/partB_combined_stress_forecast_A2_rep001_ARX_I.mat,forecast_results,126,127,0.115923038967061,0.115923038967061,0.25286364016676,0.251483688715965,0.0279426320795517,0.0272081946904837,0.060772212197026,0,0.125,-0.6625,0.678571428571429,0.39113859750919,1,closed_loop_monte_carlo,ok,ok,-227.430424669697
combined_stress,SEIR with observation and process noise,SEIR,ssa,1,1,1,1,A2,Policy Intervention,ARX,I,/home/kaahin/degree_project/hybrid-epidemic-forecasting/results/partB/combined_stress/forecasts/partB_combined_stress_forecast_A2_rep001_ARX_I.mat,forecast_results,133,134,0.0236388752445788,0.0236388752445788,0.0365227456477893,0.035252934159894,0.00391699268443267,0.0196796826610405,0,4.21998991055918e-05,0.982142857142857,0.194642857142857,0.2125,0.288818132213064,1,closed_loop_monte_carlo,ok,ok,-233.568058636748
combined_stress,SEIR with observation and process noise,SEIR,ssa,1,1,1,1,A2,Policy Intervention,ARX,I,/home/kaahin/degree_project/hybrid-epidemic-forecasting/results/partB/combined_stress/forecasts/partB_combined_stress_forecast_A2_rep001_ARX_I.mat,forecast_results,140,141,0.0326506564244885,0.0326506564244885,0.0813750357799116,0.0759130179201017,0.00843477976890019,0.0234426090277961,0.000773267627792198,0,0.910714285714286,0.123214285714286,0.2125,0.34540636620558,1,closed_loop_monte_carlo,ok,ok,-246.183375949536
combined_stress,SEIR with observation and process noise,SEIR,ssa,1,1,1,1,A2,Policy Intervention,ARX,I,/home/kaahin/degree_project/hybrid-epidemic-forecasting/results/partB/combined_stress/forecasts/partB_combined_stress_forecast_A2_rep001_ARX_I.mat,forecast_results,147,148,0.023053375216666,0.023053375216666,0.0215838388541682,0.0165655283875045,0.00184061426527828,0.0212127609513878,0,0,1,0.2125,0.2125,0.317726955742065,1,closed_loop_monte_carlo,ok,ok,-256.309531735447
combined_stress,SEIR with observation and process noise,SEIR,ssa,1,1,1,1,A2,Policy Intervention,ARX,I,/home/kaahin/degree_project/hybrid-epidemic-forecasting/results/partB/combined_stress/forecasts/partB_combined_stress_forecast_A2_rep001_ARX_I.mat,forecast_results,154,155,0.0281165899413069,0.0281165899413069,0.0336311188908388,0.0302227742739782,0.00335808603044202,0.0247585039108648,0,0,1,0.2125,0.2125,0.353560847448618,1,closed_loop_monte_carlo,ok,ok,-268.915510518733
combined_stress,SEIR with observation and process noise,SEIR,ssa,1,1,1,1,A2,Policy Intervention,ARX,I,/home/kaahin/degree_project/hybrid-epidemic-forecasting/results/partB/combined_stress/forecasts/partB_combined_stress_forecast_A2_rep001_ARX_I.mat,forecast_results,161,162,0.0268680119335077,0.0268680119335077,0.0476995719867239,0.0452927318079825,0.00503252575644249,0.0218354861770652,0,0,1,0.2125,0.2125,0.324286048053662,1,closed_loop_monte_carlo,ok,ok,-286.162786772782
combined_stress,SEIR with observation and process noise,SEIR,ssa,1,1,1,1,A2,Policy Intervention,ARX,I,/home/kaahin/degree_project/hybrid-epidemic-forecasting/results/partB/combined_stress/forecasts/partB_combined_stress_forecast_A2_rep001_ARX_I.mat,forecast_results,168,169,0.0287709951999145,0.0287709951999145,0.0504653669449517,0.0475021959461925,0.00527802177179917,0.0234929734281153,0,0,1,0.2125,0.2125,0.334068207705833,1,closed_loop_monte_carlo,ok,ok,-302.945286370151
combined_stress,SEIR with observation and process noise,SEIR,ssa,1,1,1,1,A2,Policy Intervention,ARX,I,/home/kaahin/degree_project/hybrid-epidemic-forecasting/results/partB/combined_stress/forecasts/partB_combined_stress_forecast_A2_rep001_ARX_I.mat,forecast_results,175,176,0.025728435196497,0.025728435196497,0.0505833557472168,0.0459345225143041,0.00510383583492268,0.0192160047254414,0,0.00140859463613295,0.910714285714286,0.123214285714286,0.2125,0.276801309307779,1,closed_loop_monte_carlo,ok,ok,-317.099342562918
combined_stress,SEIR with observation and process noise,SEIR,ssa,1,1,1,1,A2,Policy Intervention,ARX,I,/home/kaahin/degree_project/hybrid-epidemic-forecasting/results/partB/combined_stress/forecasts/partB_combined_stress_forecast_A2_rep001_ARX_I.mat,forecast_results,182,183,0.0284988988316266,0.0284988988316266,0.0598321806021499,0.0586483473399964,0.00651648303777737,0.021886071050899,9.63447429502212e-05,0,0.982142857142857,0.194642857142857,0.2125,0.31727990848644,1,closed_loop_monte_carlo,ok,ok,-327.07613581536
combined_stress,SEIR with observation and process noise,SEIR,ssa,1,1,1,1,A2,Policy Intervention,ARX,I,/home/kaahin/degree_project/hybrid-epidemic-forecasting/results/partB/combined_stress/forecasts/partB_combined_stress_forecast_A2_rep001_ARX_I.mat,forecast_results,189,190,0.0251845284888341,0.0251845284888341,0.0474843959404532,0.0462722860627244,0.00514136511808049,0.0192568939812383,0,0.000786269389515236,0.946428571428571,0.158928571428571,0.2125,0.28187872913241,1,closed_loop_monte_carlo,ok,ok,-345.280145974002
combined_stress,SEIR with observation and process noise,SEIR,ssa,1,1,1,1,A2,Policy Intervention,ARX,I,/home/kaahin/degree_project/hybrid-epidemic-forecasting/results/partB/combined_stress/forecasts/partB_combined_stress_forecast_A2_rep001_ARX_I.mat,forecast_results,196,197,0.0250352159600327,0.0250352159600327,0.0365335984609486,0.0352184203653958,0.00391315781837731,0.0210474119259798,7.46462156756044e-05,0,0.982142857142857,0.194642857142857,0.2125,0.310036713472772,1,closed_loop_monte_carlo,ok,ok,-348.15590628665
combined_stress,SEIR with observation and process noise,SEIR,ssa,1,1,1,1,A2,Policy Intervention,ARX,I,/home/kaahin/degree_project/hybrid-epidemic-forecasting/results/partB/combined_stress/forecasts/partB_combined_stress_forecast_A2_rep001_ARX_I.mat,forecast_results,203,204,0.0274932284070568,0.0274932284070568,0.0625488488464126,0.0614761075370868,0.00683067861523187,0.0205783028797989,8.42469120260767e-05,0,0.982142857142857,0.194642857142857,0.2125,0.294640686359821,1,closed_loop_monte_carlo,ok,ok,-361.730258289919
combined_stress,SEIR with observation and process noise,SEIR,ssa,1,1,1,1,A2,Policy Intervention,ARX,I,/home/kaahin/degree_project/hybrid-epidemic-forecasting/results/partB/combined_stress/forecasts/partB_combined_stress_forecast_A2_rep001_ARX_I.mat,forecast_results,210,211,0.0235579795445436,0.0235579795445436,0.0278191593115965,0.0225592296172922,0.00250658106858802,0.0210513984759556,0,0,1,0.2125,0.2125,0.305550074384647,1,closed_loop_monte_carlo,ok,ok,-367.861430485253
combined_stress,SEIR with observation and process noise,SEIR,ssa,1,1,1,1,A2,Policy Intervention,ARX,I,/home/kaahin/degree_project/hybrid-epidemic-forecasting/results/partB/combined_stress/forecasts/partB_combined_stress_forecast_A2_rep001_ARX_I.mat,forecast_results,217,218,0.0287222793360826,0.0287222793360826,0.0622472058263775,0.0613591656898989,0.00681768507665543,0.0215813945632881,0.000323199696139111,0,0.946428571428571,0.158928571428571,0.2125,0.311736829306121,1,closed_loop_monte_carlo,ok,ok,-383.607914361888
combined_stress,SEIR with observation and process noise,SEIR,ssa,1,1,1,1,A2,Policy Intervention,ARX,I,/home/kaahin/degree_project/hybrid-epidemic-forecasting/results/partB/combined_stress/forecasts/partB_combined_stress_forecast_A2_rep001_ARX_I.mat,forecast_results,224,225,0.0333298990656465,0.0333298990656465,0.0833153252228313,0.0822493512322507,0.00913881680358341,0.0223339097744841,0.00185717248757896,0,0.821428571428571,0.0339285714285714,0.2125,0.321950589874449,1,closed_loop_monte_carlo,ok,ok,-402.400196150176
combined_stress,SEIR with observation and process noise,SEIR,ssa,1,1,1,1,A2,Policy Intervention,ARX,I,/home/kaahin/degree_project/hybrid-epidemic-forecasting/results/partB/combined_stress/forecasts/partB_combined_stress_forecast_A2_rep001_ARX_I.mat,forecast_results,231,232,0.0260717218704803,0.0260717218704803,0.0609427384662967,0.0568778488215766,0.00631976098017518,0.0192639961907304,0.000487964699574705,0,0.964285714285714,0.176785714285714,0.2125,0.284834215330053,1,closed_loop_monte_carlo,ok,ok,-421.223273339064
combined_stress,SEIR with observation and process noise,SEIR,ssa,1,1,1,1,A2,Policy Intervention,ARX,I,/home/kaahin/degree_project/hybrid-epidemic-forecasting/results/partB/combined_stress/forecasts/partB_combined_stress_forecast_A2_rep001_ARX_I.mat,forecast_results,238,239,0.0197943750436176,0.0197943750436176,0.0141083008312627,0.011924627817093,0.00132495864634366,0.0184694163972739,0,0,1,0.2125,0.2125,0.274596427269919,1,closed_loop_monte_carlo,ok,ok,-439.651531861675
combined_stress,SEIR with observation and process noise,SEIR,ssa,1,1,1,1,A2,Policy Intervention,ARX,I,/home/kaahin/degree_project/hybrid-epidemic-forecasting/results/partB/combined_stress/forecasts/partB_combined_stress_forecast_A2_rep001_ARX_I.mat,forecast_results,245,246,0.0242621708524523,0.0242621708524523,0.042739914858968,0.0405485639120136,0.00450539599022373,0.0197252254144548,3.15494477737953e-05,0,0.982142857142857,0.194642857142857,0.2125,0.290787628918128,1,closed_loop_monte_carlo,ok,ok,-457.674010385214
combined_stress,SEIR with observation and process noise,SEIR,ssa,1,1,1,1,A2,Policy Intervention,ARX,I,/home/kaahin/degree_project/hybrid-epidemic-forecasting/results/partB/combined_stress/forecasts/partB_combined_stress_forecast_A2_rep001_ARX_I.mat,forecast_results,252,253,0.0200500413984439,0.0200500413984439,0.0125658174608032,0.0102783283437845,0.00114203648264272,0.0189080049158012,0,0,1,0.2125,0.2125,0.273392624775001,1,closed_loop_monte_carlo,ok,ok,-471.269821053283
combined_stress,SEIR with observation and process noise,SEIR,ssa,1,1,1,1,A2,Policy Intervention,ARX,I,/home/kaahin/degree_project/hybrid-epidemic-forecasting/results/partB/combined_stress/forecasts/partB_combined_stress_forecast_A2_rep001_ARX_I.mat,forecast_results,259,260,0.0262167151780036,0.0262167151780036,0.0503959807772822,0.0495820109418038,0.00550911232686709,0.0206428988807994,6.47039703371001e-05,0,0.964285714285714,0.176785714285714,0.2125,0.29920840575648,1,closed_loop_monte_carlo,ok,ok,-486.431294471457
combined_stress,SEIR with observation and process noise,SEIR,ssa,1,1,1,1,A2,Policy Intervention,ARX,I,/home/kaahin/degree_project/hybrid-epidemic-forecasting/results/partB/combined_stress/forecasts/partB_combined_stress_forecast_A2_rep001_ARX_I.mat,forecast_results,266,267,0.0262719436733386,0.0262719436733386,0.0584495134509136,0.0563819000474838,0.00626465556083154,0.0198144886844141,0.000192799428093006,0,0.982142857142857,0.194642857142857,0.2125,0.280590184073528,1,closed_loop_monte_carlo,ok,ok,-495.768046992933
combined_stress,SEIR with observation and process noise,SEIR,ssa,1,1,1,1,A2,Policy Intervention,ARX,I,/home/kaahin/degree_project/hybrid-epidemic-forecasting/results/partB/combined_stress/forecasts/partB_combined_stress_forecast_A2_rep001_ARX_I.mat,forecast_results,273,274,0.0250732146886859,0.0250732146886859,0.0458504934076808,0.0399608960696311,0.00444009956329235,0.0206331151253935,0,0,1,0.2125,0.2125,0.297019407575203,1,closed_loop_monte_carlo,ok,ok,-507.528295389422
combined_stress,SEIR with observation and process noise,SEIR,ssa,1,1,1,1,A2,Policy Intervention,ARX,I,/home/kaahin/degree_project/hybrid-epidemic-forecasting/results/partB/combined_stress/forecasts/partB_combined_stress_forecast_A2_rep001_ARX_I.mat,forecast_results,280,281,0.0280700549804599,0.0280700549804599,0.0701718468167957,0.0684545570931226,0.00760606189923585,0.0188690173781167,0.00159497570310735,0,0.892857142857143,0.105357142857143,0.2125,0.276082308856787,1,closed_loop_monte_carlo,ok,ok,-523.302204628176
combined_stress,SEIR with observation and process noise,SEIR,ssa,1,1,1,1,A2,Policy Intervention,ARX,I,/home/kaahin/degree_project/hybrid-epidemic-forecasting/results/partB/combined_stress/forecasts/partB_combined_stress_forecast_A2_rep001_ARX_I.mat,forecast_results,287,288,0.0193061304585647,0.0193061304585647,0.0130622307148872,0.00873113497795136,0.000970126108661262,0.0182268588206279,0,0.000109145529275519,0.982142857142857,0.194642857142857,0.2125,0.267960144083697,1,closed_loop_monte_carlo,ok,ok,-535.514918925125
combined_stress,SEIR with observation and process noise,SEIR,ssa,1,1,1,1,A2,Policy Intervention,ARX,I,/home/kaahin/degree_project/hybrid-epidemic-forecasting/results/partB/combined_stress/forecasts/partB_combined_stress_forecast_A2_rep001_ARX_I.mat,forecast_results,294,295,0.0254090155650845,0.0254090155650845,0.0552162883124982,0.0497278524602973,0.00552531694003303,0.019604863481312,0.000278835143739494,0,0.928571428571429,0.141071428571429,0.2125,0.290386922824662,1,closed_loop_monte_carlo,ok,ok,-538.924965079981
combined_stress,SEIR with observation and process noise,SEIR,ssa,1,1,1,1,A2,Policy Intervention,ARX,I,/home/kaahin/degree_project/hybrid-epidemic-forecasting/results/partB/combined_stress/forecasts/partB_combined_stress_forecast_A2_rep001_ARX_I.mat,forecast_results,301,302,0.0261051446630247,0.0261051446630247,0.0611151924037035,0.0565431674736666,0.00628257416374073,0.0189704930916828,0.00085207740760115,0,0.910714285714286,0.123214285714286,0.2125,0.281031208636947,1,closed_loop_monte_carlo,ok,ok,-552.784092726016
combined_stress,SEIR with observation and process noise,SEIR,ssa,1,1,1,1,A2,Policy Intervention,ARX,I,/home/kaahin/degree_project/hybrid-epidemic-forecasting/results/partB/combined_stress/forecasts/partB_combined_stress_forecast_A2_rep001_ARX_I.mat,forecast_results,308,309,0.0185095014779141,0.0185095014779141,0.0133611350114177,0.0100924252394948,0.00112138058216609,0.017388120895748,0,0,1,0.2125,0.2125,0.255224454139617,1,closed_loop_monte_carlo,ok,ok,-566.709707062824
combined_stress,SEIR with observation and process noise,SEIR,ssa,1,1,1,1,A2,Policy Intervention,ARX,I,/home/kaahin/degree_project/hybrid-epidemic-forecasting/results/partB/combined_stress/forecasts/partB_combined_stress_forecast_A2_rep001_ARX_I.mat,forecast_results,315,316,0.0195427300894801,0.0195427300894801,0.0171440942105988,0.0127290403773166,0.00141433781970184,0.0181283922697783,0,0,1,0.2125,0.2125,0.267166545436332,1,closed_loop_monte_carlo,ok,ok,-581.866151401306
combined_stress,SEIR with observation and process noise,SEIR,ssa,1,1,1,1,A2,Policy Intervention,ARX,I,/home/kaahin/degree_project/hybrid-epidemic-forecasting/results/partB/combined_stress/forecasts/partB_combined_stress_forecast_A2_rep001_ARX_I.mat,forecast_results,322,323,0.0199718487901134,0.0199718487901134,0.0288542798536509,0.0275567289001102,0.00306185876667891,0.0169099900234345,0,0,1,0.2125,0.2125,0.255840784957713,1,closed_loop_monte_carlo,ok,ok,-599.263244144439
combined_stress,SEIR with observation and process noise,SEIR,ssa,1,1,1,1,A2,Policy Intervention,ARX,I,/home/kaahin/degree_project/hybrid-epidemic-forecasting/results/partB/combined_stress/forecasts/partB_combined_stress_forecast_A2_rep001_ARX_I.mat,forecast_results,329,330,0.0192171951775778,0.0192171951775778,0.0163157732745983,0.0131704272242802,0.00146338080269779,0.01775381437488,0,0,1,0.2125,0.2125,0.260519498021458,1,closed_loop_monte_carlo,ok,ok,-612.254291129452
combined_stress,SEIR with observation and process noise,SEIR,ssa,1,1,1,1,A2,Policy Intervention,ARX,I,/home/kaahin/degree_project/hybrid-epidemic-forecasting/results/partB/combined_stress/forecasts/partB_combined_stress_forecast_A2_rep001_ARX_I.mat,forecast_results,336,337,0.0312882490973096,0.0312882490973096,0.0780318161189666,0.0777930987735873,0.0086436776415097,0.0197296371222626,0.00291493433353725,0,0.839285714285714,0.0517857142857143,0.2125,0.291002887907902,1,closed_loop_monte_carlo,ok,ok,-628.532821815891
combined_stress,SEIR with observation and process noise,SEIR,ssa,1,1,1,1,A2,Policy Intervention,ARX,I,/home/kaahin/degree_project/hybrid-epidemic-forecasting/results/partB/combined_stress/forecasts/partB_combined_stress_forecast_A2_rep001_ARX_I.mat,forecast_results,343,344,0.0188864797922107,0.0188864797922107,0.0264132055311523,0.0246043383012849,0.00273381536680943,0.0161526644254013,0,0,1,0.2125,0.2125,0.240912393449327,1,closed_loop_monte_carlo,ok,ok,-639.658350952056
combined_stress,SEIR with observation and process noise,SEIR,ssa,1,1,1,1,A2,Policy Intervention,ARX,I,/home/kaahin/degree_project/hybrid-epidemic-forecasting/results/partB/combined_stress/forecasts/partB_combined_stress_forecast_A2_rep001_ARX_I.mat,forecast_results,350,351,0.0296288938209324,0.0296288938209324,0.0760334815282267,0.0748301467461324,0.00831446074957027,0.0190369153320795,0.0022775177392826,0,0.857142857142857,0.0696428571428571,0.2125,0.281904968136292,1,closed_loop_monte_carlo,ok,ok,-655.66832373778
combined_stress,SEIR with observation and process noise,SEIR,ssa,1,1,1,1,A2,Policy Intervention,AR,None,/home/kaahin/degree_project/hybrid-epidemic-forecasting/results/partB/combined_stress/forecasts/partB_combined_stress_forecast_A2_rep001_AR_None.mat,forecast_results,49,50,0.031058183755428,0.031058183755428,0.0552122438039291,0.0449448102652264,0.00499386780724737,0.0255116796105503,0.000182591362556017,0.000370044975074352,0.964285714285714,0.176785714285714,0.2125,0.364333388576868,1,closed_loop_monte_carlo,ok,ok,-118.379177797893
combined_stress,SEIR with observation and process noise,SEIR,ssa,1,1,1,1,A2,Policy Intervention,AR,None,/home/kaahin/degree_project/hybrid-epidemic-forecasting/results/partB/combined_stress/forecasts/partB_combined_stress_forecast_A2_rep001_AR_None.mat,forecast_results,56,57,0.0319439950762144,0.0319439950762144,0.0568376361265765,0.0493887588198456,0.00548763986887173,0.0262009753229634,0,0.00025537988437929,0.982142857142857,0.194642857142857,0.2125,0.370542969319473,1,closed_loop_monte_carlo,ok,ok,-125.557338862878
combined_stress,SEIR with observation and process noise,SEIR,ssa,1,1,1,1,A2,Policy Intervention,AR,None,/home/kaahin/degree_project/hybrid-epidemic-forecasting/results/partB/combined_stress/forecasts/partB_combined_stress_forecast_A2_rep001_AR_None.mat,forecast_results,63,64,0.031548737635207,0.031548737635207,0.0428693626111685,0.0293763306347202,0.00326403673719113,0.0278481208434066,0.000436580054609309,0,0.982142857142857,0.194642857142857,0.2125,0.394128165252213,1,closed_loop_monte_carlo,ok,ok,-144.62680721044
combined_stress,SEIR with observation and process noise,SEIR,ssa,1,1,1,1,A2,Policy Intervention,AR,None,/home/kaahin/degree_project/hybrid-epidemic-forecasting/results/partB/combined_stress/forecasts/partB_combined_stress_forecast_A2_rep001_AR_None.mat,forecast_results,70,71,0.0360150554766296,0.0360150554766296,0.0651669161604572,0.0514930239411765,0.00572144710457517,0.029649050311961,0.000644558060093506,0,0.982142857142857,0.194642857142857,0.2125,0.416649889756649,1,closed_loop_monte_carlo,ok,ok,-156.627950706042
combined_stress,SEIR with observation and process noise,SEIR,ssa,1,1,1,1,A2,Policy Intervention,AR,None,/home/kaahin/degree_project/hybrid-epidemic-forecasting/results/partB/combined_stress/forecasts/partB_combined_stress_forecast_A2_rep001_AR_None.mat,forecast_results,77,78,0.032246144238777,0.032246144238777,0.0301603500757377,0.022487453960361,0.00249860599559567,0.0297475382431813,0,0,1,0.2125,0.2125,0.419255924674916,1,closed_loop_monte_carlo,ok,ok,-173.813904038883
combined_stress,SEIR with observation and process noise,SEIR,ssa,1,1,1,1,A2,Policy Intervention,AR,None,/home/kaahin/degree_project/hybrid-epidemic-forecasting/results/partB/combined_stress/forecasts/partB_combined_stress_forecast_A2_rep001_AR_None.mat,forecast_results,84,85,0.0400003703267765,0.0400003703267765,0.0933162020290809,0.0906473210376479,0.0100719245597387,0.0295967852224762,0.000331660544561651,0,0.946428571428571,0.158928571428571,0.2125,0.424351993401695,1,closed_loop_monte_carlo,ok,ok,-195.460941012325
combined_stress,SEIR with observation and process noise,SEIR,ssa,1,1,1,1,A2,Policy Intervention,AR,None,/home/kaahin/degree_project/hybrid-epidemic-forecasting/results/partB/combined_stress/forecasts/partB_combined_stress_forecast_A2_rep001_AR_None.mat,forecast_results,91,92,0.0349238926696669,0.0349238926696669,0.060812139065218,0.0457926355002694,0.00508807061114105,0.0289192834069062,0.000916538651619676,0,0.982142857142857,0.194642857142857,0.2125,0.421245276951207,1,closed_loop_monte_carlo,ok,ok,-200.967648362423
combined_stress,SEIR with observation and process noise,SEIR,ssa,1,1,1,1,A2,Policy Intervention,AR,None,/home/kaahin/degree_project/hybrid-epidemic-forecasting/results/partB/combined_stress/forecasts/partB_combined_stress_forecast_A2_rep001_AR_None.mat,forecast_results,98,99,0.0391745156822772,0.0391745156822772,0.0966485161250553,0.094826419926089,0.0105362688806765,0.0273492498001637,0.00128899700143691,0,0.910714285714286,0.123214285714286,0.2125,0.402033791450673,1,closed_loop_monte_carlo,ok,ok,-218.538921914079
combined_stress,SEIR with observation and process noise,SEIR,ssa,1,1,1,1,A2,Policy Intervention,AR,None,/home/kaahin/degree_project/hybrid-epidemic-forecasting/results/partB/combined_stress/forecasts/partB_combined_stress_forecast_A2_rep001_AR_None.mat,forecast_results,105,106,0.0343991411195776,0.0343991411195776,0.0677851513272966,0.0479487128977215,0.0053276347664135,0.0280722643929629,0.000993326505702507,5.91545449873326e-06,0.946428571428571,0.158928571428571,0.2125,0.407142561162826,1,closed_loop_monte_carlo,ok,ok,-234.67561156983
combined_stress,SEIR with observation and process noise,SEIR,ssa,1,1,1,1,A2,Policy Intervention,AR,None,/home/kaahin/degree_project/hybrid-epidemic-forecasting/results/partB/combined_stress/forecasts/partB_combined_stress_forecast_A2_rep001_AR_None.mat,forecast_results,112,113,0.283440356575664,0.283440356575664,0.513985971581873,0.386595494438047,0.0429550549375608,0.0285071269155888,0.211978174722515,0,0.392857142857143,-0.394642857142857,0.525,0.409038297234618,1,closed_loop_monte_carlo,ok,ok,-246.782150113546
combined_stress,SEIR with observation and process noise,SEIR,ssa,1,1,1,1,A2,Policy Intervention,AR,None,/home/kaahin/degree_project/hybrid-epidemic-forecasting/results/partB/combined_stress/forecasts/partB_combined_stress_forecast_A2_rep001_AR_None.mat,forecast_results,119,120,0.615031473142689,0.615031473142689,0.821912247628572,0.78183297193377,0.0868703302148633,0.0277559097793172,0.500405233148509,0,0.0178571428571429,-0.769642857142857,0.771428571428572,0.404807320563306,1,closed_loop_monte_carlo,ok,ok,-257.646354921793
combined_stress,SEIR with observation and process noise,SEIR,ssa,1,1,1,1,A2,Policy Intervention,AR,None,/home/kaahin/degree_project/hybrid-epidemic-forecasting/results/partB/combined_stress/forecasts/partB_combined_stress_forecast_A2_rep001_AR_None.mat,forecast_results,126,127,0.111055000573625,0.111055000573625,0.22727092999922,0.226831861234788,0.0252035401371987,0.0249059656666424,0.0609454947697842,0,0.214285714285714,-0.573214285714286,0.6125,0.360843234223897,1,closed_loop_monte_carlo,ok,ok,-244.795601274683
combined_stress,SEIR with observation and process noise,SEIR,ssa,1,1,1,1,A2,Policy Intervention,AR,None,/home/kaahin/degree_project/hybrid-epidemic-forecasting/results/partB/combined_stress/forecasts/partB_combined_stress_forecast_A2_rep001_AR_None.mat,forecast_results,133,134,0.0298121099670517,0.0298121099670517,0.0650560217664972,0.0637386218177131,0.00708206909085701,0.0219449974536948,0,0.000785043422499799,0.928571428571429,0.141071428571429,0.2125,0.338803642063014,1,closed_loop_monte_carlo,ok,ok,-253.017771051233
combined_stress,SEIR with observation and process noise,SEIR,ssa,1,1,1,1,A2,Policy Intervention,AR,None,/home/kaahin/degree_project/hybrid-epidemic-forecasting/results/partB/combined_stress/forecasts/partB_combined_stress_forecast_A2_rep001_AR_None.mat,forecast_results,140,141,0.0292652870958326,0.0292652870958326,0.0639692355305213,0.0612032925167556,0.00680036583519507,0.0219922615068138,0.000472659753823672,0,0.964285714285714,0.176785714285714,0.2125,0.318665775093833,1,closed_loop_monte_carlo,ok,ok,-268.1800154015
combined_stress,SEIR with observation and process noise,SEIR,ssa,1,1,1,1,A2,Policy Intervention,AR,None,/home/kaahin/degree_project/hybrid-epidemic-forecasting/results/partB/combined_stress/forecasts/partB_combined_stress_forecast_A2_rep001_AR_None.mat,forecast_results,147,148,0.0267387580825456,0.0267387580825456,0.0207907181538725,0.0150435922388997,0.00167151024876663,0.0250672478337789,0,0,1,0.2125,0.2125,0.374585480452402,1,closed_loop_monte_carlo,ok,ok,-277.95679309709
combined_stress,SEIR with observation and process noise,SEIR,ssa,1,1,1,1,A2,Policy Intervention,AR,None,/home/kaahin/degree_project/hybrid-epidemic-forecasting/results/partB/combined_stress/forecasts/partB_combined_stress_forecast_A2_rep001_AR_None.mat,forecast_results,154,155,0.0290571798355352,0.0290571798355352,0.04043540623863,0.0349732823149054,0.00388592025721172,0.0251712595783235,0,0,1,0.2125,0.2125,0.366267530636785,1,closed_loop_monte_carlo,ok,ok,-288.883456752494
combined_stress,SEIR with observation and process noise,SEIR,ssa,1,1,1,1,A2,Policy Intervention,AR,None,/home/kaahin/degree_project/hybrid-epidemic-forecasting/results/partB/combined_stress/forecasts/partB_combined_stress_forecast_A2_rep001_AR_None.mat,forecast_results,161,162,0.0249726841561305,0.0249726841561305,0.0275063202243108,0.023526724736267,0.00261408052625188,0.0223586036298786,0,0,1,0.2125,0.2125,0.32930912032777,1,closed_loop_monte_carlo,ok,ok,-306.399382699543
combined_stress,SEIR with observation and process noise,SEIR,ssa,1,1,1,1,A2,Policy Intervention,AR,None,/home/kaahin/degree_project/hybrid-epidemic-forecasting/results/partB/combined_stress/forecasts/partB_combined_stress_forecast_A2_rep001_AR_None.mat,forecast_results,168,169,0.028316951206079,0.028316951206079,0.0470353337487331,0.0399389575191331,0.00443766194657034,0.0238792892595087,0,0,1,0.2125,0.2125,0.333526132234005,1,closed_loop_monte_carlo,ok,ok,-324.706615137715
combined_stress,SEIR with observation and process noise,SEIR,ssa,1,1,1,1,A2,Policy Intervention,AR,None,/home/kaahin/degree_project/hybrid-epidemic-forecasting/results/partB/combined_stress/forecasts/partB_combined_stress_forecast_A2_rep001_AR_None.mat,forecast_results,175,176,0.0307439465650927,0.0307439465650927,0.0816726484162536,0.0798281660136535,0.00886979622373928,0.0181092567906446,0,0.00376489355070881,0.821428571428571,0.0339285714285714,0.244642857142857,0.25721440331965,1,closed_loop_monte_carlo,ok,ok,-339.332463253012
combined_stress,SEIR with observation and process noise,SEIR,ssa,1,1,1,1,A2,Policy Intervention,AR,None,/home/kaahin/degree_project/hybrid-epidemic-forecasting/results/partB/combined_stress/forecasts/partB_combined_stress_forecast_A2_rep001_AR_None.mat,forecast_results,182,183,0.0270868609613328,0.0270868609613328,0.0394205307745723,0.0373575378296065,0.00415083753662294,0.0226586702844313,0.000277353140278487,0,0.982142857142857,0.194642857142857,0.2125,0.326241188851703,1,closed_loop_monte_carlo,ok,ok,-348.592422648292
combined_stress,SEIR with observation and process noise,SEIR,ssa,1,1,1,1,A2,Policy Intervention,AR,None,/home/kaahin/degree_project/hybrid-epidemic-forecasting/results/partB/combined_stress/forecasts/partB_combined_stress_forecast_A2_rep001_AR_None.mat,forecast_results,189,190,0.0297401592501676,0.0297401592501676,0.0661730686920274,0.0650426650056508,0.00722696277840564,0.0199469365810801,0,0.00256625989068187,0.857142857142857,0.0696428571428571,0.233928571428571,0.283612870643863,1,closed_loop_monte_carlo,ok,ok,-366.652436553862
combined_stress,SEIR with observation and process noise,SEIR,ssa,1,1,1,1,A2,Policy Intervention,AR,None,/home/kaahin/degree_project/hybrid-epidemic-forecasting/results/partB/combined_stress/forecasts/partB_combined_stress_forecast_A2_rep001_AR_None.mat,forecast_results,196,197,0.0285805691996961,0.0285805691996961,0.0543111859062561,0.0499732804471056,0.00555258671634507,0.022998719485454,2.92629978969933e-05,0,0.982142857142857,0.194642857142857,0.2125,0.322048701188751,1,closed_loop_monte_carlo,ok,ok,-369.463240985316
combined_stress,SEIR with observation and process noise,SEIR,ssa,1,1,1,1,A2,Policy Intervention,AR,None,/home/kaahin/degree_project/hybrid-epidemic-forecasting/results/partB/combined_stress/forecasts/partB_combined_stress_forecast_A2_rep001_AR_None.mat,forecast_results,203,204,0.0328731571528523,0.0328731571528523,0.0778402293195147,0.0755217744106145,0.00839130826784605,0.0231929652769103,0.00128888360809597,0,0.892857142857143,0.105357142857143,0.2125,0.347606118056421,1,closed_loop_monte_carlo,ok,ok,-381.179770825969
combined_stress,SEIR with observation and process noise,SEIR,ssa,1,1,1,1,A2,Policy Intervention,AR,None,/home/kaahin/degree_project/hybrid-epidemic-forecasting/results/partB/combined_stress/forecasts/partB_combined_stress_forecast_A2_rep001_AR_None.mat,forecast_results,210,211,0.026924714501106,0.026924714501106,0.0532029699679486,0.0495540525070636,0.00550600583411817,0.0213193924262512,9.9316240736623e-05,0,0.982142857142857,0.194642857142857,0.2125,0.314703435199742,1,closed_loop_monte_carlo,ok,ok,-386.990228520282
combined_stress,SEIR with observation and process noise,SEIR,ssa,1,1,1,1,A2,Policy Intervention,AR,None,/home/kaahin/degree_project/hybrid-epidemic-forecasting/results/partB/combined_stress/forecasts/partB_combined_stress_forecast_A2_rep001_AR_None.mat,forecast_results,217,218,0.0274679900932198,0.0274679900932198,0.054547411485427,0.053106808788481,0.00590075653205345,0.021070502604436,0.000496730956730347,0,0.964285714285714,0.176785714285714,0.2125,0.306275582509401,1,closed_loop_monte_carlo,ok,ok,-404.022454222571
combined_stress,SEIR with observation and process noise,SEIR,ssa,1,1,1,1,A2,Policy Intervention,AR,None,/home/kaahin/degree_project/hybrid-epidemic-forecasting/results/partB/combined_stress/forecasts/partB_combined_stress_forecast_A2_rep001_AR_None.mat,forecast_results,224,225,0.0303090552091811,0.0303090552091811,0.0729711933878762,0.0717141237834992,0.00796823597594435,0.0221636501900936,0.000177169043143113,0,0.964285714285714,0.176785714285714,0.2125,0.32330044887446,1,closed_loop_monte_carlo,ok,ok,-423.26402482271
combined_stress,SEIR with observation and process noise,SEIR,ssa,1,1,1,1,A2,Policy Intervention,AR,None,/home/kaahin/degree_project/hybrid-epidemic-forecasting/results/partB/combined_stress/forecasts/partB_combined_stress_forecast_A2_rep001_AR_None.mat,forecast_results,231,232,0.0275276785117711,0.0275276785117711,0.0454103259521424,0.043269031709189,0.00480767018990989,0.0226550521732482,6.49561486130368e-05,0,0.982142857142857,0.194642857142857,0.2125,0.325621274546147,1,closed_loop_monte_carlo,ok,ok,-442.91344324746
combined_stress,SEIR with observation and process noise,SEIR,ssa,1,1,1,1,A2,Policy Intervention,AR,None,/home/kaahin/degree_project/hybrid-epidemic-forecasting/results/partB/combined_stress/forecasts/partB_combined_stress_forecast_A2_rep001_AR_None.mat,forecast_results,238,239,0.0242674793251394,0.0242674793251394,0.0228139093362345,0.0190772309716248,0.00211969233018054,0.0221221284993315,0,2.56584956273379e-05,0.982142857142857,0.194642857142857,0.2125,0.329000291719888,1,closed_loop_monte_carlo,ok,ok,-461.541225943991
combined_stress,SEIR with observation and process noise,SEIR,ssa,1,1,1,1,A2,Policy Intervention,AR,None,/home/kaahin/degree_project/hybrid-epidemic-forecasting/results/partB/combined_stress/forecasts/partB_combined_stress_forecast_A2_rep001_AR_None.mat,forecast_results,245,246,0.0221851290792816,0.0221851290792816,0.0346312746362063,0.0317520958227717,0.00352801064697463,0.018657118432307,0,0,1,0.2125,0.2125,0.283596607540036,1,closed_loop_monte_carlo,ok,ok,-479.947896841505
combined_stress,SEIR with observation and process noise,SEIR,ssa,1,1,1,1,A2,Policy Intervention,AR,None,/home/kaahin/degree_project/hybrid-epidemic-forecasting/results/partB/combined_stress/forecasts/partB_combined_stress_forecast_A2_rep001_AR_None.mat,forecast_results,252,253,0.0198789359996049,0.0198789359996049,0.0161351057585291,0.0145765586632344,0.00161961762924827,0.0182593183703567,0,0,1,0.2125,0.2125,0.275242444342344,1,closed_loop_monte_carlo,ok,ok,-494.610116369344
combined_stress,SEIR with observation and process noise,SEIR,ssa,1,1,1,1,A2,Policy Intervention,AR,None,/home/kaahin/degree_project/hybrid-epidemic-forecasting/results/partB/combined_stress/forecasts/partB_combined_stress_forecast_A2_rep001_AR_None.mat,forecast_results,259,260,0.0336972057166521,0.0336972057166521,0.0846356715698623,0.0816893600071548,0.00907659555635053,0.0212836032275503,0.00333700693275125,0,0.839285714285714,0.0517857142857143,0.2125,0.310699185132681,1,closed_loop_monte_carlo,ok,ok,-509.128364875773
combined_stress,SEIR with observation and process noise,SEIR,ssa,1,1,1,1,A2,Policy Intervention,AR,None,/home/kaahin/degree_project/hybrid-epidemic-forecasting/results/partB/combined_stress/forecasts/partB_combined_stress_forecast_A2_rep001_AR_None.mat,forecast_results,266,267,0.0275642224334992,0.0275642224334992,0.0608260545350354,0.0593918342747943,0.00659909269719937,0.0203114412659368,0.000653688470363071,0,0.946428571428571,0.158928571428571,0.2125,0.296274645501188,1,closed_loop_monte_carlo,ok,ok,-516.464688940391
combined_stress,SEIR with observation and process noise,SEIR,ssa,1,1,1,1,A2,Policy Intervention,AR,None,/home/kaahin/degree_project/hybrid-epidemic-forecasting/results/partB/combined_stress/forecasts/partB_combined_stress_forecast_A2_rep001_AR_None.mat,forecast_results,273,274,0.0208110542996007,0.0208110542996007,0.0180955108208772,0.0159417959099014,0.00177131065665572,0.019039743642945,0,0,1,0.2125,0.2125,0.277776062834824,1,closed_loop_monte_carlo,ok,ok,-528.341956673225
combined_stress,SEIR with observation and process noise,SEIR,ssa,1,1,1,1,A2,Policy Intervention,AR,None,/home/kaahin/degree_project/hybrid-epidemic-forecasting/results/partB/combined_stress/forecasts/partB_combined_stress_forecast_A2_rep001_AR_None.mat,forecast_results,280,281,0.0312306643378054,0.0312306643378054,0.0820034743001005,0.078721407431381,0.00874682304793122,0.0205392757080294,0.00194456558184472,0,0.803571428571429,0.0160714285714286,0.2125,0.30009017910667,1,closed_loop_monte_carlo,ok,ok,-545.324083307479
combined_stress,SEIR with observation and process noise,SEIR,ssa,1,1,1,1,A2,Policy Intervention,AR,None,/home/kaahin/degree_project/hybrid-epidemic-forecasting/results/partB/combined_stress/forecasts/partB_combined_stress_forecast_A2_rep001_AR_None.mat,forecast_results,287,288,0.0211590559457619,0.0211590559457619,0.0230849344402206,0.0193949242928234,0.00215499158809149,0.0189176496188221,0,8.64147388483919e-05,0.982142857142857,0.194642857142857,0.2125,0.273601752759023,1,closed_loop_monte_carlo,ok,ok,-556.528150985053
combined_stress,SEIR with observation and process noise,SEIR,ssa,1,1,1,1,A2,Policy Intervention,AR,None,/home/kaahin/degree_project/hybrid-epidemic-forecasting/results/partB/combined_stress/forecasts/partB_combined_stress_forecast_A2_rep001_AR_None.mat,forecast_results,294,295,0.0214565698103225,0.0214565698103225,0.0284446777103433,0.0263530307497872,0.00292811452775413,0.0185284552825684,0,0,1,0.2125,0.2125,0.277186067547883,1,closed_loop_monte_carlo,ok,ok,-561.670335930647
combined_stress,SEIR with observation and process noise,SEIR,ssa,1,1,1,1,A2,Policy Intervention,AR,None,/home/kaahin/degree_project/hybrid-epidemic-forecasting/results/partB/combined_stress/forecasts/partB_combined_stress_forecast_A2_rep001_AR_None.mat,forecast_results,301,302,0.0237879035108897,0.0237879035108897,0.0407778684497084,0.0361368617441439,0.00401520686046043,0.0197626128627434,1.00837876857898e-05,0,0.982142857142857,0.194642857142857,0.2125,0.299382451504654,1,closed_loop_monte_carlo,ok,ok,-574.687705117486
combined_stress,SEIR with observation and process noise,SEIR,ssa,1,1,1,1,A2,Policy Intervention,AR,None,/home/kaahin/degree_project/hybrid-epidemic-forecasting/results/partB/combined_stress/forecasts/partB_combined_stress_forecast_A2_rep001_AR_None.mat,forecast_results,308,309,0.0192569615702282,0.0192569615702282,0.0223572769613815,0.0181322802945398,0.00201469781050442,0.0172422637597238,0,0,1,0.2125,0.2125,0.249235967943308,1,closed_loop_monte_carlo,ok,ok,-588.608112800528
combined_stress,SEIR with observation and process noise,SEIR,ssa,1,1,1,1,A2,Policy Intervention,AR,None,/home/kaahin/degree_project/hybrid-epidemic-forecasting/results/partB/combined_stress/forecasts/partB_combined_stress_forecast_A2_rep001_AR_None.mat,forecast_results,315,316,0.0208352803323576,0.0208352803323576,0.0172784160856652,0.0139413175655227,0.00154903528505808,0.0192862450472995,0,0,1,0.2125,0.2125,0.290377551043162,1,closed_loop_monte_carlo,ok,ok,-603.635758237692
combined_stress,SEIR with observation and process noise,SEIR,ssa,1,1,1,1,A2,Policy Intervention,AR,None,/home/kaahin/degree_project/hybrid-epidemic-forecasting/results/partB/combined_stress/forecasts/partB_combined_stress_forecast_A2_rep001_AR_None.mat,forecast_results,322,323,0.0203897927720767,0.0203897927720767,0.0334714881241534,0.0304863719201704,0.00338737465779672,0.0170024181142799,0,0,1,0.2125,0.2125,0.246026736912931,1,closed_loop_monte_carlo,ok,ok,-620.958060592046
combined_stress,SEIR with observation and process noise,SEIR,ssa,1,1,1,1,A2,Policy Intervention,AR,None,/home/kaahin/degree_project/hybrid-epidemic-forecasting/results/partB/combined_stress/forecasts/partB_combined_stress_forecast_A2_rep001_AR_None.mat,forecast_results,329,330,0.0204154456256513,0.0204154456256513,0.0146563283262975,0.0131375331454626,0.0014597259050514,0.0189557197205999,0,0,1,0.2125,0.2125,0.281050875750656,1,closed_loop_monte_carlo,ok,ok,-634.499389041632
combined_stress,SEIR with observation and process noise,SEIR,ssa,1,1,1,1,A2,Policy Intervention,AR,None,/home/kaahin/degree_project/hybrid-epidemic-forecasting/results/partB/combined_stress/forecasts/partB_combined_stress_forecast_A2_rep001_AR_None.mat,forecast_results,336,337,0.0295164738221406,0.0295164738221406,0.0679642207358616,0.0661786479881241,0.00735318310979156,0.0218106928637962,0.000352597848552827,0,0.946428571428571,0.158928571428571,0.2125,0.305845300870711,1,closed_loop_monte_carlo,ok,ok,-650.742254202602
combined_stress,SEIR with observation and process noise,SEIR,ssa,1,1,1,1,A2,Policy Intervention,AR,None,/home/kaahin/degree_project/hybrid-epidemic-forecasting/results/partB/combined_stress/forecasts/partB_combined_stress_forecast_A2_rep001_AR_None.mat,forecast_results,343,344,0.0215725141542212,0.0215725141542212,0.0290671290992145,0.0256901086492861,0.00285445651658734,0.0184662660541995,0,0.000251791583434368,0.964285714285714,0.176785714285714,0.2125,0.2686724549465,1,closed_loop_monte_carlo,ok,ok,-662.028254647196
combined_stress,SEIR with observation and process noise,SEIR,ssa,1,1,1,1,A2,Policy Intervention,AR,None,/home/kaahin/degree_project/hybrid-epidemic-forecasting/results/partB/combined_stress/forecasts/partB_combined_stress_forecast_A2_rep001_AR_None.mat,forecast_results,350,351,0.0320786131140412,0.0320786131140412,0.0832677852894933,0.0806074812158357,0.00895638680175952,0.0203113297769095,0.00281089653537227,0,0.785714285714286,-0.00178571428571429,0.2125,0.299171327277657,1,closed_loop_monte_carlo,ok,ok,-678.231979192841
combined_stress,SEIR with observation and process noise,SEIR,ssa,1,1,1,2,A2,Policy Intervention,ARX,I,/home/kaahin/degree_project/hybrid-epidemic-forecasting/results/partB/combined_stress/forecasts/partB_combined_stress_forecast_A2_rep002_ARX_I.mat,forecast_results,49,50,0.0364645428788363,0.0364645428788363,0.0888792178456308,0.0784918554126326,0.00872131726807029,0.0261306127212352,0,0.00161261288953079,0.928571428571429,0.141071428571429,0.2125,0.395202209896954,1,closed_loop_monte_carlo,ok,ok,-90.4586986071666
combined_stress,SEIR with observation and process noise,SEIR,ssa,1,1,1,2,A2,Policy Intervention,ARX,I,/home/kaahin/degree_project/hybrid-epidemic-forecasting/results/partB/combined_stress/forecasts/partB_combined_stress_forecast_A2_rep002_ARX_I.mat,forecast_results,56,57,0.0479544509932471,0.0479544509932471,0.121808434088537,0.113232364534783,0.0125813738371981,0.0274472160241785,0,0.00792586113187051,0.785714285714286,-0.00178571428571429,0.223214285714286,0.400613405514061,1,closed_loop_monte_carlo,ok,ok,-109.141689252551
combined_stress,SEIR with observation and process noise,SEIR,ssa,1,1,1,2,A2,Policy Intervention,ARX,I,/home/kaahin/degree_project/hybrid-epidemic-forecasting/results/partB/combined_stress/forecasts/partB_combined_stress_forecast_A2_rep002_ARX_I.mat,forecast_results,63,64,0.0768110793845713,0.0768110793845713,0.1910342200142,0.1873488893058,0.0208165432562001,0.0248250406409909,0,0.0311694954873803,0.553571428571429,-0.233928571428571,0.333928571428571,0.378797024596034,1,closed_loop_monte_carlo,ok,ok,-132.689016527465
combined_stress,SEIR with observation and process noise,SEIR,ssa,1,1,1,2,A2,Policy Intervention,ARX,I,/home/kaahin/degree_project/hybrid-epidemic-forecasting/results/partB/combined_stress/forecasts/partB_combined_stress_forecast_A2_rep002_ARX_I.mat,forecast_results,70,71,0.0362158779084482,0.0362158779084482,0.0612111887922726,0.0562157523086495,0.00624619470096106,0.0299696832074871,0,0,1,0.2125,0.2125,0.437060836640329,1,closed_loop_monte_carlo,ok,ok,-145.470630273315
combined_stress,SEIR with observation and process noise,SEIR,ssa,1,1,1,2,A2,Policy Intervention,ARX,I,/home/kaahin/degree_project/hybrid-epidemic-forecasting/results/partB/combined_stress/forecasts/partB_combined_stress_forecast_A2_rep002_ARX_I.mat,forecast_results,77,78,0.0311298237502347,0.0311298237502347,0.0270137376183968,0.0252553058199785,0.00280614509110873,0.028323678659126,0,0,1,0.2125,0.2125,0.423562019171393,1,closed_loop_monte_carlo,ok,ok,-167.386932394379
combined_stress,SEIR with observation and process noise,SEIR,ssa,1,1,1,2,A2,Policy Intervention,ARX,I,/home/kaahin/degree_project/hybrid-epidemic-forecasting/results/partB/combined_stress/forecasts/partB_combined_stress_forecast_A2_rep002_ARX_I.mat,forecast_results,84,85,0.0383122765955276,0.0383122765955276,0.0976750202144118,0.0944256796960449,0.0104917421884494,0.0259249035811685,0,0.00189563082590967,0.857142857142857,0.0696428571428571,0.2125,0.383320156134606,1,closed_loop_monte_carlo,ok,ok,-182.51360064246
combined_stress,SEIR with observation and process noise,SEIR,ssa,1,1,1,2,A2,Policy Intervention,ARX,I,/home/kaahin/degree_project/hybrid-epidemic-forecasting/results/partB/combined_stress/forecasts/partB_combined_stress_forecast_A2_rep002_ARX_I.mat,forecast_results,91,92,0.0429614773635467,0.0429614773635467,0.109512698806553,0.104937622087991,0.0116597357875546,0.0288343035838377,0,0.00246743799215448,0.892857142857143,0.105357142857143,0.2125,0.414765511513244,1,closed_loop_monte_carlo,ok,ok,-193.301346923523
combined_stress,SEIR with observation and process noise,SEIR,ssa,1,1,1,2,A2,Policy Intervention,ARX,I,/home/kaahin/degree_project/hybrid-epidemic-forecasting/results/partB/combined_stress/forecasts/partB_combined_stress_forecast_A2_rep002_ARX_I.mat,forecast_results,98,99,0.0316030708222864,0.0316030708222864,0.0496248786798477,0.0433616293111054,0.00481795881234505,0.0267851120099414,0,0,1,0.2125,0.2125,0.397643131261611,1,closed_loop_monte_carlo,ok,ok,-211.959977072142
combined_stress,SEIR with observation and process noise,SEIR,ssa,1,1,1,2,A2,Policy Intervention,ARX,I,/home/kaahin/degree_project/hybrid-epidemic-forecasting/results/partB/combined_stress/forecasts/partB_combined_stress_forecast_A2_rep002_ARX_I.mat,forecast_results,105,106,0.0394862926044595,0.0394862926044595,0.0998610633411575,0.0705975846478367,0.00784417607198185,0.0285783396243829,0.00306377690809471,0,0.946428571428571,0.158928571428571,0.2125,0.426753778119678,1,closed_loop_monte_carlo,ok,ok,-230.449432184782
combined_stress,SEIR with observation and process noise,SEIR,ssa,1,1,1,2,A2,Policy Intervention,ARX,I,/home/kaahin/degree_project/hybrid-epidemic-forecasting/results/partB/combined_stress/forecasts/partB_combined_stress_forecast_A2_rep002_ARX_I.mat,forecast_results,112,113,0.262894837166352,0.262894837166352,0.477965081436411,0.353475053894593,0.0392750059882881,0.0269936019428465,0.196626229235217,0,0.482142857142857,-0.305357142857143,0.483928571428571,0.402938160870461,1,closed_loop_monte_carlo,ok,ok,-252.882634249426
combined_stress,SEIR with observation and process noise,SEIR,ssa,1,1,1,2,A2,Policy Intervention,ARX,I,/home/kaahin/degree_project/hybrid-epidemic-forecasting/results/partB/combined_stress/forecasts/partB_combined_stress_forecast_A2_rep002_ARX_I.mat,forecast_results,119,120,0.642007245957148,0.642007245957148,0.800651777496895,0.762939911426791,0.0847711012696435,0.0240401252209515,0.533196019466553,0,0,-0.7875,0.7875,0.361139123294164,1,closed_loop_monte_carlo,ok,ok,-276.246763913492
combined_stress,SEIR with observation and process noise,SEIR,ssa,1,1,1,2,A2,Policy Intervention,ARX,I,/home/kaahin/degree_project/hybrid-epidemic-forecasting/results/partB/combined_stress/forecasts/partB_combined_stress_forecast_A2_rep002_ARX_I.mat,forecast_results,126,127,0.0597933408126176,0.0597933408126176,0.161386127729119,0.155353568627124,0.017261507625236,0.0263365228998897,0.0161953102874918,0,0.607142857142857,-0.180357142857143,0.298214285714286,0.389109633842471,1,closed_loop_monte_carlo,ok,ok,-234.634022920064
combined_stress,SEIR with observation and process noise,SEIR,ssa,1,1,1,2,A2,Policy Intervention,ARX,I,/home/kaahin/degree_project/hybrid-epidemic-forecasting/results/partB/combined_stress/forecasts/partB_combined_stress_forecast_A2_rep002_ARX_I.mat,forecast_results,133,134,0.025078590708844,0.025078590708844,0.035612800919228,0.0294009219916453,0.00326676911018281,0.0213482927941609,0,0.000463528804500276,0.964285714285714,0.176785714285714,0.2125,0.31362540645637,1,closed_loop_monte_carlo,ok,ok,-242.381982689401
combined_stress,SEIR with observation and process noise,SEIR,ssa,1,1,1,2,A2,Policy Intervention,ARX,I,/home/kaahin/degree_project/hybrid-epidemic-forecasting/results/partB/combined_stress/forecasts/partB_combined_stress_forecast_A2_rep002_ARX_I.mat,forecast_results,140,141,0.0305146093391699,0.0305146093391699,0.0598674474532364,0.057397704538286,0.00637752272647622,0.0223592442704786,0,0.00177784234221507,0.928571428571429,0.141071428571429,0.2125,0.336828298205221,1,closed_loop_monte_carlo,ok,ok,-254.760321024651
combined_stress,SEIR with observation and process noise,SEIR,ssa,1,1,1,2,A2,Policy Intervention,ARX,I,/home/kaahin/degree_project/hybrid-epidemic-forecasting/results/partB/combined_stress/forecasts/partB_combined_stress_forecast_A2_rep002_ARX_I.mat,forecast_results,147,148,0.028472757611895,0.028472757611895,0.045075163827412,0.0389751759284871,0.00433057510316524,0.0241421825087297,0,0,1,0.2125,0.2125,0.3611697062242,1,closed_loop_monte_carlo,ok,ok,-257.461092216321
combined_stress,SEIR with observation and process noise,SEIR,ssa,1,1,1,2,A2,Policy Intervention,ARX,I,/home/kaahin/degree_project/hybrid-epidemic-forecasting/results/partB/combined_stress/forecasts/partB_combined_stress_forecast_A2_rep002_ARX_I.mat,forecast_results,154,155,0.0333855748214874,0.0333855748214874,0.0849571128531482,0.0829904261435752,0.00922115846039724,0.0208128389068208,0.00335157745426934,0,0.767857142857143,-0.0196428571428571,0.2125,0.315252635165831,1,closed_loop_monte_carlo,ok,ok,-266.48541302379
combined_stress,SEIR with observation and process noise,SEIR,ssa,1,1,1,2,A2,Policy Intervention,ARX,I,/home/kaahin/degree_project/hybrid-epidemic-forecasting/results/partB/combined_stress/forecasts/partB_combined_stress_forecast_A2_rep002_ARX_I.mat,forecast_results,161,162,0.0217606073773596,0.0217606073773596,0.0200989199888174,0.0184279339100315,0.00204754821222572,0.0197130591651339,0,0,1,0.2125,0.2125,0.299565774768369,1,closed_loop_monte_carlo,ok,ok,-284.883804248457
combined_stress,SEIR with observation and process noise,SEIR,ssa,1,1,1,2,A2,Policy Intervention,ARX,I,/home/kaahin/degree_project/hybrid-epidemic-forecasting/results/partB/combined_stress/forecasts/partB_combined_stress_forecast_A2_rep002_ARX_I.mat,forecast_results,168,169,0.0235598509075523,0.0235598509075523,0.0192608157465274,0.0164830611176315,0.00183145123529238,0.0217283996722599,0,0,1,0.2125,0.2125,0.32285312424322,1,closed_loop_monte_carlo,ok,ok,-298.4370579507
combined_stress,SEIR with observation and process noise,SEIR,ssa,1,1,1,2,A2,Policy Intervention,ARX,I,/home/kaahin/degree_project/hybrid-epidemic-forecasting/results/partB/combined_stress/forecasts/partB_combined_stress_forecast_A2_rep002_ARX_I.mat,forecast_results,175,176,0.0225224073784225,0.0225224073784225,0.0268825114639574,0.0230655931485983,0.00256284368317759,0.0199595636952449,0,0,1,0.2125,0.2125,0.300312543719945,1,closed_loop_monte_carlo,ok,ok,-311.190301720907
combined_stress,SEIR with observation and process noise,SEIR,ssa,1,1,1,2,A2,Policy Intervention,ARX,I,/home/kaahin/degree_project/hybrid-epidemic-forecasting/results/partB/combined_stress/forecasts/partB_combined_stress_forecast_A2_rep002_ARX_I.mat,forecast_results,182,183,0.0203159634839428,0.0203159634839428,0.0231149051972783,0.018951344904704,0.00210570498941156,0.0182102584945312,0,0,1,0.2125,0.2125,0.273166000319617,1,closed_loop_monte_carlo,ok,ok,-323.887015059621
combined_stress,SEIR with observation and process noise,SEIR,ssa,1,1,1,2,A2,Policy Intervention,ARX,I,/home/kaahin/degree_project/hybrid-epidemic-forecasting/results/partB/combined_stress/forecasts/partB_combined_stress_forecast_A2_rep002_ARX_I.mat,forecast_results,189,190,0.0194029984910203,0.0194029984910203,0.0143334760833758,0.0115278272912755,0.00128086969903061,0.0181221287919897,0,0,1,0.2125,0.2125,0.275041960017496,1,closed_loop_monte_carlo,ok,ok,-334.634123921346
combined_stress,SEIR with observation and process noise,SEIR,ssa,1,1,1,2,A2,Policy Intervention,ARX,I,/home/kaahin/degree_project/hybrid-epidemic-forecasting/results/partB/combined_stress/forecasts/partB_combined_stress_forecast_A2_rep002_ARX_I.mat,forecast_results,196,197,0.0240160365737591,0.0240160365737591,0.025064225556533,0.021087782933718,0.00234308699263533,0.0216729495811237,0,0,1,0.2125,0.2125,0.311057820264268,1,closed_loop_monte_carlo,ok,ok,-342.689941496298
combined_stress,SEIR with observation and process noise,SEIR,ssa,1,1,1,2,A2,Policy Intervention,ARX,I,/home/kaahin/degree_project/hybrid-epidemic-forecasting/results/partB/combined_stress/forecasts/partB_combined_stress_forecast_A2_rep002_ARX_I.mat,forecast_results,203,204,0.0225094748483133,0.0225094748483133,0.0313198720595183,0.0274978727539008,0.00305531919487787,0.0194541556534354,0,0,1,0.2125,0.2125,0.293669850170927,1,closed_loop_monte_carlo,ok,ok,-350.040714107842
combined_stress,SEIR with observation and process noise,SEIR,ssa,1,1,1,2,A2,Policy Intervention,ARX,I,/home/kaahin/degree_project/hybrid-epidemic-forecasting/results/partB/combined_stress/forecasts/partB_combined_stress_forecast_A2_rep002_ARX_I.mat,forecast_results,210,211,0.0197382257135094,0.0197382257135094,0.0233159150788843,0.0192688665569365,0.00214098517299294,0.0175972405405164,0,0,1,0.2125,0.2125,0.257123202006451,1,closed_loop_monte_carlo,ok,ok,-362.764785707126
combined_stress,SEIR with observation and process noise,SEIR,ssa,1,1,1,2,A2,Policy Intervention,ARX,I,/home/kaahin/degree_project/hybrid-epidemic-forecasting/results/partB/combined_stress/forecasts/partB_combined_stress_forecast_A2_rep002_ARX_I.mat,forecast_results,217,218,0.0202045655575548,0.0202045655575548,0.0100512419718356,0.00905990492221889,0.00100665610246877,0.019197909455086,0,0,1,0.2125,0.2125,0.287391030304138,1,closed_loop_monte_carlo,ok,ok,-378.843306962814
combined_stress,SEIR with observation and process noise,SEIR,ssa,1,1,1,2,A2,Policy Intervention,ARX,I,/home/kaahin/degree_project/hybrid-epidemic-forecasting/results/partB/combined_stress/forecasts/partB_combined_stress_forecast_A2_rep002_ARX_I.mat,forecast_results,224,225,0.0232495031601693,0.0232495031601693,0.0392263579041474,0.0376836601601829,0.00418707335113143,0.0190624298090378,0,0,1,0.2125,0.2125,0.280393771796583,1,closed_loop_monte_carlo,ok,ok,-386.327687520008
combined_stress,SEIR with observation and process noise,SEIR,ssa,1,1,1,2,A2,Policy Intervention,ARX,I,/home/kaahin/degree_project/hybrid-epidemic-forecasting/results/partB/combined_stress/forecasts/partB_combined_stress_forecast_A2_rep002_ARX_I.mat,forecast_results,231,232,0.0200444297248684,0.0200444297248684,0.0184971361651194,0.0149552316107428,0.00166169240119364,0.0182513201733182,0,0.000131417150356541,0.982142857142857,0.194642857142857,0.2125,0.274004070539764,1,closed_loop_monte_carlo,ok,ok,-396.359423218046
combined_stress,SEIR with observation and process noise,SEIR,ssa,1,1,1,2,A2,Policy Intervention,ARX,I,/home/kaahin/degree_project/hybrid-epidemic-forecasting/results/partB/combined_stress/forecasts/partB_combined_stress_forecast_A2_rep002_ARX_I.mat,forecast_results,238,239,0.0208610965587251,0.0208610965587251,0.025230725318303,0.0239631893951807,0.00266257659946452,0.0181985199592605,0,0,1,0.2125,0.2125,0.261140049118162,1,closed_loop_monte_carlo,ok,ok,-413.285483679622
combined_stress,SEIR with observation and process noise,SEIR,ssa,1,1,1,2,A2,Policy Intervention,ARX,I,/home/kaahin/degree_project/hybrid-epidemic-forecasting/results/partB/combined_stress/forecasts/partB_combined_stress_forecast_A2_rep002_ARX_I.mat,forecast_results,245,246,0.019722608648336,0.019722608648336,0.00700480615564451,0.00488405671657599,0.000542672968508443,0.0191799356798275,0,0,1,0.2125,0.2125,0.288518392508915,1,closed_loop_monte_carlo,ok,ok,-423.804815881723
combined_stress,SEIR with observation and process noise,SEIR,ssa,1,1,1,2,A2,Policy Intervention,ARX,I,/home/kaahin/degree_project/hybrid-epidemic-forecasting/results/partB/combined_stress/forecasts/partB_combined_stress_forecast_A2_rep002_ARX_I.mat,forecast_results,252,253,0.0194233756319073,0.0194233756319073,0.0163661373593254,0.0130700728027535,0.00145223031141706,0.0179711453204902,0,0,1,0.2125,0.2125,0.264810600524517,1,closed_loop_monte_carlo,ok,ok,-435.217699204876
combined_stress,SEIR with observation and process noise,SEIR,ssa,1,1,1,2,A2,Policy Intervention,ARX,I,/home/kaahin/degree_project/hybrid-epidemic-forecasting/results/partB/combined_stress/forecasts/partB_combined_stress_forecast_A2_rep002_ARX_I.mat,forecast_results,259,260,0.0211232119271702,0.0211232119271702,0.0160409632323934,0.0140432290388291,0.00156035878209212,0.0195628531450781,0,0,1,0.2125,0.2125,0.292061756897014,1,closed_loop_monte_carlo,ok,ok,-445.190648474633
combined_stress,SEIR with observation and process noise,SEIR,ssa,1,1,1,2,A2,Policy Intervention,ARX,I,/home/kaahin/degree_project/hybrid-epidemic-forecasting/results/partB/combined_stress/forecasts/partB_combined_stress_forecast_A2_rep002_ARX_I.mat,forecast_results,266,267,0.0218299878457134,0.0218299878457134,0.0304355289839918,0.0258367779317312,0.00287075310352569,0.0189592347421877,0,0,1,0.2125,0.2125,0.2799289453913,1,closed_loop_monte_carlo,ok,ok,-460.263726766286
combined_stress,SEIR with observation and process noise,SEIR,ssa,1,1,1,2,A2,Policy Intervention,ARX,I,/home/kaahin/degree_project/hybrid-epidemic-forecasting/results/partB/combined_stress/forecasts/partB_combined_stress_forecast_A2_rep002_ARX_I.mat,forecast_results,273,274,0.0192659551606063,0.0192659551606063,0.0180553992595775,0.0148666960664615,0.00165185511849572,0.0176141000421106,0,0,1,0.2125,0.2125,0.259715664660243,1,closed_loop_monte_carlo,ok,ok,-476.511866075337
combined_stress,SEIR with observation and process noise,SEIR,ssa,1,1,1,2,A2,Policy Intervention,ARX,I,/home/kaahin/degree_project/hybrid-epidemic-forecasting/results/partB/combined_stress/forecasts/partB_combined_stress_forecast_A2_rep002_ARX_I.mat,forecast_results,280,281,0.0216059695729054,0.0216059695729054,0.0292198909080586,0.0246894925736352,0.00274327695262613,0.0188626926202793,0,0,1,0.2125,0.2125,0.276537587301526,1,closed_loop_monte_carlo,ok,ok,-490.585757433114
combined_stress,SEIR with observation and process noise,SEIR,ssa,1,1,1,2,A2,Policy Intervention,ARX,I,/home/kaahin/degree_project/hybrid-epidemic-forecasting/results/partB/combined_stress/forecasts/partB_combined_stress_forecast_A2_rep002_ARX_I.mat,forecast_results,287,288,0.0197978590261371,0.0197978590261371,0.0237971254851525,0.0181478349917288,0.00201642611019209,0.017781432915945,0,0,1,0.2125,0.2125,0.264639617879115,1,closed_loop_monte_carlo,ok,ok,-507.761839483405
combined_stress,SEIR with observation and process noise,SEIR,ssa,1,1,1,2,A2,Policy Intervention,ARX,I,/home/kaahin/degree_project/hybrid-epidemic-forecasting/results/partB/combined_stress/forecasts/partB_combined_stress_forecast_A2_rep002_ARX_I.mat,forecast_results,294,295,0.0194887592225479,0.0194887592225479,0.0156468398127538,0.0133617348253545,0.00148463720281717,0.0180041220197308,0,0,1,0.2125,0.2125,0.268400513431224,1,closed_loop_monte_carlo,ok,ok,-522.031719048856
combined_stress,SEIR with observation and process noise,SEIR,ssa,1,1,1,2,A2,Policy Intervention,ARX,I,/home/kaahin/degree_project/hybrid-epidemic-forecasting/results/partB/combined_stress/forecasts/partB_combined_stress_forecast_A2_rep002_ARX_I.mat,forecast_results,301,302,0.0253471686568668,0.0253471686568668,0.0499312837794287,0.047531576900989,0.00528128632233211,0.0200085370673821,5.73452671525986e-05,0,0.964285714285714,0.176785714285714,0.2125,0.302254450625151,1,closed_loop_monte_carlo,ok,ok,-532.021403705634
combined_stress,SEIR with observation and process noise,SEIR,ssa,1,1,1,2,A2,Policy Intervention,ARX,I,/home/kaahin/degree_project/hybrid-epidemic-forecasting/results/partB/combined_stress/forecasts/partB_combined_stress_forecast_A2_rep002_ARX_I.mat,forecast_results,308,309,0.0197436822497179,0.0197436822497179,0.0253797578547303,0.0220493202429813,0.00244992447144236,0.0172937577782756,0,0,1,0.2125,0.2125,0.250280987714001,1,closed_loop_monte_carlo,ok,ok,-546.292687977956
combined_stress,SEIR with observation and process noise,SEIR,ssa,1,1,1,2,A2,Policy Intervention,ARX,I,/home/kaahin/degree_project/hybrid-epidemic-forecasting/results/partB/combined_stress/forecasts/partB_combined_stress_forecast_A2_rep002_ARX_I.mat,forecast_results,315,316,0.0243823362188595,0.0243823362188595,0.0393095748635328,0.0368272990234217,0.00409192211371352,0.020290414105146,0,0,1,0.2125,0.2125,0.298679060657451,1,closed_loop_monte_carlo,ok,ok,-560.619413877871
combined_stress,SEIR with observation and process noise,SEIR,ssa,1,1,1,2,A2,Policy Intervention,ARX,I,/home/kaahin/degree_project/hybrid-epidemic-forecasting/results/partB/combined_stress/forecasts/partB_combined_stress_forecast_A2_rep002_ARX_I.mat,forecast_results,322,323,0.0216722713791292,0.0216722713791292,0.0364866471704513,0.0352271598523398,0.0039141288724822,0.017758142506647,0,0,1,0.2125,0.2125,0.25974622559656,1,closed_loop_monte_carlo,ok,ok,-577.971584808164
combined_stress,SEIR with observation and process noise,SEIR,ssa,1,1,1,2,A2,Policy Intervention,ARX,I,/home/kaahin/degree_project/hybrid-epidemic-forecasting/results/partB/combined_stress/forecasts/partB_combined_stress_forecast_A2_rep002_ARX_I.mat,forecast_results,329,330,0.021692601458582,0.021692601458582,0.0361412799492303,0.0350406484799492,0.00389340538666102,0.017799196071921,0,0,1,0.2125,0.2125,0.255905469884875,1,closed_loop_monte_carlo,ok,ok,-594.019168306278
combined_stress,SEIR with observation and process noise,SEIR,ssa,1,1,1,2,A2,Policy Intervention,ARX,I,/home/kaahin/degree_project/hybrid-epidemic-forecasting/results/partB/combined_stress/forecasts/partB_combined_stress_forecast_A2_rep002_ARX_I.mat,forecast_results,336,337,0.0176349677099599,0.0176349677099599,0.0178152832357482,0.0143390700626595,0.00159323000696217,0.0160417377029977,0,0,1,0.2125,0.2125,0.234788182026498,1,closed_loop_monte_carlo,ok,ok,-608.770078061047
combined_stress,SEIR with observation and process noise,SEIR,ssa,1,1,1,2,A2,Policy Intervention,ARX,I,/home/kaahin/degree_project/hybrid-epidemic-forecasting/results/partB/combined_stress/forecasts/partB_combined_stress_forecast_A2_rep002_ARX_I.mat,forecast_results,343,344,0.0224811555252275,0.0224811555252275,0.0330162165138032,0.0306395671970845,0.00340439635523161,0.0190767591699959,0,0,1,0.2125,0.2125,0.28547874101486,1,closed_loop_monte_carlo,ok,ok,-624.664996313817
combined_stress,SEIR with observation and process noise,SEIR,ssa,1,1,1,2,A2,Policy Intervention,ARX,I,/home/kaahin/degree_project/hybrid-epidemic-forecasting/results/partB/combined_stress/forecasts/partB_combined_stress_forecast_A2_rep002_ARX_I.mat,forecast_results,350,351,0.0199386167517493,0.0199386167517493,0.0252999582583876,0.0221696911039738,0.00246329901155265,0.0174753177401967,0,0,1,0.2125,0.2125,0.263586075639381,1,closed_loop_monte_carlo,ok,ok,-643.439794181221
combined_stress,SEIR with observation and process noise,SEIR,ssa,1,1,1,2,A2,Policy Intervention,AR,None,/home/kaahin/degree_project/hybrid-epidemic-forecasting/results/partB/combined_stress/forecasts/partB_combined_stress_forecast_A2_rep002_AR_None.mat,forecast_results,49,50,0.0299093707196389,0.0299093707196389,0.048230186904067,0.0430609965943821,0.00478455517715356,0.0251248155424854,0,0,1,0.2125,0.2125,0.36114875579658,1,closed_loop_monte_carlo,ok,ok,-121.654169514271
combined_stress,SEIR with observation and process noise,SEIR,ssa,1,1,1,2,A2,Policy Intervention,AR,None,/home/kaahin/degree_project/hybrid-epidemic-forecasting/results/partB/combined_stress/forecasts/partB_combined_stress_forecast_A2_rep002_AR_None.mat,forecast_results,56,57,0.0296051090645886,0.0296051090645886,0.0557491288509142,0.0456636660297491,0.00507374066997213,0.0237782895616182,0,0.000753078832998263,0.964285714285714,0.176785714285714,0.2125,0.348301447957712,1,closed_loop_monte_carlo,ok,ok,-142.740298025119
combined_stress,SEIR with observation and process noise,SEIR,ssa,1,1,1,2,A2,Policy Intervention,AR,None,/home/kaahin/degree_project/hybrid-epidemic-forecasting/results/partB/combined_stress/forecasts/partB_combined_stress_forecast_A2_rep002_AR_None.mat,forecast_results,63,64,0.0324288619928062,0.0324288619928062,0.0681054246663187,0.0645870223650905,0.00717633581834339,0.0238935691724819,0,0.00135895700198087,0.928571428571429,0.141071428571429,0.2125,0.34844830127206,1,closed_loop_monte_carlo,ok,ok,-163.649236581116
combined_stress,SEIR with observation and process noise,SEIR,ssa,1,1,1,2,A2,Policy Intervention,AR,None,/home/kaahin/degree_project/hybrid-epidemic-forecasting/results/partB/combined_stress/forecasts/partB_combined_stress_forecast_A2_rep002_AR_None.mat,forecast_results,70,71,0.0298386215717703,0.0298386215717703,0.0464786092924456,0.0384548191066127,0.00427275767851252,0.0250763591909762,0.000489504702281548,0,0.982142857142857,0.194642857142857,0.2125,0.364025840786849,1,closed_loop_monte_carlo,ok,ok,-173.060819082251
combined_stress,SEIR with observation and process noise,SEIR,ssa,1,1,1,2,A2,Policy Intervention,AR,None,/home/kaahin/degree_project/hybrid-epidemic-forecasting/results/partB/combined_stress/forecasts/partB_combined_stress_forecast_A2_rep002_AR_None.mat,forecast_results,77,78,0.0293879220150384,0.0293879220150384,0.0387269192663215,0.0312718704398518,0.00347465227109464,0.0258594382871205,5.38314568231725e-05,0,0.982142857142857,0.194642857142857,0.2125,0.378737105969947,1,closed_loop_monte_carlo,ok,ok,-196.437306524359
combined_stress,SEIR with observation and process noise,SEIR,ssa,1,1,1,2,A2,Policy Intervention,AR,None,/home/kaahin/degree_project/hybrid-epidemic-forecasting/results/partB/combined_stress/forecasts/partB_combined_stress_forecast_A2_rep002_AR_None.mat,forecast_results,84,85,0.0304446534710942,0.0304446534710942,0.0639447293035485,0.054282413767827,0.00603137930753634,0.0243884233524402,0,2.48508111176179e-05,0.982142857142857,0.194642857142857,0.2125,0.355564704459202,1,closed_loop_monte_carlo,ok,ok,-211.834637097808
combined_stress,SEIR with observation and process noise,SEIR,ssa,1,1,1,2,A2,Policy Intervention,AR,None,/home/kaahin/degree_project/hybrid-epidemic-forecasting/results/partB/combined_stress/forecasts/partB_combined_stress_forecast_A2_rep002_AR_None.mat,forecast_results,91,92,0.0382105836096046,0.0382105836096046,0.0919350451895525,0.0813107908361874,0.00903453231513194,0.024295336551813,0,0.00488071474265968,0.875,0.0875,0.223214285714286,0.35124489250808,1,closed_loop_monte_carlo,ok,ok,-219.807205544953
combined_stress,SEIR with observation and process noise,SEIR,ssa,1,1,1,2,A2,Policy Intervention,AR,None,/home/kaahin/degree_project/hybrid-epidemic-forecasting/results/partB/combined_stress/forecasts/partB_combined_stress_forecast_A2_rep002_AR_None.mat,forecast_results,98,99,0.0299255771552062,0.0299255771552062,0.0328261660524536,0.028219980009269,0.00313555333436323,0.026790023820843,0,0,1,0.2125,0.2125,0.388624089921991,1,closed_loop_monte_carlo,ok,ok,-235.101712625344
combined_stress,SEIR with observation and process noise,SEIR,ssa,1,1,1,2,A2,Policy Intervention,AR,None,/home/kaahin/degree_project/hybrid-epidemic-forecasting/results/partB/combined_stress/forecasts/partB_combined_stress_forecast_A2_rep002_AR_None.mat,forecast_results,105,106,0.0392585994251603,0.0392585994251603,0.0895990188481508,0.0688624437494294,0.00765138263882549,0.026358914936009,0.00524830185032577,0,0.892857142857143,0.105357142857143,0.223214285714286,0.382974226030813,1,closed_loop_monte_carlo,ok,ok,-252.17840534088
combined_stress,SEIR with observation and process noise,SEIR,ssa,1,1,1,2,A2,Policy Intervention,AR,None,/home/kaahin/degree_project/hybrid-epidemic-forecasting/results/partB/combined_stress/forecasts/partB_combined_stress_forecast_A2_rep002_AR_None.mat,forecast_results,112,113,0.284825243772798,0.284825243772798,0.503805704792061,0.375196175599368,0.0416884639554853,0.0243508344734231,0.21878594534389,0,0.375,-0.4125,0.541071428571429,0.359238651797865,1,closed_loop_monte_carlo,ok,ok,-275.110147494018
combined_stress,SEIR with observation and process noise,SEIR,ssa,1,1,1,2,A2,Policy Intervention,AR,None,/home/kaahin/degree_project/hybrid-epidemic-forecasting/results/partB/combined_stress/forecasts/partB_combined_stress_forecast_A2_rep002_AR_None.mat,forecast_results,119,120,0.673029059939166,0.673029059939166,0.835111145816924,0.796159844656296,0.0884622049618106,0.022499109138526,0.562067745838829,0,0,-0.7875,0.7875,0.336129870069467,1,closed_loop_monte_carlo,ok,ok,-297.080582745075
combined_stress,SEIR with observation and process noise,SEIR,ssa,1,1,1,2,A2,Policy Intervention,AR,None,/home/kaahin/degree_project/hybrid-epidemic-forecasting/results/partB/combined_stress/forecasts/partB_combined_stress_forecast_A2_rep002_AR_None.mat,forecast_results,126,127,0.0254096297111917,0.0254096297111917,0.0226971868042754,0.0192413696221466,0.00213792995801629,0.0230058968796534,0.000265802873522041,0,0.982142857142857,0.194642857142857,0.2125,0.351264757181608,1,closed_loop_monte_carlo,ok,ok,-250.013179340845
combined_stress,SEIR with observation and process noise,SEIR,ssa,1,1,1,2,A2,Policy Intervention,AR,None,/home/kaahin/degree_project/hybrid-epidemic-forecasting/results/partB/combined_stress/forecasts/partB_combined_stress_forecast_A2_rep002_AR_None.mat,forecast_results,133,134,0.0365432243986628,0.0365432243986628,0.096634085994143,0.0957607376784436,0.0106400819642715,0.0201726274058809,0,0.00573051502851032,0.785714285714286,-0.00178571428571429,0.2375,0.294820496289934,1,closed_loop_monte_carlo,ok,ok,-261.703539813865
combined_stress,SEIR with observation and process noise,SEIR,ssa,1,1,1,2,A2,Policy Intervention,AR,None,/home/kaahin/degree_project/hybrid-epidemic-forecasting/results/partB/combined_stress/forecasts/partB_combined_stress_forecast_A2_rep002_AR_None.mat,forecast_results,140,141,0.0332209950624061,0.0332209950624061,0.081126505335621,0.0802334681217027,0.0089148297913003,0.0225488437427078,0,0.001757321528398,0.875,0.0875,0.2125,0.330657343270977,1,closed_loop_monte_carlo,ok,ok,-271.417027060709
combined_stress,SEIR with observation and process noise,SEIR,ssa,1,1,1,2,A2,Policy Intervention,AR,None,/home/kaahin/degree_project/hybrid-epidemic-forecasting/results/partB/combined_stress/forecasts/partB_combined_stress_forecast_A2_rep002_AR_None.mat,forecast_results,147,148,0.0291631100283527,0.0291631100283527,0.0414516172327435,0.037661333523063,0.00418459261367367,0.0248370138198155,0.000141503594863473,0,0.982142857142857,0.194642857142857,0.2125,0.358031076683003,1,closed_loop_monte_carlo,ok,ok,-276.690965001064
combined_stress,SEIR with observation and process noise,SEIR,ssa,1,1,1,2,A2,Policy Intervention,AR,None,/home/kaahin/degree_project/hybrid-epidemic-forecasting/results/partB/combined_stress/forecasts/partB_combined_stress_forecast_A2_rep002_AR_None.mat,forecast_results,154,155,0.0334446690578047,0.0334446690578047,0.0766022883281618,0.0695458493689435,0.00772731659654927,0.0254368635109321,0.000280488950323348,0,0.964285714285714,0.176785714285714,0.2125,0.370211713622235,1,closed_loop_monte_carlo,ok,ok,-286.523072947164
combined_stress,SEIR with observation and process noise,SEIR,ssa,1,1,1,2,A2,Policy Intervention,AR,None,/home/kaahin/degree_project/hybrid-epidemic-forecasting/results/partB/combined_stress/forecasts/partB_combined_stress_forecast_A2_rep002_AR_None.mat,forecast_results,161,162,0.0263099872549877,0.0263099872549877,0.0216115010351732,0.0190761926607943,0.00211957696231048,0.0241865998667647,0,3.81042591252662e-06,0.982142857142857,0.194642857142857,0.2125,0.356330478581293,1,closed_loop_monte_carlo,ok,ok,-304.855118640359
combined_stress,SEIR with observation and process noise,SEIR,ssa,1,1,1,2,A2,Policy Intervention,AR,None,/home/kaahin/degree_project/hybrid-epidemic-forecasting/results/partB/combined_stress/forecasts/partB_combined_stress_forecast_A2_rep002_AR_None.mat,forecast_results,168,169,0.023376884527195,0.023376884527195,0.0148286195626886,0.0116992475235032,0.00129991639150036,0.0220769681356947,0,0,1,0.2125,0.2125,0.354852502427953,1,closed_loop_monte_carlo,ok,ok,-317.946415344167
combined_stress,SEIR with observation and process noise,SEIR,ssa,1,1,1,2,A2,Policy Intervention,AR,None,/home/kaahin/degree_project/hybrid-epidemic-forecasting/results/partB/combined_stress/forecasts/partB_combined_stress_forecast_A2_rep002_AR_None.mat,forecast_results,175,176,0.025930701533709,0.025930701533709,0.00976577529371839,0.00798270414922717,0.000886967127691908,0.0250437344060171,0,0,1,0.2125,0.2125,0.362270604324491,1,closed_loop_monte_carlo,ok,ok,-331.152302697267
combined_stress,SEIR with observation and process noise,SEIR,ssa,1,1,1,2,A2,Policy Intervention,AR,None,/home/kaahin/degree_project/hybrid-epidemic-forecasting/results/partB/combined_stress/forecasts/partB_combined_stress_forecast_A2_rep002_AR_None.mat,forecast_results,182,183,0.0238280428986514,0.0238280428986514,0.0298484065366419,0.0250214957650018,0.00278016619611131,0.0210214468010807,0,2.64299014593346e-05,0.982142857142857,0.194642857142857,0.2125,0.318415925705163,1,closed_loop_monte_carlo,ok,ok,-344.105132512989
combined_stress,SEIR with observation and process noise,SEIR,ssa,1,1,1,2,A2,Policy Intervention,AR,None,/home/kaahin/degree_project/hybrid-epidemic-forecasting/results/partB/combined_stress/forecasts/partB_combined_stress_forecast_A2_rep002_AR_None.mat,forecast_results,189,190,0.021816765097618,0.021816765097618,0.0155197632119895,0.0121699603574245,0.00135221781749161,0.0204645472801264,0,0,1,0.2125,0.2125,0.296552424607066,1,closed_loop_monte_carlo,ok,ok,-354.761186412473
combined_stress,SEIR with observation and process noise,SEIR,ssa,1,1,1,2,A2,Policy Intervention,AR,None,/home/kaahin/degree_project/hybrid-epidemic-forecasting/results/partB/combined_stress/forecasts/partB_combined_stress_forecast_A2_rep002_AR_None.mat,forecast_results,196,197,0.0237136381996813,0.0237136381996813,0.0303684939802753,0.0269655514223106,0.00299617238025673,0.0207022804846607,1.5185334763904e-05,0,0.982142857142857,0.194642857142857,0.2125,0.311927005343626,1,closed_loop_monte_carlo,ok,ok,-360.855929654029
combined_stress,SEIR with observation and process noise,SEIR,ssa,1,1,1,2,A2,Policy Intervention,AR,None,/home/kaahin/degree_project/hybrid-epidemic-forecasting/results/partB/combined_stress/forecasts/partB_combined_stress_forecast_A2_rep002_AR_None.mat,forecast_results,203,204,0.0248243725707525,0.0248243725707525,0.0525465468556449,0.0493949340451986,0.00548832600502206,0.018390890356339,0,0.000945156209391456,0.946428571428571,0.158928571428571,0.2125,0.276995374450297,1,closed_loop_monte_carlo,ok,ok,-368.743741248496
combined_stress,SEIR with observation and process noise,SEIR,ssa,1,1,1,2,A2,Policy Intervention,AR,None,/home/kaahin/degree_project/hybrid-epidemic-forecasting/results/partB/combined_stress/forecasts/partB_combined_stress_forecast_A2_rep002_AR_None.mat,forecast_results,210,211,0.0240268225991598,0.0240268225991598,0.0334133025237726,0.0309135579017963,0.00343483976686626,0.0205919828322935,0,0,1,0.2125,0.2125,0.312576604359735,1,closed_loop_monte_carlo,ok,ok,-381.162754240739
combined_stress,SEIR with observation and process noise,SEIR,ssa,1,1,1,2,A2,Policy Intervention,AR,None,/home/kaahin/degree_project/hybrid-epidemic-forecasting/results/partB/combined_stress/forecasts/partB_combined_stress_forecast_A2_rep002_AR_None.mat,forecast_results,217,218,0.0233365284749161,0.0233365284749161,0.0213337276127273,0.0172003903981351,0.00191115448868168,0.0214253739862344,0,0,1,0.2125,0.2125,0.304151593842732,1,closed_loop_monte_carlo,ok,ok,-397.547849828159
combined_stress,SEIR with observation and process noise,SEIR,ssa,1,1,1,2,A2,Policy Intervention,AR,None,/home/kaahin/degree_project/hybrid-epidemic-forecasting/results/partB/combined_stress/forecasts/partB_combined_stress_forecast_A2_rep002_AR_None.mat,forecast_results,224,225,0.0281209495143915,0.0281209495143915,0.060649229505308,0.0552516554404068,0.00613907282671187,0.0215006711076662,0.000481205580013469,0,0.928571428571429,0.141071428571429,0.2125,0.321938354008756,1,closed_loop_monte_carlo,ok,ok,-403.427651871213
combined_stress,SEIR with observation and process noise,SEIR,ssa,1,1,1,2,A2,Policy Intervention,AR,None,/home/kaahin/degree_project/hybrid-epidemic-forecasting/results/partB/combined_stress/forecasts/partB_combined_stress_forecast_A2_rep002_AR_None.mat,forecast_results,231,232,0.0222609653008977,0.0222609653008977,0.020321213587396,0.0159768980528967,0.0017752108947663,0.0203178668825436,0,0.000167887523587843,0.982142857142857,0.194642857142857,0.2125,0.299641414281427,1,closed_loop_monte_carlo,ok,ok,-413.565572381896
combined_stress,SEIR with observation and process noise,SEIR,ssa,1,1,1,2,A2,Policy Intervention,AR,None,/home/kaahin/degree_project/hybrid-epidemic-forecasting/results/partB/combined_stress/forecasts/partB_combined_stress_forecast_A2_rep002_AR_None.mat,forecast_results,238,239,0.0249844117683652,0.0249844117683652,0.0304518232705244,0.0260879334437792,0.00289865927153102,0.0220857524968342,0,0,1,0.2125,0.2125,0.333968490894426,1,closed_loop_monte_carlo,ok,ok,-429.281768747701
combined_stress,SEIR with observation and process noise,SEIR,ssa,1,1,1,2,A2,Policy Intervention,AR,None,/home/kaahin/degree_project/hybrid-epidemic-forecasting/results/partB/combined_stress/forecasts/partB_combined_stress_forecast_A2_rep002_AR_None.mat,forecast_results,245,246,0.0203294578172148,0.0203294578172148,0.0114443404573018,0.00937769077339667,0.00104196564148852,0.0192874921757263,0,0,1,0.2125,0.2125,0.290583413252721,1,closed_loop_monte_carlo,ok,ok,-439.403513299959
combined_stress,SEIR with observation and process noise,SEIR,ssa,1,1,1,2,A2,Policy Intervention,AR,None,/home/kaahin/degree_project/hybrid-epidemic-forecasting/results/partB/combined_stress/forecasts/partB_combined_stress_forecast_A2_rep002_AR_None.mat,forecast_results,252,253,0.0225069012972086,0.0225069012972086,0.0180734190513474,0.0147405675619742,0.00163784084021935,0.0208690604569892,0,0,1,0.2125,0.2125,0.305041510872946,1,closed_loop_monte_carlo,ok,ok,-450.23529764895
combined_stress,SEIR with observation and process noise,SEIR,ssa,1,1,1,2,A2,Policy Intervention,AR,None,/home/kaahin/degree_project/hybrid-epidemic-forecasting/results/partB/combined_stress/forecasts/partB_combined_stress_forecast_A2_rep002_AR_None.mat,forecast_results,259,260,0.0240085733520541,0.0240085733520541,0.0164824559920138,0.0150778522384341,0.00167531691538156,0.0223332564366725,0,0,1,0.2125,0.2125,0.330492021138577,1,closed_loop_monte_carlo,ok,ok,-458.287419018085
combined_stress,SEIR with observation and process noise,SEIR,ssa,1,1,1,2,A2,Policy Intervention,AR,None,/home/kaahin/degree_project/hybrid-epidemic-forecasting/results/partB/combined_stress/forecasts/partB_combined_stress_forecast_A2_rep002_AR_None.mat,forecast_results,266,267,0.0217674841427862,0.0217674841427862,0.0184631846608545,0.0129216160843826,0.00143573512048695,0.0203317490222993,0,0,1,0.2125,0.2125,0.306567507758582,1,closed_loop_monte_carlo,ok,ok,-473.331871918188
combined_stress,SEIR with observation and process noise,SEIR,ssa,1,1,1,2,A2,Policy Intervention,AR,None,/home/kaahin/degree_project/hybrid-epidemic-forecasting/results/partB/combined_stress/forecasts/partB_combined_stress_forecast_A2_rep002_AR_None.mat,forecast_results,273,274,0.0198012100543381,0.0198012100543381,0.00892624640526896,0.00584585512249971,0.000649539458055523,0.0191516705962826,0,0,1,0.2125,0.2125,0.28180041142598,1,closed_loop_monte_carlo,ok,ok,-489.876749327043
combined_stress,SEIR with observation and process noise,SEIR,ssa,1,1,1,2,A2,Policy Intervention,AR,None,/home/kaahin/degree_project/hybrid-epidemic-forecasting/results/partB/combined_stress/forecasts/partB_combined_stress_forecast_A2_rep002_AR_None.mat,forecast_results,280,281,0.0195180053353058,0.0195180053353058,0.0132137326517773,0.0112180266125152,0.00124644740139057,0.0182715579339152,0,0,1,0.2125,0.2125,0.270229086034489,1,closed_loop_monte_carlo,ok,ok,-503.75153190849
combined_stress,SEIR with observation and process noise,SEIR,ssa,1,1,1,2,A2,Policy Intervention,AR,None,/home/kaahin/degree_project/hybrid-epidemic-forecasting/results/partB/combined_stress/forecasts/partB_combined_stress_forecast_A2_rep002_AR_None.mat,forecast_results,287,288,0.0189366206485643,0.0189366206485643,0.0112797341661864,0.00929081614722006,0.00103231290524667,0.0179043077433176,0,0,1,0.2125,0.2125,0.262920958355831,1,closed_loop_monte_carlo,ok,ok,-520.740454677029
combined_stress,SEIR with observation and process noise,SEIR,ssa,1,1,1,2,A2,Policy Intervention,AR,None,/home/kaahin/degree_project/hybrid-epidemic-forecasting/results/partB/combined_stress/forecasts/partB_combined_stress_forecast_A2_rep002_AR_None.mat,forecast_results,294,295,0.0220034906191804,0.0220034906191804,0.0271703782323598,0.0247890953794937,0.00275434393105486,0.0192491466881255,0,0,1,0.2125,0.2125,0.299340929139676,1,closed_loop_monte_carlo,ok,ok,-534.972157650187
combined_stress,SEIR with observation and process noise,SEIR,ssa,1,1,1,2,A2,Policy Intervention,AR,None,/home/kaahin/degree_project/hybrid-epidemic-forecasting/results/partB/combined_stress/forecasts/partB_combined_stress_forecast_A2_rep002_AR_None.mat,forecast_results,301,302,0.0250428055400167,0.0250428055400167,0.0453714399402799,0.0425257756422231,0.00472508618246923,0.0203177193575475,0,0,1,0.2125,0.2125,0.294610989628081,1,closed_loop_monte_carlo,ok,ok,-545.280966159011
combined_stress,SEIR with observation and process noise,SEIR,ssa,1,1,1,2,A2,Policy Intervention,AR,None,/home/kaahin/degree_project/hybrid-epidemic-forecasting/results/partB/combined_stress/forecasts/partB_combined_stress_forecast_A2_rep002_AR_None.mat,forecast_results,308,309,0.0244681094115022,0.0244681094115022,0.0547038617930387,0.0541111310613489,0.00601234789570543,0.0182369744286035,0,0.000218787087193297,0.928571428571429,0.141071428571429,0.2125,0.26358800494981,1,closed_loop_monte_carlo,ok,ok,-558.781056291906
combined_stress,SEIR with observation and process noise,SEIR,ssa,1,1,1,2,A2,Policy Intervention,AR,None,/home/kaahin/degree_project/hybrid-epidemic-forecasting/results/partB/combined_stress/forecasts/partB_combined_stress_forecast_A2_rep002_AR_None.mat,forecast_results,315,316,0.0220980264912329,0.0220980264912329,0.0236320441870892,0.021181608631785,0.00235351207019833,0.0197445144210346,0,0,1,0.2125,0.2125,0.29587310416562,1,closed_loop_monte_carlo,ok,ok,-572.738550658754
combined_stress,SEIR with observation and process noise,SEIR,ssa,1,1,1,2,A2,Policy Intervention,AR,None,/home/kaahin/degree_project/hybrid-epidemic-forecasting/results/partB/combined_stress/forecasts/partB_combined_stress_forecast_A2_rep002_AR_None.mat,forecast_results,322,323,0.0206070763199593,0.0206070763199593,0.0169285093495392,0.014670880478747,0.00163009783097189,0.0189769784889874,0,0,1,0.2125,0.2125,0.280166604691794,1,closed_loop_monte_carlo,ok,ok,-590.058882769248
combined_stress,SEIR with observation and process noise,SEIR,ssa,1,1,1,2,A2,Policy Intervention,AR,None,/home/kaahin/degree_project/hybrid-epidemic-forecasting/results/partB/combined_stress/forecasts/partB_combined_stress_forecast_A2_rep002_AR_None.mat,forecast_results,329,330,0.026888142410523,0.026888142410523,0.0594483335489114,0.0583923485138684,0.00648803872376316,0.020176856790986,0.000223246895773853,0,0.964285714285714,0.176785714285714,0.2125,0.292900306783059,1,closed_loop_monte_carlo,ok,ok,-605.873433723652
combined_stress,SEIR with observation and process noise,SEIR,ssa,1,1,1,2,A2,Policy Intervention,AR,None,/home/kaahin/degree_project/hybrid-epidemic-forecasting/results/partB/combined_stress/forecasts/partB_combined_stress_forecast_A2_rep002_AR_None.mat,forecast_results,336,337,0.0203538627658372,0.0203538627658372,0.0136684511633122,0.0114719804979404,0.00127466449977115,0.0190791982660661,0,0,1,0.2125,0.2125,0.275972934182051,1,closed_loop_monte_carlo,ok,ok,-620.253141954331
combined_stress,SEIR with observation and process noise,SEIR,ssa,1,1,1,2,A2,Policy Intervention,AR,None,/home/kaahin/degree_project/hybrid-epidemic-forecasting/results/partB/combined_stress/forecasts/partB_combined_stress_forecast_A2_rep002_AR_None.mat,forecast_results,343,344,0.0241814561546312,0.0241814561546312,0.0264426378734641,0.0240218262433683,0.0026690918048187,0.0215123643498125,0,0,1,0.2125,0.2125,0.306954666516392,1,closed_loop_monte_carlo,ok,ok,-636.156873928447
combined_stress,SEIR with observation and process noise,SEIR,ssa,1,1,1,2,A2,Policy Intervention,AR,None,/home/kaahin/degree_project/hybrid-epidemic-forecasting/results/partB/combined_stress/forecasts/partB_combined_stress_forecast_A2_rep002_AR_None.mat,forecast_results,350,351,0.020316739184819,0.020316739184819,0.0164154116027859,0.0138416276552594,0.00153795862836215,0.0187787805564569,0,0,1,0.2125,0.2125,0.271138681053019,1,closed_loop_monte_carlo,ok,ok,-654.710998329328
combined_stress,SEIR with observation and process noise,SEIR,ssa,1,1,1,1,A3,Damping Resurgence,ARX,I,/home/kaahin/degree_project/hybrid-epidemic-forecasting/results/partB/combined_stress/forecasts/partB_combined_stress_forecast_A3_rep001_ARX_I.mat,forecast_results,49,50,0.184542013410535,0.184542013410535,0.357227886073373,0.329453830582663,0.0366059811758514,0.023206749090367,0,0.124729283144317,0.125,-0.6625,0.680357142857143,0.333754077039979,1,closed_loop_monte_carlo,ok,ok,-98.1544551818237
combined_stress,SEIR with observation and process noise,SEIR,ssa,1,1,1,1,A3,Damping Resurgence,ARX,I,/home/kaahin/degree_project/hybrid-epidemic-forecasting/results/partB/combined_stress/forecasts/partB_combined_stress_forecast_A3_rep001_ARX_I.mat,forecast_results,56,57,0.0968648511536262,0.0968648511536262,0.275339965268288,0.252316200776732,0.0280351334196369,0.0346509297732158,0,0.0341787879607735,0.607142857142857,-0.180357142857143,0.308928571428571,0.516347409752694,1,closed_loop_monte_carlo,ok,ok,-103.759899368103
combined_stress,SEIR with observation and process noise,SEIR,ssa,1,1,1,1,A3,Damping Resurgence,ARX,I,/home/kaahin/degree_project/hybrid-epidemic-forecasting/results/partB/combined_stress/forecasts/partB_combined_stress_forecast_A3_rep001_ARX_I.mat,forecast_results,63,64,0.0914649792729095,0.0914649792729095,0.245534525634299,0.192276968238741,0.0213641075820823,0.060999013853885,0.00910185783694224,0,0.892857142857143,0.105357142857143,0.2125,0.90433086600908,1,closed_loop_monte_carlo,ok,ok,-125.619445657353
combined_stress,SEIR with observation and process noise,SEIR,ssa,1,1,1,1,A3,Damping Resurgence,ARX,I,/home/kaahin/degree_project/hybrid-epidemic-forecasting/results/partB/combined_stress/forecasts/partB_combined_stress_forecast_A3_rep001_ARX_I.mat,forecast_results,70,71,0.365886037642284,0.365886037642284,0.868972831830632,0.698698512156115,0.0776331680173461,0.0689318401852554,0.219321029439682,0,0.196428571428571,-0.591071428571429,0.626785714285714,1.00633554233652,1,closed_loop_monte_carlo,ok,ok,-144.953053211562
combined_stress,SEIR with observation and process noise,SEIR,ssa,1,1,1,1,A3,Damping Resurgence,ARX,I,/home/kaahin/degree_project/hybrid-epidemic-forecasting/results/partB/combined_stress/forecasts/partB_combined_stress_forecast_A3_rep001_ARX_I.mat,forecast_results,77,78,0.094087495851193,0.094087495851193,0.278717621132177,0.215629759580891,0.0239588621756545,0.0436939724843043,0.0264346611912342,0,0.75,-0.0375,0.285714285714286,0.657839305867916,1,closed_loop_monte_carlo,ok,ok,-153.878087805099
combined_stress,SEIR with observation and process noise,SEIR,ssa,1,1,1,1,A3,Damping Resurgence,ARX,I,/home/kaahin/degree_project/hybrid-epidemic-forecasting/results/partB/combined_stress/forecasts/partB_combined_stress_forecast_A3_rep001_ARX_I.mat,forecast_results,84,85,0.641171035582382,0.641171035582382,1.0609728890009,0.930871829009128,0.103430203223236,0.06347613613824,0.474264696220905,0,0,-0.7875,0.7875,0.949030185420763,1,closed_loop_monte_carlo,ok,ok,-173.073553832671
combined_stress,SEIR with observation and process noise,SEIR,ssa,1,1,1,1,A3,Damping Resurgence,ARX,I,/home/kaahin/degree_project/hybrid-epidemic-forecasting/results/partB/combined_stress/forecasts/partB_combined_stress_forecast_A3_rep001_ARX_I.mat,forecast_results,91,92,0.0494833375252044,0.0494833375252044,0.125806653026523,0.109798312748735,0.0121998125276372,0.0341604303490821,0.00312309464848516,0,0.910714285714286,0.123214285714286,0.2125,0.504904482033856,1,closed_loop_monte_carlo,ok,ok,-176.987544505326
combined_stress,SEIR with observation and process noise,SEIR,ssa,1,1,1,1,A3,Damping Resurgence,ARX,I,/home/kaahin/degree_project/hybrid-epidemic-forecasting/results/partB/combined_stress/forecasts/partB_combined_stress_forecast_A3_rep001_ARX_I.mat,forecast_results,98,99,0.0415937525195047,0.0415937525195047,0.0948868500453661,0.0898621214025813,0.00998468015584237,0.0306425330220143,0.000966539341648067,0,0.910714285714286,0.123214285714286,0.2125,0.442773352942272,1,closed_loop_monte_carlo,ok,ok,-185.849382054741
combined_stress,SEIR with observation and process noise,SEIR,ssa,1,1,1,1,A3,Damping Resurgence,ARX,I,/home/kaahin/degree_project/hybrid-epidemic-forecasting/results/partB/combined_stress/forecasts/partB_combined_stress_forecast_A3_rep001_ARX_I.mat,forecast_results,105,106,0.0360190529326077,0.0360190529326077,0.102372992011477,0.0839596232290983,0.00932884702545537,0.0238217436773522,0,0.00286846222980008,0.910714285714286,0.123214285714286,0.223214285714286,0.345411052748101,1,closed_loop_monte_carlo,ok,ok,-203.339107379883
combined_stress,SEIR with observation and process noise,SEIR,ssa,1,1,1,1,A3,Damping Resurgence,ARX,I,/home/kaahin/degree_project/hybrid-epidemic-forecasting/results/partB/combined_stress/forecasts/partB_combined_stress_forecast_A3_rep001_ARX_I.mat,forecast_results,112,113,0.0487438253016347,0.0487438253016347,0.146293622926501,0.114727023863089,0.0127474470958988,0.0267124783562829,0,0.00928389984945303,0.839285714285714,0.0517857142857143,0.244642857142857,0.386985606060373,1,closed_loop_monte_carlo,ok,ok,-219.006797663851
combined_stress,SEIR with observation and process noise,SEIR,ssa,1,1,1,1,A3,Damping Resurgence,ARX,I,/home/kaahin/degree_project/hybrid-epidemic-forecasting/results/partB/combined_stress/forecasts/partB_combined_stress_forecast_A3_rep001_ARX_I.mat,forecast_results,119,120,0.106534143479571,0.106534143479571,0.263962210895399,0.227223612657537,0.0252470680730596,0.0236003275777881,0,0.0576867478287228,0.5,-0.2875,0.4125,0.347166462972361,1,closed_loop_monte_carlo,ok,ok,-236.182367519107
combined_stress,SEIR with observation and process noise,SEIR,ssa,1,1,1,1,A3,Damping Resurgence,ARX,I,/home/kaahin/degree_project/hybrid-epidemic-forecasting/results/partB/combined_stress/forecasts/partB_combined_stress_forecast_A3_rep001_ARX_I.mat,forecast_results,126,127,0.0876743982279209,0.0876743982279209,0.272467976414093,0.235576326773801,0.0261751474193113,0.0333553769696475,0,0.0281438738389621,0.696428571428571,-0.0910714285714286,0.266071428571429,0.491548794951294,1,closed_loop_monte_carlo,ok,ok,-253.471288485843
combined_stress,SEIR with observation and process noise,SEIR,ssa,1,1,1,1,A3,Damping Resurgence,ARX,I,/home/kaahin/degree_project/hybrid-epidemic-forecasting/results/partB/combined_stress/forecasts/partB_combined_stress_forecast_A3_rep001_ARX_I.mat,forecast_results,133,134,0.0953284383698332,0.0953284383698332,0.290174593713394,0.269735740013374,0.0299706377792638,0.0360906988055935,0,0.029267101784976,0.660714285714286,-0.126785714285714,0.291071428571429,0.531540536690006,1,closed_loop_monte_carlo,ok,ok,-269.292264243221
combined_stress,SEIR with observation and process noise,SEIR,ssa,1,1,1,1,A3,Damping Resurgence,ARX,I,/home/kaahin/degree_project/hybrid-epidemic-forecasting/results/partB/combined_stress/forecasts/partB_combined_stress_forecast_A3_rep001_ARX_I.mat,forecast_results,140,141,0.0540305847382823,0.0540305847382823,0.0843445195695761,0.0783094634138184,0.00870105149042427,0.044910886219898,0,0.00041864702796004,0.982142857142857,0.194642857142857,0.2125,0.669241486871356,1,closed_loop_monte_carlo,ok,ok,-284.89143902901
combined_stress,SEIR with observation and process noise,SEIR,ssa,1,1,1,1,A3,Damping Resurgence,ARX,I,/home/kaahin/degree_project/hybrid-epidemic-forecasting/results/partB/combined_stress/forecasts/partB_combined_stress_forecast_A3_rep001_ARX_I.mat,forecast_results,147,148,0.0883277839582602,0.0883277839582602,0.25677587120334,0.201793683397585,0.0224215203775094,0.0553319701341801,0.0105742934465707,0,0.875,0.0875,0.223214285714286,0.787950471827385,1,closed_loop_monte_carlo,ok,ok,-301.012502394383
combined_stress,SEIR with observation and process noise,SEIR,ssa,1,1,1,1,A3,Damping Resurgence,ARX,I,/home/kaahin/degree_project/hybrid-epidemic-forecasting/results/partB/combined_stress/forecasts/partB_combined_stress_forecast_A3_rep001_ARX_I.mat,forecast_results,154,155,0.0572781102154517,0.0572781102154517,0.147572645945731,0.119835425849004,0.013315047316556,0.037368952066184,0.00658201998034622,1.20908523654717e-05,0.892857142857143,0.105357142857143,0.2125,0.544345022075254,1,closed_loop_monte_carlo,ok,ok,-321.434870482463
combined_stress,SEIR with observation and process noise,SEIR,ssa,1,1,1,1,A3,Damping Resurgence,ARX,I,/home/kaahin/degree_project/hybrid-epidemic-forecasting/results/partB/combined_stress/forecasts/partB_combined_stress_forecast_A3_rep001_ARX_I.mat,forecast_results,161,162,0.0521560452010976,0.0521560452010976,0.141843067654182,0.107245509854416,0.0119161677616018,0.0353256447679869,0.00491423267150895,0,0.910714285714286,0.123214285714286,0.2125,0.513155224628603,1,closed_loop_monte_carlo,ok,ok,-335.836613756039
combined_stress,SEIR with observation and process noise,SEIR,ssa,1,1,1,1,A3,Damping Resurgence,ARX,I,/home/kaahin/degree_project/hybrid-epidemic-forecasting/results/partB/combined_stress/forecasts/partB_combined_stress_forecast_A3_rep001_ARX_I.mat,forecast_results,168,169,0.0317229574040617,0.0317229574040617,0.0384533521492778,0.0340395156359434,0.00378216840399371,0.0279407890000679,0,0,1,0.2125,0.2125,0.414455105051248,1,closed_loop_monte_carlo,ok,ok,-352.292317477863
combined_stress,SEIR with observation and process noise,SEIR,ssa,1,1,1,1,A3,Damping Resurgence,ARX,I,/home/kaahin/degree_project/hybrid-epidemic-forecasting/results/partB/combined_stress/forecasts/partB_combined_stress_forecast_A3_rep001_ARX_I.mat,forecast_results,175,176,0.0292562301857892,0.0292562301857892,0.0558698134836902,0.048654182324267,0.00540602025825188,0.0238502099275373,0,0,1,0.2125,0.2125,0.34367420018071,1,closed_loop_monte_carlo,ok,ok,-373.101348477528
combined_stress,SEIR with observation and process noise,SEIR,ssa,1,1,1,1,A3,Damping Resurgence,ARX,I,/home/kaahin/degree_project/hybrid-epidemic-forecasting/results/partB/combined_stress/forecasts/partB_combined_stress_forecast_A3_rep001_ARX_I.mat,forecast_results,182,183,0.0435610553858033,0.0435610553858033,0.138127220785547,0.113776885428699,0.0126418761587443,0.0229283732768384,0,0.00799080595022059,0.839285714285714,0.0517857142857143,0.223214285714286,0.332975851954458,1,closed_loop_monte_carlo,ok,ok,-389.572302254412
combined_stress,SEIR with observation and process noise,SEIR,ssa,1,1,1,1,A3,Damping Resurgence,ARX,I,/home/kaahin/degree_project/hybrid-epidemic-forecasting/results/partB/combined_stress/forecasts/partB_combined_stress_forecast_A3_rep001_ARX_I.mat,forecast_results,189,190,0.0658085145078747,0.0658085145078747,0.196010464473183,0.158331584788989,0.0175923983098877,0.0248931841518861,0,0.0233229320461009,0.714285714285714,-0.0732142857142857,0.283928571428571,0.350990110330201,1,closed_loop_monte_carlo,ok,ok,-401.393846914855
combined_stress,SEIR with observation and process noise,SEIR,ssa,1,1,1,1,A3,Damping Resurgence,ARX,I,/home/kaahin/degree_project/hybrid-epidemic-forecasting/results/partB/combined_stress/forecasts/partB_combined_stress_forecast_A3_rep001_ARX_I.mat,forecast_results,196,197,0.1076590730964,0.1076590730964,0.280287741025576,0.254462822430548,0.0282736469367276,0.0284452194090906,0,0.0509402067505814,0.410714285714286,-0.376785714285714,0.448214285714286,0.402102241683457,1,closed_loop_monte_carlo,ok,ok,-420.252863098305
combined_stress,SEIR with observation and process noise,SEIR,ssa,1,1,1,1,A3,Damping Resurgence,ARX,I,/home/kaahin/degree_project/hybrid-epidemic-forecasting/results/partB/combined_stress/forecasts/partB_combined_stress_forecast_A3_rep001_ARX_I.mat,forecast_results,203,204,0.202241738490901,0.202241738490901,0.418464887100145,0.402512656874142,0.0447236285415713,0.032531051193851,0,0.124987058755479,0.160714285714286,-0.626785714285714,0.642857142857143,0.491435467845697,1,closed_loop_monte_carlo,ok,ok,-425.975812675579
combined_stress,SEIR with observation and process noise,SEIR,ssa,1,1,1,1,A3,Damping Resurgence,ARX,I,/home/kaahin/degree_project/hybrid-epidemic-forecasting/results/partB/combined_stress/forecasts/partB_combined_stress_forecast_A3_rep001_ARX_I.mat,forecast_results,210,211,0.0457606711510124,0.0457606711510124,0.0689163264040346,0.0619271130169827,0.0068807903352203,0.0388798808157921,0,0,1,0.2125,0.2125,0.593852043032781,1,closed_loop_monte_carlo,ok,ok,-436.400203130725
combined_stress,SEIR with observation and process noise,SEIR,ssa,1,1,1,1,A3,Damping Resurgence,ARX,I,/home/kaahin/degree_project/hybrid-epidemic-forecasting/results/partB/combined_stress/forecasts/partB_combined_stress_forecast_A3_rep001_ARX_I.mat,forecast_results,217,218,0.0704775571858654,0.0704775571858654,0.182060731321115,0.160259782169547,0.017806642463283,0.0465412160864391,0.00612969863614326,0,0.928571428571429,0.141071428571429,0.2125,0.688720055773106,1,closed_loop_monte_carlo,ok,ok,-454.996215428845
combined_stress,SEIR with observation and process noise,SEIR,ssa,1,1,1,1,A3,Damping Resurgence,ARX,I,/home/kaahin/degree_project/hybrid-epidemic-forecasting/results/partB/combined_stress/forecasts/partB_combined_stress_forecast_A3_rep001_ARX_I.mat,forecast_results,224,225,0.0701963598479227,0.0701963598479227,0.193575865892608,0.150661913413523,0.0167402126015026,0.0431144451072512,0.0103417021391689,0,0.875,0.0875,0.223214285714286,0.657504303358422,1,closed_loop_monte_carlo,ok,ok,-471.876139044894
combined_stress,SEIR with observation and process noise,SEIR,ssa,1,1,1,1,A3,Damping Resurgence,ARX,I,/home/kaahin/degree_project/hybrid-epidemic-forecasting/results/partB/combined_stress/forecasts/partB_combined_stress_forecast_A3_rep001_ARX_I.mat,forecast_results,231,232,0.100594828574159,0.100594828574159,0.262986691943928,0.239461056835708,0.0266067840928564,0.0388387737658587,0.0351492707154442,0,0.571428571428571,-0.216071428571429,0.3375,0.566000102967845,1,closed_loop_monte_carlo,ok,ok,-489.865493979047
combined_stress,SEIR with observation and process noise,SEIR,ssa,1,1,1,1,A3,Damping Resurgence,ARX,I,/home/kaahin/degree_project/hybrid-epidemic-forecasting/results/partB/combined_stress/forecasts/partB_combined_stress_forecast_A3_rep001_ARX_I.mat,forecast_results,238,239,0.0629347061831488,0.0629347061831488,0.176310373913621,0.157325920805403,0.017480657867267,0.0312443053068428,0.0142097430090391,0,0.696428571428571,-0.0910714285714286,0.280357142857143,0.458994978476174,1,closed_loop_monte_carlo,ok,ok,-505.857989579182
combined_stress,SEIR with observation and process noise,SEIR,ssa,1,1,1,1,A3,Damping Resurgence,ARX,I,/home/kaahin/degree_project/hybrid-epidemic-forecasting/results/partB/combined_stress/forecasts/partB_combined_stress_forecast_A3_rep001_ARX_I.mat,forecast_results,245,246,0.0406925025135313,0.0406925025135313,0.0926692716757373,0.0901564693660831,0.0100173854851204,0.0273503932530253,0.00332472377538572,0,0.803571428571429,0.0160714285714286,0.2125,0.403528677320565,1,closed_loop_monte_carlo,ok,ok,-517.852871152996
combined_stress,SEIR with observation and process noise,SEIR,ssa,1,1,1,1,A3,Damping Resurgence,ARX,I,/home/kaahin/degree_project/hybrid-epidemic-forecasting/results/partB/combined_stress/forecasts/partB_combined_stress_forecast_A3_rep001_ARX_I.mat,forecast_results,252,253,0.0299445087029942,0.0299445087029942,0.075698572093576,0.0541072043324505,0.0060119115924945,0.0228301716385257,0,0.00110242547197393,0.946428571428571,0.158928571428571,0.2125,0.342343135872506,1,closed_loop_monte_carlo,ok,ok,-528.362414129373
combined_stress,SEIR with observation and process noise,SEIR,ssa,1,1,1,1,A3,Damping Resurgence,ARX,I,/home/kaahin/degree_project/hybrid-epidemic-forecasting/results/partB/combined_stress/forecasts/partB_combined_stress_forecast_A3_rep001_ARX_I.mat,forecast_results,259,260,0.109360393422429,0.109360393422429,0.257941610923265,0.236380556793938,0.0262645063104376,0.0213226697119664,0,0.0617732174000251,0.285714285714286,-0.501785714285714,0.548214285714286,0.310457651859329,1,closed_loop_monte_carlo,ok,ok,-542.373757233604
combined_stress,SEIR with observation and process noise,SEIR,ssa,1,1,1,1,A3,Damping Resurgence,ARX,I,/home/kaahin/degree_project/hybrid-epidemic-forecasting/results/partB/combined_stress/forecasts/partB_combined_stress_forecast_A3_rep001_ARX_I.mat,forecast_results,266,267,0.0895736918321176,0.0895736918321176,0.232694296028185,0.203477312998968,0.0226085903332186,0.0247269388226212,0,0.0422381626762779,0.517857142857143,-0.269642857142857,0.376785714285714,0.357761951443245,1,closed_loop_monte_carlo,ok,ok,-548.408831915958
combined_stress,SEIR with observation and process noise,SEIR,ssa,1,1,1,1,A3,Damping Resurgence,ARX,I,/home/kaahin/degree_project/hybrid-epidemic-forecasting/results/partB/combined_stress/forecasts/partB_combined_stress_forecast_A3_rep001_ARX_I.mat,forecast_results,273,274,0.0980530794557587,0.0980530794557587,0.27736469070127,0.252661857333822,0.028073539703758,0.0311771195180583,0,0.0388024202339425,0.535714285714286,-0.251785714285714,0.348214285714286,0.462689673834056,1,closed_loop_monte_carlo,ok,ok,-560.80831951271
combined_stress,SEIR with observation and process noise,SEIR,ssa,1,1,1,1,A3,Damping Resurgence,ARX,I,/home/kaahin/degree_project/hybrid-epidemic-forecasting/results/partB/combined_stress/forecasts/partB_combined_stress_forecast_A3_rep001_ARX_I.mat,forecast_results,280,281,0.081650668950557,0.081650668950557,0.226960367832748,0.21765023837758,0.0241833598197311,0.0357601325819828,0,0.0217071765488431,0.607142857142857,-0.180357142857143,0.298214285714286,0.517307265525521,1,closed_loop_monte_carlo,ok,ok,-574.653067840948
combined_stress,SEIR with observation and process noise,SEIR,ssa,1,1,1,1,A3,Damping Resurgence,ARX,I,/home/kaahin/degree_project/hybrid-epidemic-forecasting/results/partB/combined_stress/forecasts/partB_combined_stress_forecast_A3_rep001_ARX_I.mat,forecast_results,287,288,0.0479326930605662,0.0479326930605662,0.0223354891193947,0.016982704773215,0.00188696719702389,0.0460457258635423,0,0,1,0.2125,0.2125,0.665778499820519,1,closed_loop_monte_carlo,ok,ok,-581.489672527255
combined_stress,SEIR with observation and process noise,SEIR,ssa,1,1,1,1,A3,Damping Resurgence,ARX,I,/home/kaahin/degree_project/hybrid-epidemic-forecasting/results/partB/combined_stress/forecasts/partB_combined_stress_forecast_A3_rep001_ARX_I.mat,forecast_results,294,295,0.0629845654979868,0.0629845654979868,0.157689482138704,0.147746203556992,0.0164162448396658,0.0457441551349243,0.000824165523396653,0,0.946428571428571,0.158928571428571,0.2125,0.67804763104625,1,closed_loop_monte_carlo,ok,ok,-600.524971410575
combined_stress,SEIR with observation and process noise,SEIR,ssa,1,1,1,1,A3,Damping Resurgence,ARX,I,/home/kaahin/degree_project/hybrid-epidemic-forecasting/results/partB/combined_stress/forecasts/partB_combined_stress_forecast_A3_rep001_ARX_I.mat,forecast_results,301,302,0.0525866712027184,0.0525866712027184,0.136305573312729,0.105424851685759,0.0117138724095288,0.0342180524615424,0.00665474633164722,0,0.875,0.0875,0.223214285714286,0.514366951280755,1,closed_loop_monte_carlo,ok,ok,-610.68092202877
combined_stress,SEIR with observation and process noise,SEIR,ssa,1,1,1,1,A3,Damping Resurgence,ARX,I,/home/kaahin/degree_project/hybrid-epidemic-forecasting/results/partB/combined_stress/forecasts/partB_combined_stress_forecast_A3_rep001_ARX_I.mat,forecast_results,308,309,0.0775068113017914,0.0775068113017914,0.205517747218463,0.187673251576111,0.0208525835084567,0.0343528515662664,0.0223013762270682,0,0.678571428571429,-0.108928571428571,0.276785714285714,0.505655194588225,1,closed_loop_monte_carlo,ok,ok,-622.555400512432
combined_stress,SEIR with observation and process noise,SEIR,ssa,1,1,1,1,A3,Damping Resurgence,ARX,I,/home/kaahin/degree_project/hybrid-epidemic-forecasting/results/partB/combined_stress/forecasts/partB_combined_stress_forecast_A3_rep001_ARX_I.mat,forecast_results,315,316,0.056491479358203,0.056491479358203,0.160990191673269,0.140373954272396,0.0155971060302662,0.030859193260343,0.0100351800675938,0,0.785714285714286,-0.00178571428571429,0.244642857142857,0.448438796276348,1,closed_loop_monte_carlo,ok,ok,-635.840554872798
combined_stress,SEIR with observation and process noise,SEIR,ssa,1,1,1,1,A3,Damping Resurgence,ARX,I,/home/kaahin/degree_project/hybrid-epidemic-forecasting/results/partB/combined_stress/forecasts/partB_combined_stress_forecast_A3_rep001_ARX_I.mat,forecast_results,322,323,0.051164479868062,0.051164479868062,0.143303437835448,0.128790286958182,0.0143100318842424,0.0231418492571968,0.0137125987266228,0,0.732142857142857,-0.0553571428571429,0.258928571428571,0.346219825158585,1,closed_loop_monte_carlo,ok,ok,-648.673710183194
combined_stress,SEIR with observation and process noise,SEIR,ssa,1,1,1,1,A3,Damping Resurgence,ARX,I,/home/kaahin/degree_project/hybrid-epidemic-forecasting/results/partB/combined_stress/forecasts/partB_combined_stress_forecast_A3_rep001_ARX_I.mat,forecast_results,329,330,0.0512730112660049,0.0512730112660049,0.138303707859985,0.130426287761327,0.0144918097512586,0.0223042848098355,0.0144769167049109,0,0.625,-0.1625,0.301785714285714,0.326749136365128,1,closed_loop_monte_carlo,ok,ok,-652.957023349267
combined_stress,SEIR with observation and process noise,SEIR,ssa,1,1,1,1,A3,Damping Resurgence,ARX,I,/home/kaahin/degree_project/hybrid-epidemic-forecasting/results/partB/combined_stress/forecasts/partB_combined_stress_forecast_A3_rep001_ARX_I.mat,forecast_results,336,337,0.0308987270666401,0.0308987270666401,0.0767477590381775,0.0690538788274251,0.00767265320304724,0.0223931703562115,0.000832903507381421,0,0.928571428571429,0.141071428571429,0.2125,0.331186904313559,1,closed_loop_monte_carlo,ok,ok,-670.626980193266
combined_stress,SEIR with observation and process noise,SEIR,ssa,1,1,1,1,A3,Damping Resurgence,ARX,I,/home/kaahin/degree_project/hybrid-epidemic-forecasting/results/partB/combined_stress/forecasts/partB_combined_stress_forecast_A3_rep001_ARX_I.mat,forecast_results,343,344,0.0187889577781829,0.0187889577781829,0.0259037681071077,0.0207459737463463,0.00230510819403848,0.0164838495841444,0,0,1,0.2125,0.2125,0.233512696088098,1,closed_loop_monte_carlo,ok,ok,-685.370870211453
combined_stress,SEIR with observation and process noise,SEIR,ssa,1,1,1,1,A3,Damping Resurgence,ARX,I,/home/kaahin/degree_project/hybrid-epidemic-forecasting/results/partB/combined_stress/forecasts/partB_combined_stress_forecast_A3_rep001_ARX_I.mat,forecast_results,350,351,0.020547437574756,0.020547437574756,0.048160787150614,0.0409896248014846,0.00455440275572051,0.0155416445868538,0.000451390232181634,0,0.946428571428571,0.158928571428571,0.2125,0.22507597050407,1,closed_loop_monte_carlo,ok,ok,-702.74460718962
combined_stress,SEIR with observation and process noise,SEIR,ssa,1,1,1,1,A3,Damping Resurgence,AR,None,/home/kaahin/degree_project/hybrid-epidemic-forecasting/results/partB/combined_stress/forecasts/partB_combined_stress_forecast_A3_rep001_AR_None.mat,forecast_results,49,50,0.176812006200281,0.176812006200281,0.334748888266249,0.307228932670843,0.0341365480745381,0.0232487396096226,0,0.11942671851612,0.107142857142857,-0.680357142857143,0.705357142857143,0.334218103681463,1,closed_loop_monte_carlo,ok,ok,-119.982492712095
combined_stress,SEIR with observation and process noise,SEIR,ssa,1,1,1,1,A3,Damping Resurgence,AR,None,/home/kaahin/degree_project/hybrid-epidemic-forecasting/results/partB/combined_stress/forecasts/partB_combined_stress_forecast_A3_rep001_AR_None.mat,forecast_results,56,57,0.103514886402317,0.103514886402317,0.294757506013674,0.260941713319312,0.0289935237021458,0.036507474175586,0,0.0380138885245855,0.660714285714286,-0.126785714285714,0.301785714285714,0.572662274742912,1,closed_loop_monte_carlo,ok,ok,-125.412055876703
combined_stress,SEIR with observation and process noise,SEIR,ssa,1,1,1,1,A3,Damping Resurgence,AR,None,/home/kaahin/degree_project/hybrid-epidemic-forecasting/results/partB/combined_stress/forecasts/partB_combined_stress_forecast_A3_rep001_AR_None.mat,forecast_results,63,64,0.0490733556538165,0.0490733556538165,0.038232878797236,0.033833688336875,0.00375929870409722,0.0453140569497193,0,0,1,0.2125,0.2125,0.642536514719397,1,closed_loop_monte_carlo,ok,ok,-147.518983959981
combined_stress,SEIR with observation and process noise,SEIR,ssa,1,1,1,1,A3,Damping Resurgence,AR,None,/home/kaahin/degree_project/hybrid-epidemic-forecasting/results/partB/combined_stress/forecasts/partB_combined_stress_forecast_A3_rep001_AR_None.mat,forecast_results,70,71,0.0645161678230348,0.0645161678230348,0.157987538548646,0.151345148051633,0.0168161275612926,0.0436638704271209,0.00403616983462128,0,0.875,0.0875,0.223214285714286,0.654231708031272,1,closed_loop_monte_carlo,ok,ok,-169.655036852945
combined_stress,SEIR with observation and process noise,SEIR,ssa,1,1,1,1,A3,Damping Resurgence,AR,None,/home/kaahin/degree_project/hybrid-epidemic-forecasting/results/partB/combined_stress/forecasts/partB_combined_stress_forecast_A3_rep001_AR_None.mat,forecast_results,77,78,0.0521260458090653,0.0521260458090653,0.106106846515357,0.0877168755301243,0.00974631950334714,0.0415974081479809,0,0.000782318157737207,0.964285714285714,0.176785714285714,0.2125,0.600812000931908,1,closed_loop_monte_carlo,ok,ok,-177.266732321428
combined_stress,SEIR with observation and process noise,SEIR,ssa,1,1,1,1,A3,Damping Resurgence,AR,None,/home/kaahin/degree_project/hybrid-epidemic-forecasting/results/partB/combined_stress/forecasts/partB_combined_stress_forecast_A3_rep001_AR_None.mat,forecast_results,84,85,0.230931779386916,0.230931779386916,0.466961125145371,0.450196137668488,0.0500217930742765,0.0393549839355852,0.141555002377055,0,0.0892857142857143,-0.698214285714286,0.707142857142857,0.591434634866981,1,closed_loop_monte_carlo,ok,ok,-194.451852118952
combined_stress,SEIR with observation and process noise,SEIR,ssa,1,1,1,1,A3,Damping Resurgence,AR,None,/home/kaahin/degree_project/hybrid-epidemic-forecasting/results/partB/combined_stress/forecasts/partB_combined_stress_forecast_A3_rep001_AR_None.mat,forecast_results,91,92,0.0383771508275939,0.0383771508275939,0.0760806637393556,0.0632207368779299,0.00702452631976999,0.0303386618903346,0.0003850775318047,0.000628885085684664,0.964285714285714,0.176785714285714,0.2125,0.464817802536867,1,closed_loop_monte_carlo,ok,ok,-197.290057938109
combined_stress,SEIR with observation and process noise,SEIR,ssa,1,1,1,1,A3,Damping Resurgence,AR,None,/home/kaahin/degree_project/hybrid-epidemic-forecasting/results/partB/combined_stress/forecasts/partB_combined_stress_forecast_A3_rep001_AR_None.mat,forecast_results,98,99,0.0397270905469363,0.0397270905469363,0.095298922726969,0.0844331278715717,0.00938145865239686,0.0296156910305174,0.000729940864022079,0,0.928571428571429,0.141071428571429,0.2125,0.4311606171272,1,closed_loop_monte_carlo,ok,ok,-207.597600877714
combined_stress,SEIR with observation and process noise,SEIR,ssa,1,1,1,1,A3,Damping Resurgence,AR,None,/home/kaahin/degree_project/hybrid-epidemic-forecasting/results/partB/combined_stress/forecasts/partB_combined_stress_forecast_A3_rep001_AR_None.mat,forecast_results,105,106,0.0310128927990059,0.0310128927990059,0.0689915413340651,0.0523919517012654,0.00582132796680727,0.0251414611827543,0,5.01036494444045e-05,0.982142857142857,0.194642857142857,0.2125,0.364533865450591,1,closed_loop_monte_carlo,ok,ok,-223.704341428741
combined_stress,SEIR with observation and process noise,SEIR,ssa,1,1,1,1,A3,Damping Resurgence,AR,None,/home/kaahin/degree_project/hybrid-epidemic-forecasting/results/partB/combined_stress/forecasts/partB_combined_stress_forecast_A3_rep001_AR_None.mat,forecast_results,112,113,0.0358970284138545,0.0358970284138545,0.0852413219915101,0.0675008088686889,0.00750008987429877,0.0273799043287313,0,0.00101703421082447,0.964285714285714,0.176785714285714,0.2125,0.399279398090979,1,closed_loop_monte_carlo,ok,ok,-239.742869611474
combined_stress,SEIR with observation and process noise,SEIR,ssa,1,1,1,1,A3,Damping Resurgence,AR,None,/home/kaahin/degree_project/hybrid-epidemic-forecasting/results/partB/combined_stress/forecasts/partB_combined_stress_forecast_A3_rep001_AR_None.mat,forecast_results,119,120,0.0738428086751016,0.0738428086751016,0.212723676418091,0.182700643432461,0.0203000714924957,0.0269657758968279,0,0.026576961285778,0.660714285714286,-0.126785714285714,0.301785714285714,0.399555708991245,1,closed_loop_monte_carlo,ok,ok,-258.606480571175
combined_stress,SEIR with observation and process noise,SEIR,ssa,1,1,1,1,A3,Damping Resurgence,AR,None,/home/kaahin/degree_project/hybrid-epidemic-forecasting/results/partB/combined_stress/forecasts/partB_combined_stress_forecast_A3_rep001_AR_None.mat,forecast_results,126,127,0.0685028827144158,0.0685028827144158,0.205207767577534,0.171794785109427,0.019088309456603,0.0357587277504475,0,0.0136558455073654,0.839285714285714,0.0517857142857143,0.2125,0.542187304735385,1,closed_loop_monte_carlo,ok,ok,-274.845078400253
combined_stress,SEIR with observation and process noise,SEIR,ssa,1,1,1,1,A3,Damping Resurgence,AR,None,/home/kaahin/degree_project/hybrid-epidemic-forecasting/results/partB/combined_stress/forecasts/partB_combined_stress_forecast_A3_rep001_AR_None.mat,forecast_results,133,134,0.074313765606118,0.074313765606118,0.208119357332415,0.186917874987785,0.0207686527764206,0.0385782340305431,0,0.0149668787991543,0.803571428571429,0.0160714285714286,0.223214285714286,0.587119377241837,1,closed_loop_monte_carlo,ok,ok,-291.780810154353
combined_stress,SEIR with observation and process noise,SEIR,ssa,1,1,1,1,A3,Damping Resurgence,AR,None,/home/kaahin/degree_project/hybrid-epidemic-forecasting/results/partB/combined_stress/forecasts/partB_combined_stress_forecast_A3_rep001_AR_None.mat,forecast_results,140,141,0.0547251934783588,0.0547251934783588,0.0962333781520259,0.0934746273748629,0.0103860697083181,0.0438528914967218,0,0.000486232273318868,0.946428571428571,0.158928571428571,0.2125,0.629774503208941,1,closed_loop_monte_carlo,ok,ok,-308.527801057481
combined_stress,SEIR with observation and process noise,SEIR,ssa,1,1,1,1,A3,Damping Resurgence,AR,None,/home/kaahin/degree_project/hybrid-epidemic-forecasting/results/partB/combined_stress/forecasts/partB_combined_stress_forecast_A3_rep001_AR_None.mat,forecast_results,147,148,0.0474082755417766,0.0474082755417766,0.0400853477935498,0.0312230656544078,0.00346922951715643,0.0439390460246202,0,0,1,0.2125,0.2125,0.628840705366711,1,closed_loop_monte_carlo,ok,ok,-323.001467115174
combined_stress,SEIR with observation and process noise,SEIR,ssa,1,1,1,1,A3,Damping Resurgence,AR,None,/home/kaahin/degree_project/hybrid-epidemic-forecasting/results/partB/combined_stress/forecasts/partB_combined_stress_forecast_A3_rep001_AR_None.mat,forecast_results,154,155,0.041400075906049,0.041400075906049,0.0780387719426101,0.0649452732271672,0.00721614146968525,0.0335299480272703,0,0.000653986409093433,0.946428571428571,0.158928571428571,0.2125,0.49978057802714,1,closed_loop_monte_carlo,ok,ok,-344.199142213911
combined_stress,SEIR with observation and process noise,SEIR,ssa,1,1,1,1,A3,Damping Resurgence,AR,None,/home/kaahin/degree_project/hybrid-epidemic-forecasting/results/partB/combined_stress/forecasts/partB_combined_stress_forecast_A3_rep001_AR_None.mat,forecast_results,161,162,0.0569634474898605,0.0569634474898605,0.154619474683893,0.131915338273551,0.0146572598081723,0.0342506658137147,0.00805552186797342,0,0.857142857142857,0.0696428571428571,0.2125,0.507859683491717,1,closed_loop_monte_carlo,ok,ok,-360.228077981501
combined_stress,SEIR with observation and process noise,SEIR,ssa,1,1,1,1,A3,Damping Resurgence,AR,None,/home/kaahin/degree_project/hybrid-epidemic-forecasting/results/partB/combined_stress/forecasts/partB_combined_stress_forecast_A3_rep001_AR_None.mat,forecast_results,168,169,0.03274833737628,0.03274833737628,0.0305807208262184,0.0257677614482104,0.00286308460535671,0.0298852527709233,0,0,1,0.2125,0.2125,0.439232998876021,1,closed_loop_monte_carlo,ok,ok,-378.339678103407
combined_stress,SEIR with observation and process noise,SEIR,ssa,1,1,1,1,A3,Damping Resurgence,AR,None,/home/kaahin/degree_project/hybrid-epidemic-forecasting/results/partB/combined_stress/forecasts/partB_combined_stress_forecast_A3_rep001_AR_None.mat,forecast_results,175,176,0.0263739085457365,0.0263739085457365,0.0247323898640822,0.0188062966017114,0.00208958851130126,0.0242843200344353,0,0,1,0.2125,0.2125,0.36948758939441,1,closed_loop_monte_carlo,ok,ok,-400.809316750474
combined_stress,SEIR with observation and process noise,SEIR,ssa,1,1,1,1,A3,Damping Resurgence,AR,None,/home/kaahin/degree_project/hybrid-epidemic-forecasting/results/partB/combined_stress/forecasts/partB_combined_stress_forecast_A3_rep001_AR_None.mat,forecast_results,182,183,0.0300179581583152,0.0300179581583152,0.0676932865011232,0.0538463265821757,0.0059829251757973,0.0216812690607586,0,0.00235376392175935,0.910714285714286,0.123214285714286,0.2125,0.333013349227633,1,closed_loop_monte_carlo,ok,ok,-415.708172110154
combined_stress,SEIR with observation and process noise,SEIR,ssa,1,1,1,1,A3,Damping Resurgence,AR,None,/home/kaahin/degree_project/hybrid-epidemic-forecasting/results/partB/combined_stress/forecasts/partB_combined_stress_forecast_A3_rep001_AR_None.mat,forecast_results,189,190,0.0441105574143476,0.0441105574143476,0.130847030338081,0.0994105559169295,0.0110456173241033,0.0297278406667582,0,0.00333709942348614,0.910714285714286,0.123214285714286,0.2125,0.43710040545263,1,closed_loop_monte_carlo,ok,ok,-429.300916452898
combined_stress,SEIR with observation and process noise,SEIR,ssa,1,1,1,1,A3,Damping Resurgence,AR,None,/home/kaahin/degree_project/hybrid-epidemic-forecasting/results/partB/combined_stress/forecasts/partB_combined_stress_forecast_A3_rep001_AR_None.mat,forecast_results,196,197,0.10326957641085,0.10326957641085,0.288274987121055,0.264593754247539,0.0293993060275043,0.0297586463205422,0,0.0441116240628032,0.535714285714286,-0.251785714285714,0.344642857142857,0.455747479710161,1,closed_loop_monte_carlo,ok,ok,-448.130980116746
combined_stress,SEIR with observation and process noise,SEIR,ssa,1,1,1,1,A3,Damping Resurgence,AR,None,/home/kaahin/degree_project/hybrid-epidemic-forecasting/results/partB/combined_stress/forecasts/partB_combined_stress_forecast_A3_rep001_AR_None.mat,forecast_results,203,204,0.188431160450826,0.188431160450826,0.374718678847147,0.353625809633769,0.0392917566259743,0.0294560851588575,0,0.119683318665994,0.125,-0.6625,0.683928571428571,0.428900593505078,1,closed_loop_monte_carlo,ok,ok,-450.541230171744
combined_stress,SEIR with observation and process noise,SEIR,ssa,1,1,1,1,A3,Damping Resurgence,AR,None,/home/kaahin/degree_project/hybrid-epidemic-forecasting/results/partB/combined_stress/forecasts/partB_combined_stress_forecast_A3_rep001_AR_None.mat,forecast_results,210,211,0.0457971513773867,0.0457971513773867,0.0248327385841337,0.0196736940864908,0.00218596600961009,0.0436111853677766,0,0,1,0.2125,0.2125,0.63086718345187,1,closed_loop_monte_carlo,ok,ok,-464.162248211545
combined_stress,SEIR with observation and process noise,SEIR,ssa,1,1,1,1,A3,Damping Resurgence,AR,None,/home/kaahin/degree_project/hybrid-epidemic-forecasting/results/partB/combined_stress/forecasts/partB_combined_stress_forecast_A3_rep001_AR_None.mat,forecast_results,217,218,0.0445310965445029,0.0445310965445029,0.0375532434166793,0.0314247116705852,0.00349163463006503,0.0410394619144379,0,0,1,0.2125,0.2125,0.595370952310659,1,closed_loop_monte_carlo,ok,ok,-483.911226823398
combined_stress,SEIR with observation and process noise,SEIR,ssa,1,1,1,1,A3,Damping Resurgence,AR,None,/home/kaahin/degree_project/hybrid-epidemic-forecasting/results/partB/combined_stress/forecasts/partB_combined_stress_forecast_A3_rep001_AR_None.mat,forecast_results,224,225,0.0423560497328487,0.0423560497328487,0.0529330892576745,0.0440255284746467,0.00489172538607185,0.0374643243467769,0,0,1,0.2125,0.2125,0.548157971304333,1,closed_loop_monte_carlo,ok,ok,-499.488351147539
combined_stress,SEIR with observation and process noise,SEIR,ssa,1,1,1,1,A3,Damping Resurgence,AR,None,/home/kaahin/degree_project/hybrid-epidemic-forecasting/results/partB/combined_stress/forecasts/partB_combined_stress_forecast_A3_rep001_AR_None.mat,forecast_results,231,232,0.0537724920488838,0.0537724920488838,0.137219610045631,0.127237270698079,0.0141374745220088,0.0346342485497194,0.00500076897715565,0,0.821428571428571,0.0339285714285714,0.2125,0.513400833423396,1,closed_loop_monte_carlo,ok,ok,-517.027670569318
combined_stress,SEIR with observation and process noise,SEIR,ssa,1,1,1,1,A3,Damping Resurgence,AR,None,/home/kaahin/degree_project/hybrid-epidemic-forecasting/results/partB/combined_stress/forecasts/partB_combined_stress_forecast_A3_rep001_AR_None.mat,forecast_results,238,239,0.0397336808048452,0.0397336808048452,0.0770722330712098,0.0662862954817456,0.00736514394241617,0.032368536862429,0,0,1,0.2125,0.2125,0.460393042874766,1,closed_loop_monte_carlo,ok,ok,-532.843612168424
combined_stress,SEIR with observation and process noise,SEIR,ssa,1,1,1,1,A3,Damping Resurgence,AR,None,/home/kaahin/degree_project/hybrid-epidemic-forecasting/results/partB/combined_stress/forecasts/partB_combined_stress_forecast_A3_rep001_AR_None.mat,forecast_results,245,246,0.0488304527754176,0.0488304527754176,0.123207320431191,0.119229824797678,0.0132477583108531,0.0263503919427673,0.0092323025217972,0,0.75,-0.0375,0.223214285714286,0.388577054629948,1,closed_loop_monte_carlo,ok,ok,-546.144746757603
combined_stress,SEIR with observation and process noise,SEIR,ssa,1,1,1,1,A3,Damping Resurgence,AR,None,/home/kaahin/degree_project/hybrid-epidemic-forecasting/results/partB/combined_stress/forecasts/partB_combined_stress_forecast_A3_rep001_AR_None.mat,forecast_results,252,253,0.0283641184467056,0.0283641184467056,0.0317258822619242,0.0268296872990806,0.00298107636656451,0.0253830420801411,0,0,1,0.2125,0.2125,0.357172460681912,1,closed_loop_monte_carlo,ok,ok,-558.456873188515
combined_stress,SEIR with observation and process noise,SEIR,ssa,1,1,1,1,A3,Damping Resurgence,AR,None,/home/kaahin/degree_project/hybrid-epidemic-forecasting/results/partB/combined_stress/forecasts/partB_combined_stress_forecast_A3_rep001_AR_None.mat,forecast_results,259,260,0.0737429717907639,0.0737429717907639,0.204302257206202,0.186760745215257,0.0207511939128064,0.0214651929642574,0,0.0315265849137001,0.517857142857143,-0.269642857142857,0.351785714285714,0.315002102266926,1,closed_loop_monte_carlo,ok,ok,-571.413934571992
combined_stress,SEIR with observation and process noise,SEIR,ssa,1,1,1,1,A3,Damping Resurgence,AR,None,/home/kaahin/degree_project/hybrid-epidemic-forecasting/results/partB/combined_stress/forecasts/partB_combined_stress_forecast_A3_rep001_AR_None.mat,forecast_results,266,267,0.0586153286836747,0.0586153286836747,0.18134936179437,0.15459252670812,0.0171769474120134,0.0302193752719672,0,0.011219005999694,0.803571428571429,0.0160714285714286,0.2125,0.455995442697119,1,closed_loop_monte_carlo,ok,ok,-578.670681716842
combined_stress,SEIR with observation and process noise,SEIR,ssa,1,1,1,1,A3,Damping Resurgence,AR,None,/home/kaahin/degree_project/hybrid-epidemic-forecasting/results/partB/combined_stress/forecasts/partB_combined_stress_forecast_A3_rep001_AR_None.mat,forecast_results,273,274,0.0874000327837041,0.0874000327837041,0.241092609724427,0.22537689194078,0.0250418768823089,0.0302247752141878,0,0.0321333806872074,0.571428571428571,-0.216071428571429,0.3375,0.435242158850026,1,closed_loop_monte_carlo,ok,ok,-593.194669005425
combined_stress,SEIR with observation and process noise,SEIR,ssa,1,1,1,1,A3,Damping Resurgence,AR,None,/home/kaahin/degree_project/hybrid-epidemic-forecasting/results/partB/combined_stress/forecasts/partB_combined_stress_forecast_A3_rep001_AR_None.mat,forecast_results,280,281,0.0728979718519614,0.0728979718519614,0.207163888719263,0.195450767087365,0.0217167518985961,0.0374443509174495,0,0.0137368690359159,0.75,-0.0375,0.2125,0.554381309332003,1,closed_loop_monte_carlo,ok,ok,-607.320617312694
combined_stress,SEIR with observation and process noise,SEIR,ssa,1,1,1,1,A3,Damping Resurgence,AR,None,/home/kaahin/degree_project/hybrid-epidemic-forecasting/results/partB/combined_stress/forecasts/partB_combined_stress_forecast_A3_rep001_AR_None.mat,forecast_results,287,288,0.0424427976601083,0.0424427976601083,0.0216834461134397,0.0172380285840031,0.00191533650933368,0.0405274611507747,0,0,1,0.2125,0.2125,0.597477269766744,1,closed_loop_monte_carlo,ok,ok,-618.914252964022
combined_stress,SEIR with observation and process noise,SEIR,ssa,1,1,1,1,A3,Damping Resurgence,AR,None,/home/kaahin/degree_project/hybrid-epidemic-forecasting/results/partB/combined_stress/forecasts/partB_combined_stress_forecast_A3_rep001_AR_None.mat,forecast_results,294,295,0.0527173271589145,0.0527173271589145,0.110197607167655,0.102127527543986,0.0113475030604429,0.040814204541392,0.00055561955707967,0,0.946428571428571,0.158928571428571,0.2125,0.608319332972368,1,closed_loop_monte_carlo,ok,ok,-638.559711102967
combined_stress,SEIR with observation and process noise,SEIR,ssa,1,1,1,1,A3,Damping Resurgence,AR,None,/home/kaahin/degree_project/hybrid-epidemic-forecasting/results/partB/combined_stress/forecasts/partB_combined_stress_forecast_A3_rep001_AR_None.mat,forecast_results,301,302,0.0413831842867627,0.0413831842867627,0.0598814631648251,0.0510791341726853,0.00567545935252059,0.0351484839421705,0,0.000559240992071654,0.964285714285714,0.176785714285714,0.2125,0.536169575804663,1,closed_loop_monte_carlo,ok,ok,-648.732079817525
combined_stress,SEIR with observation and process noise,SEIR,ssa,1,1,1,1,A3,Damping Resurgence,AR,None,/home/kaahin/degree_project/hybrid-epidemic-forecasting/results/partB/combined_stress/forecasts/partB_combined_stress_forecast_A3_rep001_AR_None.mat,forecast_results,308,309,0.0533622007353085,0.0533622007353085,0.149459991149692,0.133911769561767,0.014879085506863,0.0323503087650602,0.00613280646338529,0,0.821428571428571,0.0339285714285714,0.2125,0.47375815004859,1,closed_loop_monte_carlo,ok,ok,-660.815878792707
combined_stress,SEIR with observation and process noise,SEIR,ssa,1,1,1,1,A3,Damping Resurgence,AR,None,/home/kaahin/degree_project/hybrid-epidemic-forecasting/results/partB/combined_stress/forecasts/partB_combined_stress_forecast_A3_rep001_AR_None.mat,forecast_results,315,316,0.0363585100485742,0.0363585100485742,0.0867127200428892,0.0736570491148171,0.00818411656831301,0.0273957260769256,0.000778667403335514,0,0.928571428571429,0.141071428571429,0.2125,0.403807957398279,1,closed_loop_monte_carlo,ok,ok,-674.527539196184
combined_stress,SEIR with observation and process noise,SEIR,ssa,1,1,1,1,A3,Damping Resurgence,AR,None,/home/kaahin/degree_project/hybrid-epidemic-forecasting/results/partB/combined_stress/forecasts/partB_combined_stress_forecast_A3_rep001_AR_None.mat,forecast_results,322,323,0.025562838117522,0.025562838117522,0.0566315632737639,0.0479268343878303,0.00532520382087004,0.0199819442579002,0.000255690038751743,0,0.982142857142857,0.194642857142857,0.2125,0.288162347681039,1,closed_loop_monte_carlo,ok,ok,-689.418100913176
combined_stress,SEIR with observation and process noise,SEIR,ssa,1,1,1,1,A3,Damping Resurgence,AR,None,/home/kaahin/degree_project/hybrid-epidemic-forecasting/results/partB/combined_stress/forecasts/partB_combined_stress_forecast_A3_rep001_AR_None.mat,forecast_results,329,330,0.0377478795508284,0.0377478795508284,0.108264184888577,0.0991788218435244,0.0110198690937249,0.0214947841421404,0.00523322631496304,0,0.785714285714286,-0.00178571428571429,0.223214285714286,0.30233451396666,1,closed_loop_monte_carlo,ok,ok,-695.304374593812
combined_stress,SEIR with observation and process noise,SEIR,ssa,1,1,1,1,A3,Damping Resurgence,AR,None,/home/kaahin/degree_project/hybrid-epidemic-forecasting/results/partB/combined_stress/forecasts/partB_combined_stress_forecast_A3_rep001_AR_None.mat,forecast_results,336,337,0.0198806021452457,0.0198806021452457,0.0379301891779999,0.0330077454964666,0.00366752727738518,0.0162130748678605,0,0,1,0.2125,0.2125,0.237652518283912,1,closed_loop_monte_carlo,ok,ok,-713.395064464961
combined_stress,SEIR with observation and process noise,SEIR,ssa,1,1,1,1,A3,Damping Resurgence,AR,None,/home/kaahin/degree_project/hybrid-epidemic-forecasting/results/partB/combined_stress/forecasts/partB_combined_stress_forecast_A3_rep001_AR_None.mat,forecast_results,343,344,0.0201133433485478,0.0201133433485478,0.0317030580501904,0.0249583243125839,0.00277314714584265,0.0173401962027051,0,0,1,0.2125,0.2125,0.250650348747838,1,closed_loop_monte_carlo,ok,ok,-728.904881924615
combined_stress,SEIR with observation and process noise,SEIR,ssa,1,1,1,1,A3,Damping Resurgence,AR,None,/home/kaahin/degree_project/hybrid-epidemic-forecasting/results/partB/combined_stress/forecasts/partB_combined_stress_forecast_A3_rep001_AR_None.mat,forecast_results,350,351,0.0303185332440653,0.0303185332440653,0.0880548089070582,0.0743528328574794,0.00826142587305327,0.0198715401807729,0.00218556719023916,0,0.892857142857143,0.105357142857143,0.2125,0.287368083283423,1,closed_loop_monte_carlo,ok,ok,-747.202126400937
combined_stress,SEIR with observation and process noise,SEIR,ssa,1,1,1,2,A3,Damping Resurgence,ARX,I,/home/kaahin/degree_project/hybrid-epidemic-forecasting/results/partB/combined_stress/forecasts/partB_combined_stress_forecast_A3_rep002_ARX_I.mat,forecast_results,49,50,0.246345024878559,0.246345024878559,0.403791210270914,0.375189301870067,0.0416877002077853,0.0213537628882655,0,0.183303561782508,0.0714285714285714,-0.716071428571429,0.730357142857143,0.308057215614944,1,closed_loop_monte_carlo,ok,ok,-55.5887567182581
combined_stress,SEIR with observation and process noise,SEIR,ssa,1,1,1,2,A3,Damping Resurgence,ARX,I,/home/kaahin/degree_project/hybrid-epidemic-forecasting/results/partB/combined_stress/forecasts/partB_combined_stress_forecast_A3_rep002_ARX_I.mat,forecast_results,56,57,0.0623133475994732,0.0623133475994732,0.183350029178445,0.163040446398372,0.0181156051553747,0.0398112727561571,0,0.00438646968794134,0.857142857142857,0.0696428571428571,0.2125,0.576635839256066,1,closed_loop_monte_carlo,ok,ok,-66.1555581383607
combined_stress,SEIR with observation and process noise,SEIR,ssa,1,1,1,2,A3,Damping Resurgence,ARX,I,/home/kaahin/degree_project/hybrid-epidemic-forecasting/results/partB/combined_stress/forecasts/partB_combined_stress_forecast_A3_rep002_ARX_I.mat,forecast_results,63,64,0.0608749743672925,0.0608749743672925,0.104791452874878,0.0917222098202914,0.0101913566466991,0.0504318640921495,0,0.000251753628443994,0.982142857142857,0.194642857142857,0.2125,0.746912982058964,1,closed_loop_monte_carlo,ok,ok,-70.3901362403022
combined_stress,SEIR with observation and process noise,SEIR,ssa,1,1,1,2,A3,Damping Resurgence,ARX,I,/home/kaahin/degree_project/hybrid-epidemic-forecasting/results/partB/combined_stress/forecasts/partB_combined_stress_forecast_A3_rep002_ARX_I.mat,forecast_results,70,71,0.472893544356753,0.472893544356753,1.05647470957696,0.823034154746568,0.0914482394162853,0.0837909724974056,0.297654332443062,0,0.285714285714286,-0.501785714285714,0.571428571428571,1.21652227275821,1,closed_loop_monte_carlo,ok,ok,-85.9551574494759
combined_stress,SEIR with observation and process noise,SEIR,ssa,1,1,1,2,A3,Damping Resurgence,ARX,I,/home/kaahin/degree_project/hybrid-epidemic-forecasting/results/partB/combined_stress/forecasts/partB_combined_stress_forecast_A3_rep002_ARX_I.mat,forecast_results,77,78,0.333664635940622,0.333664635940622,0.679132477788872,0.569612594492288,0.0632902882769208,0.0608247943587787,0.209549553304923,0,0.321428571428571,-0.466071428571429,0.546428571428571,0.905418724949106,1,closed_loop_monte_carlo,ok,ok,-99.1604774985761
combined_stress,SEIR with observation and process noise,SEIR,ssa,1,1,1,2,A3,Damping Resurgence,ARX,I,/home/kaahin/degree_project/hybrid-epidemic-forecasting/results/partB/combined_stress/forecasts/partB_combined_stress_forecast_A3_rep002_ARX_I.mat,forecast_results,84,85,0.43268514125388,0.43268514125388,0.805261696689282,0.713611347172192,0.0792901496857991,0.0583735434187931,0.295021448149288,0,0.142857142857143,-0.644642857142857,0.669642857142857,0.850746432520851,1,closed_loop_monte_carlo,ok,ok,-112.642780314848
combined_stress,SEIR with observation and process noise,SEIR,ssa,1,1,1,2,A3,Damping Resurgence,ARX,I,/home/kaahin/degree_project/hybrid-epidemic-forecasting/results/partB/combined_stress/forecasts/partB_combined_stress_forecast_A3_rep002_ARX_I.mat,forecast_results,91,92,0.166190348771375,0.166190348771375,0.34507238438322,0.3230695701468,0.0358966189052,0.0383310312763899,0.0919626985897848,0,0.303571428571429,-0.483928571428571,0.546428571428571,0.550699279795697,1,closed_loop_monte_carlo,ok,ok,-122.343678813624
combined_stress,SEIR with observation and process noise,SEIR,ssa,1,1,1,2,A3,Damping Resurgence,ARX,I,/home/kaahin/degree_project/hybrid-epidemic-forecasting/results/partB/combined_stress/forecasts/partB_combined_stress_forecast_A3_rep002_ARX_I.mat,forecast_results,98,99,0.0363890143839545,0.0363890143839545,0.0684569325831431,0.0635604747507069,0.00706227497230077,0.0292458180610843,8.09213505694915e-05,0,0.964285714285714,0.176785714285714,0.2125,0.434566224838936,1,closed_loop_monte_carlo,ok,ok,-132.56802384531
combined_stress,SEIR with observation and process noise,SEIR,ssa,1,1,1,2,A3,Damping Resurgence,ARX,I,/home/kaahin/degree_project/hybrid-epidemic-forecasting/results/partB/combined_stress/forecasts/partB_combined_stress_forecast_A3_rep002_ARX_I.mat,forecast_results,105,106,0.0393482086050503,0.0393482086050503,0.115124958107832,0.103095874268374,0.0114550971409305,0.0213410643572548,0,0.00655204710686499,0.839285714285714,0.0517857142857143,0.233928571428571,0.309875730262504,1,closed_loop_monte_carlo,ok,ok,-147.159938894617
combined_stress,SEIR with observation and process noise,SEIR,ssa,1,1,1,2,A3,Damping Resurgence,ARX,I,/home/kaahin/degree_project/hybrid-epidemic-forecasting/results/partB/combined_stress/forecasts/partB_combined_stress_forecast_A3_rep002_ARX_I.mat,forecast_results,112,113,0.0525454594009728,0.0525454594009728,0.15242928517852,0.122736732535316,0.0136374147261462,0.0259382716352128,0,0.0129697730396138,0.839285714285714,0.0517857142857143,0.248214285714286,0.373272595763772,1,closed_loop_monte_carlo,ok,ok,-155.469489898299
combined_stress,SEIR with observation and process noise,SEIR,ssa,1,1,1,2,A3,Damping Resurgence,ARX,I,/home/kaahin/degree_project/hybrid-epidemic-forecasting/results/partB/combined_stress/forecasts/partB_combined_stress_forecast_A3_rep002_ARX_I.mat,forecast_results,119,120,0.128638737769656,0.128638737769656,0.277305835397008,0.242574057338011,0.0269526730375568,0.0241682206227149,0,0.0775178441093846,0.392857142857143,-0.394642857142857,0.485714285714286,0.362191400651728,1,closed_loop_monte_carlo,ok,ok,-166.053620403957
combined_stress,SEIR with observation and process noise,SEIR,ssa,1,1,1,2,A3,Damping Resurgence,ARX,I,/home/kaahin/degree_project/hybrid-epidemic-forecasting/results/partB/combined_stress/forecasts/partB_combined_stress_forecast_A3_rep002_ARX_I.mat,forecast_results,126,127,0.171367102814936,0.171367102814936,0.35988293836628,0.338070312133147,0.0375633680147941,0.028705733158795,0,0.105098001641347,0.232142857142857,-0.555357142857143,0.591071428571428,0.420440870069483,1,closed_loop_monte_carlo,ok,ok,-181.626759544773
combined_stress,SEIR with observation and process noise,SEIR,ssa,1,1,1,2,A3,Damping Resurgence,ARX,I,/home/kaahin/degree_project/hybrid-epidemic-forecasting/results/partB/combined_stress/forecasts/partB_combined_stress_forecast_A3_rep002_ARX_I.mat,forecast_results,133,134,0.0537764193716075,0.0537764193716075,0.0961105723899339,0.0826483203527329,0.00918314670585921,0.0445932726657483,0,0,1,0.2125,0.2125,0.646076680061679,1,closed_loop_monte_carlo,ok,ok,-192.652806491425
combined_stress,SEIR with observation and process noise,SEIR,ssa,1,1,1,2,A3,Damping Resurgence,ARX,I,/home/kaahin/degree_project/hybrid-epidemic-forecasting/results/partB/combined_stress/forecasts/partB_combined_stress_forecast_A3_rep002_ARX_I.mat,forecast_results,140,141,0.0555967718502725,0.0555967718502725,0.0678550087872043,0.0601235127071613,0.0066803903007957,0.0488177977744395,0,9.85837750372544e-05,0.982142857142857,0.194642857142857,0.2125,0.728370764772152,1,closed_loop_monte_carlo,ok,ok,-209.066226094426
combined_stress,SEIR with observation and process noise,SEIR,ssa,1,1,1,2,A3,Damping Resurgence,ARX,I,/home/kaahin/degree_project/hybrid-epidemic-forecasting/results/partB/combined_stress/forecasts/partB_combined_stress_forecast_A3_rep002_ARX_I.mat,forecast_results,147,148,0.174560410559884,0.174560410559884,0.477617596272535,0.412431758561811,0.0458257509513124,0.0659034776820412,0.0628311819265307,0,0.535714285714286,-0.251785714285714,0.371428571428571,0.953907635800331,1,closed_loop_monte_carlo,ok,ok,-224.51237222176
combined_stress,SEIR with observation and process noise,SEIR,ssa,1,1,1,2,A3,Damping Resurgence,ARX,I,/home/kaahin/degree_project/hybrid-epidemic-forecasting/results/partB/combined_stress/forecasts/partB_combined_stress_forecast_A3_rep002_ARX_I.mat,forecast_results,154,155,0.155965158764719,0.155965158764719,0.412202809554463,0.36189561274495,0.0402106236383278,0.0480233935072238,0.0677311416191679,0,0.464285714285714,-0.323214285714286,0.419642857142857,0.709109268141958,1,closed_loop_monte_carlo,ok,ok,-236.722315300027
combined_stress,SEIR with observation and process noise,SEIR,ssa,1,1,1,2,A3,Damping Resurgence,ARX,I,/home/kaahin/degree_project/hybrid-epidemic-forecasting/results/partB/combined_stress/forecasts/partB_combined_stress_forecast_A3_rep002_ARX_I.mat,forecast_results,161,162,0.0775139105923844,0.0775139105923844,0.220339730906077,0.19133488753223,0.0212594319480256,0.0390254486214737,0.0172290300228851,0,0.732142857142857,-0.0553571428571429,0.269642857142857,0.552740903078702,1,closed_loop_monte_carlo,ok,ok,-248.849332560604
combined_stress,SEIR with observation and process noise,SEIR,ssa,1,1,1,2,A3,Damping Resurgence,ARX,I,/home/kaahin/degree_project/hybrid-epidemic-forecasting/results/partB/combined_stress/forecasts/partB_combined_stress_forecast_A3_rep002_ARX_I.mat,forecast_results,168,169,0.0506140393327705,0.0506140393327705,0.135517009135281,0.123831456260125,0.0137590506955695,0.0295426031165718,0.00731238552062921,0,0.821428571428571,0.0339285714285714,0.223214285714286,0.425680919886254,1,closed_loop_monte_carlo,ok,ok,-260.475560766409
combined_stress,SEIR with observation and process noise,SEIR,ssa,1,1,1,2,A3,Damping Resurgence,ARX,I,/home/kaahin/degree_project/hybrid-epidemic-forecasting/results/partB/combined_stress/forecasts/partB_combined_stress_forecast_A3_rep002_ARX_I.mat,forecast_results,175,176,0.0310778277016728,0.0310778277016728,0.0387015488137172,0.0344875364022752,0.00383194848914169,0.0272458792125311,0,0,1,0.2125,0.2125,0.395421386467502,1,closed_loop_monte_carlo,ok,ok,-274.073464216553
combined_stress,SEIR with observation and process noise,SEIR,ssa,1,1,1,2,A3,Damping Resurgence,ARX,I,/home/kaahin/degree_project/hybrid-epidemic-forecasting/results/partB/combined_stress/forecasts/partB_combined_stress_forecast_A3_rep002_ARX_I.mat,forecast_results,182,183,0.0429843818809163,0.0429843818809163,0.123653770041584,0.0984943245141501,0.0109438138349056,0.0231213537681935,0.00012291461249284,0.00879629966532442,0.821428571428571,0.0339285714285714,0.244642857142857,0.336578012304574,1,closed_loop_monte_carlo,ok,ok,-286.71521122577
combined_stress,SEIR with observation and process noise,SEIR,ssa,1,1,1,2,A3,Damping Resurgence,ARX,I,/home/kaahin/degree_project/hybrid-epidemic-forecasting/results/partB/combined_stress/forecasts/partB_combined_stress_forecast_A3_rep002_ARX_I.mat,forecast_results,189,190,0.0766300885024225,0.0766300885024225,0.21046916652268,0.177378494624192,0.0197087216249102,0.0261199419069252,0,0.0308014249705871,0.625,-0.1625,0.348214285714286,0.393675491979409,1,closed_loop_monte_carlo,ok,ok,-292.035425061041
combined_stress,SEIR with observation and process noise,SEIR,ssa,1,1,1,2,A3,Damping Resurgence,ARX,I,/home/kaahin/degree_project/hybrid-epidemic-forecasting/results/partB/combined_stress/forecasts/partB_combined_stress_forecast_A3_rep002_ARX_I.mat,forecast_results,196,197,0.076725376574968,0.076725376574968,0.227682741215904,0.1831490604637,0.0203498956070778,0.0321625868482286,0,0.0242128941196616,0.767857142857143,-0.0196428571428571,0.269642857142857,0.46566650389381,1,closed_loop_monte_carlo,ok,ok,-300.4154239438
combined_stress,SEIR with observation and process noise,SEIR,ssa,1,1,1,2,A3,Damping Resurgence,ARX,I,/home/kaahin/degree_project/hybrid-epidemic-forecasting/results/partB/combined_stress/forecasts/partB_combined_stress_forecast_A3_rep002_ARX_I.mat,forecast_results,203,204,0.0758699522727435,0.0758699522727435,0.223836808457988,0.200333269029938,0.0222592521144376,0.0368040234244916,0,0.0168066767338143,0.767857142857143,-0.0196428571428571,0.233928571428571,0.541486521664586,1,closed_loop_monte_carlo,ok,ok,-306.731867248152
combined_stress,SEIR with observation and process noise,SEIR,ssa,1,1,1,2,A3,Damping Resurgence,ARX,I,/home/kaahin/degree_project/hybrid-epidemic-forecasting/results/partB/combined_stress/forecasts/partB_combined_stress_forecast_A3_rep002_ARX_I.mat,forecast_results,210,211,0.0635608525830528,0.0635608525830528,0.169400119291705,0.163671322700006,0.0181857025222229,0.0417622156049654,0,0.00361293445586459,0.857142857142857,0.0696428571428571,0.2125,0.601224185619639,1,closed_loop_monte_carlo,ok,ok,-316.336071940602
combined_stress,SEIR with observation and process noise,SEIR,ssa,1,1,1,2,A3,Damping Resurgence,ARX,I,/home/kaahin/degree_project/hybrid-epidemic-forecasting/results/partB/combined_stress/forecasts/partB_combined_stress_forecast_A3_rep002_ARX_I.mat,forecast_results,217,218,0.0790376508628715,0.0790376508628715,0.216723320418887,0.175461466542282,0.019495718504698,0.0529542988498045,0.00658763350836898,0,0.875,0.0875,0.223214285714286,0.769907800326535,1,closed_loop_monte_carlo,ok,ok,-330.106525869444
combined_stress,SEIR with observation and process noise,SEIR,ssa,1,1,1,2,A3,Damping Resurgence,ARX,I,/home/kaahin/degree_project/hybrid-epidemic-forecasting/results/partB/combined_stress/forecasts/partB_combined_stress_forecast_A3_rep002_ARX_I.mat,forecast_results,224,225,0.12172165486903,0.12172165486903,0.334474568844512,0.287034151490332,0.0318926834989258,0.0558022332066567,0.0340267381634474,0,0.696428571428571,-0.0910714285714286,0.280357142857143,0.818461809838337,1,closed_loop_monte_carlo,ok,ok,-341.603069836104
combined_stress,SEIR with observation and process noise,SEIR,ssa,1,1,1,2,A3,Damping Resurgence,ARX,I,/home/kaahin/degree_project/hybrid-epidemic-forecasting/results/partB/combined_stress/forecasts/partB_combined_stress_forecast_A3_rep002_ARX_I.mat,forecast_results,231,232,0.136631943808655,0.136631943808655,0.339828134944845,0.312920675185354,0.0347689639094838,0.0441294641974527,0.0577335157017188,0,0.482142857142857,-0.305357142857143,0.401785714285714,0.65855524991719,1,closed_loop_monte_carlo,ok,ok,-356.897941744816
combined_stress,SEIR with observation and process noise,SEIR,ssa,1,1,1,2,A3,Damping Resurgence,ARX,I,/home/kaahin/degree_project/hybrid-epidemic-forecasting/results/partB/combined_stress/forecasts/partB_combined_stress_forecast_A3_rep002_ARX_I.mat,forecast_results,238,239,0.0701830842527246,0.0701830842527246,0.183866217946587,0.166859271162888,0.0185399190180986,0.0343072850158581,0.0173358802187678,0,0.714285714285714,-0.0732142857142857,0.266071428571429,0.504151360966635,1,closed_loop_monte_carlo,ok,ok,-372.599751598631
combined_stress,SEIR with observation and process noise,SEIR,ssa,1,1,1,2,A3,Damping Resurgence,ARX,I,/home/kaahin/degree_project/hybrid-epidemic-forecasting/results/partB/combined_stress/forecasts/partB_combined_stress_forecast_A3_rep002_ARX_I.mat,forecast_results,245,246,0.0380484153372228,0.0380484153372228,0.0811369504693071,0.0783481971947123,0.00870535524385692,0.0285908449747232,0.000752215118642687,0,0.892857142857143,0.105357142857143,0.2125,0.422702486802337,1,closed_loop_monte_carlo,ok,ok,-387.845798833967
combined_stress,SEIR with observation and process noise,SEIR,ssa,1,1,1,2,A3,Damping Resurgence,ARX,I,/home/kaahin/degree_project/hybrid-epidemic-forecasting/results/partB/combined_stress/forecasts/partB_combined_stress_forecast_A3_rep002_ARX_I.mat,forecast_results,252,253,0.0331694736113592,0.0331694736113592,0.0756400107574104,0.0595100375017763,0.00661222638908626,0.0251936601696561,0,0.00136358705261691,0.964285714285714,0.176785714285714,0.2125,0.372194277308499,1,closed_loop_monte_carlo,ok,ok,-403.518543114957
combined_stress,SEIR with observation and process noise,SEIR,ssa,1,1,1,2,A3,Damping Resurgence,ARX,I,/home/kaahin/degree_project/hybrid-epidemic-forecasting/results/partB/combined_stress/forecasts/partB_combined_stress_forecast_A3_rep002_ARX_I.mat,forecast_results,259,260,0.144054450584263,0.144054450584263,0.281807847735516,0.259632698160301,0.0288480775733668,0.0192239142337618,0,0.0959824587771349,0.196428571428571,-0.591071428571429,0.617857142857143,0.283549853616927,1,closed_loop_monte_carlo,ok,ok,-418.96333698729
combined_stress,SEIR with observation and process noise,SEIR,ssa,1,1,1,2,A3,Damping Resurgence,ARX,I,/home/kaahin/degree_project/hybrid-epidemic-forecasting/results/partB/combined_stress/forecasts/partB_combined_stress_forecast_A3_rep002_ARX_I.mat,forecast_results,266,267,0.196097275095882,0.196097275095882,0.365857317204556,0.343818932481585,0.038202103609065,0.0238714537971641,0,0.134023717689653,0.0892857142857143,-0.698214285714286,0.708928571428571,0.354008791030244,1,closed_loop_monte_carlo,ok,ok,-433.0117854285
combined_stress,SEIR with observation and process noise,SEIR,ssa,1,1,1,2,A3,Damping Resurgence,ARX,I,/home/kaahin/degree_project/hybrid-epidemic-forecasting/results/partB/combined_stress/forecasts/partB_combined_stress_forecast_A3_rep002_ARX_I.mat,forecast_results,273,274,0.0935678601579279,0.0935678601579279,0.264034241454534,0.241885819494282,0.0268762021660313,0.0319597720453441,0,0.0347318859465525,0.642857142857143,-0.144642857142857,0.291071428571429,0.477481227336625,1,closed_loop_monte_carlo,ok,ok,-438.190817651787
combined_stress,SEIR with observation and process noise,SEIR,ssa,1,1,1,2,A3,Damping Resurgence,ARX,I,/home/kaahin/degree_project/hybrid-epidemic-forecasting/results/partB/combined_stress/forecasts/partB_combined_stress_forecast_A3_rep002_ARX_I.mat,forecast_results,280,281,0.064885028258749,0.064885028258749,0.172564898404137,0.152966674392843,0.0169962971547604,0.0433037644655269,0,0.00458496663846169,0.875,0.0875,0.2125,0.635569359046883,1,closed_loop_monte_carlo,ok,ok,-448.559989208234
combined_stress,SEIR with observation and process noise,SEIR,ssa,1,1,1,2,A3,Damping Resurgence,ARX,I,/home/kaahin/degree_project/hybrid-epidemic-forecasting/results/partB/combined_stress/forecasts/partB_combined_stress_forecast_A3_rep002_ARX_I.mat,forecast_results,287,288,0.0504849766304119,0.0504849766304119,0.0280973700223918,0.0215421486417907,0.00239357207131008,0.0480914045591018,0,0,1,0.2125,0.2125,0.716050810779927,1,closed_loop_monte_carlo,ok,ok,-459.901359009341
combined_stress,SEIR with observation and process noise,SEIR,ssa,1,1,1,2,A3,Damping Resurgence,ARX,I,/home/kaahin/degree_project/hybrid-epidemic-forecasting/results/partB/combined_stress/forecasts/partB_combined_stress_forecast_A3_rep002_ARX_I.mat,forecast_results,294,295,0.0632310556947109,0.0632310556947109,0.139669214099304,0.125515566769899,0.0139461740855443,0.0476039919525675,0.00168088965659902,0,0.946428571428571,0.158928571428571,0.2125,0.702558400720311,1,closed_loop_monte_carlo,ok,ok,-473.667659045759
combined_stress,SEIR with observation and process noise,SEIR,ssa,1,1,1,2,A3,Damping Resurgence,ARX,I,/home/kaahin/degree_project/hybrid-epidemic-forecasting/results/partB/combined_stress/forecasts/partB_combined_stress_forecast_A3_rep002_ARX_I.mat,forecast_results,301,302,0.0620224516545885,0.0620224516545885,0.159922940059895,0.129787764299762,0.0144208626999736,0.0406425094346526,0.00695907951996228,0,0.875,0.0875,0.223214285714286,0.601356247918944,1,closed_loop_monte_carlo,ok,ok,-486.131703856897
combined_stress,SEIR with observation and process noise,SEIR,ssa,1,1,1,2,A3,Damping Resurgence,ARX,I,/home/kaahin/degree_project/hybrid-epidemic-forecasting/results/partB/combined_stress/forecasts/partB_combined_stress_forecast_A3_rep002_ARX_I.mat,forecast_results,308,309,0.0875547038459105,0.0875547038459105,0.233014916831649,0.214397167673381,0.0238219075192645,0.0340946629417516,0.0296381333848943,0,0.607142857142857,-0.180357142857143,0.308928571428571,0.499455764453856,1,closed_loop_monte_carlo,ok,ok,-496.03327397748
combined_stress,SEIR with observation and process noise,SEIR,ssa,1,1,1,2,A3,Damping Resurgence,ARX,I,/home/kaahin/degree_project/hybrid-epidemic-forecasting/results/partB/combined_stress/forecasts/partB_combined_stress_forecast_A3_rep002_ARX_I.mat,forecast_results,315,316,0.0649610806206483,0.0649610806206483,0.181395151060182,0.159126227523429,0.0176806919470477,0.0337468838682017,0.013533504805399,0,0.714285714285714,-0.0732142857142857,0.276785714285714,0.485507610116901,1,closed_loop_monte_carlo,ok,ok,-508.418133574996
combined_stress,SEIR with observation and process noise,SEIR,ssa,1,1,1,2,A3,Damping Resurgence,ARX,I,/home/kaahin/degree_project/hybrid-epidemic-forecasting/results/partB/combined_stress/forecasts/partB_combined_stress_forecast_A3_rep002_ARX_I.mat,forecast_results,322,323,0.0712535815956647,0.0712535815956647,0.199176438954592,0.184501631298121,0.0205001812553467,0.0276993580475544,0.0230540422927636,0,0.607142857142857,-0.180357142857143,0.319642857142857,0.40453211831821,1,closed_loop_monte_carlo,ok,ok,-522.707039920594
combined_stress,SEIR with observation and process noise,SEIR,ssa,1,1,1,2,A3,Damping Resurgence,ARX,I,/home/kaahin/degree_project/hybrid-epidemic-forecasting/results/partB/combined_stress/forecasts/partB_combined_stress_forecast_A3_rep002_ARX_I.mat,forecast_results,329,330,0.031986702551432,0.031986702551432,0.0798913300993701,0.0630320813815559,0.00700356459795065,0.0241593427781546,0.000823795175326684,0,0.964285714285714,0.176785714285714,0.2125,0.34694819569898,1,closed_loop_monte_carlo,ok,ok,-523.891868420229
combined_stress,SEIR with observation and process noise,SEIR,ssa,1,1,1,2,A3,Damping Resurgence,ARX,I,/home/kaahin/degree_project/hybrid-epidemic-forecasting/results/partB/combined_stress/forecasts/partB_combined_stress_forecast_A3_rep002_ARX_I.mat,forecast_results,336,337,0.0268152940711957,0.0268152940711957,0.0548412783279262,0.0484077032768382,0.00537863369742647,0.0211533348732878,0.000283325500481411,0,0.964285714285714,0.176785714285714,0.2125,0.318875990279508,1,closed_loop_monte_carlo,ok,ok,-534.491042700503
combined_stress,SEIR with observation and process noise,SEIR,ssa,1,1,1,2,A3,Damping Resurgence,ARX,I,/home/kaahin/degree_project/hybrid-epidemic-forecasting/results/partB/combined_stress/forecasts/partB_combined_stress_forecast_A3_rep002_ARX_I.mat,forecast_results,343,344,0.0258151302309585,0.0258151302309585,0.0530246646915632,0.0508004935138042,0.00564449927931158,0.0194858219574144,0.000684808994232537,0,0.928571428571429,0.141071428571429,0.2125,0.292044393968037,1,closed_loop_monte_carlo,ok,ok,-545.81959210974
combined_stress,SEIR with observation and process noise,SEIR,ssa,1,1,1,2,A3,Damping Resurgence,ARX,I,/home/kaahin/degree_project/hybrid-epidemic-forecasting/results/partB/combined_stress/forecasts/partB_combined_stress_forecast_A3_rep002_ARX_I.mat,forecast_results,350,351,0.0337441052633431,0.0337441052633431,0.0886648972416628,0.0840140106574198,0.00933489007304665,0.0208553408481842,0.0035538743421123,0,0.767857142857143,-0.0196428571428571,0.2125,0.305688305304352,1,closed_loop_monte_carlo,ok,ok,-553.95748664215
combined_stress,SEIR with observation and process noise,SEIR,ssa,1,1,1,2,A3,Damping Resurgence,AR,None,/home/kaahin/degree_project/hybrid-epidemic-forecasting/results/partB/combined_stress/forecasts/partB_combined_stress_forecast_A3_rep002_AR_None.mat,forecast_results,49,50,0.207652210398753,0.207652210398753,0.387483064141771,0.359254281996964,0.0399171424441071,0.0260980732453865,0,0.141636994709259,0.107142857142857,-0.680357142857143,0.694642857142857,0.374035268403961,1,closed_loop_monte_carlo,ok,ok,-70.9881787596134
combined_stress,SEIR with observation and process noise,SEIR,ssa,1,1,1,2,A3,Damping Resurgence,AR,None,/home/kaahin/degree_project/hybrid-epidemic-forecasting/results/partB/combined_stress/forecasts/partB_combined_stress_forecast_A3_rep002_AR_None.mat,forecast_results,56,57,0.0709048182415115,0.0709048182415115,0.20967310564053,0.182450739833788,0.0202723044259764,0.0405602879997732,0,0.0100722258157618,0.875,0.0875,0.2125,0.590615379383506,1,closed_loop_monte_carlo,ok,ok,-83.1850682149898
combined_stress,SEIR with observation and process noise,SEIR,ssa,1,1,1,2,A3,Damping Resurgence,AR,None,/home/kaahin/degree_project/hybrid-epidemic-forecasting/results/partB/combined_stress/forecasts/partB_combined_stress_forecast_A3_rep002_AR_None.mat,forecast_results,63,64,0.100533773324684,0.100533773324684,0.283334935030765,0.264517040296149,0.0293907822551277,0.0477130660773841,0,0.0234299249921725,0.732142857142857,-0.0553571428571429,0.244642857142857,0.699063784616997,1,closed_loop_monte_carlo,ok,ok,-85.394336074804
combined_stress,SEIR with observation and process noise,SEIR,ssa,1,1,1,2,A3,Damping Resurgence,AR,None,/home/kaahin/degree_project/hybrid-epidemic-forecasting/results/partB/combined_stress/forecasts/partB_combined_stress_forecast_A3_rep002_AR_None.mat,forecast_results,70,71,0.0703123826504325,0.0703123826504325,0.131759588577996,0.112427522718018,0.0124919469686686,0.0578204356817639,0,0,1,0.2125,0.2125,0.851657542789923,1,closed_loop_monte_carlo,ok,ok,-98.0339501583233
combined_stress,SEIR with observation and process noise,SEIR,ssa,1,1,1,2,A3,Damping Resurgence,AR,None,/home/kaahin/degree_project/hybrid-epidemic-forecasting/results/partB/combined_stress/forecasts/partB_combined_stress_forecast_A3_rep002_AR_None.mat,forecast_results,77,78,0.0707934047358124,0.0707934047358124,0.171457330322593,0.147228807324374,0.0163587563693749,0.0501088973741946,0.00432575099224295,0,0.892857142857143,0.105357142857143,0.2125,0.713147811621503,1,closed_loop_monte_carlo,ok,ok,-111.906808696737
combined_stress,SEIR with observation and process noise,SEIR,ssa,1,1,1,2,A3,Damping Resurgence,AR,None,/home/kaahin/degree_project/hybrid-epidemic-forecasting/results/partB/combined_stress/forecasts/partB_combined_stress_forecast_A3_rep002_AR_None.mat,forecast_results,84,85,0.135992495947011,0.135992495947011,0.363771342805189,0.348704125181614,0.0387449027979571,0.0514020472481454,0.0458455459009084,0,0.607142857142857,-0.180357142857143,0.316071428571429,0.760138131892499,1,closed_loop_monte_carlo,ok,ok,-126.138795527492
combined_stress,SEIR with observation and process noise,SEIR,ssa,1,1,1,2,A3,Damping Resurgence,AR,None,/home/kaahin/degree_project/hybrid-epidemic-forecasting/results/partB/combined_stress/forecasts/partB_combined_stress_forecast_A3_rep002_AR_None.mat,forecast_results,91,92,0.078471659904566,0.078471659904566,0.21181407226831,0.19917349376555,0.0221303881961722,0.040401688097997,0.0159395836103969,0,0.75,-0.0375,0.233928571428571,0.580071068966387,1,closed_loop_monte_carlo,ok,ok,-138.255523023933
combined_stress,SEIR with observation and process noise,SEIR,ssa,1,1,1,2,A3,Damping Resurgence,AR,None,/home/kaahin/degree_project/hybrid-epidemic-forecasting/results/partB/combined_stress/forecasts/partB_combined_stress_forecast_A3_rep002_AR_None.mat,forecast_results,98,99,0.0352103902220609,0.0352103902220609,0.0445830560449296,0.0363282759875922,0.00403647510973247,0.0311739151123285,0,0,1,0.2125,0.2125,0.455366117682253,1,closed_loop_monte_carlo,ok,ok,-150.566087460139
combined_stress,SEIR with observation and process noise,SEIR,ssa,1,1,1,2,A3,Damping Resurgence,AR,None,/home/kaahin/degree_project/hybrid-epidemic-forecasting/results/partB/combined_stress/forecasts/partB_combined_stress_forecast_A3_rep002_AR_None.mat,forecast_results,105,106,0.0387987292398171,0.0387987292398171,0.0998237126167777,0.0829232201792064,0.00921369113102294,0.0287663113179669,0,0.000818726790827263,0.928571428571429,0.141071428571429,0.2125,0.433212669039011,1,closed_loop_monte_carlo,ok,ok,-165.769480497737
combined_stress,SEIR with observation and process noise,SEIR,ssa,1,1,1,2,A3,Damping Resurgence,AR,None,/home/kaahin/degree_project/hybrid-epidemic-forecasting/results/partB/combined_stress/forecasts/partB_combined_stress_forecast_A3_rep002_AR_None.mat,forecast_results,112,113,0.0431459515233557,0.0431459515233557,0.113720246878704,0.0902767183969811,0.0100307464885535,0.0313445473282653,0,0.00177065770653698,0.946428571428571,0.158928571428571,0.2125,0.448478503358387,1,closed_loop_monte_carlo,ok,ok,-176.249393290908
combined_stress,SEIR with observation and process noise,SEIR,ssa,1,1,1,2,A3,Damping Resurgence,AR,None,/home/kaahin/degree_project/hybrid-epidemic-forecasting/results/partB/combined_stress/forecasts/partB_combined_stress_forecast_A3_rep002_AR_None.mat,forecast_results,119,120,0.0687781315058006,0.0687781315058006,0.210864377206314,0.174897917792572,0.0194331019769525,0.0323377233840571,0,0.017007306144791,0.821428571428571,0.0339285714285714,0.223214285714286,0.490783599644988,1,closed_loop_monte_carlo,ok,ok,-185.607376710316
combined_stress,SEIR with observation and process noise,SEIR,ssa,1,1,1,2,A3,Damping Resurgence,AR,None,/home/kaahin/degree_project/hybrid-epidemic-forecasting/results/partB/combined_stress/forecasts/partB_combined_stress_forecast_A3_rep002_AR_None.mat,forecast_results,126,127,0.120645077914621,0.120645077914621,0.348003433970899,0.321775925349767,0.0357528805944186,0.0371470400360227,0,0.0477451572841795,0.517857142857143,-0.269642857142857,0.355357142857143,0.541152081866065,1,closed_loop_monte_carlo,ok,ok,-202.571267359898
combined_stress,SEIR with observation and process noise,SEIR,ssa,1,1,1,2,A3,Damping Resurgence,AR,None,/home/kaahin/degree_project/hybrid-epidemic-forecasting/results/partB/combined_stress/forecasts/partB_combined_stress_forecast_A3_rep002_AR_None.mat,forecast_results,133,134,0.0574959948366431,0.0574959948366431,0.0632708423374124,0.0505202735991801,0.00561336373324223,0.0518826311034009,0,0,1,0.2125,0.2125,0.769987041465294,1,closed_loop_monte_carlo,ok,ok,-213.956511472232
combined_stress,SEIR with observation and process noise,SEIR,ssa,1,1,1,2,A3,Damping Resurgence,AR,None,/home/kaahin/degree_project/hybrid-epidemic-forecasting/results/partB/combined_stress/forecasts/partB_combined_stress_forecast_A3_rep002_AR_None.mat,forecast_results,140,141,0.0616339730997897,0.0616339730997897,0.146082461166827,0.141526476134325,0.0157251640149251,0.0436044286068977,0,0.00230438047796693,0.928571428571429,0.141071428571429,0.2125,0.632873195579784,1,closed_loop_monte_carlo,ok,ok,-230.151918369182
combined_stress,SEIR with observation and process noise,SEIR,ssa,1,1,1,2,A3,Damping Resurgence,AR,None,/home/kaahin/degree_project/hybrid-epidemic-forecasting/results/partB/combined_stress/forecasts/partB_combined_stress_forecast_A3_rep002_AR_None.mat,forecast_results,147,148,0.0803913763941233,0.0803913763941233,0.216349120292085,0.202870820026405,0.0225412022251561,0.0527462196558743,0.00510395451309287,0,0.839285714285714,0.0517857142857143,0.2125,0.761741202210902,1,closed_loop_monte_carlo,ok,ok,-244.917026027962
combined_stress,SEIR with observation and process noise,SEIR,ssa,1,1,1,2,A3,Damping Resurgence,AR,None,/home/kaahin/degree_project/hybrid-epidemic-forecasting/results/partB/combined_stress/forecasts/partB_combined_stress_forecast_A3_rep002_AR_None.mat,forecast_results,154,155,0.0590949624184025,0.0590949624184025,0.162951646868137,0.140444231012681,0.0156049145569645,0.0408746784451528,0.00261536941628508,0,0.910714285714286,0.123214285714286,0.2125,0.584783575641955,1,closed_loop_monte_carlo,ok,ok,-257.136708557662
combined_stress,SEIR with observation and process noise,SEIR,ssa,1,1,1,2,A3,Damping Resurgence,AR,None,/home/kaahin/degree_project/hybrid-epidemic-forecasting/results/partB/combined_stress/forecasts/partB_combined_stress_forecast_A3_rep002_AR_None.mat,forecast_results,161,162,0.0498470571094398,0.0498470571094398,0.108187746409652,0.0917610909583762,0.0101956767731529,0.0391014078715283,0.000549972464758542,0,0.982142857142857,0.194642857142857,0.2125,0.580127951386851,1,closed_loop_monte_carlo,ok,ok,-269.097685652025
combined_stress,SEIR with observation and process noise,SEIR,ssa,1,1,1,2,A3,Damping Resurgence,AR,None,/home/kaahin/degree_project/hybrid-epidemic-forecasting/results/partB/combined_stress/forecasts/partB_combined_stress_forecast_A3_rep002_AR_None.mat,forecast_results,168,169,0.0431307553034036,0.0431307553034036,0.10953322639288,0.0976960213248346,0.0108551134805372,0.0300272109129753,0.00224843090989113,0,0.857142857142857,0.0696428571428571,0.2125,0.440208756062909,1,closed_loop_monte_carlo,ok,ok,-281.175737018774
combined_stress,SEIR with observation and process noise,SEIR,ssa,1,1,1,2,A3,Damping Resurgence,AR,None,/home/kaahin/degree_project/hybrid-epidemic-forecasting/results/partB/combined_stress/forecasts/partB_combined_stress_forecast_A3_rep002_AR_None.mat,forecast_results,175,176,0.031682492911966,0.031682492911966,0.0355293787140173,0.0289970114279245,0.00322189015865828,0.0284606027533078,0,0,1,0.2125,0.2125,0.412459952676678,1,closed_loop_monte_carlo,ok,ok,-295.709942589897
combined_stress,SEIR with observation and process noise,SEIR,ssa,1,1,1,2,A3,Damping Resurgence,AR,None,/home/kaahin/degree_project/hybrid-epidemic-forecasting/results/partB/combined_stress/forecasts/partB_combined_stress_forecast_A3_rep002_AR_None.mat,forecast_results,182,183,0.0337697732869876,0.0337697732869876,0.0638507028320916,0.0477467340556527,0.0053051926728503,0.0284645806141373,0,0,1,0.2125,0.2125,0.418536033463578,1,closed_loop_monte_carlo,ok,ok,-308.810094387614
combined_stress,SEIR with observation and process noise,SEIR,ssa,1,1,1,2,A3,Damping Resurgence,AR,None,/home/kaahin/degree_project/hybrid-epidemic-forecasting/results/partB/combined_stress/forecasts/partB_combined_stress_forecast_A3_rep002_AR_None.mat,forecast_results,189,190,0.0449696548396186,0.0449696548396186,0.120599919645349,0.100747001736741,0.0111941113040823,0.0310499727143908,0,0.00272557082114549,0.928571428571429,0.141071428571429,0.2125,0.459260774860867,1,closed_loop_monte_carlo,ok,ok,-311.006048892629
combined_stress,SEIR with observation and process noise,SEIR,ssa,1,1,1,2,A3,Damping Resurgence,AR,None,/home/kaahin/degree_project/hybrid-epidemic-forecasting/results/partB/combined_stress/forecasts/partB_combined_stress_forecast_A3_rep002_AR_None.mat,forecast_results,196,197,0.0493989918738539,0.0493989918738539,0.119091514365452,0.0851433486827597,0.00946037207586219,0.0376731128492009,0,0.00226550694879078,0.928571428571429,0.141071428571429,0.2125,0.551014166534781,1,closed_loop_monte_carlo,ok,ok,-319.868283837157
combined_stress,SEIR with observation and process noise,SEIR,ssa,1,1,1,2,A3,Damping Resurgence,AR,None,/home/kaahin/degree_project/hybrid-epidemic-forecasting/results/partB/combined_stress/forecasts/partB_combined_stress_forecast_A3_rep002_AR_None.mat,forecast_results,203,204,0.0732816418618583,0.0732816418618583,0.219763621801971,0.187242058909683,0.020804673212187,0.0439417214835901,0,0.0085352471660812,0.875,0.0875,0.2125,0.646205503617553,1,closed_loop_monte_carlo,ok,ok,-327.930191672349
combined_stress,SEIR with observation and process noise,SEIR,ssa,1,1,1,2,A3,Damping Resurgence,AR,None,/home/kaahin/degree_project/hybrid-epidemic-forecasting/results/partB/combined_stress/forecasts/partB_combined_stress_forecast_A3_rep002_AR_None.mat,forecast_results,210,211,0.0809066167291986,0.0809066167291986,0.224512581478158,0.213290668783295,0.0236989631981438,0.0391551431909964,0,0.0180525103400584,0.785714285714286,-0.00178571428571429,0.2125,0.582571981318089,1,closed_loop_monte_carlo,ok,ok,-340.795625319606
combined_stress,SEIR with observation and process noise,SEIR,ssa,1,1,1,2,A3,Damping Resurgence,AR,None,/home/kaahin/degree_project/hybrid-epidemic-forecasting/results/partB/combined_stress/forecasts/partB_combined_stress_forecast_A3_rep002_AR_None.mat,forecast_results,217,218,0.0561262520315118,0.0561262520315118,0.0640059217881631,0.0559809741964922,0.00622010824405469,0.0499061437874571,0,0,1,0.2125,0.2125,0.717730355525674,1,closed_loop_monte_carlo,ok,ok,-353.007530848679
combined_stress,SEIR with observation and process noise,SEIR,ssa,1,1,1,2,A3,Damping Resurgence,AR,None,/home/kaahin/degree_project/hybrid-epidemic-forecasting/results/partB/combined_stress/forecasts/partB_combined_stress_forecast_A3_rep002_AR_None.mat,forecast_results,224,225,0.0556577685992871,0.0556577685992871,0.111654671555836,0.092709937706784,0.0103011041896427,0.0452639108979116,9.27535117328387e-05,0,0.982142857142857,0.194642857142857,0.2125,0.670479372155598,1,closed_loop_monte_carlo,ok,ok,-365.019131564572
combined_stress,SEIR with observation and process noise,SEIR,ssa,1,1,1,2,A3,Damping Resurgence,AR,None,/home/kaahin/degree_project/hybrid-epidemic-forecasting/results/partB/combined_stress/forecasts/partB_combined_stress_forecast_A3_rep002_AR_None.mat,forecast_results,231,232,0.074637112483473,0.074637112483473,0.211161824932285,0.191598970147149,0.0212887744607943,0.0408782856717556,0.0124700523509232,0,0.821428571428571,0.0339285714285714,0.2125,0.609436822451251,1,closed_loop_monte_carlo,ok,ok,-381.506080797802
combined_stress,SEIR with observation and process noise,SEIR,ssa,1,1,1,2,A3,Damping Resurgence,AR,None,/home/kaahin/degree_project/hybrid-epidemic-forecasting/results/partB/combined_stress/forecasts/partB_combined_stress_forecast_A3_rep002_AR_None.mat,forecast_results,238,239,0.0502885045556766,0.0502885045556766,0.139747643692779,0.121540032622708,0.0135044480691898,0.0348888880680173,0.00189516841846953,0,0.892857142857143,0.105357142857143,0.2125,0.50408457988355,1,closed_loop_monte_carlo,ok,ok,-397.172544057009
combined_stress,SEIR with observation and process noise,SEIR,ssa,1,1,1,2,A3,Damping Resurgence,AR,None,/home/kaahin/degree_project/hybrid-epidemic-forecasting/results/partB/combined_stress/forecasts/partB_combined_stress_forecast_A3_rep002_AR_None.mat,forecast_results,245,246,0.0494392949599044,0.0494392949599044,0.130071877209563,0.121926750161861,0.0135474166846512,0.0334695571256858,0.00242232114956739,0,0.839285714285714,0.0517857142857143,0.2125,0.490268572450769,1,closed_loop_monte_carlo,ok,ok,-413.506691930408
combined_stress,SEIR with observation and process noise,SEIR,ssa,1,1,1,2,A3,Damping Resurgence,AR,None,/home/kaahin/degree_project/hybrid-epidemic-forecasting/results/partB/combined_stress/forecasts/partB_combined_stress_forecast_A3_rep002_AR_None.mat,forecast_results,252,253,0.0311030409382501,0.0311030409382501,0.0275238141174991,0.0232132433960722,0.00257924926623025,0.0285237916720199,0,0,1,0.2125,0.2125,0.412948908929459,1,closed_loop_monte_carlo,ok,ok,-428.877005552545
combined_stress,SEIR with observation and process noise,SEIR,ssa,1,1,1,2,A3,Damping Resurgence,AR,None,/home/kaahin/degree_project/hybrid-epidemic-forecasting/results/partB/combined_stress/forecasts/partB_combined_stress_forecast_A3_rep002_AR_None.mat,forecast_results,259,260,0.0760377370842959,0.0760377370842959,0.211913421777698,0.19869275711934,0.02207697301326,0.0260698052760733,0,0.0278909587949627,0.553571428571429,-0.233928571428571,0.330357142857143,0.38076557001139,1,closed_loop_monte_carlo,ok,ok,-444.966400497534
combined_stress,SEIR with observation and process noise,SEIR,ssa,1,1,1,2,A3,Damping Resurgence,AR,None,/home/kaahin/degree_project/hybrid-epidemic-forecasting/results/partB/combined_stress/forecasts/partB_combined_stress_forecast_A3_rep002_AR_None.mat,forecast_results,266,267,0.103149254109978,0.103149254109978,0.282610693145788,0.264390687090906,0.0293767430101007,0.029142984274459,0,0.0446295268254181,0.535714285714286,-0.251785714285714,0.344642857142857,0.429281328062352,1,closed_loop_monte_carlo,ok,ok,-460.429731207704
combined_stress,SEIR with observation and process noise,SEIR,ssa,1,1,1,2,A3,Damping Resurgence,AR,None,/home/kaahin/degree_project/hybrid-epidemic-forecasting/results/partB/combined_stress/forecasts/partB_combined_stress_forecast_A3_rep002_AR_None.mat,forecast_results,273,274,0.0737052899972012,0.0737052899972012,0.222405396645803,0.196054889420543,0.0217838766022825,0.0366375118838632,0,0.0152839015110555,0.803571428571429,0.0160714285714286,0.233928571428571,0.54611411577198,1,closed_loop_monte_carlo,ok,ok,-465.44908435085
combined_stress,SEIR with observation and process noise,SEIR,ssa,1,1,1,2,A3,Damping Resurgence,AR,None,/home/kaahin/degree_project/hybrid-epidemic-forecasting/results/partB/combined_stress/forecasts/partB_combined_stress_forecast_A3_rep002_AR_None.mat,forecast_results,280,281,0.0553872023318561,0.0553872023318561,0.119479896885707,0.101643467950771,0.0112937186611967,0.0439746541855113,0,0.000118829485148056,0.982142857142857,0.194642857142857,0.2125,0.647608039277531,1,closed_loop_monte_carlo,ok,ok,-477.879069833458
combined_stress,SEIR with observation and process noise,SEIR,ssa,1,1,1,2,A3,Damping Resurgence,AR,None,/home/kaahin/degree_project/hybrid-epidemic-forecasting/results/partB/combined_stress/forecasts/partB_combined_stress_forecast_A3_rep002_AR_None.mat,forecast_results,287,288,0.04973450994964,0.04973450994964,0.0393991456894583,0.0332975434833751,0.00369972705370834,0.0460347828959316,0,0,1,0.2125,0.2125,0.693308330184633,1,closed_loop_monte_carlo,ok,ok,-485.353158653201
combined_stress,SEIR with observation and process noise,SEIR,ssa,1,1,1,2,A3,Damping Resurgence,AR,None,/home/kaahin/degree_project/hybrid-epidemic-forecasting/results/partB/combined_stress/forecasts/partB_combined_stress_forecast_A3_rep002_AR_None.mat,forecast_results,294,295,0.0642237064102335,0.0642237064102335,0.147365140144104,0.140793519853732,0.0156437244281925,0.0476082484600042,0.000971733522036754,0,0.928571428571429,0.141071428571429,0.2125,0.68292635379723,1,closed_loop_monte_carlo,ok,ok,-500.487948729469
combined_stress,SEIR with observation and process noise,SEIR,ssa,1,1,1,2,A3,Damping Resurgence,AR,None,/home/kaahin/degree_project/hybrid-epidemic-forecasting/results/partB/combined_stress/forecasts/partB_combined_stress_forecast_A3_rep002_AR_None.mat,forecast_results,301,302,0.0485043503731973,0.0485043503731973,0.103471901470448,0.0891055528419069,0.0099006169824341,0.0377319425083161,0.000871790882447144,0,0.964285714285714,0.176785714285714,0.2125,0.564989544046459,1,closed_loop_monte_carlo,ok,ok,-512.112157475188
combined_stress,SEIR with observation and process noise,SEIR,ssa,1,1,1,2,A3,Damping Resurgence,AR,None,/home/kaahin/degree_project/hybrid-epidemic-forecasting/results/partB/combined_stress/forecasts/partB_combined_stress_forecast_A3_rep002_AR_None.mat,forecast_results,308,309,0.0822574188900872,0.0822574188900872,0.227753397638873,0.211946597333439,0.0235496219259377,0.0378891111394116,0.0208186858247379,0,0.642857142857143,-0.144642857142857,0.291071428571429,0.537183989971808,1,closed_loop_monte_carlo,ok,ok,-523.337524005044
combined_stress,SEIR with observation and process noise,SEIR,ssa,1,1,1,2,A3,Damping Resurgence,AR,None,/home/kaahin/degree_project/hybrid-epidemic-forecasting/results/partB/combined_stress/forecasts/partB_combined_stress_forecast_A3_rep002_AR_None.mat,forecast_results,315,316,0.0546849788514864,0.0546849788514864,0.159493749147966,0.138173170878747,0.0153525745420829,0.0304466137489734,0.0088857905604301,0,0.821428571428571,0.0339285714285714,0.223214285714286,0.445388127583496,1,closed_loop_monte_carlo,ok,ok,-535.52173064287
combined_stress,SEIR with observation and process noise,SEIR,ssa,1,1,1,2,A3,Damping Resurgence,AR,None,/home/kaahin/degree_project/hybrid-epidemic-forecasting/results/partB/combined_stress/forecasts/partB_combined_stress_forecast_A3_rep002_AR_None.mat,forecast_results,322,323,0.0596292235872629,0.0596292235872629,0.163130806862806,0.152439039669042,0.016937671074338,0.0283223362228975,0.0143692162900274,0,0.642857142857143,-0.144642857142857,0.276785714285714,0.421020009253507,1,closed_loop_monte_carlo,ok,ok,-549.750167042338
combined_stress,SEIR with observation and process noise,SEIR,ssa,1,1,1,2,A3,Damping Resurgence,AR,None,/home/kaahin/degree_project/hybrid-epidemic-forecasting/results/partB/combined_stress/forecasts/partB_combined_stress_forecast_A3_rep002_AR_None.mat,forecast_results,329,330,0.0273630910868465,0.0273630910868465,0.0503853392078224,0.0416291026609594,0.00462545585121771,0.0226925327177325,4.51025178962732e-05,0,0.982142857142857,0.194642857142857,0.2125,0.332265658045983,1,closed_loop_monte_carlo,ok,ok,-554.404335283592
combined_stress,SEIR with observation and process noise,SEIR,ssa,1,1,1,2,A3,Damping Resurgence,AR,None,/home/kaahin/degree_project/hybrid-epidemic-forecasting/results/partB/combined_stress/forecasts/partB_combined_stress_forecast_A3_rep002_AR_None.mat,forecast_results,336,337,0.0233838587585241,0.0233838587585241,0.0413572063839504,0.0306143934526748,0.00340159927251942,0.0199822594860047,0,0,1,0.2125,0.2125,0.294326402622191,1,closed_loop_monte_carlo,ok,ok,-567.502368030557
combined_stress,SEIR with observation and process noise,SEIR,ssa,1,1,1,2,A3,Damping Resurgence,AR,None,/home/kaahin/degree_project/hybrid-epidemic-forecasting/results/partB/combined_stress/forecasts/partB_combined_stress_forecast_A3_rep002_AR_None.mat,forecast_results,343,344,0.0374358301246154,0.0374358301246154,0.101819349199266,0.0962844333120146,0.0106982703680016,0.0209388552633391,0.00579870449327468,0,0.767857142857143,-0.0196428571428571,0.2125,0.318188393310271,1,closed_loop_monte_carlo,ok,ok,-577.829913728182
combined_stress,SEIR with observation and process noise,SEIR,ssa,1,1,1,2,A3,Damping Resurgence,AR,None,/home/kaahin/degree_project/hybrid-epidemic-forecasting/results/partB/combined_stress/forecasts/partB_combined_stress_forecast_A3_rep002_AR_None.mat,forecast_results,350,351,0.0481876600011309,0.0481876600011309,0.126955455526034,0.120092036168049,0.0133435595742277,0.0218792160732255,0.0129648843536777,0,0.660714285714286,-0.126785714285714,0.266071428571429,0.325215547235889,1,closed_loop_monte_carlo,ok,ok,-584.509495403263
combined_stress,SEIR with observation and process noise,SEIR,ssa,1,1,1,1,A4,Amplifying Resurgence,ARX,I,/home/kaahin/degree_project/hybrid-epidemic-forecasting/results/partB/combined_stress/forecasts/partB_combined_stress_forecast_A4_rep001_ARX_I.mat,forecast_results,49,50,0.148123689508382,0.148123689508382,0.291049995676886,0.259218172532272,0.0288020191702524,0.022613495173775,0,0.0967081751643543,0.285714285714286,-0.501785714285714,0.585714285714286,0.323423002790185,1,closed_loop_monte_carlo,ok,ok,-71.7650288509904
combined_stress,SEIR with observation and process noise,SEIR,ssa,1,1,1,1,A4,Amplifying Resurgence,ARX,I,/home/kaahin/degree_project/hybrid-epidemic-forecasting/results/partB/combined_stress/forecasts/partB_combined_stress_forecast_A4_rep001_ARX_I.mat,forecast_results,56,57,0.101545554417705,0.101545554417705,0.283611477234509,0.269577912115703,0.0299531013461892,0.0311684609217433,0,0.0404239921497721,0.553571428571429,-0.233928571428571,0.330357142857143,0.457613147031914,1,closed_loop_monte_carlo,ok,ok,-90.1371166767614
combined_stress,SEIR with observation and process noise,SEIR,ssa,1,1,1,1,A4,Amplifying Resurgence,ARX,I,/home/kaahin/degree_project/hybrid-epidemic-forecasting/results/partB/combined_stress/forecasts/partB_combined_stress_forecast_A4_rep001_ARX_I.mat,forecast_results,63,64,0.126835570951585,0.126835570951585,0.382467927294852,0.287839026187916,0.0319821140208796,0.05514078367937,0.0397126732513356,0,0.732142857142857,-0.0553571428571429,0.298214285714286,0.802453216735595,1,closed_loop_monte_carlo,ok,ok,-108.087196673571
combined_stress,SEIR with observation and process noise,SEIR,ssa,1,1,1,1,A4,Amplifying Resurgence,ARX,I,/home/kaahin/degree_project/hybrid-epidemic-forecasting/results/partB/combined_stress/forecasts/partB_combined_stress_forecast_A4_rep001_ARX_I.mat,forecast_results,70,71,0.136587441859063,0.136587441859063,0.403724371140068,0.337536320891628,0.0375040356546253,0.0499232833965791,0.0491601228078585,0,0.607142857142857,-0.180357142857143,0.335714285714286,0.716744550085416,1,closed_loop_monte_carlo,ok,ok,-118.379523268026
combined_stress,SEIR with observation and process noise,SEIR,ssa,1,1,1,1,A4,Amplifying Resurgence,ARX,I,/home/kaahin/degree_project/hybrid-epidemic-forecasting/results/partB/combined_stress/forecasts/partB_combined_stress_forecast_A4_rep001_ARX_I.mat,forecast_results,77,78,0.194424609107798,0.194424609107798,0.452201110892739,0.38163050877867,0.0424033898642967,0.0458872315002797,0.106133987743222,0,0.392857142857143,-0.394642857142857,0.5,0.691014284190169,1,closed_loop_monte_carlo,ok,ok,-132.909360464728
combined_stress,SEIR with observation and process noise,SEIR,ssa,1,1,1,1,A4,Amplifying Resurgence,ARX,I,/home/kaahin/degree_project/hybrid-epidemic-forecasting/results/partB/combined_stress/forecasts/partB_combined_stress_forecast_A4_rep001_ARX_I.mat,forecast_results,84,85,0.0706071422896095,0.0706071422896095,0.189642617081425,0.154401930008247,0.0171557700009164,0.0359481957416788,0.0175031765470143,0,0.767857142857143,-0.0196428571428571,0.296428571428571,0.517186822192467,1,closed_loop_monte_carlo,ok,ok,-137.80794156381
combined_stress,SEIR with observation and process noise,SEIR,ssa,1,1,1,1,A4,Amplifying Resurgence,ARX,I,/home/kaahin/degree_project/hybrid-epidemic-forecasting/results/partB/combined_stress/forecasts/partB_combined_stress_forecast_A4_rep001_ARX_I.mat,forecast_results,91,92,0.0603118946863076,0.0603118946863076,0.164395522806652,0.145840902036589,0.0162045446707321,0.0330562435180117,0.0110511064975638,0,0.803571428571429,0.0160714285714286,0.223214285714286,0.478991733754124,1,closed_loop_monte_carlo,ok,ok,-154.866002259283
combined_stress,SEIR with observation and process noise,SEIR,ssa,1,1,1,1,A4,Amplifying Resurgence,ARX,I,/home/kaahin/degree_project/hybrid-epidemic-forecasting/results/partB/combined_stress/forecasts/partB_combined_stress_forecast_A4_rep001_ARX_I.mat,forecast_results,98,99,0.0294625404247345,0.0294625404247345,0.0450216401559439,0.0380259259953255,0.0042251028883695,0.025237437536365,0,0,1,0.2125,0.2125,0.371382356177972,1,closed_loop_monte_carlo,ok,ok,-169.106069965381
combined_stress,SEIR with observation and process noise,SEIR,ssa,1,1,1,1,A4,Amplifying Resurgence,ARX,I,/home/kaahin/degree_project/hybrid-epidemic-forecasting/results/partB/combined_stress/forecasts/partB_combined_stress_forecast_A4_rep001_ARX_I.mat,forecast_results,105,106,0.0259534022880952,0.0259534022880952,0.0385807737852182,0.03295691897634,0.00366187988626,0.0222915224018352,0,0,1,0.2125,0.2125,0.322647630840737,1,closed_loop_monte_carlo,ok,ok,-187.355775224405
combined_stress,SEIR with observation and process noise,SEIR,ssa,1,1,1,1,A4,Amplifying Resurgence,ARX,I,/home/kaahin/degree_project/hybrid-epidemic-forecasting/results/partB/combined_stress/forecasts/partB_combined_stress_forecast_A4_rep001_ARX_I.mat,forecast_results,112,113,0.0456038239636602,0.0456038239636602,0.140119613817027,0.112549871844298,0.0125055413160331,0.0222125333732796,0,0.0108857492743474,0.803571428571429,0.0160714285714286,0.255357142857143,0.323187791504411,1,closed_loop_monte_carlo,ok,ok,-202.444888077294
combined_stress,SEIR with observation and process noise,SEIR,ssa,1,1,1,1,A4,Amplifying Resurgence,ARX,I,/home/kaahin/degree_project/hybrid-epidemic-forecasting/results/partB/combined_stress/forecasts/partB_combined_stress_forecast_A4_rep001_ARX_I.mat,forecast_results,119,120,0.0533609081137805,0.0533609081137805,0.145194495432997,0.117432749815304,0.0130480833128115,0.0327761174573237,0.00190483220940588,0.00563187513423937,0.892857142857143,0.105357142857143,0.223214285714286,0.472244674806095,1,closed_loop_monte_carlo,ok,ok,-209.058510794109
combined_stress,SEIR with observation and process noise,SEIR,ssa,1,1,1,1,A4,Amplifying Resurgence,ARX,I,/home/kaahin/degree_project/hybrid-epidemic-forecasting/results/partB/combined_stress/forecasts/partB_combined_stress_forecast_A4_rep001_ARX_I.mat,forecast_results,126,127,0.0661228267353675,0.0661228267353675,0.192752287644502,0.163487503447536,0.0181652781608373,0.0340747884472538,0,0.0138827601272763,0.839285714285714,0.0517857142857143,0.2125,0.511239269956595,1,closed_loop_monte_carlo,ok,ok,-217.048832456751
combined_stress,SEIR with observation and process noise,SEIR,ssa,1,1,1,1,A4,Amplifying Resurgence,ARX,I,/home/kaahin/degree_project/hybrid-epidemic-forecasting/results/partB/combined_stress/forecasts/partB_combined_stress_forecast_A4_rep001_ARX_I.mat,forecast_results,133,134,0.0570916899746165,0.0570916899746165,0.133079199098919,0.119039015531423,0.0132265572812692,0.0433746830989513,0,0.000490449594395976,0.982142857142857,0.194642857142857,0.2125,0.616932067097347,1,closed_loop_monte_carlo,ok,ok,-232.755858925683
combined_stress,SEIR with observation and process noise,SEIR,ssa,1,1,1,1,A4,Amplifying Resurgence,ARX,I,/home/kaahin/degree_project/hybrid-epidemic-forecasting/results/partB/combined_stress/forecasts/partB_combined_stress_forecast_A4_rep001_ARX_I.mat,forecast_results,140,141,0.053611172770808,0.053611172770808,0.0797627872011952,0.0621904371625179,0.0069100485736131,0.0467011241971949,0,0,1,0.2125,0.2125,0.677574814899388,1,closed_loop_monte_carlo,ok,ok,-248.289287581385
combined_stress,SEIR with observation and process noise,SEIR,ssa,1,1,1,1,A4,Amplifying Resurgence,ARX,I,/home/kaahin/degree_project/hybrid-epidemic-forecasting/results/partB/combined_stress/forecasts/partB_combined_stress_forecast_A4_rep001_ARX_I.mat,forecast_results,147,148,0.0784183896300973,0.0784183896300973,0.2227330317674,0.172989862584419,0.0192210958427132,0.0468382020131187,0.0123590917742654,0,0.839285714285714,0.0517857142857143,0.244642857142857,0.677704713815983,1,closed_loop_monte_carlo,ok,ok,-265.549912619571
combined_stress,SEIR with observation and process noise,SEIR,ssa,1,1,1,1,A4,Amplifying Resurgence,ARX,I,/home/kaahin/degree_project/hybrid-epidemic-forecasting/results/partB/combined_stress/forecasts/partB_combined_stress_forecast_A4_rep001_ARX_I.mat,forecast_results,154,155,0.17572102860269,0.17572102860269,0.40861657129954,0.352041437824733,0.0391157153138592,0.0442967358218196,0.0923085774670116,0,0.5,-0.2875,0.432142857142857,0.645436352178093,1,closed_loop_monte_carlo,ok,ok,-278.193242037901
combined_stress,SEIR with observation and process noise,SEIR,ssa,1,1,1,1,A4,Amplifying Resurgence,ARX,I,/home/kaahin/degree_project/hybrid-epidemic-forecasting/results/partB/combined_stress/forecasts/partB_combined_stress_forecast_A4_rep001_ARX_I.mat,forecast_results,161,162,0.135272650000681,0.135272650000681,0.32262941335023,0.291213173484274,0.0323570192760304,0.0377331420640036,0.0651824886606473,0,0.428571428571429,-0.358928571428571,0.469642857142857,0.547365091415501,1,closed_loop_monte_carlo,ok,ok,-285.798269099401
combined_stress,SEIR with observation and process noise,SEIR,ssa,1,1,1,1,A4,Amplifying Resurgence,ARX,I,/home/kaahin/degree_project/hybrid-epidemic-forecasting/results/partB/combined_stress/forecasts/partB_combined_stress_forecast_A4_rep001_ARX_I.mat,forecast_results,168,169,0.0879886279670136,0.0879886279670136,0.232113714992602,0.219125120897449,0.0243472356552721,0.0301384754015408,0.0335029169102007,0,0.517857142857143,-0.269642857142857,0.366071428571429,0.434132756722209,1,closed_loop_monte_carlo,ok,ok,-299.265190122007
combined_stress,SEIR with observation and process noise,SEIR,ssa,1,1,1,1,A4,Amplifying Resurgence,ARX,I,/home/kaahin/degree_project/hybrid-epidemic-forecasting/results/partB/combined_stress/forecasts/partB_combined_stress_forecast_A4_rep001_ARX_I.mat,forecast_results,175,176,0.0373412841153932,0.0373412841153932,0.0812323381612302,0.0755282087645489,0.00839202319606099,0.0271266194388498,0.00182264148048242,0,0.857142857142857,0.0696428571428571,0.223214285714286,0.38973482928571,1,closed_loop_monte_carlo,ok,ok,-314.874005682197
combined_stress,SEIR with observation and process noise,SEIR,ssa,1,1,1,1,A4,Amplifying Resurgence,ARX,I,/home/kaahin/degree_project/hybrid-epidemic-forecasting/results/partB/combined_stress/forecasts/partB_combined_stress_forecast_A4_rep001_ARX_I.mat,forecast_results,182,183,0.0392843057016719,0.0392843057016719,0.112165909006382,0.085552580793842,0.00950584231042688,0.0237681213998162,0,0.00601034199142878,0.892857142857143,0.105357142857143,0.233928571428571,0.349781740585196,1,closed_loop_monte_carlo,ok,ok,-313.945861941342
combined_stress,SEIR with observation and process noise,SEIR,ssa,1,1,1,1,A4,Amplifying Resurgence,ARX,I,/home/kaahin/degree_project/hybrid-epidemic-forecasting/results/partB/combined_stress/forecasts/partB_combined_stress_forecast_A4_rep001_ARX_I.mat,forecast_results,189,190,0.16559515162046,0.16559515162046,0.343883265786793,0.31523451274526,0.0350260569716956,0.0226037722224078,0,0.107965322426357,0.125,-0.6625,0.683928571428571,0.323042539372757,1,closed_loop_monte_carlo,ok,ok,-330.111670161186
combined_stress,SEIR with observation and process noise,SEIR,ssa,1,1,1,1,A4,Amplifying Resurgence,ARX,I,/home/kaahin/degree_project/hybrid-epidemic-forecasting/results/partB/combined_stress/forecasts/partB_combined_stress_forecast_A4_rep001_ARX_I.mat,forecast_results,196,197,0.172474602200299,0.172474602200299,0.352343206342005,0.32547748806721,0.0361641653408011,0.0263562324477536,0,0.109954204411744,0.25,-0.5375,0.5875,0.376420476580644,1,closed_loop_monte_carlo,ok,ok,-340.071685130577
combined_stress,SEIR with observation and process noise,SEIR,ssa,1,1,1,1,A4,Amplifying Resurgence,ARX,I,/home/kaahin/degree_project/hybrid-epidemic-forecasting/results/partB/combined_stress/forecasts/partB_combined_stress_forecast_A4_rep001_ARX_I.mat,forecast_results,203,204,0.137722027426927,0.137722027426927,0.359015554174734,0.344177632107542,0.0382419591230602,0.0354012386182501,0,0.0640788296856171,0.482142857142857,-0.305357142857143,0.3875,0.516143172565105,1,closed_loop_monte_carlo,ok,ok,-350.125869024813
combined_stress,SEIR with observation and process noise,SEIR,ssa,1,1,1,1,A4,Amplifying Resurgence,ARX,I,/home/kaahin/degree_project/hybrid-epidemic-forecasting/results/partB/combined_stress/forecasts/partB_combined_stress_forecast_A4_rep001_ARX_I.mat,forecast_results,210,211,0.071104863165285,0.071104863165285,0.202787442722062,0.198734120889121,0.0220815689876801,0.0374751852629186,0,0.0115481089146863,0.785714285714286,-0.00178571428571429,0.2125,0.528887971906919,1,closed_loop_monte_carlo,ok,ok,-361.325121101045
combined_stress,SEIR with observation and process noise,SEIR,ssa,1,1,1,1,A4,Amplifying Resurgence,ARX,I,/home/kaahin/degree_project/hybrid-epidemic-forecasting/results/partB/combined_stress/forecasts/partB_combined_stress_forecast_A4_rep001_ARX_I.mat,forecast_results,217,218,0.201533406803091,0.201533406803091,0.480260128030125,0.434316320092956,0.0482573688992173,0.0635042218969794,0.0897718160068943,0,0.428571428571429,-0.358928571428571,0.439285714285714,0.918947536870749,1,closed_loop_monte_carlo,ok,ok,-375.152831064675
combined_stress,SEIR with observation and process noise,SEIR,ssa,1,1,1,1,A4,Amplifying Resurgence,ARX,I,/home/kaahin/degree_project/hybrid-epidemic-forecasting/results/partB/combined_stress/forecasts/partB_combined_stress_forecast_A4_rep001_ARX_I.mat,forecast_results,224,225,0.0583395408719544,0.0583395408719544,0.138207686283131,0.114061111628414,0.0126734568476016,0.0398933210528561,0.00577276297149677,0,0.892857142857143,0.105357142857143,0.223214285714286,0.582762748308371,1,closed_loop_monte_carlo,ok,ok,-389.404889006729
combined_stress,SEIR with observation and process noise,SEIR,ssa,1,1,1,1,A4,Amplifying Resurgence,ARX,I,/home/kaahin/degree_project/hybrid-epidemic-forecasting/results/partB/combined_stress/forecasts/partB_combined_stress_forecast_A4_rep001_ARX_I.mat,forecast_results,231,232,0.0981141544143513,0.0981141544143513,0.257177122770794,0.216656274736882,0.0240729194152092,0.0393352102721843,0.0347060247269579,0,0.625,-0.1625,0.366071428571429,0.577356366143067,1,closed_loop_monte_carlo,ok,ok,-398.8032938621
combined_stress,SEIR with observation and process noise,SEIR,ssa,1,1,1,1,A4,Amplifying Resurgence,ARX,I,/home/kaahin/degree_project/hybrid-epidemic-forecasting/results/partB/combined_stress/forecasts/partB_combined_stress_forecast_A4_rep001_ARX_I.mat,forecast_results,238,239,0.0514976793843617,0.0514976793843617,0.132242515288592,0.117049035230983,0.0130054483589981,0.0304643177652191,0.00802791326014446,0,0.839285714285714,0.0517857142857143,0.223214285714286,0.443415770176803,1,closed_loop_monte_carlo,ok,ok,-412.127203923592
combined_stress,SEIR with observation and process noise,SEIR,ssa,1,1,1,1,A4,Amplifying Resurgence,ARX,I,/home/kaahin/degree_project/hybrid-epidemic-forecasting/results/partB/combined_stress/forecasts/partB_combined_stress_forecast_A4_rep001_ARX_I.mat,forecast_results,245,246,0.0294382640347541,0.0294382640347541,0.0439177249487611,0.0405768818612335,0.00450854242902594,0.024882933152401,4.67884533271681e-05,0,0.982142857142857,0.194642857142857,0.2125,0.372562635258616,1,closed_loop_monte_carlo,ok,ok,-428.768618033412
combined_stress,SEIR with observation and process noise,SEIR,ssa,1,1,1,1,A4,Amplifying Resurgence,ARX,I,/home/kaahin/degree_project/hybrid-epidemic-forecasting/results/partB/combined_stress/forecasts/partB_combined_stress_forecast_A4_rep001_ARX_I.mat,forecast_results,252,253,0.0620931020650122,0.0620931020650122,0.180419585744191,0.155387129335749,0.017265236592861,0.0214521885486323,0,0.023375676923519,0.678571428571429,-0.108928571428571,0.294642857142857,0.317156487960349,1,closed_loop_monte_carlo,ok,ok,-439.321329695802
combined_stress,SEIR with observation and process noise,SEIR,ssa,1,1,1,1,A4,Amplifying Resurgence,ARX,I,/home/kaahin/degree_project/hybrid-epidemic-forecasting/results/partB/combined_stress/forecasts/partB_combined_stress_forecast_A4_rep001_ARX_I.mat,forecast_results,259,260,0.133570605831144,0.133570605831144,0.298484696705736,0.26571912760005,0.0295243475111167,0.0226180822916498,0,0.0814281760283775,0.357142857142857,-0.430357142857143,0.5,0.323041280261583,1,closed_loop_monte_carlo,ok,ok,-453.70490379496
combined_stress,SEIR with observation and process noise,SEIR,ssa,1,1,1,1,A4,Amplifying Resurgence,ARX,I,/home/kaahin/degree_project/hybrid-epidemic-forecasting/results/partB/combined_stress/forecasts/partB_combined_stress_forecast_A4_rep001_ARX_I.mat,forecast_results,266,267,0.114397059944407,0.114397059944407,0.301184423887941,0.273182341073943,0.0303535934526603,0.0314861092670811,0,0.0525573572246654,0.482142857142857,-0.305357142857143,0.398214285714286,0.455210637046067,1,closed_loop_monte_carlo,ok,ok,-457.055866173074
combined_stress,SEIR with observation and process noise,SEIR,ssa,1,1,1,1,A4,Amplifying Resurgence,ARX,I,/home/kaahin/degree_project/hybrid-epidemic-forecasting/results/partB/combined_stress/forecasts/partB_combined_stress_forecast_A4_rep001_ARX_I.mat,forecast_results,273,274,0.0825377673618646,0.0825377673618646,0.235423931278226,0.201672245950623,0.022408027327847,0.0366969205338428,0,0.0234328195001748,0.767857142857143,-0.0196428571428571,0.255357142857143,0.541107740256998,1,closed_loop_monte_carlo,ok,ok,-470.988026998985
combined_stress,SEIR with observation and process noise,SEIR,ssa,1,1,1,1,A4,Amplifying Resurgence,ARX,I,/home/kaahin/degree_project/hybrid-epidemic-forecasting/results/partB/combined_stress/forecasts/partB_combined_stress_forecast_A4_rep001_ARX_I.mat,forecast_results,280,281,0.0656627938258092,0.0656627938258092,0.184781029178698,0.170257386168162,0.018917487352018,0.0427836761816853,0,0.00396163029210586,0.875,0.0875,0.2125,0.616107063767897,1,closed_loop_monte_carlo,ok,ok,-475.740251288606
combined_stress,SEIR with observation and process noise,SEIR,ssa,1,1,1,1,A4,Amplifying Resurgence,ARX,I,/home/kaahin/degree_project/hybrid-epidemic-forecasting/results/partB/combined_stress/forecasts/partB_combined_stress_forecast_A4_rep001_ARX_I.mat,forecast_results,287,288,0.0580228844799554,0.0580228844799554,0.120191410637325,0.110696391953561,0.0122995991059512,0.0457232853740041,0,0,1,0.2125,0.2125,0.674934557194779,1,closed_loop_monte_carlo,ok,ok,-480.82705927735
combined_stress,SEIR with observation and process noise,SEIR,ssa,1,1,1,1,A4,Amplifying Resurgence,ARX,I,/home/kaahin/degree_project/hybrid-epidemic-forecasting/results/partB/combined_stress/forecasts/partB_combined_stress_forecast_A4_rep001_ARX_I.mat,forecast_results,294,295,0.0533994391336982,0.0533994391336982,0.121528565290863,0.0848032759392934,0.00942258621547704,0.0408047623391102,0.00317209057911094,0,0.946428571428571,0.158928571428571,0.2125,0.622642795758073,1,closed_loop_monte_carlo,ok,ok,-495.756870931952
combined_stress,SEIR with observation and process noise,SEIR,ssa,1,1,1,1,A4,Amplifying Resurgence,ARX,I,/home/kaahin/degree_project/hybrid-epidemic-forecasting/results/partB/combined_stress/forecasts/partB_combined_stress_forecast_A4_rep001_ARX_I.mat,forecast_results,301,302,0.0726889751608855,0.0726889751608855,0.189796147393229,0.153507552469359,0.0170563947188177,0.0418676466835397,0.013764933758528,0,0.821428571428571,0.0339285714285714,0.248214285714286,0.61095328185199,1,closed_loop_monte_carlo,ok,ok,-513.302273912558
combined_stress,SEIR with observation and process noise,SEIR,ssa,1,1,1,1,A4,Amplifying Resurgence,ARX,I,/home/kaahin/degree_project/hybrid-epidemic-forecasting/results/partB/combined_stress/forecasts/partB_combined_stress_forecast_A4_rep001_ARX_I.mat,forecast_results,308,309,0.137927783612396,0.137927783612396,0.32382882633172,0.294700705232699,0.0327445228036332,0.0371076676151957,0.0680755931935667,0,0.392857142857143,-0.394642857142857,0.475,0.538021522341799,1,closed_loop_monte_carlo,ok,ok,-524.484330765552
combined_stress,SEIR with observation and process noise,SEIR,ssa,1,1,1,1,A4,Amplifying Resurgence,ARX,I,/home/kaahin/degree_project/hybrid-epidemic-forecasting/results/partB/combined_stress/forecasts/partB_combined_stress_forecast_A4_rep001_ARX_I.mat,forecast_results,315,316,0.116233213594389,0.116233213594389,0.270674476100935,0.248611565501906,0.0276235072779895,0.0316659121747691,0.0569437941416302,0,0.339285714285714,-0.448214285714286,0.523214285714286,0.462414098507641,1,closed_loop_monte_carlo,ok,ok,-540.753345915067
combined_stress,SEIR with observation and process noise,SEIR,ssa,1,1,1,1,A4,Amplifying Resurgence,ARX,I,/home/kaahin/degree_project/hybrid-epidemic-forecasting/results/partB/combined_stress/forecasts/partB_combined_stress_forecast_A4_rep001_ARX_I.mat,forecast_results,322,323,0.100457385940012,0.100457385940012,0.224809236752696,0.210781900613712,0.0234202111793013,0.0273639195520646,0.0496732552086464,0,0.303571428571429,-0.483928571428571,0.541071428571429,0.403692102937443,1,closed_loop_monte_carlo,ok,ok,-555.640726860927
combined_stress,SEIR with observation and process noise,SEIR,ssa,1,1,1,1,A4,Amplifying Resurgence,ARX,I,/home/kaahin/degree_project/hybrid-epidemic-forecasting/results/partB/combined_stress/forecasts/partB_combined_stress_forecast_A4_rep001_ARX_I.mat,forecast_results,329,330,0.0454836405841842,0.0454836405841842,0.12516617724503,0.11848962464492,0.0131655138494355,0.0219520932803498,0.0103660334543989,0,0.714285714285714,-0.0732142857142857,0.244642857142857,0.327234621007904,1,closed_loop_monte_carlo,ok,ok,-566.37298097771
combined_stress,SEIR with observation and process noise,SEIR,ssa,1,1,1,1,A4,Amplifying Resurgence,ARX,I,/home/kaahin/degree_project/hybrid-epidemic-forecasting/results/partB/combined_stress/forecasts/partB_combined_stress_forecast_A4_rep001_ARX_I.mat,forecast_results,336,337,0.0432327785309185,0.0432327785309185,0.122073679988889,0.111337656101263,0.0123708506779181,0.0230793298384761,0.00778259801452428,0,0.767857142857143,-0.0196428571428571,0.223214285714286,0.33153454884086,1,closed_loop_monte_carlo,ok,ok,-575.748996508839
combined_stress,SEIR with observation and process noise,SEIR,ssa,1,1,1,1,A4,Amplifying Resurgence,ARX,I,/home/kaahin/degree_project/hybrid-epidemic-forecasting/results/partB/combined_stress/forecasts/partB_combined_stress_forecast_A4_rep001_ARX_I.mat,forecast_results,343,344,0.0218852335082904,0.0218852335082904,0.0348092693979533,0.0312938682987085,0.00347709647763428,0.0184081370306561,0,0,1,0.2125,0.2125,0.269491508558288,1,closed_loop_monte_carlo,ok,ok,-587.517718158151
combined_stress,SEIR with observation and process noise,SEIR,ssa,1,1,1,1,A4,Amplifying Resurgence,ARX,I,/home/kaahin/degree_project/hybrid-epidemic-forecasting/results/partB/combined_stress/forecasts/partB_combined_stress_forecast_A4_rep001_ARX_I.mat,forecast_results,350,351,0.0321679726062154,0.0321679726062154,0.0870800598726178,0.082990304506221,0.00922114494513566,0.0204675130682166,0.00247931459286309,0,0.785714285714286,-0.00178571428571429,0.2125,0.295528187450163,1,closed_loop_monte_carlo,ok,ok,-600.393343299604
combined_stress,SEIR with observation and process noise,SEIR,ssa,1,1,1,1,A4,Amplifying Resurgence,AR,None,/home/kaahin/degree_project/hybrid-epidemic-forecasting/results/partB/combined_stress/forecasts/partB_combined_stress_forecast_A4_rep001_AR_None.mat,forecast_results,49,50,0.0639101874231576,0.0639101874231576,0.186305068884166,0.156549976843405,0.0173944418714895,0.0280152417762903,0.000759815315163816,0.017740688460214,0.75,-0.0375,0.255357142857143,0.40950641184699,1,closed_loop_monte_carlo,ok,ok,-101.203399957083
combined_stress,SEIR with observation and process noise,SEIR,ssa,1,1,1,1,A4,Amplifying Resurgence,AR,None,/home/kaahin/degree_project/hybrid-epidemic-forecasting/results/partB/combined_stress/forecasts/partB_combined_stress_forecast_A4_rep001_AR_None.mat,forecast_results,56,57,0.085646397703923,0.085646397703923,0.23689746266639,0.224598543407657,0.0249553937119619,0.0308462750214596,0,0.0298447289705015,0.625,-0.1625,0.2875,0.458558503591216,1,closed_loop_monte_carlo,ok,ok,-117.959851602109
combined_stress,SEIR with observation and process noise,SEIR,ssa,1,1,1,1,A4,Amplifying Resurgence,AR,None,/home/kaahin/degree_project/hybrid-epidemic-forecasting/results/partB/combined_stress/forecasts/partB_combined_stress_forecast_A4_rep001_AR_None.mat,forecast_results,63,64,0.0433943955823184,0.0433943955823184,0.0344895687779571,0.0264111749819335,0.00293457499799261,0.0404598205843258,0,0,1,0.2125,0.2125,0.583904846949446,1,closed_loop_monte_carlo,ok,ok,-134.739513144804
combined_stress,SEIR with observation and process noise,SEIR,ssa,1,1,1,1,A4,Amplifying Resurgence,AR,None,/home/kaahin/degree_project/hybrid-epidemic-forecasting/results/partB/combined_stress/forecasts/partB_combined_stress_forecast_A4_rep001_AR_None.mat,forecast_results,70,71,0.0577063617746224,0.0577063617746224,0.148068880649096,0.131918342499094,0.0146575936110105,0.0420841429079053,0.000964625255706575,0,0.910714285714286,0.123214285714286,0.2125,0.607621879197169,1,closed_loop_monte_carlo,ok,ok,-142.128727332715
combined_stress,SEIR with observation and process noise,SEIR,ssa,1,1,1,1,A4,Amplifying Resurgence,AR,None,/home/kaahin/degree_project/hybrid-epidemic-forecasting/results/partB/combined_stress/forecasts/partB_combined_stress_forecast_A4_rep001_AR_None.mat,forecast_results,77,78,0.0491648263218521,0.0491648263218521,0.0949614176301337,0.0844074587460183,0.00937860652733536,0.0397862197945167,0,0,1,0.2125,0.2125,0.57228323671204,1,closed_loop_monte_carlo,ok,ok,-157.141904392665
combined_stress,SEIR with observation and process noise,SEIR,ssa,1,1,1,1,A4,Amplifying Resurgence,AR,None,/home/kaahin/degree_project/hybrid-epidemic-forecasting/results/partB/combined_stress/forecasts/partB_combined_stress_forecast_A4_rep001_AR_None.mat,forecast_results,84,85,0.037914778345362,0.037914778345362,0.0592383812573504,0.0506344969858559,0.00562605522065066,0.0322887231247113,0,0,1,0.2125,0.2125,0.464171127681875,1,closed_loop_monte_carlo,ok,ok,-164.581052813465
combined_stress,SEIR with observation and process noise,SEIR,ssa,1,1,1,1,A4,Amplifying Resurgence,AR,None,/home/kaahin/degree_project/hybrid-epidemic-forecasting/results/partB/combined_stress/forecasts/partB_combined_stress_forecast_A4_rep001_AR_None.mat,forecast_results,91,92,0.0321548022295809,0.0321548022295809,0.0622502073314071,0.0506436106307722,0.00562706784786357,0.0265277343817173,0,0,1,0.2125,0.2125,0.377926121621145,1,closed_loop_monte_carlo,ok,ok,-182.330371425998
combined_stress,SEIR with observation and process noise,SEIR,ssa,1,1,1,1,A4,Amplifying Resurgence,AR,None,/home/kaahin/degree_project/hybrid-epidemic-forecasting/results/partB/combined_stress/forecasts/partB_combined_stress_forecast_A4_rep001_AR_None.mat,forecast_results,98,99,0.026207779296064,0.026207779296064,0.0373803111651973,0.0315212016855429,0.0035023557428381,0.0227054235532259,0,0,1,0.2125,0.2125,0.334499665408957,1,closed_loop_monte_carlo,ok,ok,-198.917155500526
combined_stress,SEIR with observation and process noise,SEIR,ssa,1,1,1,1,A4,Amplifying Resurgence,AR,None,/home/kaahin/degree_project/hybrid-epidemic-forecasting/results/partB/combined_stress/forecasts/partB_combined_stress_forecast_A4_rep001_AR_None.mat,forecast_results,105,106,0.0295405638711011,0.0295405638711011,0.0467489992218756,0.0430167015276579,0.0047796335030731,0.0244578662538113,0.000303064114216717,0,0.946428571428571,0.158928571428571,0.2125,0.352448375525105,1,closed_loop_monte_carlo,ok,ok,-218.077740937061
combined_stress,SEIR with observation and process noise,SEIR,ssa,1,1,1,1,A4,Amplifying Resurgence,AR,None,/home/kaahin/degree_project/hybrid-epidemic-forecasting/results/partB/combined_stress/forecasts/partB_combined_stress_forecast_A4_rep001_AR_None.mat,forecast_results,112,113,0.0501319237406589,0.0501319237406589,0.155392064538345,0.123082856816068,0.0136758729795631,0.0220914224110283,0,0.0143646283500674,0.75,-0.0375,0.280357142857143,0.332662468349007,1,closed_loop_monte_carlo,ok,ok,-229.597665437799
combined_stress,SEIR with observation and process noise,SEIR,ssa,1,1,1,1,A4,Amplifying Resurgence,AR,None,/home/kaahin/degree_project/hybrid-epidemic-forecasting/results/partB/combined_stress/forecasts/partB_combined_stress_forecast_A4_rep001_AR_None.mat,forecast_results,119,120,0.0428004886900439,0.0428004886900439,0.0913623175907537,0.0787560738295097,0.00875067486994552,0.0315829628089033,0.00246685101119511,0,0.892857142857143,0.105357142857143,0.223214285714286,0.468918799093955,1,closed_loop_monte_carlo,ok,ok,-235.431511337918
combined_stress,SEIR with observation and process noise,SEIR,ssa,1,1,1,1,A4,Amplifying Resurgence,AR,None,/home/kaahin/degree_project/hybrid-epidemic-forecasting/results/partB/combined_stress/forecasts/partB_combined_stress_forecast_A4_rep001_AR_None.mat,forecast_results,126,127,0.05690979356692,0.05690979356692,0.169033294819902,0.134629219121632,0.0149588021246258,0.0368497085374461,0,0.00510128290484813,0.875,0.0875,0.2125,0.537326315712235,1,closed_loop_monte_carlo,ok,ok,-241.967069050415
combined_stress,SEIR with observation and process noise,SEIR,ssa,1,1,1,1,A4,Amplifying Resurgence,AR,None,/home/kaahin/degree_project/hybrid-epidemic-forecasting/results/partB/combined_stress/forecasts/partB_combined_stress_forecast_A4_rep001_AR_None.mat,forecast_results,133,134,0.0551991434461168,0.0551991434461168,0.130407522573983,0.114454455661967,0.0127171617402186,0.042247499238838,0,0.000234482467060184,0.964285714285714,0.176785714285714,0.2125,0.622167243558437,1,closed_loop_monte_carlo,ok,ok,-259.600754809957
combined_stress,SEIR with observation and process noise,SEIR,ssa,1,1,1,1,A4,Amplifying Resurgence,AR,None,/home/kaahin/degree_project/hybrid-epidemic-forecasting/results/partB/combined_stress/forecasts/partB_combined_stress_forecast_A4_rep001_AR_None.mat,forecast_results,140,141,0.0456766501054643,0.0456766501054643,0.031047844076235,0.0255139940232077,0.00283488822480085,0.0428417618806635,0,0,1,0.2125,0.2125,0.62047585503202,1,closed_loop_monte_carlo,ok,ok,-275.45067913162
combined_stress,SEIR with observation and process noise,SEIR,ssa,1,1,1,1,A4,Amplifying Resurgence,AR,None,/home/kaahin/degree_project/hybrid-epidemic-forecasting/results/partB/combined_stress/forecasts/partB_combined_stress_forecast_A4_rep001_AR_None.mat,forecast_results,147,148,0.0467972880196285,0.0467972880196285,0.0687125011764619,0.0553450912268994,0.0061494545807666,0.0406478334388619,0,0,1,0.2125,0.2125,0.584759704760522,1,closed_loop_monte_carlo,ok,ok,-294.378297942239
combined_stress,SEIR with observation and process noise,SEIR,ssa,1,1,1,1,A4,Amplifying Resurgence,AR,None,/home/kaahin/degree_project/hybrid-epidemic-forecasting/results/partB/combined_stress/forecasts/partB_combined_stress_forecast_A4_rep001_AR_None.mat,forecast_results,154,155,0.0559737413160302,0.0559737413160302,0.137863219427107,0.117670088695477,0.0130744542994975,0.0402394890013378,0.0026597980151949,0,0.892857142857143,0.105357142857143,0.2125,0.579603740304734,1,closed_loop_monte_carlo,ok,ok,-307.234302272206
combined_stress,SEIR with observation and process noise,SEIR,ssa,1,1,1,1,A4,Amplifying Resurgence,AR,None,/home/kaahin/degree_project/hybrid-epidemic-forecasting/results/partB/combined_stress/forecasts/partB_combined_stress_forecast_A4_rep001_AR_None.mat,forecast_results,161,162,0.0642597135353298,0.0642597135353298,0.177000980076409,0.169086361501969,0.0187873735002188,0.0348079161532605,0.0106644238818505,0,0.785714285714286,-0.00178571428571429,0.2125,0.508046566908369,1,closed_loop_monte_carlo,ok,ok,-314.606186118912
combined_stress,SEIR with observation and process noise,SEIR,ssa,1,1,1,1,A4,Amplifying Resurgence,AR,None,/home/kaahin/degree_project/hybrid-epidemic-forecasting/results/partB/combined_stress/forecasts/partB_combined_stress_forecast_A4_rep001_AR_None.mat,forecast_results,168,169,0.047005069738461,0.047005069738461,0.122456610017672,0.118933442537938,0.0132148269486598,0.0302002247195174,0.00359001807028386,0,0.803571428571429,0.0160714285714286,0.2125,0.433034092039586,1,closed_loop_monte_carlo,ok,ok,-329.255217441813
combined_stress,SEIR with observation and process noise,SEIR,ssa,1,1,1,1,A4,Amplifying Resurgence,AR,None,/home/kaahin/degree_project/hybrid-epidemic-forecasting/results/partB/combined_stress/forecasts/partB_combined_stress_forecast_A4_rep001_AR_None.mat,forecast_results,175,176,0.0322603330062499,0.0322603330062499,0.0612646697095607,0.0535636712828477,0.00595151903142753,0.0252896880806876,0.00101912589413483,0,0.946428571428571,0.158928571428571,0.2125,0.361314208775851,1,closed_loop_monte_carlo,ok,ok,-343.958149060934
combined_stress,SEIR with observation and process noise,SEIR,ssa,1,1,1,1,A4,Amplifying Resurgence,AR,None,/home/kaahin/degree_project/hybrid-epidemic-forecasting/results/partB/combined_stress/forecasts/partB_combined_stress_forecast_A4_rep001_AR_None.mat,forecast_results,182,183,0.0314795776343384,0.0314795776343384,0.0812467168155316,0.0637640849063558,0.00708489832292842,0.0234747581179807,0,0.000919921193429214,0.946428571428571,0.158928571428571,0.2125,0.337913207048876,1,closed_loop_monte_carlo,ok,ok,-345.439548151057
combined_stress,SEIR with observation and process noise,SEIR,ssa,1,1,1,1,A4,Amplifying Resurgence,AR,None,/home/kaahin/degree_project/hybrid-epidemic-forecasting/results/partB/combined_stress/forecasts/partB_combined_stress_forecast_A4_rep001_AR_None.mat,forecast_results,189,190,0.127951302828217,0.127951302828217,0.304500310109694,0.280459530693688,0.0311621700770764,0.0244960744646408,0,0.0722930582864998,0.267857142857143,-0.519642857142857,0.558928571428571,0.35772037849134,1,closed_loop_monte_carlo,ok,ok,-362.936735366072
combined_stress,SEIR with observation and process noise,SEIR,ssa,1,1,1,1,A4,Amplifying Resurgence,AR,None,/home/kaahin/degree_project/hybrid-epidemic-forecasting/results/partB/combined_stress/forecasts/partB_combined_stress_forecast_A4_rep001_AR_None.mat,forecast_results,196,197,0.0776083217334197,0.0776083217334197,0.231434028822112,0.201610820573027,0.0224012022858919,0.0301901455774976,0,0.0250169738700301,0.714285714285714,-0.0732142857142857,0.255357142857143,0.448805596061134,1,closed_loop_monte_carlo,ok,ok,-373.220267775285
combined_stress,SEIR with observation and process noise,SEIR,ssa,1,1,1,1,A4,Amplifying Resurgence,AR,None,/home/kaahin/degree_project/hybrid-epidemic-forecasting/results/partB/combined_stress/forecasts/partB_combined_stress_forecast_A4_rep001_AR_None.mat,forecast_results,203,204,0.0897294976548688,0.0897294976548688,0.25779048357188,0.23888307161135,0.0265425635123722,0.0356290955223959,0,0.0275578386201007,0.732142857142857,-0.0553571428571429,0.255357142857143,0.531660902817325,1,closed_loop_monte_carlo,ok,ok,-385.988599479941
combined_stress,SEIR with observation and process noise,SEIR,ssa,1,1,1,1,A4,Amplifying Resurgence,AR,None,/home/kaahin/degree_project/hybrid-epidemic-forecasting/results/partB/combined_stress/forecasts/partB_combined_stress_forecast_A4_rep001_AR_None.mat,forecast_results,210,211,0.0704420758431306,0.0704420758431306,0.192480539341288,0.181061985492244,0.0201179983880271,0.0382364599747692,0,0.0120876174803343,0.803571428571429,0.0160714285714286,0.2125,0.559903975719212,1,closed_loop_monte_carlo,ok,ok,-400.066903572688
combined_stress,SEIR with observation and process noise,SEIR,ssa,1,1,1,1,A4,Amplifying Resurgence,AR,None,/home/kaahin/degree_project/hybrid-epidemic-forecasting/results/partB/combined_stress/forecasts/partB_combined_stress_forecast_A4_rep001_AR_None.mat,forecast_results,217,218,0.0990676219294817,0.0990676219294817,0.25192745405563,0.245299878237072,0.0272555420263413,0.0517961538515938,0.0200159260515466,0,0.696428571428571,-0.0910714285714286,0.255357142857143,0.738555264215994,1,closed_loop_monte_carlo,ok,ok,-412.587656221214
combined_stress,SEIR with observation and process noise,SEIR,ssa,1,1,1,1,A4,Amplifying Resurgence,AR,None,/home/kaahin/degree_project/hybrid-epidemic-forecasting/results/partB/combined_stress/forecasts/partB_combined_stress_forecast_A4_rep001_AR_None.mat,forecast_results,224,225,0.0574729003114367,0.0574729003114367,0.136190329026724,0.132890203728953,0.0147655781921058,0.0373583613447095,0,0.00534896077462135,0.839285714285714,0.0517857142857143,0.223214285714286,0.549574200389444,1,closed_loop_monte_carlo,ok,ok,-426.916533533128
combined_stress,SEIR with observation and process noise,SEIR,ssa,1,1,1,1,A4,Amplifying Resurgence,AR,None,/home/kaahin/degree_project/hybrid-epidemic-forecasting/results/partB/combined_stress/forecasts/partB_combined_stress_forecast_A4_rep001_AR_None.mat,forecast_results,231,232,0.0479444149519881,0.0479444149519881,0.117197359948838,0.0995015012436549,0.0110557223604061,0.0352429091317651,0.00164578345981697,0,0.892857142857143,0.105357142857143,0.2125,0.52369628665079,1,closed_loop_monte_carlo,ok,ok,-434.013313742929
combined_stress,SEIR with observation and process noise,SEIR,ssa,1,1,1,1,A4,Amplifying Resurgence,AR,None,/home/kaahin/degree_project/hybrid-epidemic-forecasting/results/partB/combined_stress/forecasts/partB_combined_stress_forecast_A4_rep001_AR_None.mat,forecast_results,238,239,0.0367912944987176,0.0367912944987176,0.0713698551117996,0.0573975845958802,0.00637750939954225,0.0300479850162956,0.000365800082879747,0,0.964285714285714,0.176785714285714,0.2125,0.443147697695882,1,closed_loop_monte_carlo,ok,ok,-448.661337706029
combined_stress,SEIR with observation and process noise,SEIR,ssa,1,1,1,1,A4,Amplifying Resurgence,AR,None,/home/kaahin/degree_project/hybrid-epidemic-forecasting/results/partB/combined_stress/forecasts/partB_combined_stress_forecast_A4_rep001_AR_None.mat,forecast_results,245,246,0.0346898550492492,0.0346898550492492,0.0644479033176519,0.0609322581270646,0.00677025090300717,0.0274534650849448,0.00046613906129725,0,0.946428571428571,0.158928571428571,0.2125,0.395413794029086,1,closed_loop_monte_carlo,ok,ok,-465.290132602779
combined_stress,SEIR with observation and process noise,SEIR,ssa,1,1,1,1,A4,Amplifying Resurgence,AR,None,/home/kaahin/degree_project/hybrid-epidemic-forecasting/results/partB/combined_stress/forecasts/partB_combined_stress_forecast_A4_rep001_AR_None.mat,forecast_results,252,253,0.0403928077519269,0.0403928077519269,0.119560296301555,0.0996986847536366,0.011077631639293,0.024352954416189,0,0.00496222169644498,0.857142857142857,0.0696428571428571,0.223214285714286,0.356254406796999,1,closed_loop_monte_carlo,ok,ok,-476.004837726368
combined_stress,SEIR with observation and process noise,SEIR,ssa,1,1,1,1,A4,Amplifying Resurgence,AR,None,/home/kaahin/degree_project/hybrid-epidemic-forecasting/results/partB/combined_stress/forecasts/partB_combined_stress_forecast_A4_rep001_AR_None.mat,forecast_results,259,260,0.0671522744290969,0.0671522744290969,0.195371714819853,0.171111910723688,0.0190124345248542,0.0244150356599487,0,0.023724804244294,0.696428571428571,-0.0910714285714286,0.291071428571429,0.360215771783763,1,closed_loop_monte_carlo,ok,ok,-490.958314431597
combined_stress,SEIR with observation and process noise,SEIR,ssa,1,1,1,1,A4,Amplifying Resurgence,AR,None,/home/kaahin/degree_project/hybrid-epidemic-forecasting/results/partB/combined_stress/forecasts/partB_combined_stress_forecast_A4_rep001_AR_None.mat,forecast_results,266,267,0.0859956015072223,0.0859956015072223,0.253978201140994,0.217729098464909,0.0241921220516565,0.0294488221616147,0,0.032354657293951,0.642857142857143,-0.144642857142857,0.305357142857143,0.427211060736272,1,closed_loop_monte_carlo,ok,ok,-496.489091676529
combined_stress,SEIR with observation and process noise,SEIR,ssa,1,1,1,1,A4,Amplifying Resurgence,AR,None,/home/kaahin/degree_project/hybrid-epidemic-forecasting/results/partB/combined_stress/forecasts/partB_combined_stress_forecast_A4_rep001_AR_None.mat,forecast_results,273,274,0.0571077546641185,0.0571077546641185,0.145917412621874,0.112105044104014,0.0124561160115571,0.0444639286836038,0.000187709968957533,0,0.982142857142857,0.194642857142857,0.2125,0.645827750971279,1,closed_loop_monte_carlo,ok,ok,-510.162583235112
combined_stress,SEIR with observation and process noise,SEIR,ssa,1,1,1,1,A4,Amplifying Resurgence,AR,None,/home/kaahin/degree_project/hybrid-epidemic-forecasting/results/partB/combined_stress/forecasts/partB_combined_stress_forecast_A4_rep001_AR_None.mat,forecast_results,280,281,0.0536260206749598,0.0536260206749598,0.11247443874692,0.101639107157103,0.011293234128567,0.0423327865463928,0,0,1,0.2125,0.2125,0.627358896193609,1,closed_loop_monte_carlo,ok,ok,-513.194679459889
combined_stress,SEIR with observation and process noise,SEIR,ssa,1,1,1,1,A4,Amplifying Resurgence,AR,None,/home/kaahin/degree_project/hybrid-epidemic-forecasting/results/partB/combined_stress/forecasts/partB_combined_stress_forecast_A4_rep001_AR_None.mat,forecast_results,287,288,0.0622951301271518,0.0622951301271518,0.152937769574659,0.149029951274868,0.0165588834749853,0.0448034921802487,0,0.000932754471917727,0.964285714285714,0.176785714285714,0.2125,0.659734971007376,1,closed_loop_monte_carlo,ok,ok,-516.091775210351
combined_stress,SEIR with observation and process noise,SEIR,ssa,1,1,1,1,A4,Amplifying Resurgence,AR,None,/home/kaahin/degree_project/hybrid-epidemic-forecasting/results/partB/combined_stress/forecasts/partB_combined_stress_forecast_A4_rep001_AR_None.mat,forecast_results,294,295,0.0524632181989741,0.0524632181989741,0.0639583238734051,0.0524071055558944,0.00582301172843271,0.0466402064705414,0,0,1,0.2125,0.2125,0.661123124364932,1,closed_loop_monte_carlo,ok,ok,-532.082714132821
combined_stress,SEIR with observation and process noise,SEIR,ssa,1,1,1,1,A4,Amplifying Resurgence,AR,None,/home/kaahin/degree_project/hybrid-epidemic-forecasting/results/partB/combined_stress/forecasts/partB_combined_stress_forecast_A4_rep001_AR_None.mat,forecast_results,301,302,0.045738094324393,0.045738094324393,0.0802943786297224,0.0685848699642946,0.00762054110714384,0.0381175532172491,0,0,1,0.2125,0.2125,0.552191684512494,1,closed_loop_monte_carlo,ok,ok,-549.678247527542
combined_stress,SEIR with observation and process noise,SEIR,ssa,1,1,1,1,A4,Amplifying Resurgence,AR,None,/home/kaahin/degree_project/hybrid-epidemic-forecasting/results/partB/combined_stress/forecasts/partB_combined_stress_forecast_A4_rep001_AR_None.mat,forecast_results,308,309,0.0638873187298844,0.0638873187298844,0.170982545282725,0.160364997212577,0.0178183330236196,0.0377403534554168,0.00832863225084792,0,0.839285714285714,0.0517857142857143,0.2125,0.547016511411244,1,closed_loop_monte_carlo,ok,ok,-560.449903467303
combined_stress,SEIR with observation and process noise,SEIR,ssa,1,1,1,1,A4,Amplifying Resurgence,AR,None,/home/kaahin/degree_project/hybrid-epidemic-forecasting/results/partB/combined_stress/forecasts/partB_combined_stress_forecast_A4_rep001_AR_None.mat,forecast_results,315,316,0.0603672607320857,0.0603672607320857,0.170833257018272,0.153186843084578,0.0170207603427309,0.0291953692021646,0.0141511311871902,0,0.714285714285714,-0.0732142857142857,0.266071428571429,0.421265508673741,1,closed_loop_monte_carlo,ok,ok,-578.186553960017
combined_stress,SEIR with observation and process noise,SEIR,ssa,1,1,1,1,A4,Amplifying Resurgence,AR,None,/home/kaahin/degree_project/hybrid-epidemic-forecasting/results/partB/combined_stress/forecasts/partB_combined_stress_forecast_A4_rep001_AR_None.mat,forecast_results,322,323,0.0598155045490982,0.0598155045490982,0.167169651838777,0.158362480317741,0.0175958311464156,0.0284516124983816,0.013768060904301,0,0.660714285714286,-0.126785714285714,0.266071428571429,0.399164343683465,1,closed_loop_monte_carlo,ok,ok,-595.027626359386
combined_stress,SEIR with observation and process noise,SEIR,ssa,1,1,1,1,A4,Amplifying Resurgence,AR,None,/home/kaahin/degree_project/hybrid-epidemic-forecasting/results/partB/combined_stress/forecasts/partB_combined_stress_forecast_A4_rep001_AR_None.mat,forecast_results,329,330,0.0372471935567918,0.0372471935567918,0.0981165207025452,0.0905626466683883,0.0100625162964876,0.0231099613349888,0.00407471592531545,0,0.785714285714286,-0.00178571428571429,0.2125,0.333390266501057,1,closed_loop_monte_carlo,ok,ok,-607.706889636554
combined_stress,SEIR with observation and process noise,SEIR,ssa,1,1,1,1,A4,Amplifying Resurgence,AR,None,/home/kaahin/degree_project/hybrid-epidemic-forecasting/results/partB/combined_stress/forecasts/partB_combined_stress_forecast_A4_rep001_AR_None.mat,forecast_results,336,337,0.0306427796981775,0.0306427796981775,0.0811494530137441,0.0710450950857434,0.00789389945397149,0.0204379871564484,0.00231089308775756,0,0.857142857142857,0.0696428571428571,0.2125,0.296954971575171,1,closed_loop_monte_carlo,ok,ok,-616.419297196791
combined_stress,SEIR with observation and process noise,SEIR,ssa,1,1,1,1,A4,Amplifying Resurgence,AR,None,/home/kaahin/degree_project/hybrid-epidemic-forecasting/results/partB/combined_stress/forecasts/partB_combined_stress_forecast_A4_rep001_AR_None.mat,forecast_results,343,344,0.0262346129334317,0.0262346129334317,0.0633894120741366,0.0558105050252455,0.00620116722502728,0.01883141762884,0.00120202807956442,0,0.910714285714286,0.123214285714286,0.2125,0.285104986586765,1,closed_loop_monte_carlo,ok,ok,-627.425751682123
combined_stress,SEIR with observation and process noise,SEIR,ssa,1,1,1,1,A4,Amplifying Resurgence,AR,None,/home/kaahin/degree_project/hybrid-epidemic-forecasting/results/partB/combined_stress/forecasts/partB_combined_stress_forecast_A4_rep001_AR_None.mat,forecast_results,350,351,0.0308010675099759,0.0308010675099759,0.0799600575247713,0.0718690640176654,0.00798545155751838,0.0215574737662653,0.00125814218619226,0,0.875,0.0875,0.2125,0.316237658658922,1,closed_loop_monte_carlo,ok,ok,-640.389908465509
combined_stress,SEIR with observation and process noise,SEIR,ssa,1,1,1,2,A4,Amplifying Resurgence,ARX,I,/home/kaahin/degree_project/hybrid-epidemic-forecasting/results/partB/combined_stress/forecasts/partB_combined_stress_forecast_A4_rep002_ARX_I.mat,forecast_results,49,50,0.156225252104612,0.156225252104612,0.290039679301375,0.259203153871248,0.0288003504301386,0.018160636707203,0,0.10926426496727,0.25,-0.5375,0.601785714285714,0.264102720910015,1,closed_loop_monte_carlo,ok,ok,-89.8444310637963
combined_stress,SEIR with observation and process noise,SEIR,ssa,1,1,1,2,A4,Amplifying Resurgence,ARX,I,/home/kaahin/degree_project/hybrid-epidemic-forecasting/results/partB/combined_stress/forecasts/partB_combined_stress_forecast_A4_rep002_ARX_I.mat,forecast_results,56,57,0.179938911805793,0.179938911805793,0.342877342574195,0.324658520385022,0.0360731689316691,0.0243183357338652,0,0.119547407140258,0.0892857142857143,-0.698214285714286,0.714285714285714,0.355422463571952,1,closed_loop_monte_carlo,ok,ok,-97.3406208995703
combined_stress,SEIR with observation and process noise,SEIR,ssa,1,1,1,2,A4,Amplifying Resurgence,ARX,I,/home/kaahin/degree_project/hybrid-epidemic-forecasting/results/partB/combined_stress/forecasts/partB_combined_stress_forecast_A4_rep002_ARX_I.mat,forecast_results,63,64,0.0592236641399694,0.0592236641399694,0.148883196095223,0.122652440222212,0.0136280489135791,0.0421221945349848,0.00347342069140554,0,0.910714285714286,0.123214285714286,0.2125,0.598251978768584,1,closed_loop_monte_carlo,ok,ok,-106.066566693797
combined_stress,SEIR with observation and process noise,SEIR,ssa,1,1,1,2,A4,Amplifying Resurgence,ARX,I,/home/kaahin/degree_project/hybrid-epidemic-forecasting/results/partB/combined_stress/forecasts/partB_combined_stress_forecast_A4_rep002_ARX_I.mat,forecast_results,70,71,0.053560491885488,0.053560491885488,0.120516167913544,0.10412968158528,0.0115699646205867,0.0384118441000013,0,0.00357868316490007,0.928571428571429,0.141071428571429,0.223214285714286,0.557502333311258,1,closed_loop_monte_carlo,ok,ok,-113.149317398619
combined_stress,SEIR with observation and process noise,SEIR,ssa,1,1,1,2,A4,Amplifying Resurgence,ARX,I,/home/kaahin/degree_project/hybrid-epidemic-forecasting/results/partB/combined_stress/forecasts/partB_combined_stress_forecast_A4_rep002_ARX_I.mat,forecast_results,77,78,0.106915921578003,0.106915921578003,0.272754931630381,0.217717196115277,0.0241907995683641,0.0459462908936257,0.0367788311160137,0,0.607142857142857,-0.180357142857143,0.385714285714286,0.67038296216544,1,closed_loop_monte_carlo,ok,ok,-124.329867432434
combined_stress,SEIR with observation and process noise,SEIR,ssa,1,1,1,2,A4,Amplifying Resurgence,ARX,I,/home/kaahin/degree_project/hybrid-epidemic-forecasting/results/partB/combined_stress/forecasts/partB_combined_stress_forecast_A4_rep002_ARX_I.mat,forecast_results,84,85,0.295206478009162,0.295206478009162,0.518489033444632,0.485085926234547,0.053898436248283,0.0456373514336625,0.195670690327217,0,0.0714285714285714,-0.716071428571429,0.725,0.6903750599545,1,closed_loop_monte_carlo,ok,ok,-133.330385490464
combined_stress,SEIR with observation and process noise,SEIR,ssa,1,1,1,2,A4,Amplifying Resurgence,ARX,I,/home/kaahin/degree_project/hybrid-epidemic-forecasting/results/partB/combined_stress/forecasts/partB_combined_stress_forecast_A4_rep002_ARX_I.mat,forecast_results,91,92,0.063067594433599,0.063067594433599,0.171567054692868,0.155024210007612,0.017224912223068,0.0316493659846423,0.0141933162258887,0,0.75,-0.0375,0.244642857142857,0.479107823594908,1,closed_loop_monte_carlo,ok,ok,-143.780608622391
combined_stress,SEIR with observation and process noise,SEIR,ssa,1,1,1,2,A4,Amplifying Resurgence,ARX,I,/home/kaahin/degree_project/hybrid-epidemic-forecasting/results/partB/combined_stress/forecasts/partB_combined_stress_forecast_A4_rep002_ARX_I.mat,forecast_results,98,99,0.0408914982087088,0.0408914982087088,0.0982387485033604,0.0948466511183795,0.0105385167909311,0.0264867857477526,0.00386619567002515,0,0.821428571428571,0.0339285714285714,0.2125,0.397345350132988,1,closed_loop_monte_carlo,ok,ok,-154.937389186265
combined_stress,SEIR with observation and process noise,SEIR,ssa,1,1,1,2,A4,Amplifying Resurgence,ARX,I,/home/kaahin/degree_project/hybrid-epidemic-forecasting/results/partB/combined_stress/forecasts/partB_combined_stress_forecast_A4_rep002_ARX_I.mat,forecast_results,105,106,0.0327117180046934,0.0327117180046934,0.0817244677641834,0.0704826808972609,0.00783140898858455,0.0231627812003129,0,0.0017175278157959,0.928571428571429,0.141071428571429,0.2125,0.347889490005939,1,closed_loop_monte_carlo,ok,ok,-168.078674053437
combined_stress,SEIR with observation and process noise,SEIR,ssa,1,1,1,2,A4,Amplifying Resurgence,ARX,I,/home/kaahin/degree_project/hybrid-epidemic-forecasting/results/partB/combined_stress/forecasts/partB_combined_stress_forecast_A4_rep002_ARX_I.mat,forecast_results,112,113,0.0563084678599956,0.0563084678599956,0.161478233026879,0.140175226525707,0.015575025169523,0.0241298976714649,0,0.0166035450190078,0.767857142857143,-0.0196428571428571,0.244642857142857,0.365933179911623,1,closed_loop_monte_carlo,ok,ok,-183.749984853367
combined_stress,SEIR with observation and process noise,SEIR,ssa,1,1,1,2,A4,Amplifying Resurgence,ARX,I,/home/kaahin/degree_project/hybrid-epidemic-forecasting/results/partB/combined_stress/forecasts/partB_combined_stress_forecast_A4_rep002_ARX_I.mat,forecast_results,119,120,0.080142551520153,0.080142551520153,0.22966703308218,0.19832663716854,0.0220362930187267,0.027439959021228,0,0.0306662994801982,0.714285714285714,-0.0732142857142857,0.283928571428571,0.404670865951921,1,closed_loop_monte_carlo,ok,ok,-197.917871736548
combined_stress,SEIR with observation and process noise,SEIR,ssa,1,1,1,2,A4,Amplifying Resurgence,ARX,I,/home/kaahin/degree_project/hybrid-epidemic-forecasting/results/partB/combined_stress/forecasts/partB_combined_stress_forecast_A4_rep002_ARX_I.mat,forecast_results,126,127,0.0892683182517316,0.0892683182517316,0.268304398073912,0.233809033433808,0.0259787814926453,0.0328984216784837,0,0.0303911150806026,0.696428571428571,-0.0910714285714286,0.276785714285714,0.491600510743117,1,closed_loop_monte_carlo,ok,ok,-207.946969832982
combined_stress,SEIR with observation and process noise,SEIR,ssa,1,1,1,2,A4,Amplifying Resurgence,ARX,I,/home/kaahin/degree_project/hybrid-epidemic-forecasting/results/partB/combined_stress/forecasts/partB_combined_stress_forecast_A4_rep002_ARX_I.mat,forecast_results,133,134,0.0835963686311502,0.0835963686311502,0.242601300107239,0.224819571478646,0.0249799523865162,0.0334290303271634,0,0.0251873859174706,0.678571428571429,-0.108928571428571,0.276785714285714,0.486289489133153,1,closed_loop_monte_carlo,ok,ok,-223.998799628678
combined_stress,SEIR with observation and process noise,SEIR,ssa,1,1,1,2,A4,Amplifying Resurgence,ARX,I,/home/kaahin/degree_project/hybrid-epidemic-forecasting/results/partB/combined_stress/forecasts/partB_combined_stress_forecast_A4_rep002_ARX_I.mat,forecast_results,140,141,0.0475948603916352,0.0475948603916352,0.0624502854504867,0.0522112341717912,0.00580124824131013,0.041793612150325,0,0,1,0.2125,0.2125,0.612380253133989,1,closed_loop_monte_carlo,ok,ok,-239.328134250603
combined_stress,SEIR with observation and process noise,SEIR,ssa,1,1,1,2,A4,Amplifying Resurgence,ARX,I,/home/kaahin/degree_project/hybrid-epidemic-forecasting/results/partB/combined_stress/forecasts/partB_combined_stress_forecast_A4_rep002_ARX_I.mat,forecast_results,147,148,0.0659483047556696,0.0659483047556696,0.180573529736767,0.133064588051023,0.0147849542278915,0.0471326592775644,0.00403069125021369,0,0.946428571428571,0.158928571428571,0.2125,0.681661336527034,1,closed_loop_monte_carlo,ok,ok,-254.438176897186
combined_stress,SEIR with observation and process noise,SEIR,ssa,1,1,1,2,A4,Amplifying Resurgence,ARX,I,/home/kaahin/degree_project/hybrid-epidemic-forecasting/results/partB/combined_stress/forecasts/partB_combined_stress_forecast_A4_rep002_ARX_I.mat,forecast_results,154,155,0.0997894023546123,0.0997894023546123,0.252216581542582,0.203549407381725,0.0226166008201916,0.0405694065106063,0.0366033950238144,0,0.589285714285714,-0.198214285714286,0.396428571428571,0.611483194941279,1,closed_loop_monte_carlo,ok,ok,-268.642380283407
combined_stress,SEIR with observation and process noise,SEIR,ssa,1,1,1,2,A4,Amplifying Resurgence,ARX,I,/home/kaahin/degree_project/hybrid-epidemic-forecasting/results/partB/combined_stress/forecasts/partB_combined_stress_forecast_A4_rep002_ARX_I.mat,forecast_results,161,162,0.358490230492352,0.358490230492352,0.619193976887041,0.579535276618908,0.064392808513212,0.0495101822093222,0.244587239769818,0,0.0178571428571429,-0.769642857142857,0.771428571428572,0.706425436429098,1,closed_loop_monte_carlo,ok,ok,-275.913010191923
combined_stress,SEIR with observation and process noise,SEIR,ssa,1,1,1,2,A4,Amplifying Resurgence,ARX,I,/home/kaahin/degree_project/hybrid-epidemic-forecasting/results/partB/combined_stress/forecasts/partB_combined_stress_forecast_A4_rep002_ARX_I.mat,forecast_results,168,169,0.0912905959862057,0.0912905959862057,0.229617758340934,0.219203740160664,0.0243559711289626,0.0314142412935997,0.0355203835636434,0,0.482142857142857,-0.305357142857143,0.401785714285714,0.468224377101365,1,closed_loop_monte_carlo,ok,ok,-282.973782144718
combined_stress,SEIR with observation and process noise,SEIR,ssa,1,1,1,2,A4,Amplifying Resurgence,ARX,I,/home/kaahin/degree_project/hybrid-epidemic-forecasting/results/partB/combined_stress/forecasts/partB_combined_stress_forecast_A4_rep002_ARX_I.mat,forecast_results,175,176,0.0305113826582552,0.0305113826582552,0.0400141723204714,0.037017711110361,0.00411307901226233,0.0263983036459928,0,0,1,0.2125,0.2125,0.392932525383426,1,closed_loop_monte_carlo,ok,ok,-293.307635043912
combined_stress,SEIR with observation and process noise,SEIR,ssa,1,1,1,2,A4,Amplifying Resurgence,ARX,I,/home/kaahin/degree_project/hybrid-epidemic-forecasting/results/partB/combined_stress/forecasts/partB_combined_stress_forecast_A4_rep002_ARX_I.mat,forecast_results,182,183,0.0588438789977613,0.0588438789977613,0.168860417377839,0.147156844230711,0.0163507604700791,0.021858946971245,0,0.0206341715564372,0.660714285714286,-0.126785714285714,0.294642857142857,0.320120029327584,1,closed_loop_monte_carlo,ok,ok,-308.645942009897
combined_stress,SEIR with observation and process noise,SEIR,ssa,1,1,1,2,A4,Amplifying Resurgence,ARX,I,/home/kaahin/degree_project/hybrid-epidemic-forecasting/results/partB/combined_stress/forecasts/partB_combined_stress_forecast_A4_rep002_ARX_I.mat,forecast_results,189,190,0.1106510272045,0.1106510272045,0.282749363215238,0.252863578123245,0.028095953124805,0.0261391673135781,0,0.0564159067661164,0.464285714285714,-0.323214285714286,0.426785714285714,0.386044884545869,1,closed_loop_monte_carlo,ok,ok,-327.327783522116
combined_stress,SEIR with observation and process noise,SEIR,ssa,1,1,1,2,A4,Amplifying Resurgence,ARX,I,/home/kaahin/degree_project/hybrid-epidemic-forecasting/results/partB/combined_stress/forecasts/partB_combined_stress_forecast_A4_rep002_ARX_I.mat,forecast_results,196,197,0.173103599530797,0.173103599530797,0.353183586980711,0.327165088764921,0.0363516765294357,0.026788927156693,0,0.109962995844668,0.178571428571429,-0.608928571428571,0.635714285714286,0.393401487908845,1,closed_loop_monte_carlo,ok,ok,-341.411448555077
combined_stress,SEIR with observation and process noise,SEIR,ssa,1,1,1,2,A4,Amplifying Resurgence,ARX,I,/home/kaahin/degree_project/hybrid-epidemic-forecasting/results/partB/combined_stress/forecasts/partB_combined_stress_forecast_A4_rep002_ARX_I.mat,forecast_results,203,204,0.0991325004168188,0.0991325004168188,0.284616846075649,0.256946071429716,0.0285495634921907,0.0347729835850781,0,0.0358099533395499,0.678571428571429,-0.108928571428571,0.280357142857143,0.525709067940672,1,closed_loop_monte_carlo,ok,ok,-352.100668801357
combined_stress,SEIR with observation and process noise,SEIR,ssa,1,1,1,2,A4,Amplifying Resurgence,ARX,I,/home/kaahin/degree_project/hybrid-epidemic-forecasting/results/partB/combined_stress/forecasts/partB_combined_stress_forecast_A4_rep002_ARX_I.mat,forecast_results,210,211,0.0871291703710205,0.0871291703710205,0.243791762275039,0.23685395891358,0.0263171065459533,0.0394165869590507,0,0.0213954768660165,0.714285714285714,-0.0732142857142857,0.233928571428571,0.609748042258267,1,closed_loop_monte_carlo,ok,ok,-365.234697736635
combined_stress,SEIR with observation and process noise,SEIR,ssa,1,1,1,2,A4,Amplifying Resurgence,ARX,I,/home/kaahin/degree_project/hybrid-epidemic-forecasting/results/partB/combined_stress/forecasts/partB_combined_stress_forecast_A4_rep002_ARX_I.mat,forecast_results,217,218,0.0625024846025681,0.0625024846025681,0.131971929457811,0.116764898041452,0.0129738775601613,0.0410220453123368,0,0.00850656173006999,0.839285714285714,0.0517857142857143,0.244642857142857,0.605278436446669,1,closed_loop_monte_carlo,ok,ok,-379.978719954257
combined_stress,SEIR with observation and process noise,SEIR,ssa,1,1,1,2,A4,Amplifying Resurgence,ARX,I,/home/kaahin/degree_project/hybrid-epidemic-forecasting/results/partB/combined_stress/forecasts/partB_combined_stress_forecast_A4_rep002_ARX_I.mat,forecast_results,224,225,0.10389278626764,0.10389278626764,0.307233226703116,0.244004577046265,0.0271116196718073,0.0474436283517419,0.0293375382440906,0,0.714285714285714,-0.0732142857142857,0.294642857142857,0.694820612498355,1,closed_loop_monte_carlo,ok,ok,-396.041185839279
combined_stress,SEIR with observation and process noise,SEIR,ssa,1,1,1,2,A4,Amplifying Resurgence,ARX,I,/home/kaahin/degree_project/hybrid-epidemic-forecasting/results/partB/combined_stress/forecasts/partB_combined_stress_forecast_A4_rep002_ARX_I.mat,forecast_results,231,232,0.140529470058644,0.140529470058644,0.338708492960077,0.299778861346743,0.0333087623718603,0.0428807450944982,0.0643399625922856,0,0.428571428571429,-0.358928571428571,0.478571428571429,0.609856525618865,1,closed_loop_monte_carlo,ok,ok,-405.839936946791
combined_stress,SEIR with observation and process noise,SEIR,ssa,1,1,1,2,A4,Amplifying Resurgence,ARX,I,/home/kaahin/degree_project/hybrid-epidemic-forecasting/results/partB/combined_stress/forecasts/partB_combined_stress_forecast_A4_rep002_ARX_I.mat,forecast_results,238,239,0.205185541044951,0.205185541044951,0.395904332161628,0.377047576764686,0.0418941751960762,0.0358863326944229,0.127405033154452,0,0.107142857142857,-0.680357142857143,0.694642857142857,0.53897599493622,1,closed_loop_monte_carlo,ok,ok,-420.849929190096
combined_stress,SEIR with observation and process noise,SEIR,ssa,1,1,1,2,A4,Amplifying Resurgence,ARX,I,/home/kaahin/degree_project/hybrid-epidemic-forecasting/results/partB/combined_stress/forecasts/partB_combined_stress_forecast_A4_rep002_ARX_I.mat,forecast_results,245,246,0.0300343277424605,0.0300343277424605,0.0447218352677486,0.0402022962950004,0.0044669218105556,0.0255674059319049,0,0,1,0.2125,0.2125,0.379338522580762,1,closed_loop_monte_carlo,ok,ok,-427.217853680015
combined_stress,SEIR with observation and process noise,SEIR,ssa,1,1,1,2,A4,Amplifying Resurgence,ARX,I,/home/kaahin/degree_project/hybrid-epidemic-forecasting/results/partB/combined_stress/forecasts/partB_combined_stress_forecast_A4_rep002_ARX_I.mat,forecast_results,252,253,0.0503261475168548,0.0503261475168548,0.149306813478369,0.12574596133684,0.0139717734818712,0.0236024069787607,0,0.0127519670562229,0.803571428571429,0.0160714285714286,0.244642857142857,0.350048573990755,1,closed_loop_monte_carlo,ok,ok,-440.924112051405
combined_stress,SEIR with observation and process noise,SEIR,ssa,1,1,1,2,A4,Amplifying Resurgence,ARX,I,/home/kaahin/degree_project/hybrid-epidemic-forecasting/results/partB/combined_stress/forecasts/partB_combined_stress_forecast_A4_rep002_ARX_I.mat,forecast_results,259,260,0.0702646523390451,0.0702646523390451,0.200455496290457,0.166406369528978,0.0184895966143309,0.0255102277366817,0,0.0262648279880325,0.660714285714286,-0.126785714285714,0.325,0.379581773550107,1,closed_loop_monte_carlo,ok,ok,-458.360197539644
combined_stress,SEIR with observation and process noise,SEIR,ssa,1,1,1,2,A4,Amplifying Resurgence,ARX,I,/home/kaahin/degree_project/hybrid-epidemic-forecasting/results/partB/combined_stress/forecasts/partB_combined_stress_forecast_A4_rep002_ARX_I.mat,forecast_results,266,267,0.0830510804941507,0.0830510804941507,0.250672036912665,0.2009822796374,0.0223313644041556,0.0300798427535694,0,0.0306398733364257,0.714285714285714,-0.0732142857142857,0.294642857142857,0.443657508657887,1,closed_loop_monte_carlo,ok,ok,-470.897309624577
combined_stress,SEIR with observation and process noise,SEIR,ssa,1,1,1,2,A4,Amplifying Resurgence,ARX,I,/home/kaahin/degree_project/hybrid-epidemic-forecasting/results/partB/combined_stress/forecasts/partB_combined_stress_forecast_A4_rep002_ARX_I.mat,forecast_results,273,274,0.134707438859736,0.134707438859736,0.337004076312477,0.316889983937989,0.0352099982153321,0.034131025851039,0,0.0653664147933646,0.392857142857143,-0.394642857142857,0.453571428571429,0.489635008318922,1,closed_loop_monte_carlo,ok,ok,-489.26113122558
combined_stress,SEIR with observation and process noise,SEIR,ssa,1,1,1,2,A4,Amplifying Resurgence,ARX,I,/home/kaahin/degree_project/hybrid-epidemic-forecasting/results/partB/combined_stress/forecasts/partB_combined_stress_forecast_A4_rep002_ARX_I.mat,forecast_results,280,281,0.113890242702349,0.113890242702349,0.315656104708671,0.30679216432861,0.0340880182587344,0.0384472272086816,0,0.041354997234933,0.553571428571429,-0.233928571428571,0.330357142857143,0.568389807470168,1,closed_loop_monte_carlo,ok,ok,-501.660692492302
combined_stress,SEIR with observation and process noise,SEIR,ssa,1,1,1,2,A4,Amplifying Resurgence,ARX,I,/home/kaahin/degree_project/hybrid-epidemic-forecasting/results/partB/combined_stress/forecasts/partB_combined_stress_forecast_A4_rep002_ARX_I.mat,forecast_results,287,288,0.0632399888702084,0.0632399888702084,0.163993900055755,0.155179142537263,0.0172421269485848,0.0427710701589618,0,0.00322679176266179,0.857142857142857,0.0696428571428571,0.2125,0.634726149353981,1,closed_loop_monte_carlo,ok,ok,-511.026070471492
combined_stress,SEIR with observation and process noise,SEIR,ssa,1,1,1,2,A4,Amplifying Resurgence,ARX,I,/home/kaahin/degree_project/hybrid-epidemic-forecasting/results/partB/combined_stress/forecasts/partB_combined_stress_forecast_A4_rep002_ARX_I.mat,forecast_results,294,295,0.0529199888570538,0.0529199888570538,0.101357427350305,0.0743932555556829,0.00826591728396477,0.0442651171218917,0.000388954451197388,0,0.946428571428571,0.158928571428571,0.2125,0.665022929528541,1,closed_loop_monte_carlo,ok,ok,-528.337180416306
combined_stress,SEIR with observation and process noise,SEIR,ssa,1,1,1,2,A4,Amplifying Resurgence,ARX,I,/home/kaahin/degree_project/hybrid-epidemic-forecasting/results/partB/combined_stress/forecasts/partB_combined_stress_forecast_A4_rep002_ARX_I.mat,forecast_results,301,302,0.0943982924065829,0.0943982924065829,0.246004522824506,0.217610109724045,0.0241789010804494,0.0412559112643878,0.0289634800617457,0,0.732142857142857,-0.0553571428571429,0.269642857142857,0.609471435890534,1,closed_loop_monte_carlo,ok,ok,-545.49943914351
combined_stress,SEIR with observation and process noise,SEIR,ssa,1,1,1,2,A4,Amplifying Resurgence,ARX,I,/home/kaahin/degree_project/hybrid-epidemic-forecasting/results/partB/combined_stress/forecasts/partB_combined_stress_forecast_A4_rep002_ARX_I.mat,forecast_results,308,309,0.138802041073169,0.138802041073169,0.322701369401701,0.30265538930394,0.0336283765893267,0.0377229776439469,0.0674506868398952,0,0.232142857142857,-0.555357142857143,0.596428571428571,0.556127740916762,1,closed_loop_monte_carlo,ok,ok,-554.856779980586
combined_stress,SEIR with observation and process noise,SEIR,ssa,1,1,1,2,A4,Amplifying Resurgence,ARX,I,/home/kaahin/degree_project/hybrid-epidemic-forecasting/results/partB/combined_stress/forecasts/partB_combined_stress_forecast_A4_rep002_ARX_I.mat,forecast_results,315,316,0.0597416663369779,0.0597416663369779,0.167057938159021,0.140171222726365,0.0155745803029294,0.030569903046642,0.0133990311312336,0.000198151856172834,0.785714285714286,-0.00178571428571429,0.244642857142857,0.443572989370349,1,closed_loop_monte_carlo,ok,ok,-557.768707493531
combined_stress,SEIR with observation and process noise,SEIR,ssa,1,1,1,2,A4,Amplifying Resurgence,ARX,I,/home/kaahin/degree_project/hybrid-epidemic-forecasting/results/partB/combined_stress/forecasts/partB_combined_stress_forecast_A4_rep002_ARX_I.mat,forecast_results,322,323,0.0464964523118939,0.0464964523118939,0.129295665613466,0.108564143381475,0.0120626825979417,0.0268035386232009,0.00763023109075139,0,0.803571428571429,0.0160714285714286,0.233928571428571,0.387740450833703,1,closed_loop_monte_carlo,ok,ok,-572.791010766936
combined_stress,SEIR with observation and process noise,SEIR,ssa,1,1,1,2,A4,Amplifying Resurgence,ARX,I,/home/kaahin/degree_project/hybrid-epidemic-forecasting/results/partB/combined_stress/forecasts/partB_combined_stress_forecast_A4_rep002_ARX_I.mat,forecast_results,329,330,0.0401090279107203,0.0401090279107203,0.104717026818658,0.0942251699283014,0.0104694633253668,0.0227624251367903,0.00687713944856314,0,0.767857142857143,-0.0196428571428572,0.233928571428571,0.345530361029793,1,closed_loop_monte_carlo,ok,ok,-582.98939691682
combined_stress,SEIR with observation and process noise,SEIR,ssa,1,1,1,2,A4,Amplifying Resurgence,ARX,I,/home/kaahin/degree_project/hybrid-epidemic-forecasting/results/partB/combined_stress/forecasts/partB_combined_stress_forecast_A4_rep002_ARX_I.mat,forecast_results,336,337,0.0226808559940027,0.0226808559940027,0.0319707757081706,0.0259513107299352,0.0028834789699928,0.0197787433236934,0,1.86337003164836e-05,0.982142857142857,0.194642857142857,0.2125,0.291746099681674,1,closed_loop_monte_carlo,ok,ok,-581.580554326211
combined_stress,SEIR with observation and process noise,SEIR,ssa,1,1,1,2,A4,Amplifying Resurgence,ARX,I,/home/kaahin/degree_project/hybrid-epidemic-forecasting/results/partB/combined_stress/forecasts/partB_combined_stress_forecast_A4_rep002_ARX_I.mat,forecast_results,343,344,0.0276181972058619,0.0276181972058619,0.055522607164272,0.0530083147252117,0.00588981274724575,0.0213715703575814,0.000356814101034751,0,0.946428571428571,0.158928571428571,0.2125,0.312603026909367,1,closed_loop_monte_carlo,ok,ok,-595.701799151754
combined_stress,SEIR with observation and process noise,SEIR,ssa,1,1,1,2,A4,Amplifying Resurgence,ARX,I,/home/kaahin/degree_project/hybrid-epidemic-forecasting/results/partB/combined_stress/forecasts/partB_combined_stress_forecast_A4_rep002_ARX_I.mat,forecast_results,350,351,0.0240395879762538,0.0240395879762538,0.0485830582033815,0.041593107554186,0.00462145639490955,0.0193756861170619,4.2445464282395e-05,0,0.982142857142857,0.194642857142857,0.2125,0.281427353976426,1,closed_loop_monte_carlo,ok,ok,-604.565242785569
combined_stress,SEIR with observation and process noise,SEIR,ssa,1,1,1,2,A4,Amplifying Resurgence,AR,None,/home/kaahin/degree_project/hybrid-epidemic-forecasting/results/partB/combined_stress/forecasts/partB_combined_stress_forecast_A4_rep002_AR_None.mat,forecast_results,49,50,0.080825454184844,0.080825454184844,0.22147643205359,0.194869799932759,0.0216521999925288,0.0226664314588376,0,0.0365068227334777,0.553571428571429,-0.233928571428571,0.355357142857143,0.333661510074481,1,closed_loop_monte_carlo,ok,ok,-107.562208249052
combined_stress,SEIR with observation and process noise,SEIR,ssa,1,1,1,2,A4,Amplifying Resurgence,AR,None,/home/kaahin/degree_project/hybrid-epidemic-forecasting/results/partB/combined_stress/forecasts/partB_combined_stress_forecast_A4_rep002_AR_None.mat,forecast_results,56,57,0.107224936678443,0.107224936678443,0.289406854572429,0.272736192661978,0.0303040214068865,0.030388362217851,0,0.0465325530537055,0.446428571428571,-0.341071428571429,0.416071428571429,0.440905644889248,1,closed_loop_monte_carlo,ok,ok,-116.344961331845
combined_stress,SEIR with observation and process noise,SEIR,ssa,1,1,1,2,A4,Amplifying Resurgence,AR,None,/home/kaahin/degree_project/hybrid-epidemic-forecasting/results/partB/combined_stress/forecasts/partB_combined_stress_forecast_A4_rep002_AR_None.mat,forecast_results,63,64,0.0472384042174826,0.0472384042174826,0.0743244762446793,0.0655095795747371,0.00727884217497079,0.0399595620425118,0,0,1,0.2125,0.2125,0.596476487857727,1,closed_loop_monte_carlo,ok,ok,-127.610922492259
combined_stress,SEIR with observation and process noise,SEIR,ssa,1,1,1,2,A4,Amplifying Resurgence,AR,None,/home/kaahin/degree_project/hybrid-epidemic-forecasting/results/partB/combined_stress/forecasts/partB_combined_stress_forecast_A4_rep002_AR_None.mat,forecast_results,70,71,0.0630659290599916,0.0630659290599916,0.161042904040585,0.153851306340942,0.017094589593438,0.0370161142627923,0,0.00895522520376135,0.821428571428571,0.0339285714285714,0.2375,0.535043067738592,1,closed_loop_monte_carlo,ok,ok,-132.462340989479
combined_stress,SEIR with observation and process noise,SEIR,ssa,1,1,1,2,A4,Amplifying Resurgence,AR,None,/home/kaahin/degree_project/hybrid-epidemic-forecasting/results/partB/combined_stress/forecasts/partB_combined_stress_forecast_A4_rep002_AR_None.mat,forecast_results,77,78,0.0531921754230159,0.0531921754230159,0.11172132209751,0.0953729459116629,0.0105969939901848,0.0414583271280815,0.00113685430474963,0,0.946428571428571,0.158928571428571,0.2125,0.615662278107954,1,closed_loop_monte_carlo,ok,ok,-141.725361955782
combined_stress,SEIR with observation and process noise,SEIR,ssa,1,1,1,2,A4,Amplifying Resurgence,AR,None,/home/kaahin/degree_project/hybrid-epidemic-forecasting/results/partB/combined_stress/forecasts/partB_combined_stress_forecast_A4_rep002_AR_None.mat,forecast_results,84,85,0.172624123469683,0.172624123469683,0.362252759706021,0.354855278450487,0.0394283642722764,0.041633692613006,0.0915620665844009,0,0.107142857142857,-0.680357142857143,0.694642857142857,0.629604320191922,1,closed_loop_monte_carlo,ok,ok,-149.855203520889
combined_stress,SEIR with observation and process noise,SEIR,ssa,1,1,1,2,A4,Amplifying Resurgence,AR,None,/home/kaahin/degree_project/hybrid-epidemic-forecasting/results/partB/combined_stress/forecasts/partB_combined_stress_forecast_A4_rep002_AR_None.mat,forecast_results,91,92,0.0591847059595753,0.0591847059595753,0.155574575616445,0.13624016600497,0.0151377962227744,0.0354969842532381,0.00841904916452737,0.000130876319035427,0.803571428571429,0.0160714285714286,0.223214285714286,0.523285609820549,1,closed_loop_monte_carlo,ok,ok,-158.77826577245
combined_stress,SEIR with observation and process noise,SEIR,ssa,1,1,1,2,A4,Amplifying Resurgence,AR,None,/home/kaahin/degree_project/hybrid-epidemic-forecasting/results/partB/combined_stress/forecasts/partB_combined_stress_forecast_A4_rep002_AR_None.mat,forecast_results,98,99,0.0405061939359891,0.0405061939359891,0.0858824762358813,0.0818572511983706,0.00909525013315229,0.0306735203524711,0.00073742345036565,0,0.964285714285714,0.176785714285714,0.2125,0.458446867426665,1,closed_loop_monte_carlo,ok,ok,-169.525409933196
combined_stress,SEIR with observation and process noise,SEIR,ssa,1,1,1,2,A4,Amplifying Resurgence,AR,None,/home/kaahin/degree_project/hybrid-epidemic-forecasting/results/partB/combined_stress/forecasts/partB_combined_stress_forecast_A4_rep002_AR_None.mat,forecast_results,105,106,0.0341256006527793,0.0341256006527793,0.0834666998518163,0.0773108897889265,0.00859009886543628,0.0245170778561146,0,0.00101842393122837,0.946428571428571,0.158928571428571,0.2125,0.359362496433461,1,closed_loop_monte_carlo,ok,ok,-184.008904923217
combined_stress,SEIR with observation and process noise,SEIR,ssa,1,1,1,2,A4,Amplifying Resurgence,AR,None,/home/kaahin/degree_project/hybrid-epidemic-forecasting/results/partB/combined_stress/forecasts/partB_combined_stress_forecast_A4_rep002_AR_None.mat,forecast_results,112,113,0.0483462460580623,0.0483462460580623,0.149660137120949,0.125311774096508,0.0139235304551675,0.0282548122108336,0,0.00616790339206121,0.892857142857143,0.105357142857143,0.2125,0.412271346859153,1,closed_loop_monte_carlo,ok,ok,-199.939719232251
combined_stress,SEIR with observation and process noise,SEIR,ssa,1,1,1,2,A4,Amplifying Resurgence,AR,None,/home/kaahin/degree_project/hybrid-epidemic-forecasting/results/partB/combined_stress/forecasts/partB_combined_stress_forecast_A4_rep002_AR_None.mat,forecast_results,119,120,0.0638697511594842,0.0638697511594842,0.194401616959785,0.164178078705895,0.0182420087450994,0.0288777101288571,0,0.0167500322855276,0.75,-0.0375,0.244642857142857,0.419196552789593,1,closed_loop_monte_carlo,ok,ok,-215.751145579908
combined_stress,SEIR with observation and process noise,SEIR,ssa,1,1,1,2,A4,Amplifying Resurgence,AR,None,/home/kaahin/degree_project/hybrid-epidemic-forecasting/results/partB/combined_stress/forecasts/partB_combined_stress_forecast_A4_rep002_AR_None.mat,forecast_results,126,127,0.0615138093386306,0.0615138093386306,0.180482227584718,0.153439233704561,0.0170488037449512,0.0365199170959262,0,0.00794508849775327,0.821428571428571,0.0339285714285714,0.2125,0.539246235651486,1,closed_loop_monte_carlo,ok,ok,-224.942266832967
combined_stress,SEIR with observation and process noise,SEIR,ssa,1,1,1,2,A4,Amplifying Resurgence,AR,None,/home/kaahin/degree_project/hybrid-epidemic-forecasting/results/partB/combined_stress/forecasts/partB_combined_stress_forecast_A4_rep002_AR_None.mat,forecast_results,133,134,0.0681163744569009,0.0681163744569009,0.196483432194055,0.180797559657041,0.0200886177396713,0.0397049501639916,0,0.00832280655323802,0.803571428571429,0.0160714285714286,0.2125,0.597195635895227,1,closed_loop_monte_carlo,ok,ok,-241.865739206295
combined_stress,SEIR with observation and process noise,SEIR,ssa,1,1,1,2,A4,Amplifying Resurgence,AR,None,/home/kaahin/degree_project/hybrid-epidemic-forecasting/results/partB/combined_stress/forecasts/partB_combined_stress_forecast_A4_rep002_AR_None.mat,forecast_results,140,141,0.0549702618458798,0.0549702618458798,0.124386360792266,0.119235646434465,0.013248405159385,0.0413106624606894,0,0.000411194225805392,0.964285714285714,0.176785714285714,0.2125,0.616044141806461,1,closed_loop_monte_carlo,ok,ok,-258.494160209536
combined_stress,SEIR with observation and process noise,SEIR,ssa,1,1,1,2,A4,Amplifying Resurgence,AR,None,/home/kaahin/degree_project/hybrid-epidemic-forecasting/results/partB/combined_stress/forecasts/partB_combined_stress_forecast_A4_rep002_AR_None.mat,forecast_results,147,148,0.0455058620448327,0.0455058620448327,0.0576778009283704,0.0447241462448122,0.00496934958275691,0.0398565587707411,0,0.000679953691334688,0.982142857142857,0.194642857142857,0.2125,0.590752361642243,1,closed_loop_monte_carlo,ok,ok,-275.036238267035
combined_stress,SEIR with observation and process noise,SEIR,ssa,1,1,1,2,A4,Amplifying Resurgence,AR,None,/home/kaahin/degree_project/hybrid-epidemic-forecasting/results/partB/combined_stress/forecasts/partB_combined_stress_forecast_A4_rep002_AR_None.mat,forecast_results,154,155,0.0493846764414497,0.0493846764414497,0.113462434611573,0.0873328486283976,0.00970364984759974,0.0369036873463418,0.00277733924750809,0,0.946428571428571,0.158928571428571,0.2125,0.540504955386789,1,closed_loop_monte_carlo,ok,ok,-289.390125965218
combined_stress,SEIR with observation and process noise,SEIR,ssa,1,1,1,2,A4,Amplifying Resurgence,AR,None,/home/kaahin/degree_project/hybrid-epidemic-forecasting/results/partB/combined_stress/forecasts/partB_combined_stress_forecast_A4_rep002_AR_None.mat,forecast_results,161,162,0.155906563222386,0.155906563222386,0.366958037230948,0.349920021407822,0.0388800023786469,0.0431524758226117,0.0738740850211278,0,0.25,-0.5375,0.575,0.614398236081859,1,closed_loop_monte_carlo,ok,ok,-296.843741877666
combined_stress,SEIR with observation and process noise,SEIR,ssa,1,1,1,2,A4,Amplifying Resurgence,AR,None,/home/kaahin/degree_project/hybrid-epidemic-forecasting/results/partB/combined_stress/forecasts/partB_combined_stress_forecast_A4_rep002_AR_None.mat,forecast_results,168,169,0.0394696808340544,0.0394696808340544,0.0841315515870986,0.0744389680053733,0.00827099644504148,0.0311986843890129,0,0,1,0.2125,0.2125,0.448662658065213,1,closed_loop_monte_carlo,ok,ok,-304.107185558855
combined_stress,SEIR with observation and process noise,SEIR,ssa,1,1,1,2,A4,Amplifying Resurgence,AR,None,/home/kaahin/degree_project/hybrid-epidemic-forecasting/results/partB/combined_stress/forecasts/partB_combined_stress_forecast_A4_rep002_AR_None.mat,forecast_results,175,176,0.0280296533350831,0.0280296533350831,0.019686020479473,0.016884081097997,0.00187600901088856,0.0261536443241945,0,0,1,0.2125,0.2125,0.396244576849991,1,closed_loop_monte_carlo,ok,ok,-314.981468314307
combined_stress,SEIR with observation and process noise,SEIR,ssa,1,1,1,2,A4,Amplifying Resurgence,AR,None,/home/kaahin/degree_project/hybrid-epidemic-forecasting/results/partB/combined_stress/forecasts/partB_combined_stress_forecast_A4_rep002_AR_None.mat,forecast_results,182,183,0.0492499370959624,0.0492499370959624,0.157359238473817,0.139935069556492,0.0155483410618325,0.0246555228818112,0,0.00904607315231873,0.785714285714286,-0.00178571428571429,0.2125,0.356269443412961,1,closed_loop_monte_carlo,ok,ok,-330.938794937453
combined_stress,SEIR with observation and process noise,SEIR,ssa,1,1,1,2,A4,Amplifying Resurgence,AR,None,/home/kaahin/degree_project/hybrid-epidemic-forecasting/results/partB/combined_stress/forecasts/partB_combined_stress_forecast_A4_rep002_AR_None.mat,forecast_results,189,190,0.0741293805895066,0.0741293805895066,0.226620231137551,0.198947184172084,0.0221052426857871,0.0312282642116792,0,0.0207958736920404,0.732142857142857,-0.0553571428571429,0.266071428571429,0.443175193802667,1,closed_loop_monte_carlo,ok,ok,-349.265960053862
combined_stress,SEIR with observation and process noise,SEIR,ssa,1,1,1,2,A4,Amplifying Resurgence,AR,None,/home/kaahin/degree_project/hybrid-epidemic-forecasting/results/partB/combined_stress/forecasts/partB_combined_stress_forecast_A4_rep002_AR_None.mat,forecast_results,196,197,0.119864707560819,0.119864707560819,0.332918326511617,0.301872983802051,0.0335414426446723,0.0318807170613848,0,0.0544425478547623,0.464285714285714,-0.323214285714286,0.401785714285714,0.46182456422043,1,closed_loop_monte_carlo,ok,ok,-363.792399178954
combined_stress,SEIR with observation and process noise,SEIR,ssa,1,1,1,2,A4,Amplifying Resurgence,AR,None,/home/kaahin/degree_project/hybrid-epidemic-forecasting/results/partB/combined_stress/forecasts/partB_combined_stress_forecast_A4_rep002_AR_None.mat,forecast_results,203,204,0.0687554605991729,0.0687554605991729,0.213871933952936,0.180488576777224,0.0200542863085804,0.0405196999608696,0,0.00818147432972289,0.857142857142857,0.0696428571428571,0.2125,0.577359265192692,1,closed_loop_monte_carlo,ok,ok,-375.069923738785
combined_stress,SEIR with observation and process noise,SEIR,ssa,1,1,1,2,A4,Amplifying Resurgence,AR,None,/home/kaahin/degree_project/hybrid-epidemic-forecasting/results/partB/combined_stress/forecasts/partB_combined_stress_forecast_A4_rep002_AR_None.mat,forecast_results,210,211,0.0716595563909801,0.0716595563909801,0.203949853775264,0.194311418595685,0.0215901576217428,0.0415152236039536,0,0.00855417516528364,0.803571428571429,0.0160714285714286,0.2125,0.596206247787793,1,closed_loop_monte_carlo,ok,ok,-389.967376962087
combined_stress,SEIR with observation and process noise,SEIR,ssa,1,1,1,2,A4,Amplifying Resurgence,AR,None,/home/kaahin/degree_project/hybrid-epidemic-forecasting/results/partB/combined_stress/forecasts/partB_combined_stress_forecast_A4_rep002_AR_None.mat,forecast_results,217,218,0.0669727995941915,0.0669727995941915,0.159618347151582,0.153291887726602,0.0170324319696225,0.039716970178734,0,0.0102233974458351,0.767857142857143,-0.0196428571428571,0.248214285714286,0.581649399669174,1,closed_loop_monte_carlo,ok,ok,-405.418178446033
combined_stress,SEIR with observation and process noise,SEIR,ssa,1,1,1,2,A4,Amplifying Resurgence,AR,None,/home/kaahin/degree_project/hybrid-epidemic-forecasting/results/partB/combined_stress/forecasts/partB_combined_stress_forecast_A4_rep002_AR_None.mat,forecast_results,224,225,0.0537746226417795,0.0537746226417795,0.0672544105979938,0.0528709131056813,0.00587454590063126,0.0479000767411483,0,0,1,0.2125,0.2125,0.690652871666878,1,closed_loop_monte_carlo,ok,ok,-421.196138266288
combined_stress,SEIR with observation and process noise,SEIR,ssa,1,1,1,2,A4,Amplifying Resurgence,AR,None,/home/kaahin/degree_project/hybrid-epidemic-forecasting/results/partB/combined_stress/forecasts/partB_combined_stress_forecast_A4_rep002_AR_None.mat,forecast_results,231,232,0.0527689956502866,0.0527689956502866,0.128946092480799,0.115059990233403,0.012784443359267,0.0381400095884024,0.00184454270261721,0,0.910714285714286,0.123214285714286,0.2125,0.549573416943227,1,closed_loop_monte_carlo,ok,ok,-430.993676512255
combined_stress,SEIR with observation and process noise,SEIR,ssa,1,1,1,2,A4,Amplifying Resurgence,AR,None,/home/kaahin/degree_project/hybrid-epidemic-forecasting/results/partB/combined_stress/forecasts/partB_combined_stress_forecast_A4_rep002_AR_None.mat,forecast_results,238,239,0.110041967628853,0.110041967628853,0.264191067797258,0.258718527369332,0.0287465030410368,0.0346415291214962,0.0466539354663196,0,0.392857142857143,-0.394642857142857,0.448214285714286,0.528157617580793,1,closed_loop_monte_carlo,ok,ok,-444.102816558791
combined_stress,SEIR with observation and process noise,SEIR,ssa,1,1,1,2,A4,Amplifying Resurgence,AR,None,/home/kaahin/degree_project/hybrid-epidemic-forecasting/results/partB/combined_stress/forecasts/partB_combined_stress_forecast_A4_rep002_AR_None.mat,forecast_results,245,246,0.0291862239224851,0.0291862239224851,0.0275411347401433,0.0181295291516515,0.00201439212796128,0.0269844118785868,0,0.000187419915937009,0.982142857142857,0.194642857142857,0.2125,0.406343462770932,1,closed_loop_monte_carlo,ok,ok,-450.34429733164
combined_stress,SEIR with observation and process noise,SEIR,ssa,1,1,1,2,A4,Amplifying Resurgence,AR,None,/home/kaahin/degree_project/hybrid-epidemic-forecasting/results/partB/combined_stress/forecasts/partB_combined_stress_forecast_A4_rep002_AR_None.mat,forecast_results,252,253,0.0329506254314235,0.0329506254314235,0.0836905014634733,0.0666945394515398,0.00741050438350442,0.0244237958917043,0,0.00111632515621472,0.946428571428571,0.158928571428571,0.2125,0.347999220780732,1,closed_loop_monte_carlo,ok,ok,-465.924220441178
combined_stress,SEIR with observation and process noise,SEIR,ssa,1,1,1,2,A4,Amplifying Resurgence,AR,None,/home/kaahin/degree_project/hybrid-epidemic-forecasting/results/partB/combined_stress/forecasts/partB_combined_stress_forecast_A4_rep002_AR_None.mat,forecast_results,259,260,0.0475287973446349,0.0475287973446349,0.138145896361964,0.109300265849651,0.0121444739832945,0.0277901669930277,0,0.00759415636831261,0.875,0.0875,0.2125,0.40900087766675,1,closed_loop_monte_carlo,ok,ok,-484.496102989944
combined_stress,SEIR with observation and process noise,SEIR,ssa,1,1,1,2,A4,Amplifying Resurgence,AR,None,/home/kaahin/degree_project/hybrid-epidemic-forecasting/results/partB/combined_stress/forecasts/partB_combined_stress_forecast_A4_rep002_AR_None.mat,forecast_results,266,267,0.0618186017827332,0.0618186017827332,0.178581766155288,0.143960709717293,0.0159956344130326,0.0285157018290497,0,0.0173072655406509,0.785714285714286,-0.00178571428571429,0.258928571428571,0.422953310593166,1,closed_loop_monte_carlo,ok,ok,-498.877042987343
combined_stress,SEIR with observation and process noise,SEIR,ssa,1,1,1,2,A4,Amplifying Resurgence,AR,None,/home/kaahin/degree_project/hybrid-epidemic-forecasting/results/partB/combined_stress/forecasts/partB_combined_stress_forecast_A4_rep002_AR_None.mat,forecast_results,273,274,0.153748424790213,0.153748424790213,0.360759783340727,0.332471723537869,0.0369413026153188,0.0326803021411766,0,0.0841268200337173,0.303571428571429,-0.483928571428571,0.532142857142857,0.46460445749219,1,closed_loop_monte_carlo,ok,ok,-517.069214049024
combined_stress,SEIR with observation and process noise,SEIR,ssa,1,1,1,2,A4,Amplifying Resurgence,AR,None,/home/kaahin/degree_project/hybrid-epidemic-forecasting/results/partB/combined_stress/forecasts/partB_combined_stress_forecast_A4_rep002_AR_None.mat,forecast_results,280,281,0.124147011218069,0.124147011218069,0.337207871131255,0.317830183098316,0.0353144647887018,0.0406632912771475,0,0.04816925515222,0.553571428571429,-0.233928571428571,0.333928571428571,0.588055881600769,1,closed_loop_monte_carlo,ok,ok,-528.90013358967
combined_stress,SEIR with observation and process noise,SEIR,ssa,1,1,1,2,A4,Amplifying Resurgence,AR,None,/home/kaahin/degree_project/hybrid-epidemic-forecasting/results/partB/combined_stress/forecasts/partB_combined_stress_forecast_A4_rep002_AR_None.mat,forecast_results,287,288,0.0553339975854391,0.0553339975854391,0.128905369137679,0.11849130001667,0.0131657000018522,0.0411237754545372,0,0.00104452212904968,0.910714285714286,0.123214285714286,0.2125,0.618856142654138,1,closed_loop_monte_carlo,ok,ok,-538.710223537015
combined_stress,SEIR with observation and process noise,SEIR,ssa,1,1,1,2,A4,Amplifying Resurgence,AR,None,/home/kaahin/degree_project/hybrid-epidemic-forecasting/results/partB/combined_stress/forecasts/partB_combined_stress_forecast_A4_rep002_AR_None.mat,forecast_results,294,295,0.0491513126459955,0.0491513126459955,0.073120916363649,0.0536683972782732,0.00596315525314147,0.043188157392854,0,0,1,0.2125,0.2125,0.636635347498404,1,closed_loop_monte_carlo,ok,ok,-555.547580896301
combined_stress,SEIR with observation and process noise,SEIR,ssa,1,1,1,2,A4,Amplifying Resurgence,AR,None,/home/kaahin/degree_project/hybrid-epidemic-forecasting/results/partB/combined_stress/forecasts/partB_combined_stress_forecast_A4_rep002_AR_None.mat,forecast_results,301,302,0.0565507412828405,0.0565507412828405,0.133305227794709,0.116611103034924,0.0129567892261026,0.0398837732987578,0.00371017875798008,0,0.910714285714286,0.123214285714286,0.2125,0.590419805224884,1,closed_loop_monte_carlo,ok,ok,-573.138965028499
combined_stress,SEIR with observation and process noise,SEIR,ssa,1,1,1,2,A4,Amplifying Resurgence,AR,None,/home/kaahin/degree_project/hybrid-epidemic-forecasting/results/partB/combined_stress/forecasts/partB_combined_stress_forecast_A4_rep002_AR_None.mat,forecast_results,308,309,0.110717247783939,0.110717247783939,0.284417263914178,0.26656987361676,0.0296188748463066,0.0408946531629286,0.0402037197747037,0,0.517857142857143,-0.269642857142857,0.389285714285714,0.597360560025023,1,closed_loop_monte_carlo,ok,ok,-580.624240925849
combined_stress,SEIR with observation and process noise,SEIR,ssa,1,1,1,2,A4,Amplifying Resurgence,AR,None,/home/kaahin/degree_project/hybrid-epidemic-forecasting/results/partB/combined_stress/forecasts/partB_combined_stress_forecast_A4_rep002_AR_None.mat,forecast_results,315,316,0.0342858886849369,0.0342858886849369,0.0710744545449922,0.0615064712601323,0.00683405236223693,0.0253833985992746,0,0.0020684377234254,0.910714285714286,0.123214285714286,0.223214285714286,0.38254948205968,1,closed_loop_monte_carlo,ok,ok,-584.743108908276
combined_stress,SEIR with observation and process noise,SEIR,ssa,1,1,1,2,A4,Amplifying Resurgence,AR,None,/home/kaahin/degree_project/hybrid-epidemic-forecasting/results/partB/combined_stress/forecasts/partB_combined_stress_forecast_A4_rep002_AR_None.mat,forecast_results,322,323,0.040370084477351,0.040370084477351,0.0958692094204251,0.0853357432361835,0.00948174924846483,0.0275079448724643,0.0033803903564219,0,0.875,0.0875,0.2125,0.415211834321209,1,closed_loop_monte_carlo,ok,ok,-600.448044484294
combined_stress,SEIR with observation and process noise,SEIR,ssa,1,1,1,2,A4,Amplifying Resurgence,AR,None,/home/kaahin/degree_project/hybrid-epidemic-forecasting/results/partB/combined_stress/forecasts/partB_combined_stress_forecast_A4_rep002_AR_None.mat,forecast_results,329,330,0.0340960255239044,0.0340960255239044,0.0886163506754435,0.0792025942976374,0.00880028825529305,0.0212127224816732,0.00408301478693816,0,0.857142857142857,0.0696428571428571,0.2125,0.315295559928559,1,closed_loop_monte_carlo,ok,ok,-610.75503258096
combined_stress,SEIR with observation and process noise,SEIR,ssa,1,1,1,2,A4,Amplifying Resurgence,AR,None,/home/kaahin/degree_project/hybrid-epidemic-forecasting/results/partB/combined_stress/forecasts/partB_combined_stress_forecast_A4_rep002_AR_None.mat,forecast_results,336,337,0.0224640321140861,0.0224640321140861,0.0265357238559113,0.0218084465332116,0.0024231607259124,0.0200408713881737,0,0,1,0.2125,0.2125,0.279569390827262,1,closed_loop_monte_carlo,ok,ok,-609.098264349932
combined_stress,SEIR with observation and process noise,SEIR,ssa,1,1,1,2,A4,Amplifying Resurgence,AR,None,/home/kaahin/degree_project/hybrid-epidemic-forecasting/results/partB/combined_stress/forecasts/partB_combined_stress_forecast_A4_rep002_AR_None.mat,forecast_results,343,344,0.0412523416275691,0.0412523416275691,0.115944922350591,0.107478688451659,0.0119420764946288,0.0236991205916228,0.00561114454131748,0,0.803571428571429,0.0160714285714286,0.2125,0.338408583831711,1,closed_loop_monte_carlo,ok,ok,-623.98422745602
combined_stress,SEIR with observation and process noise,SEIR,ssa,1,1,1,2,A4,Amplifying Resurgence,AR,None,/home/kaahin/degree_project/hybrid-epidemic-forecasting/results/partB/combined_stress/forecasts/partB_combined_stress_forecast_A4_rep002_AR_None.mat,forecast_results,350,351,0.0248037053433101,0.0248037053433101,0.0561583434856663,0.0498324873599004,0.00553694303998894,0.0187884231308098,0.000478339172511328,0,0.946428571428571,0.158928571428571,0.2125,0.275044778791472,1,closed_loop_monte_carlo,ok,ok,-631.38723359058
